ISO-10303-21;
HEADER;
FILE_DESCRIPTION (( 'STEP AP214' ),
    '1' );
FILE_NAME ('CUI_DEVICES_DS04-254-1-01BK-SMT.step',
    '2020-04-22T21:27:51',
    ( '' ),
    ( '' ),
    'SwSTEP 2.0',
    'SolidWorks 2020',
    '' );
FILE_SCHEMA (( 'AUTOMOTIVE_DESIGN' ));
ENDSEC;

DATA;
#1 = ADVANCED_FACE ( 'NONE', ( #422 ), #2862, .F. ) ;
#2 = UNCERTAINTY_MEASURE_WITH_UNIT (LENGTH_MEASURE( 1.000000000000000082E-05 ), #561, 'distance_accuracy_value', 'NONE');
#3 = EDGE_LOOP ( 'NONE', ( #2162, #3222, #4372, #2232, #3729, #300 ) ) ;
#4 = MECHANICAL_DESIGN_GEOMETRIC_PRESENTATION_REPRESENTATION (  '', ( #2849 ), #3057 ) ;
#5 = DIRECTION ( 'NONE',  ( -0.09052430461248955895, 0.8612812260087768790, 0.4999999999992434385 ) ) ;
#6 = DIRECTION ( 'NONE',  ( -1.000000000000000000, -3.418540703040399067E-14, -1.748601263784622143E-15 ) ) ;
#7 = DIRECTION ( 'NONE',  ( 7.515307820595736171E-13, -1.000000000000000000, 2.344791028037013343E-13 ) ) ;
#8 = ORIENTED_EDGE ( 'NONE', *, *, #3352, .F. ) ;
#9 = SURFACE_STYLE_FILL_AREA ( #3376 ) ;
#10 = MECHANICAL_DESIGN_GEOMETRIC_PRESENTATION_REPRESENTATION (  '', ( #2563 ), #1848 ) ;
#11 = CARTESIAN_POINT ( 'NONE',  ( 0.3928014512908296063, 0.1021333181416024527, -0.03297244119349760499 ) ) ;
#12 = SPHERICAL_SURFACE ( 'NONE', #1472, 0.007874015748031495954 ) ;
#13 =( NAMED_UNIT ( * ) SI_UNIT ( $, .STERADIAN. ) SOLID_ANGLE_UNIT ( ) );
#14 = EDGE_LOOP ( 'NONE', ( #3858, #3007, #746, #1661 ) ) ;
#15 = VERTEX_POINT ( 'NONE', #1699 ) ;
#16 = EDGE_CURVE ( 'NONE', #925, #858, #3345, .T. ) ;
#17 =( CONVERSION_BASED_UNIT ( 'INCH', #2428 ) LENGTH_UNIT ( ) NAMED_UNIT ( #4172 ) );
#18 = ORIENTED_EDGE ( 'NONE', *, *, #1018, .T. ) ;
#19 = CARTESIAN_POINT ( 'NONE',  ( 0.2148518768365311749, 0.02729079845652401456, -0.08789370103680475832 ) ) ;
#20 = SURFACE_SIDE_STYLE ('',( #3053 ) ) ;
#21 = VERTEX_POINT ( 'NONE', #2007 ) ;
#22 = VECTOR ( 'NONE', #3189, 39.37007874015748143 ) ;
#23 = PRESENTATION_STYLE_ASSIGNMENT (( #999 ) ) ;
#24 = DIRECTION ( 'NONE',  ( -8.234490263801784106E-12, 1.353889066150678573E-26, 1.000000000000000000 ) ) ;
#25 =( CONVERSION_BASED_UNIT ( 'INCH', #4106 ) LENGTH_UNIT ( ) NAMED_UNIT ( #4238 ) );
#26 = AXIS2_PLACEMENT_3D ( 'NONE', #2995, #2360, #4012 ) ;
#27 = COLOUR_RGB ( '',0.7607843137254901578, 0.7607843137254901578, 0.0000000000000000000 ) ;
#28 = CARTESIAN_POINT ( 'NONE',  ( 0.1794316161830389056, -0.03078006768520821779, -0.06742126009192295211 ) ) ;
#29 = FILL_AREA_STYLE_COLOUR ( '', #3110 ) ;
#30 = ORIENTED_EDGE ( 'NONE', *, *, #2150, .F. ) ;
#31 = DIRECTION ( 'NONE',  ( -1.748601263784621946E-15, -0.0000000000000000000, -1.000000000000000000 ) ) ;
#32 = DIRECTION ( 'NONE',  ( 1.644517855226008195E-15, 1.000000000000000000, 2.890435660536364269E-30 ) ) ;
#33 = ORIENTED_EDGE ( 'NONE', *, *, #2626, .T. ) ;
#34 = CARTESIAN_POINT ( 'NONE',  ( 0.3926470588251994576, 0.1020939480628583751, 0.01210629896398286200 ) ) ;
#35 = DIRECTION ( 'NONE',  ( 0.4273849608619142426, -7.028421991924840098E-16, -0.9040697402463262478 ) ) ;
#36 = CARTESIAN_POINT ( 'NONE',  ( 0.2453562723638216259, 0.04500733388959483189, -0.08123784496798586163 ) ) ;
#37 = MECHANICAL_DESIGN_GEOMETRIC_PRESENTATION_REPRESENTATION (  '', ( #2089 ), #3300 ) ;
#38 = CIRCLE ( 'NONE', #396, 0.007874015748031494219 ) ;
#39 = ORIENTED_EDGE ( 'NONE', *, *, #4171, .F. ) ;
#40 = CARTESIAN_POINT ( 'NONE',  ( 0.5106414460763892826, -0.02755782159619300786, -0.06742126009132004549 ) ) ;
#41 = CARTESIAN_POINT ( 'NONE',  ( 0.3140612938105263319, 0.1021333181416026054, -0.03297244119349746622 ) ) ;
#42 = DIRECTION ( 'NONE',  ( 1.000000000000000000, 5.419062250743739597E-13, 3.925417528682153637E-13 ) ) ;
#43 = DIRECTION ( 'NONE',  ( -1.582776894139425349E-15, -1.000000000000000000, -2.505182696621675477E-30 ) ) ;
#44 = UNCERTAINTY_MEASURE_WITH_UNIT (LENGTH_MEASURE( 1.000000000000000082E-05 ), #4271, 'distance_accuracy_value', 'NONE');
#45 = EDGE_CURVE ( 'NONE', #3605, #834, #327, .T. ) ;
#46 = DIRECTION ( 'NONE',  ( -1.387778780775897222E-15, 0.0000000000000000000, -1.000000000000000000 ) ) ;
#47 = PRESENTATION_STYLE_ASSIGNMENT (( #2382 ) ) ;
#48 = CARTESIAN_POINT ( 'NONE',  ( 0.1976409002969287398, -0.01405121771457830404, -0.07765748056436388991 ) ) ;
#49 = VECTOR ( 'NONE', #2925, 39.37007874015748143 ) ;
#50 = ORIENTED_EDGE ( 'NONE', *, *, #4325, .T. ) ;
#51 = VECTOR ( 'NONE', #3850, 39.37007874015748143 ) ;
#52 = PLANE ( 'NONE',  #2675 ) ;
#53 = STYLED_ITEM ( 'NONE', ( #2786 ), #2707 ) ;
#54 = EDGE_LOOP ( 'NONE', ( #1880, #509, #525, #1408 ) ) ;
#55 = VECTOR ( 'NONE', #1192, 39.37007874015748143 ) ;
#56 = DIRECTION ( 'NONE',  ( 1.000000000000000000, -1.644517855226007801E-15, 1.748601263784621748E-15 ) ) ;
#57 =( NAMED_UNIT ( * ) SI_UNIT ( $, .STERADIAN. ) SOLID_ANGLE_UNIT ( ) );
#58 = PRESENTATION_STYLE_ASSIGNMENT (( #2077 ) ) ;
#59 = VERTEX_POINT ( 'NONE', #2642 ) ;
#60 = PRESENTATION_LAYER_ASSIGNMENT (  '', '', ( #1705 ) ) ;
#61 = DIRECTION ( 'NONE',  ( 1.000000000000000000, -1.644517855226007801E-15, -2.873049712194215800E-12 ) ) ;
#62 =( LENGTH_UNIT ( ) NAMED_UNIT ( * ) SI_UNIT ( $, .METRE. ) );
#63 = EDGE_CURVE ( 'NONE', #413, #770, #4354, .T. ) ;
#64 =( CONVERSION_BASED_UNIT ( 'INCH', #1711 ) LENGTH_UNIT ( ) NAMED_UNIT ( #752 ) );
#65 = EDGE_CURVE ( 'NONE', #2299, #1771, #2709, .T. ) ;
#66 = SURFACE_SIDE_STYLE ('',( #1082 ) ) ;
#67 = DIRECTION ( 'NONE',  ( -0.2873474124831008614, -0.9578264271459973056, -5.024560486131912112E-16 ) ) ;
#68 = CARTESIAN_POINT ( 'NONE',  ( 0.3928014512908295508, 0.1020939480628583751, -0.08218503961889118969 ) ) ;
#69 = ADVANCED_FACE ( 'NONE', ( #1278 ), #3366, .T. ) ;
#70 = EDGE_CURVE ( 'NONE', #2098, #3735, #4326, .T. ) ;
#71 = ORIENTED_EDGE ( 'NONE', *, *, #1454, .F. ) ;
#72 = DIRECTION ( 'NONE',  ( 1.644517855226007801E-15, 1.000000000000000000, 2.890435660536363919E-30 ) ) ;
#73 = ORIENTED_EDGE ( 'NONE', *, *, #3676, .F. ) ;
#74 = CARTESIAN_POINT ( 'NONE',  ( 0.5171906553894755065, -0.02376973408140405433, -0.04773620808020646866 ) ) ;
#75 = DIRECTION ( 'NONE',  ( 1.748601263784621946E-15, 0.0000000000000000000, -1.000000000000000000 ) ) ;
#76 = SURFACE_STYLE_FILL_AREA ( #1803 ) ;
#77 = DIMENSIONAL_EXPONENTS ( 1.000000000000000000, 0.0000000000000000000, 0.0000000000000000000, 0.0000000000000000000, 0.0000000000000000000, 0.0000000000000000000, 0.0000000000000000000 ) ;
#78 = ORIENTED_EDGE ( 'NONE', *, *, #610, .T. ) ;
#79 = LINE ( 'NONE', #2115, #548 ) ;
#80 = LENGTH_MEASURE_WITH_UNIT ( LENGTH_MEASURE( 0.02539999999999999897 ), #4101 );
#81 = ORIENTED_EDGE ( 'NONE', *, *, #1717, .F. ) ;
#82 = LINE ( 'NONE', #1840, #900 ) ;
#83 = CARTESIAN_POINT ( 'NONE',  ( 0.2313841284562201672, 0.04240669873959744540, -0.1272637797758057465 ) ) ;
#84 = ORIENTED_EDGE ( 'NONE', *, *, #3666, .T. ) ;
#85 = FACE_OUTER_BOUND ( 'NONE', #3794, .T. ) ;
#86 = ORIENTED_EDGE ( 'NONE', *, *, #2769, .F. ) ;
#87 = VECTOR ( 'NONE', #1429, 39.37007874015748143 ) ;
#88 = ADVANCED_FACE ( 'NONE', ( #3081 ), #2798, .F. ) ;
#89 = LINE ( 'NONE', #3828, #380 ) ;
#90 = CARTESIAN_POINT ( 'NONE',  ( 0.3140612938105263874, 0.1020939480628585000, -0.08218503961889132847 ) ) ;
#91 = FILL_AREA_STYLE_COLOUR ( '', #2470 ) ;
#92 = ORIENTED_EDGE ( 'NONE', *, *, #2693, .F. ) ;
#93 = FACE_OUTER_BOUND ( 'NONE', #3348, .T. ) ;
#94 = EDGE_LOOP ( 'NONE', ( #3028, #287, #624, #964, #891, #223 ) ) ;
#95 = COLOUR_RGB ( '',0.7607843137254901578, 0.7607843137254901578, 0.0000000000000000000 ) ;
#96 = CARTESIAN_POINT ( 'NONE',  ( 0.3142156862761680269, 0.1217789874329372468, -0.007578740406095896970 ) ) ;
#97 = PRESENTATION_STYLE_ASSIGNMENT (( #1784 ) ) ;
#98 = DIRECTION ( 'NONE',  ( -8.234490263801784106E-12, 1.353889066150678860E-26, 1.000000000000000000 ) ) ;
#99 = VERTEX_POINT ( 'NONE', #1453 ) ;
#100 = CARTESIAN_POINT ( 'NONE',  ( 0.4754786166452386609, 0.03516481427301544616, -0.1218021207972381781 ) ) ;
#101 = LINE ( 'NONE', #1458, #2597 ) ;
#102 = ORIENTED_EDGE ( 'NONE', *, *, #823, .T. ) ;
#103 = CARTESIAN_POINT ( 'NONE',  ( 0.4536010832257899583, 0.03516481420455512541, -0.03701423085452092837 ) ) ;
#104 = SURFACE_SIDE_STYLE ('',( #3113 ) ) ;
#105 = ORIENTED_EDGE ( 'NONE', *, *, #3846, .F. ) ;
#106 = VECTOR ( 'NONE', #1552, 39.37007874015748143 ) ;
#107 =( GEOMETRIC_REPRESENTATION_CONTEXT ( 3 ) GLOBAL_UNCERTAINTY_ASSIGNED_CONTEXT ( ( #1326 ) ) GLOBAL_UNIT_ASSIGNED_CONTEXT ( ( #25, #1418, #1379 ) ) REPRESENTATION_CONTEXT ( 'NONE', 'WORKASPACE' ) );
#108 = EDGE_LOOP ( 'NONE', ( #2468, #2499, #217, #1447, #1597, #651, #515, #4137 ) ) ;
#109 = VECTOR ( 'NONE', #3840, 39.37007874015748143 ) ;
#110 = CARTESIAN_POINT ( 'NONE',  ( 0.2490536793154355943, 0.003668751212429472927, -0.005563233721056699485 ) ) ;
#111 =( NAMED_UNIT ( * ) SI_UNIT ( $, .STERADIAN. ) SOLID_ANGLE_UNIT ( ) );
#112 = FACE_OUTER_BOUND ( 'NONE', #644, .T. ) ;
#113 = SURFACE_STYLE_USAGE ( .BOTH. , #3505 ) ;
#114 = ORIENTED_EDGE ( 'NONE', *, *, #2117, .T. ) ;
#115 = ORIENTED_EDGE ( 'NONE', *, *, #210, .T. ) ;
#116 = VECTOR ( 'NONE', #2748, 39.37007874015748143 ) ;
#117 = CIRCLE ( 'NONE', #1741, 0.007874015748031506362 ) ;
#118 =( NAMED_UNIT ( * ) PLANE_ANGLE_UNIT ( ) SI_UNIT ( $, .RADIAN. ) );
#119 = CIRCLE ( 'NONE', #3657, 0.005905511811023620231 ) ;
#120 = ADVANCED_FACE ( 'NONE', ( #2387 ), #52, .F. ) ;
#121 = DIRECTION ( 'NONE',  ( 0.0000000000000000000, 1.000000000000000000, 0.0000000000000000000 ) ) ;
#122 = EDGE_CURVE ( 'NONE', #929, #3409, #958, .T. ) ;
#123 = AXIS2_PLACEMENT_3D ( 'NONE', #1693, #3059, #363 ) ;
#124 = VERTEX_POINT ( 'NONE', #780 ) ;
#125 =( GEOMETRIC_REPRESENTATION_CONTEXT ( 3 ) GLOBAL_UNCERTAINTY_ASSIGNED_CONTEXT ( ( #2766 ) ) GLOBAL_UNIT_ASSIGNED_CONTEXT ( ( #2206, #1610, #544 ) ) REPRESENTATION_CONTEXT ( 'NONE', 'WORKASPACE' ) );
#126 = DIRECTION ( 'NONE',  ( 0.0000000000000000000, 0.0000000000000000000, 1.000000000000000000 ) ) ;
#127 = CARTESIAN_POINT ( 'NONE',  ( 0.1933643507908065773, -0.007659296307097984528, -0.02726377977696231580 ) ) ;
#128 = VECTOR ( 'NONE', #3378, 39.37007874015748143 ) ;
#129 = ADVANCED_FACE ( 'NONE', ( #3469 ), #3124, .T. ) ;
#130 = FILL_AREA_STYLE ('',( #2856 ) ) ;
#131 = ORIENTED_EDGE ( 'NONE', *, *, #2467, .T. ) ;
#132 = AXIS2_PLACEMENT_3D ( 'NONE', #3654, #3590, #201 ) ;
#133 =( NAMED_UNIT ( * ) PLANE_ANGLE_UNIT ( ) SI_UNIT ( $, .RADIAN. ) );
#134 = CARTESIAN_POINT ( 'NONE',  ( 0.2368457864954272019, 0.03516481423631399178, -0.1272637797758069955 ) ) ;
#135 = ORIENTED_EDGE ( 'NONE', *, *, #4231, .T. ) ;
#136 = CARTESIAN_POINT ( 'NONE',  ( 0.1585494827869405321, -0.03570132752772788021, -0.06742126009192302150 ) ) ;
#137 = UNCERTAINTY_MEASURE_WITH_UNIT (LENGTH_MEASURE( 1.000000000000000082E-05 ), #481, 'distance_accuracy_value', 'NONE');
#138 = ORIENTED_EDGE ( 'NONE', *, *, #1646, .T. ) ;
#139 = CARTESIAN_POINT ( 'NONE',  ( 0.3142156862761680269, 0.1217789874329372468, -0.007578740406095896970 ) ) ;
#140 = FILL_AREA_STYLE ('',( #3811 ) ) ;
#141 = DIMENSIONAL_EXPONENTS ( 1.000000000000000000, 0.0000000000000000000, 0.0000000000000000000, 0.0000000000000000000, 0.0000000000000000000, 0.0000000000000000000, 0.0000000000000000000 ) ;
#142 = ORIENTED_EDGE ( 'NONE', *, *, #1543, .F. ) ;
#143 = ORIENTED_EDGE ( 'NONE', *, *, #1100, .F. ) ;
#144 = LINE ( 'NONE', #96, #3283 ) ;
#145 = CARTESIAN_POINT ( 'NONE',  ( 0.5163375968542002203, -0.03467250407036623350, -0.02726377977631247798 ) ) ;
#146 = SURFACE_STYLE_FILL_AREA ( #2153 ) ;
#147 = ORIENTED_EDGE ( 'NONE', *, *, #2321, .F. ) ;
#148 = VECTOR ( 'NONE', #3714, 39.37007874015748143 ) ;
#149 = ADVANCED_FACE ( 'NONE', ( #2052 ), #1785, .T. ) ;
#150 = DIRECTION ( 'NONE',  ( 1.000000000000000000, 0.0000000000000000000, 0.0000000000000000000 ) ) ;
#151 =( CONVERSION_BASED_UNIT ( 'INCH', #4122 ) LENGTH_UNIT ( ) NAMED_UNIT ( #2085 ) );
#152 = PRESENTATION_STYLE_ASSIGNMENT (( #3196 ) ) ;
#153 = ORIENTED_EDGE ( 'NONE', *, *, #237, .T. ) ;
#154 = EDGE_CURVE ( 'NONE', #949, #2356, #452, .T. ) ;
#155 = SURFACE_STYLE_FILL_AREA ( #3218 ) ;
#156 = CARTESIAN_POINT ( 'NONE',  ( 0.1843617094242554766, -0.01798479209465702819, -0.04773622072184419141 ) ) ;
#157 =( NAMED_UNIT ( * ) SI_UNIT ( $, .STERADIAN. ) SOLID_ANGLE_UNIT ( ) );
#158 = ORIENTED_EDGE ( 'NONE', *, *, #1234, .F. ) ;
#159 = ADVANCED_FACE ( 'NONE', ( #2411 ), #3770, .T. ) ;
#160 = EDGE_CURVE ( 'NONE', #409, #3187, #3445, .T. ) ;
#161 = CARTESIAN_POINT ( 'NONE',  ( 0.4578091021359867452, 0.001406169436326775574, -0.1171361863450987861 ) ) ;
#162 = DIRECTION ( 'NONE',  ( 0.9945218953682687379, -0.1045284632676985181, 2.168404344971013601E-15 ) ) ;
#163 =( NAMED_UNIT ( * ) SI_UNIT ( $, .STERADIAN. ) SOLID_ANGLE_UNIT ( ) );
#164 = CARTESIAN_POINT ( 'NONE',  ( 0.4625214697563806432, 0.04500733388959447800, -0.08338492120062329649 ) ) ;
#165 = VERTEX_POINT ( 'NONE', #2112 ) ;
#166 = ORIENTED_EDGE ( 'NONE', *, *, #2576, .T. ) ;
#167 = PRESENTATION_LAYER_ASSIGNMENT (  '', '', ( #3418 ) ) ;
#168 = SURFACE_STYLE_USAGE ( .BOTH. , #1522 ) ;
#169 =( NAMED_UNIT ( * ) PLANE_ANGLE_UNIT ( ) SI_UNIT ( $, .RADIAN. ) );
#170 = DIRECTION ( 'NONE',  ( 1.000000000000000000, -1.644517855226007998E-15, 1.748601263784621946E-15 ) ) ;
#171 = ORIENTED_EDGE ( 'NONE', *, *, #1100, .T. ) ;
#172 = CIRCLE ( 'NONE', #2009, 0.005905511811023618496 ) ;
#173 = DIRECTION ( 'NONE',  ( -8.234490263801784106E-12, 1.353889066150678860E-26, 1.000000000000000000 ) ) ;
#174 =( NAMED_UNIT ( * ) SI_UNIT ( $, .STERADIAN. ) SOLID_ANGLE_UNIT ( ) );
#175 = ORIENTED_EDGE ( 'NONE', *, *, #2431, .F. ) ;
#176 = DIRECTION ( 'NONE',  ( -1.000000000000000000, 1.644517855226007801E-15, -8.234490263801784106E-12 ) ) ;
#177 = DIRECTION ( 'NONE',  ( 4.436729704083846065E-13, -7.267525157177840554E-28, -1.000000000000000000 ) ) ;
#178 = VERTEX_POINT ( 'NONE', #433 ) ;
#179 = DIRECTION ( 'NONE',  ( 1.000000000000000000, -1.243065535181522807E-11, -2.549634902058215512E-12 ) ) ;
#180 = AXIS2_PLACEMENT_3D ( 'NONE', #3792, #3816, #698 ) ;
#181 = LENGTH_MEASURE_WITH_UNIT ( LENGTH_MEASURE( 0.02539999999999999897 ), #2844 );
#182 = ORIENTED_EDGE ( 'NONE', *, *, #2049, .F. ) ;
#183 = EDGE_CURVE ( 'NONE', #2174, #3925, #1314, .T. ) ;
#184 =( GEOMETRIC_REPRESENTATION_CONTEXT ( 3 ) GLOBAL_UNCERTAINTY_ASSIGNED_CONTEXT ( ( #351 ) ) GLOBAL_UNIT_ASSIGNED_CONTEXT ( ( #1835, #1857, #3212 ) ) REPRESENTATION_CONTEXT ( 'NONE', 'WORKASPACE' ) );
#185 = ORIENTED_EDGE ( 'NONE', *, *, #477, .T. ) ;
#186 = ORIENTED_EDGE ( 'NONE', *, *, #1266, .T. ) ;
#187 =( NAMED_UNIT ( * ) SI_UNIT ( $, .STERADIAN. ) SOLID_ANGLE_UNIT ( ) );
#188 = VECTOR ( 'NONE', #259, 39.37007874015748143 ) ;
#189 = LINE ( 'NONE', #1547, #3718 ) ;
#190 =( GEOMETRIC_REPRESENTATION_CONTEXT ( 3 ) GLOBAL_UNCERTAINTY_ASSIGNED_CONTEXT ( ( #1365 ) ) GLOBAL_UNIT_ASSIGNED_CONTEXT ( ( #615, #3601, #2326 ) ) REPRESENTATION_CONTEXT ( 'NONE', 'WORKASPACE' ) );
#191 = LINE ( 'NONE', #4268, #776 ) ;
#192 = AXIS2_PLACEMENT_3D ( 'NONE', #309, #1389, #3737 ) ;
#193 = ORIENTED_EDGE ( 'NONE', *, *, #1645, .F. ) ;
#194 = DIMENSIONAL_EXPONENTS ( 1.000000000000000000, 0.0000000000000000000, 0.0000000000000000000, 0.0000000000000000000, 0.0000000000000000000, 0.0000000000000000000, 0.0000000000000000000 ) ;
#195 = CARTESIAN_POINT ( 'NONE',  ( 0.2313841284562201672, 0.04240669873959744540, 0.01210629896319397221 ) ) ;
#196 = CARTESIAN_POINT ( 'NONE',  ( 0.5158907604264441060, -0.02226315452805443032, -0.06758385864288164735 ) ) ;
#197 = VECTOR ( 'NONE', #3363, 39.37007874015748143 ) ;
#198 = MECHANICAL_DESIGN_GEOMETRIC_PRESENTATION_REPRESENTATION (  '', ( #53 ), #760 ) ;
#199 = ORIENTED_EDGE ( 'NONE', *, *, #1175, .F. ) ;
#200 = ADVANCED_FACE ( 'NONE', ( #3191 ), #1480, .F. ) ;
#201 = DIRECTION ( 'NONE',  ( -1.748601263784621748E-15, 0.0000000000000000000, 1.000000000000000000 ) ) ;
#202 = EDGE_CURVE ( 'NONE', #2439, #1455, #2518, .T. ) ;
#203 = CARTESIAN_POINT ( 'NONE',  ( 0.5483132623141996342, -0.02585880784268912436, -0.04773622072093100521 ) ) ;
#204 =( CONVERSION_BASED_UNIT ( 'INCH', #2585 ) LENGTH_UNIT ( ) NAMED_UNIT ( #1530 ) );
#205 = ORIENTED_EDGE ( 'NONE', *, *, #3970, .T. ) ;
#206 = ORIENTED_EDGE ( 'NONE', *, *, #1353, .F. ) ;
#207 =( GEOMETRIC_REPRESENTATION_CONTEXT ( 3 ) GLOBAL_UNCERTAINTY_ASSIGNED_CONTEXT ( ( #1678 ) ) GLOBAL_UNIT_ASSIGNED_CONTEXT ( ( #236, #572, #3301 ) ) REPRESENTATION_CONTEXT ( 'NONE', 'WORKASPACE' ) );
#208 = FILL_AREA_STYLE_COLOUR ( '', #3602 ) ;
#209 = ADVANCED_FACE ( 'NONE', ( #845 ), #3167, .T. ) ;
#210 = EDGE_CURVE ( 'NONE', #2154, #467, #3550, .T. ) ;
#211 = LINE ( 'NONE', #2613, #1721 ) ;
#212 = LINE ( 'NONE', #1177, #4139 ) ;
#213 = FILL_AREA_STYLE_COLOUR ( '', #1996 ) ;
#214 = ORIENTED_EDGE ( 'NONE', *, *, #2629, .T. ) ;
#215 = CARTESIAN_POINT ( 'NONE',  ( 0.2313841284562624390, 0.04500733388959485964, -0.02726377977696224642 ) ) ;
#216 = DIRECTION ( 'NONE',  ( -2.147404981299067777E-15, -0.2873478855662903175, -0.9578262852211679723 ) ) ;
#217 = ORIENTED_EDGE ( 'NONE', *, *, #4325, .F. ) ;
#218 = LINE ( 'NONE', #2816, #418 ) ;
#219 = ORIENTED_EDGE ( 'NONE', *, *, #4267, .F. ) ;
#220 = LINE ( 'NONE', #3281, #3174 ) ;
#221 = CARTESIAN_POINT ( 'NONE',  ( 0.1896720897116644378, -0.02376973408140352351, -0.06742127273290378364 ) ) ;
#222 = DIRECTION ( 'NONE',  ( 1.000000000000000000, 0.0000000000000000000, -4.436606511959893894E-13 ) ) ;
#223 = ORIENTED_EDGE ( 'NONE', *, *, #3795, .F. ) ;
#224 = PLANE ( 'NONE',  #2765 ) ;
#225 = PRESENTATION_STYLE_ASSIGNMENT (( #532 ) ) ;
#226 = CARTESIAN_POINT ( 'NONE',  ( 0.4561674782085065605, 0.04500733388959448494, -0.03730122072223737706 ) ) ;
#227 = ORIENTED_EDGE ( 'NONE', *, *, #237, .F. ) ;
#228 = PLANE ( 'NONE',  #2523 ) ;
#229 = CARTESIAN_POINT ( 'NONE',  ( 0.5161749314448843551, -0.02272122477122808654, -0.04768270493186111542 ) ) ;
#230 = DIRECTION ( 'NONE',  ( -1.000000000000000000, 1.644517855226007801E-15, -1.778650912156784690E-12 ) ) ;
#231 = EDGE_LOOP ( 'NONE', ( #383, #3238, #3740, #1265 ) ) ;
#232 = STYLED_ITEM ( 'NONE', ( #3995 ), #3745 ) ;
#233 = DIRECTION ( 'NONE',  ( -3.349940197328361899E-10, 5.509065224505827021E-25, -1.000000000000000000 ) ) ;
#234 = ORIENTED_EDGE ( 'NONE', *, *, #2686, .F. ) ;
#235 = COLOUR_RGB ( '',0.7607843137254901578, 0.7607843137254901578, 0.0000000000000000000 ) ;
#236 =( CONVERSION_BASED_UNIT ( 'INCH', #523 ) LENGTH_UNIT ( ) NAMED_UNIT ( #1096 ) );
#237 = EDGE_CURVE ( 'NONE', #3806, #713, #1010, .T. ) ;
#238 = ORIENTED_EDGE ( 'NONE', *, *, #1707, .T. ) ;
#239 = FILL_AREA_STYLE ('',( #2556 ) ) ;
#240 = CARTESIAN_POINT ( 'NONE',  ( 0.2514430687595301528, 0.04500733388959482495, -0.03730122072145040241 ) ) ;
#241 = ORIENTED_EDGE ( 'NONE', *, *, #1061, .T. ) ;
#242 = DIRECTION ( 'NONE',  ( 1.644517855226008195E-15, 1.000000000000000000, -6.888556729901376831E-28 ) ) ;
#243 = CARTESIAN_POINT ( 'NONE',  ( 0.1843617094242552823, -0.01798479209465702819, 0.05177338557736839431 ) ) ;
#244 = CARTESIAN_POINT ( 'NONE',  ( 0.4679366774381520933, 0.03516481420463383328, 0.01210629896240822401 ) ) ;
#245 = ORIENTED_EDGE ( 'NONE', *, *, #3542, .F. ) ;
#246 = DIRECTION ( 'NONE',  ( -1.644517855226008195E-15, -1.000000000000000000, -6.123233995736766036E-17 ) ) ;
#247 = CARTESIAN_POINT ( 'NONE',  ( 0.4754786166455537422, 0.03516481420522438173, -0.02726377977696183702 ) ) ;
#248 = DIRECTION ( 'NONE',  ( 1.000000000000000000, -1.644517855226007801E-15, 1.748601263784622143E-15 ) ) ;
#249 = VECTOR ( 'NONE', #618, 39.37007874015748143 ) ;
#250 = ORIENTED_EDGE ( 'NONE', *, *, #2693, .T. ) ;
#251 = ADVANCED_BREP_SHAPE_REPRESENTATION ( 'CUI_DEVICES_DS04-254-1-01BK-SMT', ( #1089, #4011, #3983, #1066, #2368 ), #1375 ) ;
#252 = ADVANCED_FACE ( 'NONE', ( #1877 ), #871, .F. ) ;
#253 = FILL_AREA_STYLE ('',( #3298 ) ) ;
#254 = EDGE_CURVE ( 'NONE', #2439, #3274, #2355, .T. ) ;
#255 = DIRECTION ( 'NONE',  ( 0.9945218953682686269, -0.1045284632676983794, 1.739022243102431967E-15 ) ) ;
#256 = UNCERTAINTY_MEASURE_WITH_UNIT (LENGTH_MEASURE( 1.000000000000000082E-05 ), #3708, 'distance_accuracy_value', 'NONE');
#257 = EDGE_LOOP ( 'NONE', ( #2890, #571, #193, #2129, #4305, #3060 ) ) ;
#258 = VERTEX_POINT ( 'NONE', #3878 ) ;
#259 = DIRECTION ( 'NONE',  ( 8.679147678325226582E-12, 1.000000000000000000, 1.517638342855342944E-26 ) ) ;
#260 = CARTESIAN_POINT ( 'NONE',  ( 0.4754786166451605012, 0.1217789874329369693, -0.2272637797762137590 ) ) ;
#261 = COLOUR_RGB ( '',0.7607843137254901578, 0.7607843137254901578, 0.0000000000000000000 ) ;
#262 = EDGE_CURVE ( 'NONE', #2425, #2940, #518, .T. ) ;
#263 = ADVANCED_FACE ( 'NONE', ( #541 ), #1902, .F. ) ;
#264 = AXIS2_PLACEMENT_3D ( 'NONE', #882, #926, #3004 ) ;
#265 = CARTESIAN_POINT ( 'NONE',  ( 0.5148390528695243606, -0.01990283707880563871, -0.06850873463916559714 ) ) ;
#266 = ORIENTED_EDGE ( 'NONE', *, *, #3988, .F. ) ;
#267 = CIRCLE ( 'NONE', #123, 0.007874015748031499423 ) ;
#268 = FILL_AREA_STYLE ('',( #2989 ) ) ;
#269 = CARTESIAN_POINT ( 'NONE',  ( 0.2415117427309083908, 0.001406160534555473286, -0.2095942475937732086 ) ) ;
#270 = VECTOR ( 'NONE', #2536, 39.37007874015748143 ) ;
#271 = ORIENTED_EDGE ( 'NONE', *, *, #3215, .T. ) ;
#272 = AXIS2_PLACEMENT_3D ( 'NONE', #2631, #3963, #1934 ) ;
#273 = CARTESIAN_POINT ( 'NONE',  ( 0.2532616618757506100, 0.03516481420455545848, -0.03701423085373388433 ) ) ;
#274 = DIRECTION ( 'NONE',  ( 8.234490263801784106E-12, -1.353889066150678860E-26, -1.000000000000000000 ) ) ;
#275 = CARTESIAN_POINT ( 'NONE',  ( 0.2006796306912831396, -0.02488414520015490641, -0.06742126009192291047 ) ) ;
#276 = PRESENTATION_STYLE_ASSIGNMENT (( #3950 ) ) ;
#277 = ORIENTED_EDGE ( 'NONE', *, *, #967, .T. ) ;
#278 = LENGTH_MEASURE_WITH_UNIT ( LENGTH_MEASURE( 0.02539999999999999897 ), #3387 );
#279 = PLANE ( 'NONE',  #3103 ) ;
#280 = CARTESIAN_POINT ( 'NONE',  ( 0.1905251482467712476, -0.03467250407036570614, -0.08789370103680482771 ) ) ;
#281 =( NAMED_UNIT ( * ) SI_UNIT ( $, .STERADIAN. ) SOLID_ANGLE_UNIT ( ) );
#282 = EDGE_CURVE ( 'NONE', #613, #949, #3295, .T. ) ;
#283 = ORIENTED_EDGE ( 'NONE', *, *, #1753, .T. ) ;
#284 = LINE ( 'NONE', #3564, #620 ) ;
#285 = DIRECTION ( 'NONE',  ( 1.748601263784621748E-15, 1.482966057179117483E-32, -1.000000000000000000 ) ) ;
#286 = CARTESIAN_POINT ( 'NONE',  ( 0.4696401291286639856, 0.03516481420483068970, -0.02726377977696183702 ) ) ;
#287 = ORIENTED_EDGE ( 'NONE', *, *, #2231, .F. ) ;
#288 = ORIENTED_EDGE ( 'NONE', *, *, #289, .T. ) ;
#289 = EDGE_CURVE ( 'NONE', #1106, #2010, #299, .T. ) ;
#290 =( GEOMETRIC_REPRESENTATION_CONTEXT ( 3 ) GLOBAL_UNCERTAINTY_ASSIGNED_CONTEXT ( ( #4022 ) ) GLOBAL_UNIT_ASSIGNED_CONTEXT ( ( #3798, #4124, #174 ) ) REPRESENTATION_CONTEXT ( 'NONE', 'WORKASPACE' ) );
#291 = CARTESIAN_POINT ( 'NONE',  ( 0.5134983943101647519, -0.007659296307098515354, -0.02726377977633583430 ) ) ;
#292 = DIRECTION ( 'NONE',  ( -5.673991369337018740E-10, 0.0000000000000000000, 1.000000000000000000 ) ) ;
#293 = CARTESIAN_POINT ( 'NONE',  ( 0.4554196763416167859, 0.03516481420455512541, -0.03730122072223737706 ) ) ;
#294 = ORIENTED_EDGE ( 'NONE', *, *, #2889, .F. ) ;
#295 = VECTOR ( 'NONE', #1970, 39.37007874015748143 ) ;
#296 = VECTOR ( 'NONE', #248, 39.37007874015748143 ) ;
#297 = ADVANCED_FACE ( 'NONE', ( #4283 ), #4349, .T. ) ;
#298 = CARTESIAN_POINT ( 'NONE',  ( 0.1585494827869405599, -0.02585880784268849639, -0.06742126009192302150 ) ) ;
#299 = LINE ( 'NONE', #940, #2785 ) ;
#300 = ORIENTED_EDGE ( 'NONE', *, *, #645, .T. ) ;
#301 = CARTESIAN_POINT ( 'NONE',  ( 0.2313841284533489917, 0.03516481421632714627, -0.1197218416809251867 ) ) ;
#302 = DIRECTION ( 'NONE',  ( -1.000000000000000000, 2.430295991683600986E-14, -1.748601263784622143E-15 ) ) ;
#303 =( NAMED_UNIT ( * ) PLANE_ANGLE_UNIT ( ) SI_UNIT ( $, .RADIAN. ) );
#304 = CARTESIAN_POINT ( 'NONE',  ( 0.5172050357898655415, -0.02375406862796464874, -0.06742126009126593600 ) ) ;
#305 = CIRCLE ( 'NONE', #866, 0.007874015748031494219 ) ;
#306 = UNCERTAINTY_MEASURE_WITH_UNIT (LENGTH_MEASURE( 1.000000000000000082E-05 ), #948, 'distance_accuracy_value', 'NONE');
#307 = ORIENTED_EDGE ( 'NONE', *, *, #983, .F. ) ;
#308 = DIRECTION ( 'NONE',  ( 1.644517855226008195E-15, 1.000000000000000000, 2.890435660536364269E-30 ) ) ;
#309 = CARTESIAN_POINT ( 'NONE',  ( 0.4263694306917346633, -0.1011303416691849838, -0.03700296158562334237 ) ) ;
#310 = CARTESIAN_POINT ( 'NONE',  ( 0.1921925904901474469, -0.01880785086054883801, -0.06934404710513727976 ) ) ;
#311 =( GEOMETRIC_REPRESENTATION_CONTEXT ( 3 ) GLOBAL_UNCERTAINTY_ASSIGNED_CONTEXT ( ( #1774 ) ) GLOBAL_UNIT_ASSIGNED_CONTEXT ( ( #2682, #1001, #1625 ) ) REPRESENTATION_CONTEXT ( 'NONE', 'WORKASPACE' ) );
#312 = PLANE ( 'NONE',  #848 ) ;
#313 = ORIENTED_EDGE ( 'NONE', *, *, #1772, .T. ) ;
#314 = PRESENTATION_LAYER_ASSIGNMENT (  '', '', ( #1083 ) ) ;
#315 = VECTOR ( 'NONE', #2991, 39.37007874015748143 ) ;
#316 = ADVANCED_FACE ( 'NONE', ( #1274 ), #1586, .T. ) ;
#317 = FILL_AREA_STYLE ('',( #3719 ) ) ;
#318 = EDGE_CURVE ( 'NONE', #1729, #1896, #2342, .T. ) ;
#319 = CARTESIAN_POINT ( 'NONE',  ( 0.2148518768365310916, 0.03516481420455551399, -0.02726377977696224642 ) ) ;
#320 = FACE_OUTER_BOUND ( 'NONE', #2121, .T. ) ;
#321 = FACE_OUTER_BOUND ( 'NONE', #1450, .T. ) ;
#322 = EDGE_CURVE ( 'NONE', #413, #3868, #3065, .T. ) ;
#323 = ORIENTED_EDGE ( 'NONE', *, *, #2761, .F. ) ;
#324 = CARTESIAN_POINT ( 'NONE',  ( 0.5225010356768845510, -0.03570132752772847001, -0.04773622072114360598 ) ) ;
#325 = PLANE ( 'NONE',  #1671 ) ;
#326 = AXIS2_PLACEMENT_3D ( 'NONE', #3522, #3282, #4197 ) ;
#327 = LINE ( 'NONE', #4313, #1635 ) ;
#328 = VECTOR ( 'NONE', #222, 39.37007874015748143 ) ;
#329 = CARTESIAN_POINT ( 'NONE',  ( 0.2031529521231687785, -0.008688119764420850627, -0.02726377977696231580 ) ) ;
#330 = ORIENTED_EDGE ( 'NONE', *, *, #2183, .F. ) ;
#331 = AXIS2_PLACEMENT_3D ( 'NONE', #4332, #2620, #653 ) ;
#332 = DIRECTION ( 'NONE',  ( -1.748601263784621946E-15, 0.0000000000000000000, 1.000000000000000000 ) ) ;
#333 = LINE ( 'NONE', #641, #3095 ) ;
#334 = VERTEX_POINT ( 'NONE', #2813 ) ;
#335 = VECTOR ( 'NONE', #2543, 39.37007874015748143 ) ;
#336 = VECTOR ( 'NONE', #6, 39.37007874015748143 ) ;
#337 = PRESENTATION_LAYER_ASSIGNMENT (  '', '', ( #3519 ) ) ;
#338 = SURFACE_STYLE_USAGE ( .BOTH. , #3700 ) ;
#339 = LINE ( 'NONE', #1356, #875 ) ;
#340 = COLOUR_RGB ( '',0.7607843137254901578, 0.7607843137254901578, 0.0000000000000000000 ) ;
#341 = VECTOR ( 'NONE', #173, 39.37007874015748143 ) ;
#342 = EDGE_CURVE ( 'NONE', #834, #2507, #3440, .T. ) ;
#343 = MECHANICAL_DESIGN_GEOMETRIC_PRESENTATION_REPRESENTATION (  '', ( #4304 ), #3111 ) ;
#344 = FILL_AREA_STYLE_COLOUR ( '', #1078 ) ;
#345 = CARTESIAN_POINT ( 'NONE',  ( 0.3142156862761680269, 0.1020939480628585000, -0.007578740406095896970 ) ) ;
#346 =( NAMED_UNIT ( * ) PLANE_ANGLE_UNIT ( ) SI_UNIT ( $, .RADIAN. ) );
#347 = VECTOR ( 'NONE', #726, 39.37007874015748143 ) ;
#348 = ORIENTED_EDGE ( 'NONE', *, *, #2629, .F. ) ;
#349 =( NAMED_UNIT ( * ) SI_UNIT ( $, .STERADIAN. ) SOLID_ANGLE_UNIT ( ) );
#350 = DIRECTION ( 'NONE',  ( 0.2761728431768883940, -0.9205744918961651369, 0.2761723475688889207 ) ) ;
#351 = UNCERTAINTY_MEASURE_WITH_UNIT (LENGTH_MEASURE( 1.000000000000000082E-05 ), #1835, 'distance_accuracy_value', 'NONE');
#352 = ORIENTED_EDGE ( 'NONE', *, *, #3423, .F. ) ;
#353 = CIRCLE ( 'NONE', #3955, 0.007874015748031495954 ) ;
#354 = FACE_OUTER_BOUND ( 'NONE', #2495, .T. ) ;
#355 = DIRECTION ( 'NONE',  ( 1.644517855226007801E-15, 1.000000000000000000, 2.890435660536363919E-30 ) ) ;
#356 = LINE ( 'NONE', #661, #1666 ) ;
#357 = ORIENTED_EDGE ( 'NONE', *, *, #2650, .T. ) ;
#358 = CARTESIAN_POINT ( 'NONE',  ( 0.4679366774458565970, 0.03516481420506866601, -0.1272637797758073841 ) ) ;
#359 = FACE_OUTER_BOUND ( 'NONE', #3965, .T. ) ;
#360 = PLANE ( 'NONE',  #889 ) ;
#361 = VECTOR ( 'NONE', #1485, 39.37007874015748143 ) ;
#362 = CARTESIAN_POINT ( 'NONE',  ( 0.2313841284562201672, 0.04240669873959744540, 0.01210629896319397221 ) ) ;
#363 = DIRECTION ( 'NONE',  ( -0.09052430460425825443, 0.8612812260087766569, -0.5000000000007340795 ) ) ;
#364 = CARTESIAN_POINT ( 'NONE',  ( 0.3928014512908295508, 0.1060309559368544235, -0.03277559079979661116 ) ) ;
#365 = VERTEX_POINT ( 'NONE', #691 ) ;
#366 = VERTEX_POINT ( 'NONE', #364 ) ;
#367 = CARTESIAN_POINT ( 'NONE',  ( 0.4696401291264987732, 0.03516481420455509765, -0.08789370103656818367 ) ) ;
#368 = DIRECTION ( 'NONE',  ( 8.234490263801784106E-12, -1.353889066150678573E-26, -1.000000000000000000 ) ) ;
#369 = VERTEX_POINT ( 'NONE', #407 ) ;
#370 = PLANE ( 'NONE',  #1895 ) ;
#371 = LINE ( 'NONE', #2435, #2741 ) ;
#372 = PRESENTATION_LAYER_ASSIGNMENT (  '', '', ( #2285 ) ) ;
#373 = ADVANCED_FACE ( 'NONE', ( #2791 ), #2383, .T. ) ;
#374 = SURFACE_STYLE_USAGE ( .BOTH. , #20 ) ;
#375 = ORIENTED_EDGE ( 'NONE', *, *, #2076, .F. ) ;
#376 = VECTOR ( 'NONE', #1445, 39.37007874015748143 ) ;
#377 = LENGTH_MEASURE_WITH_UNIT ( LENGTH_MEASURE( 0.02539999999999999897 ), #62 );
#378 = CARTESIAN_POINT ( 'NONE',  ( 0.5044156245189410637, 0.04500733388959440862, -0.8792322837135758684 ) ) ;
#379 = CYLINDRICAL_SURFACE ( 'NONE', #1241, 0.01771653543307089712 ) ;
#380 = VECTOR ( 'NONE', #46, 39.37007874015748143 ) ;
#381 = MECHANICAL_DESIGN_GEOMETRIC_PRESENTATION_REPRESENTATION (  '', ( #412 ), #4116 ) ;
#382 = VERTEX_POINT ( 'NONE', #1735 ) ;
#383 = ORIENTED_EDGE ( 'NONE', *, *, #3803, .T. ) ;
#384 = DIRECTION ( 'NONE',  ( -6.938893903907228378E-14, -0.2873478855663174070, 0.9578262852211597567 ) ) ;
#385 = ADVANCED_FACE ( 'NONE', ( #4054 ), #4134, .F. ) ;
#386 = PRESENTATION_STYLE_ASSIGNMENT (( #1115 ) ) ;
#387 = FACE_OUTER_BOUND ( 'NONE', #1951, .T. ) ;
#388 = ORIENTED_EDGE ( 'NONE', *, *, #1696, .T. ) ;
#389 = ADVANCED_FACE ( 'NONE', ( #2107 ), #1404, .F. ) ;
#390 =( BOUNDED_CURVE ( )  B_SPLINE_CURVE ( 3, ( #3032, #1125, #2900, #768 ),
 .UNSPECIFIED., .F., .T. ) 
 B_SPLINE_CURVE_WITH_KNOTS ( ( 4, 4 ),
 ( 3.224255440381115445, 3.968322528260086024 ),
 .UNSPECIFIED. ) 
 CURVE ( )  GEOMETRIC_REPRESENTATION_ITEM ( )  RATIONAL_B_SPLINE_CURVE ( ( 1.000000000000000000, 0.9543933716775627740, 0.9543933716775627740, 1.000000000000000000 ) ) 
 REPRESENTATION_ITEM ( '' )  );
#391 = ADVANCED_FACE ( 'NONE', ( #2220 ), #4180, .F. ) ;
#392 = DIRECTION ( 'NONE',  ( 1.644517855226008195E-15, 1.000000000000000000, 2.890435660536364269E-30 ) ) ;
#393 = AXIS2_PLACEMENT_3D ( 'NONE', #4096, #1387, #368 ) ;
#394 = AXIS2_PLACEMENT_3D ( 'NONE', #2627, #3608, #4273 ) ;
#395 = DIRECTION ( 'NONE',  ( -1.644517855226007801E-15, -1.000000000000000000, -2.890435660536363568E-30 ) ) ;
#396 = AXIS2_PLACEMENT_3D ( 'NONE', #657, #3350, #4026 ) ;
#397 = VERTEX_POINT ( 'NONE', #2887 ) ;
#398 = EDGE_CURVE ( 'NONE', #1607, #3711, #3554, .T. ) ;
#399 =( NAMED_UNIT ( * ) SI_UNIT ( $, .STERADIAN. ) SOLID_ANGLE_UNIT ( ) );
#400 = DIRECTION ( 'NONE',  ( -1.000000000000000000, 1.644517855226007801E-15, -1.748601263784621354E-15 ) ) ;
#401 = FACE_OUTER_BOUND ( 'NONE', #4060, .T. ) ;
#402 = UNCERTAINTY_MEASURE_WITH_UNIT (LENGTH_MEASURE( 1.000000000000000082E-05 ), #64, 'distance_accuracy_value', 'NONE');
#403 =( GEOMETRIC_REPRESENTATION_CONTEXT ( 3 ) GLOBAL_UNCERTAINTY_ASSIGNED_CONTEXT ( ( #44 ) ) GLOBAL_UNIT_ASSIGNED_CONTEXT ( ( #4271, #527, #3606 ) ) REPRESENTATION_CONTEXT ( 'NONE', 'WORKASPACE' ) );
#404 = LINE ( 'NONE', #3117, #376 ) ;
#405 = DIRECTION ( 'NONE',  ( -0.9945218953682685159, 0.1045284632676983655, -1.739022243102431967E-15 ) ) ;
#406 = VECTOR ( 'NONE', #1273, 39.37007874015748854 ) ;
#407 = CARTESIAN_POINT ( 'NONE',  ( 0.5096303506631995051, 0.02914268067976763174, -0.08789370103621023389 ) ) ;
#408 = VECTOR ( 'NONE', #2160, 39.37007874015748143 ) ;
#409 = VERTEX_POINT ( 'NONE', #535 ) ;
#410 = CARTESIAN_POINT ( 'NONE',  ( 0.5144963000306225220, -0.01715373501898828645, -0.07135826796530392313 ) ) ;
#411 = FILL_AREA_STYLE ('',( #697 ) ) ;
#412 = STYLED_ITEM ( 'NONE', ( #670 ), #389 ) ;
#413 = VERTEX_POINT ( 'NONE', #2911 ) ;
#414 =( LENGTH_UNIT ( ) NAMED_UNIT ( * ) SI_UNIT ( $, .METRE. ) );
#415 = CARTESIAN_POINT ( 'NONE',  ( 0.2514430687594514380, 0.03516481420455545848, -0.03730122072145040241 ) ) ;
#416 = ADVANCED_FACE ( 'NONE', ( #1559 ), #838, .F. ) ;
#417 = ORIENTED_EDGE ( 'NONE', *, *, #4063, .T. ) ;
#418 = VECTOR ( 'NONE', #2447, 39.37007874015748143 ) ;
#419 = DIMENSIONAL_EXPONENTS ( 1.000000000000000000, 0.0000000000000000000, 0.0000000000000000000, 0.0000000000000000000, 0.0000000000000000000, 0.0000000000000000000, 0.0000000000000000000 ) ;
#420 = CARTESIAN_POINT ( 'NONE',  ( 0.4625214697563018729, 0.03516481420455510459, -0.08338492120050514100 ) ) ;
#421 = DIRECTION ( 'NONE',  ( -1.644517855226007801E-15, -1.000000000000000000, -2.890435660536363568E-30 ) ) ;
#422 = FACE_OUTER_BOUND ( 'NONE', #1874, .T. ) ;
#423 = FILL_AREA_STYLE ('',( #2081 ) ) ;
#424 = FACE_OUTER_BOUND ( 'NONE', #3478, .T. ) ;
#425 = CARTESIAN_POINT ( 'NONE',  ( 0.3496518449916169446, 0.1434325307400277361, -0.07915354355589923618 ) ) ;
#426 = DIRECTION ( 'NONE',  ( 0.0000000000000000000, 0.0000000000000000000, 1.000000000000000000 ) ) ;
#427 = ORIENTED_EDGE ( 'NONE', *, *, #3646, .T. ) ;
#428 = CARTESIAN_POINT ( 'NONE',  ( 0.4254818849634279254, 0.1217789874329370386, -0.03198818922499343381 ) ) ;
#429 = EDGE_CURVE ( 'NONE', #1850, #258, #2196, .T. ) ;
#430 = ORIENTED_EDGE ( 'NONE', *, *, #3691, .T. ) ;
#431 = CARTESIAN_POINT ( 'NONE',  ( 0.5483132623141995232, -0.03570132752772850471, -0.04773622072093100521 ) ) ;
#432 = FACE_OUTER_BOUND ( 'NONE', #1878, .T. ) ;
#433 = CARTESIAN_POINT ( 'NONE',  ( 0.3142156862761680824, 0.1020939480628585000, 0.01210629896319532876 ) ) ;
#434 = ORIENTED_EDGE ( 'NONE', *, *, #2334, .F. ) ;
#435 = CARTESIAN_POINT ( 'NONE',  ( 0.2313841284562625222, 0.04500733388959485964, -0.08789370103625360198 ) ) ;
#436 = ORIENTED_EDGE ( 'NONE', *, *, #2017, .T. ) ;
#437 = CARTESIAN_POINT ( 'NONE',  ( 0.4554196763415381821, 0.04500733388959449188, -0.08376177190290670649 ) ) ;
#438 =( NAMED_UNIT ( * ) SI_UNIT ( $, .STERADIAN. ) SOLID_ANGLE_UNIT ( ) );
#439 = ORIENTED_EDGE ( 'NONE', *, *, #1796, .T. ) ;
#440 = PLANE ( 'NONE',  #3996 ) ;
#441 = ORIENTED_EDGE ( 'NONE', *, *, #2822, .T. ) ;
#442 = PRESENTATION_LAYER_ASSIGNMENT (  '', '', ( #232 ) ) ;
#443 = EDGE_CURVE ( 'NONE', #3466, #4239, #663, .T. ) ;
#444 = EDGE_CURVE ( 'NONE', #915, #3814, #1847, .T. ) ;
#445 = SURFACE_STYLE_FILL_AREA ( #140 ) ;
#446 = VECTOR ( 'NONE', #2866, 39.37007874015748143 ) ;
#447 = DIRECTION ( 'NONE',  ( 0.0000000000000000000, 0.0000000000000000000, 1.000000000000000000 ) ) ;
#448 = VERTEX_POINT ( 'NONE', #3205 ) ;
#449 = ORIENTED_EDGE ( 'NONE', *, *, #2291, .T. ) ;
#450 = ADVANCED_FACE ( 'NONE', ( #1195 ), #2562, .T. ) ;
#451 =( CONVERSION_BASED_UNIT ( 'INCH', #2132 ) LENGTH_UNIT ( ) NAMED_UNIT ( #807 ) );
#452 = LINE ( 'NONE', #2749, #533 ) ;
#453 = ORIENTED_EDGE ( 'NONE', *, *, #2431, .T. ) ;
#454 = CARTESIAN_POINT ( 'NONE',  ( 0.4754786166452190099, 0.04240671319253163513, -0.1272637797758073841 ) ) ;
#455 = LINE ( 'NONE', #879, #1885 ) ;
#456 = DIRECTION ( 'NONE',  ( 4.436606511959893894E-13, 0.0000000000000000000, 1.000000000000000000 ) ) ;
#457 = VERTEX_POINT ( 'NONE', #775 ) ;
#458 =( LENGTH_UNIT ( ) NAMED_UNIT ( * ) SI_UNIT ( $, .METRE. ) );
#459 = CARTESIAN_POINT ( 'NONE',  ( 0.1585494827869405599, -0.03570132752772788021, -0.08789370103680489710 ) ) ;
#460 = EDGE_LOOP ( 'NONE', ( #1758, #1938, #3330 ) ) ;
#461 = VECTOR ( 'NONE', #1163, 39.37007874015748143 ) ;
#462 = CARTESIAN_POINT ( 'NONE',  ( 0.2313841284566568179, 0.03516481420455548623, -0.4075787404069425302 ) ) ;
#463 = ORIENTED_EDGE ( 'NONE', *, *, #3723, .F. ) ;
#464 = DIRECTION ( 'NONE',  ( 1.000000000000000000, -1.644517855226007801E-15, 1.748601263784621748E-15 ) ) ;
#465 = DIRECTION ( 'NONE',  ( -1.000000000000000000, 1.644517855226007801E-15, -8.234490263801784106E-12 ) ) ;
#466 =( NAMED_UNIT ( * ) PLANE_ANGLE_UNIT ( ) SI_UNIT ( $, .RADIAN. ) );
#467 = VERTEX_POINT ( 'NONE', #164 ) ;
#468 = ADVANCED_FACE ( 'NONE', ( #2128 ), #3483, .F. ) ;
#469 = ORIENTED_EDGE ( 'NONE', *, *, #4267, .T. ) ;
#470 = PRESENTATION_LAYER_ASSIGNMENT (  '', '', ( #898 ) ) ;
#471 = MECHANICAL_DESIGN_GEOMETRIC_PRESENTATION_REPRESENTATION (  '', ( #3518 ), #2963 ) ;
#472 = DIRECTION ( 'NONE',  ( 0.1045284632676983655, 0.9945218953682685159, 1.827786029713617844E-16 ) ) ;
#473 = DIRECTION ( 'NONE',  ( 1.748601263784622143E-15, 0.0000000000000000000, -1.000000000000000000 ) ) ;
#474 = AXIS2_PLACEMENT_3D ( 'NONE', #830, #2190, #176 ) ;
#475 = SURFACE_SIDE_STYLE ('',( #146 ) ) ;
#476 = COLOUR_RGB ( '',0.7607843137254901578, 0.7607843137254901578, 0.0000000000000000000 ) ;
#477 = EDGE_CURVE ( 'NONE', #2142, #1812, #172, .T. ) ;
#478 = ADVANCED_FACE ( 'NONE', ( #4303 ), #3358, .F. ) ;
#479 = DIMENSIONAL_EXPONENTS ( 1.000000000000000000, 0.0000000000000000000, 0.0000000000000000000, 0.0000000000000000000, 0.0000000000000000000, 0.0000000000000000000, 0.0000000000000000000 ) ;
#480 = ORIENTED_EDGE ( 'NONE', *, *, #3994, .T. ) ;
#481 =( CONVERSION_BASED_UNIT ( 'INCH', #4166 ) LENGTH_UNIT ( ) NAMED_UNIT ( #3537 ) );
#482 = SURFACE_SIDE_STYLE ('',( #2825 ) ) ;
#483 = AXIS2_PLACEMENT_3D ( 'NONE', #4277, #2931, #292 ) ;
#484 = ORIENTED_EDGE ( 'NONE', *, *, #2450, .T. ) ;
#485 = AXIS2_PLACEMENT_3D ( 'NONE', #4365, #3699, #2440 ) ;
#486 = DIRECTION ( 'NONE',  ( 1.582776894139444281E-15, 0.0000000000000000000, -1.000000000000000000 ) ) ;
#487 = DIRECTION ( 'NONE',  ( 0.6691306063588773334, -0.7431448254773770357, 9.637352644315590806E-16 ) ) ;
#488 = ORIENTED_EDGE ( 'NONE', *, *, #1095, .T. ) ;
#489 = DIRECTION ( 'NONE',  ( 1.000000000000000000, -1.644517855226007801E-15, 1.748601263784622143E-15 ) ) ;
#490 = UNCERTAINTY_MEASURE_WITH_UNIT (LENGTH_MEASURE( 1.000000000000000082E-05 ), #3193, 'distance_accuracy_value', 'NONE');
#491 = VERTEX_POINT ( 'NONE', #319 ) ;
#492 = LINE ( 'NONE', #1492, #2838 ) ;
#493 = DIRECTION ( 'NONE',  ( -1.748601263784622143E-15, 0.0000000000000000000, 1.000000000000000000 ) ) ;
#494 = FILL_AREA_STYLE ('',( #3158 ) ) ;
#495 = VERTEX_POINT ( 'NONE', #226 ) ;
#496 = VERTEX_POINT ( 'NONE', #1643 ) ;
#497 = FILL_AREA_STYLE_COLOUR ( '', #1371 ) ;
#498 = LINE ( 'NONE', #2892, #335 ) ;
#499 = SURFACE_STYLE_USAGE ( .BOTH. , #475 ) ;
#500 = EDGE_LOOP ( 'NONE', ( #1297, #2473, #574, #3562, #175, #294, #1248, #2363, #4125, #777, #2243, #703, #3837, #623 ) ) ;
#501 = MECHANICAL_DESIGN_GEOMETRIC_PRESENTATION_REPRESENTATION (  '', ( #3405 ), #290 ) ;
#502 = PLANE ( 'NONE',  #1823 ) ;
#503 = SURFACE_STYLE_FILL_AREA ( #804 ) ;
#504 = STYLED_ITEM ( 'NONE', ( #3047 ), #1 ) ;
#505 = ORIENTED_EDGE ( 'NONE', *, *, #3224, .T. ) ;
#506 = DIRECTION ( 'NONE',  ( -0.9578261420740937782, -0.2873483627227721438, -1.479133655835075272E-08 ) ) ;
#507 = ADVANCED_FACE ( 'NONE', ( #1578 ), #2316, .F. ) ;
#508 = DIRECTION ( 'NONE',  ( -1.644517855226007801E-15, -1.000000000000000000, -2.890435660536363568E-30 ) ) ;
#509 = ORIENTED_EDGE ( 'NONE', *, *, #1266, .F. ) ;
#510 = CARTESIAN_POINT ( 'NONE',  ( 0.4578091021359867452, 0.001406169436326775574, 0.001978705532487012690 ) ) ;
#511 = LINE ( 'NONE', #4227, #2430 ) ;
#512 = CARTESIAN_POINT ( 'NONE',  ( 0.4615064727374434961, 0.03516481420455510459, -0.03391963584585947628 ) ) ;
#513 = DIRECTION ( 'NONE',  ( 0.9040697402709132469, -1.486758830245055043E-15, -0.4273849608099042907 ) ) ;
#514 = VECTOR ( 'NONE', #3276, 39.37007874015748143 ) ;
#515 = ORIENTED_EDGE ( 'NONE', *, *, #3307, .T. ) ;
#516 = ORIENTED_EDGE ( 'NONE', *, *, #2350, .T. ) ;
#517 = PLANE ( 'NONE',  #2750 ) ;
#518 = LINE ( 'NONE', #1544, #4099 ) ;
#519 = PRESENTATION_LAYER_ASSIGNMENT (  '', '', ( #2729 ) ) ;
#520 = EDGE_LOOP ( 'NONE', ( #2389, #1432, #3354, #3104 ) ) ;
#521 = VECTOR ( 'NONE', #1288, 39.37007874015748143 ) ;
#522 = PRESENTATION_STYLE_ASSIGNMENT (( #568 ) ) ;
#523 = LENGTH_MEASURE_WITH_UNIT ( LENGTH_MEASURE( 0.02539999999999999897 ), #3561 );
#524 = ADVANCED_FACE ( 'NONE', ( #2632 ), #1622, .F. ) ;
#525 = ORIENTED_EDGE ( 'NONE', *, *, #3017, .F. ) ;
#526 = EDGE_CURVE ( 'NONE', #2864, #3556, #2679, .T. ) ;
#527 =( NAMED_UNIT ( * ) PLANE_ANGLE_UNIT ( ) SI_UNIT ( $, .RADIAN. ) );
#528 = DIRECTION ( 'NONE',  ( 8.235599702199888450E-12, 0.0000000000000000000, -1.000000000000000000 ) ) ;
#529 = LINE ( 'NONE', #4222, #1738 ) ;
#530 = ADVANCED_FACE ( 'NONE', ( #4367 ), #604, .F. ) ;
#531 = DIRECTION ( 'NONE',  ( 0.2761719275641929539, 0.9205747438996728649, 0.2761724231698924337 ) ) ;
#532 = SURFACE_STYLE_USAGE ( .BOTH. , #1169 ) ;
#533 = VECTOR ( 'NONE', #1026, 39.37007874015748143 ) ;
#534 = MECHANICAL_DESIGN_GEOMETRIC_PRESENTATION_REPRESENTATION (  '', ( #2598 ), #3644 ) ;
#535 = CARTESIAN_POINT ( 'NONE',  ( 0.5483132623143616158, -0.03570132752772850471, -0.06742126009100976591 ) ) ;
#536 = DIMENSIONAL_EXPONENTS ( 1.000000000000000000, 0.0000000000000000000, 0.0000000000000000000, 0.0000000000000000000, 0.0000000000000000000, 0.0000000000000000000, 0.0000000000000000000 ) ;
#537 = ORIENTED_EDGE ( 'NONE', *, *, #3910, .F. ) ;
#538 = AXIS2_PLACEMENT_3D ( 'NONE', #738, #3086, #3774 ) ;
#539 = FACE_OUTER_BOUND ( 'NONE', #3024, .T. ) ;
#540 =( NAMED_UNIT ( * ) PLANE_ANGLE_UNIT ( ) SI_UNIT ( $, .RADIAN. ) );
#541 = FACE_OUTER_BOUND ( 'NONE', #3, .T. ) ;
#542 = ORIENTED_EDGE ( 'NONE', *, *, #3750, .F. ) ;
#543 = AXIS2_PLACEMENT_3D ( 'NONE', #1657, #2731, #1681 ) ;
#544 =( NAMED_UNIT ( * ) SI_UNIT ( $, .STERADIAN. ) SOLID_ANGLE_UNIT ( ) );
#545 = CARTESIAN_POINT ( 'NONE',  ( 0.2372226159726404382, 0.03516481420467359315, -0.02726377977696224642 ) ) ;
#546 = PRESENTATION_LAYER_ASSIGNMENT (  '', '', ( #4368 ) ) ;
#547 = CARTESIAN_POINT ( 'NONE',  ( 0.2514430687583490975, 0.03516481420455545848, -0.07785626009152914195 ) ) ;
#548 = VECTOR ( 'NONE', #1806, 39.37007874015748143 ) ;
#549 = ORIENTED_EDGE ( 'NONE', *, *, #1539, .F. ) ;
#550 = CARTESIAN_POINT ( 'NONE',  ( 0.2313841284561837519, 0.1217789874329373717, 0.01210629896398258791 ) ) ;
#551 = DIRECTION ( 'NONE',  ( 0.9945218953682690710, 0.1045284632676950765, 8.189380864547705479E-12 ) ) ;
#552 = EDGE_CURVE ( 'NONE', #953, #834, #3016, .T. ) ;
#553 = LINE ( 'NONE', #1553, #1382 ) ;
#554 = VECTOR ( 'NONE', #2045, 39.37007874015748854 ) ;
#555 = ORIENTED_EDGE ( 'NONE', *, *, #2049, .T. ) ;
#556 = CARTESIAN_POINT ( 'NONE',  ( 0.1921925904901468085, -0.01880785086055354258, -0.04581343370862728942 ) ) ;
#557 = CARTESIAN_POINT ( 'NONE',  ( 0.4700169603338608115, 0.03516481425069641759, -0.1272637797758073563 ) ) ;
#558 = FILL_AREA_STYLE_COLOUR ( '', #2758 ) ;
#559 = LINE ( 'NONE', #2970, #1084 ) ;
#560 = VERTEX_POINT ( 'NONE', #1310 ) ;
#561 =( CONVERSION_BASED_UNIT ( 'INCH', #1220 ) LENGTH_UNIT ( ) NAMED_UNIT ( #2491 ) );
#562 = LINE ( 'NONE', #4212, #658 ) ;
#563 = LINE ( 'NONE', #2296, #4009 ) ;
#564 = EDGE_CURVE ( 'NONE', #1941, #1931, #4278, .T. ) ;
#565 = DIRECTION ( 'NONE',  ( 0.2761728437764086608, -0.9205744939126326853, -0.2761723402478091782 ) ) ;
#566 = ORIENTED_EDGE ( 'NONE', *, *, #4014, .T. ) ;
#567 = ORIENTED_EDGE ( 'NONE', *, *, #262, .T. ) ;
#568 = SURFACE_STYLE_USAGE ( .BOTH. , #2573 ) ;
#569 = CARTESIAN_POINT ( 'NONE',  ( 0.4679366774381520933, 0.03516481420463383328, -0.1272637797750200139 ) ) ;
#570 = SPHERICAL_SURFACE ( 'NONE', #331, 0.007874015748031495954 ) ;
#571 = ORIENTED_EDGE ( 'NONE', *, *, #2908, .T. ) ;
#572 =( NAMED_UNIT ( * ) PLANE_ANGLE_UNIT ( ) SI_UNIT ( $, .RADIAN. ) );
#573 = STYLED_ITEM ( 'NONE', ( #58 ), #1007 ) ;
#574 = ORIENTED_EDGE ( 'NONE', *, *, #4042, .F. ) ;
#575 = CARTESIAN_POINT ( 'NONE',  ( 0.2490536793154355943, 0.003668751212508218531, -0.1095942470915550748 ) ) ;
#576 = CARTESIAN_POINT ( 'NONE',  ( 0.5166854000888964071, -0.02333479306674191012, -0.06741788616556741720 ) ) ;
#577 = ORIENTED_EDGE ( 'NONE', *, *, #2933, .T. ) ;
#578 = PRODUCT_DEFINITION ( 'UNKNOWN', '', #1587, #2681 ) ;
#579 = CARTESIAN_POINT ( 'NONE',  ( 0.2506952668928372763, 0.03516481420455545848, -0.03730122072145040241 ) ) ;
#580 = LINE ( 'NONE', #1515, #4266 ) ;
#581 = SURFACE_SIDE_STYLE ('',( #1917 ) ) ;
#582 = LINE ( 'NONE', #244, #2221 ) ;
#583 = VERTEX_POINT ( 'NONE', #2242 ) ;
#584 = EDGE_CURVE ( 'NONE', #1209, #2477, #559, .T. ) ;
#585 = ADVANCED_FACE ( 'NONE', ( #3964 ), #1242, .T. ) ;
#586 =( NAMED_UNIT ( * ) PLANE_ANGLE_UNIT ( ) SI_UNIT ( $, .RADIAN. ) );
#587 = CARTESIAN_POINT ( 'NONE',  ( 0.2506952668926404892, 0.03516481420455545848, -0.08376177190259220806 ) ) ;
#588 = CARTESIAN_POINT ( 'NONE',  ( 0.1896577093114365509, -0.02375406862796411792, -0.04773622072184419141 ) ) ;
#589 =( NAMED_UNIT ( * ) PLANE_ANGLE_UNIT ( ) SI_UNIT ( $, .RADIAN. ) );
#590 = ORIENTED_EDGE ( 'NONE', *, *, #1927, .T. ) ;
#591 = MECHANICAL_DESIGN_GEOMETRIC_PRESENTATION_REPRESENTATION (  '', ( #2649 ), #3210 ) ;
#592 = EDGE_CURVE ( 'NONE', #874, #3572, #914, .T. ) ;
#593 = DIRECTION ( 'NONE',  ( 1.644517855226008195E-15, 1.000000000000000000, -2.890435660536364269E-30 ) ) ;
#594 = AXIS2_PLACEMENT_3D ( 'NONE', #888, #2584, #3891 ) ;
#595 = CARTESIAN_POINT ( 'NONE',  ( 0.3140612938105262764, 0.1021333181416026054, -0.08218503961889105092 ) ) ;
#596 = PRESENTATION_LAYER_ASSIGNMENT (  '', '', ( #4272 ) ) ;
#597 = VERTEX_POINT ( 'NONE', #3615 ) ;
#598 = DIRECTION ( 'NONE',  ( -1.748601263784621946E-15, 0.0000000000000000000, 1.000000000000000000 ) ) ;
#599 = CARTESIAN_POINT ( 'NONE',  ( 0.1910439396546640689, -0.02214987590510567733, -0.06760964749126260886 ) ) ;
#600 = CARTESIAN_POINT ( 'NONE',  ( 0.2412266368237435954, 0.1020939480628625523, -0.4075787404069424746 ) ) ;
#601 = ORIENTED_EDGE ( 'NONE', *, *, #3910, .T. ) ;
#602 = PLANE ( 'NONE',  #485 ) ;
#603 = SURFACE_SIDE_STYLE ('',( #626 ) ) ;
#604 = PLANE ( 'NONE',  #2075 ) ;
#605 = ORIENTED_EDGE ( 'NONE', *, *, #1539, .T. ) ;
#606 = PRESENTATION_LAYER_ASSIGNMENT (  '', '', ( #4204 ) ) ;
#607 = CIRCLE ( 'NONE', #3029, 0.005905511811027564992 ) ;
#608 = CARTESIAN_POINT ( 'NONE',  ( -0.1216505027520430049, 0.03516481420455606910, -0.8878914526895611559 ) ) ;
#609 = DIRECTION ( 'NONE',  ( -2.080127042981477371E-11, 1.000000000000000000, -6.394884622287363119E-13 ) ) ;
#610 = EDGE_CURVE ( 'NONE', #4330, #2808, #582, .T. ) ;
#611 = DIRECTION ( 'NONE',  ( 0.0000000000000000000, 0.0000000000000000000, 1.000000000000000000 ) ) ;
#612 = AXIS2_PLACEMENT_3D ( 'NONE', #156, #1509, #487 ) ;
#613 = VERTEX_POINT ( 'NONE', #1956 ) ;
#614 = CARTESIAN_POINT ( 'NONE',  ( 0.4536010832257899583, 0.04500733388959449188, -0.03701423085452092837 ) ) ;
#615 =( CONVERSION_BASED_UNIT ( 'INCH', #3642 ) LENGTH_UNIT ( ) NAMED_UNIT ( #1748 ) );
#616 =( NAMED_UNIT ( * ) PLANE_ANGLE_UNIT ( ) SI_UNIT ( $, .RADIAN. ) );
#617 = ORIENTED_EDGE ( 'NONE', *, *, #1592, .F. ) ;
#618 = DIRECTION ( 'NONE',  ( -0.9945218953682685159, 0.1045284632676983655, -1.739022243102431967E-15 ) ) ;
#619 = COLOUR_RGB ( '',0.7607843137254901578, 0.7607843137254901578, 0.0000000000000000000 ) ;
#620 = VECTOR ( 'NONE', #2281, 39.37007874015748854 ) ;
#621 = EDGE_CURVE ( 'NONE', #1055, #1455, #3312, .T. ) ;
#622 = CARTESIAN_POINT ( 'NONE',  ( 0.2313841284562319633, 0.03516481420455548623, -0.08789370103680475832 ) ) ;
#623 = ORIENTED_EDGE ( 'NONE', *, *, #1961, .F. ) ;
#624 = ORIENTED_EDGE ( 'NONE', *, *, #1592, .T. ) ;
#625 = DIRECTION ( 'NONE',  ( 1.387778780775897814E-15, 0.0000000000000000000, 1.000000000000000000 ) ) ;
#626 = SURFACE_STYLE_FILL_AREA ( #2266 ) ;
#627 = MECHANICAL_DESIGN_GEOMETRIC_PRESENTATION_REPRESENTATION (  '', ( #1905 ), #2331 ) ;
#628 = CARTESIAN_POINT ( 'NONE',  ( 0.5050328009654269090, -0.02127569993139008867, -0.06809047438447828060 ) ) ;
#629 = AXIS2_PLACEMENT_3D ( 'NONE', #3091, #1378, #2737 ) ;
#630 = ORIENTED_EDGE ( 'NONE', *, *, #1061, .F. ) ;
#631 = AXIS2_PLACEMENT_3D ( 'NONE', #1998, #1915, #3009 ) ;
#632 = DIRECTION ( 'NONE',  ( 1.644517855225896177E-15, 1.000000000000000000, 6.394884621841000123E-14 ) ) ;
#633 = LINE ( 'NONE', #650, #2904 ) ;
#634 = SURFACE_SIDE_STYLE ('',( #2976 ) ) ;
#635 = CIRCLE ( 'NONE', #985, 0.007874015748031489015 ) ;
#636 = EDGE_LOOP ( 'NONE', ( #3353, #1979, #166, #4115, #2983, #2558, #2817, #3588 ) ) ;
#637 = CARTESIAN_POINT ( 'NONE',  ( 0.3496518449916170002, 0.1434325307400277361, -0.03600393725668660921 ) ) ;
#638 = CARTESIAN_POINT ( 'NONE',  ( 0.3928014512908295508, 0.1434325307400276528, -0.03600393725668725453 ) ) ;
#639 = ORIENTED_EDGE ( 'NONE', *, *, #154, .F. ) ;
#640 = CARTESIAN_POINT ( 'NONE',  ( 0.4754786166447397266, 0.03516481420455509072, -0.02726377977664890331 ) ) ;
#641 = CARTESIAN_POINT ( 'NONE',  ( 0.5483132623141996342, -0.02585880784268912436, -0.04773622072093100521 ) ) ;
#642 = CARTESIAN_POINT ( 'NONE',  ( 0.5146701546111711600, -0.01880785086055407340, -0.06934404710450368936 ) ) ;
#643 = ORIENTED_EDGE ( 'NONE', *, *, #584, .T. ) ;
#644 = EDGE_LOOP ( 'NONE', ( #3830, #968, #2565, #3512 ) ) ;
#645 = EDGE_CURVE ( 'NONE', #4018, #2630, #2516, .T. ) ;
#646 = CARTESIAN_POINT ( 'NONE',  ( 0.2506952668945302554, 0.03516481420455545848, -0.07785626009156855487 ) ) ;
#647 = DIRECTION ( 'NONE',  ( 1.644517855226008195E-15, 1.000000000000000000, 2.890435660536364269E-30 ) ) ;
#648 = DIRECTION ( 'NONE',  ( 1.000000000000000000, 0.0000000000000000000, -1.951563910474197493E-15 ) ) ;
#649 = FACE_OUTER_BOUND ( 'NONE', #755, .T. ) ;
#650 = CARTESIAN_POINT ( 'NONE',  ( 0.4561674782056326372, 0.03516481420455511153, -0.07785626009207995135 ) ) ;
#651 = ORIENTED_EDGE ( 'NONE', *, *, #3542, .T. ) ;
#652 = DIRECTION ( 'NONE',  ( -0.06844477287005698574, 0.6512085141311785286, -0.7558060493207426900 ) ) ;
#653 = DIRECTION ( 'NONE',  ( 0.0000000000000000000, 0.0000000000000000000, -1.000000000000000000 ) ) ;
#654 = DIRECTION ( 'NONE',  ( 1.748601263784622143E-15, 0.0000000000000000000, -1.000000000000000000 ) ) ;
#655 = VERTEX_POINT ( 'NONE', #2653 ) ;
#656 = DIRECTION ( 'NONE',  ( 1.644517855226008195E-15, 1.000000000000000000, -6.888556729901376831E-28 ) ) ;
#657 = CARTESIAN_POINT ( 'NONE',  ( 0.1916536552706491758, -0.02393547695607435924, -0.03986220497381267464 ) ) ;
#658 = VECTOR ( 'NONE', #1565, 39.37007874015748143 ) ;
#659 = EDGE_CURVE ( 'NONE', #1465, #765, #3335, .T. ) ;
#660 = B_SPLINE_CURVE_WITH_KNOTS ( 'NONE', 3,
 ( #642, #3936, #265, #3242, #4319, #2672, #196, #3263, #576, #2927 ),
 .UNSPECIFIED., .F., .F.,
 ( 4, 3, 3, 4 ),
 ( 2.474505902355471424E-17, 5.232092011450783337E-05, 0.0001048841986583178443, 0.0001556114547149465752 ),
 .UNSPECIFIED. ) ;
#661 = CARTESIAN_POINT ( 'NONE',  ( 0.4615064727376404496, 0.04500733388959447800, -0.08123784496900907093 ) ) ;
#662 = ORIENTED_EDGE ( 'NONE', *, *, #2716, .T. ) ;
#663 = CIRCLE ( 'NONE', #1655, 0.007874015748027545988 ) ;
#664 =( CONVERSION_BASED_UNIT ( 'INCH', #4049 ) LENGTH_UNIT ( ) NAMED_UNIT ( #1871 ) );
#665 = CARTESIAN_POINT ( 'NONE',  ( 0.2506952668935065742, 0.03516481420455545848, -0.07785626009152914195 ) ) ;
#666 =( LENGTH_UNIT ( ) NAMED_UNIT ( * ) SI_UNIT ( $, .METRE. ) );
#667 = ADVANCED_FACE ( 'NONE', ( #2039 ), #1689, .T. ) ;
#668 = DIRECTION ( 'NONE',  ( -1.748601263784621748E-15, 0.0000000000000000000, 1.000000000000000000 ) ) ;
#669 = DIRECTION ( 'NONE',  ( -1.644517855226008195E-15, -1.000000000000000000, 0.0000000000000000000 ) ) ;
#670 = PRESENTATION_STYLE_ASSIGNMENT (( #2770 ) ) ;
#671 = ORIENTED_EDGE ( 'NONE', *, *, #1122, .F. ) ;
#672 = ORIENTED_EDGE ( 'NONE', *, *, #63, .F. ) ;
#673 = CARTESIAN_POINT ( 'NONE',  ( 0.4754786166450025164, 0.03516481420311536044, 0.004564358673763484371 ) ) ;
#674 = SURFACE_SIDE_STYLE ('',( #2386 ) ) ;
#675 = PRESENTATION_LAYER_ASSIGNMENT (  '', '', ( #3518 ) ) ;
#676 = DIRECTION ( 'NONE',  ( 6.573244032422477783E-11, -1.000000000000000000, -7.815970093358505746E-14 ) ) ;
#677 = ORIENTED_EDGE ( 'NONE', *, *, #2685, .T. ) ;
#678 = CIRCLE ( 'NONE', #1808, 0.005905511811027556318 ) ;
#679 = LINE ( 'NONE', #3349, #2534 ) ;
#680 = DIRECTION ( 'NONE',  ( 0.9945218953682686269, -0.1045284632676983516, 1.739022243102431967E-15 ) ) ;
#681 = ORIENTED_EDGE ( 'NONE', *, *, #1513, .F. ) ;
#682 = COLOUR_RGB ( '',0.7607843137254901578, 0.7607843137254901578, 0.0000000000000000000 ) ;
#683 = AXIS2_PLACEMENT_3D ( 'NONE', #3433, #2760, #400 ) ;
#684 = DIRECTION ( 'NONE',  ( -1.000000000000000000, 1.644517855226007998E-15, 1.748601263784621946E-15 ) ) ;
#685 = AXIS2_PLACEMENT_3D ( 'NONE', #4245, #598, #1948 ) ;
#686 = DIRECTION ( 'NONE',  ( 3.222191032513205850E-10, 0.0000000000000000000, 1.000000000000000000 ) ) ;
#687 = AXIS2_PLACEMENT_3D ( 'NONE', #28, #2742, #1041 ) ;
#688 =( GEOMETRIC_REPRESENTATION_CONTEXT ( 3 ) GLOBAL_UNCERTAINTY_ASSIGNED_CONTEXT ( ( #2001 ) ) GLOBAL_UNIT_ASSIGNED_CONTEXT ( ( #151, #3126, #3540 ) ) REPRESENTATION_CONTEXT ( 'NONE', 'WORKASPACE' ) );
#689 = STYLED_ITEM ( 'NONE', ( #3916 ), #2634 ) ;
#690 = FACE_BOUND ( 'NONE', #840, .T. ) ;
#691 = CARTESIAN_POINT ( 'NONE',  ( 0.1972323944382713412, 0.02914268067976814522, -0.08789370103680482771 ) ) ;
#692 = ORIENTED_EDGE ( 'NONE', *, *, #3037, .F. ) ;
#693 = VECTOR ( 'NONE', #242, 39.37007874015748143 ) ;
#694 = VERTEX_POINT ( 'NONE', #2400 ) ;
#695 = EDGE_CURVE ( 'NONE', #1980, #770, #339, .T. ) ;
#696 = DIRECTION ( 'NONE',  ( -1.000000000000000000, 1.644517855226007998E-15, -1.748601263784621946E-15 ) ) ;
#697 = FILL_AREA_STYLE_COLOUR ( '', #682 ) ;
#698 = DIRECTION ( 'NONE',  ( -5.224987109642144261E-11, 0.0000000000000000000, -1.000000000000000000 ) ) ;
#699 = ORIENTED_EDGE ( 'NONE', *, *, #2650, .F. ) ;
#700 = AXIS2_PLACEMENT_3D ( 'NONE', #2108, #350, #1654 ) ;
#701 = PLANE ( 'NONE',  #1680 ) ;
#702 = DIRECTION ( 'NONE',  ( 0.5735764363508984998, 0.8191520442890949383, 1.002956481480260880E-15 ) ) ;
#703 = ORIENTED_EDGE ( 'NONE', *, *, #2292, .F. ) ;
#704 = DIRECTION ( 'NONE',  ( -0.9040697402684464423, 1.626303258728254482E-15, -0.4273849608151225055 ) ) ;
#705 = PLANE ( 'NONE',  #1116 ) ;
#706 = VECTOR ( 'NONE', #1630, 39.37007874015748143 ) ;
#707 = DIRECTION ( 'NONE',  ( 0.1045284632676983655, 0.9945218953682685159, 1.827786029713617844E-16 ) ) ;
#708 = FILL_AREA_STYLE ('',( #1714 ) ) ;
#709 = DIRECTION ( 'NONE',  ( -1.644517855226008195E-15, -1.000000000000000000, 0.0000000000000000000 ) ) ;
#710 = STYLED_ITEM ( 'NONE', ( #3625 ), #69 ) ;
#711 = EDGE_CURVE ( 'NONE', #765, #3041, #1058, .T. ) ;
#712 = ADVANCED_FACE ( 'NONE', ( #1731 ), #360, .T. ) ;
#713 = VERTEX_POINT ( 'NONE', #747 ) ;
#714 = CARTESIAN_POINT ( 'NONE',  ( 0.4578091021359867452, 0.003668751212429131620, -0.005563233721056288356 ) ) ;
#715 = DIRECTION ( 'NONE',  ( 1.644517855226008195E-15, 1.000000000000000000, -6.888556729901376831E-28 ) ) ;
#716 = EDGE_CURVE ( 'NONE', #3154, #1825, #3163, .T. ) ;
#717 = ADVANCED_FACE ( 'NONE', ( #3415 ), #379, .T. ) ;
#718 = ORIENTED_EDGE ( 'NONE', *, *, #3037, .T. ) ;
#719 = CARTESIAN_POINT ( 'NONE',  ( 0.2148518768365311193, 0.04500733388959488740, -0.02726377977696224642 ) ) ;
#720 = DIRECTION ( 'NONE',  ( -1.000000000000000000, 1.734723475977064460E-15, 1.951563910474197493E-15 ) ) ;
#721 = FILL_AREA_STYLE ('',( #3108 ) ) ;
#722 = ORIENTED_EDGE ( 'NONE', *, *, #767, .T. ) ;
#723 = MECHANICAL_DESIGN_GEOMETRIC_PRESENTATION_REPRESENTATION (  '', ( #4110 ), #311 ) ;
#724 = LINE ( 'NONE', #1079, #2841 ) ;
#725 = CARTESIAN_POINT ( 'NONE',  ( 0.2443412753441366048, 0.03516481420455546542, -0.08338492120180475420 ) ) ;
#726 = DIRECTION ( 'NONE',  ( 1.748601263784622143E-15, 0.0000000000000000000, -1.000000000000000000 ) ) ;
#727 = CARTESIAN_POINT ( 'NONE',  ( 0.2506952668926405448, 0.04500733388959482495, -0.08376177190259220806 ) ) ;
#728 = AXIS2_PLACEMENT_3D ( 'NONE', #3893, #513, #3185 ) ;
#729 = PLANE ( 'NONE',  #1438 ) ;
#730 = DIRECTION ( 'NONE',  ( -1.644517855226008392E-15, -1.000000000000000000, 0.0000000000000000000 ) ) ;
#731 = ORIENTED_EDGE ( 'NONE', *, *, #183, .T. ) ;
#732 = ADVANCED_FACE ( 'NONE', ( #3156 ), #440, .F. ) ;
#733 = CARTESIAN_POINT ( 'NONE',  ( 0.1933643507908065773, -0.007659296307097984528, -0.02726377977696231580 ) ) ;
#734 = CARTESIAN_POINT ( 'NONE',  ( 0.5096303506627002378, 0.02914268067976763174, -0.02726377977636772892 ) ) ;
#735 = DIRECTION ( 'NONE',  ( 1.828542904681267652E-15, 0.04993761694386230493, -0.9987523388778462019 ) ) ;
#736 = ORIENTED_EDGE ( 'NONE', *, *, #2981, .F. ) ;
#737 = PRESENTATION_STYLE_ASSIGNMENT (( #3773 ) ) ;
#738 = CARTESIAN_POINT ( 'NONE',  ( 0.3928014512908294953, 0.08634591656677388649, -0.03198818922499349626 ) ) ;
#739 = AXIS2_PLACEMENT_3D ( 'NONE', #2134, #32, #2429 ) ;
#740 = AXIS2_PLACEMENT_3D ( 'NONE', #3547, #508, #1637 ) ;
#741 = EDGE_CURVE ( 'NONE', #1327, #3486, #3181, .T. ) ;
#742 = ADVANCED_FACE ( 'NONE', ( #2863 ), #2214, .F. ) ;
#743 = VECTOR ( 'NONE', #2575, 39.37007874015748143 ) ;
#744 = ORIENTED_EDGE ( 'NONE', *, *, #2571, .T. ) ;
#745 = DIRECTION ( 'NONE',  ( 0.0000000000000000000, -0.2873478937908961472, -0.9578262827537862290 ) ) ;
#746 = ORIENTED_EDGE ( 'NONE', *, *, #45, .F. ) ;
#747 = CARTESIAN_POINT ( 'NONE',  ( 0.2313841284562201672, 0.04240669873959744540, -0.1272637797758057465 ) ) ;
#748 = VECTOR ( 'NONE', #1791, 39.37007874015748854 ) ;
#749 = CARTESIAN_POINT ( 'NONE',  ( 0.2372226159768137110, 0.04500733388959485270, -0.08789370103633235842 ) ) ;
#750 = CARTESIAN_POINT ( 'NONE',  ( 0.2313841284547877852, 0.03516481421120130901, 0.004564360868313389885 ) ) ;
#751 =( LENGTH_UNIT ( ) NAMED_UNIT ( * ) SI_UNIT ( $, .METRE. ) );
#752 = DIMENSIONAL_EXPONENTS ( 1.000000000000000000, 0.0000000000000000000, 0.0000000000000000000, 0.0000000000000000000, 0.0000000000000000000, 0.0000000000000000000, 0.0000000000000000000 ) ;
#753 = ORIENTED_EDGE ( 'NONE', *, *, #3017, .T. ) ;
#754 = CARTESIAN_POINT ( 'NONE',  ( 0.2006796306912831396, -0.02488414520015490641, -0.06742126009192291047 ) ) ;
#755 = EDGE_LOOP ( 'NONE', ( #753, #2114, #3715, #288 ) ) ;
#756 = CARTESIAN_POINT ( 'NONE',  ( 0.3140612938105263319, 0.1020939480628585000, -0.03297244119349745928 ) ) ;
#757 = LINE ( 'NONE', #2027, #116 ) ;
#758 = CARTESIAN_POINT ( 'NONE',  ( 0.5225010356768845510, -0.01798479209465759024, -0.04773622072114360598 ) ) ;
#759 = AXIS2_PLACEMENT_3D ( 'NONE', #3747, #709, #426 ) ;
#760 =( GEOMETRIC_REPRESENTATION_CONTEXT ( 3 ) GLOBAL_UNCERTAINTY_ASSIGNED_CONTEXT ( ( #402 ) ) GLOBAL_UNIT_ASSIGNED_CONTEXT ( ( #64, #1397, #3743 ) ) REPRESENTATION_CONTEXT ( 'NONE', 'WORKASPACE' ) );
#761 = ORIENTED_EDGE ( 'NONE', *, *, #1507, .F. ) ;
#762 = DIRECTION ( 'NONE',  ( 1.748601263784621946E-15, 0.0000000000000000000, -1.000000000000000000 ) ) ;
#763 = DIRECTION ( 'NONE',  ( 1.000000000000000000, -1.644517855226007998E-15, -1.748601263784621946E-15 ) ) ;
#764 = ADVANCED_FACE ( 'NONE', ( #3825 ), #3887, .F. ) ;
#765 = VERTEX_POINT ( 'NONE', #2484 ) ;
#766 = MECHANICAL_DESIGN_GEOMETRIC_PRESENTATION_REPRESENTATION (  '', ( #1705 ), #207 ) ;
#767 = EDGE_CURVE ( 'NONE', #2870, #1545, #1886, .T. ) ;
#768 = CARTESIAN_POINT ( 'NONE',  ( 0.4754786166452190099, 0.04240671319253163513, 0.01210629896319561152 ) ) ;
#769 = LINE ( 'NONE', #3476, #2380 ) ;
#770 = VERTEX_POINT ( 'NONE', #2163 ) ;
#771 = CARTESIAN_POINT ( 'NONE',  ( 0.4736274509820498357, 0.1217789874329369693, 0.01210629896398299730 ) ) ;
#772 = EDGE_LOOP ( 'NONE', ( #2932, #2324, #3919 ) ) ;
#773 = EDGE_CURVE ( 'NONE', #2492, #365, #790, .T. ) ;
#774 = FILL_AREA_STYLE_COLOUR ( '', #943 ) ;
#775 = CARTESIAN_POINT ( 'NONE',  ( 0.2532616618757507210, 0.03516481420455545848, -0.07814324995916692440 ) ) ;
#776 = VECTOR ( 'NONE', #3626, 39.37007874015748143 ) ;
#777 = ORIENTED_EDGE ( 'NONE', *, *, #3755, .F. ) ;
#778 = ORIENTED_EDGE ( 'NONE', *, *, #3994, .F. ) ;
#779 = CARTESIAN_POINT ( 'NONE',  ( 0.5054375802373487492, -0.02312085409984026424, -0.04773622072128668598 ) ) ;
#780 = CARTESIAN_POINT ( 'NONE',  ( 0.2006796306912802530, -0.02488414520016165102, -0.04773622072184417059 ) ) ;
#781 = DIMENSIONAL_EXPONENTS ( 1.000000000000000000, 0.0000000000000000000, 0.0000000000000000000, 0.0000000000000000000, 0.0000000000000000000, 0.0000000000000000000, 0.0000000000000000000 ) ;
#782 = VERTEX_POINT ( 'NONE', #4155 ) ;
#783 = LINE ( 'NONE', #1724, #899 ) ;
#784 = PLANE ( 'NONE',  #1280 ) ;
#785 = ORIENTED_EDGE ( 'NONE', *, *, #429, .F. ) ;
#786 = CARTESIAN_POINT ( 'NONE',  ( 0.2506952668935066297, 0.04500733388959482495, -0.07785626009152914195 ) ) ;
#787 = CARTESIAN_POINT ( 'NONE',  ( 0.2415117421193332392, 0.001406162577626337683, -0.005563233721056699485 ) ) ;
#788 = EDGE_CURVE ( 'NONE', #2198, #1919, #529, .T. ) ;
#789 = ORIENTED_EDGE ( 'NONE', *, *, #2175, .T. ) ;
#790 = LINE ( 'NONE', #1794, #1882 ) ;
#791 = UNCERTAINTY_MEASURE_WITH_UNIT (LENGTH_MEASURE( 1.000000000000000082E-05 ), #204, 'distance_accuracy_value', 'NONE');
#792 = ORIENTED_EDGE ( 'NONE', *, *, #3294, .T. ) ;
#793 = CIRCLE ( 'NONE', #3698, 0.005905511811023628904 ) ;
#794 = DIRECTION ( 'NONE',  ( -1.000000000000000000, 1.644517855226007801E-15, -1.778650912061784734E-12 ) ) ;
#795 = CYLINDRICAL_SURFACE ( 'NONE', #1652, 0.007874015748031478606 ) ;
#796 = CARTESIAN_POINT ( 'NONE',  ( 0.2313841284562319633, 0.04500733388959485964, -0.08789370103680475832 ) ) ;
#797 = AXIS2_PLACEMENT_3D ( 'NONE', #1340, #274, #1357 ) ;
#798 = ADVANCED_FACE ( 'NONE', ( #85 ), #1490, .F. ) ;
#799 = EDGE_CURVE ( 'NONE', #3049, #2010, #553, .T. ) ;
#800 = ORIENTED_EDGE ( 'NONE', *, *, #645, .F. ) ;
#801 = ORIENTED_EDGE ( 'NONE', *, *, #844, .T. ) ;
#802 = CARTESIAN_POINT ( 'NONE',  ( 0.2506952668933096762, 0.03516481420455545848, -0.03730122072145040241 ) ) ;
#803 = ORIENTED_EDGE ( 'NONE', *, *, #1042, .T. ) ;
#804 = FILL_AREA_STYLE ('',( #4193 ) ) ;
#805 = DIRECTION ( 'NONE',  ( 0.6691306063588773334, -0.7431448254773770357, 9.637352644315590806E-16 ) ) ;
#806 = VERTEX_POINT ( 'NONE', #1235 ) ;
#807 = DIMENSIONAL_EXPONENTS ( 1.000000000000000000, 0.0000000000000000000, 0.0000000000000000000, 0.0000000000000000000, 0.0000000000000000000, 0.0000000000000000000, 0.0000000000000000000 ) ;
#808 = FACE_OUTER_BOUND ( 'NONE', #4211, .T. ) ;
#809 = DIRECTION ( 'NONE',  ( 0.0000000000000000000, 0.0000000000000000000, -1.000000000000000000 ) ) ;
#810 = SURFACE_STYLE_USAGE ( .BOTH. , #3844 ) ;
#811 =( GEOMETRIC_REPRESENTATION_CONTEXT ( 3 ) GLOBAL_UNCERTAINTY_ASSIGNED_CONTEXT ( ( #2711 ) ) GLOBAL_UNIT_ASSIGNED_CONTEXT ( ( #1417, #3497, #438 ) ) REPRESENTATION_CONTEXT ( 'NONE', 'WORKASPACE' ) );
#812 = VERTEX_POINT ( 'NONE', #4002 ) ;
#813 = FACE_OUTER_BOUND ( 'NONE', #2184, .T. ) ;
#814 = FILL_AREA_STYLE ('',( #2240 ) ) ;
#815 = CARTESIAN_POINT ( 'NONE',  ( 0.5092218448044577572, -0.01405121771457881752, -0.07765748056377258512 ) ) ;
#816 = CARTESIAN_POINT ( 'NONE',  ( 0.3926470588251994576, 0.1020939480628583751, -0.007578740406095759927 ) ) ;
#817 = VERTEX_POINT ( 'NONE', #3677 ) ;
#818 = SURFACE_STYLE_FILL_AREA ( #1091 ) ;
#819 = CARTESIAN_POINT ( 'NONE',  ( 0.4696401291285066115, 0.04500733388959446413, -0.08001968528857600349 ) ) ;
#820 = AXIS2_PLACEMENT_3D ( 'NONE', #3097, #2768, #4090 ) ;
#821 = ORIENTED_EDGE ( 'NONE', *, *, #2150, .T. ) ;
#822 =( LENGTH_UNIT ( ) NAMED_UNIT ( * ) SI_UNIT ( $, .METRE. ) );
#823 = EDGE_CURVE ( 'NONE', #1141, #3409, #928, .T. ) ;
#824 = PLANE ( 'NONE',  #3245 ) ;
#825 = CARTESIAN_POINT ( 'NONE',  ( 0.3926470588251994576, 0.1020939480628583751, -0.007578740406095759927 ) ) ;
#826 = CIRCLE ( 'NONE', #1690, 0.007874015748031501158 ) ;
#827 = FILL_AREA_STYLE ('',( #2118 ) ) ;
#828 = VERTEX_POINT ( 'NONE', #2602 ) ;
#829 = VECTOR ( 'NONE', #179, 39.37007874015748143 ) ;
#830 = CARTESIAN_POINT ( 'NONE',  ( 0.5483132623140308803, -0.02585880784268912436, -0.02726377977604912614 ) ) ;
#831 = LENGTH_MEASURE_WITH_UNIT ( LENGTH_MEASURE( 0.02539999999999999897 ), #3908 );
#832 = CARTESIAN_POINT ( 'NONE',  ( 0.2148518768365311749, 0.04500733388959488740, -0.08789370103680475832 ) ) ;
#833 = VECTOR ( 'NONE', #966, 39.37007874015748143 ) ;
#834 = VERTEX_POINT ( 'NONE', #1911 ) ;
#835 = CARTESIAN_POINT ( 'NONE',  ( 0.5483132623143616158, -0.02585880784268912436, -0.06742126009100976591 ) ) ;
#836 = CARTESIAN_POINT ( 'NONE',  ( 0.5047076986980293389, -0.01818255847635045705, -0.04379921284727431030 ) ) ;
#837 = CARTESIAN_POINT ( 'NONE',  ( 0.2148518768365310638, 0.02729079845652401456, -0.02726377977696224642 ) ) ;
#838 = PLANE ( 'NONE',  #728 ) ;
#839 = DIMENSIONAL_EXPONENTS ( 1.000000000000000000, 0.0000000000000000000, 0.0000000000000000000, 0.0000000000000000000, 0.0000000000000000000, 0.0000000000000000000, 0.0000000000000000000 ) ;
#840 = EDGE_LOOP ( 'NONE', ( #1612, #307, #4259, #3978 ) ) ;
#841 = ORIENTED_EDGE ( 'NONE', *, *, #1894, .T. ) ;
#842 =( CONVERSION_BASED_UNIT ( 'INCH', #4307 ) LENGTH_UNIT ( ) NAMED_UNIT ( #2554 ) );
#843 = CARTESIAN_POINT ( 'NONE',  ( 0.5065489955218340778, -0.03570132752772843532, -0.02726377977639299691 ) ) ;
#844 = EDGE_CURVE ( 'NONE', #1213, #1003, #1977, .T. ) ;
#845 = FACE_OUTER_BOUND ( 'NONE', #1015, .T. ) ;
#846 = EDGE_CURVE ( 'NONE', #258, #178, #4247, .T. ) ;
#847 = ORIENTED_EDGE ( 'NONE', *, *, #4063, .F. ) ;
#848 = AXIS2_PLACEMENT_3D ( 'NONE', #1414, #2374, #702 ) ;
#849 = CLOSED_SHELL ( 'NONE', ( #1123, #1007, #316, #1367, #2634, #1777, #798, #4373, #4120, #3745, #385, #1, #3043, #2095, #200, #1391, #2479, #4240, #1037, #3560 ) ) ;
#850 = LENGTH_MEASURE_WITH_UNIT ( LENGTH_MEASURE( 0.02539999999999999897 ), #3881 );
#851 = DIRECTION ( 'NONE',  ( -1.644517855226008392E-15, -1.000000000000000000, -6.123233995736766036E-17 ) ) ;
#852 = CARTESIAN_POINT ( 'NONE',  ( 0.2461244040472859718, 0.03516481420455546542, -0.1272637797758069678 ) ) ;
#853 = EDGE_CURVE ( 'NONE', #583, #560, #607, .T. ) ;
#854 = FILL_AREA_STYLE ('',( #2258 ) ) ;
#855 = EDGE_CURVE ( 'NONE', #448, #2888, #884, .T. ) ;
#856 = PRESENTATION_LAYER_ASSIGNMENT (  '', '', ( #504 ) ) ;
#857 = AXIS2_PLACEMENT_3D ( 'NONE', #1523, #2893, #4214 ) ;
#858 = VERTEX_POINT ( 'NONE', #3586 ) ;
#859 = PRESENTATION_STYLE_ASSIGNMENT (( #1551 ) ) ;
#860 = CARTESIAN_POINT ( 'NONE',  ( 0.1605216694007094713, -0.06121462703867273231, -0.03986220497609280905 ) ) ;
#861 = CARTESIAN_POINT ( 'NONE',  ( -0.1216505027520430049, 0.04500733388959544945, -0.8878914526895611559 ) ) ;
#862 = LINE ( 'NONE', #2559, #829 ) ;
#863 = FACE_OUTER_BOUND ( 'NONE', #1067, .T. ) ;
#864 = LINE ( 'NONE', #2867, #3315 ) ;
#865 = DIRECTION ( 'NONE',  ( -8.234490263801784106E-12, 1.353889066150678860E-26, 1.000000000000000000 ) ) ;
#866 = AXIS2_PLACEMENT_3D ( 'NONE', #3706, #3020, #988 ) ;
#867 = EDGE_LOOP ( 'NONE', ( #2483, #1231, #3788 ) ) ;
#868 = ORIENTED_EDGE ( 'NONE', *, *, #4138, .T. ) ;
#869 = PRESENTATION_STYLE_ASSIGNMENT (( #2974 ) ) ;
#870 = CARTESIAN_POINT ( 'NONE',  ( 0.5048815532786112836, -0.01983667431789086846, -0.04581343370805756460 ) ) ;
#871 = CYLINDRICAL_SURFACE ( 'NONE', #857, 0.007874015748031495954 ) ;
#872 = COLOUR_RGB ( '',0.2509803921568627416, 0.2509803921568627416, 0.2509803921568627416 ) ;
#873 = DIMENSIONAL_EXPONENTS ( 1.000000000000000000, 0.0000000000000000000, 0.0000000000000000000, 0.0000000000000000000, 0.0000000000000000000, 0.0000000000000000000, 0.0000000000000000000 ) ;
#874 = VERTEX_POINT ( 'NONE', #2335 ) ;
#875 = VECTOR ( 'NONE', #2019, 39.37007874015748143 ) ;
#876 = EDGE_CURVE ( 'NONE', #1103, #1172, #660, .T. ) ;
#877 =( NAMED_UNIT ( * ) PLANE_ANGLE_UNIT ( ) SI_UNIT ( $, .RADIAN. ) );
#878 = LINE ( 'NONE', #2594, #2003 ) ;
#879 = CARTESIAN_POINT ( 'NONE',  ( 0.4625214697563018729, 0.03516481420455510459, -0.08338492120050514100 ) ) ;
#880 = DIRECTION ( 'NONE',  ( -0.9945218953682686269, 0.1045284632676983516, -1.739022243102431967E-15 ) ) ;
#881 = ORIENTED_EDGE ( 'NONE', *, *, #1166, .F. ) ;
#882 = CARTESIAN_POINT ( 'NONE',  ( 0.4578091021359867452, 0.003668751212429131620, -0.1095942470915555050 ) ) ;
#883 = CARTESIAN_POINT ( 'NONE',  ( 0.5037097929778026062, -0.008688119764421345023, -0.02726377977641642608 ) ) ;
#884 = LINE ( 'NONE', #1596, #4205 ) ;
#885 = ORIENTED_EDGE ( 'NONE', *, *, #318, .T. ) ;
#886 = CARTESIAN_POINT ( 'NONE',  ( 0.4754786166453175977, 0.04500733388959445719, -0.02726377977696183702 ) ) ;
#887 = CIRCLE ( 'NONE', #4210, 0.007874015748031494219 ) ;
#888 = CARTESIAN_POINT ( 'NONE',  ( 0.2372226159726799066, 0.03516481420455547929, -0.08001968528830076532 ) ) ;
#889 = AXIS2_PLACEMENT_3D ( 'NONE', #4088, #2103, #3762 ) ;
#890 = DIRECTION ( 'NONE',  ( -1.644517855226008195E-15, -1.000000000000000000, -2.890435660536364269E-30 ) ) ;
#891 = ORIENTED_EDGE ( 'NONE', *, *, #1401, .F. ) ;
#892 = VECTOR ( 'NONE', #4288, 39.37007874015748143 ) ;
#893 = SURFACE_SIDE_STYLE ('',( #3397 ) ) ;
#894 = CARTESIAN_POINT ( 'NONE',  ( 0.4518565694010656109, 0.1020939480628582641, -0.007578740406095623751 ) ) ;
#895 = DIRECTION ( 'NONE',  ( 0.5735764363501911767, -0.8191520442895903198, 1.002956481479023946E-15 ) ) ;
#896 =( CONVERSION_BASED_UNIT ( 'INCH', #4187 ) LENGTH_UNIT ( ) NAMED_UNIT ( #839 ) );
#897 = ORIENTED_EDGE ( 'NONE', *, *, #3403, .T. ) ;
#898 = STYLED_ITEM ( 'NONE', ( #2847 ), #2182 ) ;
#899 = VECTOR ( 'NONE', #720, 39.37007874015748143 ) ;
#900 = VECTOR ( 'NONE', #1189, 39.37007874015748143 ) ;
#901 = CARTESIAN_POINT ( 'NONE',  ( 0.5134983943106640192, -0.007659296307098515354, -0.08789370103617834273 ) ) ;
#902 = DIRECTION ( 'NONE',  ( -1.000000000000000000, 1.644517855226007801E-15, -8.234490263801784106E-12 ) ) ;
#903 = ORIENTED_EDGE ( 'NONE', *, *, #3351, .T. ) ;
#904 = VECTOR ( 'NONE', #1421, 39.37007874015748854 ) ;
#905 = VECTOR ( 'NONE', #3819, 39.37007874015748143 ) ;
#906 = ORIENTED_EDGE ( 'NONE', *, *, #3988, .T. ) ;
#907 = CIRCLE ( 'NONE', #1477, 0.007874015748031501158 ) ;
#908 =( CONVERSION_BASED_UNIT ( 'INCH', #831 ) LENGTH_UNIT ( ) NAMED_UNIT ( #194 ) );
#909 = EDGE_CURVE ( 'NONE', #2639, #694, #910, .T. ) ;
#910 = LINE ( 'NONE', #1212, #2311 ) ;
#911 = EDGE_CURVE ( 'NONE', #334, #1186, #2261, .T. ) ;
#912 = AXIS2_PLACEMENT_3D ( 'NONE', #2264, #931, #2946 ) ;
#913 = ORIENTED_EDGE ( 'NONE', *, *, #3717, .T. ) ;
#914 = LINE ( 'NONE', #2288, #2503 ) ;
#915 = VERTEX_POINT ( 'NONE', #2943 ) ;
#916 = EDGE_CURVE ( 'NONE', #2299, #1980, #3575, .T. ) ;
#917 = DIRECTION ( 'NONE',  ( 8.234490263801784106E-12, -1.353889066150678573E-26, -1.000000000000000000 ) ) ;
#918 = CARTESIAN_POINT ( 'NONE',  ( 0.5158188054464744043, -0.02214987590510622897, -0.04754783332185890526 ) ) ;
#919 = DIRECTION ( 'NONE',  ( 1.644517855226008195E-15, 1.000000000000000000, 2.890435660536364269E-30 ) ) ;
#920 =( LENGTH_UNIT ( ) NAMED_UNIT ( * ) SI_UNIT ( $, .METRE. ) );
#921 = ORIENTED_EDGE ( 'NONE', *, *, #1175, .T. ) ;
#922 = CARTESIAN_POINT ( 'NONE',  ( 0.4754786166452190099, 0.04240671319253163513, 0.01210629896319561152 ) ) ;
#923 = LINE ( 'NONE', #3624, #4132 ) ;
#924 = COLOUR_RGB ( '',0.7607843137254901578, 0.7607843137254901578, 0.0000000000000000000 ) ;
#925 = VERTEX_POINT ( 'NONE', #1932 ) ;
#926 = DIRECTION ( 'NONE',  ( -1.748601263784621946E-15, -0.0000000000000000000, -1.000000000000000000 ) ) ;
#927 = CARTESIAN_POINT ( 'NONE',  ( 0.1921383447885282314, -0.01932396423582067452, -0.04626303352232113281 ) ) ;
#928 = LINE ( 'NONE', #2986, #1952 ) ;
#929 = VERTEX_POINT ( 'NONE', #240 ) ;
#930 = ADVANCED_FACE ( 'NONE', ( #4295 ), #1263, .T. ) ;
#931 = DIRECTION ( 'NONE',  ( 1.644517855226007801E-15, 1.000000000000000000, 2.875605999964572744E-30 ) ) ;
#932 = PRODUCT ( 'CUI_DEVICES_DS04-254-1-01BK-SMT', 'CUI_DEVICES_DS04-254-1-01BK-SMT', '', ( #1137 ) ) ;
#933 = FACE_OUTER_BOUND ( 'NONE', #2290, .T. ) ;
#934 = CARTESIAN_POINT ( 'NONE',  ( 0.2746912150703571531, 0.1217789874329373023, -0.08316929158739536088 ) ) ;
#935 = ORIENTED_EDGE ( 'NONE', *, *, #552, .F. ) ;
#936 = LINE ( 'NONE', #273, #1121 ) ;
#937 = ADVANCED_FACE ( 'NONE', ( #1617 ), #3631, .F. ) ;
#938 = CARTESIAN_POINT ( 'NONE',  ( 0.2514430687594907954, 0.03516481420455545848, -0.03730122072145040241 ) ) ;
#939 = VECTOR ( 'NONE', #4019, 39.37007874015748143 ) ;
#940 = CARTESIAN_POINT ( 'NONE',  ( 0.3140612938105262764, 0.1021333181416026054, -0.08218503961889105092 ) ) ;
#941 = EDGE_LOOP ( 'NONE', ( #4164, #3155, #2086, #114 ) ) ;
#942 = ORIENTED_EDGE ( 'NONE', *, *, #1118, .T. ) ;
#943 = COLOUR_RGB ( '',0.7607843137254901578, 0.7607843137254901578, 0.0000000000000000000 ) ;
#944 = EDGE_CURVE ( 'NONE', #1779, #1465, #3982, .T. ) ;
#945 = LENGTH_MEASURE_WITH_UNIT ( LENGTH_MEASURE( 0.02539999999999999897 ), #414 );
#946 = FACE_OUTER_BOUND ( 'NONE', #867, .T. ) ;
#947 =( LENGTH_UNIT ( ) NAMED_UNIT ( * ) SI_UNIT ( $, .METRE. ) );
#948 =( CONVERSION_BASED_UNIT ( 'INCH', #1256 ) LENGTH_UNIT ( ) NAMED_UNIT ( #781 ) );
#949 = VERTEX_POINT ( 'NONE', #622 ) ;
#950 = CARTESIAN_POINT ( 'NONE',  ( 0.2148518768365311749, 0.04500733388959488740, -0.08789370103680475832 ) ) ;
#951 = LINE ( 'NONE', #3026, #1456 ) ;
#952 = CARTESIAN_POINT ( 'NONE',  ( 0.4578091021341366695, -0.004205264535248013670, -0.2095941658644421557 ) ) ;
#953 = VERTEX_POINT ( 'NONE', #286 ) ;
#954 = CARTESIAN_POINT ( 'NONE',  ( 0.4754786166452389939, 0.03516481420455509072, -0.08789370103649142563 ) ) ;
#955 = DIRECTION ( 'NONE',  ( -1.644517855226007801E-15, -1.000000000000000000, 6.888556729901404633E-28 ) ) ;
#956 = CARTESIAN_POINT ( 'NONE',  ( 0.5054377417277423623, -0.02312123604650298536, -0.06742126009136263642 ) ) ;
#957 = ORIENTED_EDGE ( 'NONE', *, *, #3484, .T. ) ;
#958 = CIRCLE ( 'NONE', #180, 0.005905511811023620231 ) ;
#959 = CARTESIAN_POINT ( 'NONE',  ( 0.5483132623141995232, -0.03570132752772850471, -0.04773622072093100521 ) ) ;
#960 = DIRECTION ( 'NONE',  ( 1.644517855226007801E-15, 1.000000000000000000, 2.875605999964572744E-30 ) ) ;
#961 = DIRECTION ( 'NONE',  ( -1.748601263784622143E-15, 0.0000000000000000000, 1.000000000000000000 ) ) ;
#962 = DIRECTION ( 'NONE',  ( 1.000000000000000000, -1.644517855226007801E-15, 1.748601263784621748E-15 ) ) ;
#963 = VECTOR ( 'NONE', #302, 39.37007874015748143 ) ;
#964 = ORIENTED_EDGE ( 'NONE', *, *, #1636, .F. ) ;
#965 =( NAMED_UNIT ( * ) PLANE_ANGLE_UNIT ( ) SI_UNIT ( $, .RADIAN. ) );
#966 = DIRECTION ( 'NONE',  ( 1.000000000000000000, -1.734723475977064460E-15, -1.734723475977064460E-15 ) ) ;
#967 = EDGE_CURVE ( 'NONE', #2330, #165, #3006, .T. ) ;
#968 = ORIENTED_EDGE ( 'NONE', *, *, #3168, .F. ) ;
#969 = CIRCLE ( 'NONE', #3444, 0.007874015748031501158 ) ;
#970 = DIRECTION ( 'NONE',  ( -0.6691306063588781106, 0.7431448254773763695, -2.168404344971007685E-15 ) ) ;
#971 = CARTESIAN_POINT ( 'NONE',  ( 0.1901773450124056297, -0.02333479306674136541, -0.04773959464754692211 ) ) ;
#972 = CIRCLE ( 'NONE', #3446, 0.007874015748031485545 ) ;
#973 = AXIS2_PLACEMENT_3D ( 'NONE', #3410, #1053, #3756 ) ;
#974 = DIRECTION ( 'NONE',  ( 1.644517855226008195E-15, 1.000000000000000000, 2.890435660536364269E-30 ) ) ;
#975 = ORIENTED_EDGE ( 'NONE', *, *, #3989, .T. ) ;
#976 = VERTEX_POINT ( 'NONE', #2733 ) ;
#977 = LINE ( 'NONE', #4249, #693 ) ;
#978 =( NAMED_UNIT ( * ) PLANE_ANGLE_UNIT ( ) SI_UNIT ( $, .RADIAN. ) );
#979 = CARTESIAN_POINT ( 'NONE',  ( 0.4653510425003174467, 0.001406173138374004891, -0.005563233702158661836 ) ) ;
#980 = AXIS2_PLACEMENT_3D ( 'NONE', #714, #531, #384 ) ;
#981 = VERTEX_POINT ( 'NONE', #2354 ) ;
#982 = CARTESIAN_POINT ( 'NONE',  ( 0.3142156862761680269, 0.1217789874329372468, 0.01210629896398272669 ) ) ;
#983 = EDGE_CURVE ( 'NONE', #2800, #3412, #2035, .T. ) ;
#984 = ORIENTED_EDGE ( 'NONE', *, *, #2802, .T. ) ;
#985 = AXIS2_PLACEMENT_3D ( 'NONE', #2692, #1676, #4136 ) ;
#986 = ORIENTED_EDGE ( 'NONE', *, *, #160, .F. ) ;
#987 = EDGE_CURVE ( 'NONE', #1052, #560, #356, .T. ) ;
#988 = DIRECTION ( 'NONE',  ( 0.06844477287628467077, 0.6512085141311780845, 0.7558060493201791408 ) ) ;
#989 = DIRECTION ( 'NONE',  ( -0.06844477288250365443, 0.6512085141311786396, 0.7558060493196154805 ) ) ;
#990 = EDGE_CURVE ( 'NONE', #874, #915, #1076, .T. ) ;
#991 = CARTESIAN_POINT ( 'NONE',  ( 0.4554196763414986582, 0.03516481420455512541, -0.03730122072223737706 ) ) ;
#992 = ORIENTED_EDGE ( 'NONE', *, *, #2301, .T. ) ;
#993 = CARTESIAN_POINT ( 'NONE',  ( 0.5483132623141995232, -0.03570132752772850471, -0.04773622072093100521 ) ) ;
#994 = LINE ( 'NONE', #2352, #1599 ) ;
#995 = EDGE_CURVE ( 'NONE', #178, #2348, #3395, .T. ) ;
#996 =( NAMED_UNIT ( * ) SI_UNIT ( $, .STERADIAN. ) SOLID_ANGLE_UNIT ( ) );
#997 = CARTESIAN_POINT ( 'NONE',  ( 0.2532616618757507210, 0.04500733388959482495, -0.07814324995916692440 ) ) ;
#998 = EDGE_LOOP ( 'NONE', ( #4265, #2480, #50, #1412, #1873, #984, #2623, #3652 ) ) ;
#999 = SURFACE_STYLE_USAGE ( .BOTH. , #3413 ) ;
#1000 = DIRECTION ( 'NONE',  ( -3.362227163310207537E-12, 4.918510043635005372E-12, -1.000000000000000000 ) ) ;
#1001 =( NAMED_UNIT ( * ) PLANE_ANGLE_UNIT ( ) SI_UNIT ( $, .RADIAN. ) );
#1002 = PLANE ( 'NONE',  #3730 ) ;
#1003 = VERTEX_POINT ( 'NONE', #3372 ) ;
#1004 = DIRECTION ( 'NONE',  ( 0.2761728437764086608, -0.9205744939126326853, 0.2761723402478091782 ) ) ;
#1005 = CARTESIAN_POINT ( 'NONE',  ( 0.3928014512908295508, 0.1020939480628583751, -0.08218503961889118969 ) ) ;
#1006 = CIRCLE ( 'NONE', #4184, 0.007874015748031495954 ) ;
#1007 = ADVANCED_FACE ( 'NONE', ( #3696 ), #4102, .T. ) ;
#1008 = UNCERTAINTY_MEASURE_WITH_UNIT (LENGTH_MEASURE( 1.000000000000000082E-05 ), #2015, 'distance_accuracy_value', 'NONE');
#1009 = ORIENTED_EDGE ( 'NONE', *, *, #995, .F. ) ;
#1010 =( BOUNDED_CURVE ( )  B_SPLINE_CURVE ( 3, ( #2544, #1854, #1135, #3254 ),
 .UNSPECIFIED., .F., .T. ) 
 B_SPLINE_CURVE_WITH_KNOTS ( ( 4, 4 ),
 ( 0.08266305805074627977, 0.8267300111068788260 ),
 .UNSPECIFIED. ) 
 CURVE ( )  GEOMETRIC_REPRESENTATION_ITEM ( )  RATIONAL_B_SPLINE_CURVE ( ( 1.000000000000000000, 0.9543933880140721415, 0.9543933880140721415, 1.000000000000000000 ) ) 
 REPRESENTATION_ITEM ( '' )  );
#1011 = LINE ( 'NONE', #1350, #2101 ) ;
#1012 = DIRECTION ( 'NONE',  ( 1.644517855226008195E-15, 1.000000000000000000, 2.890435660536364269E-30 ) ) ;
#1013 = MECHANICAL_DESIGN_GEOMETRIC_PRESENTATION_REPRESENTATION (  '', ( #2945 ), #1725 ) ;
#1014 = FACE_OUTER_BOUND ( 'NONE', #3201, .T. ) ;
#1015 = EDGE_LOOP ( 'NONE', ( #4041, #3151, #143, #1187 ) ) ;
#1016 = CARTESIAN_POINT ( 'NONE',  ( 0.2313841284563806500, 0.03516481420463422880, -0.08789370103625360198 ) ) ;
#1017 = CARTESIAN_POINT ( 'NONE',  ( 0.2490536793147662964, -0.004205264535602010016, -0.005563233721056699485 ) ) ;
#1018 = EDGE_CURVE ( 'NONE', #1141, #457, #1744, .T. ) ;
#1019 = SURFACE_SIDE_STYLE ('',( #4052 ) ) ;
#1020 =( NAMED_UNIT ( * ) SI_UNIT ( $, .STERADIAN. ) SOLID_ANGLE_UNIT ( ) );
#1021 = SURFACE_STYLE_FILL_AREA ( #3785 ) ;
#1022 = VERTEX_POINT ( 'NONE', #1354 ) ;
#1023 = SURFACE_STYLE_FILL_AREA ( #3406 ) ;
#1024 = CARTESIAN_POINT ( 'NONE',  ( 0.4254818849634279809, 0.1217789874329370386, -0.08316929158739508332 ) ) ;
#1025 = CIRCLE ( 'NONE', #2388, 0.007874015748031490750 ) ;
#1026 = DIRECTION ( 'NONE',  ( -1.748601263784622143E-15, 0.0000000000000000000, 1.000000000000000000 ) ) ;
#1027 = VERTEX_POINT ( 'NONE', #2782 ) ;
#1028 = CARTESIAN_POINT ( 'NONE',  ( 0.2443412753444515473, 0.04500733388959483189, -0.08338492120105671368 ) ) ;
#1029 = CARTESIAN_POINT ( 'NONE',  ( 0.3928014512908295508, 0.1434325307400276528, -0.03600393725668725453 ) ) ;
#1030 = CARTESIAN_POINT ( 'NONE',  ( 0.2813808601379161889, 0.1217789874329412297, -0.08316929158739536088 ) ) ;
#1031 = ORIENTED_EDGE ( 'NONE', *, *, #3617, .F. ) ;
#1032 = STYLED_ITEM ( 'NONE', ( #97 ), #2095 ) ;
#1033 = AXIS2_PLACEMENT_3D ( 'NONE', #1949, #285, #355 ) ;
#1034 = DIRECTION ( 'NONE',  ( 1.582776894139444281E-15, 0.0000000000000000000, -1.000000000000000000 ) ) ;
#1035 = ADVANCED_FACE ( 'NONE', ( #1014 ), #312, .T. ) ;
#1036 = DIRECTION ( 'NONE',  ( -1.644517855226007801E-15, -1.000000000000000000, -2.875605999964572744E-30 ) ) ;
#1037 = ADVANCED_FACE ( 'NONE', ( #1706 ), #4029, .F. ) ;
#1038 = DIRECTION ( 'NONE',  ( -1.644517855226008195E-15, -1.000000000000000000, -2.890435660536364269E-30 ) ) ;
#1039 = PRESENTATION_LAYER_ASSIGNMENT (  '', '', ( #689 ) ) ;
#1040 = LENGTH_MEASURE_WITH_UNIT ( LENGTH_MEASURE( 0.02539999999999999897 ), #1130 );
#1041 = DIRECTION ( 'NONE',  ( 1.000000000000000000, -1.644517855226007801E-15, 1.748601263784621748E-15 ) ) ;
#1042 = EDGE_CURVE ( 'NONE', #2778, #1545, #4165, .T. ) ;
#1043 =( LENGTH_UNIT ( ) NAMED_UNIT ( * ) SI_UNIT ( $, .METRE. ) );
#1044 = ADVANCED_FACE ( 'NONE', ( #1459 ), #784, .F. ) ;
#1045 = ORIENTED_EDGE ( 'NONE', *, *, #1401, .T. ) ;
#1046 = AXIS2_PLACEMENT_3D ( 'NONE', #110, #4201, #2168 ) ;
#1047 = ORIENTED_EDGE ( 'NONE', *, *, #621, .F. ) ;
#1048 = CARTESIAN_POINT ( 'NONE',  ( 0.2006796306912831396, -0.02488414520015490641, -0.06742126009192291047 ) ) ;
#1049 = CARTESIAN_POINT ( 'NONE',  ( 0.2313841284547877852, 0.03516481421120130901, -0.1197218416809251867 ) ) ;
#1050 = CARTESIAN_POINT ( 'NONE',  ( 0.5230445496231609370, -0.05876606348099619459, -0.03986220497381212646 ) ) ;
#1051 =( CONVERSION_BASED_UNIT ( 'INCH', #3489 ) LENGTH_UNIT ( ) NAMED_UNIT ( #2113 ) );
#1052 = VERTEX_POINT ( 'NONE', #4148 ) ;
#1053 = DIRECTION ( 'NONE',  ( -8.234490263801784106E-12, 1.353889066150678860E-26, 1.000000000000000000 ) ) ;
#1054 = PRESENTATION_STYLE_ASSIGNMENT (( #3428 ) ) ;
#1055 = VERTEX_POINT ( 'NONE', #1159 ) ;
#1056 = LINE ( 'NONE', #2719, #2246 ) ;
#1057 =( LENGTH_UNIT ( ) NAMED_UNIT ( * ) SI_UNIT ( $, .METRE. ) );
#1058 = LINE ( 'NONE', #1017, #3909 ) ;
#1059 = UNCERTAINTY_MEASURE_WITH_UNIT (LENGTH_MEASURE( 1.000000000000000082E-05 ), #2689, 'distance_accuracy_value', 'NONE');
#1060 = VECTOR ( 'NONE', #1972, 39.37007874015748143 ) ;
#1061 = EDGE_CURVE ( 'NONE', #1136, #812, #1766, .T. ) ;
#1062 = LINE ( 'NONE', #2420, #2289 ) ;
#1063 = CARTESIAN_POINT ( 'NONE',  ( 0.3140612938105263319, 0.1020939480628624274, -0.03297244119349746622 ) ) ;
#1064 = AXIS2_PLACEMENT_3D ( 'NONE', #280, #255, #2327 ) ;
#1065 = AXIS2_PLACEMENT_3D ( 'NONE', #3857, #170, #121 ) ;
#1066 = MANIFOLD_SOLID_BREP ( 'Combine3', #4260 ) ;
#1067 = EDGE_LOOP ( 'NONE', ( #2135, #453, #2343, #3609 ) ) ;
#1068 = LINE ( 'NONE', #894, #1075 ) ;
#1069 = PRESENTATION_STYLE_ASSIGNMENT (( #1092 ) ) ;
#1070 = DIRECTION ( 'NONE',  ( 1.000000000000000000, 0.0000000000000000000, -7.913884470697103077E-16 ) ) ;
#1071 = ORIENTED_EDGE ( 'NONE', *, *, #3796, .T. ) ;
#1072 = EDGE_CURVE ( 'NONE', #2348, #806, #3172, .T. ) ;
#1073 = SURFACE_STYLE_FILL_AREA ( #3211 ) ;
#1074 = DIRECTION ( 'NONE',  ( 1.000000000000000000, -1.644517855226007801E-15, 1.748601263784621748E-15 ) ) ;
#1075 = VECTOR ( 'NONE', #1246, 39.37007874015748143 ) ;
#1076 = LINE ( 'NONE', #3027, #4130 ) ;
#1077 = ORIENTED_EDGE ( 'NONE', *, *, #4213, .F. ) ;
#1078 = COLOUR_RGB ( '',0.7607843137254901578, 0.7607843137254901578, 0.0000000000000000000 ) ;
#1079 = CARTESIAN_POINT ( 'NONE',  ( 0.4653510425003174467, 0.001406173138374004891, -0.005563233702158661836 ) ) ;
#1080 = DIRECTION ( 'NONE',  ( -1.644517855226008195E-15, -1.000000000000000000, -6.123233995736766036E-17 ) ) ;
#1081 = CARTESIAN_POINT ( 'NONE',  ( 0.3140612938105263319, 0.1060309559368545623, -0.03277559079979674994 ) ) ;
#1082 = SURFACE_STYLE_FILL_AREA ( #423 ) ;
#1083 = STYLED_ITEM ( 'NONE', ( #522 ), #251 ) ;
#1084 = VECTOR ( 'NONE', #3011, 39.37007874015748143 ) ;
#1085 = DIRECTION ( 'NONE',  ( -1.748601263784622143E-15, 0.0000000000000000000, 1.000000000000000000 ) ) ;
#1086 = CARTESIAN_POINT ( 'NONE',  ( 0.4754786166453176532, 0.04500733388959445719, -0.08789370103648942723 ) ) ;
#1087 = PRESENTATION_STYLE_ASSIGNMENT (( #1359 ) ) ;
#1088 = DIRECTION ( 'NONE',  ( -6.071532165918827355E-14, -0.2873478855663199605, -0.9578262852211589795 ) ) ;
#1089 = MANIFOLD_SOLID_BREP ( 'Combine5', #3340 ) ;
#1090 = ORIENTED_EDGE ( 'NONE', *, *, #3701, .F. ) ;
#1091 = FILL_AREA_STYLE ('',( #4140 ) ) ;
#1092 = SURFACE_STYLE_USAGE ( .BOTH. , #3407 ) ;
#1093 = ADVANCED_FACE ( 'NONE', ( #3324 ), #4219, .T. ) ;
#1094 = CARTESIAN_POINT ( 'NONE',  ( 0.2746912150703570421, 0.1020939480628467594, -0.03297244119349752867 ) ) ;
#1095 = EDGE_CURVE ( 'NONE', #1203, #3984, #4314, .T. ) ;
#1096 = DIMENSIONAL_EXPONENTS ( 1.000000000000000000, 0.0000000000000000000, 0.0000000000000000000, 0.0000000000000000000, 0.0000000000000000000, 0.0000000000000000000, 0.0000000000000000000 ) ;
#1097 = ORIENTED_EDGE ( 'NONE', *, *, #2238, .F. ) ;
#1098 = CARTESIAN_POINT ( 'NONE',  ( 0.4754786166450025164, 0.03516481420311536044, -0.1197218394863752561 ) ) ;
#1099 = DIRECTION ( 'NONE',  ( -1.644517855226007801E-15, -1.000000000000000000, -2.890435660536363919E-30 ) ) ;
#1100 = EDGE_CURVE ( 'NONE', #2446, #2808, #191, .T. ) ;
#1101 = DIRECTION ( 'NONE',  ( -1.644517855226007801E-15, -1.000000000000000000, -2.890435660536363568E-30 ) ) ;
#1102 = STYLED_ITEM ( 'NONE', ( #2157 ), #1856 ) ;
#1103 = VERTEX_POINT ( 'NONE', #1279 ) ;
#1104 = DIRECTION ( 'NONE',  ( -1.537728278044881501E-09, 0.0000000000000000000, 1.000000000000000000 ) ) ;
#1105 = CARTESIAN_POINT ( 'NONE',  ( 0.3928014512908296063, 0.1434325307400276528, -0.07915354355589927782 ) ) ;
#1106 = VERTEX_POINT ( 'NONE', #595 ) ;
#1107 = EDGE_LOOP ( 'NONE', ( #3930, #4310, #227, #234, #4163, #283, #427, #2252, #3404, #250 ) ) ;
#1108 = VECTOR ( 'NONE', #1304, 39.37007874015748143 ) ;
#1109 = LINE ( 'NONE', #4070, #3836 ) ;
#1110 = VECTOR ( 'NONE', #3573, 39.37007874015748143 ) ;
#1111 = SURFACE_STYLE_FILL_AREA ( #1380 ) ;
#1112 = PRESENTATION_LAYER_ASSIGNMENT (  '', '', ( #4369 ) ) ;
#1113 = ORIENTED_EDGE ( 'NONE', *, *, #1406, .T. ) ;
#1114 = ORIENTED_EDGE ( 'NONE', *, *, #3200, .F. ) ;
#1115 = SURFACE_STYLE_USAGE ( .BOTH. , #3488 ) ;
#1116 = AXIS2_PLACEMENT_3D ( 'NONE', #3114, #24, #3034 ) ;
#1117 = VERTEX_POINT ( 'NONE', #3002 ) ;
#1118 = EDGE_CURVE ( 'NONE', #3209, #583, #4333, .T. ) ;
#1119 = DIRECTION ( 'NONE',  ( -2.085096165010846546E-13, 3.400221813223966042E-28, 1.000000000000000000 ) ) ;
#1120 = ORIENTED_EDGE ( 'NONE', *, *, #1226, .F. ) ;
#1121 = VECTOR ( 'NONE', #632, 39.37007874015748143 ) ;
#1122 = EDGE_CURVE ( 'NONE', #1651, #1980, #2305, .T. ) ;
#1123 = ADVANCED_FACE ( 'NONE', ( #2577 ), #3884, .F. ) ;
#1124 = DIMENSIONAL_EXPONENTS ( 1.000000000000000000, 0.0000000000000000000, 0.0000000000000000000, 0.0000000000000000000, 0.0000000000000000000, 0.0000000000000000000, 0.0000000000000000000 ) ;
#1125 = CARTESIAN_POINT ( 'NONE',  ( 0.4700169603338608115, 0.03516481425069641759, 0.01210629896319560285 ) ) ;
#1126 = DIRECTION ( 'NONE',  ( -1.000000000000000000, 1.644517855226007801E-15, -1.748601263784621748E-15 ) ) ;
#1127 = VERTEX_POINT ( 'NONE', #547 ) ;
#1128 = EDGE_LOOP ( 'NONE', ( #1893, #3441, #1097, #182, #3175, #4232 ) ) ;
#1129 = CARTESIAN_POINT ( 'NONE',  ( 0.2372226159726010808, 0.03516481420455547929, -0.03513779552499369380 ) ) ;
#1130 =( LENGTH_UNIT ( ) NAMED_UNIT ( * ) SI_UNIT ( $, .METRE. ) );
#1131 = CARTESIAN_POINT ( 'NONE',  ( 0.5171906553894755065, -0.02376973408140405433, -0.04773620808020646866 ) ) ;
#1132 = EDGE_LOOP ( 'NONE', ( #3341, #138, #1623, #718 ) ) ;
#1133 = ORIENTED_EDGE ( 'NONE', *, *, #1294, .F. ) ;
#1134 = SURFACE_STYLE_USAGE ( .BOTH. , #1566 ) ;
#1135 = CARTESIAN_POINT ( 'NONE',  ( 0.2313841284562279110, 0.03769412923981661778, -0.1244362367348593318 ) ) ;
#1136 = VERTEX_POINT ( 'NONE', #1907 ) ;
#1137 = PRODUCT_CONTEXT ( 'NONE', #1451, 'mechanical' ) ;
#1138 = DIRECTION ( 'NONE',  ( 1.000000000000000000, -1.644517855226007801E-15, 1.748601263784621748E-15 ) ) ;
#1139 = DIRECTION ( 'NONE',  ( 2.472333760372393539E-11, 9.216762533948997650E-11, -1.000000000000000000 ) ) ;
#1140 = DIRECTION ( 'NONE',  ( 1.000000000000000000, 0.0000000000000000000, -4.436606511959893894E-13 ) ) ;
#1141 = VERTEX_POINT ( 'NONE', #3260 ) ;
#1142 = LINE ( 'NONE', #3804, #4294 ) ;
#1143 = SURFACE_STYLE_FILL_AREA ( #4174 ) ;
#1144 =( CONVERSION_BASED_UNIT ( 'INCH', #2143 ) LENGTH_UNIT ( ) NAMED_UNIT ( #77 ) );
#1145 = AXIS2_PLACEMENT_3D ( 'NONE', #2747, #1673, #3045 ) ;
#1146 = LINE ( 'NONE', #3182, #1549 ) ;
#1147 = FACE_OUTER_BOUND ( 'NONE', #3259, .T. ) ;
#1148 = PRESENTATION_STYLE_ASSIGNMENT (( #3226 ) ) ;
#1149 = EDGE_LOOP ( 'NONE', ( #1842, #2370, #3656, #3548 ) ) ;
#1150 = EDGE_CURVE ( 'NONE', #3627, #1745, #218, .T. ) ;
#1151 = ORIENTED_EDGE ( 'NONE', *, *, #4234, .T. ) ;
#1152 = LINE ( 'NONE', #2090, #3355 ) ;
#1153 = LENGTH_MEASURE_WITH_UNIT ( LENGTH_MEASURE( 0.02539999999999999897 ), #2152 );
#1154 =( NAMED_UNIT ( * ) PLANE_ANGLE_UNIT ( ) SI_UNIT ( $, .RADIAN. ) );
#1155 = ORIENTED_EDGE ( 'NONE', *, *, #909, .T. ) ;
#1156 = FILL_AREA_STYLE ('',( #4191 ) ) ;
#1157 = CARTESIAN_POINT ( 'NONE',  ( 0.3140612938105263319, 0.1060309559368545623, -0.03277559079979674994 ) ) ;
#1158 = CARTESIAN_POINT ( 'NONE',  ( 0.4754786166452389939, 0.04500733388959445719, -0.08789370103649142563 ) ) ;
#1159 = CARTESIAN_POINT ( 'NONE',  ( 0.2415117421193332392, 0.001406162577626337683, -0.1095942470915550748 ) ) ;
#1160 = ORIENTED_EDGE ( 'NONE', *, *, #289, .F. ) ;
#1161 = AXIS2_PLACEMENT_3D ( 'NONE', #861, #1843, #2902 ) ;
#1162 = DIRECTION ( 'NONE',  ( -1.644517855226008392E-15, -1.000000000000000000, -6.123233995736766036E-17 ) ) ;
#1163 = DIRECTION ( 'NONE',  ( 0.9945218953682689600, 0.1045284632676950626, 8.189380864547705479E-12 ) ) ;
#1164 = VECTOR ( 'NONE', #1012, 39.37007874015748143 ) ;
#1165 = ORIENTED_EDGE ( 'NONE', *, *, #122, .F. ) ;
#1166 = EDGE_CURVE ( 'NONE', #925, #1824, #3367, .T. ) ;
#1167 = LINE ( 'NONE', #3847, #2181 ) ;
#1168 = EDGE_CURVE ( 'NONE', #2154, #3728, #1780, .T. ) ;
#1169 = SURFACE_SIDE_STYLE ('',( #3267 ) ) ;
#1170 =( NAMED_UNIT ( * ) PLANE_ANGLE_UNIT ( ) SI_UNIT ( $, .RADIAN. ) );
#1171 = ORIENTED_EDGE ( 'NONE', *, *, #3663, .T. ) ;
#1172 = VERTEX_POINT ( 'NONE', #304 ) ;
#1173 = VECTOR ( 'NONE', #2820, 39.37007874015748143 ) ;
#1174 = ADVANCED_FACE ( 'NONE', ( #3690 ), #1990, .T. ) ;
#1175 = EDGE_CURVE ( 'NONE', #2189, #1545, #4021, .T. ) ;
#1176 = SURFACE_SIDE_STYLE ('',( #2249 ) ) ;
#1177 = CARTESIAN_POINT ( 'NONE',  ( 0.3496518449916169446, 0.1434325307400277361, -0.07915354355589923618 ) ) ;
#1178 = MECHANICAL_DESIGN_GEOMETRIC_PRESENTATION_REPRESENTATION (  '', ( #3736 ), #1328 ) ;
#1179 = DIRECTION ( 'NONE',  ( 1.748601263784621946E-15, -2.465190328815662439E-32, -1.000000000000000000 ) ) ;
#1180 = ORIENTED_EDGE ( 'NONE', *, *, #3676, .T. ) ;
#1181 = CARTESIAN_POINT ( 'NONE',  ( 0.3926470588251995686, 0.1217789874329371080, -0.007578740406095759927 ) ) ;
#1182 = CARTESIAN_POINT ( 'NONE',  ( 0.2014422566030113215, -0.02496430041343658535, -0.03986220497381267464 ) ) ;
#1183 = STYLED_ITEM ( 'NONE', ( #2684 ), #316 ) ;
#1184 = AXIS2_PLACEMENT_3D ( 'NONE', #3681, #647, #1999 ) ;
#1185 = PRESENTATION_STYLE_ASSIGNMENT (( #2158 ) ) ;
#1186 = VERTEX_POINT ( 'NONE', #3346 ) ;
#1187 = ORIENTED_EDGE ( 'NONE', *, *, #2858, .T. ) ;
#1188 = AXIS2_PLACEMENT_3D ( 'NONE', #3827, #3568, #1819 ) ;
#1189 = DIRECTION ( 'NONE',  ( -1.000000000000000000, 1.644517855226007801E-15, -4.329683484489847320E-13 ) ) ;
#1190 = DIRECTION ( 'NONE',  ( -1.000000000000000000, 1.644517855226007801E-15, -1.778650910260784742E-12 ) ) ;
#1191 = ORIENTED_EDGE ( 'NONE', *, *, #1770, .T. ) ;
#1192 = DIRECTION ( 'NONE',  ( -1.000000000000000000, 1.644517855226007801E-15, -8.234490263801784106E-12 ) ) ;
#1193 = DIRECTION ( 'NONE',  ( 1.748601263784621946E-15, 0.0000000000000000000, -1.000000000000000000 ) ) ;
#1194 = LINE ( 'NONE', #90, #2171 ) ;
#1195 = FACE_OUTER_BOUND ( 'NONE', #3313, .T. ) ;
#1196 = EDGE_LOOP ( 'NONE', ( #4121, #1973, #2159, #1217 ) ) ;
#1197 = EDGE_CURVE ( 'NONE', #2924, #2578, #3465, .T. ) ;
#1198 = ORIENTED_EDGE ( 'NONE', *, *, #3302, .T. ) ;
#1199 =( LENGTH_UNIT ( ) NAMED_UNIT ( * ) SI_UNIT ( $, .METRE. ) );
#1200 = FILL_AREA_STYLE_COLOUR ( '', #261 ) ;
#1201 = CARTESIAN_POINT ( 'NONE',  ( 0.2313841284533489917, 0.03516481421632714627, 0.004564360868313389885 ) ) ;
#1202 = ADVANCED_FACE ( 'NONE', ( #93 ), #1325, .T. ) ;
#1203 = VERTEX_POINT ( 'NONE', #329 ) ;
#1204 = LINE ( 'NONE', #614, #3076 ) ;
#1205 = CARTESIAN_POINT ( 'NONE',  ( 0.2453562723632703446, 0.04500733388959483189, -0.03391963584349765720 ) ) ;
#1206 = CARTESIAN_POINT ( 'NONE',  ( 0.2703607577135457296, -0.06735471599197999371, -0.02687027388247394469 ) ) ;
#1207 = STYLED_ITEM ( 'NONE', ( #276 ), #263 ) ;
#1208 = EDGE_CURVE ( 'NONE', #770, #1771, #635, .T. ) ;
#1209 = VERTEX_POINT ( 'NONE', #991 ) ;
#1210 = PLANE ( 'NONE',  #2460 ) ;
#1211 = CYLINDRICAL_SURFACE ( 'NONE', #3853, 0.007874015748031499423 ) ;
#1212 = CARTESIAN_POINT ( 'NONE',  ( 0.2031529521231688895, -0.008688119764420850627, -0.08789370103680482771 ) ) ;
#1213 = VERTEX_POINT ( 'NONE', #1005 ) ;
#1214 = FACE_OUTER_BOUND ( 'NONE', #1230, .T. ) ;
#1215 = CARTESIAN_POINT ( 'NONE',  ( 0.4726510730673783578, 0.03769413434112270367, -0.1272637797758073841 ) ) ;
#1216 = DIRECTION ( 'NONE',  ( -0.9945218953682690710, -0.1045284632676948544, -8.187894806610516561E-12 ) ) ;
#1217 = ORIENTED_EDGE ( 'NONE', *, *, #154, .T. ) ;
#1218 = ORIENTED_EDGE ( 'NONE', *, *, #2094, .F. ) ;
#1219 = MECHANICAL_DESIGN_GEOMETRIC_PRESENTATION_REPRESENTATION (  '', ( #3418 ), #1512 ) ;
#1220 = LENGTH_MEASURE_WITH_UNIT ( LENGTH_MEASURE( 0.02539999999999999897 ), #4254 );
#1221 = DIRECTION ( 'NONE',  ( 1.644517855226008195E-15, 1.000000000000000000, 2.890435660536364269E-30 ) ) ;
#1222 = CARTESIAN_POINT ( 'NONE',  ( 0.2506952668926404892, 0.03516481420455545848, -0.08376177190259220806 ) ) ;
#1223 = ORIENTED_EDGE ( 'NONE', *, *, #1563, .T. ) ;
#1224 = AXIS2_PLACEMENT_3D ( 'NONE', #3268, #1270, #648 ) ;
#1225 = FACE_OUTER_BOUND ( 'NONE', #3808, .T. ) ;
#1226 = EDGE_CURVE ( 'NONE', #178, #2433, #2008, .T. ) ;
#1227 = DIRECTION ( 'NONE',  ( -1.644517855226206988E-15, -1.000000000000000000, 1.136868377216000001E-13 ) ) ;
#1228 = DIRECTION ( 'NONE',  ( -1.000000000000000000, -6.824337234613477078E-11, -1.067819642909784613E-12 ) ) ;
#1229 = ADVANCED_FACE ( 'NONE', ( #3669 ), #3141, .T. ) ;
#1230 = EDGE_LOOP ( 'NONE', ( #1562, #3269, #3420, #313, #2148, #271, #1888, #3567 ) ) ;
#1231 = ORIENTED_EDGE ( 'NONE', *, *, #3107, .T. ) ;
#1232 = CARTESIAN_POINT ( 'NONE',  ( 0.2389260676734684674, 0.03516481420629898741, 0.01210629896319520213 ) ) ;
#1233 = CARTESIAN_POINT ( 'NONE',  ( 0.1897231720634453001, -0.02375154730001874034, -0.06742126009192291047 ) ) ;
#1234 = EDGE_CURVE ( 'NONE', #782, #2778, #1504, .T. ) ;
#1235 = CARTESIAN_POINT ( 'NONE',  ( 0.2313841284561837519, 0.1217789874329373717, 0.01210629896398258791 ) ) ;
#1236 = ORIENTED_EDGE ( 'NONE', *, *, #695, .F. ) ;
#1237 = FACE_OUTER_BOUND ( 'NONE', #3632, .T. ) ;
#1238 = MECHANICAL_DESIGN_GEOMETRIC_PRESENTATION_REPRESENTATION (  '', ( #3383 ), #4293 ) ;
#1239 = DIRECTION ( 'NONE',  ( -0.4273849607944149032, 7.028421990814850682E-16, -0.9040697402782356118 ) ) ;
#1240 =( CONVERSION_BASED_UNIT ( 'INCH', #4006 ) LENGTH_UNIT ( ) NAMED_UNIT ( #873 ) );
#1241 = AXIS2_PLACEMENT_3D ( 'NONE', #1813, #1863, #2557 ) ;
#1242 = PLANE ( 'NONE',  #3565 ) ;
#1243 = EDGE_LOOP ( 'NONE', ( #1165, #2047, #692, #2815, #4003, #2149, #4296, #2676, #1489, #1632, #3593, #2053, #2337, #102 ) ) ;
#1244 = AXIS2_PLACEMENT_3D ( 'NONE', #1182, #3541, #1879 ) ;
#1245 = SURFACE_STYLE_USAGE ( .BOTH. , #893 ) ;
#1246 = DIRECTION ( 'NONE',  ( 1.000000000000000000, -1.644517855226007801E-15, 1.748601263784622143E-15 ) ) ;
#1247 = DIRECTION ( 'NONE',  ( 8.234490263801784106E-12, -1.353889066150678860E-26, -1.000000000000000000 ) ) ;
#1248 = ORIENTED_EDGE ( 'NONE', *, *, #1312, .F. ) ;
#1249 = AXIS2_PLACEMENT_3D ( 'NONE', #2475, #2178, #4236 ) ;
#1250 = VECTOR ( 'NONE', #1080, 39.37007874015748143 ) ;
#1251 = COLOUR_RGB ( '',0.7607843137254901578, 0.7607843137254901578, 0.0000000000000000000 ) ;
#1252 = DIRECTION ( 'NONE',  ( -0.09052430460421928560, 0.8612812260087807648, -0.5000000000007341905 ) ) ;
#1253 = FACE_OUTER_BOUND ( 'NONE', #3748, .T. ) ;
#1254 = CARTESIAN_POINT ( 'NONE',  ( 0.5037097929783018735, -0.008688119764421345023, -0.08789370103625893105 ) ) ;
#1255 = PRESENTATION_LAYER_ASSIGNMENT (  '', '', ( #3176 ) ) ;
#1256 = LENGTH_MEASURE_WITH_UNIT ( LENGTH_MEASURE( 0.02539999999999999897 ), #3931 );
#1257 = CIRCLE ( 'NONE', #973, 0.01771653543307088671 ) ;
#1258 = EDGE_CURVE ( 'NONE', #3556, #3412, #3787, .T. ) ;
#1259 = ORIENTED_EDGE ( 'NONE', *, *, #2188, .F. ) ;
#1260 = COLOUR_RGB ( '',0.7607843137254901578, 0.7607843137254901578, 0.0000000000000000000 ) ;
#1261 = LINE ( 'NONE', #950, #1108 ) ;
#1262 = CARTESIAN_POINT ( 'NONE',  ( 0.1906159070057856508, -0.02281331161264238405, -0.04769425531992722844 ) ) ;
#1263 = CYLINDRICAL_SURFACE ( 'NONE', #2818, 0.007874015748031495954 ) ;
#1264 = COLOUR_RGB ( '',0.7607843137254901578, 0.7607843137254901578, 0.0000000000000000000 ) ;
#1265 = ORIENTED_EDGE ( 'NONE', *, *, #788, .T. ) ;
#1266 = EDGE_CURVE ( 'NONE', #2486, #4065, #4379, .T. ) ;
#1267 = EDGE_CURVE ( 'NONE', #2330, #2198, #353, .T. ) ;
#1268 = CARTESIAN_POINT ( 'NONE',  ( 0.2019811918225118130, -0.01983667431789453914, -0.04581343370859897873 ) ) ;
#1269 = CARTESIAN_POINT ( 'NONE',  ( 0.4144549945979160710, 0.1060309559368543958, -0.03277559079979654871 ) ) ;
#1270 = DIRECTION ( 'NONE',  ( 1.951563910474197493E-15, -6.123233995737086511E-17, 1.000000000000000000 ) ) ;
#1271 = ORIENTED_EDGE ( 'NONE', *, *, #3775, .F. ) ;
#1272 = FILL_AREA_STYLE ('',( #2566 ) ) ;
#1273 = DIRECTION ( 'NONE',  ( 0.4273849607752874813, -7.028421990500299298E-16, 0.9040697402872777122 ) ) ;
#1274 = FACE_OUTER_BOUND ( 'NONE', #2564, .T. ) ;
#1275 = ORIENTED_EDGE ( 'NONE', *, *, #2548, .T. ) ;
#1276 = CARTESIAN_POINT ( 'NONE',  ( 0.4554196763415381821, 0.03516481420455512541, -0.08376177190290670649 ) ) ;
#1277 = SURFACE_SIDE_STYLE ('',( #3277 ) ) ;
#1278 = FACE_OUTER_BOUND ( 'NONE', #2087, .T. ) ;
#1279 = CARTESIAN_POINT ( 'NONE',  ( 0.5146701546111711600, -0.01880785086055407340, -0.06934404710450368936 ) ) ;
#1280 = AXIS2_PLACEMENT_3D ( 'NONE', #2898, #456, #1140 ) ;
#1281 = EDGE_LOOP ( 'NONE', ( #1427, #2078, #3531, #2065 ) ) ;
#1282 = LINE ( 'NONE', #2599, #1750 ) ;
#1283 = CARTESIAN_POINT ( 'NONE',  ( 0.1916536552706492591, -0.02393547695607435924, -0.07529527583995439255 ) ) ;
#1284 = VECTOR ( 'NONE', #2691, 39.37007874015748143 ) ;
#1285 = DIRECTION ( 'NONE',  ( 1.748601263784621748E-15, 0.0000000000000000000, -1.000000000000000000 ) ) ;
#1286 = ORIENTED_EDGE ( 'NONE', *, *, #4113, .T. ) ;
#1287 = PRESENTATION_STYLE_ASSIGNMENT (( #3940 ) ) ;
#1288 = DIRECTION ( 'NONE',  ( 0.2761719274401004953, 0.9205747435090979591, 0.2761724245959000235 ) ) ;
#1289 = ORIENTED_EDGE ( 'NONE', *, *, #3513, .F. ) ;
#1290 = FACE_OUTER_BOUND ( 'NONE', #3369, .T. ) ;
#1291 = CARTESIAN_POINT ( 'NONE',  ( 0.3928014512908296063, 0.1020939480628622886, -0.03297244119349760499 ) ) ;
#1292 = PLANE ( 'NONE',  #1822 ) ;
#1293 = MECHANICAL_DESIGN_GEOMETRIC_PRESENTATION_REPRESENTATION (  '', ( #232 ), #2212 ) ;
#1294 = EDGE_CURVE ( 'NONE', #3906, #1003, #4040, .T. ) ;
#1295 = SURFACE_STYLE_FILL_AREA ( #3971 ) ;
#1296 = ORIENTED_EDGE ( 'NONE', *, *, #429, .T. ) ;
#1297 = ORIENTED_EDGE ( 'NONE', *, *, #2657, .F. ) ;
#1298 = AXIS2_PLACEMENT_3D ( 'NONE', #3096, #1493, #2842 ) ;
#1299 =( NAMED_UNIT ( * ) PLANE_ANGLE_UNIT ( ) SI_UNIT ( $, .RADIAN. ) );
#1300 = DIRECTION ( 'NONE',  ( -1.000000000000000000, 1.644517855226007801E-15, 3.349940197328361899E-10 ) ) ;
#1301 = DIRECTION ( 'NONE',  ( 1.000000000000000000, -1.644517855226007801E-15, -2.328659752956362145E-10 ) ) ;
#1302 = MECHANICAL_DESIGN_GEOMETRIC_PRESENTATION_REPRESENTATION (  '', ( #2297 ), #3768 ) ;
#1303 = ORIENTED_EDGE ( 'NONE', *, *, #3611, .F. ) ;
#1304 = DIRECTION ( 'NONE',  ( 1.000000000000000000, -1.644517855226007801E-15, 1.748601263784622143E-15 ) ) ;
#1305 = LINE ( 'NONE', #4292, #249 ) ;
#1306 = CARTESIAN_POINT ( 'NONE',  ( 0.4561674782086246882, 0.03516481420455511153, -0.08376177190318229160 ) ) ;
#1307 = VERTEX_POINT ( 'NONE', #959 ) ;
#1308 = PLANE ( 'NONE',  #4306 ) ;
#1309 = PRESENTATION_STYLE_ASSIGNMENT (( #1955 ) ) ;
#1310 = CARTESIAN_POINT ( 'NONE',  ( 0.4615064727377191645, 0.03516481420455510459, -0.08123784496912722641 ) ) ;
#1311 = ORIENTED_EDGE ( 'NONE', *, *, #4269, .T. ) ;
#1312 = EDGE_CURVE ( 'NONE', #1476, #976, #3314, .T. ) ;
#1313 = ADVANCED_FACE ( 'NONE', ( #3596 ), #1582, .T. ) ;
#1314 = CIRCLE ( 'NONE', #1881, 0.007874015748031516770 ) ;
#1315 = VECTOR ( 'NONE', #489, 39.37007874015748143 ) ;
#1316 = LENGTH_MEASURE_WITH_UNIT ( LENGTH_MEASURE( 0.02539999999999999897 ), #1199 );
#1317 = DIRECTION ( 'NONE',  ( -1.582776894139425349E-15, -1.000000000000000000, -2.505182696621675477E-30 ) ) ;
#1318 = DIRECTION ( 'NONE',  ( 1.644517855226008195E-15, 1.000000000000000000, 2.890435660536364269E-30 ) ) ;
#1319 = AXIS2_PLACEMENT_3D ( 'NONE', #852, #216, #4167 ) ;
#1320 = ORIENTED_EDGE ( 'NONE', *, *, #2188, .T. ) ;
#1321 = EDGE_CURVE ( 'NONE', #2870, #448, #3658, .T. ) ;
#1322 = LINE ( 'NONE', #1361, #939 ) ;
#1323 = DIRECTION ( 'NONE',  ( -1.000000000000000000, 1.644517855226007801E-15, -8.234490263801784106E-12 ) ) ;
#1324 = CARTESIAN_POINT ( 'NONE',  ( 0.4920108682644405151, 0.03516481420455506990, -0.02726377977651272058 ) ) ;
#1325 = CYLINDRICAL_SURFACE ( 'NONE', #4233, 0.007874015748031492484 ) ;
#1326 = UNCERTAINTY_MEASURE_WITH_UNIT (LENGTH_MEASURE( 1.000000000000000082E-05 ), #25, 'distance_accuracy_value', 'NONE');
#1327 = VERTEX_POINT ( 'NONE', #1603 ) ;
#1328 =( GEOMETRIC_REPRESENTATION_CONTEXT ( 3 ) GLOBAL_UNCERTAINTY_ASSIGNED_CONTEXT ( ( #1732 ) ) GLOBAL_UNIT_ASSIGNED_CONTEXT ( ( #3356, #2397, #399 ) ) REPRESENTATION_CONTEXT ( 'NONE', 'WORKASPACE' ) );
#1329 = DIRECTION ( 'NONE',  ( 8.234490263801784106E-12, -1.353889066150678860E-26, -1.000000000000000000 ) ) ;
#1330 = CARTESIAN_POINT ( 'NONE',  ( 0.1921925904901468085, -0.01880785086055354258, -0.04581343370862728942 ) ) ;
#1331 = AXIS2_PLACEMENT_3D ( 'NONE', #1050, #3064, #1719 ) ;
#1332 = VECTOR ( 'NONE', #1502, 39.37007874015748143 ) ;
#1333 = ORIENTED_EDGE ( 'NONE', *, *, #3594, .T. ) ;
#1334 = ORIENTED_EDGE ( 'NONE', *, *, #16, .T. ) ;
#1335 =( LENGTH_UNIT ( ) NAMED_UNIT ( * ) SI_UNIT ( $, .METRE. ) );
#1336 = CARTESIAN_POINT ( 'NONE',  ( 0.2148518768365311193, 0.04500733388959488740, -0.02726377977696224642 ) ) ;
#1337 = LENGTH_MEASURE_WITH_UNIT ( LENGTH_MEASURE( 0.02539999999999999897 ), #1752 );
#1338 = AXIS2_PLACEMENT_3D ( 'NONE', #3010, #4344, #3635 ) ;
#1339 = UNCERTAINTY_MEASURE_WITH_UNIT (LENGTH_MEASURE( 1.000000000000000082E-05 ), #842, 'distance_accuracy_value', 'NONE');
#1340 = CARTESIAN_POINT ( 'NONE',  ( 0.4920108682637896469, 0.02729079845652356354, 0.05177338557781805545 ) ) ;
#1341 = CARTESIAN_POINT ( 'NONE',  ( 0.2372226159726799066, 0.03516481420455547929, -0.08001968528830076532 ) ) ;
#1342 = ADVANCED_FACE ( 'NONE', ( #2589 ), #1624, .F. ) ;
#1343 = FILL_AREA_STYLE_COLOUR ( '', #1548 ) ;
#1344 = VECTOR ( 'NONE', #4357, 39.37007874015748143 ) ;
#1345 = VERTEX_POINT ( 'NONE', #1897 ) ;
#1346 = SURFACE_STYLE_USAGE ( .BOTH. , #1384 ) ;
#1347 = CARTESIAN_POINT ( 'NONE',  ( 0.2532616618757507210, 0.03516481420455545848, -0.07814324995916692440 ) ) ;
#1348 = DIRECTION ( 'NONE',  ( 1.644517855226008195E-15, 1.000000000000000000, 2.890435660536364269E-30 ) ) ;
#1349 = ORIENTED_EDGE ( 'NONE', *, *, #4352, .F. ) ;
#1350 = CARTESIAN_POINT ( 'NONE',  ( 0.3496518449916168891, 0.1021333181416025498, -0.07915354355589923618 ) ) ;
#1351 = LINE ( 'NONE', #3629, #1164 ) ;
#1352 = VECTOR ( 'NONE', #1301, 39.37007874015748143 ) ;
#1353 = EDGE_CURVE ( 'NONE', #4248, #2869, #1377, .T. ) ;
#1354 = CARTESIAN_POINT ( 'NONE',  ( 0.5134983943106640192, -0.007659296307098515354, -0.08789370103617834273 ) ) ;
#1355 = VERTEX_POINT ( 'NONE', #3073 ) ;
#1356 = CARTESIAN_POINT ( 'NONE',  ( 0.4998417493303337622, 0.02811385722240937468, -0.02726377977644824785 ) ) ;
#1357 = DIRECTION ( 'NONE',  ( 0.0000000000000000000, 1.000000000000000000, 0.0000000000000000000 ) ) ;
#1358 = CARTESIAN_POINT ( 'NONE',  ( 0.4554196763413806415, 0.04500733388959449188, -0.03730122072223737706 ) ) ;
#1359 = SURFACE_STYLE_USAGE ( .BOTH. , #2064 ) ;
#1360 = ORIENTED_EDGE ( 'NONE', *, *, #1312, .T. ) ;
#1361 = CARTESIAN_POINT ( 'NONE',  ( 0.4696401291286639856, 0.03516481420483068970, -0.02726377977696183702 ) ) ;
#1362 = CARTESIAN_POINT ( 'NONE',  ( 0.5061831144098568602, -0.02488414520015541989, -0.04773622072127796379 ) ) ;
#1363 =( NAMED_UNIT ( * ) PLANE_ANGLE_UNIT ( ) SI_UNIT ( $, .RADIAN. ) );
#1364 = VECTOR ( 'NONE', #2871, 39.37007874015748854 ) ;
#1365 = UNCERTAINTY_MEASURE_WITH_UNIT (LENGTH_MEASURE( 1.000000000000000082E-05 ), #615, 'distance_accuracy_value', 'NONE');
#1366 = ORIENTED_EDGE ( 'NONE', *, *, #1636, .T. ) ;
#1367 = ADVANCED_FACE ( 'NONE', ( #1920 ), #2973, .F. ) ;
#1368 = EDGE_CURVE ( 'NONE', #2142, #3409, #936, .T. ) ;
#1369 = FACE_OUTER_BOUND ( 'NONE', #2237, .T. ) ;
#1370 = DIRECTION ( 'NONE',  ( 2.002473881159522504E-11, 1.000000000000000000, 3.501529842257294026E-26 ) ) ;
#1371 = COLOUR_RGB ( '',0.7607843137254901578, 0.7607843137254901578, 0.0000000000000000000 ) ;
#1372 = PRESENTATION_LAYER_ASSIGNMENT (  '', '', ( #2297 ) ) ;
#1373 = DIRECTION ( 'NONE',  ( 4.389509589141790047E-12, -1.000000000000000000, -9.023892744152991248E-12 ) ) ;
#1374 = ORIENTED_EDGE ( 'NONE', *, *, #1166, .T. ) ;
#1375 =( GEOMETRIC_REPRESENTATION_CONTEXT ( 3 ) GLOBAL_UNCERTAINTY_ASSIGNED_CONTEXT ( ( #137 ) ) GLOBAL_UNIT_ASSIGNED_CONTEXT ( ( #481, #3859, #2593 ) ) REPRESENTATION_CONTEXT ( 'NONE', 'WORKASPACE' ) );
#1376 = ADVANCED_FACE ( 'NONE', ( #1290 ), #2655, .T. ) ;
#1377 = LINE ( 'NONE', #3920, #4024 ) ;
#1378 = DIRECTION ( 'NONE',  ( -1.644517855226007801E-15, -1.000000000000000000, -2.875605999964572744E-30 ) ) ;
#1379 =( NAMED_UNIT ( * ) SI_UNIT ( $, .STERADIAN. ) SOLID_ANGLE_UNIT ( ) );
#1380 = FILL_AREA_STYLE ('',( #29 ) ) ;
#1381 = ORIENTED_EDGE ( 'NONE', *, *, #2183, .T. ) ;
#1382 = VECTOR ( 'NONE', #3284, 39.37007874015748143 ) ;
#1383 = CARTESIAN_POINT ( 'NONE',  ( 0.5483132623143616158, -0.02585880784268912436, -0.06742126009100976591 ) ) ;
#1384 = SURFACE_SIDE_STYLE ('',( #1023 ) ) ;
#1385 = CARTESIAN_POINT ( 'NONE',  ( 0.2372226159726404382, 0.04500733388959485270, -0.02726377977696224642 ) ) ;
#1386 = VECTOR ( 'NONE', #2465, 39.37007874015748143 ) ;
#1387 = DIRECTION ( 'NONE',  ( -1.000000000000000000, 1.644517855226007801E-15, -8.234490263801784106E-12 ) ) ;
#1388 = ORIENTED_EDGE ( 'NONE', *, *, #2715, .F. ) ;
#1389 = DIRECTION ( 'NONE',  ( 0.2761719275641929539, 0.9205747438996728649, 0.2761724231698924337 ) ) ;
#1390 = DIRECTION ( 'NONE',  ( 1.748601263784621748E-15, 0.0000000000000000000, -1.000000000000000000 ) ) ;
#1391 = ADVANCED_FACE ( 'NONE', ( #539 ), #228, .T. ) ;
#1392 = FILL_AREA_STYLE_COLOUR ( '', #924 ) ;
#1393 = ORIENTED_EDGE ( 'NONE', *, *, #3451, .T. ) ;
#1394 = DIRECTION ( 'NONE',  ( -8.234490263801784106E-12, 1.443931000916540009E-26, 1.000000000000000000 ) ) ;
#1395 = SURFACE_STYLE_USAGE ( .BOTH. , #104 ) ;
#1396 = VECTOR ( 'NONE', #1531, 39.37007874015748143 ) ;
#1397 =( NAMED_UNIT ( * ) PLANE_ANGLE_UNIT ( ) SI_UNIT ( $, .RADIAN. ) );
#1398 = DIRECTION ( 'NONE',  ( -5.786831738223216454E-12, 7.069590057996951283E-14, -1.000000000000000000 ) ) ;
#1399 = AXIS2_PLACEMENT_3D ( 'NONE', #1222, #919, #3317 ) ;
#1400 = EDGE_CURVE ( 'NONE', #1824, #1136, #2860, .T. ) ;
#1401 = EDGE_CURVE ( 'NONE', #694, #3013, #3090, .T. ) ;
#1402 = COLOUR_RGB ( '',0.7607843137254901578, 0.7607843137254901578, 0.0000000000000000000 ) ;
#1403 =( CONVERSION_BASED_UNIT ( 'INCH', #1756 ) LENGTH_UNIT ( ) NAMED_UNIT ( #141 ) );
#1404 = PLANE ( 'NONE',  #4190 ) ;
#1405 = VERTEX_POINT ( 'NONE', #725 ) ;
#1406 = EDGE_CURVE ( 'NONE', #3180, #3728, #117, .T. ) ;
#1407 = CIRCLE ( 'NONE', #3668, 0.005905511811027568461 ) ;
#1408 = ORIENTED_EDGE ( 'NONE', *, *, #799, .F. ) ;
#1409 =( NAMED_UNIT ( * ) SI_UNIT ( $, .STERADIAN. ) SOLID_ANGLE_UNIT ( ) );
#1410 = VECTOR ( 'NONE', #3638, 39.37007874015748143 ) ;
#1411 = DIMENSIONAL_EXPONENTS ( 1.000000000000000000, 0.0000000000000000000, 0.0000000000000000000, 0.0000000000000000000, 0.0000000000000000000, 0.0000000000000000000, 0.0000000000000000000 ) ;
#1412 = ORIENTED_EDGE ( 'NONE', *, *, #1982, .T. ) ;
#1413 = DIRECTION ( 'NONE',  ( 1.644517855226008195E-15, 1.000000000000000000, 2.890435660536364269E-30 ) ) ;
#1414 = CARTESIAN_POINT ( 'NONE',  ( 0.4254818849634279254, 0.1217789874329370386, -0.03198818922499343381 ) ) ;
#1415 = ORIENTED_EDGE ( 'NONE', *, *, #1726, .F. ) ;
#1416 =( NAMED_UNIT ( * ) SI_UNIT ( $, .STERADIAN. ) SOLID_ANGLE_UNIT ( ) );
#1417 =( CONVERSION_BASED_UNIT ( 'INCH', #377 ) LENGTH_UNIT ( ) NAMED_UNIT ( #2850 ) );
#1418 =( NAMED_UNIT ( * ) PLANE_ANGLE_UNIT ( ) SI_UNIT ( $, .RADIAN. ) );
#1419 = AXIS2_PLACEMENT_3D ( 'NONE', #2187, #2526, #805 ) ;
#1420 = DIRECTION ( 'NONE',  ( -9.825161517791774651E-12, 1.000000000000000000, 2.131628207298828060E-13 ) ) ;
#1421 = DIRECTION ( 'NONE',  ( 1.729787034331967531E-15, 0.9987523388778406508, -0.04993761694397202966 ) ) ;
#1422 = DIRECTION ( 'NONE',  ( -0.05226423163383491638, -0.4972609476841245435, 0.8660254037844449249 ) ) ;
#1423 = MECHANICAL_DESIGN_GEOMETRIC_PRESENTATION_REPRESENTATION (  '', ( #504 ), #3549 ) ;
#1424 = ORIENTED_EDGE ( 'NONE', *, *, #1505, .T. ) ;
#1425 = CARTESIAN_POINT ( 'NONE',  ( 0.2014251648637913061, -0.02312085409983976811, -0.06742126009192030145 ) ) ;
#1426 = MECHANICAL_DESIGN_GEOMETRIC_PRESENTATION_REPRESENTATION (  '', ( #1207 ), #2353 ) ;
#1427 = ORIENTED_EDGE ( 'NONE', *, *, #3831, .T. ) ;
#1428 = EDGE_CURVE ( 'NONE', #15, #2486, #3742, .T. ) ;
#1429 = DIRECTION ( 'NONE',  ( -1.000000000000000000, 1.644517855226007801E-15, -8.234490263801784106E-12 ) ) ;
#1430 = LINE ( 'NONE', #734, #2165 ) ;
#1431 = DIRECTION ( 'NONE',  ( 0.0000000000000000000, 0.0000000000000000000, 1.000000000000000000 ) ) ;
#1432 = ORIENTED_EDGE ( 'NONE', *, *, #65, .F. ) ;
#1433 = LINE ( 'NONE', #3514, #2688 ) ;
#1434 = CARTESIAN_POINT ( 'NONE',  ( 0.3928014512908295508, 0.1021333181416024943, -0.03600393725668726147 ) ) ;
#1435 = COLOUR_RGB ( '',0.7607843137254901578, 0.7607843137254901578, 0.0000000000000000000 ) ;
#1436 = LENGTH_MEASURE_WITH_UNIT ( LENGTH_MEASURE( 0.02539999999999999897 ), #3214 );
#1437 = ORIENTED_EDGE ( 'NONE', *, *, #1197, .T. ) ;
#1438 = AXIS2_PLACEMENT_3D ( 'NONE', #4108, #2082, #67 ) ;
#1439 = CARTESIAN_POINT ( 'NONE',  ( 0.3928014512908296063, 0.1434325307400276528, -0.07915354355589927782 ) ) ;
#1440 = VERTEX_POINT ( 'NONE', #3457 ) ;
#1441 = FILL_AREA_STYLE_COLOUR ( '', #3716 ) ;
#1442 = ORIENTED_EDGE ( 'NONE', *, *, #3932, .F. ) ;
#1443 = AXIS2_PLACEMENT_3D ( 'NONE', #1494, #865, #1216 ) ;
#1444 = ADVANCED_FACE ( 'NONE', ( #4152 ), #2834, .T. ) ;
#1445 = DIRECTION ( 'NONE',  ( -2.431700674155225860E-12, -1.000000000000000000, -4.252089701634316427E-27 ) ) ;
#1446 = CARTESIAN_POINT ( 'NONE',  ( 0.4696401291287820579, 0.03516481420455509765, -0.02726377977696183702 ) ) ;
#1447 = ORIENTED_EDGE ( 'NONE', *, *, #1694, .T. ) ;
#1448 = CARTESIAN_POINT ( 'NONE',  ( 0.2019811918225129788, -0.01983667431789037233, -0.06934404710515400250 ) ) ;
#1449 = ADVANCED_FACE ( 'NONE', ( #1749 ), #1811, .F. ) ;
#1450 = EDGE_LOOP ( 'NONE', ( #4289, #4195, #2274, #3933 ) ) ;
#1451 = APPLICATION_CONTEXT ( 'automotive_design' ) ;
#1452 = CARTESIAN_POINT ( 'NONE',  ( 0.5047076986982562685, -0.01818255847635045705, -0.07135826796538452532 ) ) ;
#1453 = CARTESIAN_POINT ( 'NONE',  ( 0.4920108682644405151, 0.04500733388959443637, -0.02726377977651272058 ) ) ;
#1454 = EDGE_CURVE ( 'NONE', #3187, #4018, #2155, .T. ) ;
#1455 = VERTEX_POINT ( 'NONE', #787 ) ;
#1456 = VECTOR ( 'NONE', #2646, 39.37007874015748143 ) ;
#1457 = FILL_AREA_STYLE ('',( #2803 ) ) ;
#1458 = CARTESIAN_POINT ( 'NONE',  ( 0.2031529521231687785, -0.008688119764420850627, -0.02726377977696231580 ) ) ;
#1459 = FACE_OUTER_BOUND ( 'NONE', #3197, .T. ) ;
#1460 = AXIS2_PLACEMENT_3D ( 'NONE', #2525, #3257, #902 ) ;
#1461 = ORIENTED_EDGE ( 'NONE', *, *, #2604, .F. ) ;
#1462 = SURFACE_STYLE_USAGE ( .BOTH. , #4151 ) ;
#1463 = VERTEX_POINT ( 'NONE', #4127 ) ;
#1464 = DIRECTION ( 'NONE',  ( -0.2873483586517949218, 0.9578261432953890653, -5.024577030849653123E-16 ) ) ;
#1465 = VERTEX_POINT ( 'NONE', #3778 ) ;
#1466 = AXIS2_PLACEMENT_3D ( 'NONE', #2690, #4020, #989 ) ;
#1467 = MECHANICAL_DESIGN_GEOMETRIC_PRESENTATION_REPRESENTATION (  '', ( #3519 ), #2830 ) ;
#1468 = CARTESIAN_POINT ( 'NONE',  ( 0.3140612938105263874, 0.1060309559368545623, -0.08238189001259203781 ) ) ;
#1469 =( BOUNDED_CURVE ( )  B_SPLINE_CURVE ( 3, ( #83, #3178, #134, #2807 ),
 .UNSPECIFIED., .F., .T. ) 
 B_SPLINE_CURVE_WITH_KNOTS ( ( 4, 4 ),
 ( 5.456455938445438747, 6.200522249646922113 ),
 .UNSPECIFIED. ) 
 CURVE ( )  GEOMETRIC_REPRESENTATION_ITEM ( )  RATIONAL_B_SPLINE_CURVE ( ( 1.000000000000000000, 0.9543934657876853578, 0.9543934657876853578, 1.000000000000000000 ) ) 
 REPRESENTATION_ITEM ( '' )  );
#1470 = CARTESIAN_POINT ( 'NONE',  ( 0.5048815532788066829, -0.01983667431788590022, -0.06934404710459574073 ) ) ;
#1471 = LINE ( 'NONE', #2843, #51 ) ;
#1472 = AXIS2_PLACEMENT_3D ( 'NONE', #3381, #669, #1734 ) ;
#1473 = DIRECTION ( 'NONE',  ( -8.234490263801784106E-12, 1.353889066150678573E-26, 1.000000000000000000 ) ) ;
#1474 = DIMENSIONAL_EXPONENTS ( 1.000000000000000000, 0.0000000000000000000, 0.0000000000000000000, 0.0000000000000000000, 0.0000000000000000000, 0.0000000000000000000, 0.0000000000000000000 ) ;
#1475 = ORIENTED_EDGE ( 'NONE', *, *, #4213, .T. ) ;
#1476 = VERTEX_POINT ( 'NONE', #1769 ) ;
#1477 = AXIS2_PLACEMENT_3D ( 'NONE', #1129, #1739, #1844 ) ;
#1478 =( NAMED_UNIT ( * ) PLANE_ANGLE_UNIT ( ) SI_UNIT ( $, .RADIAN. ) );
#1479 = CARTESIAN_POINT ( 'NONE',  ( 0.5225010356768845510, -0.02585880784268908966, -0.04773622072114360598 ) ) ;
#1480 = PLANE ( 'NONE',  #3687 ) ;
#1481 = CIRCLE ( 'NONE', #2040, 0.007874015748031489015 ) ;
#1482 = ORIENTED_EDGE ( 'NONE', *, *, #855, .F. ) ;
#1483 = CARTESIAN_POINT ( 'NONE',  ( 0.4254818849634279254, 0.1217789874329370386, -0.03198818922499343381 ) ) ;
#1484 = CARTESIAN_POINT ( 'NONE',  ( 0.4754786166450025164, 0.03516481420311536044, 0.004564358673763484371 ) ) ;
#1485 = DIRECTION ( 'NONE',  ( -1.000000000000000000, 1.644517855226007801E-15, 1.460052178569153902E-13 ) ) ;
#1486 = ORIENTED_EDGE ( 'NONE', *, *, #3544, .T. ) ;
#1487 = DIRECTION ( 'NONE',  ( 8.234490263801784106E-12, -1.353889066150678860E-26, -1.000000000000000000 ) ) ;
#1488 = EDGE_CURVE ( 'NONE', #713, #2978, #1469, .T. ) ;
#1489 = ORIENTED_EDGE ( 'NONE', *, *, #443, .F. ) ;
#1490 = PLANE ( 'NONE',  #740 ) ;
#1491 = ORIENTED_EDGE ( 'NONE', *, *, #2329, .T. ) ;
#1492 = CARTESIAN_POINT ( 'NONE',  ( 0.1585494827869405321, -0.03570132752772788021, -0.06742126009192302150 ) ) ;
#1493 = DIRECTION ( 'NONE',  ( -1.748601263784621946E-15, 0.0000000000000000000, 1.000000000000000000 ) ) ;
#1494 = CARTESIAN_POINT ( 'NONE',  ( 0.5225010356778660991, -0.01798479209465759024, -0.1669308663904348899 ) ) ;
#1495 = VECTOR ( 'NONE', #3861, 39.37007874015748143 ) ;
#1496 = ORIENTED_EDGE ( 'NONE', *, *, #3666, .F. ) ;
#1497 = EDGE_LOOP ( 'NONE', ( #2263, #4146, #1289, #2643 ) ) ;
#1498 = LINE ( 'NONE', #3442, #2497 ) ;
#1499 = DIRECTION ( 'NONE',  ( 1.582776894139421601E-15, -3.956942235348554004E-16, 1.000000000000000000 ) ) ;
#1500 =( GEOMETRIC_REPRESENTATION_CONTEXT ( 3 ) GLOBAL_UNCERTAINTY_ASSIGNED_CONTEXT ( ( #256 ) ) GLOBAL_UNIT_ASSIGNED_CONTEXT ( ( #3708, #303, #1945 ) ) REPRESENTATION_CONTEXT ( 'NONE', 'WORKASPACE' ) );
#1501 = ORIENTED_EDGE ( 'NONE', *, *, #2822, .F. ) ;
#1502 = DIRECTION ( 'NONE',  ( 8.234490263801784106E-12, -1.353889066150678860E-26, -1.000000000000000000 ) ) ;
#1503 = DIRECTION ( 'NONE',  ( 1.748601263784622143E-15, 0.0000000000000000000, -1.000000000000000000 ) ) ;
#1504 = B_SPLINE_CURVE_WITH_KNOTS ( 'NONE', 3,
 ( #1448, #2667, #1425, #754 ),
 .UNSPECIFIED., .F., .F.,
 ( 4, 4 ),
 ( 0.0000000000000000000, 0.0001438460554597927824 ),
 .UNSPECIFIED. ) ;
#1505 = EDGE_CURVE ( 'NONE', #1136, #2448, #3131, .T. ) ;
#1506 = EDGE_LOOP ( 'NONE', ( #3885, #3448, #430, #2939 ) ) ;
#1507 = EDGE_CURVE ( 'NONE', #1117, #2198, #769, .T. ) ;
#1508 = LINE ( 'NONE', #2141, #408 ) ;
#1509 = DIRECTION ( 'NONE',  ( -1.748601263784621946E-15, 0.0000000000000000000, 1.000000000000000000 ) ) ;
#1510 = FILL_AREA_STYLE ('',( #1441 ) ) ;
#1511 = ORIENTED_EDGE ( 'NONE', *, *, #3904, .F. ) ;
#1512 =( GEOMETRIC_REPRESENTATION_CONTEXT ( 3 ) GLOBAL_UNCERTAINTY_ASSIGNED_CONTEXT ( ( #3500 ) ) GLOBAL_UNIT_ASSIGNED_CONTEXT ( ( #2402, #2169, #1916 ) ) REPRESENTATION_CONTEXT ( 'NONE', 'WORKASPACE' ) );
#1513 = EDGE_CURVE ( 'NONE', #2433, #2773, #2260, .T. ) ;
#1514 = LINE ( 'NONE', #2535, #4223 ) ;
#1515 = CARTESIAN_POINT ( 'NONE',  ( 0.2453562723637034704, 0.04500733388959483189, -0.08123784496826143287 ) ) ;
#1516 = DIRECTION ( 'NONE',  ( 1.750032549430448036E-10, -1.000000000000000000, 3.060108979301698982E-25 ) ) ;
#1517 = MECHANICAL_DESIGN_GEOMETRIC_PRESENTATION_REPRESENTATION (  '', ( #2729 ), #1869 ) ;
#1518 = SURFACE_STYLE_FILL_AREA ( #494 ) ;
#1519 = AXIS2_PLACEMENT_3D ( 'NONE', #3249, #3812, #447 ) ;
#1520 = ORIENTED_EDGE ( 'NONE', *, *, #3663, .F. ) ;
#1521 = ORIENTED_EDGE ( 'NONE', *, *, #823, .F. ) ;
#1522 = SURFACE_SIDE_STYLE ('',( #3208 ) ) ;
#1523 = CARTESIAN_POINT ( 'NONE',  ( 0.4696401291287821134, 0.03516481420455509765, -0.03513779552499328440 ) ) ;
#1524 = ORIENTED_EDGE ( 'NONE', *, *, #1368, .T. ) ;
#1525 = DIRECTION ( 'NONE',  ( -0.9040697402393881310, 1.084202172485500884E-15, 0.4273849608765910579 ) ) ;
#1526 =( LENGTH_UNIT ( ) NAMED_UNIT ( * ) SI_UNIT ( $, .METRE. ) );
#1527 = ORIENTED_EDGE ( 'NONE', *, *, #711, .T. ) ;
#1528 = AXIS2_PLACEMENT_3D ( 'NONE', #3425, #1720, #1431 ) ;
#1529 = AXIS2_PLACEMENT_3D ( 'NONE', #600, #1950, #1285 ) ;
#1530 = DIMENSIONAL_EXPONENTS ( 1.000000000000000000, 0.0000000000000000000, 0.0000000000000000000, 0.0000000000000000000, 0.0000000000000000000, 0.0000000000000000000, 0.0000000000000000000 ) ;
#1531 = DIRECTION ( 'NONE',  ( 9.080485725586326631E-11, -3.241470092726001484E-10, -1.000000000000000000 ) ) ;
#1532 = EDGE_CURVE ( 'NONE', #1055, #3109, #1025, .T. ) ;
#1533 = MECHANICAL_DESIGN_GEOMETRIC_PRESENTATION_REPRESENTATION (  '', ( #2025 ), #190 ) ;
#1534 = DIRECTION ( 'NONE',  ( -1.748601263784622143E-15, 0.0000000000000000000, 1.000000000000000000 ) ) ;
#1535 = VERTEX_POINT ( 'NONE', #3239 ) ;
#1536 = CARTESIAN_POINT ( 'NONE',  ( 0.3496518449916168891, 0.1021333181416025498, -0.07915354355589923618 ) ) ;
#1537 = CARTESIAN_POINT ( 'NONE',  ( 0.1585494827869405043, -0.03570132752772788021, -0.04773622072184426079 ) ) ;
#1538 = DIRECTION ( 'NONE',  ( 0.09052430461245383753, -0.8612812260087806537, -0.4999999999992434385 ) ) ;
#1539 = EDGE_CURVE ( 'NONE', #2036, #1209, #2600, .T. ) ;
#1540 = ORIENTED_EDGE ( 'NONE', *, *, #3223, .T. ) ;
#1541 = VECTOR ( 'NONE', #1247, 39.37007874015748143 ) ;
#1542 = CARTESIAN_POINT ( 'NONE',  ( 0.5149982620534931943, -0.02037404134002669329, -0.04688347909477697667 ) ) ;
#1543 = EDGE_CURVE ( 'NONE', #2189, #124, #3923, .T. ) ;
#1544 = CARTESIAN_POINT ( 'NONE',  ( 0.4754786166453176532, 0.04500733388959445719, -0.08789370103648942723 ) ) ;
#1545 = VERTEX_POINT ( 'NONE', #2211 ) ;
#1546 = LINE ( 'NONE', #215, #3449 ) ;
#1547 = CARTESIAN_POINT ( 'NONE',  ( 0.3142156862761680269, 0.1217789874329372468, 0.01210629896398272669 ) ) ;
#1548 = COLOUR_RGB ( '',0.7607843137254901578, 0.7607843137254901578, 0.0000000000000000000 ) ;
#1549 = VECTOR ( 'NONE', #4078, 39.37007874015748143 ) ;
#1550 = EDGE_LOOP ( 'NONE', ( #4209, #1236, #2836, #2259 ) ) ;
#1551 = SURFACE_STYLE_USAGE ( .BOTH. , #2307 ) ;
#1552 = DIRECTION ( 'NONE',  ( 1.644517855226008195E-15, 1.000000000000000000, 2.890435660536364269E-30 ) ) ;
#1553 = CARTESIAN_POINT ( 'NONE',  ( 0.3140612938105262764, 0.1020939480628624274, -0.08218503961889105092 ) ) ;
#1554 = VECTOR ( 'NONE', #2346, 39.37007874015748143 ) ;
#1555 = EDGE_LOOP ( 'NONE', ( #277, #3817, #3758, #3637 ) ) ;
#1556 = SURFACE_STYLE_FILL_AREA ( #268 ) ;
#1557 = CARTESIAN_POINT ( 'NONE',  ( 0.4615064727378371812, 0.03516481420455510459, -0.03391963584467835857 ) ) ;
#1558 = PLANE ( 'NONE',  #2176 ) ;
#1559 = FACE_OUTER_BOUND ( 'NONE', #3776, .T. ) ;
#1560 = ORIENTED_EDGE ( 'NONE', *, *, #2396, .F. ) ;
#1561 = ADVANCED_FACE ( 'NONE', ( #3607 ), #3935, .F. ) ;
#1562 = ORIENTED_EDGE ( 'NONE', *, *, #3460, .T. ) ;
#1563 = EDGE_CURVE ( 'NONE', #1651, #2280, #2502, .T. ) ;
#1564 = CARTESIAN_POINT ( 'NONE',  ( 0.3140612938105263319, 0.1020939480628585000, -0.03297244119349745928 ) ) ;
#1565 = DIRECTION ( 'NONE',  ( -8.105384419199200945E-12, -1.000000000000000000, -1.460875864723001212E-11 ) ) ;
#1566 = SURFACE_SIDE_STYLE ('',( #3856 ) ) ;
#1567 = FILL_AREA_STYLE ('',( #213 ) ) ;
#1568 = EDGE_LOOP ( 'NONE', ( #2522, #3278, #3826, #1296 ) ) ;
#1569 = ADVANCED_FACE ( 'NONE', ( #1861 ), #1211, .F. ) ;
#1570 = CARTESIAN_POINT ( 'NONE',  ( 0.4625214697567742173, 0.04500733388959447800, -0.03177255961278863117 ) ) ;
#1571 = ORIENTED_EDGE ( 'NONE', *, *, #3534, .F. ) ;
#1572 = ORIENTED_EDGE ( 'NONE', *, *, #911, .F. ) ;
#1573 = CARTESIAN_POINT ( 'NONE',  ( 0.2514430687583490975, 0.03516481420455545848, -0.07785626009152914195 ) ) ;
#1574 = SPHERICAL_SURFACE ( 'NONE', #2314, 0.007874015748031495954 ) ;
#1575 = DIRECTION ( 'NONE',  ( 2.698884520361153650E-13, -4.467119842926643659E-28, 1.000000000000000000 ) ) ;
#1576 = ORIENTED_EDGE ( 'NONE', *, *, #773, .F. ) ;
#1577 = PLANE ( 'NONE',  #912 ) ;
#1578 = FACE_OUTER_BOUND ( 'NONE', #3251, .T. ) ;
#1579 = VECTOR ( 'NONE', #3732, 39.37007874015748143 ) ;
#1580 = ORIENTED_EDGE ( 'NONE', *, *, #2450, .F. ) ;
#1581 = CIRCLE ( 'NONE', #4051, 0.005905511811027552849 ) ;
#1582 = CYLINDRICAL_SURFACE ( 'NONE', #1695, 0.007874015748031495954 ) ;
#1583 = CARTESIAN_POINT ( 'NONE',  ( 0.5151853795052333540, -0.02096163172394870100, -0.04719003121126832956 ) ) ;
#1584 = CARTESIAN_POINT ( 'NONE',  ( 0.4920108682644405151, 0.03516481420455506990, -0.02726377977651272058 ) ) ;
#1585 = ADVANCED_FACE ( 'NONE', ( #4246 ), #2234, .F. ) ;
#1586 = PLANE ( 'NONE',  #4375 ) ;
#1587 = PRODUCT_DEFINITION_FORMATION_WITH_SPECIFIED_SOURCE ( 'ANY', '', #932, .NOT_KNOWN. ) ;
#1588 = ORIENTED_EDGE ( 'NONE', *, *, #2071, .T. ) ;
#1589 = DIRECTION ( 'NONE',  ( 1.644517855226008195E-15, 1.000000000000000000, 2.890435660536364269E-30 ) ) ;
#1590 = ORIENTED_EDGE ( 'NONE', *, *, #3939, .F. ) ;
#1591 = ADVANCED_FACE ( 'NONE', ( #3582 ), #1574, .T. ) ;
#1592 = EDGE_CURVE ( 'NONE', #2700, #2578, #3620, .T. ) ;
#1593 = ORIENTED_EDGE ( 'NONE', *, *, #1638, .T. ) ;
#1594 = SURFACE_STYLE_FILL_AREA ( #2645 ) ;
#1595 = DIRECTION ( 'NONE',  ( -1.644517855226007801E-15, -1.000000000000000000, -2.875605999964572744E-30 ) ) ;
#1596 = CARTESIAN_POINT ( 'NONE',  ( 0.1585494827869405043, -0.03570132752772788021, -0.04773622072184426079 ) ) ;
#1597 = ORIENTED_EDGE ( 'NONE', *, *, #773, .T. ) ;
#1598 = DIRECTION ( 'NONE',  ( -0.9040697403481670058, 1.445602896646373154E-15, -0.4273849606464854012 ) ) ;
#1599 = VECTOR ( 'NONE', #3695, 39.37007874015748143 ) ;
#1600 = CARTESIAN_POINT ( 'NONE',  ( 0.2148518768365313136, 0.02729079845652401456, -0.1669308663911354407 ) ) ;
#1601 = CARTESIAN_POINT ( 'NONE',  ( 0.2514430687598451231, 0.03516481420455545848, -0.03139570891042674922 ) ) ;
#1602 = ORIENTED_EDGE ( 'NONE', *, *, #1746, .F. ) ;
#1603 = CARTESIAN_POINT ( 'NONE',  ( 0.2148518768365311749, 0.04500733388959488740, -0.08789370103680475832 ) ) ;
#1604 = CARTESIAN_POINT ( 'NONE',  ( 0.2148518768365310916, 0.03516481420455551399, -0.02726377977696224642 ) ) ;
#1605 = LINE ( 'NONE', #588, #2325 ) ;
#1606 = LENGTH_MEASURE_WITH_UNIT ( LENGTH_MEASURE( 0.02539999999999999897 ), #920 );
#1607 = VERTEX_POINT ( 'NONE', #1634 ) ;
#1608 = VECTOR ( 'NONE', #1940, 39.37007874015748143 ) ;
#1609 = VECTOR ( 'NONE', #2398, 39.37007874015748143 ) ;
#1610 =( NAMED_UNIT ( * ) PLANE_ANGLE_UNIT ( ) SI_UNIT ( $, .RADIAN. ) );
#1611 =( GEOMETRIC_REPRESENTATION_CONTEXT ( 3 ) GLOBAL_UNCERTAINTY_ASSIGNED_CONTEXT ( ( #2485 ) ) GLOBAL_UNIT_ASSIGNED_CONTEXT ( ( #4228, #1170, #163 ) ) REPRESENTATION_CONTEXT ( 'NONE', 'WORKASPACE' ) );
#1612 = ORIENTED_EDGE ( 'NONE', *, *, #1258, .T. ) ;
#1613 = EDGE_CURVE ( 'NONE', #1186, #4183, #3713, .T. ) ;
#1614 = MECHANICAL_DESIGN_GEOMETRIC_PRESENTATION_REPRESENTATION (  '', ( #689 ), #2617 ) ;
#1615 = DIRECTION ( 'NONE',  ( 1.644517855226007801E-15, 1.000000000000000000, 2.890435660536363919E-30 ) ) ;
#1616 = CARTESIAN_POINT ( 'NONE',  ( 0.1914011193520336329, -0.02157683654261705747, -0.06774491815687146146 ) ) ;
#1617 = FACE_OUTER_BOUND ( 'NONE', #3749, .T. ) ;
#1618 = STYLED_ITEM ( 'NONE', ( #1287 ), #3043 ) ;
#1619 = ORIENTED_EDGE ( 'NONE', *, *, #2424, .T. ) ;
#1620 = ADVANCED_FACE ( 'NONE', ( #2985 ), #3306, .F. ) ;
#1621 = SURFACE_STYLE_USAGE ( .BOTH. , #603 ) ;
#1622 = PLANE ( 'NONE',  #2660 ) ;
#1623 = ORIENTED_EDGE ( 'NONE', *, *, #3803, .F. ) ;
#1624 = PLANE ( 'NONE',  #3876 ) ;
#1625 =( NAMED_UNIT ( * ) SI_UNIT ( $, .STERADIAN. ) SOLID_ANGLE_UNIT ( ) );
#1626 = LINE ( 'NONE', #2953, #4218 ) ;
#1627 = ORIENTED_EDGE ( 'NONE', *, *, #1406, .F. ) ;
#1628 = CARTESIAN_POINT ( 'NONE',  ( 0.4536010832257900693, 0.03516481420455512541, -0.07814324995940274965 ) ) ;
#1629 = CARTESIAN_POINT ( 'NONE',  ( 0.4754786166454750829, 0.03516481420467319763, -0.08789370103648942723 ) ) ;
#1630 = DIRECTION ( 'NONE',  ( 0.1045284632676983655, 0.9945218953682685159, 1.827786029713617844E-16 ) ) ;
#1631 = UNCERTAINTY_MEASURE_WITH_UNIT (LENGTH_MEASURE( 1.000000000000000082E-05 ), #4091, 'distance_accuracy_value', 'NONE');
#1632 = ORIENTED_EDGE ( 'NONE', *, *, #4257, .F. ) ;
#1633 = DIRECTION ( 'NONE',  ( -1.748601263784621748E-15, -1.482966057179117483E-32, 1.000000000000000000 ) ) ;
#1634 = CARTESIAN_POINT ( 'NONE',  ( 0.4536010832257899583, 0.04500733388959449188, -0.03701423085452092837 ) ) ;
#1635 = VECTOR ( 'NONE', #3299, 39.37007874015748143 ) ;
#1636 = EDGE_CURVE ( 'NONE', #3013, #2578, #887, .T. ) ;
#1637 = DIRECTION ( 'NONE',  ( 1.000000000000000000, -1.644517855226007801E-15, 1.748601263784621748E-15 ) ) ;
#1638 = EDGE_CURVE ( 'NONE', #597, #1997, #1658, .T. ) ;
#1639 = ORIENTED_EDGE ( 'NONE', *, *, #2301, .F. ) ;
#1640 = ORIENTED_EDGE ( 'NONE', *, *, #987, .F. ) ;
#1641 = DIRECTION ( 'NONE',  ( -1.644517855226008195E-15, -1.000000000000000000, -2.890435660536364269E-30 ) ) ;
#1642 = DIRECTION ( 'NONE',  ( 1.748601263784622143E-15, 0.0000000000000000000, -1.000000000000000000 ) ) ;
#1643 = CARTESIAN_POINT ( 'NONE',  ( 0.5096303506627002378, 0.02914268067976763174, -0.02726377977636772892 ) ) ;
#1644 = EDGE_LOOP ( 'NONE', ( #2312, #1572, #2192, #2712, #841, #4315, #3523, #4215 ) ) ;
#1645 = EDGE_CURVE ( 'NONE', #1997, #3291, #3005, .T. ) ;
#1646 = EDGE_CURVE ( 'NONE', #3896, #1838, #1954, .T. ) ;
#1647 = DIRECTION ( 'NONE',  ( 1.748601263784621946E-15, 0.0000000000000000000, -1.000000000000000000 ) ) ;
#1648 = DIRECTION ( 'NONE',  ( 1.000000000000000000, -1.582776894139425349E-15, 0.0000000000000000000 ) ) ;
#1649 = AXIS2_PLACEMENT_3D ( 'NONE', #3752, #3343, #652 ) ;
#1650 =( CONVERSION_BASED_UNIT ( 'INCH', #1606 ) LENGTH_UNIT ( ) NAMED_UNIT ( #1839 ) );
#1651 = VERTEX_POINT ( 'NONE', #2714 ) ;
#1652 = AXIS2_PLACEMENT_3D ( 'NONE', #243, #1193, #162 ) ;
#1653 = DIRECTION ( 'NONE',  ( -4.243133622236443522E-11, 0.0000000000000000000, -1.000000000000000000 ) ) ;
#1654 = DIRECTION ( 'NONE',  ( 0.9578261432953980581, 0.2873483586517651123, 6.505213034913019504E-15 ) ) ;
#1655 = AXIS2_PLACEMENT_3D ( 'NONE', #2172, #1892, #3227 ) ;
#1656 = ORIENTED_EDGE ( 'NONE', *, *, #767, .F. ) ;
#1657 = CARTESIAN_POINT ( 'NONE',  ( 0.2372226159726010808, 0.03516481420455547929, -0.03513779552499369380 ) ) ;
#1658 = LINE ( 'NONE', #3674, #2610 ) ;
#1659 = FILL_AREA_STYLE ('',( #1392 ) ) ;
#1660 = ORIENTED_EDGE ( 'NONE', *, *, #2604, .T. ) ;
#1661 = ORIENTED_EDGE ( 'NONE', *, *, #3617, .T. ) ;
#1662 = EDGE_CURVE ( 'NONE', #495, #2036, #951, .T. ) ;
#1663 = DIRECTION ( 'NONE',  ( -0.1045284632676950626, 0.9945218953682689600, -8.607386130680116915E-13 ) ) ;
#1664 = CARTESIAN_POINT ( 'NONE',  ( 0.1896720897116644378, -0.02376973408140352351, -0.06742127273290378364 ) ) ;
#1665 = CARTESIAN_POINT ( 'NONE',  ( 0.4254818849634279809, 0.1217789874329370386, -0.08316929158739508332 ) ) ;
#1666 = VECTOR ( 'NONE', #1373, 39.37007874015748143 ) ;
#1667 = DIRECTION ( 'NONE',  ( 0.0000000000000000000, 1.000000000000000000, 0.0000000000000000000 ) ) ;
#1668 = CYLINDRICAL_SURFACE ( 'NONE', #1399, 0.005905511811019676337 ) ;
#1669 = DIRECTION ( 'NONE',  ( 0.9945218953682690710, 0.1045284632676950765, 8.189380864547705479E-12 ) ) ;
#1670 = ORIENTED_EDGE ( 'NONE', *, *, #3217, .F. ) ;
#1671 = AXIS2_PLACEMENT_3D ( 'NONE', #3344, #233, #1300 ) ;
#1672 = ORIENTED_EDGE ( 'NONE', *, *, #2048, .T. ) ;
#1673 = DIRECTION ( 'NONE',  ( 1.748601263784621946E-15, 0.0000000000000000000, -1.000000000000000000 ) ) ;
#1674 = DIRECTION ( 'NONE',  ( -1.650367342786774274E-12, 1.000000000000000000, -2.885819591645249798E-27 ) ) ;
#1675 = CARTESIAN_POINT ( 'NONE',  ( 0.5483132623140308803, -0.03570132752772850471, -0.02726377977604912614 ) ) ;
#1676 = DIRECTION ( 'NONE',  ( -8.234490263801784106E-12, 1.353889066150678860E-26, 1.000000000000000000 ) ) ;
#1677 = AXIS2_PLACEMENT_3D ( 'NONE', #843, #3230, #2225 ) ;
#1678 = UNCERTAINTY_MEASURE_WITH_UNIT (LENGTH_MEASURE( 1.000000000000000082E-05 ), #236, 'distance_accuracy_value', 'NONE');
#1679 = ORIENTED_EDGE ( 'NONE', *, *, #990, .F. ) ;
#1680 = AXIS2_PLACEMENT_3D ( 'NONE', #4061, #4044, #35 ) ;
#1681 = DIRECTION ( 'NONE',  ( 0.0000000000000000000, 0.0000000000000000000, 1.000000000000000000 ) ) ;
#1682 = CARTESIAN_POINT ( 'NONE',  ( 0.1916773655959021772, -0.02096163172394815977, -0.06796744960185839568 ) ) ;
#1683 = VECTOR ( 'NONE', #3660, 39.37007874015748143 ) ;
#1684 = VECTOR ( 'NONE', #3427, 39.37007874015748143 ) ;
#1685 = DIRECTION ( 'NONE',  ( -1.644517855226008195E-15, -1.000000000000000000, -2.890435660536364269E-30 ) ) ;
#1686 = ORIENTED_EDGE ( 'NONE', *, *, #659, .T. ) ;
#1687 = LENGTH_MEASURE_WITH_UNIT ( LENGTH_MEASURE( 0.02539999999999999897 ), #1335 );
#1688 = FACE_OUTER_BOUND ( 'NONE', #2030, .T. ) ;
#1689 = PLANE ( 'NONE',  #1795 ) ;
#1690 = AXIS2_PLACEMENT_3D ( 'NONE', #837, #2195, #3553 ) ;
#1691 = UNCERTAINTY_MEASURE_WITH_UNIT (LENGTH_MEASURE( 1.000000000000000082E-05 ), #1740, 'distance_accuracy_value', 'NONE');
#1692 = LINE ( 'NONE', #11, #2293 ) ;
#1693 = CARTESIAN_POINT ( 'NONE',  ( 0.5152090898304260147, -0.02393547695607489006, -0.03986220497317212452 ) ) ;
#1694 = EDGE_CURVE ( 'NONE', #2639, #2492, #1305, .T. ) ;
#1695 = AXIS2_PLACEMENT_3D ( 'NONE', #4066, #2318, #2951 ) ;
#1696 = EDGE_CURVE ( 'NONE', #2924, #59, #2456, .T. ) ;
#1697 = EDGE_LOOP ( 'NONE', ( #1833, #2275, #2344, #801 ) ) ;
#1698 = CARTESIAN_POINT ( 'NONE',  ( 0.5134983943106640192, -0.007659296307098515354, -0.08789370103617834273 ) ) ;
#1699 = CARTESIAN_POINT ( 'NONE',  ( 0.3140612938105263319, 0.1021333181416026054, -0.03297244119349746622 ) ) ;
#1700 = CARTESIAN_POINT ( 'NONE',  ( 0.1921925904901452264, -0.01880785086056255620, -0.04581343370861582637 ) ) ;
#1701 = EDGE_CURVE ( 'NONE', #4248, #2174, #333, .T. ) ;
#1702 = ORIENTED_EDGE ( 'NONE', *, *, #4113, .F. ) ;
#1703 = CARTESIAN_POINT ( 'NONE',  ( 0.4754786166452190099, 0.04240671319253163513, 0.01210629896319561152 ) ) ;
#1704 =( NAMED_UNIT ( * ) PLANE_ANGLE_UNIT ( ) SI_UNIT ( $, .RADIAN. ) );
#1705 = STYLED_ITEM ( 'NONE', ( #3279 ), #1123 ) ;
#1706 = FACE_OUTER_BOUND ( 'NONE', #2914, .T. ) ;
#1707 = EDGE_CURVE ( 'NONE', #2924, #1355, #38, .T. ) ;
#1708 = ORIENTED_EDGE ( 'NONE', *, *, #444, .T. ) ;
#1709 = DIRECTION ( 'NONE',  ( 1.285586259847828171E-12, 2.654901211753999955E-11, -1.000000000000000000 ) ) ;
#1710 = DIRECTION ( 'NONE',  ( -1.748601263784621748E-15, 0.0000000000000000000, 1.000000000000000000 ) ) ;
#1711 = LENGTH_MEASURE_WITH_UNIT ( LENGTH_MEASURE( 0.02539999999999999897 ), #1057 );
#1712 = CARTESIAN_POINT ( 'NONE',  ( 0.4578091021353568602, -0.004205264535602351757, -0.005563233721056288356 ) ) ;
#1713 = FACE_OUTER_BOUND ( 'NONE', #1644, .T. ) ;
#1714 = FILL_AREA_STYLE_COLOUR ( '', #340 ) ;
#1715 = VERTEX_POINT ( 'NONE', #2372 ) ;
#1716 = VECTOR ( 'NONE', #2385, 39.37007874015748143 ) ;
#1717 = EDGE_CURVE ( 'NONE', #4036, #1186, #994, .T. ) ;
#1718 = LINE ( 'NONE', #2409, #3144 ) ;
#1719 = DIRECTION ( 'NONE',  ( 0.09052430460837825044, 0.8612812260087766569, -0.4999999999999882316 ) ) ;
#1720 = DIRECTION ( 'NONE',  ( 1.644517855226008195E-15, 1.000000000000000000, 2.890435660536364269E-30 ) ) ;
#1721 = VECTOR ( 'NONE', #246, 39.37007874015748143 ) ;
#1722 = ORIENTED_EDGE ( 'NONE', *, *, #3084, .F. ) ;
#1723 = FACE_OUTER_BOUND ( 'NONE', #1568, .T. ) ;
#1724 = CARTESIAN_POINT ( 'NONE',  ( 0.3140612938105262764, 0.1021333181416026054, -0.08218503961889105092 ) ) ;
#1725 =( GEOMETRIC_REPRESENTATION_CONTEXT ( 3 ) GLOBAL_UNCERTAINTY_ASSIGNED_CONTEXT ( ( #2123 ) ) GLOBAL_UNIT_ASSIGNED_CONTEXT ( ( #3316, #3417, #111 ) ) REPRESENTATION_CONTEXT ( 'NONE', 'WORKASPACE' ) );
#1726 = EDGE_CURVE ( 'NONE', #3216, #1345, #2625, .T. ) ;
#1727 = EDGE_CURVE ( 'NONE', #949, #2513, #1351, .T. ) ;
#1728 = DIRECTION ( 'NONE',  ( 1.748601263784622143E-15, 0.0000000000000000000, -1.000000000000000000 ) ) ;
#1729 = VERTEX_POINT ( 'NONE', #4062 ) ;
#1730 = FACE_OUTER_BOUND ( 'NONE', #3003, .T. ) ;
#1731 = FACE_OUTER_BOUND ( 'NONE', #3895, .T. ) ;
#1732 = UNCERTAINTY_MEASURE_WITH_UNIT (LENGTH_MEASURE( 1.000000000000000082E-05 ), #3356, 'distance_accuracy_value', 'NONE');
#1733 = CARTESIAN_POINT ( 'NONE',  ( 0.4754786166451601126, 0.1217789874329369693, 0.01210629896398299730 ) ) ;
#1734 = DIRECTION ( 'NONE',  ( 0.0000000000000000000, 0.0000000000000000000, 1.000000000000000000 ) ) ;
#1735 = CARTESIAN_POINT ( 'NONE',  ( 0.2313841284562319078, 0.04500733388959485964, -0.02726377977696224642 ) ) ;
#1736 = ORIENTED_EDGE ( 'NONE', *, *, #2017, .F. ) ;
#1737 = ORIENTED_EDGE ( 'NONE', *, *, #2908, .F. ) ;
#1738 = VECTOR ( 'NONE', #3499, 39.37007874015748854 ) ;
#1739 = DIRECTION ( 'NONE',  ( -1.644517855226008195E-15, -1.000000000000000000, -2.890435660536364269E-30 ) ) ;
#1740 =( CONVERSION_BASED_UNIT ( 'INCH', #1760 ) LENGTH_UNIT ( ) NAMED_UNIT ( #536 ) );
#1741 = AXIS2_PLACEMENT_3D ( 'NONE', #3760, #4105, #704 ) ;
#1742 = ORIENTED_EDGE ( 'NONE', *, *, #2146, .F. ) ;
#1743 = CYLINDRICAL_SURFACE ( 'NONE', #192, 0.007874015748031495954 ) ;
#1744 = LINE ( 'NONE', #997, #4093 ) ;
#1745 = VERTEX_POINT ( 'NONE', #1434 ) ;
#1746 = EDGE_CURVE ( 'NONE', #59, #3598, #2020, .T. ) ;
#1747 = VECTOR ( 'NONE', #230, 39.37007874015748143 ) ;
#1748 = DIMENSIONAL_EXPONENTS ( 1.000000000000000000, 0.0000000000000000000, 0.0000000000000000000, 0.0000000000000000000, 0.0000000000000000000, 0.0000000000000000000, 0.0000000000000000000 ) ;
#1749 = FACE_OUTER_BOUND ( 'NONE', #2457, .T. ) ;
#1750 = VECTOR ( 'NONE', #3262, 39.37007874015748854 ) ;
#1751 = CYLINDRICAL_SURFACE ( 'NONE', #1184, 0.007874015748031499423 ) ;
#1752 =( LENGTH_UNIT ( ) NAMED_UNIT ( * ) SI_UNIT ( $, .METRE. ) );
#1753 = EDGE_CURVE ( 'NONE', #3061, #397, #2478, .T. ) ;
#1754 = VECTOR ( 'NONE', #1846, 39.37007874015748143 ) ;
#1755 = CARTESIAN_POINT ( 'NONE',  ( 0.2003137495791373623, -0.03570132752772794266, -0.08789370103680482771 ) ) ;
#1756 = LENGTH_MEASURE_WITH_UNIT ( LENGTH_MEASURE( 0.02539999999999999897 ), #2445 );
#1757 = ORIENTED_EDGE ( 'NONE', *, *, #4318, .F. ) ;
#1758 = ORIENTED_EDGE ( 'NONE', *, *, #1946, .F. ) ;
#1759 = CARTESIAN_POINT ( 'NONE',  ( 0.3926470588251995686, 0.1217789874329370942, -0.007578740406095759059 ) ) ;
#1760 = LENGTH_MEASURE_WITH_UNIT ( LENGTH_MEASURE( 0.02539999999999999897 ), #2410 );
#1761 = CARTESIAN_POINT ( 'NONE',  ( 0.5483132623143616158, -0.03570132752772850471, -0.06742126009100976591 ) ) ;
#1762 = AXIS2_PLACEMENT_3D ( 'NONE', #3253, #3990, #1710 ) ;
#1763 = EDGE_LOOP ( 'NONE', ( #3078, #2783, #3501, #555, #3786, #3753 ) ) ;
#1764 = CARTESIAN_POINT ( 'NONE',  ( 0.5225010356770466435, -0.03570132752772847001, -0.06742126009122235974 ) ) ;
#1765 = CARTESIAN_POINT ( 'NONE',  ( 0.4920108682649397824, 0.03516481420455506990, -0.08789370103635522902 ) ) ;
#1766 = LINE ( 'NONE', #2138, #1495 ) ;
#1767 = ORIENTED_EDGE ( 'NONE', *, *, #444, .F. ) ;
#1768 = LENGTH_MEASURE_WITH_UNIT ( LENGTH_MEASURE( 0.02539999999999999897 ), #458 );
#1769 = CARTESIAN_POINT ( 'NONE',  ( 0.2313841284562230538, 0.03516481420601218905, -0.02726377977696224642 ) ) ;
#1770 = EDGE_CURVE ( 'NONE', #1203, #1947, #101, .T. ) ;
#1771 = VERTEX_POINT ( 'NONE', #1765 ) ;
#1772 = EDGE_CURVE ( 'NONE', #3951, #1106, #783, .T. ) ;
#1773 = SURFACE_STYLE_USAGE ( .BOTH. , #66 ) ;
#1774 = UNCERTAINTY_MEASURE_WITH_UNIT (LENGTH_MEASURE( 1.000000000000000082E-05 ), #2682, 'distance_accuracy_value', 'NONE');
#1775 = DIRECTION ( 'NONE',  ( 0.0000000000000000000, 0.0000000000000000000, 1.000000000000000000 ) ) ;
#1776 = CARTESIAN_POINT ( 'NONE',  ( 0.5135310619964214007, -0.02413076081869613976, -0.04773622072121743581 ) ) ;
#1777 = ADVANCED_FACE ( 'NONE', ( #3738 ), #2804, .T. ) ;
#1778 = DIMENSIONAL_EXPONENTS ( 1.000000000000000000, 0.0000000000000000000, 0.0000000000000000000, 0.0000000000000000000, 0.0000000000000000000, 0.0000000000000000000, 0.0000000000000000000 ) ;
#1779 = VERTEX_POINT ( 'NONE', #2055 ) ;
#1780 = LINE ( 'NONE', #3022, #2702 ) ;
#1781 =( GEOMETRIC_REPRESENTATION_CONTEXT ( 3 ) GLOBAL_UNCERTAINTY_ASSIGNED_CONTEXT ( ( #3325 ) ) GLOBAL_UNIT_ASSIGNED_CONTEXT ( ( #896, #1154, #4237 ) ) REPRESENTATION_CONTEXT ( 'NONE', 'WORKASPACE' ) );
#1782 = ORIENTED_EDGE ( 'NONE', *, *, #3701, .T. ) ;
#1783 = CARTESIAN_POINT ( 'NONE',  ( 0.3928014512908295508, 0.1021333181416024527, -0.08218503961889120357 ) ) ;
#1784 = SURFACE_STYLE_USAGE ( .BOTH. , #674 ) ;
#1785 = CYLINDRICAL_SURFACE ( 'NONE', #739, 0.005905511811023620231 ) ;
#1786 = ORIENTED_EDGE ( 'NONE', *, *, #3145, .F. ) ;
#1787 =( LENGTH_UNIT ( ) NAMED_UNIT ( * ) SI_UNIT ( $, .METRE. ) );
#1788 = SURFACE_SIDE_STYLE ('',( #2096 ) ) ;
#1789 = AXIS2_PLACEMENT_3D ( 'NONE', #2957, #31, #2069 ) ;
#1790 = ORIENTED_EDGE ( 'NONE', *, *, #2801, .T. ) ;
#1791 = DIRECTION ( 'NONE',  ( 0.4273849608040032333, -7.028421990972483826E-16, -0.9040697402737026822 ) ) ;
#1792 = CARTESIAN_POINT ( 'NONE',  ( 0.4754786166451615559, 0.1217789874329369693, -0.8272637797762137923 ) ) ;
#1793 = ORIENTED_EDGE ( 'NONE', *, *, #1505, .F. ) ;
#1794 = CARTESIAN_POINT ( 'NONE',  ( 0.1933643507908066883, -0.007659296307097984528, -0.08789370103680482771 ) ) ;
#1795 = AXIS2_PLACEMENT_3D ( 'NONE', #3379, #43, #3398 ) ;
#1796 = EDGE_CURVE ( 'NONE', #3912, #4239, #371, .T. ) ;
#1797 =( LENGTH_UNIT ( ) NAMED_UNIT ( * ) SI_UNIT ( $, .METRE. ) );
#1798 = CARTESIAN_POINT ( 'NONE',  ( 0.3140612938105263319, 0.1021333181416026054, -0.03297244119349746622 ) ) ;
#1799 = VERTEX_POINT ( 'NONE', #2732 ) ;
#1800 = ORIENTED_EDGE ( 'NONE', *, *, #3675, .F. ) ;
#1801 = DIRECTION ( 'NONE',  ( 1.000000000000000000, -1.644517855226007801E-15, 1.748601263784622143E-15 ) ) ;
#1802 = LINE ( 'NONE', #3165, #3722 ) ;
#1803 = FILL_AREA_STYLE ('',( #2070 ) ) ;
#1804 = ORIENTED_EDGE ( 'NONE', *, *, #3248, .T. ) ;
#1805 = AXIS2_PLACEMENT_3D ( 'NONE', #2780, #1390, #1074 ) ;
#1806 = DIRECTION ( 'NONE',  ( 1.000000000000000000, -1.644517855226007801E-15, -2.328659748462362256E-10 ) ) ;
#1807 = LINE ( 'NONE', #4242, #109 ) ;
#1808 = AXIS2_PLACEMENT_3D ( 'NONE', #1944, #2708, #1653 ) ;
#1809 = ORIENTED_EDGE ( 'NONE', *, *, #3490, .F. ) ;
#1810 = CARTESIAN_POINT ( 'NONE',  ( 0.4144549945979161820, 0.1060309559368543958, -0.08238189001259182964 ) ) ;
#1811 = PLANE ( 'NONE',  #2166 ) ;
#1812 = VERTEX_POINT ( 'NONE', #415 ) ;
#1813 = CARTESIAN_POINT ( 'NONE',  ( 0.5225010356778660991, -0.01798479209465759024, -0.1669308663904348899 ) ) ;
#1814 = UNCERTAINTY_MEASURE_WITH_UNIT (LENGTH_MEASURE( 1.000000000000000082E-05 ), #2014, 'distance_accuracy_value', 'NONE');
#1815 = ORIENTED_EDGE ( 'NONE', *, *, #1168, .F. ) ;
#1816 = AXIS2_PLACEMENT_3D ( 'NONE', #2271, #1317, #1648 ) ;
#1817 = PRESENTATION_LAYER_ASSIGNMENT (  '', '', ( #3383 ) ) ;
#1818 = VECTOR ( 'NONE', #486, 39.37007874015748143 ) ;
#1819 = DIRECTION ( 'NONE',  ( 0.3079484342921974260, 0.0000000000000000000, 0.9514030490895979408 ) ) ;
#1820 = DIRECTION ( 'NONE',  ( 0.4273849607944149032, -7.028421990814850682E-16, 0.9040697402782356118 ) ) ;
#1821 = CARTESIAN_POINT ( 'NONE',  ( 0.1921925904901474469, -0.01880785086054883801, -0.06934404710513727976 ) ) ;
#1822 = AXIS2_PLACEMENT_3D ( 'NONE', #2590, #2659, #895 ) ;
#1823 = AXIS2_PLACEMENT_3D ( 'NONE', #2640, #1252, #3578 ) ;
#1824 = VERTEX_POINT ( 'NONE', #1029 ) ;
#1825 = VERTEX_POINT ( 'NONE', #36 ) ;
#1826 = VECTOR ( 'NONE', #1642, 39.37007874015748143 ) ;
#1827 = DIRECTION ( 'NONE',  ( 1.000000000000000000, -1.644517855226007801E-15, 3.555553229056784908E-12 ) ) ;
#1828 = CARTESIAN_POINT ( 'NONE',  ( 0.2532616618757506100, 0.03516481420455545848, -0.03701423085373388433 ) ) ;
#1829 = ADVANCED_FACE ( 'NONE', ( #2392 ), #3411, .T. ) ;
#1830 = DIRECTION ( 'NONE',  ( 1.000000000000000000, 2.710505431213753985E-15, 8.234515500027385174E-12 ) ) ;
#1831 = ADVANCED_FACE ( 'NONE', ( #2754 ), #4084, .F. ) ;
#1832 = PRESENTATION_LAYER_ASSIGNMENT (  '', '', ( #1618 ) ) ;
#1833 = ORIENTED_EDGE ( 'NONE', *, *, #4269, .F. ) ;
#1834 = CARTESIAN_POINT ( 'NONE',  ( 0.4920108682644405151, 0.04500733388959443637, -0.02726377977651272058 ) ) ;
#1835 =( CONVERSION_BASED_UNIT ( 'INCH', #3903 ) LENGTH_UNIT ( ) NAMED_UNIT ( #3864 ) );
#1836 = EDGE_CURVE ( 'NONE', #1779, #2846, #4359, .T. ) ;
#1837 = SURFACE_SIDE_STYLE ('',( #2498 ) ) ;
#1838 = VERTEX_POINT ( 'NONE', #3472 ) ;
#1839 = DIMENSIONAL_EXPONENTS ( 1.000000000000000000, 0.0000000000000000000, 0.0000000000000000000, 0.0000000000000000000, 0.0000000000000000000, 0.0000000000000000000, 0.0000000000000000000 ) ;
#1840 = CARTESIAN_POINT ( 'NONE',  ( 0.4754786166453175977, 0.04500733388959445719, -0.02726377977696183702 ) ) ;
#1841 = CARTESIAN_POINT ( 'NONE',  ( 0.4561674782085065050, 0.03516481420455511153, -0.03730122072223737706 ) ) ;
#1842 = ORIENTED_EDGE ( 'NONE', *, *, #45, .T. ) ;
#1843 = DIRECTION ( 'NONE',  ( 1.644517855226007801E-15, 1.000000000000000000, 2.875605999964572744E-30 ) ) ;
#1844 = DIRECTION ( 'NONE',  ( 0.9040697404025195283, -1.626303258728255665E-15, 0.4273849605315106492 ) ) ;
#1845 = LENGTH_MEASURE_WITH_UNIT ( LENGTH_MEASURE( 0.02539999999999999897 ), #4276 );
#1846 = DIRECTION ( 'NONE',  ( -8.234490263801784106E-12, 1.353889066150678860E-26, 1.000000000000000000 ) ) ;
#1847 = LINE ( 'NONE', #3529, #3153 ) ;
#1848 =( GEOMETRIC_REPRESENTATION_CONTEXT ( 3 ) GLOBAL_UNCERTAINTY_ASSIGNED_CONTEXT ( ( #3067 ) ) GLOBAL_UNIT_ASSIGNED_CONTEXT ( ( #3543, #3517, #2828 ) ) REPRESENTATION_CONTEXT ( 'NONE', 'WORKASPACE' ) );
#1849 = ORIENTED_EDGE ( 'NONE', *, *, #2213, .T. ) ;
#1850 = VERTEX_POINT ( 'NONE', #825 ) ;
#1851 = FILL_AREA_STYLE ('',( #497 ) ) ;
#1852 = DIRECTION ( 'NONE',  ( 1.000000000000000000, -1.261858067872522700E-11, -3.775193864338215445E-12 ) ) ;
#1853 = COLOUR_RGB ( '',0.7607843137254901578, 0.7607843137254901578, 0.0000000000000000000 ) ;
#1854 = CARTESIAN_POINT ( 'NONE',  ( 0.2313841284562265788, 0.03516481424090340396, -0.1218021244321836061 ) ) ;
#1855 = ORIENTED_EDGE ( 'NONE', *, *, #1428, .T. ) ;
#1856 = ADVANCED_FACE ( 'NONE', ( #3515 ), #2186, .T. ) ;
#1857 =( NAMED_UNIT ( * ) PLANE_ANGLE_UNIT ( ) SI_UNIT ( $, .RADIAN. ) );
#1858 = ORIENTED_EDGE ( 'NONE', *, *, #3160, .T. ) ;
#1859 = ADVANCED_FACE ( 'NONE', ( #4217 ), #3929, .T. ) ;
#1860 = CARTESIAN_POINT ( 'NONE',  ( 0.2313841284533489917, 0.03516481421632714627, 0.004564360868313389885 ) ) ;
#1861 = FACE_OUTER_BOUND ( 'NONE', #4081, .T. ) ;
#1862 = VECTOR ( 'NONE', #4095, 39.37007874015748854 ) ;
#1863 = DIRECTION ( 'NONE',  ( -8.234490263801784106E-12, 1.353889066150678860E-26, 1.000000000000000000 ) ) ;
#1864 = AXIS2_PLACEMENT_3D ( 'NONE', #4089, #2489, #3764 ) ;
#1865 = EDGE_CURVE ( 'NONE', #4092, #3899, #2678, .T. ) ;
#1866 = CARTESIAN_POINT ( 'NONE',  ( 0.4254818849634279809, 0.1217789874329370386, -0.08316929158739508332 ) ) ;
#1867 = CARTESIAN_POINT ( 'NONE',  ( 0.3928014512908295508, 0.1060309559368544235, -0.03277559079979661116 ) ) ;
#1868 = CARTESIAN_POINT ( 'NONE',  ( 0.5098570882031393525, -0.02450745300942763771, -0.04773622072124768245 ) ) ;
#1869 =( GEOMETRIC_REPRESENTATION_CONTEXT ( 3 ) GLOBAL_UNCERTAINTY_ASSIGNED_CONTEXT ( ( #1814 ) ) GLOBAL_UNIT_ASSIGNED_CONTEXT ( ( #2014, #4027, #996 ) ) REPRESENTATION_CONTEXT ( 'NONE', 'WORKASPACE' ) );
#1870 = DIRECTION ( 'NONE',  ( -1.748601263784622143E-15, 0.0000000000000000000, 1.000000000000000000 ) ) ;
#1871 = DIMENSIONAL_EXPONENTS ( 1.000000000000000000, 0.0000000000000000000, 0.0000000000000000000, 0.0000000000000000000, 0.0000000000000000000, 0.0000000000000000000, 0.0000000000000000000 ) ;
#1872 = VECTOR ( 'NONE', #3829, 39.37007874015748143 ) ;
#1873 = ORIENTED_EDGE ( 'NONE', *, *, #1095, .F. ) ;
#1874 = EDGE_LOOP ( 'NONE', ( #1576, #1993, #1366, #3640, #238, #4128, #3945, #1511 ) ) ;
#1875 = CARTESIAN_POINT ( 'NONE',  ( 0.5171213436152469756, -0.02373449098435618382, -0.04773622072118789000 ) ) ;
#1876 = DIRECTION ( 'NONE',  ( -0.1045284632676950626, 0.9945218953682689600, -8.607386130680116915E-13 ) ) ;
#1877 = FACE_OUTER_BOUND ( 'NONE', #14, .T. ) ;
#1878 = EDGE_LOOP ( 'NONE', ( #2406, #484, #3821, #388, #992, #2745 ) ) ;
#1879 = DIRECTION ( 'NONE',  ( 0.09052430460837823656, 0.8612812260087761018, -0.4999999999999892308 ) ) ;
#1880 = ORIENTED_EDGE ( 'NONE', *, *, #3224, .F. ) ;
#1881 = AXIS2_PLACEMENT_3D ( 'NONE', #2179, #3922, #1830 ) ;
#1882 = VECTOR ( 'NONE', #3566, 39.37007874015748143 ) ;
#1883 = LENGTH_MEASURE_WITH_UNIT ( LENGTH_MEASURE( 0.02539999999999999897 ), #1974 );
#1884 = EDGE_CURVE ( 'NONE', #1931, #597, #2207, .T. ) ;
#1885 = VECTOR ( 'NONE', #2229, 39.37007874015748143 ) ;
#1886 = LINE ( 'NONE', #136, #1315 ) ;
#1887 = EDGE_CURVE ( 'NONE', #597, #953, #3237, .T. ) ;
#1888 = ORIENTED_EDGE ( 'NONE', *, *, #1150, .T. ) ;
#1889 = CARTESIAN_POINT ( 'NONE',  ( 0.2490536793154355943, 0.003668751212429472927, -0.005563233721056699485 ) ) ;
#1890 = CARTESIAN_POINT ( 'NONE',  ( 0.4679366774458565970, 0.03516481420506866601, 0.01210629896319561152 ) ) ;
#1891 = CARTESIAN_POINT ( 'NONE',  ( 0.2031529521231688895, -0.008688119764420850627, -0.08789370103680482771 ) ) ;
#1892 = DIRECTION ( 'NONE',  ( 1.644517855226008195E-15, 1.000000000000000000, 2.890435660536364269E-30 ) ) ;
#1893 = ORIENTED_EDGE ( 'NONE', *, *, #4028, .F. ) ;
#1894 = EDGE_CURVE ( 'NONE', #2348, #2773, #189, .T. ) ;
#1895 = AXIS2_PLACEMENT_3D ( 'NONE', #3025, #56, #2753 ) ;
#1896 = VERTEX_POINT ( 'NONE', #1158 ) ;
#1897 = CARTESIAN_POINT ( 'NONE',  ( 0.3928014512908295508, 0.1060309559368544235, -0.08238189001259189903 ) ) ;
#1898 = MECHANICAL_DESIGN_GEOMETRIC_PRESENTATION_REPRESENTATION (  '', ( #1032 ), #1964 ) ;
#1899 = LINE ( 'NONE', #1604, #3559 ) ;
#1900 = CARTESIAN_POINT ( 'NONE',  ( 0.1843617094242554211, -0.03570132752772790796, -0.04773622072184419141 ) ) ;
#1901 = PRESENTATION_LAYER_ASSIGNMENT (  '', '', ( #2251 ) ) ;
#1902 = CYLINDRICAL_SURFACE ( 'NONE', #3342, 0.007874015748031495954 ) ;
#1903 = VERTEX_POINT ( 'NONE', #2922 ) ;
#1904 = LINE ( 'NONE', #1943, #2615 ) ;
#1905 = STYLED_ITEM ( 'NONE', ( #1087 ), #385 ) ;
#1906 = AXIS2_PLACEMENT_3D ( 'NONE', #3869, #464, #2884 ) ;
#1907 = CARTESIAN_POINT ( 'NONE',  ( 0.3928014512908296063, 0.1434325307400276528, -0.07915354355589927782 ) ) ;
#1908 = ORIENTED_EDGE ( 'NONE', *, *, #1258, .F. ) ;
#1909 = DIRECTION ( 'NONE',  ( 1.748601263784622143E-15, 0.0000000000000000000, -1.000000000000000000 ) ) ;
#1910 = CARTESIAN_POINT ( 'NONE',  ( 0.5044156245189410637, 0.03516481420455504214, -0.8792322837135758684 ) ) ;
#1911 = CARTESIAN_POINT ( 'NONE',  ( 0.4625214697569317024, 0.03516481420455510459, -0.03177255961239490445 ) ) ;
#1912 = PRESENTATION_LAYER_ASSIGNMENT (  '', '', ( #2849 ) ) ;
#1913 = EDGE_LOOP ( 'NONE', ( #2511, #2416, #1639, #3485, #4350, #1482 ) ) ;
#1914 = EDGE_CURVE ( 'NONE', #3728, #1997, #1807, .T. ) ;
#1915 = DIRECTION ( 'NONE',  ( -1.734723475977064460E-15, -1.000000000000000000, 2.407412430474777679E-30 ) ) ;
#1916 =( NAMED_UNIT ( * ) SI_UNIT ( $, .STERADIAN. ) SOLID_ANGLE_UNIT ( ) );
#1917 = SURFACE_STYLE_FILL_AREA ( #3614 ) ;
#1918 = DIRECTION ( 'NONE',  ( -1.000000000000000000, 0.0000000000000000000, 1.734723475977064066E-15 ) ) ;
#1919 = VERTEX_POINT ( 'NONE', #1205 ) ;
#1920 = FACE_OUTER_BOUND ( 'NONE', #4286, .T. ) ;
#1921 = EDGE_CURVE ( 'NONE', #165, #1476, #2256, .T. ) ;
#1922 = DIRECTION ( 'NONE',  ( 1.000000000000000000, -1.644517855226007801E-15, 1.748601263784622143E-15 ) ) ;
#1923 = CARTESIAN_POINT ( 'NONE',  ( 0.5225010356770467546, -0.02585880784268908966, -0.06742126009122235974 ) ) ;
#1924 = COLOUR_RGB ( '',0.7607843137254901578, 0.7607843137254901578, 0.0000000000000000000 ) ;
#1925 =( NAMED_UNIT ( * ) PLANE_ANGLE_UNIT ( ) SI_UNIT ( $, .RADIAN. ) );
#1926 = ORIENTED_EDGE ( 'NONE', *, *, #4198, .T. ) ;
#1927 = EDGE_CURVE ( 'NONE', #3180, #467, #455, .T. ) ;
#1928 = LINE ( 'NONE', #1181, #514 ) ;
#1929 =( BOUNDED_CURVE ( )  B_SPLINE_CURVE ( 3, ( #454, #3839, #100, #1098 ),
 .UNSPECIFIED., .F., .T. ) 
 B_SPLINE_CURVE_WITH_KNOTS ( ( 4, 4 ),
 ( 2.314863421232947971, 3.058929863299746366 ),
 .UNSPECIFIED. ) 
 CURVE ( )  GEOMETRIC_REPRESENTATION_ITEM ( )  RATIONAL_B_SPLINE_CURVE ( ( 1.000000000000000000, 0.9543934499307230590, 0.9543934499307230590, 1.000000000000000000 ) ) 
 REPRESENTATION_ITEM ( '' )  );
#1930 = ORIENTED_EDGE ( 'NONE', *, *, #2795, .T. ) ;
#1931 = VERTEX_POINT ( 'NONE', #1484 ) ;
#1932 = CARTESIAN_POINT ( 'NONE',  ( 0.3496518449916170002, 0.1434325307400277361, -0.03600393725668660921 ) ) ;
#1933 = ORIENTED_EDGE ( 'NONE', *, *, #3879, .F. ) ;
#1934 = DIRECTION ( 'NONE',  ( 0.0000000000000000000, 1.000000000000000000, 0.0000000000000000000 ) ) ;
#1935 = CARTESIAN_POINT ( 'NONE',  ( 0.5225010356770467546, -0.02585880784268908966, -0.06742126009122235974 ) ) ;
#1936 = CARTESIAN_POINT ( 'NONE',  ( 0.4696401291287821134, 0.03516481420455509765, -0.03513779552499328440 ) ) ;
#1937 = VECTOR ( 'NONE', #472, 39.37007874015748143 ) ;
#1938 = ORIENTED_EDGE ( 'NONE', *, *, #2827, .F. ) ;
#1939 = AXIS2_PLACEMENT_3D ( 'NONE', #1557, #2265, #2218 ) ;
#1940 = DIRECTION ( 'NONE',  ( -8.234490263801784106E-12, 1.353889066150678860E-26, 1.000000000000000000 ) ) ;
#1941 = VERTEX_POINT ( 'NONE', #2877 ) ;
#1942 = ORIENTED_EDGE ( 'NONE', *, *, #3347, .T. ) ;
#1943 = CARTESIAN_POINT ( 'NONE',  ( 0.3928014512908295508, 0.1434325307400276528, -0.03600393725668725453 ) ) ;
#1944 = CARTESIAN_POINT ( 'NONE',  ( 0.4554196763416167859, 0.03516481420455512541, -0.03139570891121379326 ) ) ;
#1945 =( NAMED_UNIT ( * ) SI_UNIT ( $, .STERADIAN. ) SOLID_ANGLE_UNIT ( ) );
#1946 = EDGE_CURVE ( 'NONE', #1455, #2446, #3437, .T. ) ;
#1947 = VERTEX_POINT ( 'NONE', #127 ) ;
#1948 = DIRECTION ( 'NONE',  ( 1.927470528863118556E-15, 1.000000000000000000, 0.0000000000000000000 ) ) ;
#1949 = CARTESIAN_POINT ( 'NONE',  ( 0.2514430687601995618, 0.03516481420455545848, -0.07785626009152914195 ) ) ;
#1950 = DIRECTION ( 'NONE',  ( -1.644517855226007801E-15, -1.000000000000000000, -2.875605999964572744E-30 ) ) ;
#1951 = EDGE_LOOP ( 'NONE', ( #2937, #2971, #2139, #2654, #672, #3495, #897, #1475 ) ) ;
#1952 = VECTOR ( 'NONE', #1575, 39.37007874015748143 ) ;
#1953 = CARTESIAN_POINT ( 'NONE',  ( 0.2006796306912802530, -0.02488414520016165102, -0.04773622072184417059 ) ) ;
#1954 = CIRCLE ( 'NONE', #3507, 0.005905511811027556318 ) ;
#1955 = SURFACE_STYLE_USAGE ( .BOTH. , #581 ) ;
#1956 = CARTESIAN_POINT ( 'NONE',  ( 0.2148518768365311749, 0.03516481420455551399, -0.08789370103680475832 ) ) ;
#1957 = ORIENTED_EDGE ( 'NONE', *, *, #2771, .F. ) ;
#1958 = DIRECTION ( 'NONE',  ( 1.000000000000000000, -1.644517855226007801E-15, 1.748601263784621748E-15 ) ) ;
#1959 =( LENGTH_UNIT ( ) NAMED_UNIT ( * ) SI_UNIT ( $, .METRE. ) );
#1960 = CARTESIAN_POINT ( 'NONE',  ( 0.2313841284562318801, 0.03516481420455548623, -0.02726377977696224642 ) ) ;
#1961 = EDGE_CURVE ( 'NONE', #457, #2142, #2855, .T. ) ;
#1962 = SURFACE_STYLE_USAGE ( .BOTH. , #4035 ) ;
#1963 = ORIENTED_EDGE ( 'NONE', *, *, #2042, .T. ) ;
#1964 =( GEOMETRIC_REPRESENTATION_CONTEXT ( 3 ) GLOBAL_UNCERTAINTY_ASSIGNED_CONTEXT ( ( #2530 ) ) GLOBAL_UNIT_ASSIGNED_CONTEXT ( ( #17, #3388, #349 ) ) REPRESENTATION_CONTEXT ( 'NONE', 'WORKASPACE' ) );
#1965 = STYLED_ITEM ( 'NONE', ( #859 ), #3360 ) ;
#1966 = EDGE_CURVE ( 'NONE', #2864, #2800, #3974, .T. ) ;
#1967 = DIRECTION ( 'NONE',  ( 0.05226423164096315188, -0.4972609476841257092, -0.8660254037840142693 ) ) ;
#1968 = LINE ( 'NONE', #2277, #2601 ) ;
#1969 = ADVANCED_FACE ( 'NONE', ( #1253 ), #325, .F. ) ;
#1970 = DIRECTION ( 'NONE',  ( 8.234490263801784106E-12, -1.353889066150678860E-26, -1.000000000000000000 ) ) ;
#1971 = AXIS2_PLACEMENT_3D ( 'NONE', #1446, #2510, #2811 ) ;
#1972 = DIRECTION ( 'NONE',  ( -0.1045284632676950626, 0.9945218953682689600, -8.607386130680116915E-13 ) ) ;
#1973 = ORIENTED_EDGE ( 'NONE', *, *, #4234, .F. ) ;
#1974 =( LENGTH_UNIT ( ) NAMED_UNIT ( * ) SI_UNIT ( $, .METRE. ) );
#1975 = CARTESIAN_POINT ( 'NONE',  ( 0.1921418968833506769, -0.01929016831111244820, -0.06892388780233671408 ) ) ;
#1976 = ADVANCED_FACE ( 'NONE', ( #946 ), #570, .T. ) ;
#1977 = LINE ( 'NONE', #2236, #2520 ) ;
#1978 = VECTOR ( 'NONE', #3751, 39.37007874015748143 ) ;
#1979 = ORIENTED_EDGE ( 'NONE', *, *, #1208, .T. ) ;
#1980 = VERTEX_POINT ( 'NONE', #3954 ) ;
#1981 = FACE_OUTER_BOUND ( 'NONE', #4149, .T. ) ;
#1982 = EDGE_CURVE ( 'NONE', #3571, #3984, #1968, .T. ) ;
#1983 = CYLINDRICAL_SURFACE ( 'NONE', #1338, 0.007874015748031495954 ) ;
#1984 = CARTESIAN_POINT ( 'NONE',  ( 0.5048815532788061278, -0.01983667431789503527, -0.06934404710461264387 ) ) ;
#1985 = ORIENTED_EDGE ( 'NONE', *, *, #711, .F. ) ;
#1986 = LINE ( 'NONE', #3361, #3149 ) ;
#1987 = CARTESIAN_POINT ( 'NONE',  ( 0.1896720897116644378, -0.02376973408140352351, -0.06742127273290378364 ) ) ;
#1988 = ORIENTED_EDGE ( 'NONE', *, *, #3083, .T. ) ;
#1989 = SURFACE_STYLE_USAGE ( .BOTH. , #2278 ) ;
#1990 = CYLINDRICAL_SURFACE ( 'NONE', #700, 0.007874015748031504627 ) ;
#1991 = EDGE_CURVE ( 'NONE', #713, #334, #923, .T. ) ;
#1992 = UNCERTAINTY_MEASURE_WITH_UNIT (LENGTH_MEASURE( 1.000000000000000082E-05 ), #2703, 'distance_accuracy_value', 'NONE');
#1993 = ORIENTED_EDGE ( 'NONE', *, *, #2821, .T. ) ;
#1994 = LINE ( 'NONE', #2073, #1684 ) ;
#1995 = DIRECTION ( 'NONE',  ( -1.000000000000000000, 1.644517855226007801E-15, -8.234490263801784106E-12 ) ) ;
#1996 = COLOUR_RGB ( '',0.7607843137254901578, 0.7607843137254901578, 0.0000000000000000000 ) ;
#1997 = VERTEX_POINT ( 'NONE', #1629 ) ;
#1998 = CARTESIAN_POINT ( 'NONE',  ( 1.771695132572813897E-16, 0.1021333181416031466, 2.410722045319873436E-21 ) ) ;
#1999 = DIRECTION ( 'NONE',  ( 0.0000000000000000000, 0.0000000000000000000, 1.000000000000000000 ) ) ;
#2000 = DIRECTION ( 'NONE',  ( -1.748601263784621748E-15, -1.482966057179117483E-32, 1.000000000000000000 ) ) ;
#2001 = UNCERTAINTY_MEASURE_WITH_UNIT (LENGTH_MEASURE( 1.000000000000000082E-05 ), #151, 'distance_accuracy_value', 'NONE');
#2002 = CARTESIAN_POINT ( 'NONE',  ( 0.3928014512908295508, 0.1434325307400276528, -0.03600393725668725453 ) ) ;
#2003 = VECTOR ( 'NONE', #3928, 39.37007874015748143 ) ;
#2004 = EDGE_LOOP ( 'NONE', ( #2164, #3087, #1009, #4189 ) ) ;
#2005 = CYLINDRICAL_SURFACE ( 'NONE', #1145, 0.01771653543307087283 ) ;
#2006 = LINE ( 'NONE', #3365, #1173 ) ;
#2007 = CARTESIAN_POINT ( 'NONE',  ( 0.2514430687567349998, 0.04500733388959482495, -0.07785626009156855487 ) ) ;
#2008 = LINE ( 'NONE', #2369, #2551 ) ;
#2009 = AXIS2_PLACEMENT_3D ( 'NONE', #1601, #4323, #3592 ) ;
#2010 = VERTEX_POINT ( 'NONE', #4378 ) ;
#2011 = DIRECTION ( 'NONE',  ( -1.582776894139422588E-15, 3.382678050229430240E-31, -1.000000000000000000 ) ) ;
#2012 = CARTESIAN_POINT ( 'NONE',  ( 0.1902427840463768449, -0.02326537358669318600, -0.06742126009192291047 ) ) ;
#2013 = PRODUCT_RELATED_PRODUCT_CATEGORY ( 'part', '', ( #932 ) ) ;
#2014 =( CONVERSION_BASED_UNIT ( 'INCH', #1845 ) LENGTH_UNIT ( ) NAMED_UNIT ( #2881 ) );
#2015 =( CONVERSION_BASED_UNIT ( 'INCH', #4085 ) LENGTH_UNIT ( ) NAMED_UNIT ( #2463 ) );
#2016 = EDGE_LOOP ( 'NONE', ( #105, #736, #142, #921, #3234, #158 ) ) ;
#2017 = EDGE_CURVE ( 'NONE', #1209, #3426, #678, .T. ) ;
#2018 = EDGE_CURVE ( 'NONE', #3896, #1903, #2303, .T. ) ;
#2019 = DIRECTION ( 'NONE',  ( 8.234490263801784106E-12, -1.353889066150678860E-26, -1.000000000000000000 ) ) ;
#2020 = CIRCLE ( 'NONE', #2245, 0.007874015748031482076 ) ;
#2021 = PRESENTATION_LAYER_ASSIGNMENT (  '', '', ( #2089 ) ) ;
#2022 = CARTESIAN_POINT ( 'NONE',  ( 0.2342116740154053245, 0.03769412902946407684, 0.01210629896319520560 ) ) ;
#2023 = DIRECTION ( 'NONE',  ( -1.644517855226008195E-15, -1.000000000000000000, -2.890435660536364269E-30 ) ) ;
#2024 = ADVANCED_FACE ( 'NONE', ( #3665 ), #279, .T. ) ;
#2025 = STYLED_ITEM ( 'NONE', ( #2665 ), #2024 ) ;
#2026 = ORIENTED_EDGE ( 'NONE', *, *, #3307, .F. ) ;
#2027 = CARTESIAN_POINT ( 'NONE',  ( 0.2924077505034279323, 0.1060309559368545901, -0.03277559079979674994 ) ) ;
#2028 = CARTESIAN_POINT ( 'NONE',  ( 0.1843617094242554211, -0.03570132752772790796, -0.04773622072184419141 ) ) ;
#2029 = UNCERTAINTY_MEASURE_WITH_UNIT (LENGTH_MEASURE( 1.000000000000000082E-05 ), #4147, 'distance_accuracy_value', 'NONE');
#2030 = EDGE_LOOP ( 'NONE', ( #1114, #3498, #1349, #2199, #2680, #3374, #567, #4154, #1031, #147, #4244, #3140, #4329, #4376 ) ) ;
#2031 = CARTESIAN_POINT ( 'NONE',  ( 0.5054204884983556356, -0.02496430041343707454, -0.07529527583939450708 ) ) ;
#2032 = CARTESIAN_POINT ( 'NONE',  ( 0.1918644830476397833, -0.02037404134002615899, -0.06827400171835128206 ) ) ;
#2033 = AXIS2_PLACEMENT_3D ( 'NONE', #1341, #2790, #2044 ) ;
#2034 = MECHANICAL_DESIGN_GEOMETRIC_PRESENTATION_REPRESENTATION (  '', ( #4369 ), #688 ) ;
#2035 = LINE ( 'NONE', #1030, #2449 ) ;
#2036 = VERTEX_POINT ( 'NONE', #2958 ) ;
#2037 = VECTOR ( 'NONE', #465, 39.37007874015748143 ) ;
#2038 = FILL_AREA_STYLE ('',( #2736 ) ) ;
#2039 = FACE_OUTER_BOUND ( 'NONE', #54, .T. ) ;
#2040 = AXIS2_PLACEMENT_3D ( 'NONE', #3741, #684, #745 ) ;
#2041 = UNCERTAINTY_MEASURE_WITH_UNIT (LENGTH_MEASURE( 1.000000000000000082E-05 ), #1403, 'distance_accuracy_value', 'NONE');
#2042 = EDGE_CURVE ( 'NONE', #1103, #3937, #3793, .T. ) ;
#2043 = DIRECTION ( 'NONE',  ( -1.644517855226008195E-15, -1.000000000000000000, -6.123233995736766036E-17 ) ) ;
#2044 = DIRECTION ( 'NONE',  ( 4.482742302360809843E-10, 0.0000000000000000000, -1.000000000000000000 ) ) ;
#2045 = DIRECTION ( 'NONE',  ( -0.4273849607752874813, 7.028421990500299298E-16, -0.9040697402872777122 ) ) ;
#2046 = PRESENTATION_LAYER_ASSIGNMENT (  '', '', ( #4158 ) ) ;
#2047 = ORIENTED_EDGE ( 'NONE', *, *, #2777, .T. ) ;
#2048 = EDGE_CURVE ( 'NONE', #4183, #3280, #2006, .T. ) ;
#2049 = EDGE_CURVE ( 'NONE', #1172, #4252, #3589, .T. ) ;
#2050 = CARTESIAN_POINT ( 'NONE',  ( 0.3140612938105263874, 0.1060309559368545623, -0.08238189001259203781 ) ) ;
#2051 = SURFACE_STYLE_FILL_AREA ( #411 ) ;
#2052 = FACE_OUTER_BOUND ( 'NONE', #2674, .T. ) ;
#2053 = ORIENTED_EDGE ( 'NONE', *, *, #3854, .T. ) ;
#2054 = DIRECTION ( 'NONE',  ( 8.234490263801784106E-12, -1.353889066150678860E-26, -1.000000000000000000 ) ) ;
#2055 = CARTESIAN_POINT ( 'NONE',  ( 0.4578091021353568602, -0.004205264535602351757, -0.1095942470915555050 ) ) ;
#2056 = COLOUR_RGB ( '',1.000000000000000000, 1.000000000000000000, 1.000000000000000000 ) ;
#2057 = CARTESIAN_POINT ( 'NONE',  ( 0.2372226159726404382, 0.04500733388959485270, -0.02726377977696224642 ) ) ;
#2058 = EDGE_LOOP ( 'NONE', ( #2595, #2588, #1640, #2253 ) ) ;
#2059 = DIRECTION ( 'NONE',  ( 1.000000000000000000, -1.644517855226007801E-15, 1.748601263784621748E-15 ) ) ;
#2060 = STYLED_ITEM ( 'NONE', ( #2728 ), #88 ) ;
#2061 = LINE ( 'NONE', #1081, #347 ) ;
#2062 = CARTESIAN_POINT ( 'NONE',  ( 0.2506952668928372763, 0.03516481420455545848, -0.03139570891042674922 ) ) ;
#2063 = FACE_OUTER_BOUND ( 'NONE', #2093, .T. ) ;
#2064 = SURFACE_SIDE_STYLE ('',( #1021 ) ) ;
#2065 = ORIENTED_EDGE ( 'NONE', *, *, #3482, .F. ) ;
#2066 = EDGE_LOOP ( 'NONE', ( #1560, #3419, #881, #1334 ) ) ;
#2067 = MECHANICAL_DESIGN_GEOMETRIC_PRESENTATION_REPRESENTATION (  '', ( #2285 ), #3487 ) ;
#2068 = DIRECTION ( 'NONE',  ( 1.000000000000000000, -1.644517855226007801E-15, 1.748601263784622143E-15 ) ) ;
#2069 = DIRECTION ( 'NONE',  ( -1.712519015484303964E-10, -1.000000000000000000, 0.0000000000000000000 ) ) ;
#2070 = FILL_AREA_STYLE_COLOUR ( '', #3966 ) ;
#2071 = EDGE_CURVE ( 'NONE', #2864, #3216, #2366, .T. ) ;
#2072 = ORIENTED_EDGE ( 'NONE', *, *, #2777, .F. ) ;
#2073 = CARTESIAN_POINT ( 'NONE',  ( 0.4615064727374434961, 0.03516481420455510459, -0.03391963584585947628 ) ) ;
#2074 = CARTESIAN_POINT ( 'NONE',  ( 0.1843617094242554766, -0.01798479209465702819, -0.04773622072184419141 ) ) ;
#2075 = AXIS2_PLACEMENT_3D ( 'NONE', #2586, #3917, #3290 ) ;
#2076 = EDGE_CURVE ( 'NONE', #874, #3412, #757, .T. ) ;
#2077 = SURFACE_STYLE_USAGE ( .BOTH. , #2438 ) ;
#2078 = ORIENTED_EDGE ( 'NONE', *, *, #2349, .T. ) ;
#2079 = PRESENTATION_STYLE_ASSIGNMENT (( #1395 ) ) ;
#2080 = CARTESIAN_POINT ( 'NONE',  ( 0.4561674782085065605, 0.04500733388959448494, -0.03730122072223737706 ) ) ;
#2081 = FILL_AREA_STYLE_COLOUR ( '', #3094 ) ;
#2082 = DIRECTION ( 'NONE',  ( -0.9578264271459974166, 0.2873474124831009169, -1.674856500993800463E-15 ) ) ;
#2083 = CARTESIAN_POINT ( 'NONE',  ( 0.4561674782086246327, 0.04500733388959448494, -0.03139570891121379326 ) ) ;
#2084 =( CONVERSION_BASED_UNIT ( 'INCH', #2404 ) LENGTH_UNIT ( ) NAMED_UNIT ( #3119 ) );
#2085 = DIMENSIONAL_EXPONENTS ( 1.000000000000000000, 0.0000000000000000000, 0.0000000000000000000, 0.0000000000000000000, 0.0000000000000000000, 0.0000000000000000000, 0.0000000000000000000 ) ;
#2086 = ORIENTED_EDGE ( 'NONE', *, *, #3088, .F. ) ;
#2087 = EDGE_LOOP ( 'NONE', ( #986, #1303, #3555, #3228 ) ) ;
#2088 = VECTOR ( 'NONE', #4118, 39.37007874015748143 ) ;
#2089 = STYLED_ITEM ( 'NONE', ( #4199 ), #798 ) ;
#2090 = CARTESIAN_POINT ( 'NONE',  ( 0.2506952668935066297, 0.04500733388959482495, -0.07785626009152914195 ) ) ;
#2091 = LINE ( 'NONE', #1385, #2462 ) ;
#2092 = DIRECTION ( 'NONE',  ( 1.555145074134924813E-15, 0.9987523388778462019, 0.04993761694386230493 ) ) ;
#2093 = EDGE_LOOP ( 'NONE', ( #4284, #803, #1656, #3122, #1930, #868 ) ) ;
#2094 = EDGE_CURVE ( 'NONE', #496, #369, #1430, .T. ) ;
#2095 = ADVANCED_FACE ( 'NONE', ( #432 ), #2775, .F. ) ;
#2096 = SURFACE_STYLE_FILL_AREA ( #3493 ) ;
#2097 = AXIS2_PLACEMENT_3D ( 'NONE', #2031, #3694, #5 ) ;
#2098 = VERTEX_POINT ( 'NONE', #1362 ) ;
#2099 = AXIS2_PLACEMENT_3D ( 'NONE', #2002, #2614, #3362 ) ;
#2100 = EDGE_CURVE ( 'NONE', #2330, #397, #2091, .T. ) ;
#2101 = VECTOR ( 'NONE', #2011, 39.37007874015748143 ) ;
#2102 = EDGE_LOOP ( 'NONE', ( #135, #2992, #3671, #2072 ) ) ;
#2103 = DIRECTION ( 'NONE',  ( -8.234490263801784106E-12, 1.353889066150678573E-26, 1.000000000000000000 ) ) ;
#2104 =( GEOMETRIC_REPRESENTATION_CONTEXT ( 3 ) GLOBAL_UNCERTAINTY_ASSIGNED_CONTEXT ( ( #2982 ) ) GLOBAL_UNIT_ASSIGNED_CONTEXT ( ( #4371, #1925, #2661 ) ) REPRESENTATION_CONTEXT ( 'NONE', 'WORKASPACE' ) );
#2105 = CIRCLE ( 'NONE', #483, 0.005905511811027564992 ) ;
#2106 = CARTESIAN_POINT ( 'NONE',  ( 0.2490536793154355388, 0.001406169371563333135, 0.001978705513195248324 ) ) ;
#2107 = FACE_OUTER_BOUND ( 'NONE', #636, .T. ) ;
#2108 = CARTESIAN_POINT ( 'NONE',  ( 0.2703607577135457296, -0.06735471599197999371, -0.08828720693013783483 ) ) ;
#2109 = ORIENTED_EDGE ( 'NONE', *, *, #1836, .F. ) ;
#2110 = DIRECTION ( 'NONE',  ( -0.05226423163383198817, -0.4972609476841254317, -0.8660254037844445918 ) ) ;
#2111 = CARTESIAN_POINT ( 'NONE',  ( 0.5225010356770467546, -0.01798479209465759024, -0.06742126009122235974 ) ) ;
#2112 = CARTESIAN_POINT ( 'NONE',  ( 0.2372226159726404382, 0.03516481420455547929, -0.02726377977696224642 ) ) ;
#2113 = DIMENSIONAL_EXPONENTS ( 1.000000000000000000, 0.0000000000000000000, 0.0000000000000000000, 0.0000000000000000000, 0.0000000000000000000, 0.0000000000000000000, 0.0000000000000000000 ) ;
#2114 = ORIENTED_EDGE ( 'NONE', *, *, #1428, .F. ) ;
#2115 = CARTESIAN_POINT ( 'NONE',  ( 0.4554196763377191814, 0.04500733388959449188, -0.07785626009188305330 ) ) ;
#2116 = DIRECTION ( 'NONE',  ( 0.0000000000000000000, -1.000000000000000000, 0.0000000000000000000 ) ) ;
#2117 = EDGE_CURVE ( 'NONE', #1941, #1465, #2609, .T. ) ;
#2118 = FILL_AREA_STYLE_COLOUR ( '', #3962 ) ;
#2119 = ORIENTED_EDGE ( 'NONE', *, *, #526, .F. ) ;
#2120 = CARTESIAN_POINT ( 'NONE',  ( 0.2021550464030783534, -0.01818255847634996092, -0.07135826796593867927 ) ) ;
#2121 = EDGE_LOOP ( 'NONE', ( #1047, #4224, #1985, #4135 ) ) ;
#2122 = DIRECTION ( 'NONE',  ( 0.9578261432953891763, 0.2873483586517949773, 1.674856004652267247E-15 ) ) ;
#2123 = UNCERTAINTY_MEASURE_WITH_UNIT (LENGTH_MEASURE( 1.000000000000000082E-05 ), #3316, 'distance_accuracy_value', 'NONE');
#2124 = ORIENTED_EDGE ( 'NONE', *, *, #2788, .F. ) ;
#2125 = APPLICATION_CONTEXT ( 'automotive_design' ) ;
#2126 = SURFACE_STYLE_USAGE ( .BOTH. , #4133 ) ;
#2127 = DIRECTION ( 'NONE',  ( 0.05226423162670049832, -0.4972609476841248211, 0.8660254037848753583 ) ) ;
#2128 = FACE_OUTER_BOUND ( 'NONE', #3863, .T. ) ;
#2129 = ORIENTED_EDGE ( 'NONE', *, *, #1638, .F. ) ;
#2130 = ADVANCED_FACE ( 'NONE', ( #387 ), #2797, .T. ) ;
#2131 = ORIENTED_EDGE ( 'NONE', *, *, #987, .T. ) ;
#2132 = LENGTH_MEASURE_WITH_UNIT ( LENGTH_MEASURE( 0.02539999999999999897 ), #4117 );
#2133 = CARTESIAN_POINT ( 'NONE',  ( 0.5061831144098568602, -0.02488414520015541989, -0.04773622072127796379 ) ) ;
#2134 = CARTESIAN_POINT ( 'NONE',  ( 0.4561674782086246327, 0.03516481420455511153, -0.03139570891121379326 ) ) ;
#2135 = ORIENTED_EDGE ( 'NONE', *, *, #1796, .F. ) ;
#2136 = CARTESIAN_POINT ( 'NONE',  ( 0.1585494827869405321, -0.03078006768520818656, -0.05757874040688364115 ) ) ;
#2137 = VECTOR ( 'NONE', #3953, 39.37007874015748143 ) ;
#2138 = CARTESIAN_POINT ( 'NONE',  ( 0.3928014512908296063, 0.1434325307400276528, -0.07915354355589927782 ) ) ;
#2139 = ORIENTED_EDGE ( 'NONE', *, *, #1122, .T. ) ;
#2140 = CIRCLE ( 'NONE', #1298, 0.007874015748031482076 ) ;
#2141 = CARTESIAN_POINT ( 'NONE',  ( 0.3928014512908295508, 0.1060309559368544235, -0.03277559079979661116 ) ) ;
#2142 = VERTEX_POINT ( 'NONE', #1828 ) ;
#2143 = LENGTH_MEASURE_WITH_UNIT ( LENGTH_MEASURE( 0.02539999999999999897 ), #4175 );
#2144 = EDGE_CURVE ( 'NONE', #655, #366, #3533, .T. ) ;
#2145 = DIRECTION ( 'NONE',  ( 1.644517855226008195E-15, 1.000000000000000000, 2.890435660536364269E-30 ) ) ;
#2146 = EDGE_CURVE ( 'NONE', #2448, #925, #212, .T. ) ;
#2147 = FACE_OUTER_BOUND ( 'NONE', #257, .T. ) ;
#2148 = ORIENTED_EDGE ( 'NONE', *, *, #3402, .T. ) ;
#2149 = ORIENTED_EDGE ( 'NONE', *, *, #2100, .T. ) ;
#2150 = EDGE_CURVE ( 'NONE', #3841, #3711, #498, .T. ) ;
#2151 = LINE ( 'NONE', #2427, #1364 ) ;
#2152 =( LENGTH_UNIT ( ) NAMED_UNIT ( * ) SI_UNIT ( $, .METRE. ) );
#2153 = FILL_AREA_STYLE ('',( #4258 ) ) ;
#2154 = VERTEX_POINT ( 'NONE', #3190 ) ;
#2155 = CIRCLE ( 'NONE', #3725, 0.01771653543307088671 ) ;
#2156 = LINE ( 'NONE', #1834, #1332 ) ;
#2157 = PRESENTATION_STYLE_ASSIGNMENT (( #2938 ) ) ;
#2158 = SURFACE_STYLE_USAGE ( .BOTH. , #2459 ) ;
#2159 = ORIENTED_EDGE ( 'NONE', *, *, #282, .T. ) ;
#2160 = DIRECTION ( 'NONE',  ( 1.748601263784622143E-15, 0.0000000000000000000, -1.000000000000000000 ) ) ;
#2161 = CARTESIAN_POINT ( 'NONE',  ( 0.1897048612523385136, -0.02376851717063274000, -0.06742132791485797028 ) ) ;
#2162 = ORIENTED_EDGE ( 'NONE', *, *, #3403, .F. ) ;
#2163 = CARTESIAN_POINT ( 'NONE',  ( 0.4998417493308330850, 0.02811385722240937468, -0.08789370103629075281 ) ) ;
#2164 = ORIENTED_EDGE ( 'NONE', *, *, #1513, .T. ) ;
#2165 = VECTOR ( 'NONE', #3147, 39.37007874015748143 ) ;
#2166 = AXIS2_PLACEMENT_3D ( 'NONE', #1792, #1126, #3805 ) ;
#2167 = COLOUR_RGB ( '',0.7607843137254901578, 0.7607843137254901578, 0.0000000000000000000 ) ;
#2168 = DIRECTION ( 'NONE',  ( 0.0000000000000000000, -0.2873478937908958142, 0.9578262827537862290 ) ) ;
#2169 =( NAMED_UNIT ( * ) PLANE_ANGLE_UNIT ( ) SI_UNIT ( $, .RADIAN. ) );
#2170 = LINE ( 'NONE', #3528, #1754 ) ;
#2171 = VECTOR ( 'NONE', #493, 39.37007874015748143 ) ;
#2172 = CARTESIAN_POINT ( 'NONE',  ( 0.2372226159726799066, 0.04500733388959485270, -0.08001968528830076532 ) ) ;
#2173 = DIMENSIONAL_EXPONENTS ( 1.000000000000000000, 0.0000000000000000000, 0.0000000000000000000, 0.0000000000000000000, 0.0000000000000000000, 0.0000000000000000000, 0.0000000000000000000 ) ;
#2174 = VERTEX_POINT ( 'NONE', #1479 ) ;
#2175 = EDGE_CURVE ( 'NONE', #3303, #4330, #4186, .T. ) ;
#2176 = AXIS2_PLACEMENT_3D ( 'NONE', #2652, #955, #2315 ) ;
#2177 = CARTESIAN_POINT ( 'NONE',  ( 0.5154616257491037024, -0.02157683654261759870, -0.04741256265625300170 ) ) ;
#2178 = DIRECTION ( 'NONE',  ( 1.644517855226008195E-15, 1.000000000000000000, 2.890435660536364269E-30 ) ) ;
#2179 = CARTESIAN_POINT ( 'NONE',  ( 0.5225010356768845510, -0.01798479209465759024, -0.04773622072114360598 ) ) ;
#2180 = B_SPLINE_CURVE_WITH_KNOTS ( 'NONE', 3,
 ( #1987, #3273, #2996, #275 ),
 .UNSPECIFIED., .F., .F.,
 ( 4, 4 ),
 ( 0.0000000000000000000, 1.000000000000000000 ),
 .UNSPECIFIED. ) ;
#2181 = VECTOR ( 'NONE', #3526, 39.37007874015748143 ) ;
#2182 = ADVANCED_FACE ( 'NONE', ( #2201 ), #517, .F. ) ;
#2183 = EDGE_CURVE ( 'NONE', #2507, #2036, #3516, .T. ) ;
#2184 = EDGE_LOOP ( 'NONE', ( #3384, #84, #1540, #821 ) ) ;
#2185 = LINE ( 'NONE', #3860, #905 ) ;
#2186 = PLANE ( 'NONE',  #1460 ) ;
#2187 = CARTESIAN_POINT ( 'NONE',  ( 0.1843617094242555321, -0.01798479209465702819, -0.06742126009192295211 ) ) ;
#2188 = EDGE_CURVE ( 'NONE', #2928, #2098, #2455, .T. ) ;
#2189 = VERTEX_POINT ( 'NONE', #1900 ) ;
#2190 = DIRECTION ( 'NONE',  ( -1.644517855226007801E-15, -1.000000000000000000, 6.888556729901404633E-28 ) ) ;
#2191 =( NAMED_UNIT ( * ) PLANE_ANGLE_UNIT ( ) SI_UNIT ( $, .RADIAN. ) );
#2192 = ORIENTED_EDGE ( 'NONE', *, *, #3321, .F. ) ;
#2193 = LINE ( 'NONE', #4157, #3455 ) ;
#2194 = DIRECTION ( 'NONE',  ( -1.555145074134650487E-15, -0.9987523388778386524, -0.04993761694401192830 ) ) ;
#2195 = DIRECTION ( 'NONE',  ( 1.748601263784621946E-15, 0.0000000000000000000, -1.000000000000000000 ) ) ;
#2196 = LINE ( 'NONE', #816, #3422 ) ;
#2197 = PRESENTATION_LAYER_ASSIGNMENT (  '', '', ( #3405 ) ) ;
#2198 = VERTEX_POINT ( 'NONE', #3510 ) ;
#2199 = ORIENTED_EDGE ( 'NONE', *, *, #3083, .F. ) ;
#2200 = CARTESIAN_POINT ( 'NONE',  ( 0.5061831144100219504, -0.02488414520016214715, -0.06742126009135666898 ) ) ;
#2201 = FACE_OUTER_BOUND ( 'NONE', #3705, .T. ) ;
#2202 = VECTOR ( 'NONE', #565, 39.37007874015748143 ) ;
#2203 = CARTESIAN_POINT ( 'NONE',  ( 0.2313841284562265788, 0.03516481424090340396, 0.006644643619571839570 ) ) ;
#2204 = DIMENSIONAL_EXPONENTS ( 1.000000000000000000, 0.0000000000000000000, 0.0000000000000000000, 0.0000000000000000000, 0.0000000000000000000, 0.0000000000000000000, 0.0000000000000000000 ) ;
#2205 = ORIENTED_EDGE ( 'NONE', *, *, #2238, .T. ) ;
#2206 =( CONVERSION_BASED_UNIT ( 'INCH', #945 ) LENGTH_UNIT ( ) NAMED_UNIT ( #2432 ) );
#2207 = LINE ( 'NONE', #2550, #3033 ) ;
#2208 = SURFACE_STYLE_FILL_AREA ( #854 ) ;
#2209 = ORIENTED_EDGE ( 'NONE', *, *, #1645, .T. ) ;
#2210 = FILL_AREA_STYLE_COLOUR ( '', #1251 ) ;
#2211 = CARTESIAN_POINT ( 'NONE',  ( 0.1843617094242554766, -0.03570132752772790796, -0.06742126009192295211 ) ) ;
#2212 =( GEOMETRIC_REPRESENTATION_CONTEXT ( 3 ) GLOBAL_UNCERTAINTY_ASSIGNED_CONTEXT ( ( #1059 ) ) GLOBAL_UNIT_ASSIGNED_CONTEXT ( ( #2689, #1299, #2365 ) ) REPRESENTATION_CONTEXT ( 'NONE', 'WORKASPACE' ) );
#2213 = EDGE_CURVE ( 'NONE', #3598, #1440, #1802, .T. ) ;
#2214 = PLANE ( 'NONE',  #2894 ) ;
#2215 = ORIENTED_EDGE ( 'NONE', *, *, #1982, .F. ) ;
#2216 = AXIS2_PLACEMENT_3D ( 'NONE', #587, #1221, #3897 ) ;
#2217 = DIRECTION ( 'NONE',  ( 1.748601263784621946E-15, 0.0000000000000000000, -1.000000000000000000 ) ) ;
#2218 = DIRECTION ( 'NONE',  ( 0.4273849607902093228, -7.028421990745689274E-16, 0.9040697402802237992 ) ) ;
#2219 = PLANE ( 'NONE',  #1971 ) ;
#2220 = FACE_OUTER_BOUND ( 'NONE', #1128, .T. ) ;
#2221 = VECTOR ( 'NONE', #3655, 39.37007874015748143 ) ;
#2222 = EDGE_LOOP ( 'NONE', ( #2310, #3845, #2442, #1702, #4270 ) ) ;
#2223 = ORIENTED_EDGE ( 'NONE', *, *, #3585, .F. ) ;
#2224 = CARTESIAN_POINT ( 'NONE',  ( 0.5044156245189397314, 0.03516481420455504214, -0.08789370103625314401 ) ) ;
#2225 = DIRECTION ( 'NONE',  ( -0.1045284632676950626, 0.9945218953682689600, -8.607386130680116915E-13 ) ) ;
#2226 = CARTESIAN_POINT ( 'NONE',  ( 0.2313841284547877852, 0.03516481421120130901, 0.004564360868313389885 ) ) ;
#2227 = ORIENTED_EDGE ( 'NONE', *, *, #2175, .F. ) ;
#2228 = LINE ( 'NONE', #2619, #2362 ) ;
#2229 = DIRECTION ( 'NONE',  ( 1.600365673315232923E-12, 1.000000000000000000, -3.637978807091997295E-12 ) ) ;
#2230 = DIRECTION ( 'NONE',  ( 0.0000000000000000000, 0.0000000000000000000, 1.000000000000000000 ) ) ;
#2231 = EDGE_CURVE ( 'NONE', #2700, #2778, #2180, .T. ) ;
#2232 = ORIENTED_EDGE ( 'NONE', *, *, #876, .T. ) ;
#2233 = LINE ( 'NONE', #3907, #49 ) ;
#2234 = PLANE ( 'NONE',  #3373 ) ;
#2235 = MECHANICAL_DESIGN_GEOMETRIC_PRESENTATION_REPRESENTATION (  '', ( #1102 ), #184 ) ;
#2236 = CARTESIAN_POINT ( 'NONE',  ( 0.3928014512908295508, 0.1020939480628583751, -0.08218503961889118969 ) ) ;
#2237 = EDGE_LOOP ( 'NONE', ( #761, #2531, #3993, #2572 ) ) ;
#2238 = EDGE_CURVE ( 'NONE', #4252, #2174, #3619, .T. ) ;
#2239 = CARTESIAN_POINT ( 'NONE',  ( 0.2389260676734684674, 0.03516481420629898741, -0.1272637797758069678 ) ) ;
#2240 = FILL_AREA_STYLE_COLOUR ( '', #235 ) ;
#2241 = CARTESIAN_POINT ( 'NONE',  ( 0.5048815532788061278, -0.01983667431789503527, -0.06934404710461264387 ) ) ;
#2242 = CARTESIAN_POINT ( 'NONE',  ( 0.4561674782056326372, 0.03516481420455511153, -0.07785626009207995135 ) ) ;
#2243 = ORIENTED_EDGE ( 'NONE', *, *, #1646, .F. ) ;
#2244 = MECHANICAL_DESIGN_GEOMETRIC_PRESENTATION_REPRESENTATION (  '', ( #4368 ), #3042 ) ;
#2245 = AXIS2_PLACEMENT_3D ( 'NONE', #2074, #3757, #3152 ) ;
#2246 = VECTOR ( 'NONE', #2759, 39.37007874015748143 ) ;
#2247 = PRESENTATION_STYLE_ASSIGNMENT (( #1245 ) ) ;
#2248 = STYLED_ITEM ( 'NONE', ( #47 ), #2479 ) ;
#2249 = SURFACE_STYLE_FILL_AREA ( #1272 ) ;
#2250 = DIRECTION ( 'NONE',  ( 1.777675229241740150E-13, -1.000000000000000000, 3.108296855845006447E-28 ) ) ;
#2251 = STYLED_ITEM ( 'NONE', ( #737 ), #3587 ) ;
#2252 = ORIENTED_EDGE ( 'NONE', *, *, #3248, .F. ) ;
#2253 = ORIENTED_EDGE ( 'NONE', *, *, #4352, .T. ) ;
#2254 = DIRECTION ( 'NONE',  ( 1.927470528863118556E-15, 1.000000000000000000, 0.0000000000000000000 ) ) ;
#2255 = LINE ( 'NONE', #3236, #3179 ) ;
#2256 = LINE ( 'NONE', #545, #743 ) ;
#2257 = ORIENTED_EDGE ( 'NONE', *, *, #2663, .T. ) ;
#2258 = FILL_AREA_STYLE_COLOUR ( '', #3818 ) ;
#2259 = ORIENTED_EDGE ( 'NONE', *, *, #65, .T. ) ;
#2260 = LINE ( 'NONE', #2883, #106 ) ;
#2261 = LINE ( 'NONE', #2580, #328 ) ;
#2262 = MECHANICAL_DESIGN_GEOMETRIC_PRESENTATION_REPRESENTATION (  '', ( #4158 ), #811 ) ;
#2263 = ORIENTED_EDGE ( 'NONE', *, *, #1168, .T. ) ;
#2264 = CARTESIAN_POINT ( 'NONE',  ( 0.4144549945979160710, 0.1060309559368543958, -0.03198818922499343381 ) ) ;
#2265 = DIRECTION ( 'NONE',  ( -0.9040697402802237992, 1.486758830260366439E-15, 0.4273849607902093228 ) ) ;
#2266 = FILL_AREA_STYLE ('',( #2287 ) ) ;
#2267 = DIRECTION ( 'NONE',  ( 1.000000000000000000, -1.644517855226007801E-15, 1.748601263784622143E-15 ) ) ;
#2268 = ORIENTED_EDGE ( 'NONE', *, *, #1701, .T. ) ;
#2269 = DIRECTION ( 'NONE',  ( 8.234490263801784106E-12, -1.353889066150678860E-26, -1.000000000000000000 ) ) ;
#2270 = CARTESIAN_POINT ( 'NONE',  ( 0.5146701546109767600, -0.01880785086054938618, -0.04581343370799370596 ) ) ;
#2271 = CARTESIAN_POINT ( 'NONE',  ( 2.295739793477049438E-16, 0.1434325307400282634, 2.531258147844195007E-18 ) ) ;
#2272 = STYLED_ITEM ( 'NONE', ( #152 ), #1089 ) ;
#2273 = ADVANCED_FACE ( 'NONE', ( #3639 ), #4256, .F. ) ;
#2274 = ORIENTED_EDGE ( 'NONE', *, *, #2300, .F. ) ;
#2275 = ORIENTED_EDGE ( 'NONE', *, *, #3217, .T. ) ;
#2276 = CARTESIAN_POINT ( 'NONE',  ( 0.4754786166452386609, 0.03769413415677509011, 0.009278752882893157375 ) ) ;
#2277 = CARTESIAN_POINT ( 'NONE',  ( 0.2070209957706378445, 0.02811385722240985000, -0.08789370103680482771 ) ) ;
#2278 = SURFACE_SIDE_STYLE ('',( #2304 ) ) ;
#2279 = CARTESIAN_POINT ( 'NONE',  ( 0.2031529521231687785, -0.008688119764420850627, -0.02726377977696231580 ) ) ;
#2280 = VERTEX_POINT ( 'NONE', #3949 ) ;
#2281 = DIRECTION ( 'NONE',  ( -0.5730959463344971194, 0.8184658334308991812, -0.04092329167150090402 ) ) ;
#2282 = CARTESIAN_POINT ( 'NONE',  ( 0.1920236922317867245, -0.01990283707880516686, -0.04664874617396397305 ) ) ;
#2283 = DIRECTION ( 'NONE',  ( 0.0000000000000000000, 1.000000000000000000, 0.0000000000000000000 ) ) ;
#2284 = ORIENTED_EDGE ( 'NONE', *, *, #2504, .F. ) ;
#2285 = STYLED_ITEM ( 'NONE', ( #869 ), #4011 ) ;
#2286 = CARTESIAN_POINT ( 'NONE',  ( 0.2506952668928372763, 0.04500733388959482495, -0.03139570891042674922 ) ) ;
#2287 = FILL_AREA_STYLE_COLOUR ( '', #1260 ) ;
#2288 = CARTESIAN_POINT ( 'NONE',  ( 0.2924077505034279323, 0.1060309559368545901, -0.03277559079979674994 ) ) ;
#2289 = VECTOR ( 'NONE', #1820, 39.37007874015748143 ) ;
#2290 = EDGE_LOOP ( 'NONE', ( #2422, #4097, #885, #2705 ) ) ;
#2291 = EDGE_CURVE ( 'NONE', #597, #2940, #2975, .T. ) ;
#2292 = EDGE_CURVE ( 'NONE', #1812, #3896, #2683, .T. ) ;
#2293 = VECTOR ( 'NONE', #2043, 39.37007874015748143 ) ;
#2294 = DIRECTION ( 'NONE',  ( 1.000000000000000000, -1.644517855226007801E-15, 1.748601263784622143E-15 ) ) ;
#2295 = LENGTH_MEASURE_WITH_UNIT ( LENGTH_MEASURE( 0.02539999999999999897 ), #1959 );
#2296 = CARTESIAN_POINT ( 'NONE',  ( 0.2313841284562319633, 0.04500733388959485964, -0.08789370103680475832 ) ) ;
#2297 = STYLED_ITEM ( 'NONE', ( #2868 ), #391 ) ;
#2298 = CARTESIAN_POINT ( 'NONE',  ( 0.2148518768365311749, 0.03516481420455551399, -0.08789370103680475832 ) ) ;
#2299 = VERTEX_POINT ( 'NONE', #1584 ) ;
#2300 = EDGE_CURVE ( 'NONE', #3154, #2968, #1626, .T. ) ;
#2301 = EDGE_CURVE ( 'NONE', #59, #124, #1605, .T. ) ;
#2302 = DIRECTION ( 'NONE',  ( 1.644517855226008195E-15, 1.000000000000000000, 2.890435660536364269E-30 ) ) ;
#2303 = LINE ( 'NONE', #3046, #3377 ) ;
#2304 = SURFACE_STYLE_FILL_AREA ( #3021 ) ;
#2305 = LINE ( 'NONE', #3645, #1060 ) ;
#2306 = ORIENTED_EDGE ( 'NONE', *, *, #2802, .F. ) ;
#2307 = SURFACE_SIDE_STYLE ('',( #1594 ) ) ;
#2308 = CARTESIAN_POINT ( 'NONE',  ( 0.1913399854045305659, -0.02169457574273151237, -0.04744894968734190283 ) ) ;
#2309 = DIRECTION ( 'NONE',  ( 6.059249513075213418E-12, -1.655655939024010114E-12, 1.000000000000000000 ) ) ;
#2310 = ORIENTED_EDGE ( 'NONE', *, *, #202, .T. ) ;
#2311 = VECTOR ( 'NONE', #3651, 39.37007874015748143 ) ;
#2312 = ORIENTED_EDGE ( 'NONE', *, *, #1613, .F. ) ;
#2313 = FACE_OUTER_BOUND ( 'NONE', #1107, .T. ) ;
#2314 = AXIS2_PLACEMENT_3D ( 'NONE', #4173, #2941, #809 ) ;
#2315 = DIRECTION ( 'NONE',  ( -1.000000000000000000, 1.644517855226007801E-15, -8.234490263801784106E-12 ) ) ;
#2316 = PLANE ( 'NONE',  #4341 ) ;
#2317 = ORIENTED_EDGE ( 'NONE', *, *, #2686, .T. ) ;
#2318 = DIRECTION ( 'NONE',  ( 1.748601263784621946E-15, 0.0000000000000000000, -1.000000000000000000 ) ) ;
#2319 = CYLINDRICAL_SURFACE ( 'NONE', #3213, 0.007874015748031495954 ) ;
#2320 = CARTESIAN_POINT ( 'NONE',  ( 0.3928014512908295508, 0.1021333181416024527, -0.03600393725668726147 ) ) ;
#2321 = EDGE_CURVE ( 'NONE', #817, #3605, #4308, .T. ) ;
#2322 = DIRECTION ( 'NONE',  ( -1.748601263784621748E-15, 0.0000000000000000000, 1.000000000000000000 ) ) ;
#2323 = VECTOR ( 'NONE', #3581, 39.37007874015748143 ) ;
#2324 = ORIENTED_EDGE ( 'NONE', *, *, #2334, .T. ) ;
#2325 = VECTOR ( 'NONE', #2341, 39.37007874015748854 ) ;
#2326 =( NAMED_UNIT ( * ) SI_UNIT ( $, .STERADIAN. ) SOLID_ANGLE_UNIT ( ) );
#2327 = DIRECTION ( 'NONE',  ( 0.1045284632676983655, 0.9945218953682685159, 1.827786029713617844E-16 ) ) ;
#2328 = CARTESIAN_POINT ( 'NONE',  ( 0.2372226159726011085, 0.04500733388959485270, -0.03513779552499369380 ) ) ;
#2329 = EDGE_CURVE ( 'NONE', #583, #2633, #633, .T. ) ;
#2330 = VERTEX_POINT ( 'NONE', #3992 ) ;
#2331 =( GEOMETRIC_REPRESENTATION_CONTEXT ( 3 ) GLOBAL_UNCERTAINTY_ASSIGNED_CONTEXT ( ( #1631 ) ) GLOBAL_UNIT_ASSIGNED_CONTEXT ( ( #4091, #3098, #2743 ) ) REPRESENTATION_CONTEXT ( 'NONE', 'WORKASPACE' ) );
#2332 = CIRCLE ( 'NONE', #980, 0.007874015748031495954 ) ;
#2333 = CARTESIAN_POINT ( 'NONE',  ( 0.1896577093114365509, -0.02375406862796411792, -0.04773622072184419141 ) ) ;
#2334 = EDGE_CURVE ( 'NONE', #2846, #1027, #972, .T. ) ;
#2335 = CARTESIAN_POINT ( 'NONE',  ( 0.2924077505034279323, 0.1060309559368545901, -0.03277559079979674994 ) ) ;
#2336 = EDGE_LOOP ( 'NONE', ( #2751, #3875, #2257, #2109 ) ) ;
#2337 = ORIENTED_EDGE ( 'NONE', *, *, #2918, .F. ) ;
#2338 = CARTESIAN_POINT ( 'NONE',  ( 0.2018299441358805957, -0.02127569993138964111, -0.04706700642873200974 ) ) ;
#2339 = DIRECTION ( 'NONE',  ( -1.000000000000000000, 1.644517855226007801E-15, -1.748601263784621748E-15 ) ) ;
#2340 = PLANE ( 'NONE',  #2500 ) ;
#2341 = DIRECTION ( 'NONE',  ( 0.9947848906855175644, -0.1019952021607034437, 1.739482117046542862E-15 ) ) ;
#2342 = LINE ( 'NONE', #3685, #197 ) ;
#2343 = ORIENTED_EDGE ( 'NONE', *, *, #4014, .F. ) ;
#2344 = ORIENTED_EDGE ( 'NONE', *, *, #2487, .F. ) ;
#2345 = DIRECTION ( 'NONE',  ( -0.1045284632676950626, 0.9945218953682689600, -8.607386130680116915E-13 ) ) ;
#2346 = DIRECTION ( 'NONE',  ( 1.748601263784622143E-15, 0.0000000000000000000, -1.000000000000000000 ) ) ;
#2347 = UNCERTAINTY_MEASURE_WITH_UNIT (LENGTH_MEASURE( 1.000000000000000082E-05 ), #1144, 'distance_accuracy_value', 'NONE');
#2348 = VERTEX_POINT ( 'NONE', #982 ) ;
#2349 = EDGE_CURVE ( 'NONE', #1535, #1896, #3293, .T. ) ;
#2350 = EDGE_CURVE ( 'NONE', #2513, #382, #563, .T. ) ;
#2351 = FACE_OUTER_BOUND ( 'NONE', #2730, .T. ) ;
#2352 = CARTESIAN_POINT ( 'NONE',  ( 0.4754786166451601126, 0.1020939480628582363, -0.1272637797765947820 ) ) ;
#2353 =( GEOMETRIC_REPRESENTATION_CONTEXT ( 3 ) GLOBAL_UNCERTAINTY_ASSIGNED_CONTEXT ( ( #3023 ) ) GLOBAL_UNIT_ASSIGNED_CONTEXT ( ( #1650, #589, #2954 ) ) REPRESENTATION_CONTEXT ( 'NONE', 'WORKASPACE' ) );
#2354 = CARTESIAN_POINT ( 'NONE',  ( 0.5047076986980293389, -0.01818255847635045705, -0.04379921284727431030 ) ) ;
#2355 =( BOUNDED_CURVE ( )  B_SPLINE_CURVE ( 3, ( #2226, #2203, #3231, #3557 ),
 .UNSPECIFIED., .F., .T. ) 
 B_SPLINE_CURVE_WITH_KNOTS ( ( 4, 4 ),
 ( 0.08266305805074682100, 0.8267300111068787150 ),
 .UNSPECIFIED. ) 
 CURVE ( )  GEOMETRIC_REPRESENTATION_ITEM ( )  RATIONAL_B_SPLINE_CURVE ( ( 1.000000000000000000, 0.9543933880140722525, 0.9543933880140722525, 1.000000000000000000 ) ) 
 REPRESENTATION_ITEM ( '' )  );
#2356 = VERTEX_POINT ( 'NONE', #1960 ) ;
#2357 = ADVANCED_FACE ( 'NONE', ( #3015 ), #4348, .F. ) ;
#2358 = LINE ( 'NONE', #4032, #128 ) ;
#2359 =( NAMED_UNIT ( * ) PLANE_ANGLE_UNIT ( ) SI_UNIT ( $, .RADIAN. ) );
#2360 = DIRECTION ( 'NONE',  ( 1.000000000000000000, -1.644517855226008195E-15, -1.387778780775897814E-15 ) ) ;
#2361 =( NAMED_UNIT ( * ) PLANE_ANGLE_UNIT ( ) SI_UNIT ( $, .RADIAN. ) );
#2362 = VECTOR ( 'NONE', #4263, 39.37007874015748143 ) ;
#2363 = ORIENTED_EDGE ( 'NONE', *, *, #1921, .F. ) ;
#2364 = VECTOR ( 'NONE', #2194, 39.37007874015748854 ) ;
#2365 =( NAMED_UNIT ( * ) SI_UNIT ( $, .STERADIAN. ) SOLID_ANGLE_UNIT ( ) );
#2366 = LINE ( 'NONE', #1024, #3244 ) ;
#2367 = DIRECTION ( 'NONE',  ( -1.644517855226007801E-15, -1.000000000000000000, 6.888556729901404633E-28 ) ) ;
#2368 = AXIS2_PLACEMENT_3D ( 'NONE', #4262, #126, #150 ) ;
#2369 = CARTESIAN_POINT ( 'NONE',  ( 0.3142156862761679159, 0.1020939480628585000, 0.01210629896398272669 ) ) ;
#2370 = ORIENTED_EDGE ( 'NONE', *, *, #342, .T. ) ;
#2371 = CARTESIAN_POINT ( 'NONE',  ( 0.4920108682637896469, 0.02729079845652356354, 0.05177338557781805545 ) ) ;
#2372 = CARTESIAN_POINT ( 'NONE',  ( 0.4696401291281128154, 0.04500733388959446413, -0.02726377977696183702 ) ) ;
#2373 = ADVANCED_FACE ( 'NONE', ( #321 ), #1668, .T. ) ;
#2374 = DIRECTION ( 'NONE',  ( -0.8191520442890951603, 0.5735764363508986108, -1.432370299875668212E-15 ) ) ;
#2375 = ORIENTED_EDGE ( 'NONE', *, *, #1353, .T. ) ;
#2376 = LINE ( 'NONE', #2784, #3870 ) ;
#2377 = DIRECTION ( 'NONE',  ( 1.748601263784621748E-15, 0.0000000000000000000, -1.000000000000000000 ) ) ;
#2378 =( BOUNDED_CURVE ( )  B_SPLINE_CURVE ( 3, ( #922, #2276, #3623, #673 ),
 .UNSPECIFIED., .F., .T. ) 
 B_SPLINE_CURVE_WITH_KNOTS ( ( 4, 4 ),
 ( 2.314863421232947971, 3.058929863299745922 ),
 .UNSPECIFIED. ) 
 CURVE ( )  GEOMETRIC_REPRESENTATION_ITEM ( )  RATIONAL_B_SPLINE_CURVE ( ( 1.000000000000000000, 0.9543934499307230590, 0.9543934499307230590, 1.000000000000000000 ) ) 
 REPRESENTATION_ITEM ( '' )  );
#2379 = ADVANCED_FACE ( 'NONE', ( #4328 ), #1292, .T. ) ;
#2380 = VECTOR ( 'NONE', #3199, 39.37007874015748143 ) ;
#2381 = SURFACE_STYLE_USAGE ( .BOTH. , #1019 ) ;
#2382 = SURFACE_STYLE_USAGE ( .BOTH. , #2723 ) ;
#2383 = SPHERICAL_SURFACE ( 'NONE', #759, 0.007874015748031495954 ) ;
#2384 = ORIENTED_EDGE ( 'NONE', *, *, #911, .T. ) ;
#2385 = DIRECTION ( 'NONE',  ( 4.107068851677783533E-12, -1.000000000000000000, -5.449862783279992659E-12 ) ) ;
#2386 = SURFACE_STYLE_FILL_AREA ( #2727 ) ;
#2387 = FACE_OUTER_BOUND ( 'NONE', #2587, .T. ) ;
#2388 = AXIS2_PLACEMENT_3D ( 'NONE', #575, #2926, #506 ) ;
#2389 = ORIENTED_EDGE ( 'NONE', *, *, #2576, .F. ) ;
#2390 = VECTOR ( 'NONE', #1162, 39.37007874015748143 ) ;
#2391 = FACE_OUTER_BOUND ( 'NONE', #2546, .T. ) ;
#2392 = FACE_OUTER_BOUND ( 'NONE', #1697, .T. ) ;
#2393 =( GEOMETRIC_REPRESENTATION_CONTEXT ( 3 ) GLOBAL_UNCERTAINTY_ASSIGNED_CONTEXT ( ( #2041 ) ) GLOBAL_UNIT_ASSIGNED_CONTEXT ( ( #1403, #2361, #1020 ) ) REPRESENTATION_CONTEXT ( 'NONE', 'WORKASPACE' ) );
#2394 = CARTESIAN_POINT ( 'NONE',  ( 0.3142156862761679159, 0.1020939480628585000, 0.01210629896398272669 ) ) ;
#2395 = ORIENTED_EDGE ( 'NONE', *, *, #3347, .F. ) ;
#2396 = EDGE_CURVE ( 'NONE', #1745, #858, #3597, .T. ) ;
#2397 =( NAMED_UNIT ( * ) PLANE_ANGLE_UNIT ( ) SI_UNIT ( $, .RADIAN. ) );
#2398 = DIRECTION ( 'NONE',  ( -0.9945218953682685159, 0.1045284632676983655, -1.739022243102431967E-15 ) ) ;
#2399 = CARTESIAN_POINT ( 'NONE',  ( 0.3829589316058804593, 0.001406169436130047957, -0.1171361863450986474 ) ) ;
#2400 = CARTESIAN_POINT ( 'NONE',  ( 0.2021550464030783534, -0.01818255847634996092, -0.07135826796593867927 ) ) ;
#2401 = UNCERTAINTY_MEASURE_WITH_UNIT (LENGTH_MEASURE( 1.000000000000000082E-05 ), #664, 'distance_accuracy_value', 'NONE');
#2402 =( CONVERSION_BASED_UNIT ( 'INCH', #1040 ) LENGTH_UNIT ( ) NAMED_UNIT ( #2521 ) );
#2403 = SURFACE_STYLE_FILL_AREA ( #708 ) ;
#2404 = LENGTH_MEASURE_WITH_UNIT ( LENGTH_MEASURE( 0.02539999999999999897 ), #1043 );
#2405 = ORIENTED_EDGE ( 'NONE', *, *, #1662, .F. ) ;
#2406 = ORIENTED_EDGE ( 'NONE', *, *, #1865, .F. ) ;
#2407 = LINE ( 'NONE', #3890, #1978 ) ;
#2408 = ADVANCED_FACE ( 'NONE', ( #3338 ), #12, .T. ) ;
#2409 = CARTESIAN_POINT ( 'NONE',  ( 0.4754786166447397266, 0.03516481420455509072, -0.02726377977664890331 ) ) ;
#2410 =( LENGTH_UNIT ( ) NAMED_UNIT ( * ) SI_UNIT ( $, .METRE. ) );
#2411 = FACE_OUTER_BOUND ( 'NONE', #2823, .T. ) ;
#2412 = VERTEX_POINT ( 'NONE', #4109 ) ;
#2413 = DIRECTION ( 'NONE',  ( 0.0000000000000000000, 1.000000000000000000, 0.0000000000000000000 ) ) ;
#2414 = CARTESIAN_POINT ( 'NONE',  ( 0.2024471205824041609, 0.03516481420455553480, -0.02726377977696231580 ) ) ;
#2415 = PRESENTATION_LAYER_ASSIGNMENT (  '', '', ( #2272 ) ) ;
#2416 = ORIENTED_EDGE ( 'NONE', *, *, #1543, .T. ) ;
#2417 = FACE_OUTER_BOUND ( 'NONE', #1763, .T. ) ;
#2418 = AXIS2_PLACEMENT_3D ( 'NONE', #758, #98, #2476 ) ;
#2419 = SURFACE_STYLE_FILL_AREA ( #3074 ) ;
#2420 = CARTESIAN_POINT ( 'NONE',  ( 0.2443412753443728047, 0.03516481420455546542, -0.08338492120117488304 ) ) ;
#2421 = LINE ( 'NONE', #68, #904 ) ;
#2422 = ORIENTED_EDGE ( 'NONE', *, *, #3270, .F. ) ;
#2423 = ADVANCED_FACE ( 'NONE', ( #4034 ), #1002, .F. ) ;
#2424 = EDGE_CURVE ( 'NONE', #495, #817, #4297, .T. ) ;
#2425 = VERTEX_POINT ( 'NONE', #1086 ) ;
#2426 = PRESENTATION_LAYER_ASSIGNMENT (  '', '', ( #2649 ) ) ;
#2427 = CARTESIAN_POINT ( 'NONE',  ( 0.3140612938105263319, 0.1020939480628585000, -0.03297244119349745928 ) ) ;
#2428 = LENGTH_MEASURE_WITH_UNIT ( LENGTH_MEASURE( 0.02539999999999999897 ), #2452 );
#2429 = DIRECTION ( 'NONE',  ( 0.0000000000000000000, 0.0000000000000000000, 1.000000000000000000 ) ) ;
#2430 = VECTOR ( 'NONE', #3288, 39.37007874015748143 ) ;
#2431 = EDGE_CURVE ( 'NONE', #3912, #1405, #3385, .T. ) ;
#2432 = DIMENSIONAL_EXPONENTS ( 1.000000000000000000, 0.0000000000000000000, 0.0000000000000000000, 0.0000000000000000000, 0.0000000000000000000, 0.0000000000000000000, 0.0000000000000000000 ) ;
#2433 = VERTEX_POINT ( 'NONE', #345 ) ;
#2434 = SURFACE_SIDE_STYLE ('',( #1073 ) ) ;
#2435 = CARTESIAN_POINT ( 'NONE',  ( 0.2372226159751995300, 0.03516481420455547929, -0.08789370103625360198 ) ) ;
#2436 =( GEOMETRIC_REPRESENTATION_CONTEXT ( 3 ) GLOBAL_UNCERTAINTY_ASSIGNED_CONTEXT ( ( #490 ) ) GLOBAL_UNIT_ASSIGNED_CONTEXT ( ( #3193, #877, #187 ) ) REPRESENTATION_CONTEXT ( 'NONE', 'WORKASPACE' ) );
#2437 = AXIS2_PLACEMENT_3D ( 'NONE', #1936, #890, #4007 ) ;
#2438 = SURFACE_SIDE_STYLE ('',( #4064 ) ) ;
#2439 = VERTEX_POINT ( 'NONE', #750 ) ;
#2440 = DIRECTION ( 'NONE',  ( -0.05226423163383189796, -0.4972609476841246545, -0.8660254037844452579 ) ) ;
#2441 = CARTESIAN_POINT ( 'NONE',  ( 0.5225010356770467546, -0.01798479209465759024, -0.06742126009122235974 ) ) ;
#2442 = ORIENTED_EDGE ( 'NONE', *, *, #3879, .T. ) ;
#2443 = UNCERTAINTY_MEASURE_WITH_UNIT (LENGTH_MEASURE( 1.000000000000000082E-05 ), #451, 'distance_accuracy_value', 'NONE');
#2444 = DIRECTION ( 'NONE',  ( 0.9945218953682686269, -0.1045284632676983794, 1.739022243102431967E-15 ) ) ;
#2445 =( LENGTH_UNIT ( ) NAMED_UNIT ( * ) SI_UNIT ( $, .METRE. ) );
#2446 = VERTEX_POINT ( 'NONE', #2106 ) ;
#2447 = DIRECTION ( 'NONE',  ( -1.387778780775897222E-15, 0.0000000000000000000, -1.000000000000000000 ) ) ;
#2448 = VERTEX_POINT ( 'NONE', #425 ) ;
#2449 = VECTOR ( 'NONE', #2717, 39.37007874015748143 ) ;
#2450 = EDGE_CURVE ( 'NONE', #4092, #1355, #3400, .T. ) ;
#2451 = DIRECTION ( 'NONE',  ( 1.748601263784601238E-15, -1.263142004425999922E-14, -1.000000000000000000 ) ) ;
#2452 =( LENGTH_UNIT ( ) NAMED_UNIT ( * ) SI_UNIT ( $, .METRE. ) );
#2453 = PRESENTATION_LAYER_ASSIGNMENT (  '', '', ( #1102 ) ) ;
#2454 = SURFACE_STYLE_USAGE ( .BOTH. , #2776 ) ;
#2455 = B_SPLINE_CURVE_WITH_KNOTS ( 'NONE', 3,
 ( #870, #3815, #779, #2133 ),
 .UNSPECIFIED., .F., .F.,
 ( 4, 4 ),
 ( 0.0000000000000000000, 0.0001438460554597928908 ),
 .UNSPECIFIED. ) ;
#2456 = B_SPLINE_CURVE_WITH_KNOTS ( 'NONE', 3,
 ( #1330, #927, #2282, #2698, #4001, #2308, #2671, #1262, #971, #2333 ),
 .UNSPECIFIED., .F., .F.,
 ( 4, 3, 3, 4 ),
 ( 2.333535818903994216E-17, 5.232092011450765041E-05, 0.0001048841986583170041, 0.0001556114547149433497 ),
 .UNSPECIFIED. ) ;
#2457 = EDGE_LOOP ( 'NONE', ( #3100, #449, #2648, #3692, #2209, #3679, #3030, #2874, #73, #2987 ) ) ;
#2458 = SURFACE_STYLE_USAGE ( .BOTH. , #482 ) ;
#2459 = SURFACE_SIDE_STYLE ('',( #3473 ) ) ;
#2460 = AXIS2_PLACEMENT_3D ( 'NONE', #4336, #1633, #1615 ) ;
#2461 = ORIENTED_EDGE ( 'NONE', *, *, #1400, .F. ) ;
#2462 = VECTOR ( 'NONE', #3733, 39.37007874015748143 ) ;
#2463 = DIMENSIONAL_EXPONENTS ( 1.000000000000000000, 0.0000000000000000000, 0.0000000000000000000, 0.0000000000000000000, 0.0000000000000000000, 0.0000000000000000000, 0.0000000000000000000 ) ;
#2464 = DIRECTION ( 'NONE',  ( -1.644517855226008195E-15, -1.000000000000000000, -2.890435660536364269E-30 ) ) ;
#2465 = DIRECTION ( 'NONE',  ( -1.000000000000000000, 1.978471117674275325E-15, 7.913884470697103077E-16 ) ) ;
#2466 = COLOUR_RGB ( '',0.7607843137254901578, 0.7607843137254901578, 0.0000000000000000000 ) ;
#2467 = EDGE_CURVE ( 'NONE', #828, #2412, #267, .T. ) ;
#2468 = ORIENTED_EDGE ( 'NONE', *, *, #282, .F. ) ;
#2469 = ORIENTED_EDGE ( 'NONE', *, *, #122, .T. ) ;
#2470 = COLOUR_RGB ( '',0.7607843137254901578, 0.7607843137254901578, 0.0000000000000000000 ) ;
#2471 = LINE ( 'NONE', #2789, #2878 ) ;
#2472 = SURFACE_SIDE_STYLE ('',( #1111 ) ) ;
#2473 = ORIENTED_EDGE ( 'NONE', *, *, #2685, .F. ) ;
#2474 = ORIENTED_EDGE ( 'NONE', *, *, #2571, .F. ) ;
#2475 = CARTESIAN_POINT ( 'NONE',  ( 0.4561674782086246327, 0.03516481420455511153, -0.03139570891121379326 ) ) ;
#2476 = DIRECTION ( 'NONE',  ( -0.6691306063588805531, -0.7431448254773741491, -5.510156374387435141E-12 ) ) ;
#2477 = VERTEX_POINT ( 'NONE', #1358 ) ;
#2478 = LINE ( 'NONE', #435, #2829 ) ;
#2479 = ADVANCED_FACE ( 'NONE', ( #2063 ), #3703, .T. ) ;
#2480 = ORIENTED_EDGE ( 'NONE', *, *, #909, .F. ) ;
#2481 = ADVANCED_FACE ( 'NONE', ( #3746 ), #3118, .F. ) ;
#2482 =( NAMED_UNIT ( * ) SI_UNIT ( $, .STERADIAN. ) SOLID_ANGLE_UNIT ( ) );
#2483 = ORIENTED_EDGE ( 'NONE', *, *, #1532, .T. ) ;
#2484 = CARTESIAN_POINT ( 'NONE',  ( 0.2490536793147662964, -0.004205264535602010016, -0.005563233721056699485 ) ) ;
#2485 = UNCERTAINTY_MEASURE_WITH_UNIT (LENGTH_MEASURE( 1.000000000000000082E-05 ), #4228, 'distance_accuracy_value', 'NONE');
#2486 = VERTEX_POINT ( 'NONE', #1063 ) ;
#2487 = EDGE_CURVE ( 'NONE', #1213, #1345, #2421, .T. ) ;
#2488 = CARTESIAN_POINT ( 'NONE',  ( 0.2490536793001599802, 0.001406169398807438544, -0.1171361863340747572 ) ) ;
#2489 = DIRECTION ( 'NONE',  ( -1.644517855226008195E-15, -1.000000000000000000, -2.890435660536364269E-30 ) ) ;
#2490 = CARTESIAN_POINT ( 'NONE',  ( 0.5061831144098568602, -0.02488414520015541989, -0.04773622072127796379 ) ) ;
#2491 = DIMENSIONAL_EXPONENTS ( 1.000000000000000000, 0.0000000000000000000, 0.0000000000000000000, 0.0000000000000000000, 0.0000000000000000000, 0.0000000000000000000, 0.0000000000000000000 ) ;
#2492 = VERTEX_POINT ( 'NONE', #3570 ) ;
#2493 = ORIENTED_EDGE ( 'NONE', *, *, #741, .F. ) ;
#2494 = CARTESIAN_POINT ( 'NONE',  ( 0.1972323944382713412, 0.02914268067976814522, -0.08789370103680482771 ) ) ;
#2495 = EDGE_LOOP ( 'NONE', ( #4261, #3545, #436, #1496 ) ) ;
#2496 = CARTESIAN_POINT ( 'NONE',  ( 0.2070209957706378445, 0.02811385722240985000, -0.08789370103680482771 ) ) ;
#2497 = VECTOR ( 'NONE', #2110, 39.37007874015748854 ) ;
#2498 = SURFACE_STYLE_FILL_AREA ( #130 ) ;
#2499 = ORIENTED_EDGE ( 'NONE', *, *, #3423, .T. ) ;
#2500 = AXIS2_PLACEMENT_3D ( 'NONE', #608, #960, #668 ) ;
#2501 = LINE ( 'NONE', #103, #2611 ) ;
#2502 = LINE ( 'NONE', #883, #461 ) ;
#2503 = VECTOR ( 'NONE', #2267, 39.37007874015748143 ) ;
#2504 = EDGE_CURVE ( 'NONE', #3925, #2098, #3913, .T. ) ;
#2505 = FILL_AREA_STYLE_COLOUR ( '', #3143 ) ;
#2506 = DIRECTION ( 'NONE',  ( -1.000000000000000000, 1.644517855226007801E-15, -4.436729704083846065E-13 ) ) ;
#2507 = VERTEX_POINT ( 'NONE', #512 ) ;
#2508 = DIRECTION ( 'NONE',  ( -0.2761728443425008894, 0.9205744915801069572, -0.2761723474568014147 ) ) ;
#2509 = CYLINDRICAL_SURFACE ( 'NONE', #3767, 0.01771653543307086937 ) ;
#2510 = DIRECTION ( 'NONE',  ( -1.748601263784621748E-15, -1.482966057179117483E-32, 1.000000000000000000 ) ) ;
#2511 = ORIENTED_EDGE ( 'NONE', *, *, #4320, .T. ) ;
#2512 = CARTESIAN_POINT ( 'NONE',  ( 0.4920108682644405151, 0.03516481420455506990, -0.02726377977651272058 ) ) ;
#2513 = VERTEX_POINT ( 'NONE', #796 ) ;
#2514 = DIRECTION ( 'NONE',  ( -1.748601263784622143E-15, 0.0000000000000000000, 1.000000000000000000 ) ) ;
#2515 =( CONVERSION_BASED_UNIT ( 'INCH', #1153 ) LENGTH_UNIT ( ) NAMED_UNIT ( #1474 ) );
#2516 = B_SPLINE_CURVE_WITH_KNOTS ( 'NONE', 3,
 ( #3986, #956, #628, #1984 ),
 .UNSPECIFIED., .F., .F.,
 ( 4, 4 ),
 ( 8.484254361283234773E-17, 0.0001438393068347762721 ),
 .UNSPECIFIED. ) ;
#2517 = ADVANCED_FACE ( 'NONE', ( #2561 ), #3892, .T. ) ;
#2518 = LINE ( 'NONE', #1201, #2202 ) ;
#2519 = COLOUR_RGB ( '',0.7607843137254901578, 0.7607843137254901578, 0.0000000000000000000 ) ;
#2520 = VECTOR ( 'NONE', #4339, 39.37007874015748143 ) ;
#2521 = DIMENSIONAL_EXPONENTS ( 1.000000000000000000, 0.0000000000000000000, 0.0000000000000000000, 0.0000000000000000000, 0.0000000000000000000, 0.0000000000000000000, 0.0000000000000000000 ) ;
#2522 = ORIENTED_EDGE ( 'NONE', *, *, #2769, .T. ) ;
#2523 = AXIS2_PLACEMENT_3D ( 'NONE', #459, #421, #2059 ) ;
#2524 = FILL_AREA_STYLE_COLOUR ( '', #2466 ) ;
#2525 = CARTESIAN_POINT ( 'NONE',  ( 0.4991006638888342284, 0.03516481420455504908, -0.02726377977645432632 ) ) ;
#2526 = DIRECTION ( 'NONE',  ( 1.748601263784621946E-15, 0.0000000000000000000, -1.000000000000000000 ) ) ;
#2527 = EDGE_LOOP ( 'NONE', ( #681, #906, #4103, #3576 ) ) ;
#2528 = LINE ( 'NONE', #1860, #1396 ) ;
#2529 = SURFACE_STYLE_FILL_AREA ( #239 ) ;
#2530 = UNCERTAINTY_MEASURE_WITH_UNIT (LENGTH_MEASURE( 1.000000000000000082E-05 ), #17, 'distance_accuracy_value', 'NONE');
#2531 = ORIENTED_EDGE ( 'NONE', *, *, #2812, .T. ) ;
#2532 = EDGE_CURVE ( 'NONE', #3326, #3906, #1194, .T. ) ;
#2533 = AXIS2_PLACEMENT_3D ( 'NONE', #2111, #4141, #4057 ) ;
#2534 = VECTOR ( 'NONE', #3051, 39.37007874015748143 ) ;
#2535 = CARTESIAN_POINT ( 'NONE',  ( 0.2514430687595301528, 0.04500733388959482495, -0.03730122072145040241 ) ) ;
#2536 = DIRECTION ( 'NONE',  ( 1.644517855226008195E-15, 1.000000000000000000, -6.888556729901376831E-28 ) ) ;
#2537 = AXIS2_PLACEMENT_3D ( 'NONE', #815, #1538, #2127 ) ;
#2538 = DIRECTION ( 'NONE',  ( -1.000000000000000000, 1.644517855226007801E-15, -8.234490263801784106E-12 ) ) ;
#2539 = ORIENTED_EDGE ( 'NONE', *, *, #2504, .T. ) ;
#2540 = ORIENTED_EDGE ( 'NONE', *, *, #2071, .F. ) ;
#2541 = VECTOR ( 'NONE', #2720, 39.37007874015748143 ) ;
#2542 = CYLINDRICAL_SURFACE ( 'NONE', #797, 0.007874015748031495954 ) ;
#2543 = DIRECTION ( 'NONE',  ( 1.644517855226008195E-15, 1.000000000000000000, 2.890435660536364269E-30 ) ) ;
#2544 = CARTESIAN_POINT ( 'NONE',  ( 0.2313841284547877852, 0.03516481421120130901, -0.1197218416809251867 ) ) ;
#2545 = CIRCLE ( 'NONE', #272, 0.01771653543307086243 ) ;
#2546 = EDGE_LOOP ( 'NONE', ( #78, #1790, #3243, #463, #4131 ) ) ;
#2547 = SURFACE_STYLE_FILL_AREA ( #1156 ) ;
#2548 = EDGE_CURVE ( 'NONE', #413, #1022, #864, .T. ) ;
#2549 = CARTESIAN_POINT ( 'NONE',  ( 0.1843617094242554766, -0.02585880784268852761, -0.04773622072184419141 ) ) ;
#2550 = CARTESIAN_POINT ( 'NONE',  ( 0.4754786166447663720, 0.03516481420231098304, 0.004564358673431905856 ) ) ;
#2551 = VECTOR ( 'NONE', #654, 39.37007874015748143 ) ;
#2552 = LENGTH_MEASURE_WITH_UNIT ( LENGTH_MEASURE( 0.02539999999999999897 ), #3494 );
#2553 = ORIENTED_EDGE ( 'NONE', *, *, #983, .T. ) ;
#2554 = DIMENSIONAL_EXPONENTS ( 1.000000000000000000, 0.0000000000000000000, 0.0000000000000000000, 0.0000000000000000000, 0.0000000000000000000, 0.0000000000000000000, 0.0000000000000000000 ) ;
#2555 = FILL_AREA_STYLE_COLOUR ( '', #2167 ) ;
#2556 = FILL_AREA_STYLE_COLOUR ( '', #3648 ) ;
#2557 = DIRECTION ( 'NONE',  ( -0.9945218953682690710, -0.1045284632676948683, -8.189822277139379500E-12 ) ) ;
#2558 = ORIENTED_EDGE ( 'NONE', *, *, #2956, .T. ) ;
#2559 = CARTESIAN_POINT ( 'NONE',  ( 0.2313841284563806500, 0.03516481420463422880, -0.08789370103625360198 ) ) ;
#2560 = CYLINDRICAL_SURFACE ( 'NONE', #594, 0.007874015748027556397 ) ;
#2561 = FACE_OUTER_BOUND ( 'NONE', #4358, .T. ) ;
#2562 = CYLINDRICAL_SURFACE ( 'NONE', #1519, 0.005905511811023620231 ) ;
#2563 = STYLED_ITEM ( 'NONE', ( #1185 ), #1066 ) ;
#2564 = EDGE_LOOP ( 'NONE', ( #3134, #516, #2474, #639 ) ) ;
#2565 = ORIENTED_EDGE ( 'NONE', *, *, #2291, .F. ) ;
#2566 = FILL_AREA_STYLE_COLOUR ( '', #4181 ) ;
#2567 = FILL_AREA_STYLE ('',( #1200 ) ) ;
#2568 = PRESENTATION_LAYER_ASSIGNMENT (  '', '', ( #1207 ) ) ;
#2569 = ADVANCED_FACE ( 'NONE', ( #112 ), #2219, .F. ) ;
#2570 = DIRECTION ( 'NONE',  ( 1.644517855226008195E-15, 1.000000000000000000, 2.890435660536364269E-30 ) ) ;
#2571 = EDGE_CURVE ( 'NONE', #2356, #382, #1471, .T. ) ;
#2572 = ORIENTED_EDGE ( 'NONE', *, *, #1267, .T. ) ;
#2573 = SURFACE_SIDE_STYLE ('',( #2547 ) ) ;
#2574 = LINE ( 'NONE', #3902, #3833 ) ;
#2575 = DIRECTION ( 'NONE',  ( -1.000000000000000000, 2.290257463050552884E-10, 1.899046197220153931E-13 ) ) ;
#2576 = EDGE_CURVE ( 'NONE', #1771, #2950, #4160, .T. ) ;
#2577 = FACE_OUTER_BOUND ( 'NONE', #94, .T. ) ;
#2578 = VERTEX_POINT ( 'NONE', #1821 ) ;
#2579 = DIRECTION ( 'NONE',  ( 1.748601263784621748E-15, 0.0000000000000000000, -1.000000000000000000 ) ) ;
#2580 = CARTESIAN_POINT ( 'NONE',  ( 0.3926470588251994576, 0.1217789874329372468, -0.1272637797765588386 ) ) ;
#2581 = ORIENTED_EDGE ( 'NONE', *, *, #1488, .T. ) ;
#2582 = AXIS2_PLACEMENT_3D ( 'NONE', #1755, #2444, #707 ) ;
#2583 = SURFACE_SIDE_STYLE ('',( #1556 ) ) ;
#2584 = DIRECTION ( 'NONE',  ( 1.644517855226008195E-15, 1.000000000000000000, 2.890435660536364269E-30 ) ) ;
#2585 = LENGTH_MEASURE_WITH_UNIT ( LENGTH_MEASURE( 0.02539999999999999897 ), #3334 );
#2586 = CARTESIAN_POINT ( 'NONE',  ( 0.3496518449916169446, 0.1434325307400277361, -0.07915354355589923618 ) ) ;
#2587 = EDGE_LOOP ( 'NONE', ( #3071, #3704, #1793, #241 ) ) ;
#2588 = ORIENTED_EDGE ( 'NONE', *, *, #853, .T. ) ;
#2589 = FACE_OUTER_BOUND ( 'NONE', #1497, .T. ) ;
#2590 = CARTESIAN_POINT ( 'NONE',  ( 0.2924077505034279323, 0.1060309559368545901, -0.03198818922499363504 ) ) ;
#2591 = ORIENTED_EDGE ( 'NONE', *, *, #1887, .F. ) ;
#2592 = EDGE_CURVE ( 'NONE', #1103, #2412, #2170, .T. ) ;
#2593 =( NAMED_UNIT ( * ) SI_UNIT ( $, .STERADIAN. ) SOLID_ANGLE_UNIT ( ) );
#2594 = CARTESIAN_POINT ( 'NONE',  ( 0.3928014512908295508, 0.1021333181416024527, -0.07915354355589927782 ) ) ;
#2595 = ORIENTED_EDGE ( 'NONE', *, *, #2329, .F. ) ;
#2596 = EDGE_LOOP ( 'NONE', ( #4324, #1388, #537, #3888 ) ) ;
#2597 = VECTOR ( 'NONE', #3820, 39.37007874015748143 ) ;
#2598 = STYLED_ITEM ( 'NONE', ( #3092 ), #717 ) ;
#2599 = CARTESIAN_POINT ( 'NONE',  ( 0.5172050357898655415, -0.02375406862796464874, -0.06742126009126593600 ) ) ;
#2600 = LINE ( 'NONE', #1841, #4285 ) ;
#2601 = VECTOR ( 'NONE', #3000, 39.37007874015748143 ) ;
#2602 = CARTESIAN_POINT ( 'NONE',  ( 0.5144963000303954814, -0.01715373501898828645, -0.04379921284719372199 ) ) ;
#2603 = ORIENTED_EDGE ( 'NONE', *, *, #592, .F. ) ;
#2604 = EDGE_CURVE ( 'NONE', #1463, #3209, #3184, .T. ) ;
#2605 = CARTESIAN_POINT ( 'NONE',  ( 0.3140612938105263319, 0.1020939480628624274, -0.03297244119349746622 ) ) ;
#2606 = LINE ( 'NONE', #1269, #1826 ) ;
#2607 = DIRECTION ( 'NONE',  ( -1.644517855226007801E-15, -1.000000000000000000, -2.890435660536363919E-30 ) ) ;
#2608 = ORIENTED_EDGE ( 'NONE', *, *, #3611, .T. ) ;
#2609 = CIRCLE ( 'NONE', #3583, 0.007874015748031527179 ) ;
#2610 = VECTOR ( 'NONE', #3394, 39.37007874015748143 ) ;
#2611 = VECTOR ( 'NONE', #3496, 39.37007874015748143 ) ;
#2612 = DIRECTION ( 'NONE',  ( -1.000000000000000000, 1.644517855226007801E-15, -8.234490263801784106E-12 ) ) ;
#2613 = CARTESIAN_POINT ( 'NONE',  ( 0.3928014512908295508, 0.1021333181416024527, -0.08218503961889120357 ) ) ;
#2614 = DIRECTION ( 'NONE',  ( -1.503638049432454012E-14, 6.123233995739238622E-17, -1.000000000000000000 ) ) ;
#2615 = VECTOR ( 'NONE', #851, 39.37007874015748143 ) ;
#2616 = CARTESIAN_POINT ( 'NONE',  ( 0.2313841284562319356, 0.04008607404707519029, -0.05757874040688350931 ) ) ;
#2617 =( GEOMETRIC_REPRESENTATION_CONTEXT ( 3 ) GLOBAL_UNCERTAINTY_ASSIGNED_CONTEXT ( ( #4069 ) ) GLOBAL_UNIT_ASSIGNED_CONTEXT ( ( #1240, #978, #2990 ) ) REPRESENTATION_CONTEXT ( 'NONE', 'WORKASPACE' ) );
#2618 = ORIENTED_EDGE ( 'NONE', *, *, #3240, .T. ) ;
#2619 = CARTESIAN_POINT ( 'NONE',  ( 0.2389260676367348513, 0.03516481420750823539, -0.1272637797758069678 ) ) ;
#2620 = DIRECTION ( 'NONE',  ( -1.644517855226008195E-15, -1.000000000000000000, -0.0000000000000000000 ) ) ;
#2621 = DIRECTION ( 'NONE',  ( -0.1045284632676950626, 0.9945218953682689600, -8.607386130680116915E-13 ) ) ;
#2622 = VECTOR ( 'NONE', #3612, 39.37007874015748143 ) ;
#2623 = ORIENTED_EDGE ( 'NONE', *, *, #1865, .T. ) ;
#2624 = CARTESIAN_POINT ( 'NONE',  ( 0.2453562723636247278, 0.03516481420455546542, -0.08123784496837958835 ) ) ;
#2625 = LINE ( 'NONE', #3052, #336 ) ;
#2626 = EDGE_CURVE ( 'NONE', #409, #2869, #2886, .T. ) ;
#2627 = CARTESIAN_POINT ( 'NONE',  ( 0.4920108682644404596, 0.02729079845652356354, -0.02726377977651272058 ) ) ;
#2628 = VECTOR ( 'NONE', #3389, 39.37007874015748143 ) ;
#2629 = EDGE_CURVE ( 'NONE', #3984, #491, #826, .T. ) ;
#2630 = VERTEX_POINT ( 'NONE', #2241 ) ;
#2631 = CARTESIAN_POINT ( 'NONE',  ( 0.4920108682649397824, 0.02729079845652356354, -0.08789370103635522902 ) ) ;
#2632 = FACE_OUTER_BOUND ( 'NONE', #2004, .T. ) ;
#2633 = VERTEX_POINT ( 'NONE', #3942 ) ;
#2634 = ADVANCED_FACE ( 'NONE', ( #3247 ), #1983, .F. ) ;
#2635 = CARTESIAN_POINT ( 'NONE',  ( 0.2685386460637515516, 0.04008607404707512090, -0.02726377977696217703 ) ) ;
#2636 = CARTESIAN_POINT ( 'NONE',  ( 0.4578091021359867452, 0.003668751212429131620, -0.1095942470915555050 ) ) ;
#2637 = MECHANICAL_DESIGN_GEOMETRIC_PRESENTATION_REPRESENTATION (  '', ( #2272 ), #3128 ) ;
#2638 = DIRECTION ( 'NONE',  ( -0.09052430461248955895, 0.8612812260087768790, 0.4999999999992434385 ) ) ;
#2639 = VERTEX_POINT ( 'NONE', #1891 ) ;
#2640 = CARTESIAN_POINT ( 'NONE',  ( 0.5092218448041271328, -0.01405121771457881752, -0.03750000024881194188 ) ) ;
#2641 = CARTESIAN_POINT ( 'NONE',  ( 0.4254818849634279809, 0.1217789874329370386, -0.08316929158739508332 ) ) ;
#2642 = CARTESIAN_POINT ( 'NONE',  ( 0.1896577093114365509, -0.02375406862796411792, -0.04773622072184419141 ) ) ;
#2643 = ORIENTED_EDGE ( 'NONE', *, *, #3135, .F. ) ;
#2644 = DIRECTION ( 'NONE',  ( -1.000000000000000000, 1.644517855226007801E-15, -8.234490263801784106E-12 ) ) ;
#2645 = FILL_AREA_STYLE ('',( #2210 ) ) ;
#2646 = DIRECTION ( 'NONE',  ( 6.585704204198398416E-14, -1.000000000000000000, 1.151428772831583798E-28 ) ) ;
#2647 = DIRECTION ( 'NONE',  ( 1.000000000000000000, -1.644517855226007998E-15, -1.748601263784621946E-15 ) ) ;
#2648 = ORIENTED_EDGE ( 'NONE', *, *, #262, .F. ) ;
#2649 = STYLED_ITEM ( 'NONE', ( #386 ), #3983 ) ;
#2650 = EDGE_CURVE ( 'NONE', #655, #3216, #2606, .T. ) ;
#2651 =( LENGTH_UNIT ( ) NAMED_UNIT ( * ) SI_UNIT ( $, .METRE. ) );
#2652 = CARTESIAN_POINT ( 'NONE',  ( 0.4991006638888342284, 0.04500733388959441555, -0.02726377977645432632 ) ) ;
#2653 = CARTESIAN_POINT ( 'NONE',  ( 0.4144549945979160710, 0.1060309559368543958, -0.03277559079979654871 ) ) ;
#2654 = ORIENTED_EDGE ( 'NONE', *, *, #695, .T. ) ;
#2655 = PLANE ( 'NONE',  #1762 ) ;
#2656 = ADVANCED_FACE ( 'NONE', ( #933 ), #1558, .F. ) ;
#2657 = EDGE_CURVE ( 'NONE', #1127, #457, #2105, .T. ) ;
#2658 = PLANE ( 'NONE',  #26 ) ;
#2659 = DIRECTION ( 'NONE',  ( 0.8191520442895904308, 0.5735764363501912877, 1.432370299876534972E-15 ) ) ;
#2660 = AXIS2_PLACEMENT_3D ( 'NONE', #3636, #2339, #2949 ) ;
#2661 =( NAMED_UNIT ( * ) SI_UNIT ( $, .STERADIAN. ) SOLID_ANGLE_UNIT ( ) );
#2662 = EDGE_LOOP ( 'NONE', ( #441, #1171, #913, #3973 ) ) ;
#2663 = EDGE_CURVE ( 'NONE', #3109, #2846, #4302, .T. ) ;
#2664 = CARTESIAN_POINT ( 'NONE',  ( 0.2019811918225113412, -0.01983667431788540408, -0.04581343370861582637 ) ) ;
#2665 = PRESENTATION_STYLE_ASSIGNMENT (( #4312 ) ) ;
#2666 =( LENGTH_UNIT ( ) NAMED_UNIT ( * ) SI_UNIT ( $, .METRE. ) );
#2667 = CARTESIAN_POINT ( 'NONE',  ( 0.2018299626881680797, -0.02127552341817057560, -0.06809062815029152949 ) ) ;
#2668 = UNCERTAINTY_MEASURE_WITH_UNIT (LENGTH_MEASURE( 1.000000000000000082E-05 ), #2084, 'distance_accuracy_value', 'NONE');
#2669 = ORIENTED_EDGE ( 'NONE', *, *, #1770, .F. ) ;
#2670 = CARTESIAN_POINT ( 'NONE',  ( 0.4754786166450025164, 0.03516481420311536044, -0.1197218394863752561 ) ) ;
#2671 = CARTESIAN_POINT ( 'NONE',  ( 0.1909719846748593186, -0.02226315452805393072, -0.04757362217023924228 ) ) ;
#2672 = CARTESIAN_POINT ( 'NONE',  ( 0.5155227596967738579, -0.02169457574273200504, -0.06770853112578203992 ) ) ;
#2673 =( BOUNDED_CURVE ( )  B_SPLINE_CURVE ( 3, ( #3591, #557, #1215, #2909 ),
 .UNSPECIFIED., .F., .T. ) 
 B_SPLINE_CURVE_WITH_KNOTS ( ( 4, 4 ),
 ( 3.224255440381115445, 3.968322528260086024 ),
 .UNSPECIFIED. ) 
 CURVE ( )  GEOMETRIC_REPRESENTATION_ITEM ( )  RATIONAL_B_SPLINE_CURVE ( ( 1.000000000000000000, 0.9543933716775627740, 0.9543933716775627740, 1.000000000000000000 ) ) 
 REPRESENTATION_ITEM ( '' )  );
#2674 = EDGE_LOOP ( 'NONE', ( #1809, #1381, #2405, #1619 ) ) ;
#2675 = AXIS2_PLACEMENT_3D ( 'NONE', #3102, #3734, #1070 ) ;
#2676 = ORIENTED_EDGE ( 'NONE', *, *, #3084, .T. ) ;
#2677 = DIRECTION ( 'NONE',  ( -1.644517855226007801E-15, -1.000000000000000000, -2.890435660536363919E-30 ) ) ;
#2678 = CIRCLE ( 'NONE', #1244, 0.007874015748031499423 ) ;
#2679 = LINE ( 'NONE', #1665, #3220 ) ;
#2680 = ORIENTED_EDGE ( 'NONE', *, *, #210, .F. ) ;
#2681 = PRODUCT_DEFINITION_CONTEXT ( 'detailed design', #2125, 'design' ) ;
#2682 =( CONVERSION_BASED_UNIT ( 'INCH', #1316 ) LENGTH_UNIT ( ) NAMED_UNIT ( #1124 ) );
#2683 = LINE ( 'NONE', #938, #1747 ) ;
#2684 = PRESENTATION_STYLE_ASSIGNMENT (( #1962 ) ) ;
#2685 = EDGE_CURVE ( 'NONE', #2968, #1127, #4067, .T. ) ;
#2686 = EDGE_CURVE ( 'NONE', #976, #3806, #3761, .T. ) ;
#2687 = ORIENTED_EDGE ( 'NONE', *, *, #2487, .T. ) ;
#2688 = VECTOR ( 'NONE', #2854, 39.37007874015748143 ) ;
#2689 =( CONVERSION_BASED_UNIT ( 'INCH', #278 ) LENGTH_UNIT ( ) NAMED_UNIT ( #4145 ) );
#2690 = CARTESIAN_POINT ( 'NONE',  ( 0.5152090898307177813, -0.02393547695607489006, -0.07529527583931391876 ) ) ;
#2691 = DIRECTION ( 'NONE',  ( -1.644517855226008392E-15, -1.000000000000000000, -6.123233995736766036E-17 ) ) ;
#2692 = CARTESIAN_POINT ( 'NONE',  ( 0.4920108682649397824, 0.02729079845652356354, -0.08789370103635522902 ) ) ;
#2693 = EDGE_CURVE ( 'NONE', #3274, #806, #2358, .T. ) ;
#2694 = ORIENTED_EDGE ( 'NONE', *, *, #2716, .F. ) ;
#2695 = VECTOR ( 'NONE', #3464, 39.37007874015748143 ) ;
#2696 = CIRCLE ( 'NONE', #3252, 0.007874015748031495954 ) ;
#2697 = CYLINDRICAL_SURFACE ( 'NONE', #543, 0.007874015748031495954 ) ;
#2698 = CARTESIAN_POINT ( 'NONE',  ( 0.1918262733044185930, -0.02049086673025975885, -0.04694319905792721653 ) ) ;
#2699 = DIRECTION ( 'NONE',  ( 1.000000000000000000, -1.644517855226007801E-15, 1.748601263784621748E-15 ) ) ;
#2700 = VERTEX_POINT ( 'NONE', #1664 ) ;
#2701 = PLANE ( 'NONE',  #629 ) ;
#2702 = VECTOR ( 'NONE', #676, 39.37007874015748143 ) ;
#2703 =( CONVERSION_BASED_UNIT ( 'INCH', #1337 ) LENGTH_UNIT ( ) NAMED_UNIT ( #4111 ) );
#2704 = DIRECTION ( 'NONE',  ( 1.644517855226007801E-15, 1.000000000000000000, 2.875605999964572744E-30 ) ) ;
#2705 = ORIENTED_EDGE ( 'NONE', *, *, #2349, .F. ) ;
#2706 = AXIS2_PLACEMENT_3D ( 'NONE', #1206, #4243, #2961 ) ;
#2707 = ADVANCED_FACE ( 'NONE', ( #359 ), #705, .T. ) ;
#2708 = DIRECTION ( 'NONE',  ( 1.644517855226008195E-15, 1.000000000000000000, 2.890435660536364269E-30 ) ) ;
#2709 = LINE ( 'NONE', #1324, #295 ) ;
#2710 = DIRECTION ( 'NONE',  ( 4.670742959067553102E-12, 0.0000000000000000000, 1.000000000000000000 ) ) ;
#2711 = UNCERTAINTY_MEASURE_WITH_UNIT (LENGTH_MEASURE( 1.000000000000000082E-05 ), #1417, 'distance_accuracy_value', 'NONE');
#2712 = ORIENTED_EDGE ( 'NONE', *, *, #1072, .F. ) ;
#2713 = LINE ( 'NONE', #993, #3039 ) ;
#2714 = CARTESIAN_POINT ( 'NONE',  ( 0.5037097929778026062, -0.008688119764421345023, -0.02726377977641642608 ) ) ;
#2715 = EDGE_CURVE ( 'NONE', #3572, #3814, #2061, .T. ) ;
#2716 = EDGE_CURVE ( 'NONE', #3486, #382, #3056, .T. ) ;
#2717 = DIRECTION ( 'NONE',  ( -1.748601263784622143E-15, 0.0000000000000000000, 1.000000000000000000 ) ) ;
#2718 = ORIENTED_EDGE ( 'NONE', *, *, #3460, .F. ) ;
#2719 = CARTESIAN_POINT ( 'NONE',  ( 0.4696401291258294752, 0.04500733388959446413, -0.08789370103656818367 ) ) ;
#2720 = DIRECTION ( 'NONE',  ( 1.000000000000000000, -1.644517855226007801E-15, 1.748601263784622143E-15 ) ) ;
#2721 = UNCERTAINTY_MEASURE_WITH_UNIT (LENGTH_MEASURE( 1.000000000000000082E-05 ), #2515, 'distance_accuracy_value', 'NONE');
#2722 = DIRECTION ( 'NONE',  ( 1.748601263784621748E-15, 0.0000000000000000000, -1.000000000000000000 ) ) ;
#2723 = SURFACE_SIDE_STYLE ('',( #2403 ) ) ;
#2724 = VECTOR ( 'NONE', #1967, 39.37007874015748143 ) ;
#2725 = ORIENTED_EDGE ( 'NONE', *, *, #1696, .F. ) ;
#2726 = LINE ( 'NONE', #4056, #1716 ) ;
#2727 = FILL_AREA_STYLE ('',( #3707 ) ) ;
#2728 = PRESENTATION_STYLE_ASSIGNMENT (( #2454 ) ) ;
#2729 = STYLED_ITEM ( 'NONE', ( #225 ), #4373 ) ;
#2730 = EDGE_LOOP ( 'NONE', ( #3998, #2831, #4290, #2895 ) ) ;
#2731 = DIRECTION ( 'NONE',  ( 1.644517855226008195E-15, 1.000000000000000000, 2.890435660536364269E-30 ) ) ;
#2732 = CARTESIAN_POINT ( 'NONE',  ( 0.4754786166447397266, 0.03516481420455509072, -0.02726377977664890331 ) ) ;
#2733 = CARTESIAN_POINT ( 'NONE',  ( 0.2313841284563806500, 0.03516481420463422880, -0.08789370103625360198 ) ) ;
#2734 = EDGE_LOOP ( 'NONE', ( #1333, #3206, #417, #505, #778, #3662, #630, #2461 ) ) ;
#2735 =( NAMED_UNIT ( * ) PLANE_ANGLE_UNIT ( ) SI_UNIT ( $, .RADIAN. ) );
#2736 = FILL_AREA_STYLE_COLOUR ( '', #3116 ) ;
#2737 = DIRECTION ( 'NONE',  ( 1.748601263784621748E-15, 0.0000000000000000000, -1.000000000000000000 ) ) ;
#2738 = FILL_AREA_STYLE_COLOUR ( '', #95 ) ;
#2739 = ADVANCED_FACE ( 'NONE', ( #1688 ), #4050, .T. ) ;
#2740 = ADVANCED_FACE ( 'NONE', ( #1730 ), #2701, .F. ) ;
#2741 = VECTOR ( 'NONE', #1370, 39.37007874015748143 ) ;
#2742 = DIRECTION ( 'NONE',  ( 1.748601263784621748E-15, 0.0000000000000000000, -1.000000000000000000 ) ) ;
#2743 =( NAMED_UNIT ( * ) SI_UNIT ( $, .STERADIAN. ) SOLID_ANGLE_UNIT ( ) );
#2744 = EDGE_LOOP ( 'NONE', ( #1736, #549, #330, #3832, #935, #2591, #1593, #3040, #1627, #1786, #3309, #2944, #1800, #3599 ) ) ;
#2745 = ORIENTED_EDGE ( 'NONE', *, *, #2981, .T. ) ;
#2746 = LINE ( 'NONE', #3203, #3801 ) ;
#2747 = CARTESIAN_POINT ( 'NONE',  ( 0.1843617094242552823, -0.01798479209465702819, 0.05177338557736839431 ) ) ;
#2748 = DIRECTION ( 'NONE',  ( -0.5730959463344974525, 0.8184658334308990701, 0.04092329167149891256 ) ) ;
#2749 = CARTESIAN_POINT ( 'NONE',  ( 0.2313841284562319633, 0.03516481420455548623, -0.08789370103680475832 ) ) ;
#2750 = AXIS2_PLACEMENT_3D ( 'NONE', #145, #3834, #1876 ) ;
#2751 = ORIENTED_EDGE ( 'NONE', *, *, #4068, .T. ) ;
#2752 = CIRCLE ( 'NONE', #685, 0.01771653543307086937 ) ;
#2753 = DIRECTION ( 'NONE',  ( -1.644517855226007801E-15, -1.000000000000000000, -2.890435660536363919E-30 ) ) ;
#2754 = FACE_OUTER_BOUND ( 'NONE', #1555, .T. ) ;
#2755 = MECHANICAL_DESIGN_GEOMETRIC_PRESENTATION_REPRESENTATION (  '', ( #3176 ), #1611 ) ;
#2756 = PRESENTATION_STYLE_ASSIGNMENT (( #374 ) ) ;
#2757 = EDGE_LOOP ( 'NONE', ( #2687, #1415, #2540, #4340, #3799, #1708, #4335, #4253 ) ) ;
#2758 = COLOUR_RGB ( '',0.7607843137254901578, 0.7607843137254901578, 0.0000000000000000000 ) ;
#2759 = DIRECTION ( 'NONE',  ( 1.000000000000000000, -1.644517855226007801E-15, 9.344843119434783951E-12 ) ) ;
#2760 = DIRECTION ( 'NONE',  ( -2.147404981299067777E-15, -0.2873478855662903175, 0.9578262852211679723 ) ) ;
#2761 = EDGE_CURVE ( 'NONE', #495, #2477, #2762, .T. ) ;
#2762 = LINE ( 'NONE', #2080, #2916 ) ;
#2763 = ADVANCED_FACE ( 'NONE', ( #401 ), #1751, .F. ) ;
#2764 = PRESENTATION_STYLE_ASSIGNMENT (( #2787 ) ) ;
#2765 = AXIS2_PLACEMENT_3D ( 'NONE', #4300, #4004, #4322 ) ;
#2766 = UNCERTAINTY_MEASURE_WITH_UNIT (LENGTH_MEASURE( 1.000000000000000082E-05 ), #2206, 'distance_accuracy_value', 'NONE');
#2767 = VECTOR ( 'NONE', #3048, 39.37007874015748143 ) ;
#2768 = DIRECTION ( 'NONE',  ( 4.118119432544784945E-12, -6.769445330773128887E-27, -1.000000000000000000 ) ) ;
#2769 = EDGE_CURVE ( 'NONE', #258, #3280, #3357, .T. ) ;
#2770 = SURFACE_STYLE_USAGE ( .BOTH. , #2472 ) ;
#2771 = EDGE_CURVE ( 'NONE', #2299, #1799, #2824, .T. ) ;
#2772 = ORIENTED_EDGE ( 'NONE', *, *, #1991, .T. ) ;
#2773 = VERTEX_POINT ( 'NONE', #139 ) ;
#2774 = LINE ( 'NONE', #2819, #1862 ) ;
#2775 = CYLINDRICAL_SURFACE ( 'NONE', #1331, 0.007874015748031497688 ) ;
#2776 = SURFACE_SIDE_STYLE ('',( #76 ) ) ;
#2777 = EDGE_CURVE ( 'NONE', #929, #1903, #1514, .T. ) ;
#2778 = VERTEX_POINT ( 'NONE', #1048 ) ;
#2779 = CARTESIAN_POINT ( 'NONE',  ( 0.2148518768365311749, 0.02729079845652401456, -0.08789370103680475832 ) ) ;
#2780 = CARTESIAN_POINT ( 'NONE',  ( 0.2685386460637516071, 0.04008607404707512090, -0.08789370103680468893 ) ) ;
#2781 = CLOSED_SHELL ( 'NONE', ( #1569, #1856, #2024, #389, #4043, #712, #2656, #3360, #2130, #717, #3587, #2182, #2517, #263, #3121, #69, #2707, #391, #3188, #88 ) ) ;
#2782 = CARTESIAN_POINT ( 'NONE',  ( 0.4653510425003174467, 0.001406173138374004891, -0.1095942471104531107 ) ) ;
#2783 = ORIENTED_EDGE ( 'NONE', *, *, #1454, .T. ) ;
#2784 = CARTESIAN_POINT ( 'NONE',  ( 0.2313841284562625222, 0.04500733388959485964, -0.08789370103625360198 ) ) ;
#2785 = VECTOR ( 'NONE', #4309, 39.37007874015748143 ) ;
#2786 = PRESENTATION_STYLE_ASSIGNMENT (( #338 ) ) ;
#2787 = SURFACE_STYLE_USAGE ( .BOTH. , #3744 ) ;
#2788 = EDGE_CURVE ( 'NONE', #2870, #4076, #492, .T. ) ;
#2789 = CARTESIAN_POINT ( 'NONE',  ( 0.2148518768365311749, 0.03516481420455551399, -0.08789370103680475832 ) ) ;
#2790 = DIRECTION ( 'NONE',  ( -1.644517855226008195E-15, -1.000000000000000000, -2.890435660536364269E-30 ) ) ;
#2791 = FACE_OUTER_BOUND ( 'NONE', #2955, .T. ) ;
#2792 = ORIENTED_EDGE ( 'NONE', *, *, #1488, .F. ) ;
#2793 = CARTESIAN_POINT ( 'NONE',  ( 0.3140612938105263319, 0.1060309559368545623, -0.03198818922499363504 ) ) ;
#2794 = ORIENTED_EDGE ( 'NONE', *, *, #2467, .F. ) ;
#2795 = EDGE_CURVE ( 'NONE', #4076, #1440, #2746, .T. ) ;
#2796 = CARTESIAN_POINT ( 'NONE',  ( 0.1585494827869405321, -0.02585880784268849639, -0.04773622072184426079 ) ) ;
#2797 = PLANE ( 'NONE',  #1677 ) ;
#2798 = PLANE ( 'NONE',  #393 ) ;
#2799 = CIRCLE ( 'NONE', #2216, 0.005905511811019673735 ) ;
#2800 = VERTEX_POINT ( 'NONE', #2865 ) ;
#2801 = EDGE_CURVE ( 'NONE', #2808, #1941, #2332, .T. ) ;
#2802 = EDGE_CURVE ( 'NONE', #1203, #4092, #2193, .T. ) ;
#2803 = FILL_AREA_STYLE_COLOUR ( '', #3386 ) ;
#2804 = PLANE ( 'NONE',  #1805 ) ;
#2805 = VECTOR ( 'NONE', #3459, 39.37007874015748143 ) ;
#2806 = ORIENTED_EDGE ( 'NONE', *, *, #3352, .T. ) ;
#2807 = CARTESIAN_POINT ( 'NONE',  ( 0.2389260676734684674, 0.03516481420629898741, -0.1272637797758069678 ) ) ;
#2808 = VERTEX_POINT ( 'NONE', #510 ) ;
#2809 = SURFACE_STYLE_FILL_AREA ( #1510 ) ;
#2810 = SURFACE_STYLE_FILL_AREA ( #3137 ) ;
#2811 = DIRECTION ( 'NONE',  ( -1.644517855226007801E-15, -1.000000000000000000, -2.890435660536363919E-30 ) ) ;
#2812 = EDGE_CURVE ( 'NONE', #1117, #165, #907, .T. ) ;
#2813 = CARTESIAN_POINT ( 'NONE',  ( 0.2313841284561837519, 0.1217789874329373717, -0.1272637797765943657 ) ) ;
#2814 = DIMENSIONAL_EXPONENTS ( 1.000000000000000000, 0.0000000000000000000, 0.0000000000000000000, 0.0000000000000000000, 0.0000000000000000000, 0.0000000000000000000, 0.0000000000000000000 ) ;
#2815 = ORIENTED_EDGE ( 'NONE', *, *, #788, .F. ) ;
#2816 = CARTESIAN_POINT ( 'NONE',  ( 0.3928014512908296063, 0.1021333181416024527, -0.03297244119349760499 ) ) ;
#2817 = ORIENTED_EDGE ( 'NONE', *, *, #3796, .F. ) ;
#2818 = AXIS2_PLACEMENT_3D ( 'NONE', #3960, #2647, #2283 ) ;
#2819 = CARTESIAN_POINT ( 'NONE',  ( 0.2490536793001599802, 0.001406169398807438544, 0.001978705521462981610 ) ) ;
#2820 = DIRECTION ( 'NONE',  ( -1.000000000000000000, 1.644517855226007801E-15, -1.495024203844846333E-13 ) ) ;
#2821 = EDGE_CURVE ( 'NONE', #2492, #3013, #1146, .T. ) ;
#2822 = EDGE_CURVE ( 'NONE', #3109, #2978, #3101, .T. ) ;
#2823 = EDGE_LOOP ( 'NONE', ( #601, #2603, #3558, #1908, #3766, #2845, #1311, #1133 ) ) ;
#2824 = LINE ( 'NONE', #2512, #3661 ) ;
#2825 = SURFACE_STYLE_FILL_AREA ( #1457 ) ;
#2826 = VECTOR ( 'NONE', #1852, 39.37007874015748143 ) ;
#2827 = EDGE_CURVE ( 'NONE', #765, #1455, #2696, .T. ) ;
#2828 =( NAMED_UNIT ( * ) SI_UNIT ( $, .STERADIAN. ) SOLID_ANGLE_UNIT ( ) );
#2829 = VECTOR ( 'NONE', #1119, 39.37007874015748143 ) ;
#2830 =( GEOMETRIC_REPRESENTATION_CONTEXT ( 3 ) GLOBAL_UNCERTAINTY_ASSIGNED_CONTEXT ( ( #3337 ) ) GLOBAL_UNIT_ASSIGNED_CONTEXT ( ( #3475, #133, #2482 ) ) REPRESENTATION_CONTEXT ( 'NONE', 'WORKASPACE' ) );
#2831 = ORIENTED_EDGE ( 'NONE', *, *, #3351, .F. ) ;
#2832 = MECHANICAL_DESIGN_GEOMETRIC_PRESENTATION_REPRESENTATION (  '', ( #2248 ), #2393 ) ;
#2833 = LINE ( 'NONE', #3865, #3105 ) ;
#2834 = PLANE ( 'NONE',  #683 ) ;
#2835 = CIRCLE ( 'NONE', #3044, 0.01771653543307087283 ) ;
#2836 = ORIENTED_EDGE ( 'NONE', *, *, #916, .F. ) ;
#2837 = SURFACE_STYLE_USAGE ( .BOTH. , #4129 ) ;
#2838 = VECTOR ( 'NONE', #2145, 39.37007874015748143 ) ;
#2839 = ORIENTED_EDGE ( 'NONE', *, *, #4231, .F. ) ;
#2840 = DIRECTION ( 'NONE',  ( -1.729787034332033796E-15, -0.9987523388778386524, 0.04993761694401192830 ) ) ;
#2841 = VECTOR ( 'NONE', #1709, 39.37007874015748143 ) ;
#2842 = DIRECTION ( 'NONE',  ( -1.000000000000000000, 1.138412281109781707E-14, -2.168404344971012812E-15 ) ) ;
#2843 = CARTESIAN_POINT ( 'NONE',  ( 0.2313841284562318801, 0.03516481420455548623, -0.02726377977696224642 ) ) ;
#2844 =( LENGTH_UNIT ( ) NAMED_UNIT ( * ) SI_UNIT ( $, .METRE. ) );
#2845 = ORIENTED_EDGE ( 'NONE', *, *, #2144, .T. ) ;
#2846 = VERTEX_POINT ( 'NONE', #161 ) ;
#2847 = PRESENTATION_STYLE_ASSIGNMENT (( #1134 ) ) ;
#2848 =( BOUNDED_CURVE ( )  B_SPLINE_CURVE ( 3, ( #362, #2022, #3702, #3683 ),
 .UNSPECIFIED., .F., .T. ) 
 B_SPLINE_CURVE_WITH_KNOTS ( ( 4, 4 ),
 ( 5.456455938445438747, 6.200522249646922113 ),
 .UNSPECIFIED. ) 
 CURVE ( )  GEOMETRIC_REPRESENTATION_ITEM ( )  RATIONAL_B_SPLINE_CURVE ( ( 1.000000000000000000, 0.9543934657876853578, 0.9543934657876853578, 1.000000000000000000 ) ) 
 REPRESENTATION_ITEM ( '' )  );
#2849 = STYLED_ITEM ( 'NONE', ( #2247 ), #1367 ) ;
#2850 = DIMENSIONAL_EXPONENTS ( 1.000000000000000000, 0.0000000000000000000, 0.0000000000000000000, 0.0000000000000000000, 0.0000000000000000000, 0.0000000000000000000, 0.0000000000000000000 ) ;
#2851 = ORIENTED_EDGE ( 'NONE', *, *, #2300, .T. ) ;
#2852 = ADVANCED_FACE ( 'NONE', ( #813 ), #3503, .T. ) ;
#2853 = DIRECTION ( 'NONE',  ( -0.4273849608095032226, 7.028421991062930673E-16, 0.9040697402711027619 ) ) ;
#2854 = DIRECTION ( 'NONE',  ( 0.9945218953682689600, 0.1045284632676950626, 8.189380864547705479E-12 ) ) ;
#2855 = LINE ( 'NONE', #1347, #892 ) ;
#2856 = FILL_AREA_STYLE_COLOUR ( '', #2056 ) ;
#2857 = ORIENTED_EDGE ( 'NONE', *, *, #202, .F. ) ;
#2858 = EDGE_CURVE ( 'NONE', #2446, #765, #3390, .T. ) ;
#2859 = EDGE_CURVE ( 'NONE', #1850, #3918, #1167, .T. ) ;
#2860 = LINE ( 'NONE', #1439, #3304 ) ;
#2861 = PRESENTATION_LAYER_ASSIGNMENT (  '', '', ( #573 ) ) ;
#2862 = PLANE ( 'NONE',  #1064 ) ;
#2863 = FACE_OUTER_BOUND ( 'NONE', #3678, .T. ) ;
#2864 = VERTEX_POINT ( 'NONE', #1866 ) ;
#2865 = CARTESIAN_POINT ( 'NONE',  ( 0.2813808601379161889, 0.1217789874329412297, -0.08316929158739536088 ) ) ;
#2866 = DIRECTION ( 'NONE',  ( 0.9945218953682689600, 0.1045284632676950626, 8.189380864547705479E-12 ) ) ;
#2867 = CARTESIAN_POINT ( 'NONE',  ( 0.5037097929783018735, -0.008688119764421345023, -0.08789370103625893105 ) ) ;
#2868 = PRESENTATION_STYLE_ASSIGNMENT (( #113 ) ) ;
#2869 = VERTEX_POINT ( 'NONE', #835 ) ;
#2870 = VERTEX_POINT ( 'NONE', #3246 ) ;
#2871 = DIRECTION ( 'NONE',  ( 1.555145074134650487E-15, 0.9987523388778386524, 0.04993761694401192830 ) ) ;
#2872 = CARTESIAN_POINT ( 'NONE',  ( 0.2389260676367348513, 0.03516481420750823539, 0.01210629896319520213 ) ) ;
#2873 =( LENGTH_UNIT ( ) NAMED_UNIT ( * ) SI_UNIT ( $, .METRE. ) );
#2874 = ORIENTED_EDGE ( 'NONE', *, *, #1613, .T. ) ;
#2875 = CARTESIAN_POINT ( 'NONE',  ( 0.4625214697563412303, 0.03516481420455510459, -0.08338492120058389745 ) ) ;
#2876 = FACE_OUTER_BOUND ( 'NONE', #1506, .T. ) ;
#2877 = CARTESIAN_POINT ( 'NONE',  ( 0.4653510425003174467, 0.001406173138374004891, -0.005563233702158661836 ) ) ;
#2878 = VECTOR ( 'NONE', #1085, 39.37007874015748143 ) ;
#2879 = CARTESIAN_POINT ( 'NONE',  ( 0.1585494827869405876, -0.02585880784268849639, -0.08789370103680489710 ) ) ;
#2880 = ORIENTED_EDGE ( 'NONE', *, *, #3775, .T. ) ;
#2881 = DIMENSIONAL_EXPONENTS ( 1.000000000000000000, 0.0000000000000000000, 0.0000000000000000000, 0.0000000000000000000, 0.0000000000000000000, 0.0000000000000000000, 0.0000000000000000000 ) ;
#2882 = LINE ( 'NONE', #4196, #2390 ) ;
#2883 = CARTESIAN_POINT ( 'NONE',  ( 0.3142156862761680269, 0.1020939480628585000, -0.007578740406095896970 ) ) ;
#2884 = DIRECTION ( 'NONE',  ( 1.748601263784621748E-15, 0.0000000000000000000, -1.000000000000000000 ) ) ;
#2885 = DIRECTION ( 'NONE',  ( 1.000000000000000000, -1.644517855226007801E-15, 1.748601263784622143E-15 ) ) ;
#2886 = LINE ( 'NONE', #4203, #270 ) ;
#2887 = CARTESIAN_POINT ( 'NONE',  ( 0.2313841284562624390, 0.04500733388959485964, -0.02726377977696224642 ) ) ;
#2888 = VERTEX_POINT ( 'NONE', #3225 ) ;
#2889 = EDGE_CURVE ( 'NONE', #976, #3912, #862, .T. ) ;
#2890 = ORIENTED_EDGE ( 'NONE', *, *, #3088, .T. ) ;
#2891 = PRESENTATION_STYLE_ASSIGNMENT (( #168 ) ) ;
#2892 = CARTESIAN_POINT ( 'NONE',  ( 0.4536010832257900693, 0.03516481420455512541, -0.07814324995940274965 ) ) ;
#2893 = DIRECTION ( 'NONE',  ( 1.644517855226008195E-15, 1.000000000000000000, 2.890435660536364269E-30 ) ) ;
#2894 = AXIS2_PLACEMENT_3D ( 'NONE', #462, #2122, #1464 ) ;
#2895 = ORIENTED_EDGE ( 'NONE', *, *, #1018, .F. ) ;
#2896 = PRESENTATION_LAYER_ASSIGNMENT (  '', '', ( #2025 ) ) ;
#2897 = LINE ( 'NONE', #901, #2137 ) ;
#2898 = CARTESIAN_POINT ( 'NONE',  ( -5.646193140925379216E-14, 0.0000000000000000000, -0.1272637797763846446 ) ) ;
#2899 = VERTEX_POINT ( 'NONE', #1536 ) ;
#2900 = CARTESIAN_POINT ( 'NONE',  ( 0.4726510730673783578, 0.03769413434112270367, 0.01210629896319560632 ) ) ;
#2901 = CIRCLE ( 'NONE', #2097, 0.007874015748031495954 ) ;
#2902 = DIRECTION ( 'NONE',  ( -1.748601263784621748E-15, 0.0000000000000000000, 1.000000000000000000 ) ) ;
#2903 = VERTEX_POINT ( 'NONE', #2907 ) ;
#2904 = VECTOR ( 'NONE', #3684, 39.37007874015748143 ) ;
#2905 = AXIS2_PLACEMENT_3D ( 'NONE', #3256, #1589, #1525 ) ;
#2906 = EDGE_CURVE ( 'NONE', #2869, #4252, #4225, .T. ) ;
#2907 = CARTESIAN_POINT ( 'NONE',  ( 0.1972323944382712024, 0.02914268067976814522, -0.02726377977696231580 ) ) ;
#2908 = EDGE_CURVE ( 'NONE', #1027, #3291, #2407, .T. ) ;
#2909 = CARTESIAN_POINT ( 'NONE',  ( 0.4754786166452190099, 0.04240671319253163513, -0.1272637797758073841 ) ) ;
#2910 = SURFACE_SIDE_STYLE ('',( #445 ) ) ;
#2911 = CARTESIAN_POINT ( 'NONE',  ( 0.5037097929783018735, -0.008688119764421345023, -0.08789370103625893105 ) ) ;
#2912 = DIMENSIONAL_EXPONENTS ( 1.000000000000000000, 0.0000000000000000000, 0.0000000000000000000, 0.0000000000000000000, 0.0000000000000000000, 0.0000000000000000000, 0.0000000000000000000 ) ;
#2913 = ORIENTED_EDGE ( 'NONE', *, *, #1368, .F. ) ;
#2914 = EDGE_LOOP ( 'NONE', ( #3622, #1858, #205, #1849 ) ) ;
#2915 = AXIS2_PLACEMENT_3D ( 'NONE', #4015, #1318, #611 ) ;
#2916 = VECTOR ( 'NONE', #3435, 39.37007874015748143 ) ;
#2917 = EDGE_CURVE ( 'NONE', #3814, #3326, #3421, .T. ) ;
#2918 = EDGE_CURVE ( 'NONE', #1141, #21, #4082, .T. ) ;
#2919 = CARTESIAN_POINT ( 'NONE',  ( 0.4144549945979160710, 0.1060309559368543958, -0.03277559079979654871 ) ) ;
#2920 = ORIENTED_EDGE ( 'NONE', *, *, #3717, .F. ) ;
#2921 = DIRECTION ( 'NONE',  ( -2.836710033957226591E-12, -1.000000000000000000, 1.065814103797950606E-13 ) ) ;
#2922 = CARTESIAN_POINT ( 'NONE',  ( 0.2506952668932703188, 0.04500733388959482495, -0.03730122072145040241 ) ) ;
#2923 = CARTESIAN_POINT ( 'NONE',  ( 0.5463410757003656082, -0.06121462703867335681, -0.07529527583995378193 ) ) ;
#2924 = VERTEX_POINT ( 'NONE', #556 ) ;
#2925 = DIRECTION ( 'NONE',  ( -1.000000000000000000, 1.644517855226007801E-15, -8.234490263801784106E-12 ) ) ;
#2926 = DIRECTION ( 'NONE',  ( 0.2761728431768883940, -0.9205744918961651369, 0.2761723475688889207 ) ) ;
#2927 = CARTESIAN_POINT ( 'NONE',  ( 0.5172050357898655415, -0.02375406862796464874, -0.06742126009126593600 ) ) ;
#2928 = VERTEX_POINT ( 'NONE', #4275 ) ;
#2929 = DIRECTION ( 'NONE',  ( -1.748601263784621748E-15, -1.482966057179117483E-32, 1.000000000000000000 ) ) ;
#2930 = LINE ( 'NONE', #3941, #3981 ) ;
#2931 = DIRECTION ( 'NONE',  ( 1.644517855226008195E-15, 1.000000000000000000, 2.890435660536364269E-30 ) ) ;
#2932 = ORIENTED_EDGE ( 'NONE', *, *, #1836, .T. ) ;
#2933 = EDGE_CURVE ( 'NONE', #2280, #828, #3680, .T. ) ;
#2934 = DIRECTION ( 'NONE',  ( -1.748601263784622143E-15, 0.0000000000000000000, 1.000000000000000000 ) ) ;
#2935 = CARTESIAN_POINT ( 'NONE',  ( 0.5171578838488014584, -0.02376851717063327429, -0.04773615289825253877 ) ) ;
#2936 = CARTESIAN_POINT ( 'NONE',  ( 0.1962212990249129207, -0.02755782159619247704, -0.04773622072184419141 ) ) ;
#2937 = ORIENTED_EDGE ( 'NONE', *, *, #3750, .T. ) ;
#2938 = SURFACE_STYLE_USAGE ( .BOTH. , #3883 ) ;
#2939 = ORIENTED_EDGE ( 'NONE', *, *, #4347, .T. ) ;
#2940 = VERTEX_POINT ( 'NONE', #886 ) ;
#2941 = DIRECTION ( 'NONE',  ( -1.644517855226008195E-15, -1.000000000000000000, -0.0000000000000000000 ) ) ;
#2942 = VECTOR ( 'NONE', #1004, 39.37007874015748143 ) ;
#2943 = CARTESIAN_POINT ( 'NONE',  ( 0.2924077505034280433, 0.1060309559368545901, -0.08238189001259203781 ) ) ;
#2944 = ORIENTED_EDGE ( 'NONE', *, *, #1118, .F. ) ;
#2945 = STYLED_ITEM ( 'NONE', ( #3075 ), #4120 ) ;
#2946 = DIRECTION ( 'NONE',  ( 1.748601263784621748E-15, 0.0000000000000000000, -1.000000000000000000 ) ) ;
#2947 =( LENGTH_UNIT ( ) NAMED_UNIT ( * ) SI_UNIT ( $, .METRE. ) );
#2948 = MECHANICAL_DESIGN_GEOMETRIC_PRESENTATION_REPRESENTATION (  '', ( #1083 ), #2436 ) ;
#2949 = DIRECTION ( 'NONE',  ( 1.644517855226007801E-15, 1.000000000000000000, 2.890435660536363919E-30 ) ) ;
#2950 = VERTEX_POINT ( 'NONE', #954 ) ;
#2951 = DIRECTION ( 'NONE',  ( 0.0000000000000000000, 1.000000000000000000, 0.0000000000000000000 ) ) ;
#2952 = CARTESIAN_POINT ( 'NONE',  ( 0.5171395730376947553, -0.02375154730001928852, -0.04773622072118773735 ) ) ;
#2953 = CARTESIAN_POINT ( 'NONE',  ( 0.2506952668935066297, 0.04500733388959482495, -0.07785626009152914195 ) ) ;
#2954 =( NAMED_UNIT ( * ) SI_UNIT ( $, .STERADIAN. ) SOLID_ANGLE_UNIT ( ) );
#2955 = EDGE_LOOP ( 'NONE', ( #3952, #3491, #3082 ) ) ;
#2956 = EDGE_CURVE ( 'NONE', #1729, #369, #2545, .T. ) ;
#2957 = CARTESIAN_POINT ( 'NONE',  ( 0.2490536793154355943, 0.003668751212429472927, -0.1095942470915550748 ) ) ;
#2958 = CARTESIAN_POINT ( 'NONE',  ( 0.4561674782084671476, 0.03516481420455511153, -0.03730122072223737706 ) ) ;
#2959 = ADVANCED_FACE ( 'NONE', ( #1214 ), #4343, .F. ) ;
#2960 = ORIENTED_EDGE ( 'NONE', *, *, #2350, .F. ) ;
#2961 = DIRECTION ( 'NONE',  ( 0.9578261432953980581, 0.2873483586517651123, -7.047314121155771721E-15 ) ) ;
#2962 = ORIENTED_EDGE ( 'NONE', *, *, #3831, .F. ) ;
#2963 =( GEOMETRIC_REPRESENTATION_CONTEXT ( 3 ) GLOBAL_UNCERTAINTY_ASSIGNED_CONTEXT ( ( #3710 ) ) GLOBAL_UNIT_ASSIGNED_CONTEXT ( ( #908, #2191, #3546 ) ) REPRESENTATION_CONTEXT ( 'NONE', 'WORKASPACE' ) );
#2964 = LINE ( 'NONE', #550, #4142 ) ;
#2965 = CARTESIAN_POINT ( 'NONE',  ( 0.2506952668928372763, 0.03516481420455545848, -0.03139570891042674922 ) ) ;
#2966 = ADVANCED_FACE ( 'NONE', ( #2969 ), #1308, .F. ) ;
#2967 = CARTESIAN_POINT ( 'NONE',  ( 0.4754786166451601126, 0.1020939480628582363, 0.01210629896319561152 ) ) ;
#2968 = VERTEX_POINT ( 'NONE', #646 ) ;
#2969 = FACE_OUTER_BOUND ( 'NONE', #2102, .T. ) ;
#2970 = CARTESIAN_POINT ( 'NONE',  ( 0.4554196763414986582, 0.03516481420455512541, -0.03730122072223737706 ) ) ;
#2971 = ORIENTED_EDGE ( 'NONE', *, *, #3691, .F. ) ;
#2972 = PRESENTATION_LAYER_ASSIGNMENT (  '', '', ( #1032 ) ) ;
#2973 = PLANE ( 'NONE',  #3672 ) ;
#2974 = SURFACE_STYLE_USAGE ( .BOTH. , #1176 ) ;
#2975 = LINE ( 'NONE', #247, #4071 ) ;
#2976 = SURFACE_STYLE_FILL_AREA ( #1567 ) ;
#2977 = VECTOR ( 'NONE', #3414, 39.37007874015748143 ) ;
#2978 = VERTEX_POINT ( 'NONE', #2239 ) ;
#2979 = CARTESIAN_POINT ( 'NONE',  ( 0.5037097929778026062, -0.008688119764421345023, -0.02726377977641642608 ) ) ;
#2980 = PRESENTATION_LAYER_ASSIGNMENT (  '', '', ( #3736 ) ) ;
#2981 = EDGE_CURVE ( 'NONE', #124, #3899, #4168, .T. ) ;
#2982 = UNCERTAINTY_MEASURE_WITH_UNIT (LENGTH_MEASURE( 1.000000000000000082E-05 ), #4371, 'distance_accuracy_value', 'NONE');
#2983 = ORIENTED_EDGE ( 'NONE', *, *, #318, .F. ) ;
#2984 = CYLINDRICAL_SURFACE ( 'NONE', #4074, 0.01771653543307086243 ) ;
#2985 = FACE_OUTER_BOUND ( 'NONE', #3458, .T. ) ;
#2986 = CARTESIAN_POINT ( 'NONE',  ( 0.2532616618757507210, 0.04500733388959482495, -0.07814324995916692440 ) ) ;
#2987 = ORIENTED_EDGE ( 'NONE', *, *, #3723, .T. ) ;
#2988 = ADVANCED_FACE ( 'NONE', ( #1237 ), #224, .T. ) ;
#2989 = FILL_AREA_STYLE_COLOUR ( '', #3946 ) ;
#2990 =( NAMED_UNIT ( * ) SI_UNIT ( $, .STERADIAN. ) SOLID_ANGLE_UNIT ( ) );
#2991 = DIRECTION ( 'NONE',  ( -5.288613215250233666E-09, 1.765092102736000626E-08, 0.9999999999999997780 ) ) ;
#2992 = ORIENTED_EDGE ( 'NONE', *, *, #2292, .T. ) ;
#2993 = ADVANCED_FACE ( 'NONE', ( #2313 ), #3287, .T. ) ;
#2994 = CARTESIAN_POINT ( 'NONE',  ( 0.1585494827869405321, -0.03570132752772788021, -0.06742126009192302150 ) ) ;
#2995 = CARTESIAN_POINT ( 'NONE',  ( 0.3140612938105263319, 0.1021333181416026054, -0.03297244119349746622 ) ) ;
#2996 = CARTESIAN_POINT ( 'NONE',  ( 0.1970056568980007028, -0.02450745300942713464, -0.06742126009192292435 ) ) ;
#2997 = ORIENTED_EDGE ( 'NONE', *, *, #3484, .F. ) ;
#2998 = AXIS2_PLACEMENT_3D ( 'NONE', #819, #2570, #3535 ) ;
#2999 = LINE ( 'NONE', #2664, #4107 ) ;
#3000 = DIRECTION ( 'NONE',  ( -1.748601263784622143E-15, 0.0000000000000000000, 1.000000000000000000 ) ) ;
#3001 = LENGTH_MEASURE_WITH_UNIT ( LENGTH_MEASURE( 0.02539999999999999897 ), #947 );
#3002 = CARTESIAN_POINT ( 'NONE',  ( 0.2443412753455931341, 0.03516481420455546542, -0.03177255961436381559 ) ) ;
#3003 = EDGE_LOOP ( 'NONE', ( #1757, #3125, #3530, #3431 ) ) ;
#3004 = DIRECTION ( 'NONE',  ( 0.9578264256925002051, -0.2873474173281004851, -2.168404344971000191E-15 ) ) ;
#3005 = LINE ( 'NONE', #4317, #3173 ) ;
#3006 = LINE ( 'NONE', #2057, #4356 ) ;
#3007 = ORIENTED_EDGE ( 'NONE', *, *, #552, .T. ) ;
#3008 = COLOUR_RGB ( '',0.2509803921568627416, 0.2509803921568627416, 0.2509803921568627416 ) ;
#3009 = DIRECTION ( 'NONE',  ( 1.000000000000000000, -1.734723475977064460E-15, 0.0000000000000000000 ) ) ;
#3010 = CARTESIAN_POINT ( 'NONE',  ( 0.2148518768365313136, 0.02729079845652401456, -0.1669308663911354407 ) ) ;
#3011 = DIRECTION ( 'NONE',  ( 2.521108322106260382E-13, 1.000000000000000000, 4.408561494778652430E-28 ) ) ;
#3012 = AXIS2_PLACEMENT_3D ( 'NONE', #4033, #2704, #2722 ) ;
#3013 = VERTEX_POINT ( 'NONE', #3914 ) ;
#3014 = AXIS2_PLACEMENT_3D ( 'NONE', #2875, #3539, #2853 ) ;
#3015 = FACE_OUTER_BOUND ( 'NONE', #2066, .T. ) ;
#3016 = CIRCLE ( 'NONE', #2437, 0.007874015748031495954 ) ;
#3017 = EDGE_CURVE ( 'NONE', #2010, #2486, #3266, .T. ) ;
#3018 = CARTESIAN_POINT ( 'NONE',  ( 0.1838181954782060479, -0.05876606348099561172, -0.07529527584204262491 ) ) ;
#3019 = EDGE_LOOP ( 'NONE', ( #1527, #3508, #3261, #1686 ) ) ;
#3020 = DIRECTION ( 'NONE',  ( -0.9945218953682686269, 0.1045284632676983516, -1.739022243102431967E-15 ) ) ;
#3021 = FILL_AREA_STYLE ('',( #3975 ) ) ;
#3022 = CARTESIAN_POINT ( 'NONE',  ( 0.4696401291258294752, 0.04500733388959446413, -0.08789370103656818367 ) ) ;
#3023 = UNCERTAINTY_MEASURE_WITH_UNIT (LENGTH_MEASURE( 1.000000000000000082E-05 ), #1650, 'distance_accuracy_value', 'NONE');
#3024 = EDGE_LOOP ( 'NONE', ( #3621, #3285, #722, #199 ) ) ;
#3025 = CARTESIAN_POINT ( 'NONE',  ( 0.3926470588251994576, 0.1217789874329371080, 0.01210629896398286200 ) ) ;
#3026 = CARTESIAN_POINT ( 'NONE',  ( 0.4561674782085065605, 0.04500733388959448494, -0.03730122072223737706 ) ) ;
#3027 = CARTESIAN_POINT ( 'NONE',  ( 0.2924077505034279323, 0.1060309559368545901, -0.03277559079979674994 ) ) ;
#3028 = ORIENTED_EDGE ( 'NONE', *, *, #1234, .T. ) ;
#3029 = AXIS2_PLACEMENT_3D ( 'NONE', #1306, #974, #3911 ) ;
#3030 = ORIENTED_EDGE ( 'NONE', *, *, #1717, .T. ) ;
#3031 = ADVANCED_FACE ( 'NONE', ( #1981 ), #1577, .T. ) ;
#3032 = CARTESIAN_POINT ( 'NONE',  ( 0.4679366774458565970, 0.03516481420506866601, 0.01210629896319561152 ) ) ;
#3033 = VECTOR ( 'NONE', #1139, 39.37007874015748143 ) ;
#3034 = DIRECTION ( 'NONE',  ( -1.000000000000000000, 1.644517855226007801E-15, -8.234490263801784106E-12 ) ) ;
#3035 = DIRECTION ( 'NONE',  ( -1.748601263784622143E-15, 0.0000000000000000000, 1.000000000000000000 ) ) ;
#3036 = EDGE_CURVE ( 'NONE', #2950, #1896, #977, .T. ) ;
#3037 = EDGE_CURVE ( 'NONE', #1919, #1903, #1407, .T. ) ;
#3038 = LENGTH_MEASURE_WITH_UNIT ( LENGTH_MEASURE( 0.02539999999999999897 ), #3318 );
#3039 = VECTOR ( 'NONE', #656, 39.37007874015748143 ) ;
#3040 = ORIENTED_EDGE ( 'NONE', *, *, #1914, .F. ) ;
#3041 = VERTEX_POINT ( 'NONE', #3634 ) ;
#3042 =( GEOMETRIC_REPRESENTATION_CONTEXT ( 3 ) GLOBAL_UNCERTAINTY_ASSIGNED_CONTEXT ( ( #1691 ) ) GLOBAL_UNIT_ASSIGNED_CONTEXT ( ( #1740, #118, #3877 ) ) REPRESENTATION_CONTEXT ( 'NONE', 'WORKASPACE' ) );
#3043 = ADVANCED_FACE ( 'NONE', ( #3310 ), #602, .T. ) ;
#3044 = AXIS2_PLACEMENT_3D ( 'NONE', #2779, #762, #4192 ) ;
#3045 = DIRECTION ( 'NONE',  ( 0.9945218953682685159, -0.1045284632676983655, 1.927470528863118161E-15 ) ) ;
#3046 = CARTESIAN_POINT ( 'NONE',  ( 0.2506952668933096762, 0.03516481420455545848, -0.03730122072145040241 ) ) ;
#3047 = PRESENTATION_STYLE_ASSIGNMENT (( #810 ) ) ;
#3048 = DIRECTION ( 'NONE',  ( -1.000000000000000000, 2.433329250326600975E-14, -1.748601263784622143E-15 ) ) ;
#3049 = VERTEX_POINT ( 'NONE', #4104 ) ;
#3050 = PRESENTATION_LAYER_ASSIGNMENT (  '', '', ( #1905 ) ) ;
#3051 = DIRECTION ( 'NONE',  ( 1.387778780775897814E-15, 0.0000000000000000000, 1.000000000000000000 ) ) ;
#3052 = CARTESIAN_POINT ( 'NONE',  ( 0.4144549945979161820, 0.1060309559368543958, -0.08238189001259182964 ) ) ;
#3053 = SURFACE_STYLE_FILL_AREA ( #1659 ) ;
#3054 = ORIENTED_EDGE ( 'NONE', *, *, #1321, .T. ) ;
#3055 = DIRECTION ( 'NONE',  ( -0.4273849608040032333, 7.028421990972483826E-16, 0.9040697402737026822 ) ) ;
#3056 = LINE ( 'NONE', #1336, #2541 ) ;
#3057 =( GEOMETRIC_REPRESENTATION_CONTEXT ( 3 ) GLOBAL_UNCERTAINTY_ASSIGNED_CONTEXT ( ( #2 ) ) GLOBAL_UNIT_ASSIGNED_CONTEXT ( ( #561, #586, #3292 ) ) REPRESENTATION_CONTEXT ( 'NONE', 'WORKASPACE' ) );
#3058 = FILL_AREA_STYLE ('',( #344 ) ) ;
#3059 = DIRECTION ( 'NONE',  ( -0.9945218953682690710, -0.1045284632676950765, -8.189380864547705479E-12 ) ) ;
#3060 = ORIENTED_EDGE ( 'NONE', *, *, #564, .F. ) ;
#3061 = VERTEX_POINT ( 'NONE', #3759 ) ;
#3062 =( GEOMETRIC_REPRESENTATION_CONTEXT ( 3 ) GLOBAL_UNCERTAINTY_ASSIGNED_CONTEXT ( ( #1008 ) ) GLOBAL_UNIT_ASSIGNED_CONTEXT ( ( #2015, #4362, #3430 ) ) REPRESENTATION_CONTEXT ( 'NONE', 'WORKASPACE' ) );
#3063 = CARTESIAN_POINT ( 'NONE',  ( 0.4578091021359867452, 0.003668751212429131620, -0.005563233721056288356 ) ) ;
#3064 = DIRECTION ( 'NONE',  ( -0.9945218953682686269, 0.1045284632676983516, -1.739022243102431967E-15 ) ) ;
#3065 = LINE ( 'NONE', #3724, #2695 ) ;
#3066 = CARTESIAN_POINT ( 'NONE',  ( 0.4263694306917346633, -0.1011303416691849838, -0.07815451922698843368 ) ) ;
#3067 = UNCERTAINTY_MEASURE_WITH_UNIT (LENGTH_MEASURE( 1.000000000000000082E-05 ), #3543, 'distance_accuracy_value', 'NONE');
#3068 = VERTEX_POINT ( 'NONE', #358 ) ;
#3069 = CARTESIAN_POINT ( 'NONE',  ( 0.2813808601379161334, 0.1217789874329412297, -0.03198818922499370443 ) ) ;
#3070 =( LENGTH_UNIT ( ) NAMED_UNIT ( * ) SI_UNIT ( $, .METRE. ) );
#3071 = ORIENTED_EDGE ( 'NONE', *, *, #3693, .F. ) ;
#3072 = PLANE ( 'NONE',  #4005 ) ;
#3073 = CARTESIAN_POINT ( 'NONE',  ( 0.1923664450707121554, -0.01715373501898775563, -0.04379921284782839486 ) ) ;
#3074 = FILL_AREA_STYLE ('',( #2738 ) ) ;
#3075 = PRESENTATION_STYLE_ASSIGNMENT (( #2381 ) ) ;
#3076 = VECTOR ( 'NONE', #1227, 39.37007874015748143 ) ;
#3077 = DIRECTION ( 'NONE',  ( 0.09052430460833847670, 0.8612812260087805427, 0.4999999999999888978 ) ) ;
#3078 = ORIENTED_EDGE ( 'NONE', *, *, #160, .T. ) ;
#3079 = MECHANICAL_DESIGN_GEOMETRIC_PRESENTATION_REPRESENTATION (  '', ( #4272 ), #107 ) ;
#3080 = LINE ( 'NONE', #301, #2942 ) ;
#3081 = FACE_OUTER_BOUND ( 'NONE', #3133, .T. ) ;
#3082 = ORIENTED_EDGE ( 'NONE', *, *, #2801, .F. ) ;
#3083 = EDGE_CURVE ( 'NONE', #467, #1052, #3089, .T. ) ;
#3084 = EDGE_CURVE ( 'NONE', #3061, #4239, #2376, .T. ) ;
#3085 = DIRECTION ( 'NONE',  ( 0.0000000000000000000, 0.0000000000000000000, 1.000000000000000000 ) ) ;
#3086 = DIRECTION ( 'NONE',  ( -1.000000000000000000, 1.644517855226007801E-15, -1.748601263784621748E-15 ) ) ;
#3087 = ORIENTED_EDGE ( 'NONE', *, *, #1894, .F. ) ;
#3088 = EDGE_CURVE ( 'NONE', #1941, #1027, #724, .T. ) ;
#3089 = LINE ( 'NONE', #4031, #4226 ) ;
#3090 = LINE ( 'NONE', #2120, #1609 ) ;
#3091 = CARTESIAN_POINT ( 'NONE',  ( 0.2412266368237435954, 0.1020939480628625523, -0.4075787404069424746 ) ) ;
#3092 = PRESENTATION_STYLE_ASSIGNMENT (( #1773 ) ) ;
#3093 = MECHANICAL_DESIGN_GEOMETRIC_PRESENTATION_REPRESENTATION (  '', ( #4204 ), #1781 ) ;
#3094 = COLOUR_RGB ( '',0.7607843137254901578, 0.7607843137254901578, 0.0000000000000000000 ) ;
#3095 = VECTOR ( 'NONE', #1995, 39.37007874015748143 ) ;
#3096 = CARTESIAN_POINT ( 'NONE',  ( 0.1843617094242555321, -0.01798479209465702819, -0.06742126009192295211 ) ) ;
#3097 = CARTESIAN_POINT ( 'NONE',  ( 0.2372226159726799066, 0.03516481420455547929, -0.08789370103621420294 ) ) ;
#3098 =( NAMED_UNIT ( * ) PLANE_ANGLE_UNIT ( ) SI_UNIT ( $, .RADIAN. ) );
#3099 = ORIENTED_EDGE ( 'NONE', *, *, #3160, .F. ) ;
#3100 = ORIENTED_EDGE ( 'NONE', *, *, #1884, .T. ) ;
#3101 = LINE ( 'NONE', #2488, #4017 ) ;
#3102 = CARTESIAN_POINT ( 'NONE',  ( 0.3928014512908296063, 0.1434325307400276528, -0.07915354355589927782 ) ) ;
#3103 = AXIS2_PLACEMENT_3D ( 'NONE', #4353, #1323, #3689 ) ;
#3104 = ORIENTED_EDGE ( 'NONE', *, *, #3482, .T. ) ;
#3105 = VECTOR ( 'NONE', #4221, 39.37007874015748143 ) ;
#3106 = CARTESIAN_POINT ( 'NONE',  ( 0.2514430687598452341, 0.03516481420455545848, -0.08376177190259220806 ) ) ;
#3107 = EDGE_CURVE ( 'NONE', #3109, #3041, #1481, .T. ) ;
#3108 = FILL_AREA_STYLE_COLOUR ( '', #1924 ) ;
#3109 = VERTEX_POINT ( 'NONE', #4087 ) ;
#3110 = COLOUR_RGB ( '',0.7607843137254901578, 0.7607843137254901578, 0.0000000000000000000 ) ;
#3111 =( GEOMETRIC_REPRESENTATION_CONTEXT ( 3 ) GLOBAL_UNCERTAINTY_ASSIGNED_CONTEXT ( ( #791 ) ) GLOBAL_UNIT_ASSIGNED_CONTEXT ( ( #204, #3311, #3289 ) ) REPRESENTATION_CONTEXT ( 'NONE', 'WORKASPACE' ) );
#3112 = LINE ( 'NONE', #3130, #748 ) ;
#3113 = SURFACE_STYLE_FILL_AREA ( #4280 ) ;
#3114 = CARTESIAN_POINT ( 'NONE',  ( 0.5274311289181010665, -0.03078006768520877984, -0.04773622072110297182 ) ) ;
#3115 = VECTOR ( 'NONE', #625, 39.37007874015748143 ) ;
#3116 = COLOUR_RGB ( '',0.7607843137254901578, 0.7607843137254901578, 0.0000000000000000000 ) ;
#3117 = CARTESIAN_POINT ( 'NONE',  ( 0.2514430687595301528, 0.04500733388959482495, -0.03730122072145040241 ) ) ;
#3118 = PLANE ( 'NONE',  #820 ) ;
#3119 = DIMENSIONAL_EXPONENTS ( 1.000000000000000000, 0.0000000000000000000, 0.0000000000000000000, 0.0000000000000000000, 0.0000000000000000000, 0.0000000000000000000, 0.0000000000000000000 ) ;
#3120 = ORIENTED_EDGE ( 'NONE', *, *, #2144, .F. ) ;
#3121 = ADVANCED_FACE ( 'NONE', ( #2417 ), #3072, .F. ) ;
#3122 = ORIENTED_EDGE ( 'NONE', *, *, #2788, .T. ) ;
#3123 = LINE ( 'NONE', #431, #87 ) ;
#3124 = CYLINDRICAL_SURFACE ( 'NONE', #1528, 0.005905511811023620231 ) ;
#3125 = ORIENTED_EDGE ( 'NONE', *, *, #2532, .T. ) ;
#3126 =( NAMED_UNIT ( * ) PLANE_ANGLE_UNIT ( ) SI_UNIT ( $, .RADIAN. ) );
#3127 = FILL_AREA_STYLE_COLOUR ( '', #3161 ) ;
#3128 =( GEOMETRIC_REPRESENTATION_CONTEXT ( 3 ) GLOBAL_UNCERTAINTY_ASSIGNED_CONTEXT ( ( #306 ) ) GLOBAL_UNIT_ASSIGNED_CONTEXT ( ( #948, #616, #281 ) ) REPRESENTATION_CONTEXT ( 'NONE', 'WORKASPACE' ) );
#3129 = ORIENTED_EDGE ( 'NONE', *, *, #2906, .T. ) ;
#3130 = CARTESIAN_POINT ( 'NONE',  ( 0.4615064727377191645, 0.03516481420455510459, -0.08123784496912722641 ) ) ;
#3131 = LINE ( 'NONE', #1105, #1386 ) ;
#3132 = PRESENTATION_LAYER_ASSIGNMENT (  '', '', ( #412 ) ) ;
#3133 = EDGE_LOOP ( 'NONE', ( #206, #3452, #2608, #33 ) ) ;
#3134 = ORIENTED_EDGE ( 'NONE', *, *, #1727, .T. ) ;
#3135 = EDGE_CURVE ( 'NONE', #2154, #2425, #1056, .T. ) ;
#3136 = EDGE_CURVE ( 'NONE', #4330, #3401, #390, .T. ) ;
#3137 = FILL_AREA_STYLE ('',( #774 ) ) ;
#3138 = LENGTH_MEASURE_WITH_UNIT ( LENGTH_MEASURE( 0.02539999999999999897 ), #1797 );
#3139 = LENGTH_MEASURE_WITH_UNIT ( LENGTH_MEASURE( 0.02539999999999999897 ), #751 );
#3140 = ORIENTED_EDGE ( 'NONE', *, *, #2761, .T. ) ;
#3141 = PLANE ( 'NONE',  #3461 ) ;
#3142 = EDGE_LOOP ( 'NONE', ( #2718, #3772, #1742, #2618 ) ) ;
#3143 = COLOUR_RGB ( '',0.7607843137254901578, 0.7607843137254901578, 0.0000000000000000000 ) ;
#3144 = VECTOR ( 'NONE', #715, 39.37007874015748143 ) ;
#3145 = EDGE_CURVE ( 'NONE', #560, #3180, #3112, .T. ) ;
#3146 = LINE ( 'NONE', #3855, #3763 ) ;
#3147 = DIRECTION ( 'NONE',  ( 8.234490263801784106E-12, -1.353889066150678860E-26, -1.000000000000000000 ) ) ;
#3148 = DIRECTION ( 'NONE',  ( -1.000000000000000000, 1.644517855226007801E-15, -8.234490263801784106E-12 ) ) ;
#3149 = VECTOR ( 'NONE', #4370, 39.37007874015748143 ) ;
#3150 = DIMENSIONAL_EXPONENTS ( 1.000000000000000000, 0.0000000000000000000, 0.0000000000000000000, 0.0000000000000000000, 0.0000000000000000000, 0.0000000000000000000, 0.0000000000000000000 ) ;
#3151 = ORIENTED_EDGE ( 'NONE', *, *, #3802, .T. ) ;
#3152 = DIRECTION ( 'NONE',  ( -1.000000000000000000, 1.626303258728259609E-15, -2.168404344971012812E-15 ) ) ;
#3153 = VECTOR ( 'NONE', #4229, 39.37007874015748143 ) ;
#3154 = VERTEX_POINT ( 'NONE', #786 ) ;
#3155 = ORIENTED_EDGE ( 'NONE', *, *, #3275, .F. ) ;
#3156 = FACE_OUTER_BOUND ( 'NONE', #4156, .T. ) ;
#3157 = ORIENTED_EDGE ( 'NONE', *, *, #3215, .F. ) ;
#3158 = FILL_AREA_STYLE_COLOUR ( '', #27 ) ;
#3159 = ORIENTED_EDGE ( 'NONE', *, *, #3270, .T. ) ;
#3160 = EDGE_CURVE ( 'NONE', #4076, #2888, #2833, .T. ) ;
#3161 = COLOUR_RGB ( '',0.7607843137254901578, 0.7607843137254901578, 0.0000000000000000000 ) ;
#3162 = EDGE_LOOP ( 'NONE', ( #1271, #153, #2581, #1501, #3192 ) ) ;
#3163 = CIRCLE ( 'NONE', #3851, 0.005905511811019676337 ) ;
#3164 = DIRECTION ( 'NONE',  ( -0.5730959463349092342, -0.8184658334306105232, -0.04092329167150157015 ) ) ;
#3165 = CARTESIAN_POINT ( 'NONE',  ( 0.1843617094242554766, -0.02585880784268852761, -0.04773622072184419141 ) ) ;
#3166 = AXIS2_PLACEMENT_3D ( 'NONE', #2414, #4123, #1099 ) ;
#3167 = CYLINDRICAL_SURFACE ( 'NONE', #1065, 0.007874015748031495954 ) ;
#3168 = EDGE_CURVE ( 'NONE', #2940, #1715, #82, .T. ) ;
#3169 = ORIENTED_EDGE ( 'NONE', *, *, #916, .T. ) ;
#3170 = CARTESIAN_POINT ( 'NONE',  ( 0.2490536793154355943, 0.003668751212508218531, -0.005563233721056699485 ) ) ;
#3171 = MECHANICAL_DESIGN_GEOMETRIC_PRESENTATION_REPRESENTATION (  '', ( #898 ), #3382 ) ;
#3172 = LINE ( 'NONE', #3450, #361 ) ;
#3173 = VECTOR ( 'NONE', #3959, 39.37007874015748143 ) ;
#3174 = VECTOR ( 'NONE', #4291, 39.37007874015748143 ) ;
#3175 = ORIENTED_EDGE ( 'NONE', *, *, #876, .F. ) ;
#3176 = STYLED_ITEM ( 'NONE', ( #1148 ), #2517 ) ;
#3177 = PLANE ( 'NONE',  #474 ) ;
#3178 = CARTESIAN_POINT ( 'NONE',  ( 0.2342116740154053245, 0.03769412902946407684, -0.1272637797758069678 ) ) ;
#3179 = VECTOR ( 'NONE', #3322, 39.37007874015748143 ) ;
#3180 = VERTEX_POINT ( 'NONE', #420 ) ;
#3181 = LINE ( 'NONE', #832, #3924 ) ;
#3182 = CARTESIAN_POINT ( 'NONE',  ( 0.1933643507908066883, -0.007659296307097984528, -0.08789370103680482771 ) ) ;
#3183 =( GEOMETRIC_REPRESENTATION_CONTEXT ( 3 ) GLOBAL_UNCERTAINTY_ASSIGNED_CONTEXT ( ( #2401 ) ) GLOBAL_UNIT_ASSIGNED_CONTEXT ( ( #664, #2735, #1416 ) ) REPRESENTATION_CONTEXT ( 'NONE', 'WORKASPACE' ) );
#3184 = LINE ( 'NONE', #3204, #4080 ) ;
#3185 = DIRECTION ( 'NONE',  ( -0.4273849608099042907, 7.028421991069578798E-16, -0.9040697402709132469 ) ) ;
#3186 = ORIENTED_EDGE ( 'NONE', *, *, #1961, .T. ) ;
#3187 = VERTEX_POINT ( 'NONE', #3198 ) ;
#3188 = ADVANCED_FACE ( 'NONE', ( #808 ), #3177, .F. ) ;
#3189 = DIRECTION ( 'NONE',  ( 1.000000000000000000, -1.644517855226007801E-15, 1.748601263784622143E-15 ) ) ;
#3190 = CARTESIAN_POINT ( 'NONE',  ( 0.4696401291258294752, 0.04500733388959446413, -0.08789370103656818367 ) ) ;
#3191 = FACE_OUTER_BOUND ( 'NONE', #1913, .T. ) ;
#3192 = ORIENTED_EDGE ( 'NONE', *, *, #1532, .F. ) ;
#3193 =( CONVERSION_BASED_UNIT ( 'INCH', #850 ) LENGTH_UNIT ( ) NAMED_UNIT ( #4208 ) );
#3194 = FACE_OUTER_BOUND ( 'NONE', #3364, .T. ) ;
#3195 = CARTESIAN_POINT ( 'NONE',  ( 0.4754786166455537422, 0.03516481420522438173, -0.02726377977696183702 ) ) ;
#3196 = SURFACE_STYLE_USAGE ( .BOTH. , #1837 ) ;
#3197 = EDGE_LOOP ( 'NONE', ( #2772, #2384, #81, #219, #1520, #2792 ) ) ;
#3198 = CARTESIAN_POINT ( 'NONE',  ( 0.5225010356770466435, -0.03570132752772847001, -0.06742126009122235974 ) ) ;
#3199 = DIRECTION ( 'NONE',  ( 8.476642998634263651E-12, 1.000000000000000000, -2.115996267093998406E-11 ) ) ;
#3200 = EDGE_CURVE ( 'NONE', #1463, #3711, #119, .T. ) ;
#3201 = EDGE_LOOP ( 'NONE', ( #2119, #1588, #699, #1442 ) ) ;
#3202 = MECHANICAL_DESIGN_GEOMETRIC_PRESENTATION_REPRESENTATION (  '', ( #710 ), #1500 ) ;
#3203 = CARTESIAN_POINT ( 'NONE',  ( 0.1585494827869405599, -0.02585880784268849639, -0.06742126009192302150 ) ) ;
#3204 = CARTESIAN_POINT ( 'NONE',  ( 0.4554196763377191814, 0.04500733388959449188, -0.07785626009188305330 ) ) ;
#3205 = CARTESIAN_POINT ( 'NONE',  ( 0.1585494827869405043, -0.03570132752772788021, -0.04773622072184426079 ) ) ;
#3206 = ORIENTED_EDGE ( 'NONE', *, *, #1150, .F. ) ;
#3207 = ORIENTED_EDGE ( 'NONE', *, *, #846, .F. ) ;
#3208 = SURFACE_STYLE_FILL_AREA ( #1851 ) ;
#3209 = VERTEX_POINT ( 'NONE', #3822 ) ;
#3210 =( GEOMETRIC_REPRESENTATION_CONTEXT ( 3 ) GLOBAL_UNCERTAINTY_ASSIGNED_CONTEXT ( ( #2443 ) ) GLOBAL_UNIT_ASSIGNED_CONTEXT ( ( #451, #1478, #1409 ) ) REPRESENTATION_CONTEXT ( 'NONE', 'WORKASPACE' ) );
#3211 = FILL_AREA_STYLE ('',( #2524 ) ) ;
#3212 =( NAMED_UNIT ( * ) SI_UNIT ( $, .STERADIAN. ) SOLID_ANGLE_UNIT ( ) );
#3213 = AXIS2_PLACEMENT_3D ( 'NONE', #3721, #1647, #1667 ) ;
#3214 =( LENGTH_UNIT ( ) NAMED_UNIT ( * ) SI_UNIT ( $, .METRE. ) );
#3215 = EDGE_CURVE ( 'NONE', #15, #3627, #1142, .T. ) ;
#3216 = VERTEX_POINT ( 'NONE', #1810 ) ;
#3217 = EDGE_CURVE ( 'NONE', #366, #1345, #1508, .T. ) ;
#3218 = FILL_AREA_STYLE ('',( #2555 ) ) ;
#3219 = PRESENTATION_STYLE_ASSIGNMENT (( #3843 ) ) ;
#3220 = VECTOR ( 'NONE', #3035, 39.37007874015748143 ) ;
#3221 =( NAMED_UNIT ( * ) SI_UNIT ( $, .STERADIAN. ) SOLID_ANGLE_UNIT ( ) );
#3222 = ORIENTED_EDGE ( 'NONE', *, *, #3534, .T. ) ;
#3223 = EDGE_CURVE ( 'NONE', #3426, #3841, #2501, .T. ) ;
#3224 = EDGE_CURVE ( 'NONE', #4065, #3049, #3842, .T. ) ;
#3225 = CARTESIAN_POINT ( 'NONE',  ( 0.1585494827869405321, -0.02585880784268849639, -0.04773622072184426079 ) ) ;
#3226 = SURFACE_STYLE_USAGE ( .BOTH. , #2910 ) ;
#3227 = DIRECTION ( 'NONE',  ( 0.9040697402015722695, -1.084202172486048354E-15, -0.4273849609565851249 ) ) ;
#3228 = ORIENTED_EDGE ( 'NONE', *, *, #3536, .F. ) ;
#3229 = EDGE_LOOP ( 'NONE', ( #1077, #800, #71, #4364, #3479, #1259 ) ) ;
#3230 = DIRECTION ( 'NONE',  ( -0.9945218953682689600, -0.1045284632676950626, -8.189380864547703863E-12 ) ) ;
#3231 = CARTESIAN_POINT ( 'NONE',  ( 0.2313841284562278278, 0.03769412923981661778, 0.009278755922247519314 ) ) ;
#3232 = AXIS2_PLACEMENT_3D ( 'NONE', #1094, #735, #2092 ) ;
#3233 = PRESENTATION_LAYER_ASSIGNMENT (  '', '', ( #2598 ) ) ;
#3234 = ORIENTED_EDGE ( 'NONE', *, *, #1042, .F. ) ;
#3235 = APPLICATION_PROTOCOL_DEFINITION ( 'draft international standard', 'automotive_design', 1998, #2125 ) ;
#3236 = CARTESIAN_POINT ( 'NONE',  ( 0.5483132623141995232, -0.03570132752772850471, -0.04773622072093100521 ) ) ;
#3237 = LINE ( 'NONE', #3195, #3927 ) ;
#3238 = ORIENTED_EDGE ( 'NONE', *, *, #3755, .T. ) ;
#3239 = CARTESIAN_POINT ( 'NONE',  ( 0.4754786166447397266, 0.04500733388959445719, -0.02726377977664890331 ) ) ;
#3240 = EDGE_CURVE ( 'NONE', #2448, #2899, #2882, .T. ) ;
#3241 = AXIS2_PLACEMENT_3D ( 'NONE', #3370, #1413, #4083 ) ;
#3242 = CARTESIAN_POINT ( 'NONE',  ( 0.5150364717968899386, -0.02049086673026023764, -0.06821428175520072301 ) ) ;
#3243 = ORIENTED_EDGE ( 'NONE', *, *, #564, .T. ) ;
#3244 = VECTOR ( 'NONE', #3790, 39.37007874015748143 ) ;
#3245 = AXIS2_PLACEMENT_3D ( 'NONE', #2136, #1138, #4100 ) ;
#3246 = CARTESIAN_POINT ( 'NONE',  ( 0.1585494827869405321, -0.03570132752772788021, -0.06742126009192302150 ) ) ;
#3247 = FACE_OUTER_BOUND ( 'NONE', #4363, .T. ) ;
#3248 = EDGE_CURVE ( 'NONE', #2439, #1476, #2528, .T. ) ;
#3249 = CARTESIAN_POINT ( 'NONE',  ( 0.4554196763415381821, 0.03516481420455512541, -0.08376177190290670649 ) ) ;
#3250 = VERTEX_POINT ( 'NONE', #2624 ) ;
#3251 = EDGE_LOOP ( 'NONE', ( #4046, #605, #643, #323 ) ) ;
#3252 = AXIS2_PLACEMENT_3D ( 'NONE', #1889, #2217, #3551 ) ;
#3253 = CARTESIAN_POINT ( 'NONE',  ( 0.2532616618757509430, 0.03516481420455545848, -0.2115157482809779665 ) ) ;
#3254 = CARTESIAN_POINT ( 'NONE',  ( 0.2313841284562201672, 0.04240669873959744540, -0.1272637797758057465 ) ) ;
#3255 = ORIENTED_EDGE ( 'NONE', *, *, #2592, .F. ) ;
#3256 = CARTESIAN_POINT ( 'NONE',  ( 0.4696401291287821134, 0.04500733388959446413, -0.03513779552499328440 ) ) ;
#3257 = DIRECTION ( 'NONE',  ( -1.644517855226007801E-15, -1.000000000000000000, 6.888556729901404633E-28 ) ) ;
#3258 = AXIS2_PLACEMENT_3D ( 'NONE', #2923, #880, #2230 ) ;
#3259 = EDGE_LOOP ( 'NONE', ( #2493, #245, #3813, #2395 ) ) ;
#3260 = CARTESIAN_POINT ( 'NONE',  ( 0.2532616618757507210, 0.04500733388959482495, -0.07814324995916692440 ) ) ;
#3261 = ORIENTED_EDGE ( 'NONE', *, *, #944, .T. ) ;
#3262 = DIRECTION ( 'NONE',  ( -0.9947848906855178974, -0.1019952021607001824, -8.191546496927016518E-12 ) ) ;
#3263 = CARTESIAN_POINT ( 'NONE',  ( 0.5162468380955167468, -0.02281331161264291488, -0.06746322549319072603 ) ) ;
#3264 = ORIENTED_EDGE ( 'NONE', *, *, #2715, .T. ) ;
#3265 = MECHANICAL_DESIGN_GEOMETRIC_PRESENTATION_REPRESENTATION (  '', ( #573 ), #3062 ) ;
#3266 = LINE ( 'NONE', #2605, #3115 ) ;
#3267 = SURFACE_STYLE_FILL_AREA ( #814 ) ;
#3268 = CARTESIAN_POINT ( 'NONE',  ( 0.3140612938105262764, 0.1021333181416026054, -0.08218503961889105092 ) ) ;
#3269 = ORIENTED_EDGE ( 'NONE', *, *, #3693, .T. ) ;
#3270 = EDGE_CURVE ( 'NONE', #99, #1535, #2233, .T. ) ;
#3271 = ADVANCED_FACE ( 'NONE', ( #3958 ), #1210, .T. ) ;
#3272 = CARTESIAN_POINT ( 'NONE',  ( 0.5171906553894755065, -0.02376973408140405433, -0.04773620808020646866 ) ) ;
#3273 = CARTESIAN_POINT ( 'NONE',  ( 0.1933316831047186823, -0.02413076081869562281, -0.06742126009192292435 ) ) ;
#3274 = VERTEX_POINT ( 'NONE', #195 ) ;
#3275 = EDGE_CURVE ( 'NONE', #1027, #1779, #3791, .T. ) ;
#3276 = DIRECTION ( 'NONE',  ( -1.748601263784622143E-15, 0.0000000000000000000, 1.000000000000000000 ) ) ;
#3277 = SURFACE_STYLE_FILL_AREA ( #253 ) ;
#3278 = ORIENTED_EDGE ( 'NONE', *, *, #3720, .F. ) ;
#3279 = PRESENTATION_STYLE_ASSIGNMENT (( #3604 ) ) ;
#3280 = VERTEX_POINT ( 'NONE', #3649 ) ;
#3281 = CARTESIAN_POINT ( 'NONE',  ( 0.5134983943101647519, -0.007659296307098515354, -0.02726377977633583430 ) ) ;
#3282 = DIRECTION ( 'NONE',  ( 1.644517855226007801E-15, 1.000000000000000000, 2.875605999964572744E-30 ) ) ;
#3283 = VECTOR ( 'NONE', #1801, 39.37007874015748143 ) ;
#3284 = DIRECTION ( 'NONE',  ( -1.000000000000000000, 1.734723475977064460E-15, 1.951563910474197493E-15 ) ) ;
#3285 = ORIENTED_EDGE ( 'NONE', *, *, #1321, .F. ) ;
#3286 = VECTOR ( 'NONE', #4159, 39.37007874015748143 ) ;
#3287 = PLANE ( 'NONE',  #132 ) ;
#3288 = DIRECTION ( 'NONE',  ( 0.1045284632676983655, 0.9945218953682685159, 1.827786029713617844E-16 ) ) ;
#3289 =( NAMED_UNIT ( * ) SI_UNIT ( $, .STERADIAN. ) SOLID_ANGLE_UNIT ( ) );
#3290 = DIRECTION ( 'NONE',  ( 1.644517855226008195E-15, 1.000000000000000000, 0.0000000000000000000 ) ) ;
#3291 = VERTEX_POINT ( 'NONE', #2670 ) ;
#3292 =( NAMED_UNIT ( * ) SI_UNIT ( $, .STERADIAN. ) SOLID_ANGLE_UNIT ( ) );
#3293 = LINE ( 'NONE', #3969, #1541 ) ;
#3294 = EDGE_CURVE ( 'NONE', #915, #2800, #284, .T. ) ;
#3295 = LINE ( 'NONE', #2298, #296 ) ;
#3296 = ORIENTED_EDGE ( 'NONE', *, *, #1400, .T. ) ;
#3297 = CARTESIAN_POINT ( 'NONE',  ( 0.4536010832257900693, 0.04500733388959449188, -0.07814324995940274965 ) ) ;
#3298 = FILL_AREA_STYLE_COLOUR ( '', #4287 ) ;
#3299 = DIRECTION ( 'NONE',  ( 2.272092236576761367E-12, -1.000000000000000000, 7.155165349104004500E-12 ) ) ;
#3300 =( GEOMETRIC_REPRESENTATION_CONTEXT ( 3 ) GLOBAL_UNCERTAINTY_ASSIGNED_CONTEXT ( ( #2347 ) ) GLOBAL_UNIT_ASSIGNED_CONTEXT ( ( #1144, #3807, #157 ) ) REPRESENTATION_CONTEXT ( 'NONE', 'WORKASPACE' ) );
#3301 =( NAMED_UNIT ( * ) SI_UNIT ( $, .STERADIAN. ) SOLID_ANGLE_UNIT ( ) );
#3302 = EDGE_CURVE ( 'NONE', #3250, #1825, #4316, .T. ) ;
#3303 = VERTEX_POINT ( 'NONE', #1232 ) ;
#3304 = VECTOR ( 'NONE', #1034, 39.37007874015748143 ) ;
#3305 = LINE ( 'NONE', #1573, #188 ) ;
#3306 = PLANE ( 'NONE',  #1033 ) ;
#3307 = EDGE_CURVE ( 'NONE', #1327, #2513, #1261, .T. ) ;
#3308 = DIRECTION ( 'NONE',  ( -1.000000000000000000, 1.644517855226007801E-15, -1.748601263784622143E-15 ) ) ;
#3309 = ORIENTED_EDGE ( 'NONE', *, *, #853, .F. ) ;
#3310 = FACE_OUTER_BOUND ( 'NONE', #3506, .T. ) ;
#3311 =( NAMED_UNIT ( * ) PLANE_ANGLE_UNIT ( ) SI_UNIT ( $, .RADIAN. ) );
#3312 = LINE ( 'NONE', #269, #315 ) ;
#3313 = EDGE_LOOP ( 'NONE', ( #4023, #1461, #4230, #30 ) ) ;
#3314 = LINE ( 'NONE', #3947, #1410 ) ;
#3315 = VECTOR ( 'NONE', #3481, 39.37007874015748143 ) ;
#3316 =( CONVERSION_BASED_UNIT ( 'INCH', #2295 ) LENGTH_UNIT ( ) NAMED_UNIT ( #2173 ) );
#3317 = DIRECTION ( 'NONE',  ( 0.0000000000000000000, 0.0000000000000000000, 1.000000000000000000 ) ) ;
#3318 =( LENGTH_UNIT ( ) NAMED_UNIT ( * ) SI_UNIT ( $, .METRE. ) );
#3319 = VECTOR ( 'NONE', #42, 39.37007874015748143 ) ;
#3320 = ORIENTED_EDGE ( 'NONE', *, *, #4138, .F. ) ;
#3321 = EDGE_CURVE ( 'NONE', #806, #334, #2964, .T. ) ;
#3322 = DIRECTION ( 'NONE',  ( 8.234490263801784106E-12, -1.353889066150678860E-26, -1.000000000000000000 ) ) ;
#3323 = LENGTH_MEASURE_WITH_UNIT ( LENGTH_MEASURE( 0.02539999999999999897 ), #2666 );
#3324 = FACE_OUTER_BOUND ( 'NONE', #2222, .T. ) ;
#3325 = UNCERTAINTY_MEASURE_WITH_UNIT (LENGTH_MEASURE( 1.000000000000000082E-05 ), #896, 'distance_accuracy_value', 'NONE');
#3326 = VERTEX_POINT ( 'NONE', #3628 ) ;
#3327 = VECTOR ( 'NONE', #2294, 39.37007874015748143 ) ;
#3328 = DIRECTION ( 'NONE',  ( 0.09052430460837394832, 0.8612812260087769900, 0.4999999999999884537 ) ) ;
#3329 = DIRECTION ( 'NONE',  ( 1.644517855226008195E-15, 1.000000000000000000, 2.890435660536364269E-30 ) ) ;
#3330 = ORIENTED_EDGE ( 'NONE', *, *, #2858, .F. ) ;
#3331 = ORIENTED_EDGE ( 'NONE', *, *, #1072, .T. ) ;
#3332 = EDGE_CURVE ( 'NONE', #1172, #4018, #1282, .T. ) ;
#3333 = CARTESIAN_POINT ( 'NONE',  ( 0.2014250033735597023, -0.02312123604650251352, -0.04773622072184430937 ) ) ;
#3334 =( LENGTH_UNIT ( ) NAMED_UNIT ( * ) SI_UNIT ( $, .METRE. ) );
#3335 = LINE ( 'NONE', #1712, #2805 ) ;
#3336 = ORIENTED_EDGE ( 'NONE', *, *, #2889, .T. ) ;
#3337 = UNCERTAINTY_MEASURE_WITH_UNIT (LENGTH_MEASURE( 1.000000000000000082E-05 ), #3475, 'distance_accuracy_value', 'NONE');
#3338 = FACE_OUTER_BOUND ( 'NONE', #460, .T. ) ;
#3339 = AXIS2_PLACEMENT_3D ( 'NONE', #2879, #1101, #4194 ) ;
#3340 = CLOSED_SHELL ( 'NONE', ( #120, #530, #2357, #2423, #2273, #667, #2959, #4094, #468, #478 ) ) ;
#3341 = ORIENTED_EDGE ( 'NONE', *, *, #2018, .F. ) ;
#3342 = AXIS2_PLACEMENT_3D ( 'NONE', #3018, #1669, #2638 ) ;
#3343 = DIRECTION ( 'NONE',  ( 0.9945218953682690710, 0.1045284632676950765, 8.189380864547705479E-12 ) ) ;
#3344 = CARTESIAN_POINT ( 'NONE',  ( 0.4561674782086246882, 0.03516481420455511153, -0.07785626009207995135 ) ) ;
#3345 = LINE ( 'NONE', #637, #1284 ) ;
#3346 = CARTESIAN_POINT ( 'NONE',  ( 0.4754786166451601126, 0.1217789874329369693, -0.1272637797765947820 ) ) ;
#3347 = EDGE_CURVE ( 'NONE', #3486, #2903, #2752, .T. ) ;
#3348 = EDGE_LOOP ( 'NONE', ( #2920, #469, #1486, #1737, #434 ) ) ;
#3349 = CARTESIAN_POINT ( 'NONE',  ( 0.3140612938105263319, 0.1021333181416026054, -0.03297244119349746622 ) ) ;
#3350 = DIRECTION ( 'NONE',  ( 0.9945218953682686269, -0.1045284632676983516, 1.739022243102431967E-15 ) ) ;
#3351 = EDGE_CURVE ( 'NONE', #1127, #21, #3305, .T. ) ;
#3352 = EDGE_CURVE ( 'NONE', #2280, #496, #220, .T. ) ;
#3353 = ORIENTED_EDGE ( 'NONE', *, *, #63, .T. ) ;
#3354 = ORIENTED_EDGE ( 'NONE', *, *, #2771, .T. ) ;
#3355 = VECTOR ( 'NONE', #1827, 39.37007874015748143 ) ;
#3356 =( CONVERSION_BASED_UNIT ( 'INCH', #1687 ) LENGTH_UNIT ( ) NAMED_UNIT ( #3150 ) );
#3357 = LINE ( 'NONE', #34, #3944 ) ;
#3358 = PLANE ( 'NONE',  #1224 ) ;
#3359 = PRESENTATION_LAYER_ASSIGNMENT (  '', '', ( #4110 ) ) ;
#3360 = ADVANCED_FACE ( 'NONE', ( #3934 ), #2984, .T. ) ;
#3361 = CARTESIAN_POINT ( 'NONE',  ( 0.4578091021353568602, -0.004205264535602351757, -0.1095942470915555050 ) ) ;
#3362 = DIRECTION ( 'NONE',  ( -1.000000000000000000, 0.0000000000000000000, 1.503638049432454012E-14 ) ) ;
#3363 = DIRECTION ( 'NONE',  ( -1.000000000000000000, 1.644517855226007801E-15, -8.234490263801784106E-12 ) ) ;
#3364 = EDGE_LOOP ( 'NONE', ( #3099, #2124, #3054, #3391 ) ) ;
#3365 = CARTESIAN_POINT ( 'NONE',  ( 0.4754786166451601126, 0.1217789874329369693, 0.01210629896398299730 ) ) ;
#3366 = PLANE ( 'NONE',  #3889 ) ;
#3367 = LINE ( 'NONE', #638, #2628 ) ;
#3368 = UNCERTAINTY_MEASURE_WITH_UNIT (LENGTH_MEASURE( 1.000000000000000082E-05 ), #1051, 'distance_accuracy_value', 'NONE');
#3369 = EDGE_LOOP ( 'NONE', ( #18, #3186, #1524, #1521 ) ) ;
#3370 = CARTESIAN_POINT ( 'NONE',  ( 0.4554196763416167859, 0.03516481420455512541, -0.03139570891121379326 ) ) ;
#3371 = DIRECTION ( 'NONE',  ( -1.748601263784622143E-15, 0.0000000000000000000, 1.000000000000000000 ) ) ;
#3372 = CARTESIAN_POINT ( 'NONE',  ( 0.3928014512908295508, 0.1020939480628583751, -0.03297244119349732744 ) ) ;
#3373 = AXIS2_PLACEMENT_3D ( 'NONE', #1910, #1595, #2579 ) ;
#3374 = ORIENTED_EDGE ( 'NONE', *, *, #3135, .T. ) ;
#3375 = ADVANCED_FACE ( 'NONE', ( #354 ), #3393, .T. ) ;
#3376 = FILL_AREA_STYLE ('',( #3432 ) ) ;
#3377 = VECTOR ( 'NONE', #1674, 39.37007874015748143 ) ;
#3378 = DIRECTION ( 'NONE',  ( 1.644517855226008195E-15, 1.000000000000000000, 2.890435660536364269E-30 ) ) ;
#3379 = CARTESIAN_POINT ( 'NONE',  ( 1.615919420253699533E-16, 0.1020939480628629131, 2.557639921168761610E-31 ) ) ;
#3380 = PLANE ( 'NONE',  #2582 ) ;
#3381 = CARTESIAN_POINT ( 'NONE',  ( 0.2490536793154355943, 0.003668751212429472927, -0.005563233721056699485 ) ) ;
#3382 =( GEOMETRIC_REPRESENTATION_CONTEXT ( 3 ) GLOBAL_UNCERTAINTY_ASSIGNED_CONTEXT ( ( #2721 ) ) GLOBAL_UNIT_ASSIGNED_CONTEXT ( ( #2515, #169, #3898 ) ) REPRESENTATION_CONTEXT ( 'NONE', 'WORKASPACE' ) );
#3383 = STYLED_ITEM ( 'NONE', ( #1054 ), #1777 ) ;
#3384 = ORIENTED_EDGE ( 'NONE', *, *, #398, .F. ) ;
#3385 = CIRCLE ( 'NONE', #2033, 0.007874015748027556397 ) ;
#3386 = COLOUR_RGB ( '',0.7607843137254901578, 0.7607843137254901578, 0.0000000000000000000 ) ;
#3387 =( LENGTH_UNIT ( ) NAMED_UNIT ( * ) SI_UNIT ( $, .METRE. ) );
#3388 =( NAMED_UNIT ( * ) PLANE_ANGLE_UNIT ( ) SI_UNIT ( $, .RADIAN. ) );
#3389 = DIRECTION ( 'NONE',  ( 1.000000000000000000, -1.582776894139425349E-15, -1.503638049432454012E-14 ) ) ;
#3390 = CIRCLE ( 'NONE', #1046, 0.007874015748031497688 ) ;
#3391 = ORIENTED_EDGE ( 'NONE', *, *, #855, .T. ) ;
#3392 = MECHANICAL_DESIGN_GEOMETRIC_PRESENTATION_REPRESENTATION (  '', ( #1618 ), #3183 ) ;
#3393 = CYLINDRICAL_SURFACE ( 'NONE', #3241, 0.005905511811027556318 ) ;
#3394 = DIRECTION ( 'NONE',  ( -9.092110181669310719E-13, -9.570555026740999025E-12, -1.000000000000000000 ) ) ;
#3395 = LINE ( 'NONE', #2394, #148 ) ;
#3396 = EDGE_LOOP ( 'NONE', ( #4075, #792, #2553, #375 ) ) ;
#3397 = SURFACE_STYLE_FILL_AREA ( #2038 ) ;
#3398 = DIRECTION ( 'NONE',  ( 1.000000000000000000, -1.582776894139425349E-15, 0.0000000000000000000 ) ) ;
#3399 = CARTESIAN_POINT ( 'NONE',  ( 0.2021550464030783256, -0.01818255847634996092, -0.04379921284782839486 ) ) ;
#3400 = LINE ( 'NONE', #3439, #4144 ) ;
#3401 = VERTEX_POINT ( 'NONE', #1703 ) ;
#3402 = EDGE_CURVE ( 'NONE', #1106, #15, #679, .T. ) ;
#3403 = EDGE_CURVE ( 'NONE', #3868, #2630, #2901, .T. ) ;
#3404 = ORIENTED_EDGE ( 'NONE', *, *, #254, .T. ) ;
#3405 = STYLED_ITEM ( 'NONE', ( #2756 ), #1037 ) ;
#3406 = FILL_AREA_STYLE ('',( #3664 ) ) ;
#3407 = SURFACE_SIDE_STYLE ('',( #2051 ) ) ;
#3408 = ADVANCED_FACE ( 'NONE', ( #1723 ), #370, .F. ) ;
#3409 = VERTEX_POINT ( 'NONE', #3712 ) ;
#3410 = CARTESIAN_POINT ( 'NONE',  ( 0.4920108682644404596, 0.02729079845652356354, -0.02726377977651272058 ) ) ;
#3411 = PLANE ( 'NONE',  #538 ) ;
#3412 = VERTEX_POINT ( 'NONE', #3069 ) ;
#3413 = SURFACE_SIDE_STYLE ('',( #9 ) ) ;
#3414 = DIRECTION ( 'NONE',  ( 1.000000000000000000, -1.644517855226007801E-15, 3.368510880617784864E-12 ) ) ;
#3415 = FACE_OUTER_BOUND ( 'NONE', #3229, .T. ) ;
#3416 = CIRCLE ( 'NONE', #1649, 0.007874015748031495954 ) ;
#3417 =( NAMED_UNIT ( * ) PLANE_ANGLE_UNIT ( ) SI_UNIT ( $, .RADIAN. ) );
#3418 = STYLED_ITEM ( 'NONE', ( #3480 ), #4240 ) ;
#3419 = ORIENTED_EDGE ( 'NONE', *, *, #3594, .F. ) ;
#3420 = ORIENTED_EDGE ( 'NONE', *, *, #4153, .T. ) ;
#3421 = LINE ( 'NONE', #1468, #3527 ) ;
#3422 = VECTOR ( 'NONE', #1870, 39.37007874015748143 ) ;
#3423 = EDGE_CURVE ( 'NONE', #613, #3571, #969, .T. ) ;
#3424 = LINE ( 'NONE', #733, #1937 ) ;
#3425 = CARTESIAN_POINT ( 'NONE',  ( 0.2514430687598451231, 0.03516481420455545848, -0.03139570891042674922 ) ) ;
#3426 = VERTEX_POINT ( 'NONE', #4360 ) ;
#3427 = DIRECTION ( 'NONE',  ( -2.073140270563762466E-12, 1.000000000000000000, -6.707523425575003250E-12 ) ) ;
#3428 = SURFACE_STYLE_USAGE ( .BOTH. , #1788 ) ;
#3429 = ADVANCED_FACE ( 'NONE', ( #1369 ), #2697, .F. ) ;
#3430 =( NAMED_UNIT ( * ) SI_UNIT ( $, .STERADIAN. ) SOLID_ANGLE_UNIT ( ) );
#3431 = ORIENTED_EDGE ( 'NONE', *, *, #844, .F. ) ;
#3432 = FILL_AREA_STYLE_COLOUR ( '', #1264 ) ;
#3433 = CARTESIAN_POINT ( 'NONE',  ( 0.2461244040472859718, 0.03516481420455546542, 0.01210629896319520213 ) ) ;
#3434 = ADVANCED_FACE ( 'NONE', ( #2351 ), #4025, .T. ) ;
#3435 = DIRECTION ( 'NONE',  ( -1.000000000000000000, 1.644517855226007801E-15, -1.778650910268784726E-12 ) ) ;
#3436 = VECTOR ( 'NONE', #3308, 39.37007874015748143 ) ;
#3437 = CIRCLE ( 'NONE', #3577, 0.007874015748031490750 ) ;
#3438 = FACE_OUTER_BOUND ( 'NONE', #1132, .T. ) ;
#3439 = CARTESIAN_POINT ( 'NONE',  ( 0.2021550464030783256, -0.01818255847634996092, -0.04379921284782839486 ) ) ;
#3440 = LINE ( 'NONE', #4072, #554 ) ;
#3441 = ORIENTED_EDGE ( 'NONE', *, *, #183, .F. ) ;
#3442 = CARTESIAN_POINT ( 'NONE',  ( 0.1933643507908065773, -0.007659296307097984528, -0.02726377977696231580 ) ) ;
#3443 = CARTESIAN_POINT ( 'NONE',  ( 0.4578091021359867452, 0.003668751212429131620, -0.005563233721056288356 ) ) ;
#3444 = AXIS2_PLACEMENT_3D ( 'NONE', #19, #332, #970 ) ;
#3445 = LINE ( 'NONE', #1761, #2088 ) ;
#3446 = AXIS2_PLACEMENT_3D ( 'NONE', #2636, #3921, #4282 ) ;
#3447 = DIMENSIONAL_EXPONENTS ( 1.000000000000000000, 0.0000000000000000000, 0.0000000000000000000, 0.0000000000000000000, 0.0000000000000000000, 0.0000000000000000000, 0.0000000000000000000 ) ;
#3448 = ORIENTED_EDGE ( 'NONE', *, *, #1563, .F. ) ;
#3449 = VECTOR ( 'NONE', #2921, 39.37007874015748143 ) ;
#3450 = CARTESIAN_POINT ( 'NONE',  ( 0.3142156862761680269, 0.1217789874329372468, 0.01210629896398272669 ) ) ;
#3451 = EDGE_CURVE ( 'NONE', #1307, #4248, #2713, .T. ) ;
#3452 = ORIENTED_EDGE ( 'NONE', *, *, #3451, .F. ) ;
#3453 = ADVANCED_FACE ( 'NONE', ( #4000 ), #701, .F. ) ;
#3454 = PRESENTATION_LAYER_ASSIGNMENT (  '', '', ( #1183 ) ) ;
#3455 = VECTOR ( 'NONE', #4178, 39.37007874015748854 ) ;
#3456 = DIRECTION ( 'NONE',  ( 1.000000000000000000, -1.734723475977064460E-15, -1.734723475977064460E-15 ) ) ;
#3457 = CARTESIAN_POINT ( 'NONE',  ( 0.1843617094242555321, -0.02585880784268852761, -0.06742126009192295211 ) ) ;
#3458 = EDGE_LOOP ( 'NONE', ( #2851, #677, #903, #4086 ) ) ;
#3459 = DIRECTION ( 'NONE',  ( -1.000000000000000000, 1.644517855226007801E-15, -1.748601263784622143E-15 ) ) ;
#3460 = EDGE_CURVE ( 'NONE', #858, #2899, #1011, .T. ) ;
#3461 = AXIS2_PLACEMENT_3D ( 'NONE', #2793, #4112, #72 ) ;
#3462 = DIRECTION ( 'NONE',  ( 1.644517855226008195E-15, 1.000000000000000000, 2.890435660536364269E-30 ) ) ;
#3463 = DIRECTION ( 'NONE',  ( -2.633310236532794139E-11, 0.0000000000000000000, -1.000000000000000000 ) ) ;
#3464 = DIRECTION ( 'NONE',  ( 0.05226423162670060241, -0.4972609476841257092, 0.8660254037848750253 ) ) ;
#3465 = LINE ( 'NONE', #1700, #1554 ) ;
#3466 = VERTEX_POINT ( 'NONE', #1028 ) ;
#3467 = CARTESIAN_POINT ( 'NONE',  ( 0.2372226159751995300, 0.03516481420455547929, -0.08789370103625360198 ) ) ;
#3468 = DIRECTION ( 'NONE',  ( 0.9578264256925002051, -0.2873474173281004851, 1.626303258728250340E-15 ) ) ;
#3469 = FACE_OUTER_BOUND ( 'NONE', #3987, .T. ) ;
#3470 = EDGE_LOOP ( 'NONE', ( #3852, #1160, #3686, #480 ) ) ;
#3471 = PRESENTATION_STYLE_ASSIGNMENT (( #2458 ) ) ;
#3472 = CARTESIAN_POINT ( 'NONE',  ( 0.2453562723633097020, 0.03516481420455546542, -0.03391963584349765720 ) ) ;
#3473 = SURFACE_STYLE_FILL_AREA ( #827 ) ;
#3474 = ORIENTED_EDGE ( 'NONE', *, *, #3502, .F. ) ;
#3475 =( CONVERSION_BASED_UNIT ( 'INCH', #1768 ) LENGTH_UNIT ( ) NAMED_UNIT ( #479 ) );
#3476 = CARTESIAN_POINT ( 'NONE',  ( 0.2443412753455931341, 0.03516481420455546542, -0.03177255961436381559 ) ) ;
#3477 = ADVANCED_FACE ( 'NONE', ( #2391 ), #1743, .T. ) ;
#3478 = EDGE_LOOP ( 'NONE', ( #617, #3320, #3647, #1602, #2725, #1437 ) ) ;
#3479 = ORIENTED_EDGE ( 'NONE', *, *, #70, .F. ) ;
#3480 = PRESENTATION_STYLE_ASSIGNMENT (( #2126 ) ) ;
#3481 = DIRECTION ( 'NONE',  ( 0.9945218953682689600, 0.1045284632676950626, 8.189380864547705479E-12 ) ) ;
#3482 = EDGE_CURVE ( 'NONE', #1799, #2950, #3673, .T. ) ;
#3483 = PLANE ( 'NONE',  #3985 ) ;
#3484 = EDGE_CURVE ( 'NONE', #496, #99, #1257, .T. ) ;
#3485 = ORIENTED_EDGE ( 'NONE', *, *, #1746, .T. ) ;
#3486 = VERTEX_POINT ( 'NONE', #719 ) ;
#3487 =( GEOMETRIC_REPRESENTATION_CONTEXT ( 3 ) GLOBAL_UNCERTAINTY_ASSIGNED_CONTEXT ( ( #1339 ) ) GLOBAL_UNIT_ASSIGNED_CONTEXT ( ( #842, #540, #3968 ) ) REPRESENTATION_CONTEXT ( 'NONE', 'WORKASPACE' ) );
#3488 = SURFACE_SIDE_STYLE ('',( #818 ) ) ;
#3489 = LENGTH_MEASURE_WITH_UNIT ( LENGTH_MEASURE( 0.02539999999999999897 ), #4143 );
#3490 = EDGE_CURVE ( 'NONE', #2507, #817, #1994, .T. ) ;
#3491 = ORIENTED_EDGE ( 'NONE', *, *, #2117, .F. ) ;
#3492 = LINE ( 'NONE', #1764, #341 ) ;
#3493 = FILL_AREA_STYLE ('',( #3127 ) ) ;
#3494 =( LENGTH_UNIT ( ) NAMED_UNIT ( * ) SI_UNIT ( $, .METRE. ) );
#3495 = ORIENTED_EDGE ( 'NONE', *, *, #322, .T. ) ;
#3496 = DIRECTION ( 'NONE',  ( 4.196190604145846758E-13, -6.871954312449809553E-28, -1.000000000000000000 ) ) ;
#3497 =( NAMED_UNIT ( * ) PLANE_ANGLE_UNIT ( ) SI_UNIT ( $, .RADIAN. ) );
#3498 = ORIENTED_EDGE ( 'NONE', *, *, #3502, .T. ) ;
#3499 = DIRECTION ( 'NONE',  ( 0.4273849608879177753, -7.028421992352470748E-16, -0.9040697402340335254 ) ) ;
#3500 = UNCERTAINTY_MEASURE_WITH_UNIT (LENGTH_MEASURE( 1.000000000000000082E-05 ), #2402, 'distance_accuracy_value', 'NONE');
#3501 = ORIENTED_EDGE ( 'NONE', *, *, #3332, .F. ) ;
#3502 = EDGE_CURVE ( 'NONE', #1463, #2633, #79, .T. ) ;
#3503 = PLANE ( 'NONE',  #1906 ) ;
#3504 = CARTESIAN_POINT ( 'NONE',  ( 0.4920108682649397824, 0.03516481420455506990, -0.08789370103635522902 ) ) ;
#3505 = SURFACE_SIDE_STYLE ('',( #1518 ) ) ;
#3506 = EDGE_LOOP ( 'NONE', ( #2306, #1191, #4055, #1580 ) ) ;
#3507 = AXIS2_PLACEMENT_3D ( 'NONE', #2965, #3650, #4361 ) ;
#3508 = ORIENTED_EDGE ( 'NONE', *, *, #4068, .F. ) ;
#3509 = CARTESIAN_POINT ( 'NONE',  ( 0.2070209957706377335, 0.02811385722240985000, -0.02726377977696231580 ) ) ;
#3510 = CARTESIAN_POINT ( 'NONE',  ( 0.2443412753461443876, 0.04500733388959483189, -0.03177255961593866002 ) ) ;
#3511 = DIRECTION ( 'NONE',  ( 0.1045284632676983655, 0.9945218953682685159, 1.827786029713617844E-16 ) ) ;
#3512 = ORIENTED_EDGE ( 'NONE', *, *, #1887, .T. ) ;
#3513 = EDGE_CURVE ( 'NONE', #2425, #1997, #2185, .T. ) ;
#3514 = CARTESIAN_POINT ( 'NONE',  ( 0.5047076986982562685, -0.01818255847635045705, -0.07135826796538452532 ) ) ;
#3515 = FACE_OUTER_BOUND ( 'NONE', #520, .T. ) ;
#3516 = CIRCLE ( 'NONE', #1249, 0.005905511811023618496 ) ;
#3517 =( NAMED_UNIT ( * ) PLANE_ANGLE_UNIT ( ) SI_UNIT ( $, .RADIAN. ) );
#3518 = STYLED_ITEM ( 'NONE', ( #3219 ), #1569 ) ;
#3519 = STYLED_ITEM ( 'NONE', ( #4126 ), #3188 ) ;
#3520 = ORIENTED_EDGE ( 'NONE', *, *, #4028, .T. ) ;
#3521 = CARTESIAN_POINT ( 'NONE',  ( 0.3928014512908295508, 0.1020939480628622886, -0.07915354355589927782 ) ) ;
#3522 = CARTESIAN_POINT ( 'NONE',  ( 0.2461244040472866657, -0.004205264535602010016, -0.4075787404069424746 ) ) ;
#3523 = ORIENTED_EDGE ( 'NONE', *, *, #3720, .T. ) ;
#3524 = AXIS2_PLACEMENT_3D ( 'NONE', #378, #1036, #2377 ) ;
#3525 = ORIENTED_EDGE ( 'NONE', *, *, #322, .F. ) ;
#3526 = DIRECTION ( 'NONE',  ( 1.644517855226008195E-15, 1.000000000000000000, 2.890435660536364269E-30 ) ) ;
#3527 = VECTOR ( 'NONE', #2840, 39.37007874015748854 ) ;
#3528 = CARTESIAN_POINT ( 'NONE',  ( 0.5146701546111727144, -0.01880785086056308703, -0.06934404710451520792 ) ) ;
#3529 = CARTESIAN_POINT ( 'NONE',  ( 0.2924077505034280433, 0.1060309559368545901, -0.08238189001259203781 ) ) ;
#3530 = ORIENTED_EDGE ( 'NONE', *, *, #1294, .T. ) ;
#3531 = ORIENTED_EDGE ( 'NONE', *, *, #3036, .F. ) ;
#3532 = FACE_OUTER_BOUND ( 'NONE', #1550, .T. ) ;
#3533 = LINE ( 'NONE', #2919, #1110 ) ;
#3534 = EDGE_CURVE ( 'NONE', #3868, #3937, #1433, .T. ) ;
#3535 = DIRECTION ( 'NONE',  ( -5.450240952997729302E-10, 0.0000000000000000000, -1.000000000000000000 ) ) ;
#3536 = EDGE_CURVE ( 'NONE', #3187, #3735, #3492, .T. ) ;
#3537 = DIMENSIONAL_EXPONENTS ( 1.000000000000000000, 0.0000000000000000000, 0.0000000000000000000, 0.0000000000000000000, 0.0000000000000000000, 0.0000000000000000000, 0.0000000000000000000 ) ;
#3538 = ORIENTED_EDGE ( 'NONE', *, *, #1726, .T. ) ;
#3539 = DIRECTION ( 'NONE',  ( -0.9040697402711028730, 1.486758830245369207E-15, -0.4273849608095032782 ) ) ;
#3540 =( NAMED_UNIT ( * ) SI_UNIT ( $, .STERADIAN. ) SOLID_ANGLE_UNIT ( ) );
#3541 = DIRECTION ( 'NONE',  ( -0.9945218953682686269, 0.1045284632676983516, -1.739022243102431967E-15 ) ) ;
#3542 = EDGE_CURVE ( 'NONE', #365, #1327, #2835, .T. ) ;
#3543 =( CONVERSION_BASED_UNIT ( 'INCH', #2552 ) LENGTH_UNIT ( ) NAMED_UNIT ( #2204 ) );
#3544 = EDGE_CURVE ( 'NONE', #4036, #3291, #1929, .T. ) ;
#3545 = ORIENTED_EDGE ( 'NONE', *, *, #584, .F. ) ;
#3546 =( NAMED_UNIT ( * ) SI_UNIT ( $, .STERADIAN. ) SOLID_ANGLE_UNIT ( ) );
#3547 = CARTESIAN_POINT ( 'NONE',  ( 0.2077620812121374894, 0.04500733388959489434, -0.08789370103680482771 ) ) ;
#3548 = ORIENTED_EDGE ( 'NONE', *, *, #2321, .T. ) ;
#3549 =( GEOMETRIC_REPRESENTATION_CONTEXT ( 3 ) GLOBAL_UNCERTAINTY_ASSIGNED_CONTEXT ( ( #4059 ) ) GLOBAL_UNIT_ASSIGNED_CONTEXT ( ( #3667, #965, #4039 ) ) REPRESENTATION_CONTEXT ( 'NONE', 'WORKASPACE' ) );
#3550 = CIRCLE ( 'NONE', #2998, 0.007874015748031499423 ) ;
#3551 = DIRECTION ( 'NONE',  ( -1.712519015484303964E-10, -1.000000000000000000, 0.0000000000000000000 ) ) ;
#3552 = FACE_OUTER_BOUND ( 'NONE', #1149, .T. ) ;
#3553 = DIRECTION ( 'NONE',  ( -0.6691306063588781106, 0.7431448254773763695, -1.084202172485503842E-15 ) ) ;
#3554 = LINE ( 'NONE', #4206, #1872 ) ;
#3555 = ORIENTED_EDGE ( 'NONE', *, *, #3939, .T. ) ;
#3556 = VERTEX_POINT ( 'NONE', #1483 ) ;
#3557 = CARTESIAN_POINT ( 'NONE',  ( 0.2313841284562201672, 0.04240669873959744540, 0.01210629896319397221 ) ) ;
#3558 = ORIENTED_EDGE ( 'NONE', *, *, #2076, .T. ) ;
#3559 = VECTOR ( 'NONE', #1922, 39.37007874015748143 ) ;
#3560 = ADVANCED_FACE ( 'NONE', ( #3194 ), #824, .F. ) ;
#3561 =( LENGTH_UNIT ( ) NAMED_UNIT ( * ) SI_UNIT ( $, .METRE. ) );
#3562 = ORIENTED_EDGE ( 'NONE', *, *, #4198, .F. ) ;
#3563 = DIMENSIONAL_EXPONENTS ( 1.000000000000000000, 0.0000000000000000000, 0.0000000000000000000, 0.0000000000000000000, 0.0000000000000000000, 0.0000000000000000000, 0.0000000000000000000 ) ;
#3564 = CARTESIAN_POINT ( 'NONE',  ( 0.2924077505034280433, 0.1060309559368545901, -0.08238189001259203781 ) ) ;
#3565 = AXIS2_PLACEMENT_3D ( 'NONE', #934, #4345, #3943 ) ;
#3566 = DIRECTION ( 'NONE',  ( 0.1045284632676983655, 0.9945218953682685159, 1.827786029713617844E-16 ) ) ;
#3567 = ORIENTED_EDGE ( 'NONE', *, *, #2396, .T. ) ;
#3568 = DIRECTION ( 'NONE',  ( -1.644517855226008195E-15, -1.000000000000000000, -2.890435660536364269E-30 ) ) ;
#3569 = DIRECTION ( 'NONE',  ( -1.644517855226008195E-15, -1.000000000000000000, -2.890435660536364269E-30 ) ) ;
#3570 = CARTESIAN_POINT ( 'NONE',  ( 0.1933643507908066883, -0.007659296307097984528, -0.08789370103680482771 ) ) ;
#3571 = VERTEX_POINT ( 'NONE', #2496 ) ;
#3572 = VERTEX_POINT ( 'NONE', #1157 ) ;
#3573 = DIRECTION ( 'NONE',  ( -1.000000000000000000, -3.408447766453399072E-14, -1.748601263784622143E-15 ) ) ;
#3574 = DIRECTION ( 'NONE',  ( 4.215779961798154935E-13, -6.961681480880728311E-28, 1.000000000000000000 ) ) ;
#3575 = CIRCLE ( 'NONE', #394, 0.007874015748031489015 ) ;
#3576 = ORIENTED_EDGE ( 'NONE', *, *, #3874, .F. ) ;
#3577 = AXIS2_PLACEMENT_3D ( 'NONE', #3170, #3579, #4264 ) ;
#3578 = DIRECTION ( 'NONE',  ( 0.05226423164096304086, -0.4972609476841247100, -0.8660254037840147134 ) ) ;
#3579 = DIRECTION ( 'NONE',  ( -0.2761728431768883940, 0.9205744918961651369, 0.2761723475688889207 ) ) ;
#3580 = ORIENTED_EDGE ( 'NONE', *, *, #2956, .F. ) ;
#3581 = DIRECTION ( 'NONE',  ( 6.044810485495209289E-12, 1.000000000000000000, 1.023181539495001156E-11 ) ) ;
#3582 = FACE_OUTER_BOUND ( 'NONE', #772, .T. ) ;
#3583 = AXIS2_PLACEMENT_3D ( 'NONE', #3443, #75, #3468 ) ;
#3584 = AXIS2_PLACEMENT_3D ( 'NONE', #3106, #392, #3085 ) ;
#3585 = EDGE_CURVE ( 'NONE', #99, #1729, #2156, .T. ) ;
#3586 = CARTESIAN_POINT ( 'NONE',  ( 0.3496518449916169446, 0.1021333181416025221, -0.03600393725668660921 ) ) ;
#3587 = ADVANCED_FACE ( 'NONE', ( #2876 ), #502, .F. ) ;
#3588 = ORIENTED_EDGE ( 'NONE', *, *, #2548, .F. ) ;
#3589 = CIRCLE ( 'NONE', #2533, 0.007874015748031516770 ) ;
#3590 = DIRECTION ( 'NONE',  ( -1.000000000000000000, 1.644517855226007801E-15, -1.748601263784621748E-15 ) ) ;
#3591 = CARTESIAN_POINT ( 'NONE',  ( 0.4679366774458565970, 0.03516481420506866601, -0.1272637797758073841 ) ) ;
#3592 = DIRECTION ( 'NONE',  ( 0.3079484342924089790, -7.228014483236700500E-16, -0.9514030490895296621 ) ) ;
#3593 = ORIENTED_EDGE ( 'NONE', *, *, #716, .F. ) ;
#3594 = EDGE_CURVE ( 'NONE', #1824, #1745, #1904, .T. ) ;
#3595 = PRESENTATION_LAYER_ASSIGNMENT (  '', '', ( #53 ) ) ;
#3596 = FACE_OUTER_BOUND ( 'NONE', #941, .T. ) ;
#3597 = LINE ( 'NONE', #2320, #1683 ) ;
#3598 = VERTEX_POINT ( 'NONE', #2549 ) ;
#3599 = ORIENTED_EDGE ( 'NONE', *, *, #3223, .F. ) ;
#3600 = CARTESIAN_POINT ( 'NONE',  ( 0.3928014512908296063, 0.1021333181416024527, -0.03297244119349760499 ) ) ;
#3601 =( NAMED_UNIT ( * ) PLANE_ANGLE_UNIT ( ) SI_UNIT ( $, .RADIAN. ) );
#3602 = COLOUR_RGB ( '',0.7607843137254901578, 0.7607843137254901578, 0.0000000000000000000 ) ;
#3603 = EDGE_LOOP ( 'NONE', ( #1933, #171, #4200, #2227 ) ) ;
#3604 = SURFACE_STYLE_USAGE ( .BOTH. , #3956 ) ;
#3605 = VERTEX_POINT ( 'NONE', #1570 ) ;
#3606 =( NAMED_UNIT ( * ) SI_UNIT ( $, .STERADIAN. ) SOLID_ANGLE_UNIT ( ) );
#3607 = FACE_OUTER_BOUND ( 'NONE', #3019, .T. ) ;
#3608 = DIRECTION ( 'NONE',  ( 8.234490263801784106E-12, -1.353889066150678860E-26, -1.000000000000000000 ) ) ;
#3609 = ORIENTED_EDGE ( 'NONE', *, *, #443, .T. ) ;
#3610 = AXIS2_PLACEMENT_3D ( 'NONE', #3739, #395, #2699 ) ;
#3611 = EDGE_CURVE ( 'NONE', #1307, #409, #2255, .T. ) ;
#3612 = DIRECTION ( 'NONE',  ( 0.05226423164096315188, -0.4972609476841257092, -0.8660254037840142693 ) ) ;
#3613 = PLANE ( 'NONE',  #1939 ) ;
#3614 = FILL_AREA_STYLE ('',( #558 ) ) ;
#3615 = CARTESIAN_POINT ( 'NONE',  ( 0.4754786166455537422, 0.03516481420522438173, -0.02726377977696183702 ) ) ;
#3616 = ORIENTED_EDGE ( 'NONE', *, *, #70, .T. ) ;
#3617 = EDGE_CURVE ( 'NONE', #3605, #1715, #4298, .T. ) ;
#3618 = CARTESIAN_POINT ( 'NONE',  ( 0.4754786166452190099, 0.04240671319253163513, -0.1272637797758073841 ) ) ;
#3619 = LINE ( 'NONE', #1923, #1608 ) ;
#3620 = B_SPLINE_CURVE_WITH_KNOTS ( 'NONE', 3,
 ( #221, #2161, #1233, #4337, #2012, #3980, #599, #1616, #1682, #2032, #4045, #1975, #310 ),
 .UNSPECIFIED., .F., .F.,
 ( 4, 3, 3, 3, 4 ),
 ( -1.878211220322463444E-06, -2.117582368135750848E-22, 5.232092011448422487E-05, 0.0001048841986582702208, 0.0001536880156048162365 ),
 .UNSPECIFIED. ) ;
#3621 = ORIENTED_EDGE ( 'NONE', *, *, #4320, .F. ) ;
#3622 = ORIENTED_EDGE ( 'NONE', *, *, #2795, .F. ) ;
#3623 = CARTESIAN_POINT ( 'NONE',  ( 0.4754786166452386609, 0.03516481427301545309, 0.006644639984626414184 ) ) ;
#3624 = CARTESIAN_POINT ( 'NONE',  ( 0.2313841284561837519, 0.1020939480628586249, -0.1272637797765943657 ) ) ;
#3625 = PRESENTATION_STYLE_ASSIGNMENT (( #1989 ) ) ;
#3626 = DIRECTION ( 'NONE',  ( 1.000000000000000000, 5.419062250743739597E-13, -3.925417528682153637E-13 ) ) ;
#3627 = VERTEX_POINT ( 'NONE', #3600 ) ;
#3628 = CARTESIAN_POINT ( 'NONE',  ( 0.3140612938105263874, 0.1020939480628585000, -0.08218503961889132847 ) ) ;
#3629 = CARTESIAN_POINT ( 'NONE',  ( 0.2313841284562319633, 0.03516481420455548623, -0.08789370103680475832 ) ) ;
#3630 = VECTOR ( 'NONE', #3882, 39.37007874015748143 ) ;
#3631 = PLANE ( 'NONE',  #1529 ) ;
#3632 = EDGE_LOOP ( 'NONE', ( #3264, #1767, #1679, #4220 ) ) ;
#3633 = CIRCLE ( 'NONE', #1864, 0.005905511811027562390 ) ;
#3634 = CARTESIAN_POINT ( 'NONE',  ( 0.2490536793147662964, -0.004205264535602010016, -0.1095942470915550748 ) ) ;
#3635 = DIRECTION ( 'NONE',  ( 0.0000000000000000000, 1.000000000000000000, 0.0000000000000000000 ) ) ;
#3636 = CARTESIAN_POINT ( 'NONE',  ( 0.3142156862761680269, 0.1217789874329372468, 0.002302377395085121285 ) ) ;
#3637 = ORIENTED_EDGE ( 'NONE', *, *, #2100, .F. ) ;
#3638 = DIRECTION ( 'NONE',  ( 2.263719875351747549E-12, -2.261913600165000621E-11, -1.000000000000000000 ) ) ;
#3639 = FACE_OUTER_BOUND ( 'NONE', #4170, .T. ) ;
#3640 = ORIENTED_EDGE ( 'NONE', *, *, #1197, .F. ) ;
#3641 = DIRECTION ( 'NONE',  ( -0.3079484342681049203, 7.228014483236687681E-16, 0.9514030490973962584 ) ) ;
#3642 = LENGTH_MEASURE_WITH_UNIT ( LENGTH_MEASURE( 0.02539999999999999897 ), #4038 );
#3643 =( GEOMETRIC_REPRESENTATION_CONTEXT ( 3 ) GLOBAL_UNCERTAINTY_ASSIGNED_CONTEXT ( ( #3368 ) ) GLOBAL_UNIT_ASSIGNED_CONTEXT ( ( #1051, #1363, #4058 ) ) REPRESENTATION_CONTEXT ( 'NONE', 'WORKASPACE' ) );
#3644 =( GEOMETRIC_REPRESENTATION_CONTEXT ( 3 ) GLOBAL_UNCERTAINTY_ASSIGNED_CONTEXT ( ( #1992 ) ) GLOBAL_UNIT_ASSIGNED_CONTEXT ( ( #2703, #2359, #3221 ) ) REPRESENTATION_CONTEXT ( 'NONE', 'WORKASPACE' ) );
#3645 = CARTESIAN_POINT ( 'NONE',  ( 0.5037097929778026062, -0.008688119764421345023, -0.02726377977641642608 ) ) ;
#3646 = EDGE_CURVE ( 'NONE', #397, #1476, #1546, .T. ) ;
#3647 = ORIENTED_EDGE ( 'NONE', *, *, #2213, .F. ) ;
#3648 = COLOUR_RGB ( '',0.7607843137254901578, 0.7607843137254901578, 0.0000000000000000000 ) ;
#3649 = CARTESIAN_POINT ( 'NONE',  ( 0.3926470588251994576, 0.1217789874329371080, 0.01210629896398286200 ) ) ;
#3650 = DIRECTION ( 'NONE',  ( 1.644517855226008195E-15, 1.000000000000000000, 2.890435660536364269E-30 ) ) ;
#3651 = DIRECTION ( 'NONE',  ( -0.05226423163383502740, -0.4972609476841255427, 0.8660254037844445918 ) ) ;
#3652 = ORIENTED_EDGE ( 'NONE', *, *, #3846, .T. ) ;
#3653 = ORIENTED_EDGE ( 'NONE', *, *, #3848, .F. ) ;
#3654 = CARTESIAN_POINT ( 'NONE',  ( 0.2313841284561852230, 0.1217789874329373717, -0.8272637797762142364 ) ) ;
#3655 = DIRECTION ( 'NONE',  ( -0.2761719287273032286, -0.9205747435843071313, -0.2761724230580027695 ) ) ;
#3656 = ORIENTED_EDGE ( 'NONE', *, *, #3490, .T. ) ;
#3657 = AXIS2_PLACEMENT_3D ( 'NONE', #437, #2464, #1104 ) ;
#3658 = LINE ( 'NONE', #2994, #3809 ) ;
#3659 = FACE_OUTER_BOUND ( 'NONE', #998, .T. ) ;
#3660 = DIRECTION ( 'NONE',  ( -1.000000000000000000, 1.734723475977064460E-15, 1.503638049432454012E-14 ) ) ;
#3661 = VECTOR ( 'NONE', #2644, 39.37007874015748143 ) ;
#3662 = ORIENTED_EDGE ( 'NONE', *, *, #4153, .F. ) ;
#3663 = EDGE_CURVE ( 'NONE', #2978, #3068, #2228, .T. ) ;
#3664 = FILL_AREA_STYLE_COLOUR ( '', #1435 ) ;
#3665 = FACE_OUTER_BOUND ( 'NONE', #1281, .T. ) ;
#3666 = EDGE_CURVE ( 'NONE', #1607, #3426, #1204, .T. ) ;
#3667 =( CONVERSION_BASED_UNIT ( 'INCH', #3001 ) LENGTH_UNIT ( ) NAMED_UNIT ( #3447 ) );
#3668 = AXIS2_PLACEMENT_3D ( 'NONE', #2286, #1641, #1598 ) ;
#3669 = FACE_OUTER_BOUND ( 'NONE', #2596, .T. ) ;
#3670 = UNCERTAINTY_MEASURE_WITH_UNIT (LENGTH_MEASURE( 1.000000000000000082E-05 ), #4251, 'distance_accuracy_value', 'NONE');
#3671 = ORIENTED_EDGE ( 'NONE', *, *, #2018, .T. ) ;
#3672 = AXIS2_PLACEMENT_3D ( 'NONE', #2635, #3967, #1958 ) ;
#3673 = LINE ( 'NONE', #640, #4010 ) ;
#3674 = CARTESIAN_POINT ( 'NONE',  ( 0.4754786166455537422, 0.03516481420522438173, -0.02726377977696183702 ) ) ;
#3675 = EDGE_CURVE ( 'NONE', #3841, #3209, #793, .T. ) ;
#3676 = EDGE_CURVE ( 'NONE', #3401, #4183, #2574, .T. ) ;
#3677 = CARTESIAN_POINT ( 'NONE',  ( 0.4615064727372467090, 0.04500733388959447800, -0.03391963584625313360 ) ) ;
#3678 = EDGE_LOOP ( 'NONE', ( #1804, #1360, #2317, #2880, #3697, #2857 ) ) ;
#3679 = ORIENTED_EDGE ( 'NONE', *, *, #3544, .F. ) ;
#3680 = LINE ( 'NONE', #291, #2622 ) ;
#3681 = CARTESIAN_POINT ( 'NONE',  ( 0.4696401291285066115, 0.03516481420455509765, -0.08001968528857600349 ) ) ;
#3682 = DIRECTION ( 'NONE',  ( -1.734723475977064066E-15, 6.123233995737051998E-17, -1.000000000000000000 ) ) ;
#3683 = CARTESIAN_POINT ( 'NONE',  ( 0.2389260676734684674, 0.03516481420629898741, 0.01210629896319520213 ) ) ;
#3684 = DIRECTION ( 'NONE',  ( -2.837565599156477682E-11, 1.000000000000000000, -4.961769309790727612E-26 ) ) ;
#3685 = CARTESIAN_POINT ( 'NONE',  ( 0.4920108682649397824, 0.04500733388959443637, -0.08789370103635522902 ) ) ;
#3686 = ORIENTED_EDGE ( 'NONE', *, *, #1772, .F. ) ;
#3687 = AXIS2_PLACEMENT_3D ( 'NONE', #2936, #1179, #3511 ) ;
#3688 = DIRECTION ( 'NONE',  ( 0.0000000000000000000, -1.000000000000000000, 0.0000000000000000000 ) ) ;
#3689 = DIRECTION ( 'NONE',  ( 8.234490263801784106E-12, -1.353889066150678573E-26, -1.000000000000000000 ) ) ;
#3690 = FACE_OUTER_BOUND ( 'NONE', #3162, .T. ) ;
#3691 = EDGE_CURVE ( 'NONE', #1651, #981, #4311, .T. ) ;
#3692 = ORIENTED_EDGE ( 'NONE', *, *, #3513, .T. ) ;
#3693 = EDGE_CURVE ( 'NONE', #2899, #812, #878, .T. ) ;
#3694 = DIRECTION ( 'NONE',  ( 0.9945218953682690710, 0.1045284632676950765, 8.189380864547705479E-12 ) ) ;
#3695 = DIRECTION ( 'NONE',  ( 1.644517855226008195E-15, 1.000000000000000000, -2.890435660536364269E-30 ) ) ;
#3696 = FACE_OUTER_BOUND ( 'NONE', #1196, .T. ) ;
#3697 = ORIENTED_EDGE ( 'NONE', *, *, #621, .T. ) ;
#3698 = AXIS2_PLACEMENT_3D ( 'NONE', #1276, #4241, #3641 ) ;
#3699 = DIRECTION ( 'NONE',  ( -0.09052430460834029469, -0.8612812260087804317, 0.4999999999999886202 ) ) ;
#3700 = SURFACE_SIDE_STYLE ('',( #4366 ) ) ;
#3701 = EDGE_CURVE ( 'NONE', #1022, #3937, #2897, .T. ) ;
#3702 = CARTESIAN_POINT ( 'NONE',  ( 0.2368457864954272019, 0.03516481423631399178, 0.01210629896319521080 ) ) ;
#3703 = PLANE ( 'NONE',  #687 ) ;
#3704 = ORIENTED_EDGE ( 'NONE', *, *, #3240, .F. ) ;
#3705 = EDGE_LOOP ( 'NONE', ( #8, #577, #131, #3255, #1963, #1090, #1071, #1218 ) ) ;
#3706 = CARTESIAN_POINT ( 'NONE',  ( 0.2014422566030113770, -0.02496430041343658535, -0.07529527583995439255 ) ) ;
#3707 = FILL_AREA_STYLE_COLOUR ( '', #619 ) ;
#3708 =( CONVERSION_BASED_UNIT ( 'INCH', #3323 ) LENGTH_UNIT ( ) NAMED_UNIT ( #1778 ) );
#3709 = DIRECTION ( 'NONE',  ( 0.2761719275641929539, 0.9205747438996728649, -0.2761724231698924337 ) ) ;
#3710 = UNCERTAINTY_MEASURE_WITH_UNIT (LENGTH_MEASURE( 1.000000000000000082E-05 ), #908, 'distance_accuracy_value', 'NONE');
#3711 = VERTEX_POINT ( 'NONE', #3297 ) ;
#3712 = CARTESIAN_POINT ( 'NONE',  ( 0.2532616618757506100, 0.04500733388959482495, -0.03701423085373388433 ) ) ;
#3713 = LINE ( 'NONE', #260, #4073 ) ;
#3714 = DIRECTION ( 'NONE',  ( 1.644517855226008195E-15, 1.000000000000000000, 2.890435660536364269E-30 ) ) ;
#3715 = ORIENTED_EDGE ( 'NONE', *, *, #3402, .F. ) ;
#3716 = COLOUR_RGB ( '',0.7607843137254901578, 0.7607843137254901578, 0.0000000000000000000 ) ;
#3717 = EDGE_CURVE ( 'NONE', #3068, #2846, #4216, .T. ) ;
#3718 = VECTOR ( 'NONE', #1503, 39.37007874015748143 ) ;
#3719 = FILL_AREA_STYLE_COLOUR ( '', #1402 ) ;
#3720 = EDGE_CURVE ( 'NONE', #3918, #3280, #1928, .T. ) ;
#3721 = CARTESIAN_POINT ( 'NONE',  ( 0.2490536793154362605, 0.003668751212429472927, -0.4075787404069424746 ) ) ;
#3722 = VECTOR ( 'NONE', #473, 39.37007874015748143 ) ;
#3723 = EDGE_CURVE ( 'NONE', #3401, #1931, #2378, .T. ) ;
#3724 = CARTESIAN_POINT ( 'NONE',  ( 0.5037097929783018735, -0.008688119764421345023, -0.08789370103625893105 ) ) ;
#3725 = AXIS2_PLACEMENT_3D ( 'NONE', #2441, #1487, #3823 ) ;
#3726 = EDGE_CURVE ( 'NONE', #3041, #1055, #4334, .T. ) ;
#3727 = PRESENTATION_LAYER_ASSIGNMENT (  '', '', ( #1965 ) ) ;
#3728 = VERTEX_POINT ( 'NONE', #367 ) ;
#3729 = ORIENTED_EDGE ( 'NONE', *, *, #3332, .T. ) ;
#3730 = AXIS2_PLACEMENT_3D ( 'NONE', #3784, #3765, #730 ) ;
#3731 = MECHANICAL_DESIGN_GEOMETRIC_PRESENTATION_REPRESENTATION (  '', ( #2251 ), #125 ) ;
#3732 = DIRECTION ( 'NONE',  ( -0.4273849608878791395, 7.028421992351837687E-16, 0.9040697402340519551 ) ) ;
#3733 = DIRECTION ( 'NONE',  ( -1.000000000000000000, 1.644517855226007801E-15, 3.935361670218154972E-13 ) ) ;
#3734 = DIRECTION ( 'NONE',  ( 7.913884470697103077E-16, -6.123233995736896691E-17, 1.000000000000000000 ) ) ;
#3735 = VERTEX_POINT ( 'NONE', #324 ) ;
#3736 = STYLED_ITEM ( 'NONE', ( #23 ), #3121 ) ;
#3737 = DIRECTION ( 'NONE',  ( -6.071532165918824830E-14, -0.2873478855663197939, 0.9578262852211589795 ) ) ;
#3738 = FACE_OUTER_BOUND ( 'NONE', #108, .T. ) ;
#3739 = CARTESIAN_POINT ( 'NONE',  ( 0.2077620812121374894, 0.03516481420455552093, -0.08789370103680482771 ) ) ;
#3740 = ORIENTED_EDGE ( 'NONE', *, *, #1507, .T. ) ;
#3741 = CARTESIAN_POINT ( 'NONE',  ( 0.2490536793154355943, 0.003668751212429472927, -0.1095942470915550748 ) ) ;
#3742 = LINE ( 'NONE', #41, #1250 ) ;
#3743 =( NAMED_UNIT ( * ) SI_UNIT ( $, .STERADIAN. ) SOLID_ANGLE_UNIT ( ) );
#3744 = SURFACE_SIDE_STYLE ('',( #2419 ) ) ;
#3745 = ADVANCED_FACE ( 'NONE', ( #4377 ), #2005, .T. ) ;
#3746 = FACE_OUTER_BOUND ( 'NONE', #3957, .T. ) ;
#3747 = CARTESIAN_POINT ( 'NONE',  ( 0.4578091021359867452, 0.003668751212429131620, -0.005563233721056288356 ) ) ;
#3748 = EDGE_LOOP ( 'NONE', ( #1660, #942, #1491, #3474 ) ) ;
#3749 = EDGE_LOOP ( 'NONE', ( #1120, #3207, #785, #266 ) ) ;
#3750 = EDGE_CURVE ( 'NONE', #2928, #981, #3416, .T. ) ;
#3751 = DIRECTION ( 'NONE',  ( 0.2761719274401004953, 0.9205747435090979591, -0.2761724245959000235 ) ) ;
#3752 = CARTESIAN_POINT ( 'NONE',  ( 0.5054204884980638690, -0.02496430041343707454, -0.03986220497325271284 ) ) ;
#3753 = ORIENTED_EDGE ( 'NONE', *, *, #2626, .F. ) ;
#3754 = VECTOR ( 'NONE', #2621, 39.37007874015748143 ) ;
#3755 = EDGE_CURVE ( 'NONE', #1838, #1117, #4037, .T. ) ;
#3756 = DIRECTION ( 'NONE',  ( 0.6691306063588805531, 0.7431448254773741491, 5.509915440571327071E-12 ) ) ;
#3757 = DIRECTION ( 'NONE',  ( 1.748601263784621946E-15, 0.0000000000000000000, -1.000000000000000000 ) ) ;
#3758 = ORIENTED_EDGE ( 'NONE', *, *, #3646, .F. ) ;
#3759 = CARTESIAN_POINT ( 'NONE',  ( 0.2313841284562625222, 0.04500733388959485964, -0.08789370103625360198 ) ) ;
#3760 = CARTESIAN_POINT ( 'NONE',  ( 0.4696401291285066115, 0.03516481420455509765, -0.08001968528857600349 ) ) ;
#3761 = LINE ( 'NONE', #1016, #4150 ) ;
#3762 = DIRECTION ( 'NONE',  ( -1.000000000000000000, 1.644517855226007801E-15, -8.234490263801784106E-12 ) ) ;
#3763 = VECTOR ( 'NONE', #3164, 39.37007874015748854 ) ;
#3764 = DIRECTION ( 'NONE',  ( -0.3079484342811877884, 0.0000000000000000000, -0.9514030490931616457 ) ) ;
#3765 = DIRECTION ( 'NONE',  ( -1.000000000000000000, 1.644517855226008392E-15, -1.582776894139444676E-15 ) ) ;
#3766 = ORIENTED_EDGE ( 'NONE', *, *, #3932, .T. ) ;
#3767 = AXIS2_PLACEMENT_3D ( 'NONE', #1600, #4301, #2254 ) ;
#3768 =( GEOMETRIC_REPRESENTATION_CONTEXT ( 3 ) GLOBAL_UNCERTAINTY_ASSIGNED_CONTEXT ( ( #3670 ) ) GLOBAL_UNIT_ASSIGNED_CONTEXT ( ( #4251, #466, #3872 ) ) REPRESENTATION_CONTEXT ( 'NONE', 'WORKASPACE' ) );
#3769 = LINE ( 'NONE', #2796, #22 ) ;
#3770 = PLANE ( 'NONE',  #3232 ) ;
#3771 = EDGE_CURVE ( 'NONE', #953, #1715, #1322, .T. ) ;
#3772 = ORIENTED_EDGE ( 'NONE', *, *, #16, .F. ) ;
#3773 = SURFACE_STYLE_USAGE ( .BOTH. , #2434 ) ;
#3774 = DIRECTION ( 'NONE',  ( -1.644517855226007801E-15, -1.000000000000000000, -2.890435660536363919E-30 ) ) ;
#3775 = EDGE_CURVE ( 'NONE', #3806, #1055, #3080, .T. ) ;
#3776 = EDGE_LOOP ( 'NONE', ( #566, #1926, #1198, #4182 ) ) ;
#3777 = DIMENSIONAL_EXPONENTS ( 1.000000000000000000, 0.0000000000000000000, 0.0000000000000000000, 0.0000000000000000000, 0.0000000000000000000, 0.0000000000000000000, 0.0000000000000000000 ) ;
#3778 = CARTESIAN_POINT ( 'NONE',  ( 0.4578091021353568602, -0.004205264535602351757, -0.005563233721056288356 ) ) ;
#3779 = ORIENTED_EDGE ( 'NONE', *, *, #2094, .T. ) ;
#3780 = PRESENTATION_LAYER_ASSIGNMENT (  '', '', ( #2060 ) ) ;
#3781 = VECTOR ( 'NONE', #2309, 39.37007874015748143 ) ;
#3782 = COLOUR_RGB ( '',0.7607843137254901578, 0.7607843137254901578, 0.0000000000000000000 ) ;
#3783 = LINE ( 'NONE', #1470, #3286 ) ;
#3784 = CARTESIAN_POINT ( 'NONE',  ( 0.3928014512908296063, 0.1434325307400276528, -0.07915354355589927782 ) ) ;
#3785 = FILL_AREA_STYLE ('',( #91 ) ) ;
#3786 = ORIENTED_EDGE ( 'NONE', *, *, #2906, .F. ) ;
#3787 = LINE ( 'NONE', #428, #2767 ) ;
#3788 = ORIENTED_EDGE ( 'NONE', *, *, #3726, .T. ) ;
#3789 = LINE ( 'NONE', #2494, #3977 ) ;
#3790 = DIRECTION ( 'NONE',  ( -0.5730959463349096783, -0.8184658334306108562, 0.04092329167148960056 ) ) ;
#3791 = CIRCLE ( 'NONE', #264, 0.007874015748031527179 ) ;
#3792 = CARTESIAN_POINT ( 'NONE',  ( 0.2514430687598451231, 0.04500733388959482495, -0.03139570891042674922 ) ) ;
#3793 = CIRCLE ( 'NONE', #1466, 0.007874015748031492484 ) ;
#3794 = EDGE_LOOP ( 'NONE', ( #2026, #3873, #662, #2960 ) ) ;
#3795 = EDGE_CURVE ( 'NONE', #782, #694, #305, .T. ) ;
#3796 = EDGE_CURVE ( 'NONE', #1022, #369, #4079, .T. ) ;
#3797 = CARTESIAN_POINT ( 'NONE',  ( 0.4578091021359867452, 0.003668751212429131620, -0.1095942470915555050 ) ) ;
#3798 =( CONVERSION_BASED_UNIT ( 'INCH', #1436 ) LENGTH_UNIT ( ) NAMED_UNIT ( #3563 ) );
#3799 = ORIENTED_EDGE ( 'NONE', *, *, #3294, .F. ) ;
#3800 = AXIS2_PLACEMENT_3D ( 'NONE', #48, #3077, #1422 ) ;
#3801 = VECTOR ( 'NONE', #2068, 39.37007874015748143 ) ;
#3802 = EDGE_CURVE ( 'NONE', #1465, #2808, #1006, .T. ) ;
#3803 = EDGE_CURVE ( 'NONE', #1919, #1838, #2726, .T. ) ;
#3804 = CARTESIAN_POINT ( 'NONE',  ( 0.3140612938105263319, 0.1021333181416026054, -0.03297244119349746622 ) ) ;
#3805 = DIRECTION ( 'NONE',  ( -1.748601263784621748E-15, 0.0000000000000000000, 1.000000000000000000 ) ) ;
#3806 = VERTEX_POINT ( 'NONE', #1049 ) ;
#3807 =( NAMED_UNIT ( * ) PLANE_ANGLE_UNIT ( ) SI_UNIT ( $, .RADIAN. ) );
#3808 = EDGE_LOOP ( 'NONE', ( #2131, #4008, #590, #1988 ) ) ;
#3809 = VECTOR ( 'NONE', #2934, 39.37007874015748143 ) ;
#3810 = CYLINDRICAL_SURFACE ( 'NONE', #4188, 0.005905511811027556318 ) ;
#3811 = FILL_AREA_STYLE_COLOUR ( '', #476 ) ;
#3812 = DIRECTION ( 'NONE',  ( 1.644517855226008195E-15, 1.000000000000000000, 2.890435660536364269E-30 ) ) ;
#3813 = ORIENTED_EDGE ( 'NONE', *, *, #3904, .T. ) ;
#3814 = VERTEX_POINT ( 'NONE', #2050 ) ;
#3815 = CARTESIAN_POINT ( 'NONE',  ( 0.5050327824129664522, -0.02127552341817107173, -0.04706685266291878167 ) ) ;
#3816 = DIRECTION ( 'NONE',  ( -1.644517855226008195E-15, -1.000000000000000000, -2.890435660536364269E-30 ) ) ;
#3817 = ORIENTED_EDGE ( 'NONE', *, *, #1921, .T. ) ;
#3818 = COLOUR_RGB ( '',0.7607843137254901578, 0.7607843137254901578, 0.0000000000000000000 ) ;
#3819 = DIRECTION ( 'NONE',  ( 1.779922736996477388E-11, -1.000000000000000000, 2.202682480880311385E-13 ) ) ;
#3820 = DIRECTION ( 'NONE',  ( -0.9945218953682685159, 0.1045284632676983655, -1.739022243102431967E-15 ) ) ;
#3821 = ORIENTED_EDGE ( 'NONE', *, *, #1707, .F. ) ;
#3822 = CARTESIAN_POINT ( 'NONE',  ( 0.4554196763394121050, 0.03516481420455512541, -0.07785626009188305330 ) ) ;
#3823 = DIRECTION ( 'NONE',  ( -0.6691306063588805531, -0.7431448254773741491, -5.510156374387435141E-12 ) ) ;
#3824 = ORIENTED_EDGE ( 'NONE', *, *, #2146, .T. ) ;
#3825 = FACE_OUTER_BOUND ( 'NONE', #1243, .T. ) ;
#3826 = ORIENTED_EDGE ( 'NONE', *, *, #2859, .F. ) ;
#3827 = CARTESIAN_POINT ( 'NONE',  ( 0.2514430687598452341, 0.04500733388959482495, -0.08376177190259220806 ) ) ;
#3828 = CARTESIAN_POINT ( 'NONE',  ( 0.3928014512908296063, 0.1021333181416024527, -0.03297244119349760499 ) ) ;
#3829 = DIRECTION ( 'NONE',  ( 4.196190604145846758E-13, -6.871954312449809553E-28, -1.000000000000000000 ) ) ;
#3830 = ORIENTED_EDGE ( 'NONE', *, *, #3771, .T. ) ;
#3831 = EDGE_CURVE ( 'NONE', #1799, #1535, #1718, .T. ) ;
#3832 = ORIENTED_EDGE ( 'NONE', *, *, #342, .F. ) ;
#3833 = VECTOR ( 'NONE', #2302, 39.37007874015748143 ) ;
#3834 = DIRECTION ( 'NONE',  ( -0.9945218953682689600, -0.1045284632676950626, -8.189380864547703863E-12 ) ) ;
#3835 = PRESENTATION_STYLE_ASSIGNMENT (( #499 ) ) ;
#3836 = VECTOR ( 'NONE', #1420, 39.37007874015748143 ) ;
#3837 = ORIENTED_EDGE ( 'NONE', *, *, #477, .F. ) ;
#3838 = PLANE ( 'NONE',  #3014 ) ;
#3839 = CARTESIAN_POINT ( 'NONE',  ( 0.4754786166452386609, 0.03769413415677508317, -0.1244362336955049247 ) ) ;
#3840 = DIRECTION ( 'NONE',  ( 1.000000000000000000, 1.622150117326477356E-11, 9.859911151360783998E-12 ) ) ;
#3841 = VERTEX_POINT ( 'NONE', #1628 ) ;
#3842 = LINE ( 'NONE', #3521, #1818 ) ;
#3843 = SURFACE_STYLE_USAGE ( .BOTH. , #3866 ) ;
#3844 = SURFACE_SIDE_STYLE ('',( #1143 ) ) ;
#3845 = ORIENTED_EDGE ( 'NONE', *, *, #1946, .T. ) ;
#3846 = EDGE_CURVE ( 'NONE', #3899, #782, #2999, .T. ) ;
#3847 = CARTESIAN_POINT ( 'NONE',  ( 0.3926470588251994576, 0.1020939480628583751, -0.007578740406095759927 ) ) ;
#3848 = EDGE_CURVE ( 'NONE', #1947, #2903, #3424, .T. ) ;
#3849 = DIRECTION ( 'NONE',  ( 0.9040697402368811364, -1.445602896646377098E-15, 0.4273849608818943713 ) ) ;
#3850 = DIRECTION ( 'NONE',  ( 1.644517855226008195E-15, 1.000000000000000000, 2.890435660536364269E-30 ) ) ;
#3851 = AXIS2_PLACEMENT_3D ( 'NONE', #727, #1038, #686 ) ;
#3852 = ORIENTED_EDGE ( 'NONE', *, *, #799, .T. ) ;
#3853 = AXIS2_PLACEMENT_3D ( 'NONE', #860, #551, #528 ) ;
#3854 = EDGE_CURVE ( 'NONE', #3154, #21, #1152, .T. ) ;
#3855 = CARTESIAN_POINT ( 'NONE',  ( 0.4254818849634279254, 0.1217789874329370386, -0.03198818922499343381 ) ) ;
#3856 = SURFACE_STYLE_FILL_AREA ( #2567 ) ;
#3857 = CARTESIAN_POINT ( 'NONE',  ( 0.2461244040472859718, 0.003668751212429472927, -0.005563233721056699485 ) ) ;
#3858 = ORIENTED_EDGE ( 'NONE', *, *, #3771, .F. ) ;
#3859 =( NAMED_UNIT ( * ) PLANE_ANGLE_UNIT ( ) SI_UNIT ( $, .RADIAN. ) );
#3860 = CARTESIAN_POINT ( 'NONE',  ( 0.4754786166453176532, 0.04500733388959445719, -0.08789370103648942723 ) ) ;
#3861 = DIRECTION ( 'NONE',  ( -1.644517855226008392E-15, -1.000000000000000000, -6.123233995736766036E-17 ) ) ;
#3862 = MECHANICAL_DESIGN_GEOMETRIC_PRESENTATION_REPRESENTATION (  '', ( #1965 ), #403 ) ;
#3863 = EDGE_LOOP ( 'NONE', ( #186, #847, #3157, #1855 ) ) ;
#3864 = DIMENSIONAL_EXPONENTS ( 1.000000000000000000, 0.0000000000000000000, 0.0000000000000000000, 0.0000000000000000000, 0.0000000000000000000, 0.0000000000000000000, 0.0000000000000000000 ) ;
#3865 = CARTESIAN_POINT ( 'NONE',  ( 0.1585494827869405599, -0.02585880784268849639, -0.06742126009192302150 ) ) ;
#3866 = SURFACE_SIDE_STYLE ('',( #2529 ) ) ;
#3867 = PRESENTATION_LAYER_ASSIGNMENT (  '', '', ( #4304 ) ) ;
#3868 = VERTEX_POINT ( 'NONE', #1452 ) ;
#3869 = CARTESIAN_POINT ( 'NONE',  ( 0.4536010832257899028, 0.03516481420455512541, -0.003641732532867354363 ) ) ;
#3870 = VECTOR ( 'NONE', #61, 39.37007874015748143 ) ;
#3871 = LINE ( 'NONE', #1867, #2364 ) ;
#3872 =( NAMED_UNIT ( * ) SI_UNIT ( $, .STERADIAN. ) SOLID_ANGLE_UNIT ( ) );
#3873 = ORIENTED_EDGE ( 'NONE', *, *, #741, .T. ) ;
#3874 = EDGE_CURVE ( 'NONE', #2773, #3918, #144, .T. ) ;
#3875 = ORIENTED_EDGE ( 'NONE', *, *, #3107, .F. ) ;
#3876 = AXIS2_PLACEMENT_3D ( 'NONE', #2224, #917, #2612 ) ;
#3877 =( NAMED_UNIT ( * ) SI_UNIT ( $, .STERADIAN. ) SOLID_ANGLE_UNIT ( ) );
#3878 = CARTESIAN_POINT ( 'NONE',  ( 0.3926470588251994576, 0.1020939480628583751, 0.01210629896398286200 ) ) ;
#3879 = EDGE_CURVE ( 'NONE', #2446, #3303, #2774, .T. ) ;
#3880 = ORIENTED_EDGE ( 'NONE', *, *, #1694, .F. ) ;
#3881 =( LENGTH_UNIT ( ) NAMED_UNIT ( * ) SI_UNIT ( $, .METRE. ) );
#3882 = DIRECTION ( 'NONE',  ( -0.2761719287273032286, -0.9205747435843071313, 0.2761724230580027695 ) ) ;
#3883 = SURFACE_SIDE_STYLE ('',( #503 ) ) ;
#3884 = CYLINDRICAL_SURFACE ( 'NONE', #3258, 0.007874015748031499423 ) ;
#3885 = ORIENTED_EDGE ( 'NONE', *, *, #2933, .F. ) ;
#3886 = PRESENTATION_LAYER_ASSIGNMENT (  '', '', ( #2563 ) ) ;
#3887 = PLANE ( 'NONE',  #1161 ) ;
#3888 = ORIENTED_EDGE ( 'NONE', *, *, #2532, .F. ) ;
#3889 = AXIS2_PLACEMENT_3D ( 'NONE', #1675, #2367, #3148 ) ;
#3890 = CARTESIAN_POINT ( 'NONE',  ( 0.4653510425003174467, 0.001406173138374004891, -0.1095942471104531107 ) ) ;
#3891 = DIRECTION ( 'NONE',  ( 0.0000000000000000000, 0.0000000000000000000, 1.000000000000000000 ) ) ;
#3892 = PLANE ( 'NONE',  #2537 ) ;
#3893 = CARTESIAN_POINT ( 'NONE',  ( 0.2453562723634672427, 0.03516481420455546542, -0.08123784496877324568 ) ) ;
#3894 = DIMENSIONAL_EXPONENTS ( 1.000000000000000000, 0.0000000000000000000, 0.0000000000000000000, 0.0000000000000000000, 0.0000000000000000000, 0.0000000000000000000, 0.0000000000000000000 ) ;
#3895 = EDGE_LOOP ( 'NONE', ( #1957, #3169, #671, #1223, #2806, #957, #3159, #2962 ) ) ;
#3896 = VERTEX_POINT ( 'NONE', #802 ) ;
#3897 = DIRECTION ( 'NONE',  ( -0.9040697402395212467, 1.445602896648305863E-15, 0.4273849608763091723 ) ) ;
#3898 =( NAMED_UNIT ( * ) SI_UNIT ( $, .STERADIAN. ) SOLID_ANGLE_UNIT ( ) );
#3899 = VERTEX_POINT ( 'NONE', #4185 ) ;
#3900 = SHAPE_DEFINITION_REPRESENTATION ( #3972, #251 ) ;
#3901 = EDGE_CURVE ( 'NONE', #1947, #1355, #1498, .T. ) ;
#3902 = CARTESIAN_POINT ( 'NONE',  ( 0.4754786166451601126, 0.1020939480628582363, 0.01210629896398299730 ) ) ;
#3903 = LENGTH_MEASURE_WITH_UNIT ( LENGTH_MEASURE( 0.02539999999999999897 ), #1526 );
#3904 = EDGE_CURVE ( 'NONE', #365, #2903, #3789, .T. ) ;
#3905 = PRESENTATION_LAYER_ASSIGNMENT (  '', '', ( #2945 ) ) ;
#3906 = VERTEX_POINT ( 'NONE', #756 ) ;
#3907 = CARTESIAN_POINT ( 'NONE',  ( 0.4920108682644405151, 0.04500733388959443637, -0.02726377977651272058 ) ) ;
#3908 =( LENGTH_UNIT ( ) NAMED_UNIT ( * ) SI_UNIT ( $, .METRE. ) );
#3909 = VECTOR ( 'NONE', #1398, 39.37007874015748143 ) ;
#3910 = EDGE_CURVE ( 'NONE', #3906, #3572, #2151, .T. ) ;
#3911 = DIRECTION ( 'NONE',  ( -1.090273704650695340E-09, 0.0000000000000000000, 1.000000000000000000 ) ) ;
#3912 = VERTEX_POINT ( 'NONE', #3467 ) ;
#3913 = B_SPLINE_CURVE_WITH_KNOTS ( 'NONE', 3,
 ( #1131, #1776, #1868, #2490 ),
 .UNSPECIFIED., .F., .F.,
 ( 4, 4 ),
 ( 0.0000000000000000000, 1.000000000000000000 ),
 .UNSPECIFIED. ) ;
#3914 = CARTESIAN_POINT ( 'NONE',  ( 0.1923664450707121831, -0.01715373501898775563, -0.07135826796593867927 ) ) ;
#3915 = LINE ( 'NONE', #1537, #4338 ) ;
#3916 = PRESENTATION_STYLE_ASSIGNMENT (( #1621 ) ) ;
#3917 = DIRECTION ( 'NONE',  ( 1.000000000000000000, -1.644517855226008195E-15, -1.582776894139422588E-15 ) ) ;
#3918 = VERTEX_POINT ( 'NONE', #1759 ) ;
#3919 = ORIENTED_EDGE ( 'NONE', *, *, #3275, .T. ) ;
#3920 = CARTESIAN_POINT ( 'NONE',  ( 0.5483132623141996342, -0.02585880784268912436, -0.04773622072093100521 ) ) ;
#3921 = DIRECTION ( 'NONE',  ( -0.2761719275641929539, -0.9205747438996728649, 0.2761724231698924337 ) ) ;
#3922 = DIRECTION ( 'NONE',  ( 8.234490263801784106E-12, -1.353889066150678860E-26, -1.000000000000000000 ) ) ;
#3923 = CIRCLE ( 'NONE', #612, 0.01771653543307087283 ) ;
#3924 = VECTOR ( 'NONE', #1534, 39.37007874015748143 ) ;
#3925 = VERTEX_POINT ( 'NONE', #74 ) ;
#3926 = APPLICATION_PROTOCOL_DEFINITION ( 'draft international standard', 'automotive_design', 1998, #1451 ) ;
#3927 = VECTOR ( 'NONE', #1228, 39.37007874015748143 ) ;
#3928 = DIRECTION ( 'NONE',  ( 1.000000000000000000, -1.734723475977064460E-15, -7.913884470697103077E-16 ) ) ;
#3929 = PLANE ( 'NONE',  #1319 ) ;
#3930 = ORIENTED_EDGE ( 'NONE', *, *, #3321, .T. ) ;
#3931 =( LENGTH_UNIT ( ) NAMED_UNIT ( * ) SI_UNIT ( $, .METRE. ) );
#3932 = EDGE_CURVE ( 'NONE', #3556, #655, #3146, .T. ) ;
#3933 = ORIENTED_EDGE ( 'NONE', *, *, #716, .T. ) ;
#3934 = FACE_OUTER_BOUND ( 'NONE', #4176, .T. ) ;
#3935 = PLANE ( 'NONE',  #326 ) ;
#3936 = CARTESIAN_POINT ( 'NONE',  ( 0.5147244003127859902, -0.01932396423582114983, -0.06889444729080938801 ) ) ;
#3937 = VERTEX_POINT ( 'NONE', #410 ) ;
#3938 = AXIS2_PLACEMENT_3D ( 'NONE', #2083, #2023, #3463 ) ;
#3939 = EDGE_CURVE ( 'NONE', #1307, #3735, #3123, .T. ) ;
#3940 = SURFACE_STYLE_USAGE ( .BOTH. , #2583 ) ;
#3941 = CARTESIAN_POINT ( 'NONE',  ( 0.3140612938105263874, 0.1020939480628585000, -0.08218503961889132847 ) ) ;
#3942 = CARTESIAN_POINT ( 'NONE',  ( 0.4561674782013412366, 0.04500733388959448494, -0.07785626009215870780 ) ) ;
#3943 = DIRECTION ( 'NONE',  ( -1.729787034331768344E-15, -0.9987523388778467570, 0.04993761694385234762 ) ) ;
#3944 = VECTOR ( 'NONE', #308, 39.37007874015748143 ) ;
#3945 = ORIENTED_EDGE ( 'NONE', *, *, #3848, .T. ) ;
#3946 = COLOUR_RGB ( '',0.7607843137254901578, 0.7607843137254901578, 0.0000000000000000000 ) ;
#3947 = CARTESIAN_POINT ( 'NONE',  ( 0.2313841284562230538, 0.03516481420601218905, -0.02726377977696224642 ) ) ;
#3948 =( LENGTH_UNIT ( ) NAMED_UNIT ( * ) SI_UNIT ( $, .METRE. ) );
#3949 = CARTESIAN_POINT ( 'NONE',  ( 0.5134983943101647519, -0.007659296307098515354, -0.02726377977633583430 ) ) ;
#3950 = SURFACE_STYLE_USAGE ( .BOTH. , #634 ) ;
#3951 = VERTEX_POINT ( 'NONE', #1783 ) ;
#3952 = ORIENTED_EDGE ( 'NONE', *, *, #3802, .F. ) ;
#3953 = DIRECTION ( 'NONE',  ( 0.05226423162670060241, -0.4972609476841257092, 0.8660254037848750253 ) ) ;
#3954 = CARTESIAN_POINT ( 'NONE',  ( 0.4998417493303337622, 0.02811385722240937468, -0.02726377977644824785 ) ) ;
#3955 = AXIS2_PLACEMENT_3D ( 'NONE', #2328, #1348, #2710 ) ;
#3956 = SURFACE_SIDE_STYLE ('',( #2208 ) ) ;
#3957 = EDGE_LOOP ( 'NONE', ( #439, #1722, #39, #3336 ) ) ;
#3958 = FACE_OUTER_BOUND ( 'NONE', #2527, .T. ) ;
#3959 = DIRECTION ( 'NONE',  ( -8.247014182617143564E-13, 6.985523270895014608E-13, -1.000000000000000000 ) ) ;
#3960 = CARTESIAN_POINT ( 'NONE',  ( 0.2461244040472859718, 0.003668751212429472927, -0.1095942470915550748 ) ) ;
#3961 = EDGE_LOOP ( 'NONE', ( #4346, #3880, #1155, #1045 ) ) ;
#3962 = COLOUR_RGB ( '',0.2509803921568627416, 0.2509803921568627416, 0.2509803921568627416 ) ;
#3963 = DIRECTION ( 'NONE',  ( 8.234490263801784106E-12, -1.353889066150678860E-26, -1.000000000000000000 ) ) ;
#3964 = FACE_OUTER_BOUND ( 'NONE', #2757, .T. ) ;
#3965 = EDGE_LOOP ( 'NONE', ( #2539, #3616, #1590, #1393, #2268, #731 ) ) ;
#3966 = COLOUR_RGB ( '',0.7607843137254901578, 0.7607843137254901578, 0.0000000000000000000 ) ;
#3967 = DIRECTION ( 'NONE',  ( 1.748601263784621748E-15, 0.0000000000000000000, -1.000000000000000000 ) ) ;
#3968 =( NAMED_UNIT ( * ) SI_UNIT ( $, .STERADIAN. ) SOLID_ANGLE_UNIT ( ) );
#3969 = CARTESIAN_POINT ( 'NONE',  ( 0.4754786166447397266, 0.04500733388959445719, -0.02726377977664890331 ) ) ;
#3970 = EDGE_CURVE ( 'NONE', #2888, #3598, #3769, .T. ) ;
#3971 = FILL_AREA_STYLE ('',( #1343 ) ) ;
#3972 = PRODUCT_DEFINITION_SHAPE ( 'NONE', 'NONE',  #578 ) ;
#3973 = ORIENTED_EDGE ( 'NONE', *, *, #2663, .F. ) ;
#3974 = LINE ( 'NONE', #2641, #963 ) ;
#3975 = FILL_AREA_STYLE_COLOUR ( '', #1853 ) ;
#3976 = CARTESIAN_POINT ( 'NONE',  ( 0.4554196763394121050, 0.03516481420455512541, -0.07785626009188305330 ) ) ;
#3977 = VECTOR ( 'NONE', #2514, 39.37007874015748143 ) ;
#3978 = ORIENTED_EDGE ( 'NONE', *, *, #526, .T. ) ;
#3979 = CARTESIAN_POINT ( 'NONE',  ( 0.2453562723636247278, 0.03516481420455546542, -0.08123784496837958835 ) ) ;
#3980 = CARTESIAN_POINT ( 'NONE',  ( 0.1906878136562551729, -0.02272122477122753489, -0.06747477588125748438 ) ) ;
#3981 = VECTOR ( 'NONE', #2885, 39.37007874015748143 ) ;
#3982 = LINE ( 'NONE', #952, #3781 ) ;
#3983 = MANIFOLD_SOLID_BREP ( 'Imported3', #2781 ) ;
#3984 = VERTEX_POINT ( 'NONE', #3509 ) ;
#3985 = AXIS2_PLACEMENT_3D ( 'NONE', #1798, #3682, #1918 ) ;
#3986 = CARTESIAN_POINT ( 'NONE',  ( 0.5061831144100219504, -0.02488414520016214715, -0.06742126009135666898 ) ) ;
#3987 = EDGE_LOOP ( 'NONE', ( #185, #2839, #2469, #2913 ) ) ;
#3988 = EDGE_CURVE ( 'NONE', #2433, #1850, #1068, .T. ) ;
#3989 = EDGE_CURVE ( 'NONE', #491, #2356, #1899, .T. ) ;
#3990 = DIRECTION ( 'NONE',  ( -1.000000000000000000, 1.644517855226007801E-15, -1.748601263784621748E-15 ) ) ;
#3991 = FACE_OUTER_BOUND ( 'NONE', #500, .T. ) ;
#3992 = CARTESIAN_POINT ( 'NONE',  ( 0.2372226159726404382, 0.04500733388959485270, -0.02726377977696224642 ) ) ;
#3993 = ORIENTED_EDGE ( 'NONE', *, *, #967, .F. ) ;
#3994 = EDGE_CURVE ( 'NONE', #3951, #3049, #211, .T. ) ;
#3995 = PRESENTATION_STYLE_ASSIGNMENT (( #1346 ) ) ;
#3996 = AXIS2_PLACEMENT_3D ( 'NONE', #771, #177, #2506 ) ;
#3997 = CARTESIAN_POINT ( 'NONE',  ( 0.3140612938105263319, 0.1020939480628624274, -0.03297244119349746622 ) ) ;
#3998 = ORIENTED_EDGE ( 'NONE', *, *, #2918, .T. ) ;
#3999 = AXIS2_PLACEMENT_3D ( 'NONE', #3797, #763, #2116 ) ;
#4000 = FACE_OUTER_BOUND ( 'NONE', #231, .T. ) ;
#4001 = CARTESIAN_POINT ( 'NONE',  ( 0.1916282702576109498, -0.02108063623287758162, -0.04723852316359060388 ) ) ;
#4002 = CARTESIAN_POINT ( 'NONE',  ( 0.3928014512908295508, 0.1021333181416024943, -0.07915354355589927782 ) ) ;
#4003 = ORIENTED_EDGE ( 'NONE', *, *, #1267, .F. ) ;
#4004 = DIRECTION ( 'NONE',  ( 1.644517855226007801E-15, 1.000000000000000000, 2.875605999964572744E-30 ) ) ;
#4005 = AXIS2_PLACEMENT_3D ( 'NONE', #40, #1394, #1663 ) ;
#4006 = LENGTH_MEASURE_WITH_UNIT ( LENGTH_MEASURE( 0.02539999999999999897 ), #2947 );
#4007 = DIRECTION ( 'NONE',  ( -2.171873791922962805E-11, 0.0000000000000000000, 1.000000000000000000 ) ) ;
#4008 = ORIENTED_EDGE ( 'NONE', *, *, #3145, .T. ) ;
#4009 = VECTOR ( 'NONE', #961, 39.37007874015748143 ) ;
#4010 = VECTOR ( 'NONE', #2054, 39.37007874015748143 ) ;
#4011 = MANIFOLD_SOLID_BREP ( '<SMT terminal>-<Imported1>', #849 ) ;
#4012 = DIRECTION ( 'NONE',  ( 1.644517855226008195E-15, 1.000000000000000000, 0.0000000000000000000 ) ) ;
#4013 = CARTESIAN_POINT ( 'NONE',  ( 0.4615064727374041942, 0.04500733388959447800, -0.03391963584585947628 ) ) ;
#4014 = EDGE_CURVE ( 'NONE', #3466, #1405, #562, .T. ) ;
#4015 = CARTESIAN_POINT ( 'NONE',  ( 0.4561674782086246882, 0.03516481420455511153, -0.08376177190318229160 ) ) ;
#4016 = MECHANICAL_DESIGN_GEOMETRIC_PRESENTATION_REPRESENTATION (  '', ( #1183 ), #2104 ) ;
#4017 = VECTOR ( 'NONE', #2508, 39.37007874015748854 ) ;
#4018 = VERTEX_POINT ( 'NONE', #2200 ) ;
#4019 = DIRECTION ( 'NONE',  ( -1.703894664301477426E-11, 1.000000000000000000, -2.629008122389297879E-13 ) ) ;
#4020 = DIRECTION ( 'NONE',  ( -0.9945218953682690710, -0.1045284632676950765, -8.189380864547705479E-12 ) ) ;
#4021 = LINE ( 'NONE', #2028, #1344 ) ;
#4022 = UNCERTAINTY_MEASURE_WITH_UNIT (LENGTH_MEASURE( 1.000000000000000082E-05 ), #3798, 'distance_accuracy_value', 'NONE');
#4023 = ORIENTED_EDGE ( 'NONE', *, *, #3675, .T. ) ;
#4024 = VECTOR ( 'NONE', #2269, 39.37007874015748143 ) ;
#4025 = CYLINDRICAL_SURFACE ( 'NONE', #3584, 0.005905511811027564992 ) ;
#4026 = DIRECTION ( 'NONE',  ( 0.06844477287628467077, 0.6512085141311780845, -0.7558060493201791408 ) ) ;
#4027 =( NAMED_UNIT ( * ) PLANE_ANGLE_UNIT ( ) SI_UNIT ( $, .RADIAN. ) );
#4028 = EDGE_CURVE ( 'NONE', #3925, #2412, #4053, .T. ) ;
#4029 = PLANE ( 'NONE',  #3339 ) ;
#4030 = ORIENTED_EDGE ( 'NONE', *, *, #4347, .F. ) ;
#4031 = CARTESIAN_POINT ( 'NONE',  ( 0.4625214697563412303, 0.04500733388959447800, -0.08338492120054455392 ) ) ;
#4032 = CARTESIAN_POINT ( 'NONE',  ( 0.2313841284561837519, 0.1020939480628586249, 0.01210629896398258791 ) ) ;
#4033 = CARTESIAN_POINT ( 'NONE',  ( 0.4240538567158658734, 0.1217789874329370386, 1.682037281921856531 ) ) ;
#4034 = FACE_OUTER_BOUND ( 'NONE', #2734, .T. ) ;
#4035 = SURFACE_SIDE_STYLE ('',( #1295 ) ) ;
#4036 = VERTEX_POINT ( 'NONE', #3618 ) ;
#4037 = LINE ( 'NONE', #4331, #1579 ) ;
#4038 =( LENGTH_UNIT ( ) NAMED_UNIT ( * ) SI_UNIT ( $, .METRE. ) );
#4039 =( NAMED_UNIT ( * ) SI_UNIT ( $, .STERADIAN. ) SOLID_ANGLE_UNIT ( ) );
#4040 = LINE ( 'NONE', #1564, #3327 ) ;
#4041 = ORIENTED_EDGE ( 'NONE', *, *, #659, .F. ) ;
#4042 = EDGE_CURVE ( 'NONE', #3250, #2968, #2799, .T. ) ;
#4043 = ADVANCED_FACE ( 'NONE', ( #3532 ), #2542, .F. ) ;
#4044 = DIRECTION ( 'NONE',  ( 0.9040697402463263588, -1.486758830204623752E-15, 0.4273849608619142981 ) ) ;
#4045 = CARTESIAN_POINT ( 'NONE',  ( 0.1920388318909209968, -0.01982654722438575989, -0.06855963518770234744 ) ) ;
#4046 = ORIENTED_EDGE ( 'NONE', *, *, #1662, .T. ) ;
#4047 = VECTOR ( 'NONE', #2345, 39.37007874015748143 ) ;
#4048 = ADVANCED_FACE ( 'NONE', ( #1713, #690 ), #4327, .T. ) ;
#4049 = LENGTH_MEASURE_WITH_UNIT ( LENGTH_MEASURE( 0.02539999999999999897 ), #2651 );
#4050 = PLANE ( 'NONE',  #3524 ) ;
#4051 = AXIS2_PLACEMENT_3D ( 'NONE', #4179, #3569, #3849 ) ;
#4052 = SURFACE_STYLE_FILL_AREA ( #3058 ) ;
#4053 = B_SPLINE_CURVE_WITH_KNOTS ( 'NONE', 3,
 ( #3272, #2935, #2952, #1875, #4255, #229, #918, #2177, #1583, #1542, #4281, #4235, #2270 ),
 .UNSPECIFIED., .F., .F.,
 ( 4, 3, 3, 3, 4 ),
 ( -1.878211220321841299E-06, 0.0000000000000000000, 5.232092011448408257E-05, 0.0001048841986582706544, 0.0001536880156048156401 ),
 .UNSPECIFIED. ) ;
#4054 = FACE_OUTER_BOUND ( 'NONE', #3961, .T. ) ;
#4055 = ORIENTED_EDGE ( 'NONE', *, *, #3901, .T. ) ;
#4056 = CARTESIAN_POINT ( 'NONE',  ( 0.2453562723632703446, 0.04500733388959483189, -0.03391963584349765720 ) ) ;
#4057 = DIRECTION ( 'NONE',  ( 1.000000000000000000, -1.626303258728252509E-15, 8.234515500027385174E-12 ) ) ;
#4058 =( NAMED_UNIT ( * ) SI_UNIT ( $, .STERADIAN. ) SOLID_ANGLE_UNIT ( ) );
#4059 = UNCERTAINTY_MEASURE_WITH_UNIT (LENGTH_MEASURE( 1.000000000000000082E-05 ), #3667, 'distance_accuracy_value', 'NONE');
#4060 = EDGE_LOOP ( 'NONE', ( #4274, #1113, #1815, #115 ) ) ;
#4061 = CARTESIAN_POINT ( 'NONE',  ( 0.2443412753448057362, 0.03516481420455546542, -0.03177255961278904750 ) ) ;
#4062 = CARTESIAN_POINT ( 'NONE',  ( 0.4920108682649397824, 0.04500733388959443637, -0.08789370103635522902 ) ) ;
#4063 = EDGE_CURVE ( 'NONE', #3627, #4065, #1692, .T. ) ;
#4064 = SURFACE_STYLE_FILL_AREA ( #721 ) ;
#4065 = VERTEX_POINT ( 'NONE', #1291 ) ;
#4066 = CARTESIAN_POINT ( 'NONE',  ( 0.4578091021359874113, 0.003668751212429131620, -0.4075787404069421416 ) ) ;
#4067 = LINE ( 'NONE', #665, #2977 ) ;
#4068 = EDGE_CURVE ( 'NONE', #1779, #3041, #1986, .T. ) ;
#4069 = UNCERTAINTY_MEASURE_WITH_UNIT (LENGTH_MEASURE( 1.000000000000000082E-05 ), #1240, 'distance_accuracy_value', 'NONE');
#4070 = CARTESIAN_POINT ( 'NONE',  ( 0.2313841284563806500, 0.03516481420463422880, -0.08789370103625360198 ) ) ;
#4071 = VECTOR ( 'NONE', #609, 39.37007874015748143 ) ;
#4072 = CARTESIAN_POINT ( 'NONE',  ( 0.4625214697567742173, 0.03516481420455510459, -0.03177255961239490445 ) ) ;
#4073 = VECTOR ( 'NONE', #3371, 39.37007874015748143 ) ;
#4074 = AXIS2_PLACEMENT_3D ( 'NONE', #2371, #1329, #2413 ) ;
#4075 = ORIENTED_EDGE ( 'NONE', *, *, #990, .T. ) ;
#4076 = VERTEX_POINT ( 'NONE', #298 ) ;
#4077 = PRESENTATION_LAYER_ASSIGNMENT (  '', '', ( #2248 ) ) ;
#4078 = DIRECTION ( 'NONE',  ( -0.05226423163383502740, -0.4972609476841255427, 0.8660254037844445918 ) ) ;
#4079 = LINE ( 'NONE', #1698, #4047 ) ;
#4080 = VECTOR ( 'NONE', #1516, 39.37007874015748143 ) ;
#4081 = EDGE_LOOP ( 'NONE', ( #1320, #2284, #3520, #2794, #4030, #542 ) ) ;
#4082 = CIRCLE ( 'NONE', #1188, 0.005905511811027564124 ) ;
#4083 = DIRECTION ( 'NONE',  ( 0.0000000000000000000, 0.0000000000000000000, 1.000000000000000000 ) ) ;
#4084 = PLANE ( 'NONE',  #3166 ) ;
#4085 = LENGTH_MEASURE_WITH_UNIT ( LENGTH_MEASURE( 0.02539999999999999897 ), #3070 );
#4086 = ORIENTED_EDGE ( 'NONE', *, *, #3854, .F. ) ;
#4087 = CARTESIAN_POINT ( 'NONE',  ( 0.2490536793154355388, 0.001406169371563333135, -0.1171361863258070374 ) ) ;
#4088 = CARTESIAN_POINT ( 'NONE',  ( 0.4383240990372200274, 0.04008607404707484334, -0.02726377977695487037 ) ) ;
#4089 = CARTESIAN_POINT ( 'NONE',  ( 0.4554196763416168414, 0.04500733388959449188, -0.03139570891121379326 ) ) ;
#4090 = DIRECTION ( 'NONE',  ( -1.000000000000000000, 1.644517855226007801E-15, -4.118119432544784945E-12 ) ) ;
#4091 =( CONVERSION_BASED_UNIT ( 'INCH', #3139 ) LENGTH_UNIT ( ) NAMED_UNIT ( #3894 ) );
#4092 = VERTEX_POINT ( 'NONE', #3399 ) ;
#4093 = VECTOR ( 'NONE', #1685, 39.37007874015748143 ) ;
#4094 = ADVANCED_FACE ( 'NONE', ( #649 ), #2658, .F. ) ;
#4095 = DIRECTION ( 'NONE',  ( -0.2761728443425008894, 0.9205744915801069572, 0.2761723474568014147 ) ) ;
#4096 = CARTESIAN_POINT ( 'NONE',  ( 0.5483132623142805695, -0.03078006768520881453, -0.05757874040597037862 ) ) ;
#4097 = ORIENTED_EDGE ( 'NONE', *, *, #3585, .T. ) ;
#4098 = PRESENTATION_LAYER_ASSIGNMENT (  '', '', ( #710 ) ) ;
#4099 = VECTOR ( 'NONE', #3574, 39.37007874015748143 ) ;
#4100 = DIRECTION ( 'NONE',  ( -1.748601263784621748E-15, 0.0000000000000000000, 1.000000000000000000 ) ) ;
#4101 =( LENGTH_UNIT ( ) NAMED_UNIT ( * ) SI_UNIT ( $, .METRE. ) );
#4102 = PLANE ( 'NONE',  #3610 ) ;
#4103 = ORIENTED_EDGE ( 'NONE', *, *, #2859, .T. ) ;
#4104 = CARTESIAN_POINT ( 'NONE',  ( 0.3928014512908295508, 0.1020939480628622886, -0.08218503961889120357 ) ) ;
#4105 = DIRECTION ( 'NONE',  ( -1.644517855226008195E-15, -1.000000000000000000, -2.890435660536364269E-30 ) ) ;
#4106 = LENGTH_MEASURE_WITH_UNIT ( LENGTH_MEASURE( 0.02539999999999999897 ), #666 );
#4107 = VECTOR ( 'NONE', #2451, 39.37007874015748143 ) ;
#4108 = CARTESIAN_POINT ( 'NONE',  ( 0.4645093253070504136, -0.001399555874145671022, -0.4075787404069421416 ) ) ;
#4109 = CARTESIAN_POINT ( 'NONE',  ( 0.5146701546109767600, -0.01880785086054938618, -0.04581343370799370596 ) ) ;
#4110 = STYLED_ITEM ( 'NONE', ( #2891 ), #4043 ) ;
#4111 = DIMENSIONAL_EXPONENTS ( 1.000000000000000000, 0.0000000000000000000, 0.0000000000000000000, 0.0000000000000000000, 0.0000000000000000000, 0.0000000000000000000, 0.0000000000000000000 ) ;
#4112 = DIRECTION ( 'NONE',  ( 1.000000000000000000, -1.644517855226007801E-15, 1.748601263784621748E-15 ) ) ;
#4113 = EDGE_CURVE ( 'NONE', #3274, #3303, #2848, .T. ) ;
#4114 = ADVANCED_FACE ( 'NONE', ( #3991 ), #2340, .T. ) ;
#4115 = ORIENTED_EDGE ( 'NONE', *, *, #3036, .T. ) ;
#4116 =( GEOMETRIC_REPRESENTATION_CONTEXT ( 3 ) GLOBAL_UNCERTAINTY_ASSIGNED_CONTEXT ( ( #2668 ) ) GLOBAL_UNIT_ASSIGNED_CONTEXT ( ( #2084, #346, #13 ) ) REPRESENTATION_CONTEXT ( 'NONE', 'WORKASPACE' ) );
#4117 =( LENGTH_UNIT ( ) NAMED_UNIT ( * ) SI_UNIT ( $, .METRE. ) );
#4118 = DIRECTION ( 'NONE',  ( -1.000000000000000000, 1.644517855226007801E-15, -8.234490263801784106E-12 ) ) ;
#4119 = ADVANCED_FACE ( 'NONE', ( #320 ), #2319, .T. ) ;
#4120 = ADVANCED_FACE ( 'NONE', ( #3659 ), #3380, .T. ) ;
#4121 = ORIENTED_EDGE ( 'NONE', *, *, #3989, .F. ) ;
#4122 = LENGTH_MEASURE_WITH_UNIT ( LENGTH_MEASURE( 0.02539999999999999897 ), #1787 );
#4123 = DIRECTION ( 'NONE',  ( -1.748601263784621748E-15, -1.482966057179117483E-32, 1.000000000000000000 ) ) ;
#4124 =( NAMED_UNIT ( * ) PLANE_ANGLE_UNIT ( ) SI_UNIT ( $, .RADIAN. ) );
#4125 = ORIENTED_EDGE ( 'NONE', *, *, #2812, .F. ) ;
#4126 = PRESENTATION_STYLE_ASSIGNMENT (( #1462 ) ) ;
#4127 = CARTESIAN_POINT ( 'NONE',  ( 0.4554196763377191814, 0.04500733388959449188, -0.07785626009188305330 ) ) ;
#4128 = ORIENTED_EDGE ( 'NONE', *, *, #3901, .F. ) ;
#4129 = SURFACE_SIDE_STYLE ('',( #2809 ) ) ;
#4130 = VECTOR ( 'NONE', #1728, 39.37007874015748143 ) ;
#4131 = ORIENTED_EDGE ( 'NONE', *, *, #3136, .F. ) ;
#4132 = VECTOR ( 'NONE', #593, 39.37007874015748143 ) ;
#4133 = SURFACE_SIDE_STYLE ('',( #2810 ) ) ;
#4134 = PLANE ( 'NONE',  #3800 ) ;
#4135 = ORIENTED_EDGE ( 'NONE', *, *, #2827, .T. ) ;
#4136 = DIRECTION ( 'NONE',  ( 0.6691306063588791098, 0.7431448254773753703, 5.509915440571338380E-12 ) ) ;
#4137 = ORIENTED_EDGE ( 'NONE', *, *, #1727, .F. ) ;
#4138 = EDGE_CURVE ( 'NONE', #1440, #2700, #2140, .T. ) ;
#4139 = VECTOR ( 'NONE', #1499, 39.37007874015748143 ) ;
#4140 = FILL_AREA_STYLE_COLOUR ( '', #3008 ) ;
#4141 = DIRECTION ( 'NONE',  ( -8.234490263801784106E-12, 1.353889066150678860E-26, 1.000000000000000000 ) ) ;
#4142 = VECTOR ( 'NONE', #1909, 39.37007874015748143 ) ;
#4143 =( LENGTH_UNIT ( ) NAMED_UNIT ( * ) SI_UNIT ( $, .METRE. ) );
#4144 = VECTOR ( 'NONE', #405, 39.37007874015748143 ) ;
#4145 = DIMENSIONAL_EXPONENTS ( 1.000000000000000000, 0.0000000000000000000, 0.0000000000000000000, 0.0000000000000000000, 0.0000000000000000000, 0.0000000000000000000, 0.0000000000000000000 ) ;
#4146 = ORIENTED_EDGE ( 'NONE', *, *, #1914, .T. ) ;
#4147 =( CONVERSION_BASED_UNIT ( 'INCH', #80 ) LENGTH_UNIT ( ) NAMED_UNIT ( #419 ) );
#4148 = CARTESIAN_POINT ( 'NONE',  ( 0.4615064727376404496, 0.04500733388959447800, -0.08123784496900907093 ) ) ;
#4149 = EDGE_LOOP ( 'NONE', ( #357, #3538, #1670, #3120 ) ) ;
#4150 = VECTOR ( 'NONE', #1000, 39.37007874015748143 ) ;
#4151 = SURFACE_SIDE_STYLE ('',( #155 ) ) ;
#4152 = FACE_OUTER_BOUND ( 'NONE', #3603, .T. ) ;
#4153 = EDGE_CURVE ( 'NONE', #812, #3951, #89, .T. ) ;
#4154 = ORIENTED_EDGE ( 'NONE', *, *, #3168, .T. ) ;
#4155 = CARTESIAN_POINT ( 'NONE',  ( 0.2019811918225129788, -0.01983667431789037233, -0.06934404710515400250 ) ) ;
#4156 = EDGE_LOOP ( 'NONE', ( #86, #4279, #4351, #3331, #92, #1286, #789, #4162, #1180, #1672 ) ) ;
#4157 = CARTESIAN_POINT ( 'NONE',  ( 0.2031529521231687785, -0.008688119764420850627, -0.02726377977696231580 ) ) ;
#4158 = STYLED_ITEM ( 'NONE', ( #2079 ), #1391 ) ;
#4159 = DIRECTION ( 'NONE',  ( -8.234490263801784106E-12, -1.263142004424646236E-14, 1.000000000000000000 ) ) ;
#4160 = LINE ( 'NONE', #3504, #2037 ) ;
#4161 = CARTESIAN_POINT ( 'NONE',  ( 0.4383240990377192392, 0.04008607404707484334, -0.08789370103679740309 ) ) ;
#4162 = ORIENTED_EDGE ( 'NONE', *, *, #3136, .T. ) ;
#4163 = ORIENTED_EDGE ( 'NONE', *, *, #4171, .T. ) ;
#4164 = ORIENTED_EDGE ( 'NONE', *, *, #944, .F. ) ;
#4165 = CIRCLE ( 'NONE', #1419, 0.01771653543307087283 ) ;
#4166 = LENGTH_MEASURE_WITH_UNIT ( LENGTH_MEASURE( 0.02539999999999999897 ), #822 );
#4167 = DIRECTION ( 'NONE',  ( -1.000000000000000000, 1.644517855226007801E-15, 1.748601263784621354E-15 ) ) ;
#4168 = B_SPLINE_CURVE_WITH_KNOTS ( 'NONE', 3,
 ( #1953, #3333, #2338, #1268 ),
 .UNSPECIFIED., .F., .F.,
 ( 4, 4 ),
 ( 8.534847490080353907E-17, 0.0001438393068347749168 ),
 .UNSPECIFIED. ) ;
#4169 = ADVANCED_FACE ( 'NONE', ( #3438 ), #3810, .T. ) ;
#4170 = EDGE_LOOP ( 'NONE', ( #3296, #1424, #3824, #1374 ) ) ;
#4171 = EDGE_CURVE ( 'NONE', #976, #3061, #1109, .T. ) ;
#4172 = DIMENSIONAL_EXPONENTS ( 1.000000000000000000, 0.0000000000000000000, 0.0000000000000000000, 0.0000000000000000000, 0.0000000000000000000, 0.0000000000000000000, 0.0000000000000000000 ) ;
#4173 = CARTESIAN_POINT ( 'NONE',  ( 0.4578091021359867452, 0.003668751212429131620, -0.1095942470915555050 ) ) ;
#4174 = FILL_AREA_STYLE ('',( #2505 ) ) ;
#4175 =( LENGTH_UNIT ( ) NAMED_UNIT ( * ) SI_UNIT ( $, .METRE. ) );
#4176 = EDGE_LOOP ( 'NONE', ( #2223, #2997, #3779, #3580 ) ) ;
#4177 = EDGE_CURVE ( 'NONE', #1607, #2477, #3633, .T. ) ;
#4178 = DIRECTION ( 'NONE',  ( -0.05226423163383198817, -0.4972609476841254317, -0.8660254037844445918 ) ) ;
#4179 = CARTESIAN_POINT ( 'NONE',  ( 0.4561674782086246882, 0.04500733388959448494, -0.08376177190318229160 ) ) ;
#4180 = CYLINDRICAL_SURFACE ( 'NONE', #1443, 0.007874015748031509832 ) ;
#4181 = COLOUR_RGB ( '',0.2509803921568627416, 0.2509803921568627416, 0.2509803921568627416 ) ;
#4182 = ORIENTED_EDGE ( 'NONE', *, *, #4257, .T. ) ;
#4183 = VERTEX_POINT ( 'NONE', #1733 ) ;
#4184 = AXIS2_PLACEMENT_3D ( 'NONE', #3063, #696, #3688 ) ;
#4185 = CARTESIAN_POINT ( 'NONE',  ( 0.2019811918225118130, -0.01983667431789453914, -0.04581343370859897873 ) ) ;
#4186 = LINE ( 'NONE', #2872, #2826 ) ;
#4187 = LENGTH_MEASURE_WITH_UNIT ( LENGTH_MEASURE( 0.02539999999999999897 ), #2873 );
#4188 = AXIS2_PLACEMENT_3D ( 'NONE', #2062, #3462, #1775 ) ;
#4189 = ORIENTED_EDGE ( 'NONE', *, *, #1226, .T. ) ;
#4190 = AXIS2_PLACEMENT_3D ( 'NONE', #4161, #1473, #2538 ) ;
#4191 = FILL_AREA_STYLE_COLOUR ( '', #872 ) ;
#4192 = DIRECTION ( 'NONE',  ( -0.6691306063588773334, 0.7431448254773770357, -9.637352644315590806E-16 ) ) ;
#4193 = FILL_AREA_STYLE_COLOUR ( '', #3782 ) ;
#4194 = DIRECTION ( 'NONE',  ( 1.000000000000000000, -1.644517855226007801E-15, 1.748601263784621748E-15 ) ) ;
#4195 = ORIENTED_EDGE ( 'NONE', *, *, #4042, .T. ) ;
#4196 = CARTESIAN_POINT ( 'NONE',  ( 0.3496518449916169446, 0.1434325307400277361, -0.07915354355589923618 ) ) ;
#4197 = DIRECTION ( 'NONE',  ( -1.748601263784621748E-15, 0.0000000000000000000, 1.000000000000000000 ) ) ;
#4198 = EDGE_CURVE ( 'NONE', #1405, #3250, #1062, .T. ) ;
#4199 = PRESENTATION_STYLE_ASSIGNMENT (( #2837 ) ) ;
#4200 = ORIENTED_EDGE ( 'NONE', *, *, #610, .F. ) ;
#4201 = DIRECTION ( 'NONE',  ( 1.000000000000000000, -1.644517855226007998E-15, 1.748601263784621946E-15 ) ) ;
#4202 = LINE ( 'NONE', #836, #446 ) ;
#4203 = CARTESIAN_POINT ( 'NONE',  ( 0.5483132623143616158, -0.03570132752772850471, -0.06742126009100976591 ) ) ;
#4204 = STYLED_ITEM ( 'NONE', ( #3835 ), #200 ) ;
#4205 = VECTOR ( 'NONE', #3329, 39.37007874015748143 ) ;
#4206 = CARTESIAN_POINT ( 'NONE',  ( 0.4536010832257899583, 0.04500733388959449188, -0.03701423085452092837 ) ) ;
#4207 = ADVANCED_FACE ( 'NONE', ( #2147 ), #729, .F. ) ;
#4208 = DIMENSIONAL_EXPONENTS ( 1.000000000000000000, 0.0000000000000000000, 0.0000000000000000000, 0.0000000000000000000, 0.0000000000000000000, 0.0000000000000000000, 0.0000000000000000000 ) ;
#4209 = ORIENTED_EDGE ( 'NONE', *, *, #1208, .F. ) ;
#4210 = AXIS2_PLACEMENT_3D ( 'NONE', #1283, #680, #3328 ) ;
#4211 = EDGE_LOOP ( 'NONE', ( #4321, #2375, #3129, #2205 ) ) ;
#4212 = CARTESIAN_POINT ( 'NONE',  ( 0.2443412753444515473, 0.04500733388959483189, -0.08338492120105671368 ) ) ;
#4213 = EDGE_CURVE ( 'NONE', #2630, #2928, #3783, .T. ) ;
#4214 = DIRECTION ( 'NONE',  ( 0.0000000000000000000, 0.0000000000000000000, 1.000000000000000000 ) ) ;
#4215 = ORIENTED_EDGE ( 'NONE', *, *, #2048, .F. ) ;
#4216 = LINE ( 'NONE', #569, #3630 ) ;
#4217 = FACE_OUTER_BOUND ( 'NONE', #2662, .T. ) ;
#4218 = VECTOR ( 'NONE', #2250, 39.37007874015748143 ) ;
#4219 = CYLINDRICAL_SURFACE ( 'NONE', #2706, 0.007874015748031504627 ) ;
#4220 = ORIENTED_EDGE ( 'NONE', *, *, #592, .T. ) ;
#4221 = DIRECTION ( 'NONE',  ( -1.748601263784622143E-15, 0.0000000000000000000, 1.000000000000000000 ) ) ;
#4222 = CARTESIAN_POINT ( 'NONE',  ( 0.2443412753456719322, 0.04500733388959483189, -0.03177255961475747292 ) ) ;
#4223 = VECTOR ( 'NONE', #794, 39.37007874015748143 ) ;
#4224 = ORIENTED_EDGE ( 'NONE', *, *, #3726, .F. ) ;
#4225 = LINE ( 'NONE', #1383, #55 ) ;
#4226 = VECTOR ( 'NONE', #3055, 39.37007874015748854 ) ;
#4227 = CARTESIAN_POINT ( 'NONE',  ( 0.2031529521231688895, -0.008688119764420850627, -0.08789370103680482771 ) ) ;
#4228 =( CONVERSION_BASED_UNIT ( 'INCH', #3138 ) LENGTH_UNIT ( ) NAMED_UNIT ( #2814 ) );
#4229 = DIRECTION ( 'NONE',  ( 1.000000000000000000, -1.644517855226007801E-15, 1.748601263784622143E-15 ) ) ;
#4230 = ORIENTED_EDGE ( 'NONE', *, *, #3200, .T. ) ;
#4231 = EDGE_CURVE ( 'NONE', #929, #1812, #404, .T. ) ;
#4232 = ORIENTED_EDGE ( 'NONE', *, *, #2592, .T. ) ;
#4233 = AXIS2_PLACEMENT_3D ( 'NONE', #3066, #3709, #1088 ) ;
#4234 = EDGE_CURVE ( 'NONE', #613, #491, #2471, .T. ) ;
#4235 = CARTESIAN_POINT ( 'NONE',  ( 0.5147208482177769717, -0.01929016831111298597, -0.04623359301079384143 ) ) ;
#4236 = DIRECTION ( 'NONE',  ( 0.9040697401960466895, -1.445602896647340100E-15, -0.4273849609682733863 ) ) ;
#4237 =( NAMED_UNIT ( * ) SI_UNIT ( $, .STERADIAN. ) SOLID_ANGLE_UNIT ( ) );
#4238 = DIMENSIONAL_EXPONENTS ( 1.000000000000000000, 0.0000000000000000000, 0.0000000000000000000, 0.0000000000000000000, 0.0000000000000000000, 0.0000000000000000000, 0.0000000000000000000 ) ;
#4239 = VERTEX_POINT ( 'NONE', #749 ) ;
#4240 = ADVANCED_FACE ( 'NONE', ( #424 ), #795, .F. ) ;
#4241 = DIRECTION ( 'NONE',  ( 1.644517855226008195E-15, 1.000000000000000000, 2.890435660536364269E-30 ) ) ;
#4242 = CARTESIAN_POINT ( 'NONE',  ( 0.4696401291264987732, 0.03516481420455509765, -0.08789370103656818367 ) ) ;
#4243 = DIRECTION ( 'NONE',  ( 0.2761728431768883940, -0.9205744918961651369, -0.2761723475688889207 ) ) ;
#4244 = ORIENTED_EDGE ( 'NONE', *, *, #2424, .F. ) ;
#4245 = CARTESIAN_POINT ( 'NONE',  ( 0.2148518768365310638, 0.02729079845652401456, -0.02726377977696224642 ) ) ;
#4246 = FACE_OUTER_BOUND ( 'NONE', #2744, .T. ) ;
#4247 = LINE ( 'NONE', #2967, #3436 ) ;
#4248 = VERTEX_POINT ( 'NONE', #203 ) ;
#4249 = CARTESIAN_POINT ( 'NONE',  ( 0.4754786166452389939, 0.03516481420455509072, -0.08789370103649142563 ) ) ;
#4250 = DIRECTION ( 'NONE',  ( 1.000000000000000000, -1.644517855226007801E-15, 1.748601263784622143E-15 ) ) ;
#4251 =( CONVERSION_BASED_UNIT ( 'INCH', #181 ) LENGTH_UNIT ( ) NAMED_UNIT ( #3777 ) );
#4252 = VERTEX_POINT ( 'NONE', #1935 ) ;
#4253 = ORIENTED_EDGE ( 'NONE', *, *, #4318, .T. ) ;
#4254 =( LENGTH_UNIT ( ) NAMED_UNIT ( * ) SI_UNIT ( $, .METRE. ) );
#4255 = CARTESIAN_POINT ( 'NONE',  ( 0.5166199610547631549, -0.02326537358669374111, -0.04773622072119201171 ) ) ;
#4256 = PLANE ( 'NONE',  #1816 ) ;
#4257 = EDGE_CURVE ( 'NONE', #1825, #3466, #580, .T. ) ;
#4258 = FILL_AREA_STYLE_COLOUR ( '', #2519 ) ;
#4259 = ORIENTED_EDGE ( 'NONE', *, *, #1966, .F. ) ;
#4260 = CLOSED_SHELL ( 'NONE', ( #1444, #4048, #3408, #732, #524, #937, #209, #373, #2408, #1561, #2993, #1093, #4119, #742, #1313, #3477, #1449, #4207, #3271, #3375, #507, #149, #4299, #252, #2569, #1585, #2763, #4374, #297, #1969, #450, #2852, #2739, #1342, #129, #2966, #4169, #3453, #3429, #1831, #2481, #4342, #416, #2373, #1620, #3434, #764, #1376, #4114, #2740, #3031, #2379, #2988, #1229, #585, #1829, #159, #1035, #1044, #1859, #930, #1591, #1976, #1174, #1202 ) ) ;
#4261 = ORIENTED_EDGE ( 'NONE', *, *, #4177, .T. ) ;
#4262 = CARTESIAN_POINT ( 'NONE',  ( 0.0000000000000000000, 0.0000000000000000000, 0.0000000000000000000 ) ) ;
#4263 = DIRECTION ( 'NONE',  ( 1.000000000000000000, -1.261858067872522700E-11, 3.775193864338215445E-12 ) ) ;
#4264 = DIRECTION ( 'NONE',  ( -0.9578261420740937782, -0.2873483627227724213, 1.479133750702765530E-08 ) ) ;
#4265 = ORIENTED_EDGE ( 'NONE', *, *, #3795, .T. ) ;
#4266 = VECTOR ( 'NONE', #1239, 39.37007874015748143 ) ;
#4267 = EDGE_CURVE ( 'NONE', #3068, #4036, #2673, .T. ) ;
#4268 = CARTESIAN_POINT ( 'NONE',  ( 0.3829589316058804593, 0.001406169436130047957, 0.001978705532486876081 ) ) ;
#4269 = EDGE_CURVE ( 'NONE', #366, #1003, #3871, .T. ) ;
#4270 = ORIENTED_EDGE ( 'NONE', *, *, #254, .F. ) ;
#4271 =( CONVERSION_BASED_UNIT ( 'INCH', #1883 ) LENGTH_UNIT ( ) NAMED_UNIT ( #1411 ) );
#4272 = STYLED_ITEM ( 'NONE', ( #2764 ), #712 ) ;
#4273 = DIRECTION ( 'NONE',  ( 0.6691306063588791098, 0.7431448254773753703, 5.509915440571338380E-12 ) ) ;
#4274 = ORIENTED_EDGE ( 'NONE', *, *, #1927, .F. ) ;
#4275 = CARTESIAN_POINT ( 'NONE',  ( 0.5048815532786112836, -0.01983667431789086846, -0.04581343370805756460 ) ) ;
#4276 =( LENGTH_UNIT ( ) NAMED_UNIT ( * ) SI_UNIT ( $, .METRE. ) );
#4277 = CARTESIAN_POINT ( 'NONE',  ( 0.2514430687598452341, 0.03516481420455545848, -0.08376177190259220806 ) ) ;
#4278 = LINE ( 'NONE', #979, #521 ) ;
#4279 = ORIENTED_EDGE ( 'NONE', *, *, #846, .T. ) ;
#4280 = FILL_AREA_STYLE ('',( #208 ) ) ;
#4281 = CARTESIAN_POINT ( 'NONE',  ( 0.5148239132102095938, -0.01982654722438630113, -0.04659784562542735459 ) ) ;
#4282 = DIRECTION ( 'NONE',  ( -6.938893903907237213E-14, -0.2873478855663175180, -0.9578262852211598677 ) ) ;
#4283 = FACE_OUTER_BOUND ( 'NONE', #2058, .T. ) ;
#4284 = ORIENTED_EDGE ( 'NONE', *, *, #2231, .T. ) ;
#4285 = VECTOR ( 'NONE', #1190, 39.37007874015748143 ) ;
#4286 = EDGE_LOOP ( 'NONE', ( #488, #214, #975, #744, #2694, #1942, #3653, #2669 ) ) ;
#4287 = COLOUR_RGB ( '',0.7607843137254901578, 0.7607843137254901578, 0.0000000000000000000 ) ;
#4288 = DIRECTION ( 'NONE',  ( 2.698884520361153650E-13, -4.467119842926643659E-28, 1.000000000000000000 ) ) ;
#4289 = ORIENTED_EDGE ( 'NONE', *, *, #3302, .F. ) ;
#4290 = ORIENTED_EDGE ( 'NONE', *, *, #2657, .T. ) ;
#4291 = DIRECTION ( 'NONE',  ( -0.1045284632676950626, 0.9945218953682689600, -8.607386130680116915E-13 ) ) ;
#4292 = CARTESIAN_POINT ( 'NONE',  ( 0.2031529521231688895, -0.008688119764420850627, -0.08789370103680482771 ) ) ;
#4293 =( GEOMETRIC_REPRESENTATION_CONTEXT ( 3 ) GLOBAL_UNCERTAINTY_ASSIGNED_CONTEXT ( ( #2029 ) ) GLOBAL_UNIT_ASSIGNED_CONTEXT ( ( #4147, #1704, #57 ) ) REPRESENTATION_CONTEXT ( 'NONE', 'WORKASPACE' ) );
#4294 = VECTOR ( 'NONE', #3456, 39.37007874015748143 ) ;
#4295 = FACE_OUTER_BOUND ( 'NONE', #2336, .T. ) ;
#4296 = ORIENTED_EDGE ( 'NONE', *, *, #1753, .F. ) ;
#4297 = CIRCLE ( 'NONE', #3938, 0.005905511811023620231 ) ;
#4298 = CIRCLE ( 'NONE', #2905, 0.007874015748031521975 ) ;
#4299 = ADVANCED_FACE ( 'NONE', ( #3552 ), #3613, .F. ) ;
#4300 = CARTESIAN_POINT ( 'NONE',  ( 0.3140612938105223906, 0.1060309559368545623, -0.03198818922499363504 ) ) ;
#4301 = DIRECTION ( 'NONE',  ( -1.748601263784621946E-15, 0.0000000000000000000, 1.000000000000000000 ) ) ;
#4302 = LINE ( 'NONE', #2399, #3319 ) ;
#4303 = FACE_OUTER_BOUND ( 'NONE', #3470, .T. ) ;
#4304 = STYLED_ITEM ( 'NONE', ( #1309 ), #2656 ) ;
#4305 = ORIENTED_EDGE ( 'NONE', *, *, #1884, .F. ) ;
#4306 = AXIS2_PLACEMENT_3D ( 'NONE', #579, #2929, #2677 ) ;
#4307 = LENGTH_MEASURE_WITH_UNIT ( LENGTH_MEASURE( 0.02539999999999999897 ), #3948 );
#4308 = LINE ( 'NONE', #4013, #406 ) ;
#4309 = DIRECTION ( 'NONE',  ( -1.644517855226008195E-15, -1.000000000000000000, -6.123233995736766036E-17 ) ) ;
#4310 = ORIENTED_EDGE ( 'NONE', *, *, #1991, .F. ) ;
#4311 = LINE ( 'NONE', #2979, #2724 ) ;
#4312 = SURFACE_STYLE_USAGE ( .BOTH. , #1277 ) ;
#4313 = CARTESIAN_POINT ( 'NONE',  ( 0.4625214697567742173, 0.04500733388959447800, -0.03177255961278863117 ) ) ;
#4314 = LINE ( 'NONE', #2279, #706 ) ;
#4315 = ORIENTED_EDGE ( 'NONE', *, *, #3874, .T. ) ;
#4316 = LINE ( 'NONE', #3979, #2323 ) ;
#4317 = CARTESIAN_POINT ( 'NONE',  ( 0.4754786166454750829, 0.03516481420467319763, -0.08789370103648942723 ) ) ;
#4318 = EDGE_CURVE ( 'NONE', #3326, #1213, #2930, .T. ) ;
#4319 = CARTESIAN_POINT ( 'NONE',  ( 0.5152344748436951116, -0.02108063623287806734, -0.06791895764953569115 ) ) ;
#4320 = EDGE_CURVE ( 'NONE', #448, #2189, #3915, .T. ) ;
#4321 = ORIENTED_EDGE ( 'NONE', *, *, #1701, .F. ) ;
#4322 = DIRECTION ( 'NONE',  ( 1.748601263784621748E-15, 0.0000000000000000000, -1.000000000000000000 ) ) ;
#4323 = DIRECTION ( 'NONE',  ( 1.644517855226008195E-15, 1.000000000000000000, 2.890435660536364269E-30 ) ) ;
#4324 = ORIENTED_EDGE ( 'NONE', *, *, #2917, .F. ) ;
#4325 = EDGE_CURVE ( 'NONE', #2639, #3571, #511, .T. ) ;
#4326 = CIRCLE ( 'NONE', #2418, 0.01771653543307088671 ) ;
#4327 = PLANE ( 'NONE',  #3012 ) ;
#4328 = FACE_OUTER_BOUND ( 'NONE', #3396, .T. ) ;
#4329 = ORIENTED_EDGE ( 'NONE', *, *, #4177, .F. ) ;
#4330 = VERTEX_POINT ( 'NONE', #1890 ) ;
#4331 = CARTESIAN_POINT ( 'NONE',  ( 0.2453562723633097020, 0.03516481420455546542, -0.03391963584349765720 ) ) ;
#4332 = CARTESIAN_POINT ( 'NONE',  ( 0.2490536793154355943, 0.003668751212429472927, -0.1095942470915550748 ) ) ;
#4333 = LINE ( 'NONE', #3976, #1352 ) ;
#4334 = CIRCLE ( 'NONE', #1789, 0.007874015748031495954 ) ;
#4335 = ORIENTED_EDGE ( 'NONE', *, *, #2917, .T. ) ;
#4336 = CARTESIAN_POINT ( 'NONE',  ( 0.4518565694010655553, 0.05642465672427559448, -0.007578740406095623751 ) ) ;
#4337 = CARTESIAN_POINT ( 'NONE',  ( 0.1897414014858930797, -0.02373449098435562871, -0.06742126009192291047 ) ) ;
#4338 = VECTOR ( 'NONE', #4250, 39.37007874015748143 ) ;
#4339 = DIRECTION ( 'NONE',  ( -1.748601263784622143E-15, 0.0000000000000000000, 1.000000000000000000 ) ) ;
#4340 = ORIENTED_EDGE ( 'NONE', *, *, #1966, .T. ) ;
#4341 = AXIS2_PLACEMENT_3D ( 'NONE', #293, #2000, #2607 ) ;
#4342 = ADVANCED_FACE ( 'NONE', ( #863 ), #2560, .F. ) ;
#4343 = PLANE ( 'NONE',  #631 ) ;
#4344 = DIRECTION ( 'NONE',  ( -1.748601263784621946E-15, 0.0000000000000000000, 1.000000000000000000 ) ) ;
#4345 = DIRECTION ( 'NONE',  ( -1.664296299258047645E-15, 0.04993761694385234762, 0.9987523388778467570 ) ) ;
#4346 = ORIENTED_EDGE ( 'NONE', *, *, #2821, .F. ) ;
#4347 = EDGE_CURVE ( 'NONE', #981, #828, #4202, .T. ) ;
#4348 = PLANE ( 'NONE',  #2099 ) ;
#4349 = CYLINDRICAL_SURFACE ( 'NONE', #2915, 0.005905511811027564992 ) ;
#4350 = ORIENTED_EDGE ( 'NONE', *, *, #3970, .F. ) ;
#4351 = ORIENTED_EDGE ( 'NONE', *, *, #995, .T. ) ;
#4352 = EDGE_CURVE ( 'NONE', #1052, #2633, #1581, .T. ) ;
#4353 = CARTESIAN_POINT ( 'NONE',  ( 0.4754786166449893603, 0.04008607404707478089, -0.05757874040657015580 ) ) ;
#4354 = LINE ( 'NONE', #1254, #3754 ) ;
#4355 = MECHANICAL_DESIGN_GEOMETRIC_PRESENTATION_REPRESENTATION (  '', ( #2060 ), #3643 ) ;
#4356 = VECTOR ( 'NONE', #7, 39.37007874015748143 ) ;
#4357 = DIRECTION ( 'NONE',  ( 1.748601263784622143E-15, 0.0000000000000000000, -1.000000000000000000 ) ) ;
#4358 = EDGE_LOOP ( 'NONE', ( #3525, #1275, #1782, #1571 ) ) ;
#4359 = CIRCLE ( 'NONE', #3999, 0.007874015748031495954 ) ;
#4360 = CARTESIAN_POINT ( 'NONE',  ( 0.4536010832257899583, 0.03516481420455512541, -0.03701423085452092837 ) ) ;
#4361 = DIRECTION ( 'NONE',  ( 8.279256909673125927E-11, 0.0000000000000000000, -1.000000000000000000 ) ) ;
#4362 =( NAMED_UNIT ( * ) PLANE_ANGLE_UNIT ( ) SI_UNIT ( $, .RADIAN. ) );
#4363 = EDGE_LOOP ( 'NONE', ( #348, #2215, #352, #1151 ) ) ;
#4364 = ORIENTED_EDGE ( 'NONE', *, *, #3536, .T. ) ;
#4365 = CARTESIAN_POINT ( 'NONE',  ( 0.1976409002969286566, -0.01405121771457830404, -0.03750000024940325360 ) ) ;
#4366 = SURFACE_STYLE_FILL_AREA ( #317 ) ;
#4367 = FACE_OUTER_BOUND ( 'NONE', #3142, .T. ) ;
#4368 = STYLED_ITEM ( 'NONE', ( #1069 ), #2130 ) ;
#4369 = STYLED_ITEM ( 'NONE', ( #3471 ), #3560 ) ;
#4370 = DIRECTION ( 'NONE',  ( -1.000000000000000000, 1.644517855226007801E-15, 1.748601263784622143E-15 ) ) ;
#4371 =( CONVERSION_BASED_UNIT ( 'INCH', #3038 ) LENGTH_UNIT ( ) NAMED_UNIT ( #2912 ) );
#4372 = ORIENTED_EDGE ( 'NONE', *, *, #2042, .F. ) ;
#4373 = ADVANCED_FACE ( 'NONE', ( #1147 ), #2509, .T. ) ;
#4374 = ADVANCED_FACE ( 'NONE', ( #1225 ), #3838, .F. ) ;
#4375 = AXIS2_PLACEMENT_3D ( 'NONE', #2616, #962, #2322 ) ;
#4376 = ORIENTED_EDGE ( 'NONE', *, *, #398, .T. ) ;
#4377 = FACE_OUTER_BOUND ( 'NONE', #2016, .T. ) ;
#4378 = CARTESIAN_POINT ( 'NONE',  ( 0.3140612938105262764, 0.1020939480628624274, -0.08218503961889105092 ) ) ;
#4379 = LINE ( 'NONE', #3997, #833 ) ;
ENDSEC;
END-ISO-10303-21;
