ISO-10303-21;
HEADER;
FILE_DESCRIPTION((''),'2;1');
FILE_NAME('PTS645SJX73JSMTR92_LFS','2020-03-17T',('Cube.hu'),(''),
'CREO PARAMETRIC BY PTC INC, 2018220','CREO PARAMETRIC BY PTC INC, 2018220','');
FILE_SCHEMA(('CONFIG_CONTROL_DESIGN'));
ENDSEC;
DATA;
#45=CARTESIAN_POINT('',(8.008248092903E0,1.488248092903E0,-1.100000000017E0));
#46=DIRECTION('',(0.E0,0.E0,-1.E0));
#47=DIRECTION('',(4.461406718317E-10,1.E0,0.E0));
#48=AXIS2_PLACEMENT_3D('',#45,#46,#47);
#50=DIRECTION('',(0.E0,-1.E0,0.E0));
#51=VECTOR('',#50,1.238634173548E0);
#52=CARTESIAN_POINT('',(8.01E0,1.488248092903E0,-1.100000000017E0));
#53=LINE('',#52,#51);
#54=CARTESIAN_POINT('',(8.008248092903E0,2.496139193550E-1,-1.100000000017E0));
#55=DIRECTION('',(0.E0,0.E0,-1.E0));
#56=DIRECTION('',(1.E0,-1.141968026478E-10,0.E0));
#57=AXIS2_PLACEMENT_3D('',#54,#55,#56);
#59=DIRECTION('',(-9.848085099195E-1,1.736438849779E-1,0.E0));
#60=VECTOR('',#59,1.040470081033E0);
#61=CARTESIAN_POINT('',(8.008027389201E0,2.478785075631E-1,-1.100000000017E0));
#62=LINE('',#61,#60);
#63=DIRECTION('',(-1.736481776670E-1,-9.848077530122E-1,0.E0));
#64=VECTOR('',#63,2.999999999993E-1);
#65=CARTESIAN_POINT('',(6.983363599083E0,4.285497746370E-1,-1.100000000017E0));
#66=LINE('',#65,#64);
#67=DIRECTION('',(9.848077530122E-1,-1.736481776671E-1,0.E0));
#68=VECTOR('',#67,1.040386080648E0);
#69=CARTESIAN_POINT('',(6.931269145783E0,1.331074487340E-1,-1.100000000017E0));
#70=LINE('',#69,#68);
#71=CARTESIAN_POINT('',(8.008248092903E0,2.496139193550E-1,-1.100000000017E0));
#72=DIRECTION('',(0.E0,0.E0,1.E0));
#73=DIRECTION('',(-1.736481776451E-1,-9.848077530161E-1,0.E0));
#74=AXIS2_PLACEMENT_3D('',#71,#72,#73);
#76=CARTESIAN_POINT('',(8.008248092903E0,1.488248092903E0,-1.100000000017E0));
#77=DIRECTION('',(0.E0,0.E0,1.E0));
#78=DIRECTION('',(1.E0,1.087441402823E-11,0.E0));
#79=AXIS2_PLACEMENT_3D('',#76,#77,#78);
#81=DIRECTION('',(0.E0,-1.E0,0.E0));
#82=VECTOR('',#81,3.E-1);
#83=CARTESIAN_POINT('',(8.E0,1.79E0,-1.100000000017E0));
#84=LINE('',#83,#82);
#85=DIRECTION('',(1.E0,8.480027004027E-12,0.E0));
#86=VECTOR('',#85,8.248092903262E-3);
#87=CARTESIAN_POINT('',(8.E0,1.49E0,-1.100000000017E0));
#88=LINE('',#87,#86);
#89=DIRECTION('',(-3.187767384172E-4,-5.245535025758E-6,9.999999491769E-1));
#90=VECTOR('',#89,7.000000355931E-1);
#91=CARTESIAN_POINT('',(8.008248092903E0,1.49E0,-1.100000000017E0));
#92=LINE('',#91,#90);
#93=DIRECTION('',(0.E0,-3.451207573608E-13,-1.E0));
#94=VECTOR('',#93,7.000000000170E-1);
#95=CARTESIAN_POINT('',(8.01E0,1.488248092903E0,-4.E-1));
#96=LINE('',#95,#94);
#97=DIRECTION('',(0.E0,0.E0,1.E0));
#98=VECTOR('',#97,7.000000000170E-1);
#99=CARTESIAN_POINT('',(8.E0,1.49E0,-1.100000000017E0));
#100=LINE('',#99,#98);
#101=DIRECTION('',(9.999998953206E-1,-4.575573215627E-4,0.E0));
#102=VECTOR('',#101,8.024950015070E-3);
#103=CARTESIAN_POINT('',(8.E0,1.49E0,-4.E-1));
#104=LINE('',#103,#102);
#105=DIRECTION('',(0.E0,0.E0,-1.E0));
#106=VECTOR('',#105,5.4E0);
#107=CARTESIAN_POINT('',(8.E0,3.64E0,-3.E-1));
#108=LINE('',#107,#106);
#109=DIRECTION('',(0.E0,1.E0,0.E0));
#110=VECTOR('',#109,3.E-1);
#111=CARTESIAN_POINT('',(8.E0,4.9E-1,-4.E0));
#112=LINE('',#111,#110);
#113=DIRECTION('',(0.E0,0.E0,1.E0));
#114=VECTOR('',#113,2.E0);
#115=CARTESIAN_POINT('',(8.E0,7.9E-1,-4.E0));
#116=LINE('',#115,#114);
#117=DIRECTION('',(0.E0,0.E0,1.E0));
#118=VECTOR('',#117,6.999999999810E-1);
#119=CARTESIAN_POINT('',(8.E0,1.79E0,-5.6E0));
#120=LINE('',#119,#118);
#121=DIRECTION('',(0.E0,-1.E0,0.E0));
#122=VECTOR('',#121,3.E-1);
#123=CARTESIAN_POINT('',(8.E0,1.79E0,-4.900000000019E0));
#124=LINE('',#123,#122);
#125=DIRECTION('',(0.E0,-1.E0,0.E0));
#126=VECTOR('',#125,3.E-1);
#127=CARTESIAN_POINT('',(8.E0,1.79E0,-4.E-1));
#128=LINE('',#127,#126);
#129=DIRECTION('',(0.E0,0.E0,1.E0));
#130=VECTOR('',#129,7.000000000170E-1);
#131=CARTESIAN_POINT('',(8.E0,1.79E0,-1.100000000017E0));
#132=LINE('',#131,#130);
#133=DIRECTION('',(0.E0,1.E0,0.E0));
#134=VECTOR('',#133,3.15E0);
#135=CARTESIAN_POINT('',(7.7E0,4.9E-1,0.E0));
#136=LINE('',#135,#134);
#137=DIRECTION('',(0.E0,-1.E0,0.E0));
#138=VECTOR('',#137,3.15E0);
#139=CARTESIAN_POINT('',(8.E0,3.64E0,-3.E-1));
#140=LINE('',#139,#138);
#141=DIRECTION('',(0.E0,0.E0,-1.E0));
#142=VECTOR('',#141,8.95E-1);
#143=CARTESIAN_POINT('',(4.3E0,4.9E-1,0.E0));
#144=LINE('',#143,#142);
#145=CARTESIAN_POINT('',(4.43E0,4.9E-1,-8.95E-1));
#146=DIRECTION('',(0.E0,-1.E0,0.E0));
#147=DIRECTION('',(-1.E0,0.E0,0.E0));
#148=AXIS2_PLACEMENT_3D('',#145,#146,#147);
#150=DIRECTION('',(1.E0,0.E0,0.E0));
#151=VECTOR('',#150,1.14E0);
#152=CARTESIAN_POINT('',(4.43E0,4.9E-1,-1.025E0));
#153=LINE('',#152,#151);
#154=CARTESIAN_POINT('',(5.57E0,4.9E-1,-8.95E-1));
#155=DIRECTION('',(0.E0,-1.E0,0.E0));
#156=DIRECTION('',(0.E0,0.E0,-1.E0));
#157=AXIS2_PLACEMENT_3D('',#154,#155,#156);
#159=DIRECTION('',(1.E0,0.E0,0.E0));
#160=VECTOR('',#159,5.5E-1);
#161=CARTESIAN_POINT('',(5.7E0,4.9E-1,0.E0));
#162=LINE('',#161,#160);
#163=DIRECTION('',(0.E0,0.E0,-1.E0));
#164=VECTOR('',#163,1.3E0);
#165=CARTESIAN_POINT('',(6.25E0,4.9E-1,0.E0));
#166=LINE('',#165,#164);
#167=DIRECTION('',(1.E0,0.E0,0.E0));
#168=VECTOR('',#167,1.3E0);
#169=CARTESIAN_POINT('',(6.25E0,4.9E-1,-1.3E0));
#170=LINE('',#169,#168);
#171=DIRECTION('',(1.E0,0.E0,0.E0));
#172=VECTOR('',#171,1.5E-1);
#173=CARTESIAN_POINT('',(7.55E0,4.9E-1,0.E0));
#174=LINE('',#173,#172);
#175=CARTESIAN_POINT('',(7.7E0,4.9E-1,-3.E-1));
#176=DIRECTION('',(0.E0,1.E0,0.E0));
#177=DIRECTION('',(0.E0,0.E0,1.E0));
#178=AXIS2_PLACEMENT_3D('',#175,#176,#177);
#180=DIRECTION('',(0.E0,0.E0,-1.E0));
#181=VECTOR('',#180,1.7E0);
#182=CARTESIAN_POINT('',(8.E0,4.9E-1,-3.E-1));
#183=LINE('',#182,#181);
#184=DIRECTION('',(0.E0,0.E0,1.E0));
#185=VECTOR('',#184,1.7E0);
#186=CARTESIAN_POINT('',(2.E0,4.9E-1,-2.E0));
#187=LINE('',#186,#185);
#188=CARTESIAN_POINT('',(2.3E0,4.9E-1,-3.E-1));
#189=DIRECTION('',(0.E0,1.E0,0.E0));
#190=DIRECTION('',(-1.E0,0.E0,0.E0));
#191=AXIS2_PLACEMENT_3D('',#188,#189,#190);
#193=DIRECTION('',(1.E0,1.654232306691E-13,0.E0));
#194=VECTOR('',#193,1.5E-1);
#195=CARTESIAN_POINT('',(2.3E0,4.9E-1,0.E0));
#196=LINE('',#195,#194);
#197=DIRECTION('',(0.E0,0.E0,-1.E0));
#198=VECTOR('',#197,1.3E0);
#199=CARTESIAN_POINT('',(2.45E0,4.9E-1,0.E0));
#200=LINE('',#199,#198);
#201=DIRECTION('',(1.E0,-1.912999673200E-14,0.E0));
#202=VECTOR('',#201,1.3E0);
#203=CARTESIAN_POINT('',(2.45E0,4.9E-1,-1.3E0));
#204=LINE('',#203,#202);
#205=DIRECTION('',(1.E0,0.E0,0.E0));
#206=VECTOR('',#205,5.5E-1);
#207=CARTESIAN_POINT('',(3.75E0,4.9E-1,0.E0));
#208=LINE('',#207,#206);
#209=DIRECTION('',(0.E0,1.E0,0.E0));
#210=VECTOR('',#209,1.E-1);
#211=CARTESIAN_POINT('',(4.3E0,4.9E-1,0.E0));
#212=LINE('',#211,#210);
#213=DIRECTION('',(0.E0,0.E0,-1.E0));
#214=VECTOR('',#213,8.95E-1);
#215=CARTESIAN_POINT('',(4.3E0,5.9E-1,0.E0));
#216=LINE('',#215,#214);
#217=DIRECTION('',(0.E0,-1.E0,0.E0));
#218=VECTOR('',#217,1.E-1);
#219=CARTESIAN_POINT('',(4.43E0,5.9E-1,-1.025E0));
#220=LINE('',#219,#218);
#221=DIRECTION('',(0.E0,1.E0,0.E0));
#222=VECTOR('',#221,1.E-1);
#223=CARTESIAN_POINT('',(4.3E0,4.9E-1,-8.95E-1));
#224=LINE('',#223,#222);
#225=CARTESIAN_POINT('',(5.57E0,5.9E-1,-8.95E-1));
#226=DIRECTION('',(0.E0,1.E0,0.E0));
#227=DIRECTION('',(1.E0,0.E0,0.E0));
#228=AXIS2_PLACEMENT_3D('',#225,#226,#227);
#230=CARTESIAN_POINT('',(4.43E0,5.9E-1,-8.95E-1));
#231=DIRECTION('',(0.E0,1.E0,0.E0));
#232=DIRECTION('',(0.E0,0.E0,-1.E0));
#233=AXIS2_PLACEMENT_3D('',#230,#231,#232);
#235=DIRECTION('',(1.E0,0.E0,0.E0));
#236=VECTOR('',#235,1.4E0);
#237=CARTESIAN_POINT('',(4.3E0,5.9E-1,0.E0));
#238=LINE('',#237,#236);
#239=DIRECTION('',(0.E0,-1.E0,0.E0));
#240=VECTOR('',#239,1.E-1);
#241=CARTESIAN_POINT('',(5.7E0,5.9E-1,-8.95E-1));
#242=LINE('',#241,#240);
#243=DIRECTION('',(0.E0,1.E0,0.E0));
#244=VECTOR('',#243,1.E-1);
#245=CARTESIAN_POINT('',(5.57E0,4.9E-1,-1.025E0));
#246=LINE('',#245,#244);
#247=DIRECTION('',(0.E0,0.E0,1.E0));
#248=VECTOR('',#247,8.95E-1);
#249=CARTESIAN_POINT('',(5.7E0,5.9E-1,-8.95E-1));
#250=LINE('',#249,#248);
#251=DIRECTION('',(0.E0,0.E0,-1.E0));
#252=VECTOR('',#251,8.95E-1);
#253=CARTESIAN_POINT('',(5.7E0,4.9E-1,0.E0));
#254=LINE('',#253,#252);
#255=DIRECTION('',(0.E0,1.E0,0.E0));
#256=VECTOR('',#255,1.789146516911E-1);
#257=CARTESIAN_POINT('',(3.75E0,4.9E-1,0.E0));
#258=LINE('',#257,#256);
#259=CARTESIAN_POINT('',(3.62E0,6.689146516911E-1,0.E0));
#260=DIRECTION('',(0.E0,0.E0,1.E0));
#261=DIRECTION('',(1.E0,0.E0,0.E0));
#262=AXIS2_PLACEMENT_3D('',#259,#260,#261);
#264=DIRECTION('',(-9.659258262891E-1,-2.588190451025E-1,0.E0));
#265=VECTOR('',#264,1.176439736064E0);
#266=CARTESIAN_POINT('',(3.586353524137E0,7.944850091088E-1,0.E0));
#267=LINE('',#266,#265);
#268=DIRECTION('',(1.E0,0.E0,0.E0));
#269=VECTOR('',#268,5.4E0);
#270=CARTESIAN_POINT('',(2.3E0,3.64E0,0.E0));
#271=LINE('',#270,#269);
#272=DIRECTION('',(-9.659258262891E-1,2.588190451025E-1,0.E0));
#273=VECTOR('',#272,1.176439736064E0);
#274=CARTESIAN_POINT('',(7.55E0,4.9E-1,0.E0));
#275=LINE('',#274,#273);
#276=CARTESIAN_POINT('',(6.38E0,6.689146516911E-1,0.E0));
#277=DIRECTION('',(0.E0,0.E0,1.E0));
#278=DIRECTION('',(2.588190450972E-1,9.659258262905E-1,0.E0));
#279=AXIS2_PLACEMENT_3D('',#276,#277,#278);
#281=DIRECTION('',(0.E0,1.E0,0.E0));
#282=VECTOR('',#281,1.E-1);
#283=CARTESIAN_POINT('',(5.7E0,4.9E-1,0.E0));
#284=LINE('',#283,#282);
#285=DIRECTION('',(0.E0,0.E0,-1.E0));
#286=VECTOR('',#285,1.3E0);
#287=CARTESIAN_POINT('',(3.75E0,4.9E-1,0.E0));
#288=LINE('',#287,#286);
#289=DIRECTION('',(0.E0,1.E0,0.E0));
#290=VECTOR('',#289,1.789146516911E-1);
#291=CARTESIAN_POINT('',(3.75E0,4.9E-1,-1.3E0));
#292=LINE('',#291,#290);
#293=DIRECTION('',(-4.099285014001E-14,-2.006941621438E-14,1.E0));
#294=VECTOR('',#293,1.3E0);
#295=CARTESIAN_POINT('',(3.586353524137E0,7.944850091088E-1,-1.3E0));
#296=LINE('',#295,#294);
#297=DIRECTION('',(0.E0,0.E0,-1.E0));
#298=VECTOR('',#297,1.3E0);
#299=CARTESIAN_POINT('',(3.75E0,6.689146516911E-1,0.E0));
#300=LINE('',#299,#298);
#301=CARTESIAN_POINT('',(3.62E0,6.689146516911E-1,-1.3E0));
#302=DIRECTION('',(0.E0,0.E0,-1.E0));
#303=DIRECTION('',(-2.588190450955E-1,9.659258262909E-1,0.E0));
#304=AXIS2_PLACEMENT_3D('',#301,#302,#303);
#306=DIRECTION('',(9.659258262891E-1,2.588190451025E-1,0.E0));
#307=VECTOR('',#306,1.176439736064E0);
#308=CARTESIAN_POINT('',(2.45E0,4.9E-1,-1.3E0));
#309=LINE('',#308,#307);
#310=DIRECTION('',(0.E0,1.E0,0.E0));
#311=VECTOR('',#310,3.15E0);
#312=CARTESIAN_POINT('',(2.E0,4.9E-1,-3.E-1));
#313=LINE('',#312,#311);
#314=DIRECTION('',(0.E0,-1.E0,0.E0));
#315=VECTOR('',#314,3.15E0);
#316=CARTESIAN_POINT('',(2.3E0,3.64E0,0.E0));
#317=LINE('',#316,#315);
#318=DIRECTION('',(0.E0,0.E0,1.E0));
#319=VECTOR('',#318,5.4E0);
#320=CARTESIAN_POINT('',(2.E0,3.64E0,-5.7E0));
#321=LINE('',#320,#319);
#322=DIRECTION('',(0.E0,1.E0,0.E0));
#323=VECTOR('',#322,3.E-1);
#324=CARTESIAN_POINT('',(2.E0,4.9E-1,-2.E0));
#325=LINE('',#324,#323);
#326=DIRECTION('',(0.E0,0.E0,1.E0));
#327=VECTOR('',#326,6.999999999810E-1);
#328=CARTESIAN_POINT('',(2.E0,1.49E0,-5.6E0));
#329=LINE('',#328,#327);
#330=DIRECTION('',(0.E0,-1.E0,0.E0));
#331=VECTOR('',#330,3.E-1);
#332=CARTESIAN_POINT('',(2.E0,1.79E0,-5.6E0));
#333=LINE('',#332,#331);
#334=DIRECTION('',(0.E0,-1.E0,0.E0));
#335=VECTOR('',#334,3.E-1);
#336=CARTESIAN_POINT('',(2.E0,1.79E0,-1.100000000017E0));
#337=LINE('',#336,#335);
#338=DIRECTION('',(0.E0,1.E0,0.E0));
#339=VECTOR('',#338,3.15E0);
#340=CARTESIAN_POINT('',(2.3E0,4.9E-1,-6.E0));
#341=LINE('',#340,#339);
#342=DIRECTION('',(0.E0,-1.E0,0.E0));
#343=VECTOR('',#342,3.15E0);
#344=CARTESIAN_POINT('',(2.E0,3.64E0,-5.7E0));
#345=LINE('',#344,#343);
#346=DIRECTION('',(0.E0,0.E0,1.E0));
#347=VECTOR('',#346,8.95E-1);
#348=CARTESIAN_POINT('',(5.7E0,4.9E-1,-6.E0));
#349=LINE('',#348,#347);
#350=CARTESIAN_POINT('',(5.57E0,4.9E-1,-5.105E0));
#351=DIRECTION('',(0.E0,-1.E0,0.E0));
#352=DIRECTION('',(1.E0,0.E0,0.E0));
#353=AXIS2_PLACEMENT_3D('',#350,#351,#352);
#355=DIRECTION('',(-1.E0,0.E0,0.E0));
#356=VECTOR('',#355,1.14E0);
#357=CARTESIAN_POINT('',(5.57E0,4.9E-1,-4.975E0));
#358=LINE('',#357,#356);
#359=CARTESIAN_POINT('',(4.43E0,4.9E-1,-5.105E0));
#360=DIRECTION('',(0.E0,-1.E0,0.E0));
#361=DIRECTION('',(4.099285014001E-14,0.E0,1.E0));
#362=AXIS2_PLACEMENT_3D('',#359,#360,#361);
#364=DIRECTION('',(-1.E0,0.E0,0.E0));
#365=VECTOR('',#364,5.5E-1);
#366=CARTESIAN_POINT('',(4.3E0,4.9E-1,-6.E0));
#367=LINE('',#366,#365);
#368=DIRECTION('',(0.E0,0.E0,1.E0));
#369=VECTOR('',#368,1.3E0);
#370=CARTESIAN_POINT('',(3.75E0,4.9E-1,-6.E0));
#371=LINE('',#370,#369);
#372=DIRECTION('',(-1.E0,-1.654232306691E-13,0.E0));
#373=VECTOR('',#372,1.5E-1);
#374=CARTESIAN_POINT('',(2.45E0,4.9E-1,-6.E0));
#375=LINE('',#374,#373);
#376=CARTESIAN_POINT('',(2.3E0,4.9E-1,-5.7E0));
#377=DIRECTION('',(0.E0,1.E0,0.E0));
#378=DIRECTION('',(0.E0,0.E0,-1.E0));
#379=AXIS2_PLACEMENT_3D('',#376,#377,#378);
#381=DIRECTION('',(0.E0,0.E0,1.E0));
#382=VECTOR('',#381,1.7E0);
#383=CARTESIAN_POINT('',(2.E0,4.9E-1,-5.7E0));
#384=LINE('',#383,#382);
#385=DIRECTION('',(1.E0,0.E0,0.E0));
#386=VECTOR('',#385,6.E0);
#387=CARTESIAN_POINT('',(2.E0,4.9E-1,-4.E0));
#388=LINE('',#387,#386);
#389=DIRECTION('',(0.E0,0.E0,-1.E0));
#390=VECTOR('',#389,1.7E0);
#391=CARTESIAN_POINT('',(8.E0,4.9E-1,-4.E0));
#392=LINE('',#391,#390);
#393=CARTESIAN_POINT('',(7.7E0,4.9E-1,-5.7E0));
#394=DIRECTION('',(0.E0,1.E0,0.E0));
#395=DIRECTION('',(1.E0,0.E0,0.E0));
#396=AXIS2_PLACEMENT_3D('',#393,#394,#395);
#398=DIRECTION('',(-1.E0,0.E0,0.E0));
#399=VECTOR('',#398,1.5E-1);
#400=CARTESIAN_POINT('',(7.7E0,4.9E-1,-6.E0));
#401=LINE('',#400,#399);
#402=DIRECTION('',(3.347749428100E-14,0.E0,1.E0));
#403=VECTOR('',#402,1.3E0);
#404=CARTESIAN_POINT('',(7.55E0,4.9E-1,-6.E0));
#405=LINE('',#404,#403);
#406=DIRECTION('',(-1.E0,0.E0,0.E0));
#407=VECTOR('',#406,5.5E-1);
#408=CARTESIAN_POINT('',(6.25E0,4.9E-1,-6.E0));
#409=LINE('',#408,#407);
#410=DIRECTION('',(0.E0,1.E0,0.E0));
#411=VECTOR('',#410,1.E-1);
#412=CARTESIAN_POINT('',(5.7E0,4.9E-1,-6.E0));
#413=LINE('',#412,#411);
#414=DIRECTION('',(0.E0,0.E0,1.E0));
#415=VECTOR('',#414,8.95E-1);
#416=CARTESIAN_POINT('',(5.7E0,5.9E-1,-6.E0));
#417=LINE('',#416,#415);
#418=DIRECTION('',(0.E0,-1.E0,0.E0));
#419=VECTOR('',#418,1.E-1);
#420=CARTESIAN_POINT('',(5.57E0,5.9E-1,-4.975E0));
#421=LINE('',#420,#419);
#422=DIRECTION('',(0.E0,1.E0,0.E0));
#423=VECTOR('',#422,1.E-1);
#424=CARTESIAN_POINT('',(5.7E0,4.9E-1,-5.105E0));
#425=LINE('',#424,#423);
#426=CARTESIAN_POINT('',(5.57E0,5.9E-1,-5.105E0));
#427=DIRECTION('',(0.E0,1.E0,0.E0));
#428=DIRECTION('',(-4.099285014001E-14,0.E0,1.E0));
#429=AXIS2_PLACEMENT_3D('',#426,#427,#428);
#431=CARTESIAN_POINT('',(4.43E0,5.9E-1,-5.105E0));
#432=DIRECTION('',(0.E0,1.E0,0.E0));
#433=DIRECTION('',(-1.E0,0.E0,0.E0));
#434=AXIS2_PLACEMENT_3D('',#431,#432,#433);
#436=DIRECTION('',(9.659258262891E-1,2.588190451025E-1,0.E0));
#437=VECTOR('',#436,1.176439736064E0);
#438=CARTESIAN_POINT('',(2.45E0,4.9E-1,-6.E0));
#439=LINE('',#438,#437);
#440=CARTESIAN_POINT('',(3.62E0,6.689146516911E-1,-6.E0));
#441=DIRECTION('',(0.E0,0.E0,-1.E0));
#442=DIRECTION('',(-2.588190450955E-1,9.659258262909E-1,0.E0));
#443=AXIS2_PLACEMENT_3D('',#440,#441,#442);
#445=DIRECTION('',(0.E0,1.E0,0.E0));
#446=VECTOR('',#445,1.E-1);
#447=CARTESIAN_POINT('',(4.3E0,4.9E-1,-6.E0));
#448=LINE('',#447,#446);
#449=DIRECTION('',(1.E0,0.E0,0.E0));
#450=VECTOR('',#449,1.4E0);
#451=CARTESIAN_POINT('',(4.3E0,5.9E-1,-6.E0));
#452=LINE('',#451,#450);
#453=DIRECTION('',(0.E0,1.E0,0.E0));
#454=VECTOR('',#453,1.789146516911E-1);
#455=CARTESIAN_POINT('',(6.25E0,4.9E-1,-6.E0));
#456=LINE('',#455,#454);
#457=CARTESIAN_POINT('',(6.38E0,6.689146516911E-1,-6.E0));
#458=DIRECTION('',(0.E0,0.E0,-1.E0));
#459=DIRECTION('',(-1.E0,0.E0,0.E0));
#460=AXIS2_PLACEMENT_3D('',#457,#458,#459);
#462=DIRECTION('',(9.659258262891E-1,-2.588190451025E-1,0.E0));
#463=VECTOR('',#462,1.176439736064E0);
#464=CARTESIAN_POINT('',(6.413646475863E0,7.944850091088E-1,-6.E0));
#465=LINE('',#464,#463);
#466=DIRECTION('',(-1.E0,0.E0,0.E0));
#467=VECTOR('',#466,5.4E0);
#468=CARTESIAN_POINT('',(7.7E0,3.64E0,-6.E0));
#469=LINE('',#468,#467);
#470=DIRECTION('',(3.347749428100E-14,0.E0,1.E0));
#471=VECTOR('',#470,1.3E0);
#472=CARTESIAN_POINT('',(2.45E0,4.9E-1,-6.E0));
#473=LINE('',#472,#471);
#474=DIRECTION('',(-4.748338474551E-14,-2.177745163688E-14,1.E0));
#475=VECTOR('',#474,1.3E0);
#476=CARTESIAN_POINT('',(3.586353524137E0,7.944850091088E-1,-6.E0));
#477=LINE('',#476,#475);
#478=DIRECTION('',(0.E0,0.E0,-1.E0));
#479=VECTOR('',#478,1.3E0);
#480=CARTESIAN_POINT('',(3.75E0,6.689146516911E-1,-4.7E0));
#481=LINE('',#480,#479);
#482=CARTESIAN_POINT('',(3.62E0,6.689146516911E-1,-4.7E0));
#483=DIRECTION('',(0.E0,0.E0,1.E0));
#484=DIRECTION('',(1.E0,0.E0,0.E0));
#485=AXIS2_PLACEMENT_3D('',#482,#483,#484);
#487=DIRECTION('',(-9.659258262891E-1,-2.588190451025E-1,0.E0));
#488=VECTOR('',#487,1.176439736064E0);
#489=CARTESIAN_POINT('',(3.586353524137E0,7.944850091088E-1,-4.7E0));
#490=LINE('',#489,#488);
#491=DIRECTION('',(1.E0,-1.900189407532E-14,0.E0));
#492=VECTOR('',#491,1.3E0);
#493=CARTESIAN_POINT('',(2.45E0,4.9E-1,-4.7E0));
#494=LINE('',#493,#492);
#495=DIRECTION('',(0.E0,1.E0,0.E0));
#496=VECTOR('',#495,1.789146516911E-1);
#497=CARTESIAN_POINT('',(3.75E0,4.9E-1,-4.7E0));
#498=LINE('',#497,#496);
#499=DIRECTION('',(0.E0,1.E0,1.489277280488E-14));
#500=VECTOR('',#499,1.789146516911E-1);
#501=CARTESIAN_POINT('',(3.75E0,4.9E-1,-6.E0));
#502=LINE('',#501,#500);
#503=DIRECTION('',(0.E0,0.E0,-1.E0));
#504=VECTOR('',#503,8.95E-1);
#505=CARTESIAN_POINT('',(4.3E0,5.9E-1,-5.105E0));
#506=LINE('',#505,#504);
#507=DIRECTION('',(0.E0,0.E0,1.E0));
#508=VECTOR('',#507,8.95E-1);
#509=CARTESIAN_POINT('',(4.3E0,4.9E-1,-6.E0));
#510=LINE('',#509,#508);
#511=DIRECTION('',(0.E0,-1.E0,0.E0));
#512=VECTOR('',#511,1.E-1);
#513=CARTESIAN_POINT('',(4.3E0,5.9E-1,-5.105E0));
#514=LINE('',#513,#512);
#515=DIRECTION('',(0.E0,1.E0,0.E0));
#516=VECTOR('',#515,1.E-1);
#517=CARTESIAN_POINT('',(4.43E0,4.9E-1,-4.975E0));
#518=LINE('',#517,#516);
#519=DIRECTION('',(-1.E0,0.E0,0.E0));
#520=VECTOR('',#519,1.14E0);
#521=CARTESIAN_POINT('',(5.57E0,5.9E-1,-4.975E0));
#522=LINE('',#521,#520);
#523=DIRECTION('',(0.E0,0.E0,1.E0));
#524=VECTOR('',#523,1.3E0);
#525=CARTESIAN_POINT('',(6.25E0,4.9E-1,-6.E0));
#526=LINE('',#525,#524);
#527=DIRECTION('',(0.E0,0.E0,1.E0));
#528=VECTOR('',#527,1.3E0);
#529=CARTESIAN_POINT('',(6.25E0,6.689146516911E-1,-6.E0));
#530=LINE('',#529,#528);
#531=DIRECTION('',(0.E0,0.E0,-1.E0));
#532=VECTOR('',#531,1.3E0);
#533=CARTESIAN_POINT('',(6.413646475863E0,7.944850091088E-1,-4.7E0));
#534=LINE('',#533,#532);
#535=CARTESIAN_POINT('',(6.38E0,6.689146516911E-1,-4.7E0));
#536=DIRECTION('',(0.E0,0.E0,1.E0));
#537=DIRECTION('',(2.588190450972E-1,9.659258262905E-1,0.E0));
#538=AXIS2_PLACEMENT_3D('',#535,#536,#537);
#540=DIRECTION('',(0.E0,-1.E0,0.E0));
#541=VECTOR('',#540,1.789146516911E-1);
#542=CARTESIAN_POINT('',(6.25E0,6.689146516911E-1,-4.7E0));
#543=LINE('',#542,#541);
#544=DIRECTION('',(1.E0,0.E0,0.E0));
#545=VECTOR('',#544,1.3E0);
#546=CARTESIAN_POINT('',(6.25E0,4.9E-1,-4.7E0));
#547=LINE('',#546,#545);
#548=DIRECTION('',(-9.659258262891E-1,2.588190451025E-1,0.E0));
#549=VECTOR('',#548,1.176439736064E0);
#550=CARTESIAN_POINT('',(7.55E0,4.9E-1,-4.7E0));
#551=LINE('',#550,#549);
#552=DIRECTION('',(0.E0,1.E0,0.E0));
#553=VECTOR('',#552,3.15E0);
#554=CARTESIAN_POINT('',(8.E0,4.9E-1,-5.7E0));
#555=LINE('',#554,#553);
#556=DIRECTION('',(0.E0,-1.E0,0.E0));
#557=VECTOR('',#556,3.15E0);
#558=CARTESIAN_POINT('',(7.7E0,3.64E0,-6.E0));
#559=LINE('',#558,#557);
#560=CARTESIAN_POINT('',(2.3E0,3.64E0,-5.7E0));
#561=DIRECTION('',(0.E0,-1.E0,0.E0));
#562=DIRECTION('',(-1.E0,0.E0,0.E0));
#563=AXIS2_PLACEMENT_3D('',#560,#561,#562);
#565=CARTESIAN_POINT('',(7.7E0,3.64E0,-5.7E0));
#566=DIRECTION('',(0.E0,-1.E0,0.E0));
#567=DIRECTION('',(0.E0,0.E0,-1.E0));
#568=AXIS2_PLACEMENT_3D('',#565,#566,#567);
#570=CARTESIAN_POINT('',(7.7E0,3.64E0,-3.E-1));
#571=DIRECTION('',(0.E0,-1.E0,0.E0));
#572=DIRECTION('',(1.E0,0.E0,0.E0));
#573=AXIS2_PLACEMENT_3D('',#570,#571,#572);
#575=CARTESIAN_POINT('',(2.3E0,3.64E0,-3.E-1));
#576=DIRECTION('',(0.E0,-1.E0,0.E0));
#577=DIRECTION('',(0.E0,0.E0,1.E0));
#578=AXIS2_PLACEMENT_3D('',#575,#576,#577);
#580=CARTESIAN_POINT('',(7.65E0,3.64E0,-3.5E-1));
#581=DIRECTION('',(0.E0,1.E0,0.E0));
#582=DIRECTION('',(0.E0,0.E0,1.E0));
#583=AXIS2_PLACEMENT_3D('',#580,#581,#582);
#585=DIRECTION('',(0.E0,0.E0,-1.E0));
#586=VECTOR('',#585,1.05E0);
#587=CARTESIAN_POINT('',(7.95E0,3.64E0,-3.5E-1));
#588=LINE('',#587,#586);
#589=DIRECTION('',(-7.071067811865E-1,0.E0,-7.071067811865E-1));
#590=VECTOR('',#589,1.414213562373E-1);
#591=CARTESIAN_POINT('',(7.95E0,3.64E0,-1.4E0));
#592=LINE('',#591,#590);
#593=DIRECTION('',(0.E0,0.E0,-1.E0));
#594=VECTOR('',#593,3.E0);
#595=CARTESIAN_POINT('',(7.85E0,3.64E0,-1.5E0));
#596=LINE('',#595,#594);
#597=DIRECTION('',(7.071067811865E-1,0.E0,-7.071067811866E-1));
#598=VECTOR('',#597,1.414213562373E-1);
#599=CARTESIAN_POINT('',(7.85E0,3.64E0,-4.5E0));
#600=LINE('',#599,#598);
#601=DIRECTION('',(0.E0,0.E0,-1.E0));
#602=VECTOR('',#601,1.05E0);
#603=CARTESIAN_POINT('',(7.95E0,3.64E0,-4.6E0));
#604=LINE('',#603,#602);
#605=CARTESIAN_POINT('',(7.65E0,3.64E0,-5.65E0));
#606=DIRECTION('',(0.E0,1.E0,0.E0));
#607=DIRECTION('',(1.E0,0.E0,1.184237892934E-14));
#608=AXIS2_PLACEMENT_3D('',#605,#606,#607);
#610=DIRECTION('',(-1.E0,0.E0,0.E0));
#611=VECTOR('',#610,1.05E0);
#612=CARTESIAN_POINT('',(7.65E0,3.64E0,-5.95E0));
#613=LINE('',#612,#611);
#614=DIRECTION('',(-7.071067811866E-1,0.E0,7.071067811865E-1));
#615=VECTOR('',#614,1.414213562373E-1);
#616=CARTESIAN_POINT('',(6.6E0,3.64E0,-5.95E0));
#617=LINE('',#616,#615);
#618=DIRECTION('',(-1.E0,0.E0,0.E0));
#619=VECTOR('',#618,3.E0);
#620=CARTESIAN_POINT('',(6.5E0,3.64E0,-5.85E0));
#621=LINE('',#620,#619);
#622=DIRECTION('',(-7.071067811866E-1,0.E0,-7.071067811865E-1));
#623=VECTOR('',#622,1.414213562373E-1);
#624=CARTESIAN_POINT('',(3.5E0,3.64E0,-5.85E0));
#625=LINE('',#624,#623);
#626=DIRECTION('',(-1.E0,0.E0,0.E0));
#627=VECTOR('',#626,1.05E0);
#628=CARTESIAN_POINT('',(3.4E0,3.64E0,-5.95E0));
#629=LINE('',#628,#627);
#630=CARTESIAN_POINT('',(2.35E0,3.64E0,-5.65E0));
#631=DIRECTION('',(0.E0,1.E0,0.E0));
#632=DIRECTION('',(-1.184237892934E-14,0.E0,-1.E0));
#633=AXIS2_PLACEMENT_3D('',#630,#631,#632);
#635=DIRECTION('',(0.E0,0.E0,1.E0));
#636=VECTOR('',#635,1.05E0);
#637=CARTESIAN_POINT('',(2.05E0,3.64E0,-5.65E0));
#638=LINE('',#637,#636);
#639=DIRECTION('',(7.071067811866E-1,0.E0,7.071067811865E-1));
#640=VECTOR('',#639,1.414213562373E-1);
#641=CARTESIAN_POINT('',(2.05E0,3.64E0,-4.6E0));
#642=LINE('',#641,#640);
#643=DIRECTION('',(0.E0,0.E0,1.E0));
#644=VECTOR('',#643,3.E0);
#645=CARTESIAN_POINT('',(2.15E0,3.64E0,-4.5E0));
#646=LINE('',#645,#644);
#647=DIRECTION('',(-7.071067811865E-1,0.E0,7.071067811865E-1));
#648=VECTOR('',#647,1.414213562373E-1);
#649=CARTESIAN_POINT('',(2.15E0,3.64E0,-1.5E0));
#650=LINE('',#649,#648);
#651=DIRECTION('',(0.E0,0.E0,1.E0));
#652=VECTOR('',#651,1.05E0);
#653=CARTESIAN_POINT('',(2.05E0,3.64E0,-1.4E0));
#654=LINE('',#653,#652);
#655=CARTESIAN_POINT('',(2.35E0,3.64E0,-3.5E-1));
#656=DIRECTION('',(0.E0,1.E0,0.E0));
#657=DIRECTION('',(-1.E0,0.E0,-2.257453483404E-14));
#658=AXIS2_PLACEMENT_3D('',#655,#656,#657);
#660=DIRECTION('',(1.E0,0.E0,0.E0));
#661=VECTOR('',#660,1.05E0);
#662=CARTESIAN_POINT('',(2.35E0,3.64E0,-5.E-2));
#663=LINE('',#662,#661);
#664=DIRECTION('',(7.071067811866E-1,0.E0,-7.071067811865E-1));
#665=VECTOR('',#664,1.414213562373E-1);
#666=CARTESIAN_POINT('',(3.4E0,3.64E0,-5.E-2));
#667=LINE('',#666,#665);
#668=DIRECTION('',(1.E0,0.E0,0.E0));
#669=VECTOR('',#668,3.E0);
#670=CARTESIAN_POINT('',(3.5E0,3.64E0,-1.5E-1));
#671=LINE('',#670,#669);
#672=DIRECTION('',(7.071067811865E-1,0.E0,7.071067811865E-1));
#673=VECTOR('',#672,1.414213562373E-1);
#674=CARTESIAN_POINT('',(6.5E0,3.64E0,-1.5E-1));
#675=LINE('',#674,#673);
#676=DIRECTION('',(1.E0,0.E0,0.E0));
#677=VECTOR('',#676,1.05E0);
#678=CARTESIAN_POINT('',(6.6E0,3.64E0,-5.E-2));
#679=LINE('',#678,#677);
#680=DIRECTION('',(0.E0,1.E0,0.E0));
#681=VECTOR('',#680,3.E-1);
#682=CARTESIAN_POINT('',(7.65E0,3.64E0,-5.E-2));
#683=LINE('',#682,#681);
#684=DIRECTION('',(0.E0,-1.E0,0.E0));
#685=VECTOR('',#684,3.E-1);
#686=CARTESIAN_POINT('',(7.95E0,3.94E0,-3.5E-1));
#687=LINE('',#686,#685);
#688=DIRECTION('',(0.E0,-1.E0,0.E0));
#689=VECTOR('',#688,3.E-1);
#690=CARTESIAN_POINT('',(6.6E0,3.94E0,-5.E-2));
#691=LINE('',#690,#689);
#692=DIRECTION('',(0.E0,-1.E0,0.E0));
#693=VECTOR('',#692,3.E-1);
#694=CARTESIAN_POINT('',(6.5E0,3.94E0,-1.5E-1));
#695=LINE('',#694,#693);
#696=DIRECTION('',(0.E0,-1.E0,0.E0));
#697=VECTOR('',#696,3.E-1);
#698=CARTESIAN_POINT('',(3.5E0,3.94E0,-1.5E-1));
#699=LINE('',#698,#697);
#700=DIRECTION('',(1.480297366167E-14,-1.E0,0.E0));
#701=VECTOR('',#700,3.E-1);
#702=CARTESIAN_POINT('',(3.4E0,3.94E0,-5.E-2));
#703=LINE('',#702,#701);
#704=DIRECTION('',(0.E0,1.E0,0.E0));
#705=VECTOR('',#704,3.E-1);
#706=CARTESIAN_POINT('',(2.05E0,3.64E0,-3.5E-1));
#707=LINE('',#706,#705);
#708=DIRECTION('',(0.E0,-1.E0,0.E0));
#709=VECTOR('',#708,3.E-1);
#710=CARTESIAN_POINT('',(2.35E0,3.94E0,-5.E-2));
#711=LINE('',#710,#709);
#712=DIRECTION('',(0.E0,-1.E0,0.E0));
#713=VECTOR('',#712,3.E-1);
#714=CARTESIAN_POINT('',(2.05E0,3.94E0,-1.4E0));
#715=LINE('',#714,#713);
#716=DIRECTION('',(0.E0,-1.E0,0.E0));
#717=VECTOR('',#716,3.E-1);
#718=CARTESIAN_POINT('',(2.15E0,3.94E0,-1.5E0));
#719=LINE('',#718,#717);
#720=DIRECTION('',(0.E0,-1.E0,0.E0));
#721=VECTOR('',#720,3.E-1);
#722=CARTESIAN_POINT('',(2.15E0,3.94E0,-4.5E0));
#723=LINE('',#722,#721);
#724=DIRECTION('',(0.E0,-1.E0,-1.480297366167E-14));
#725=VECTOR('',#724,3.E-1);
#726=CARTESIAN_POINT('',(2.05E0,3.94E0,-4.6E0));
#727=LINE('',#726,#725);
#728=DIRECTION('',(0.E0,1.E0,0.E0));
#729=VECTOR('',#728,3.E-1);
#730=CARTESIAN_POINT('',(2.35E0,3.64E0,-5.95E0));
#731=LINE('',#730,#729);
#732=DIRECTION('',(0.E0,-1.E0,0.E0));
#733=VECTOR('',#732,3.E-1);
#734=CARTESIAN_POINT('',(2.05E0,3.94E0,-5.65E0));
#735=LINE('',#734,#733);
#736=DIRECTION('',(0.E0,-1.E0,0.E0));
#737=VECTOR('',#736,3.E-1);
#738=CARTESIAN_POINT('',(3.4E0,3.94E0,-5.95E0));
#739=LINE('',#738,#737);
#740=DIRECTION('',(1.480297366167E-14,-1.E0,0.E0));
#741=VECTOR('',#740,3.E-1);
#742=CARTESIAN_POINT('',(3.5E0,3.94E0,-5.85E0));
#743=LINE('',#742,#741);
#744=DIRECTION('',(0.E0,-1.E0,0.E0));
#745=VECTOR('',#744,3.E-1);
#746=CARTESIAN_POINT('',(6.5E0,3.94E0,-5.85E0));
#747=LINE('',#746,#745);
#748=DIRECTION('',(0.E0,-1.E0,0.E0));
#749=VECTOR('',#748,3.E-1);
#750=CARTESIAN_POINT('',(6.6E0,3.94E0,-5.95E0));
#751=LINE('',#750,#749);
#752=DIRECTION('',(0.E0,1.E0,-1.184237892933E-14));
#753=VECTOR('',#752,3.E-1);
#754=CARTESIAN_POINT('',(7.95E0,3.64E0,-5.65E0));
#755=LINE('',#754,#753);
#756=DIRECTION('',(0.E0,-1.E0,0.E0));
#757=VECTOR('',#756,3.E-1);
#758=CARTESIAN_POINT('',(7.65E0,3.94E0,-5.95E0));
#759=LINE('',#758,#757);
#760=DIRECTION('',(0.E0,-1.E0,0.E0));
#761=VECTOR('',#760,3.E-1);
#762=CARTESIAN_POINT('',(7.95E0,3.94E0,-4.6E0));
#763=LINE('',#762,#761);
#764=DIRECTION('',(0.E0,-1.E0,3.256654205567E-14));
#765=VECTOR('',#764,3.E-1);
#766=CARTESIAN_POINT('',(7.85E0,3.94E0,-4.5E0));
#767=LINE('',#766,#765);
#768=DIRECTION('',(0.E0,-1.E0,0.E0));
#769=VECTOR('',#768,3.E-1);
#770=CARTESIAN_POINT('',(7.85E0,3.94E0,-1.5E0));
#771=LINE('',#770,#769);
#772=DIRECTION('',(0.E0,-1.E0,0.E0));
#773=VECTOR('',#772,3.E-1);
#774=CARTESIAN_POINT('',(7.95E0,3.94E0,-1.4E0));
#775=LINE('',#774,#773);
#776=CARTESIAN_POINT('',(7.65E0,3.94E0,-3.5E-1));
#777=DIRECTION('',(0.E0,-1.E0,0.E0));
#778=DIRECTION('',(1.E0,0.E0,0.E0));
#779=AXIS2_PLACEMENT_3D('',#776,#777,#778);
#781=DIRECTION('',(-1.E0,0.E0,0.E0));
#782=VECTOR('',#781,1.05E0);
#783=CARTESIAN_POINT('',(7.65E0,3.94E0,-5.E-2));
#784=LINE('',#783,#782);
#785=DIRECTION('',(-7.071067811865E-1,0.E0,-7.071067811865E-1));
#786=VECTOR('',#785,1.414213562373E-1);
#787=CARTESIAN_POINT('',(6.6E0,3.94E0,-5.E-2));
#788=LINE('',#787,#786);
#789=DIRECTION('',(-1.E0,0.E0,0.E0));
#790=VECTOR('',#789,3.E0);
#791=CARTESIAN_POINT('',(6.5E0,3.94E0,-1.5E-1));
#792=LINE('',#791,#790);
#793=DIRECTION('',(-7.071067811866E-1,0.E0,7.071067811865E-1));
#794=VECTOR('',#793,1.414213562373E-1);
#795=CARTESIAN_POINT('',(3.5E0,3.94E0,-1.5E-1));
#796=LINE('',#795,#794);
#797=DIRECTION('',(-1.E0,0.E0,0.E0));
#798=VECTOR('',#797,1.05E0);
#799=CARTESIAN_POINT('',(3.4E0,3.94E0,-5.E-2));
#800=LINE('',#799,#798);
#801=CARTESIAN_POINT('',(2.35E0,3.94E0,-3.5E-1));
#802=DIRECTION('',(0.E0,-1.E0,0.E0));
#803=DIRECTION('',(0.E0,0.E0,1.E0));
#804=AXIS2_PLACEMENT_3D('',#801,#802,#803);
#806=DIRECTION('',(0.E0,0.E0,-1.E0));
#807=VECTOR('',#806,1.05E0);
#808=CARTESIAN_POINT('',(2.05E0,3.94E0,-3.5E-1));
#809=LINE('',#808,#807);
#810=DIRECTION('',(7.071067811865E-1,0.E0,-7.071067811865E-1));
#811=VECTOR('',#810,1.414213562373E-1);
#812=CARTESIAN_POINT('',(2.05E0,3.94E0,-1.4E0));
#813=LINE('',#812,#811);
#814=DIRECTION('',(0.E0,0.E0,-1.E0));
#815=VECTOR('',#814,3.E0);
#816=CARTESIAN_POINT('',(2.15E0,3.94E0,-1.5E0));
#817=LINE('',#816,#815);
#818=DIRECTION('',(-7.071067811866E-1,0.E0,-7.071067811865E-1));
#819=VECTOR('',#818,1.414213562373E-1);
#820=CARTESIAN_POINT('',(2.15E0,3.94E0,-4.5E0));
#821=LINE('',#820,#819);
#822=DIRECTION('',(0.E0,0.E0,-1.E0));
#823=VECTOR('',#822,1.05E0);
#824=CARTESIAN_POINT('',(2.05E0,3.94E0,-4.6E0));
#825=LINE('',#824,#823);
#826=CARTESIAN_POINT('',(2.35E0,3.94E0,-5.65E0));
#827=DIRECTION('',(0.E0,-1.E0,0.E0));
#828=DIRECTION('',(-1.E0,0.E0,1.184237892934E-14));
#829=AXIS2_PLACEMENT_3D('',#826,#827,#828);
#831=DIRECTION('',(1.E0,0.E0,0.E0));
#832=VECTOR('',#831,1.05E0);
#833=CARTESIAN_POINT('',(2.35E0,3.94E0,-5.95E0));
#834=LINE('',#833,#832);
#835=DIRECTION('',(7.071067811865E-1,0.E0,7.071067811865E-1));
#836=VECTOR('',#835,1.414213562373E-1);
#837=CARTESIAN_POINT('',(3.4E0,3.94E0,-5.95E0));
#838=LINE('',#837,#836);
#839=DIRECTION('',(1.E0,0.E0,0.E0));
#840=VECTOR('',#839,3.E0);
#841=CARTESIAN_POINT('',(3.5E0,3.94E0,-5.85E0));
#842=LINE('',#841,#840);
#843=DIRECTION('',(7.071067811866E-1,0.E0,-7.071067811865E-1));
#844=VECTOR('',#843,1.414213562373E-1);
#845=CARTESIAN_POINT('',(6.5E0,3.94E0,-5.85E0));
#846=LINE('',#845,#844);
#847=DIRECTION('',(1.E0,0.E0,0.E0));
#848=VECTOR('',#847,1.05E0);
#849=CARTESIAN_POINT('',(6.6E0,3.94E0,-5.95E0));
#850=LINE('',#849,#848);
#851=CARTESIAN_POINT('',(7.65E0,3.94E0,-5.65E0));
#852=DIRECTION('',(0.E0,-1.E0,0.E0));
#853=DIRECTION('',(-1.480297366167E-14,0.E0,-1.E0));
#854=AXIS2_PLACEMENT_3D('',#851,#852,#853);
#856=DIRECTION('',(0.E0,0.E0,1.E0));
#857=VECTOR('',#856,1.05E0);
#858=CARTESIAN_POINT('',(7.95E0,3.94E0,-5.65E0));
#859=LINE('',#858,#857);
#860=DIRECTION('',(-7.071067811866E-1,0.E0,7.071067811865E-1));
#861=VECTOR('',#860,1.414213562373E-1);
#862=CARTESIAN_POINT('',(7.95E0,3.94E0,-4.6E0));
#863=LINE('',#862,#861);
#864=DIRECTION('',(0.E0,0.E0,1.E0));
#865=VECTOR('',#864,3.E0);
#866=CARTESIAN_POINT('',(7.85E0,3.94E0,-4.5E0));
#867=LINE('',#866,#865);
#868=DIRECTION('',(7.071067811865E-1,0.E0,7.071067811865E-1));
#869=VECTOR('',#868,1.414213562373E-1);
#870=CARTESIAN_POINT('',(7.85E0,3.94E0,-1.5E0));
#871=LINE('',#870,#869);
#872=DIRECTION('',(0.E0,0.E0,1.E0));
#873=VECTOR('',#872,1.05E0);
#874=CARTESIAN_POINT('',(7.95E0,3.94E0,-1.4E0));
#875=LINE('',#874,#873);
#876=CARTESIAN_POINT('',(5.E0,3.94E0,-3.E0));
#877=DIRECTION('',(0.E0,1.E0,0.E0));
#878=DIRECTION('',(-1.E0,0.E0,0.E0));
#879=AXIS2_PLACEMENT_3D('',#876,#877,#878);
#881=CARTESIAN_POINT('',(5.E0,3.94E0,-3.E0));
#882=DIRECTION('',(0.E0,1.E0,0.E0));
#883=DIRECTION('',(1.E0,0.E0,0.E0));
#884=AXIS2_PLACEMENT_3D('',#881,#882,#883);
#886=CARTESIAN_POINT('',(7.15E0,3.94E0,-5.15E0));
#887=DIRECTION('',(0.E0,1.E0,0.E0));
#888=DIRECTION('',(0.E0,0.E0,1.E0));
#889=AXIS2_PLACEMENT_3D('',#886,#887,#888);
#891=CARTESIAN_POINT('',(7.15E0,3.94E0,-5.15E0));
#892=DIRECTION('',(0.E0,1.E0,0.E0));
#893=DIRECTION('',(0.E0,0.E0,-1.E0));
#894=AXIS2_PLACEMENT_3D('',#891,#892,#893);
#896=CARTESIAN_POINT('',(7.15E0,3.94E0,-8.5E-1));
#897=DIRECTION('',(0.E0,1.E0,0.E0));
#898=DIRECTION('',(-1.E0,0.E0,0.E0));
#899=AXIS2_PLACEMENT_3D('',#896,#897,#898);
#901=CARTESIAN_POINT('',(7.15E0,3.94E0,-8.5E-1));
#902=DIRECTION('',(0.E0,1.E0,0.E0));
#903=DIRECTION('',(1.E0,0.E0,0.E0));
#904=AXIS2_PLACEMENT_3D('',#901,#902,#903);
#906=CARTESIAN_POINT('',(2.85E0,3.94E0,-8.5E-1));
#907=DIRECTION('',(0.E0,1.E0,0.E0));
#908=DIRECTION('',(0.E0,0.E0,-1.E0));
#909=AXIS2_PLACEMENT_3D('',#906,#907,#908);
#911=CARTESIAN_POINT('',(2.85E0,3.94E0,-8.5E-1));
#912=DIRECTION('',(0.E0,1.E0,0.E0));
#913=DIRECTION('',(0.E0,0.E0,1.E0));
#914=AXIS2_PLACEMENT_3D('',#911,#912,#913);
#916=CARTESIAN_POINT('',(2.85E0,3.94E0,-5.15E0));
#917=DIRECTION('',(0.E0,1.E0,0.E0));
#918=DIRECTION('',(1.E0,0.E0,0.E0));
#919=AXIS2_PLACEMENT_3D('',#916,#917,#918);
#921=CARTESIAN_POINT('',(2.85E0,3.94E0,-5.15E0));
#922=DIRECTION('',(0.E0,1.E0,0.E0));
#923=DIRECTION('',(-1.E0,0.E0,0.E0));
#924=AXIS2_PLACEMENT_3D('',#921,#922,#923);
#926=DIRECTION('',(0.E0,-1.E0,0.E0));
#927=VECTOR('',#926,3.E-1);
#928=CARTESIAN_POINT('',(3.1E0,3.94E0,-3.E0));
#929=LINE('',#928,#927);
#930=CARTESIAN_POINT('',(5.E0,3.64E0,-3.E0));
#931=DIRECTION('',(0.E0,-1.E0,0.E0));
#932=DIRECTION('',(1.E0,0.E0,0.E0));
#933=AXIS2_PLACEMENT_3D('',#930,#931,#932);
#935=CARTESIAN_POINT('',(5.E0,3.64E0,-3.E0));
#936=DIRECTION('',(0.E0,-1.E0,0.E0));
#937=DIRECTION('',(-1.E0,0.E0,0.E0));
#938=AXIS2_PLACEMENT_3D('',#935,#936,#937);
#940=CARTESIAN_POINT('',(5.E0,3.64E0,-3.E0));
#941=DIRECTION('',(0.E0,1.E0,0.E0));
#942=DIRECTION('',(-1.E0,0.E0,0.E0));
#943=AXIS2_PLACEMENT_3D('',#940,#941,#942);
#945=CARTESIAN_POINT('',(5.E0,3.64E0,-3.E0));
#946=DIRECTION('',(0.E0,1.E0,0.E0));
#947=DIRECTION('',(1.E0,0.E0,0.E0));
#948=AXIS2_PLACEMENT_3D('',#945,#946,#947);
#950=DIRECTION('',(0.E0,-1.E0,0.E0));
#951=VECTOR('',#950,3.E-1);
#952=CARTESIAN_POINT('',(6.9E0,3.94E0,-3.E0));
#953=LINE('',#952,#951);
#954=CARTESIAN_POINT('',(5.E0,4.59E0,-3.E0));
#955=DIRECTION('',(0.E0,1.E0,0.E0));
#956=DIRECTION('',(-1.E0,0.E0,0.E0));
#957=AXIS2_PLACEMENT_3D('',#954,#955,#956);
#959=CARTESIAN_POINT('',(3.45E0,4.59E0,-3.E0));
#960=DIRECTION('',(0.E0,0.E0,1.E0));
#961=DIRECTION('',(0.E0,1.E0,0.E0));
#962=AXIS2_PLACEMENT_3D('',#959,#960,#961);
#964=CARTESIAN_POINT('',(5.E0,4.79E0,-3.E0));
#965=DIRECTION('',(0.E0,1.E0,0.E0));
#966=DIRECTION('',(-1.E0,0.E0,0.E0));
#967=AXIS2_PLACEMENT_3D('',#964,#965,#966);
#969=CARTESIAN_POINT('',(5.E0,4.79E0,-3.E0));
#970=DIRECTION('',(0.E0,1.E0,0.E0));
#971=DIRECTION('',(1.E0,0.E0,0.E0));
#972=AXIS2_PLACEMENT_3D('',#969,#970,#971);
#974=CARTESIAN_POINT('',(6.55E0,4.59E0,-3.E0));
#975=DIRECTION('',(0.E0,0.E0,-1.E0));
#976=DIRECTION('',(0.E0,1.E0,0.E0));
#977=AXIS2_PLACEMENT_3D('',#974,#975,#976);
#979=CARTESIAN_POINT('',(5.E0,4.59E0,-3.E0));
#980=DIRECTION('',(0.E0,1.E0,0.E0));
#981=DIRECTION('',(1.E0,0.E0,0.E0));
#982=AXIS2_PLACEMENT_3D('',#979,#980,#981);
#984=DIRECTION('',(0.E0,-1.E0,6.030264007438E-13));
#985=VECTOR('',#984,9.5E-1);
#986=CARTESIAN_POINT('',(3.25E0,4.59E0,-3.000000000001E0));
#987=LINE('',#986,#985);
#988=DIRECTION('',(0.E0,1.E0,6.240622054209E-13));
#989=VECTOR('',#988,9.5E-1);
#990=CARTESIAN_POINT('',(6.75E0,3.64E0,-3.E0));
#991=LINE('',#990,#989);
#992=DIRECTION('',(0.E0,1.E0,0.E0));
#993=VECTOR('',#992,1.E-1);
#994=CARTESIAN_POINT('',(7.15E0,3.94E0,-4.4E0));
#995=LINE('',#994,#993);
#996=DIRECTION('',(-1.357136625302E-11,1.E0,0.E0));
#997=VECTOR('',#996,1.E-1);
#998=CARTESIAN_POINT('',(7.150000000005E0,3.94E0,-5.9E0));
#999=LINE('',#998,#997);
#1000=CARTESIAN_POINT('',(7.15E0,4.04E0,-4.7E0));
#1001=DIRECTION('',(1.E0,0.E0,0.E0));
#1002=DIRECTION('',(0.E0,1.E0,0.E0));
#1003=AXIS2_PLACEMENT_3D('',#1000,#1001,#1002);
#1005=CARTESIAN_POINT('',(7.15E0,4.04E0,-5.15E0));
#1006=DIRECTION('',(0.E0,-1.E0,0.E0));
#1007=DIRECTION('',(0.E0,0.E0,1.E0));
#1008=AXIS2_PLACEMENT_3D('',#1005,#1006,#1007);
#1010=CARTESIAN_POINT('',(7.15E0,4.34E0,-5.15E0));
#1011=DIRECTION('',(0.E0,-1.E0,0.E0));
#1012=DIRECTION('',(0.E0,0.E0,-1.E0));
#1013=AXIS2_PLACEMENT_3D('',#1010,#1011,#1012);
#1015=CARTESIAN_POINT('',(7.15E0,4.34E0,-5.15E0));
#1016=DIRECTION('',(0.E0,-1.E0,0.E0));
#1017=DIRECTION('',(1.913461632130E-2,0.E0,-9.998169164693E-1));
#1018=AXIS2_PLACEMENT_3D('',#1015,#1016,#1017);
#1020=CARTESIAN_POINT('',(7.15E0,4.34E0,-5.15E0));
#1021=DIRECTION('',(0.E0,-1.E0,0.E0));
#1022=DIRECTION('',(0.E0,0.E0,1.E0));
#1023=AXIS2_PLACEMENT_3D('',#1020,#1021,#1022);
#1025=CARTESIAN_POINT('',(7.15E0,4.34E0,-5.15E0));
#1026=DIRECTION('',(0.E0,-1.E0,0.E0));
#1027=DIRECTION('',(-1.913461632130E-2,0.E0,9.998169164693E-1));
#1028=AXIS2_PLACEMENT_3D('',#1025,#1026,#1027);
#1030=CARTESIAN_POINT('',(7.15E0,4.04E0,-5.6E0));
#1031=DIRECTION('',(-1.E0,0.E0,0.E0));
#1032=DIRECTION('',(0.E0,1.E0,0.E0));
#1033=AXIS2_PLACEMENT_3D('',#1030,#1031,#1032);
#1035=CARTESIAN_POINT('',(7.15E0,4.04E0,-5.15E0));
#1036=DIRECTION('',(0.E0,-1.E0,0.E0));
#1037=DIRECTION('',(1.085235605084E-11,0.E0,-1.E0));
#1038=AXIS2_PLACEMENT_3D('',#1035,#1036,#1037);
#1040=DIRECTION('',(0.E0,1.E0,0.E0));
#1041=VECTOR('',#1040,1.E-1);
#1042=CARTESIAN_POINT('',(6.4E0,3.94E0,-8.5E-1));
#1043=LINE('',#1042,#1041);
#1044=DIRECTION('',(0.E0,1.E0,-1.323385845353E-11));
#1045=VECTOR('',#1044,1.E-1);
#1046=CARTESIAN_POINT('',(7.9E0,3.94E0,-8.499999999947E-1));
#1047=LINE('',#1046,#1045);
#1048=CARTESIAN_POINT('',(6.7E0,4.04E0,-8.5E-1));
#1049=DIRECTION('',(0.E0,0.E0,1.E0));
#1050=DIRECTION('',(0.E0,1.E0,0.E0));
#1051=AXIS2_PLACEMENT_3D('',#1048,#1049,#1050);
#1053=CARTESIAN_POINT('',(7.15E0,4.04E0,-8.5E-1));
#1054=DIRECTION('',(0.E0,-1.E0,0.E0));
#1055=DIRECTION('',(-1.E0,0.E0,0.E0));
#1056=AXIS2_PLACEMENT_3D('',#1053,#1054,#1055);
#1058=CARTESIAN_POINT('',(7.15E0,4.04E0,-8.5E-1));
#1059=DIRECTION('',(0.E0,-1.E0,0.E0));
#1060=DIRECTION('',(-9.998169164693E-1,0.E0,-1.913461632131E-2));
#1061=AXIS2_PLACEMENT_3D('',#1058,#1059,#1060);
#1063=CARTESIAN_POINT('',(7.15E0,4.34E0,-8.5E-1));
#1064=DIRECTION('',(0.E0,-1.E0,0.E0));
#1065=DIRECTION('',(1.E0,0.E0,0.E0));
#1066=AXIS2_PLACEMENT_3D('',#1063,#1064,#1065);
#1068=CARTESIAN_POINT('',(7.15E0,4.34E0,-8.5E-1));
#1069=DIRECTION('',(0.E0,-1.E0,0.E0));
#1070=DIRECTION('',(9.998169164693E-1,0.E0,1.913461632131E-2));
#1071=AXIS2_PLACEMENT_3D('',#1068,#1069,#1070);
#1073=CARTESIAN_POINT('',(7.15E0,4.34E0,-8.5E-1));
#1074=DIRECTION('',(0.E0,-1.E0,0.E0));
#1075=DIRECTION('',(-1.E0,0.E0,0.E0));
#1076=AXIS2_PLACEMENT_3D('',#1073,#1074,#1075);
#1078=CARTESIAN_POINT('',(7.15E0,4.34E0,-8.5E-1));
#1079=DIRECTION('',(0.E0,-1.E0,0.E0));
#1080=DIRECTION('',(-9.998169164693E-1,0.E0,-1.913461632131E-2));
#1081=AXIS2_PLACEMENT_3D('',#1078,#1079,#1080);
#1083=CARTESIAN_POINT('',(7.6E0,4.04E0,-8.5E-1));
#1084=DIRECTION('',(0.E0,0.E0,-1.E0));
#1085=DIRECTION('',(0.E0,1.E0,0.E0));
#1086=AXIS2_PLACEMENT_3D('',#1083,#1084,#1085);
#1088=CARTESIAN_POINT('',(7.15E0,4.04E0,-8.5E-1));
#1089=DIRECTION('',(0.E0,-1.E0,0.E0));
#1090=DIRECTION('',(1.E0,0.E0,1.058723479256E-11));
#1091=AXIS2_PLACEMENT_3D('',#1088,#1089,#1090);
#1093=CARTESIAN_POINT('',(7.15E0,4.04E0,-8.5E-1));
#1094=DIRECTION('',(0.E0,-1.E0,0.E0));
#1095=DIRECTION('',(9.998169164693E-1,0.E0,1.913461632131E-2));
#1096=AXIS2_PLACEMENT_3D('',#1093,#1094,#1095);
#1098=DIRECTION('',(0.E0,1.E0,0.E0));
#1099=VECTOR('',#1098,1.E-1);
#1100=CARTESIAN_POINT('',(2.85E0,3.94E0,-1.6E0));
#1101=LINE('',#1100,#1099);
#1102=DIRECTION('',(1.356692536092E-11,1.E0,0.E0));
#1103=VECTOR('',#1102,1.E-1);
#1104=CARTESIAN_POINT('',(2.849999999995E0,3.94E0,-1.E-1));
#1105=LINE('',#1104,#1103);
#1106=CARTESIAN_POINT('',(2.85E0,4.04E0,-1.3E0));
#1107=DIRECTION('',(-1.E0,0.E0,0.E0));
#1108=DIRECTION('',(0.E0,1.E0,0.E0));
#1109=AXIS2_PLACEMENT_3D('',#1106,#1107,#1108);
#1111=CARTESIAN_POINT('',(2.85E0,4.04E0,-8.5E-1));
#1112=DIRECTION('',(0.E0,-1.E0,0.E0));
#1113=DIRECTION('',(0.E0,0.E0,-1.E0));
#1114=AXIS2_PLACEMENT_3D('',#1111,#1112,#1113);
#1116=CARTESIAN_POINT('',(2.85E0,4.34E0,-8.5E-1));
#1117=DIRECTION('',(0.E0,-1.E0,0.E0));
#1118=DIRECTION('',(0.E0,0.E0,1.E0));
#1119=AXIS2_PLACEMENT_3D('',#1116,#1117,#1118);
#1121=CARTESIAN_POINT('',(2.85E0,4.34E0,-8.5E-1));
#1122=DIRECTION('',(0.E0,-1.E0,0.E0));
#1123=DIRECTION('',(-1.913461632131E-2,0.E0,9.998169164693E-1));
#1124=AXIS2_PLACEMENT_3D('',#1121,#1122,#1123);
#1126=CARTESIAN_POINT('',(2.85E0,4.34E0,-8.5E-1));
#1127=DIRECTION('',(0.E0,-1.E0,0.E0));
#1128=DIRECTION('',(0.E0,0.E0,-1.E0));
#1129=AXIS2_PLACEMENT_3D('',#1126,#1127,#1128);
#1131=CARTESIAN_POINT('',(2.85E0,4.34E0,-8.5E-1));
#1132=DIRECTION('',(0.E0,-1.E0,0.E0));
#1133=DIRECTION('',(1.913461632131E-2,0.E0,-9.998169164693E-1));
#1134=AXIS2_PLACEMENT_3D('',#1131,#1132,#1133);
#1136=CARTESIAN_POINT('',(2.85E0,4.04E0,-4.E-1));
#1137=DIRECTION('',(1.E0,0.E0,0.E0));
#1138=DIRECTION('',(0.E0,1.E0,0.E0));
#1139=AXIS2_PLACEMENT_3D('',#1136,#1137,#1138);
#1141=CARTESIAN_POINT('',(2.85E0,4.04E0,-8.5E-1));
#1142=DIRECTION('',(0.E0,-1.E0,0.E0));
#1143=DIRECTION('',(-1.085294816979E-11,0.E0,1.E0));
#1144=AXIS2_PLACEMENT_3D('',#1141,#1142,#1143);
#1146=DIRECTION('',(0.E0,1.E0,0.E0));
#1147=VECTOR('',#1146,1.E-1);
#1148=CARTESIAN_POINT('',(3.6E0,3.94E0,-5.15E0));
#1149=LINE('',#1148,#1147);
#1150=DIRECTION('',(0.E0,1.E0,1.357136625302E-11));
#1151=VECTOR('',#1150,1.E-1);
#1152=CARTESIAN_POINT('',(2.1E0,3.94E0,-5.150000000005E0));
#1153=LINE('',#1152,#1151);
#1154=CARTESIAN_POINT('',(3.3E0,4.04E0,-5.15E0));
#1155=DIRECTION('',(0.E0,0.E0,-1.E0));
#1156=DIRECTION('',(0.E0,1.E0,0.E0));
#1157=AXIS2_PLACEMENT_3D('',#1154,#1155,#1156);
#1159=CARTESIAN_POINT('',(2.85E0,4.04E0,-5.15E0));
#1160=DIRECTION('',(0.E0,-1.E0,0.E0));
#1161=DIRECTION('',(1.E0,0.E0,0.E0));
#1162=AXIS2_PLACEMENT_3D('',#1159,#1160,#1161);
#1164=CARTESIAN_POINT('',(2.85E0,4.04E0,-5.15E0));
#1165=DIRECTION('',(0.E0,-1.E0,0.E0));
#1166=DIRECTION('',(9.998169164693E-1,0.E0,1.913461632131E-2));
#1167=AXIS2_PLACEMENT_3D('',#1164,#1165,#1166);
#1169=CARTESIAN_POINT('',(2.85E0,4.34E0,-5.15E0));
#1170=DIRECTION('',(0.E0,-1.E0,0.E0));
#1171=DIRECTION('',(-1.E0,0.E0,0.E0));
#1172=AXIS2_PLACEMENT_3D('',#1169,#1170,#1171);
#1174=CARTESIAN_POINT('',(2.85E0,4.34E0,-5.15E0));
#1175=DIRECTION('',(0.E0,-1.E0,0.E0));
#1176=DIRECTION('',(-9.998169164693E-1,0.E0,-1.913461632131E-2));
#1177=AXIS2_PLACEMENT_3D('',#1174,#1175,#1176);
#1179=CARTESIAN_POINT('',(2.85E0,4.34E0,-5.15E0));
#1180=DIRECTION('',(0.E0,-1.E0,0.E0));
#1181=DIRECTION('',(1.E0,0.E0,0.E0));
#1182=AXIS2_PLACEMENT_3D('',#1179,#1180,#1181);
#1184=CARTESIAN_POINT('',(2.85E0,4.34E0,-5.15E0));
#1185=DIRECTION('',(0.E0,-1.E0,0.E0));
#1186=DIRECTION('',(9.998169164693E-1,0.E0,1.913461632131E-2));
#1187=AXIS2_PLACEMENT_3D('',#1184,#1185,#1186);
#1189=CARTESIAN_POINT('',(2.4E0,4.04E0,-5.15E0));
#1190=DIRECTION('',(0.E0,0.E0,1.E0));
#1191=DIRECTION('',(0.E0,1.E0,0.E0));
#1192=AXIS2_PLACEMENT_3D('',#1189,#1190,#1191);
#1194=CARTESIAN_POINT('',(2.85E0,4.04E0,-5.15E0));
#1195=DIRECTION('',(0.E0,-1.E0,0.E0));
#1196=DIRECTION('',(-1.E0,0.E0,-1.085354028874E-11));
#1197=AXIS2_PLACEMENT_3D('',#1194,#1195,#1196);
#1199=CARTESIAN_POINT('',(2.85E0,4.04E0,-5.15E0));
#1200=DIRECTION('',(0.E0,-1.E0,0.E0));
#1201=DIRECTION('',(-9.998169164693E-1,0.E0,-1.913461632131E-2));
#1202=AXIS2_PLACEMENT_3D('',#1199,#1200,#1201);
#1204=DIRECTION('',(0.E0,1.E0,0.E0));
#1205=VECTOR('',#1204,3.E-1);
#1206=CARTESIAN_POINT('',(2.E0,4.9E-1,-4.E0));
#1207=LINE('',#1206,#1205);
#1208=DIRECTION('',(1.E0,0.E0,0.E0));
#1209=VECTOR('',#1208,6.E0);
#1210=CARTESIAN_POINT('',(2.E0,7.9E-1,-4.E0));
#1211=LINE('',#1210,#1209);
#1212=DIRECTION('',(0.E0,0.E0,1.E0));
#1213=VECTOR('',#1212,2.E0);
#1214=CARTESIAN_POINT('',(2.E0,7.9E-1,-4.E0));
#1215=LINE('',#1214,#1213);
#1216=CARTESIAN_POINT('',(5.E0,7.9E-1,-3.E0));
#1217=DIRECTION('',(0.E0,-1.E0,0.E0));
#1218=DIRECTION('',(1.E0,0.E0,0.E0));
#1219=AXIS2_PLACEMENT_3D('',#1216,#1217,#1218);
#1221=CARTESIAN_POINT('',(5.E0,7.9E-1,-3.E0));
#1222=DIRECTION('',(0.E0,-1.E0,0.E0));
#1223=DIRECTION('',(-1.E0,0.E0,0.E0));
#1224=AXIS2_PLACEMENT_3D('',#1221,#1222,#1223);
#1226=CARTESIAN_POINT('',(7.25E0,7.9E-1,-3.E0));
#1227=DIRECTION('',(0.E0,-1.E0,0.E0));
#1228=DIRECTION('',(1.E0,0.E0,0.E0));
#1229=AXIS2_PLACEMENT_3D('',#1226,#1227,#1228);
#1231=CARTESIAN_POINT('',(7.25E0,7.9E-1,-3.E0));
#1232=DIRECTION('',(0.E0,-1.E0,0.E0));
#1233=DIRECTION('',(-1.E0,0.E0,0.E0));
#1234=AXIS2_PLACEMENT_3D('',#1231,#1232,#1233);
#1236=CARTESIAN_POINT('',(2.75E0,7.9E-1,-3.E0));
#1237=DIRECTION('',(0.E0,-1.E0,0.E0));
#1238=DIRECTION('',(1.E0,0.E0,0.E0));
#1239=AXIS2_PLACEMENT_3D('',#1236,#1237,#1238);
#1241=CARTESIAN_POINT('',(2.75E0,7.9E-1,-3.E0));
#1242=DIRECTION('',(0.E0,-1.E0,0.E0));
#1243=DIRECTION('',(-1.E0,0.E0,0.E0));
#1244=AXIS2_PLACEMENT_3D('',#1241,#1242,#1243);
#1246=DIRECTION('',(1.E0,0.E0,0.E0));
#1247=VECTOR('',#1246,6.E0);
#1248=CARTESIAN_POINT('',(2.E0,4.9E-1,-2.E0));
#1249=LINE('',#1248,#1247);
#1250=DIRECTION('',(0.E0,1.E0,0.E0));
#1251=VECTOR('',#1250,3.E-1);
#1252=CARTESIAN_POINT('',(8.E0,4.9E-1,-2.E0));
#1253=LINE('',#1252,#1251);
#1254=DIRECTION('',(-1.E0,0.E0,0.E0));
#1255=VECTOR('',#1254,6.E0);
#1256=CARTESIAN_POINT('',(8.E0,7.9E-1,-2.E0));
#1257=LINE('',#1256,#1255);
#1258=DIRECTION('',(0.E0,1.E0,0.E0));
#1259=VECTOR('',#1258,2.E-1);
#1260=CARTESIAN_POINT('',(5.5E0,7.9E-1,-3.E0));
#1261=LINE('',#1260,#1259);
#1262=DIRECTION('',(0.E0,1.E0,0.E0));
#1263=VECTOR('',#1262,2.E-1);
#1264=CARTESIAN_POINT('',(4.5E0,7.9E-1,-3.E0));
#1265=LINE('',#1264,#1263);
#1266=CARTESIAN_POINT('',(5.E0,9.9E-1,-3.E0));
#1267=DIRECTION('',(0.E0,1.E0,0.E0));
#1268=DIRECTION('',(-1.E0,0.E0,0.E0));
#1269=AXIS2_PLACEMENT_3D('',#1266,#1267,#1268);
#1271=CARTESIAN_POINT('',(5.E0,9.9E-1,-3.E0));
#1272=DIRECTION('',(0.E0,1.E0,0.E0));
#1273=DIRECTION('',(1.E0,0.E0,0.E0));
#1274=AXIS2_PLACEMENT_3D('',#1271,#1272,#1273);
#1276=DIRECTION('',(0.E0,1.E0,0.E0));
#1277=VECTOR('',#1276,2.E-1);
#1278=CARTESIAN_POINT('',(7.75E0,7.9E-1,-3.E0));
#1279=LINE('',#1278,#1277);
#1280=DIRECTION('',(0.E0,1.E0,0.E0));
#1281=VECTOR('',#1280,2.E-1);
#1282=CARTESIAN_POINT('',(6.75E0,7.9E-1,-3.E0));
#1283=LINE('',#1282,#1281);
#1284=CARTESIAN_POINT('',(7.25E0,9.9E-1,-3.E0));
#1285=DIRECTION('',(0.E0,1.E0,0.E0));
#1286=DIRECTION('',(-1.E0,0.E0,0.E0));
#1287=AXIS2_PLACEMENT_3D('',#1284,#1285,#1286);
#1289=CARTESIAN_POINT('',(7.25E0,9.9E-1,-3.E0));
#1290=DIRECTION('',(0.E0,1.E0,0.E0));
#1291=DIRECTION('',(1.E0,0.E0,0.E0));
#1292=AXIS2_PLACEMENT_3D('',#1289,#1290,#1291);
#1294=DIRECTION('',(0.E0,1.E0,0.E0));
#1295=VECTOR('',#1294,2.E-1);
#1296=CARTESIAN_POINT('',(3.25E0,7.9E-1,-3.E0));
#1297=LINE('',#1296,#1295);
#1298=DIRECTION('',(0.E0,1.E0,0.E0));
#1299=VECTOR('',#1298,2.E-1);
#1300=CARTESIAN_POINT('',(2.25E0,7.9E-1,-3.E0));
#1301=LINE('',#1300,#1299);
#1302=CARTESIAN_POINT('',(2.75E0,9.9E-1,-3.E0));
#1303=DIRECTION('',(0.E0,1.E0,0.E0));
#1304=DIRECTION('',(-1.E0,0.E0,0.E0));
#1305=AXIS2_PLACEMENT_3D('',#1302,#1303,#1304);
#1307=CARTESIAN_POINT('',(2.75E0,9.9E-1,-3.E0));
#1308=DIRECTION('',(0.E0,1.E0,0.E0));
#1309=DIRECTION('',(1.E0,0.E0,0.E0));
#1310=AXIS2_PLACEMENT_3D('',#1307,#1308,#1309);
#1312=DIRECTION('',(-9.999999985521E-1,-5.381266149087E-5,0.E0));
#1313=VECTOR('',#1312,6.803082084911E-2);
#1314=CARTESIAN_POINT('',(2.E0,1.49E0,-5.6E0));
#1315=LINE('',#1314,#1313);
#1316=CARTESIAN_POINT('',(1.931746680255E0,2.496076902480E-1,-5.6E0));
#1317=DIRECTION('',(0.E0,0.E0,-1.E0));
#1318=DIRECTION('',(1.261700828525E-1,-9.920086240517E-1,0.E0));
#1319=AXIS2_PLACEMENT_3D('',#1316,#1317,#1318);
#1321=CARTESIAN_POINT('',(1.93E0,1.488253319746E0,-5.6E0));
#1322=CARTESIAN_POINT('',(1.93E0,1.488625890492E0,-5.6E0));
#1323=CARTESIAN_POINT('',(1.930149916330E0,1.489237539847E0,-5.6E0));
#1324=CARTESIAN_POINT('',(1.931196816320E0,1.490004406149E0,-5.6E0));
#1325=CARTESIAN_POINT('',(1.931322040341E0,1.489923424037E0,-5.6E0));
#1326=CARTESIAN_POINT('',(1.931969179249E0,1.489996339080E0,-5.6E0));
#1328=DIRECTION('',(-1.E0,9.824792543057E-13,0.E0));
#1329=VECTOR('',#1328,6.825331974541E-2);
#1330=CARTESIAN_POINT('',(2.E0,1.79E0,-5.6E0));
#1331=LINE('',#1330,#1329);
#1332=CARTESIAN_POINT('',(1.931746680255E0,1.488253319745E0,-5.6E0));
#1333=DIRECTION('',(0.E0,0.E0,1.E0));
#1334=DIRECTION('',(-4.091405421061E-12,1.E0,0.E0));
#1335=AXIS2_PLACEMENT_3D('',#1332,#1333,#1334);
#1337=DIRECTION('',(0.E0,-1.E0,0.E0));
#1338=VECTOR('',#1337,1.238645629499E0);
#1339=CARTESIAN_POINT('',(1.63E0,1.488253319746E0,-5.6E0));
#1340=LINE('',#1339,#1338);
#1341=CARTESIAN_POINT('',(1.931746680255E0,2.496076902480E-1,-5.6E0));
#1342=DIRECTION('',(0.E0,0.E0,1.E0));
#1343=DIRECTION('',(-1.E0,-1.050501455750E-11,0.E0));
#1344=AXIS2_PLACEMENT_3D('',#1341,#1342,#1343);
#1346=DIRECTION('',(9.848077530122E-1,1.736481776668E-1,0.E0));
#1347=VECTOR('',#1346,1.040392309749E0);
#1348=CARTESIAN_POINT('',(1.984144441402E0,-4.755477991257E-2,-5.6E0));
#1349=LINE('',#1348,#1347);
#1350=DIRECTION('',(-1.736481776669E-1,9.848077530122E-1,0.E0));
#1351=VECTOR('',#1350,2.999999999995E-1);
#1352=CARTESIAN_POINT('',(3.008730854217E0,1.331074487339E-1,-5.6E0));
#1353=LINE('',#1352,#1351);
#1354=DIRECTION('',(-9.848085076569E-1,-1.736438978095E-1,0.E0));
#1355=VECTOR('',#1354,1.040475958637E0);
#1356=CARTESIAN_POINT('',(2.956636400917E0,4.285497746371E-1,-5.6E0));
#1357=LINE('',#1356,#1355);
#1358=DIRECTION('',(0.E0,4.758098677094E-14,-1.E0));
#1359=VECTOR('',#1358,6.999999999810E-1);
#1360=CARTESIAN_POINT('',(1.93E0,2.496076902478E-1,-4.900000000019E0));
#1361=LINE('',#1360,#1359);
#1362=DIRECTION('',(8.014049239732E-6,-1.377905650365E-6,9.999999999669E-1));
#1363=VECTOR('',#1362,7.000000000041E-1);
#1364=CARTESIAN_POINT('',(1.931966824839E0,2.478774736023E-1,-5.6E0));
#1365=LINE('',#1364,#1363);
#1366=CARTESIAN_POINT('',(1.931746680255E0,1.488253319745E0,-4.900000000019E0));
#1367=DIRECTION('',(0.E0,0.E0,1.E0));
#1368=DIRECTION('',(-4.844687439710E-10,1.E0,0.E0));
#1369=AXIS2_PLACEMENT_3D('',#1366,#1367,#1368);
#1371=DIRECTION('',(0.E0,-1.E0,0.E0));
#1372=VECTOR('',#1371,1.238645629497E0);
#1373=CARTESIAN_POINT('',(1.93E0,1.488253319745E0,-4.900000000019E0));
#1374=LINE('',#1373,#1372);
#1375=CARTESIAN_POINT('',(1.93E0,2.496076902478E-1,-4.900000000019E0));
#1376=CARTESIAN_POINT('',(1.93E0,2.492566328039E-1,-4.900000000019E0));
#1377=CARTESIAN_POINT('',(1.930182568492E0,2.486555062106E-1,
-4.900000000019E0));
#1378=CARTESIAN_POINT('',(1.930915963108E0,2.479747875211E-1,
-4.900000000019E0));
#1379=CARTESIAN_POINT('',(1.931580319761E0,2.478266720034E-1,
-4.900000000019E0));
#1380=CARTESIAN_POINT('',(1.931972434674E0,2.478765090684E-1,
-4.900000000019E0));
#1382=DIRECTION('',(9.848078654562E-1,1.736475399639E-1,0.E0));
#1383=VECTOR('',#1382,1.040470601508E0);
#1384=CARTESIAN_POINT('',(1.931972434674E0,2.478765090684E-1,
-4.900000000019E0));
#1385=LINE('',#1384,#1383);
#1386=CARTESIAN_POINT('',(1.931746680255E0,2.496076902480E-1,
-4.900000000019E0));
#1387=DIRECTION('',(0.E0,0.E0,-1.E0));
#1388=DIRECTION('',(1.736481776721E-1,-9.848077530113E-1,0.E0));
#1389=AXIS2_PLACEMENT_3D('',#1386,#1387,#1388);
#1391=DIRECTION('',(0.E0,1.E0,0.E0));
#1392=VECTOR('',#1391,1.238645629499E0);
#1393=CARTESIAN_POINT('',(1.63E0,2.496076902468E-1,-4.900000000019E0));
#1394=LINE('',#1393,#1392);
#1395=CARTESIAN_POINT('',(1.931746680255E0,1.488253319745E0,-4.900000000019E0));
#1396=DIRECTION('',(0.E0,0.E0,-1.E0));
#1397=DIRECTION('',(-1.E0,1.086650788719E-11,0.E0));
#1398=AXIS2_PLACEMENT_3D('',#1395,#1396,#1397);
#1400=DIRECTION('',(1.E0,-9.304273732896E-13,0.E0));
#1401=VECTOR('',#1400,6.825331974492E-2);
#1402=CARTESIAN_POINT('',(1.931746680255E0,1.79E0,-4.900000000019E0));
#1403=LINE('',#1402,#1401);
#1404=DIRECTION('',(0.E0,-1.E0,0.E0));
#1405=VECTOR('',#1404,3.E-1);
#1406=CARTESIAN_POINT('',(2.E0,1.79E0,-4.900000000019E0));
#1407=LINE('',#1406,#1405);
#1408=DIRECTION('',(-1.E0,1.109355714301E-12,0.E0));
#1409=VECTOR('',#1408,6.825331974528E-2);
#1410=CARTESIAN_POINT('',(2.E0,1.49E0,-4.900000000019E0));
#1411=LINE('',#1410,#1409);
#1412=DIRECTION('',(3.178556906223E-4,-5.229884892249E-6,-9.999999494702E-1));
#1413=VECTOR('',#1412,7.000000353519E-1);
#1414=CARTESIAN_POINT('',(1.931746680255E0,1.49E0,-4.900000000019E0));
#1415=LINE('',#1414,#1413);
#1416=DIRECTION('',(0.E0,-3.762070020689E-13,1.E0));
#1417=VECTOR('',#1416,6.999999999810E-1);
#1418=CARTESIAN_POINT('',(1.93E0,1.488253319746E0,-5.6E0));
#1419=LINE('',#1418,#1417);
#1420=DIRECTION('',(0.E0,-1.E0,0.E0));
#1421=VECTOR('',#1420,1.238645629498E0);
#1422=CARTESIAN_POINT('',(1.93E0,1.488253319746E0,-5.6E0));
#1423=LINE('',#1422,#1421);
#1424=DIRECTION('',(-1.736481776669E-1,9.848077530122E-1,0.E0));
#1425=VECTOR('',#1424,3.000019240174E-1);
#1426=CARTESIAN_POINT('',(3.008730854217E0,1.331074487340E-1,
-4.900000000019E0));
#1427=LINE('',#1426,#1425);
#1428=DIRECTION('',(4.772888877887E-7,-2.706839832421E-6,-9.999999999962E-1));
#1429=VECTOR('',#1428,6.999999999836E-1);
#1430=CARTESIAN_POINT('',(2.956636066815E0,4.285516694250E-1,
-4.900000000019E0));
#1431=LINE('',#1430,#1429);
#1432=DIRECTION('',(9.848077530122E-1,1.736481776668E-1,0.E0));
#1433=VECTOR('',#1432,1.040392309751E0);
#1434=CARTESIAN_POINT('',(1.984144441400E0,-4.755477991274E-2,
-4.900000000019E0));
#1435=LINE('',#1434,#1433);
#1436=DIRECTION('',(2.918300521951E-14,-2.099907549491E-13,-1.E0));
#1437=VECTOR('',#1436,6.999999999810E-1);
#1438=CARTESIAN_POINT('',(3.008730854217E0,1.331074487340E-1,
-4.900000000019E0));
#1439=LINE('',#1438,#1437);
#1440=DIRECTION('',(2.357479291211E-12,2.499984346590E-13,-1.E0));
#1441=VECTOR('',#1440,6.999999999810E-1);
#1442=CARTESIAN_POINT('',(1.984144441400E0,-4.755477991274E-2,
-4.900000000019E0));
#1443=LINE('',#1442,#1441);
#1444=DIRECTION('',(0.E0,0.E0,1.E0));
#1445=VECTOR('',#1444,6.999999999810E-1);
#1446=CARTESIAN_POINT('',(1.63E0,2.496076902468E-1,-5.6E0));
#1447=LINE('',#1446,#1445);
#1448=DIRECTION('',(0.E0,-7.229137923398E-13,-1.E0));
#1449=VECTOR('',#1448,6.999999999810E-1);
#1450=CARTESIAN_POINT('',(1.63E0,1.488253319746E0,-4.900000000019E0));
#1451=LINE('',#1450,#1449);
#1452=DIRECTION('',(7.064190502592E-13,0.E0,1.E0));
#1453=VECTOR('',#1452,6.999999999810E-1);
#1454=CARTESIAN_POINT('',(1.931746680255E0,1.79E0,-5.6E0));
#1455=LINE('',#1454,#1453);
#1456=DIRECTION('',(0.E0,0.E0,1.E0));
#1457=VECTOR('',#1456,6.999999999810E-1);
#1458=CARTESIAN_POINT('',(2.E0,1.79E0,-5.6E0));
#1459=LINE('',#1458,#1457);
#1460=CARTESIAN_POINT('',(1.931755103131E0,1.488244896869E0,-4.E-1));
#1461=DIRECTION('',(0.E0,0.E0,1.E0));
#1462=DIRECTION('',(5.036510713890E-10,1.E0,0.E0));
#1463=AXIS2_PLACEMENT_3D('',#1460,#1461,#1462);
#1465=DIRECTION('',(0.E0,-1.E0,0.E0));
#1466=VECTOR('',#1465,1.238627168628E0);
#1467=CARTESIAN_POINT('',(1.93E0,1.488244896869E0,-4.E-1));
#1468=LINE('',#1467,#1466);
#1469=CARTESIAN_POINT('',(1.93E0,2.496177282403E-1,-4.E-1));
#1470=CARTESIAN_POINT('',(1.93E0,2.492649855842E-1,-4.E-1));
#1471=CARTESIAN_POINT('',(1.930189156607E0,2.486603507574E-1,-4.E-1));
#1472=CARTESIAN_POINT('',(1.930900348943E0,2.479791347245E-1,-4.E-1));
#1473=CARTESIAN_POINT('',(1.931630743664E0,2.478234807839E-1,-4.E-1));
#1474=CARTESIAN_POINT('',(1.932014487390E0,2.478852781366E-1,-4.E-1));
#1476=DIRECTION('',(9.848084091311E-1,1.736444565905E-1,0.E0));
#1477=VECTOR('',#1476,1.040427664942E0);
#1478=CARTESIAN_POINT('',(1.932014487390E0,2.478852781366E-1,-4.E-1));
#1479=LINE('',#1478,#1477);
#1480=DIRECTION('',(1.736481776670E-1,-9.848077530122E-1,0.E0));
#1481=VECTOR('',#1480,2.999999999993E-1);
#1482=CARTESIAN_POINT('',(2.956636400917E0,4.285497746371E-1,-4.E-1));
#1483=LINE('',#1482,#1481);
#1484=DIRECTION('',(-9.848077530122E-1,-1.736481776670E-1,0.E0));
#1485=VECTOR('',#1484,1.040382271762E0);
#1486=CARTESIAN_POINT('',(3.008730854217E0,1.331074487341E-1,-4.E-1));
#1487=LINE('',#1486,#1485);
#1488=CARTESIAN_POINT('',(1.931755103131E0,2.496177282400E-1,-4.E-1));
#1489=DIRECTION('',(0.E0,0.E0,-1.E0));
#1490=DIRECTION('',(1.736481776526E-1,-9.848077530147E-1,0.E0));
#1491=AXIS2_PLACEMENT_3D('',#1488,#1489,#1490);
#1493=CARTESIAN_POINT('',(1.931755103131E0,1.488244896869E0,-4.E-1));
#1494=DIRECTION('',(0.E0,0.E0,-1.E0));
#1495=DIRECTION('',(-1.E0,-1.088901572696E-11,0.E0));
#1496=AXIS2_PLACEMENT_3D('',#1493,#1494,#1495);
#1498=DIRECTION('',(0.E0,-1.E0,0.E0));
#1499=VECTOR('',#1498,3.E-1);
#1500=CARTESIAN_POINT('',(2.E0,1.79E0,-4.E-1));
#1501=LINE('',#1500,#1499);
#1502=DIRECTION('',(-1.E0,-1.161550937805E-12,0.E0));
#1503=VECTOR('',#1502,6.824489686871E-2);
#1504=CARTESIAN_POINT('',(2.E0,1.49E0,-4.E-1));
#1505=LINE('',#1504,#1503);
#1506=DIRECTION('',(0.E0,3.923845375508E-13,1.E0));
#1507=VECTOR('',#1506,7.000000000170E-1);
#1508=CARTESIAN_POINT('',(1.93E0,1.488244896868E0,-1.100000000017E0));
#1509=LINE('',#1508,#1507);
#1510=DIRECTION('',(3.193398736394E-4,-5.255104542204E-6,-9.999999489972E-1));
#1511=VECTOR('',#1510,7.000000357190E-1);
#1512=CARTESIAN_POINT('',(1.931755103131E0,1.49E0,-4.E-1));
#1513=LINE('',#1512,#1511);
#1514=CARTESIAN_POINT('',(1.932053312424E0,2.478881977971E-1,
-1.100000000017E0));
#1515=CARTESIAN_POINT('',(1.931659356370E0,2.478247558708E-1,
-1.100000000017E0));
#1516=CARTESIAN_POINT('',(1.931024600203E0,2.479282322634E-1,
-1.100000000017E0));
#1517=CARTESIAN_POINT('',(1.930202168698E0,2.486035491875E-1,
-1.100000000017E0));
#1518=CARTESIAN_POINT('',(1.93E0,2.492392216115E-1,-1.100000000017E0));
#1519=CARTESIAN_POINT('',(1.93E0,2.496177282403E-1,-1.100000000017E0));
#1521=CARTESIAN_POINT('',(1.93E0,1.488244896868E0,-1.100000000017E0));
#1522=CARTESIAN_POINT('',(1.93E0,1.488619251089E0,-1.100000000017E0));
#1523=CARTESIAN_POINT('',(1.930150637003E0,1.489233834557E0,-1.100000000017E0));
#1524=CARTESIAN_POINT('',(1.931202491655E0,1.490004388340E0,-1.100000000017E0));
#1525=CARTESIAN_POINT('',(1.931328395058E0,1.489923056299E0,-1.100000000017E0));
#1526=CARTESIAN_POINT('',(1.931978641054E0,1.489996321427E0,-1.100000000017E0));
#1528=DIRECTION('',(-1.E0,-9.793468691307E-13,0.E0));
#1529=VECTOR('',#1528,6.824489686862E-2);
#1530=CARTESIAN_POINT('',(2.E0,1.79E0,-1.100000000017E0));
#1531=LINE('',#1530,#1529);
#1532=CARTESIAN_POINT('',(1.931755103131E0,1.488244896869E0,-1.100000000017E0));
#1533=DIRECTION('',(0.E0,0.E0,1.E0));
#1534=DIRECTION('',(3.740293751866E-12,1.E0,0.E0));
#1535=AXIS2_PLACEMENT_3D('',#1532,#1533,#1534);
#1537=DIRECTION('',(0.E0,-1.E0,0.E0));
#1538=VECTOR('',#1537,1.238627168627E0);
#1539=CARTESIAN_POINT('',(1.63E0,1.488244896868E0,-1.100000000017E0));
#1540=LINE('',#1539,#1538);
#1541=CARTESIAN_POINT('',(1.931755103131E0,2.496177282400E-1,
-1.100000000017E0));
#1542=DIRECTION('',(0.E0,0.E0,1.E0));
#1543=DIRECTION('',(-1.E0,1.052790040948E-11,0.E0));
#1544=AXIS2_PLACEMENT_3D('',#1541,#1542,#1543);
#1546=DIRECTION('',(9.848077530122E-1,1.736481776670E-1,0.E0));
#1547=VECTOR('',#1546,1.040382271762E0);
#1548=CARTESIAN_POINT('',(1.984154326889E0,-4.755303683445E-2,
-1.100000000017E0));
#1549=LINE('',#1548,#1547);
#1550=DIRECTION('',(-1.736481776670E-1,9.848077530122E-1,0.E0));
#1551=VECTOR('',#1550,2.999999999993E-1);
#1552=CARTESIAN_POINT('',(3.008730854217E0,1.331074487341E-1,
-1.100000000017E0));
#1553=LINE('',#1552,#1551);
#1554=DIRECTION('',(-9.848077638014E-1,-1.736481164785E-1,0.E0));
#1555=VECTOR('',#1554,1.040388922746E0);
#1556=CARTESIAN_POINT('',(2.956636400917E0,4.285497746371E-1,
-1.100000000017E0));
#1557=LINE('',#1556,#1555);
#1558=DIRECTION('',(-5.546433410435E-5,-4.170943621030E-6,9.999999984532E-1));
#1559=VECTOR('',#1558,7.000000010998E-1);
#1560=CARTESIAN_POINT('',(1.932053312424E0,2.478881977971E-1,
-1.100000000017E0));
#1561=LINE('',#1560,#1559);
#1562=DIRECTION('',(0.E0,-4.758098676849E-14,-1.E0));
#1563=VECTOR('',#1562,7.000000000170E-1);
#1564=CARTESIAN_POINT('',(1.93E0,2.496177282403E-1,-4.E-1));
#1565=LINE('',#1564,#1563);
#1566=DIRECTION('',(0.E0,0.E0,1.E0));
#1567=VECTOR('',#1566,7.000000000170E-1);
#1568=CARTESIAN_POINT('',(2.956636400917E0,4.285497746371E-1,
-1.100000000017E0));
#1569=LINE('',#1568,#1567);
#1570=DIRECTION('',(0.E0,0.E0,1.E0));
#1571=VECTOR('',#1570,7.000000000170E-1);
#1572=CARTESIAN_POINT('',(3.008730854217E0,1.331074487341E-1,
-1.100000000017E0));
#1573=LINE('',#1572,#1571);
#1574=DIRECTION('',(0.E0,-5.183948508427E-13,1.E0));
#1575=VECTOR('',#1574,7.000000000170E-1);
#1576=CARTESIAN_POINT('',(1.63E0,2.496177282414E-1,-1.100000000017E0));
#1577=LINE('',#1576,#1575);
#1578=DIRECTION('',(2.823138548264E-14,0.E0,-1.E0));
#1579=VECTOR('',#1578,7.000000000170E-1);
#1580=CARTESIAN_POINT('',(1.984154326889E0,-4.755303683445E-2,-4.E-1));
#1581=LINE('',#1580,#1579);
#1582=DIRECTION('',(0.E0,-1.E0,0.E0));
#1583=VECTOR('',#1582,1.238627168627E0);
#1584=CARTESIAN_POINT('',(1.63E0,1.488244896868E0,-4.E-1));
#1585=LINE('',#1584,#1583);
#1586=DIRECTION('',(-6.826285568387E-13,0.E0,1.E0));
#1587=VECTOR('',#1586,7.000000000170E-1);
#1588=CARTESIAN_POINT('',(1.931755103131E0,1.79E0,-1.100000000017E0));
#1589=LINE('',#1588,#1587);
#1590=DIRECTION('',(0.E0,6.829457634171E-13,-1.E0));
#1591=VECTOR('',#1590,7.000000000170E-1);
#1592=CARTESIAN_POINT('',(1.63E0,1.488244896868E0,-4.E-1));
#1593=LINE('',#1592,#1591);
#1594=DIRECTION('',(0.E0,0.E0,1.E0));
#1595=VECTOR('',#1594,7.000000000170E-1);
#1596=CARTESIAN_POINT('',(2.E0,1.79E0,-1.100000000017E0));
#1597=LINE('',#1596,#1595);
#1598=DIRECTION('',(-1.E0,-9.793468691238E-13,0.E0));
#1599=VECTOR('',#1598,6.824489686910E-2);
#1600=CARTESIAN_POINT('',(2.E0,1.79E0,-4.E-1));
#1601=LINE('',#1600,#1599);
#1602=DIRECTION('',(0.E0,-1.E0,0.E0));
#1603=VECTOR('',#1602,1.238627168628E0);
#1604=CARTESIAN_POINT('',(1.93E0,1.488244896868E0,-1.100000000017E0));
#1605=LINE('',#1604,#1603);
#1606=DIRECTION('',(0.E0,0.E0,-1.E0));
#1607=VECTOR('',#1606,7.000000000170E-1);
#1608=CARTESIAN_POINT('',(2.E0,1.49E0,-4.E-1));
#1609=LINE('',#1608,#1607);
#1610=DIRECTION('',(-9.999999985377E-1,-5.407968170486E-5,0.E0));
#1611=VECTOR('',#1610,6.802135904522E-2);
#1612=CARTESIAN_POINT('',(2.E0,1.49E0,-1.100000000017E0));
#1613=LINE('',#1612,#1611);
#1614=DIRECTION('',(-3.279428011200E-14,0.E0,-1.E0));
#1615=VECTOR('',#1614,1.3E0);
#1616=CARTESIAN_POINT('',(7.55E0,4.9E-1,0.E0));
#1617=LINE('',#1616,#1615);
#1618=DIRECTION('',(0.E0,0.E0,1.E0));
#1619=VECTOR('',#1618,1.3E0);
#1620=CARTESIAN_POINT('',(6.25E0,6.689146516911E-1,-1.3E0));
#1621=LINE('',#1620,#1619);
#1622=DIRECTION('',(0.E0,0.E0,-1.E0));
#1623=VECTOR('',#1622,1.3E0);
#1624=CARTESIAN_POINT('',(6.413646475863E0,7.944850091088E-1,0.E0));
#1625=LINE('',#1624,#1623);
#1626=CARTESIAN_POINT('',(6.38E0,6.689146516911E-1,-1.3E0));
#1627=DIRECTION('',(0.E0,0.E0,-1.E0));
#1628=DIRECTION('',(-1.E0,0.E0,0.E0));
#1629=AXIS2_PLACEMENT_3D('',#1626,#1627,#1628);
#1631=DIRECTION('',(9.659258262891E-1,-2.588190451025E-1,0.E0));
#1632=VECTOR('',#1631,1.176439736064E0);
#1633=CARTESIAN_POINT('',(6.413646475863E0,7.944850091088E-1,-1.3E0));
#1634=LINE('',#1633,#1632);
#1635=DIRECTION('',(0.E0,-1.E0,0.E0));
#1636=VECTOR('',#1635,1.789146516911E-1);
#1637=CARTESIAN_POINT('',(6.25E0,6.689146516911E-1,-1.3E0));
#1638=LINE('',#1637,#1636);
#1639=DIRECTION('',(0.E0,1.E0,0.E0));
#1640=VECTOR('',#1639,1.789146516911E-1);
#1641=CARTESIAN_POINT('',(6.25E0,4.9E-1,0.E0));
#1642=LINE('',#1641,#1640);
#1643=DIRECTION('',(1.E0,0.E0,0.E0));
#1644=VECTOR('',#1643,1.14E0);
#1645=CARTESIAN_POINT('',(4.43E0,5.9E-1,-1.025E0));
#1646=LINE('',#1645,#1644);
#1647=CARTESIAN_POINT('',(8.008253319745E0,1.488253319745E0,-5.6E0));
#1648=DIRECTION('',(0.E0,0.E0,-1.E0));
#1649=DIRECTION('',(4.851043628952E-10,1.E0,0.E0));
#1650=AXIS2_PLACEMENT_3D('',#1647,#1648,#1649);
#1652=DIRECTION('',(0.E0,-1.E0,0.E0));
#1653=VECTOR('',#1652,1.238645629497E0);
#1654=CARTESIAN_POINT('',(8.01E0,1.488253319745E0,-5.6E0));
#1655=LINE('',#1654,#1653);
#1656=CARTESIAN_POINT('',(8.008253319745E0,2.496076902480E-1,-5.6E0));
#1657=DIRECTION('',(0.E0,0.E0,-1.E0));
#1658=DIRECTION('',(1.E0,-1.717442332995E-10,0.E0));
#1659=AXIS2_PLACEMENT_3D('',#1656,#1657,#1658);
#1661=DIRECTION('',(-9.848085076569E-1,1.736438978100E-1,0.E0));
#1662=VECTOR('',#1661,1.040476059462E0);
#1663=CARTESIAN_POINT('',(8.008033274454E0,2.478774560942E-1,-5.6E0));
#1664=LINE('',#1663,#1662);
#1665=DIRECTION('',(-1.736481776669E-1,-9.848077530122E-1,0.E0));
#1666=VECTOR('',#1665,2.999999999994E-1);
#1667=CARTESIAN_POINT('',(6.983363599083E0,4.285497746371E-1,-5.6E0));
#1668=LINE('',#1667,#1666);
#1669=DIRECTION('',(9.848077530122E-1,-1.736481776668E-1,0.E0));
#1670=VECTOR('',#1669,1.040392309751E0);
#1671=CARTESIAN_POINT('',(6.931269145783E0,1.331074487340E-1,-5.6E0));
#1672=LINE('',#1671,#1670);
#1673=CARTESIAN_POINT('',(8.008253319745E0,2.496076902480E-1,-5.6E0));
#1674=DIRECTION('',(0.E0,0.E0,1.E0));
#1675=DIRECTION('',(-1.736481776708E-1,-9.848077530115E-1,0.E0));
#1676=AXIS2_PLACEMENT_3D('',#1673,#1674,#1675);
#1678=CARTESIAN_POINT('',(8.008253319745E0,1.488253319745E0,-5.6E0));
#1679=DIRECTION('',(0.E0,0.E0,1.E0));
#1680=DIRECTION('',(1.E0,1.086871548005E-11,0.E0));
#1681=AXIS2_PLACEMENT_3D('',#1678,#1679,#1680);
#1683=DIRECTION('',(0.E0,-1.E0,0.E0));
#1684=VECTOR('',#1683,3.E-1);
#1685=CARTESIAN_POINT('',(8.E0,1.79E0,-5.6E0));
#1686=LINE('',#1685,#1684);
#1687=DIRECTION('',(1.E0,9.227959395711E-12,0.E0));
#1688=VECTOR('',#1687,8.253319745283E-3);
#1689=CARTESIAN_POINT('',(8.E0,1.49E0,-5.6E0));
#1690=LINE('',#1689,#1688);
#1691=DIRECTION('',(-3.178556906271E-4,-5.229884892249E-6,9.999999494702E-1));
#1692=VECTOR('',#1691,7.000000353519E-1);
#1693=CARTESIAN_POINT('',(8.008253319745E0,1.49E0,-5.6E0));
#1694=LINE('',#1693,#1692);
#1695=DIRECTION('',(0.E0,-3.768414152259E-13,-1.E0));
#1696=VECTOR('',#1695,6.999999999810E-1);
#1697=CARTESIAN_POINT('',(8.01E0,1.488253319746E0,-4.900000000019E0));
#1698=LINE('',#1697,#1696);
#1699=DIRECTION('',(0.E0,0.E0,1.E0));
#1700=VECTOR('',#1699,6.999999999810E-1);
#1701=CARTESIAN_POINT('',(8.E0,1.49E0,-5.6E0));
#1702=LINE('',#1701,#1700);
#1703=DIRECTION('',(9.999998960964E-1,-4.558586558716E-4,0.E0));
#1704=VECTOR('',#1703,8.030821585036E-3);
#1705=CARTESIAN_POINT('',(8.E0,1.49E0,-4.900000000019E0));
#1706=LINE('',#1705,#1704);
#1707=DIRECTION('',(9.848085076569E-1,-1.736438978095E-1,0.E0));
#1708=VECTOR('',#1707,1.040475958637E0);
#1709=CARTESIAN_POINT('',(6.983363599083E0,4.285497746371E-1,
-4.900000000019E0));
#1710=LINE('',#1709,#1708);
#1711=CARTESIAN_POINT('',(8.008253319745E0,2.496076902480E-1,
-4.900000000019E0));
#1712=DIRECTION('',(0.E0,0.E0,1.E0));
#1713=DIRECTION('',(-1.261700828489E-1,-9.920086240522E-1,0.E0));
#1714=AXIS2_PLACEMENT_3D('',#1711,#1712,#1713);
#1716=CARTESIAN_POINT('',(8.01E0,1.488253319746E0,-4.900000000019E0));
#1717=CARTESIAN_POINT('',(8.01E0,1.488625890492E0,-4.900000000019E0));
#1718=CARTESIAN_POINT('',(8.009850083670E0,1.489237539847E0,-4.900000000019E0));
#1719=CARTESIAN_POINT('',(8.008803183680E0,1.490004406149E0,-4.900000000019E0));
#1720=CARTESIAN_POINT('',(8.008677959659E0,1.489923424037E0,-4.900000000019E0));
#1721=CARTESIAN_POINT('',(8.008030820751E0,1.489996339080E0,-4.900000000019E0));
#1723=DIRECTION('',(1.E0,8.124908855573E-12,0.E0));
#1724=VECTOR('',#1723,8.253319745410E-3);
#1725=CARTESIAN_POINT('',(8.E0,1.79E0,-4.900000000019E0));
#1726=LINE('',#1725,#1724);
#1727=CARTESIAN_POINT('',(8.008253319745E0,1.488253319745E0,-4.900000000019E0));
#1728=DIRECTION('',(0.E0,0.E0,-1.E0));
#1729=DIRECTION('',(4.091405421061E-12,1.E0,0.E0));
#1730=AXIS2_PLACEMENT_3D('',#1727,#1728,#1729);
#1732=DIRECTION('',(0.E0,-1.E0,0.E0));
#1733=VECTOR('',#1732,1.238645629499E0);
#1734=CARTESIAN_POINT('',(8.31E0,1.488253319746E0,-4.900000000019E0));
#1735=LINE('',#1734,#1733);
#1736=CARTESIAN_POINT('',(8.008253319745E0,2.496076902480E-1,
-4.900000000019E0));
#1737=DIRECTION('',(0.E0,0.E0,-1.E0));
#1738=DIRECTION('',(1.E0,-1.051550062355E-11,0.E0));
#1739=AXIS2_PLACEMENT_3D('',#1736,#1737,#1738);
#1741=DIRECTION('',(-9.848077530122E-1,1.736481776668E-1,0.E0));
#1742=VECTOR('',#1741,1.040392309747E0);
#1743=CARTESIAN_POINT('',(7.955855558597E0,-4.755477991227E-2,
-4.900000000019E0));
#1744=LINE('',#1743,#1742);
#1745=DIRECTION('',(1.736481776669E-1,9.848077530122E-1,0.E0));
#1746=VECTOR('',#1745,2.999999999995E-1);
#1747=CARTESIAN_POINT('',(6.931269145783E0,1.331074487339E-1,
-4.900000000019E0));
#1748=LINE('',#1747,#1746);
#1749=DIRECTION('',(0.E0,4.758098677094E-14,1.E0));
#1750=VECTOR('',#1749,6.999999999810E-1);
#1751=CARTESIAN_POINT('',(8.01E0,2.496076902478E-1,-5.6E0));
#1752=LINE('',#1751,#1750);
#1753=DIRECTION('',(1.418475876479E-7,-2.501157190158E-8,-1.E0));
#1754=VECTOR('',#1753,6.999999999810E-1);
#1755=CARTESIAN_POINT('',(8.008033175161E0,2.478774736023E-1,
-4.900000000019E0));
#1756=LINE('',#1755,#1754);
#1757=DIRECTION('',(0.E0,-1.E0,0.E0));
#1758=VECTOR('',#1757,1.238645629498E0);
#1759=CARTESIAN_POINT('',(8.01E0,1.488253319746E0,-4.900000000019E0));
#1760=LINE('',#1759,#1758);
#1761=DIRECTION('',(0.E0,0.E0,1.E0));
#1762=VECTOR('',#1761,6.999999999810E-1);
#1763=CARTESIAN_POINT('',(6.983363599083E0,4.285497746371E-1,-5.6E0));
#1764=LINE('',#1763,#1762);
#1765=DIRECTION('',(-3.425831047508E-14,-1.847331811382E-13,1.E0));
#1766=VECTOR('',#1765,6.999999999810E-1);
#1767=CARTESIAN_POINT('',(6.931269145783E0,1.331074487340E-1,-5.6E0));
#1768=LINE('',#1767,#1766);
#1769=DIRECTION('',(-4.972530324142E-12,6.863259960541E-13,1.E0));
#1770=VECTOR('',#1769,6.999999999810E-1);
#1771=CARTESIAN_POINT('',(7.955855558600E0,-4.755477991275E-2,-5.6E0));
#1772=LINE('',#1771,#1770);
#1773=DIRECTION('',(0.E0,5.214876150095E-13,-1.E0));
#1774=VECTOR('',#1773,6.999999999810E-1);
#1775=CARTESIAN_POINT('',(8.31E0,2.496076902468E-1,-4.900000000019E0));
#1776=LINE('',#1775,#1774);
#1777=DIRECTION('',(0.E0,-1.E0,0.E0));
#1778=VECTOR('',#1777,1.238645629499E0);
#1779=CARTESIAN_POINT('',(8.31E0,1.488253319746E0,-5.6E0));
#1780=LINE('',#1779,#1778);
#1781=DIRECTION('',(0.E0,-7.267202712815E-13,1.E0));
#1782=VECTOR('',#1781,6.999999999810E-1);
#1783=CARTESIAN_POINT('',(8.31E0,1.488253319746E0,-5.6E0));
#1784=LINE('',#1783,#1782);
#1785=DIRECTION('',(-7.283063041739E-13,0.E0,-1.E0));
#1786=VECTOR('',#1785,6.999999999810E-1);
#1787=CARTESIAN_POINT('',(8.008253319745E0,1.79E0,-4.900000000019E0));
#1788=LINE('',#1787,#1786);
#1789=DIRECTION('',(1.E0,8.071101512655E-12,0.E0));
#1790=VECTOR('',#1789,8.253319744902E-3);
#1791=CARTESIAN_POINT('',(8.E0,1.79E0,-5.6E0));
#1792=LINE('',#1791,#1790);
#1793=CARTESIAN_POINT('',(8.008248092903E0,2.496139193550E-1,-4.E-1));
#1794=DIRECTION('',(0.E0,0.E0,-1.E0));
#1795=DIRECTION('',(1.E0,-1.052562039923E-11,0.E0));
#1796=AXIS2_PLACEMENT_3D('',#1793,#1794,#1795);
#1798=DIRECTION('',(-9.848077530122E-1,1.736481776671E-1,0.E0));
#1799=VECTOR('',#1798,1.040386080647E0);
#1800=CARTESIAN_POINT('',(7.955849424130E0,-4.755369824057E-2,-4.E-1));
#1801=LINE('',#1800,#1799);
#1802=DIRECTION('',(1.736481776670E-1,9.848077530122E-1,0.E0));
#1803=VECTOR('',#1802,2.999999999993E-1);
#1804=CARTESIAN_POINT('',(6.931269145783E0,1.331074487340E-1,-4.E-1));
#1805=LINE('',#1804,#1803);
#1806=DIRECTION('',(9.848085099195E-1,-1.736438849775E-1,0.E0));
#1807=VECTOR('',#1806,1.040469979839E0);
#1808=CARTESIAN_POINT('',(6.983363599083E0,4.285497746370E-1,-4.E-1));
#1809=LINE('',#1808,#1807);
#1810=CARTESIAN_POINT('',(8.008248092903E0,2.496139193550E-1,-4.E-1));
#1811=DIRECTION('',(0.E0,0.E0,1.E0));
#1812=DIRECTION('',(-1.261701234405E-1,-9.920086188895E-1,0.E0));
#1813=AXIS2_PLACEMENT_3D('',#1810,#1811,#1812);
#1815=CARTESIAN_POINT('',(8.01E0,1.488248092903E0,-4.E-1));
#1816=CARTESIAN_POINT('',(8.01E0,1.488621770399E0,-4.E-1));
#1817=CARTESIAN_POINT('',(8.009849636453E0,1.489235240538E0,-4.E-1));
#1818=CARTESIAN_POINT('',(8.008799661766E0,1.490004395126E0,-4.E-1));
#1819=CARTESIAN_POINT('',(8.008674016205E0,1.489923195835E0,-4.E-1));
#1820=CARTESIAN_POINT('',(8.008024949175E0,1.489996328125E0,-4.E-1));
#1822=DIRECTION('',(1.E0,8.022374752810E-12,0.E0));
#1823=VECTOR('',#1822,8.248092903473E-3);
#1824=CARTESIAN_POINT('',(8.E0,1.79E0,-4.E-1));
#1825=LINE('',#1824,#1823);
#1826=CARTESIAN_POINT('',(8.008248092903E0,1.488248092903E0,-4.E-1));
#1827=DIRECTION('',(0.E0,0.E0,-1.E0));
#1828=DIRECTION('',(4.703563030750E-12,1.E0,0.E0));
#1829=AXIS2_PLACEMENT_3D('',#1826,#1827,#1828);
#1831=DIRECTION('',(0.E0,-1.E0,0.E0));
#1832=VECTOR('',#1831,1.238634173550E0);
#1833=CARTESIAN_POINT('',(8.31E0,1.488248092904E0,-4.E-1));
#1834=LINE('',#1833,#1832);
#1835=DIRECTION('',(-1.457881434587E-12,2.572545351283E-13,1.E0));
#1836=VECTOR('',#1835,7.000000000170E-1);
#1837=CARTESIAN_POINT('',(7.955849424131E0,-4.755369824075E-2,
-1.100000000017E0));
#1838=LINE('',#1837,#1836);
#1839=DIRECTION('',(0.E0,5.162933572605E-13,-1.E0));
#1840=VECTOR('',#1839,7.000000000170E-1);
#1841=CARTESIAN_POINT('',(8.31E0,2.496139193538E-1,-4.E-1));
#1842=LINE('',#1841,#1840);
#1843=DIRECTION('',(0.E0,0.E0,1.E0));
#1844=VECTOR('',#1843,7.000000000170E-1);
#1845=CARTESIAN_POINT('',(6.931269145783E0,1.331074487340E-1,
-1.100000000017E0));
#1846=LINE('',#1845,#1844);
#1847=DIRECTION('',(0.E0,0.E0,1.E0));
#1848=VECTOR('',#1847,7.000000000170E-1);
#1849=CARTESIAN_POINT('',(6.983363599083E0,4.285497746370E-1,
-1.100000000017E0));
#1850=LINE('',#1849,#1848);
#1851=DIRECTION('',(0.E0,-1.E0,0.E0));
#1852=VECTOR('',#1851,1.238634173550E0);
#1853=CARTESIAN_POINT('',(8.31E0,1.488248092904E0,-1.100000000017E0));
#1854=LINE('',#1853,#1852);
#1855=DIRECTION('',(0.E0,-7.999949908676E-13,1.E0));
#1856=VECTOR('',#1855,7.000000000170E-1);
#1857=CARTESIAN_POINT('',(8.31E0,1.488248092904E0,-1.100000000017E0));
#1858=LINE('',#1857,#1856);
#1859=DIRECTION('',(-7.993605777107E-13,0.E0,-1.E0));
#1860=VECTOR('',#1859,7.000000000170E-1);
#1861=CARTESIAN_POINT('',(8.008248092903E0,1.79E0,-4.E-1));
#1862=LINE('',#1861,#1860);
#1863=DIRECTION('',(1.E0,8.103136915301E-12,0.E0));
#1864=VECTOR('',#1863,8.248092902914E-3);
#1865=CARTESIAN_POINT('',(8.E0,1.79E0,-1.100000000017E0));
#1866=LINE('',#1865,#1864);
#1867=DIRECTION('',(0.E0,0.E0,1.E0));
#1868=VECTOR('',#1867,7.000000000170E-1);
#1869=CARTESIAN_POINT('',(8.01E0,2.496139193549E-1,-1.100000000017E0));
#1870=LINE('',#1869,#1868);
#1871=DIRECTION('',(1.423666949374E-7,-2.510308532412E-8,-1.E0));
#1872=VECTOR('',#1871,7.000000000170E-1);
#1873=CARTESIAN_POINT('',(8.008027289545E0,2.478785251353E-1,-4.E-1));
#1874=LINE('',#1873,#1872);
#1875=DIRECTION('',(0.E0,-1.E0,0.E0));
#1876=VECTOR('',#1875,1.238634173549E0);
#1877=CARTESIAN_POINT('',(8.01E0,1.488248092903E0,-4.E-1));
#1878=LINE('',#1877,#1876);
#1879=CARTESIAN_POINT('',(7.95E0,3.64E0,-4.6E0));
#1880=CARTESIAN_POINT('',(7.95E0,3.64E0,-5.65E0));
#1881=VERTEX_POINT('',#1879);
#1882=VERTEX_POINT('',#1880);
#1883=CARTESIAN_POINT('',(7.95E0,3.94E0,-4.6E0));
#1884=VERTEX_POINT('',#1883);
#1885=CARTESIAN_POINT('',(7.95E0,3.94E0,-5.65E0));
#1886=VERTEX_POINT('',#1885);
#1887=CARTESIAN_POINT('',(2.E0,3.64E0,-5.7E0));
#1888=CARTESIAN_POINT('',(2.3E0,3.64E0,-6.E0));
#1889=VERTEX_POINT('',#1887);
#1890=VERTEX_POINT('',#1888);
#1891=CARTESIAN_POINT('',(7.7E0,3.64E0,-6.E0));
#1892=VERTEX_POINT('',#1891);
#1893=CARTESIAN_POINT('',(8.E0,3.64E0,-5.7E0));
#1894=VERTEX_POINT('',#1893);
#1895=CARTESIAN_POINT('',(8.E0,3.64E0,-3.E-1));
#1896=VERTEX_POINT('',#1895);
#1897=CARTESIAN_POINT('',(7.7E0,3.64E0,0.E0));
#1898=VERTEX_POINT('',#1897);
#1899=CARTESIAN_POINT('',(2.3E0,3.64E0,0.E0));
#1900=VERTEX_POINT('',#1899);
#1901=CARTESIAN_POINT('',(2.E0,3.64E0,-3.E-1));
#1902=VERTEX_POINT('',#1901);
#1903=CARTESIAN_POINT('',(7.65E0,3.64E0,-5.E-2));
#1904=CARTESIAN_POINT('',(7.95E0,3.64E0,-3.5E-1));
#1905=VERTEX_POINT('',#1903);
#1906=VERTEX_POINT('',#1904);
#1907=CARTESIAN_POINT('',(7.95E0,3.64E0,-1.4E0));
#1908=VERTEX_POINT('',#1907);
#1909=CARTESIAN_POINT('',(7.85E0,3.64E0,-1.5E0));
#1910=VERTEX_POINT('',#1909);
#1911=CARTESIAN_POINT('',(7.85E0,3.64E0,-4.5E0));
#1912=VERTEX_POINT('',#1911);
#1913=CARTESIAN_POINT('',(7.65E0,3.64E0,-5.95E0));
#1914=VERTEX_POINT('',#1913);
#1915=CARTESIAN_POINT('',(6.6E0,3.64E0,-5.95E0));
#1916=VERTEX_POINT('',#1915);
#1917=CARTESIAN_POINT('',(6.5E0,3.64E0,-5.85E0));
#1918=VERTEX_POINT('',#1917);
#1919=CARTESIAN_POINT('',(3.5E0,3.64E0,-5.85E0));
#1920=VERTEX_POINT('',#1919);
#1921=CARTESIAN_POINT('',(3.4E0,3.64E0,-5.95E0));
#1922=VERTEX_POINT('',#1921);
#1923=CARTESIAN_POINT('',(2.35E0,3.64E0,-5.95E0));
#1924=VERTEX_POINT('',#1923);
#1925=CARTESIAN_POINT('',(2.05E0,3.64E0,-5.65E0));
#1926=VERTEX_POINT('',#1925);
#1927=CARTESIAN_POINT('',(2.05E0,3.64E0,-4.6E0));
#1928=VERTEX_POINT('',#1927);
#1929=CARTESIAN_POINT('',(2.15E0,3.64E0,-4.5E0));
#1930=VERTEX_POINT('',#1929);
#1931=CARTESIAN_POINT('',(2.15E0,3.64E0,-1.5E0));
#1932=VERTEX_POINT('',#1931);
#1933=CARTESIAN_POINT('',(2.05E0,3.64E0,-1.4E0));
#1934=VERTEX_POINT('',#1933);
#1935=CARTESIAN_POINT('',(2.05E0,3.64E0,-3.5E-1));
#1936=VERTEX_POINT('',#1935);
#1937=CARTESIAN_POINT('',(2.35E0,3.64E0,-5.E-2));
#1938=VERTEX_POINT('',#1937);
#1939=CARTESIAN_POINT('',(3.4E0,3.64E0,-5.E-2));
#1940=VERTEX_POINT('',#1939);
#1941=CARTESIAN_POINT('',(3.5E0,3.64E0,-1.5E-1));
#1942=VERTEX_POINT('',#1941);
#1943=CARTESIAN_POINT('',(6.5E0,3.64E0,-1.5E-1));
#1944=VERTEX_POINT('',#1943);
#1945=CARTESIAN_POINT('',(6.6E0,3.64E0,-5.E-2));
#1946=VERTEX_POINT('',#1945);
#1947=CARTESIAN_POINT('',(2.3E0,4.9E-1,-6.E0));
#1948=CARTESIAN_POINT('',(2.E0,4.9E-1,-5.7E0));
#1949=VERTEX_POINT('',#1947);
#1950=VERTEX_POINT('',#1948);
#1951=CARTESIAN_POINT('',(5.7E0,4.9E-1,-6.E0));
#1952=CARTESIAN_POINT('',(5.7E0,4.9E-1,-5.105E0));
#1953=VERTEX_POINT('',#1951);
#1954=VERTEX_POINT('',#1952);
#1955=CARTESIAN_POINT('',(5.57E0,4.9E-1,-4.975E0));
#1956=VERTEX_POINT('',#1955);
#1957=CARTESIAN_POINT('',(4.43E0,4.9E-1,-4.975E0));
#1958=VERTEX_POINT('',#1957);
#1959=CARTESIAN_POINT('',(4.3E0,4.9E-1,-5.105E0));
#1960=VERTEX_POINT('',#1959);
#1961=CARTESIAN_POINT('',(4.3E0,4.9E-1,-6.E0));
#1962=VERTEX_POINT('',#1961);
#1963=CARTESIAN_POINT('',(3.75E0,4.9E-1,-6.E0));
#1964=VERTEX_POINT('',#1963);
#1965=CARTESIAN_POINT('',(3.75E0,4.9E-1,-4.7E0));
#1966=VERTEX_POINT('',#1965);
#1967=CARTESIAN_POINT('',(2.45E0,4.9E-1,-4.7E0));
#1968=VERTEX_POINT('',#1967);
#1969=CARTESIAN_POINT('',(2.45E0,4.9E-1,-6.E0));
#1970=VERTEX_POINT('',#1969);
#1971=CARTESIAN_POINT('',(2.E0,4.9E-1,-4.E0));
#1972=VERTEX_POINT('',#1971);
#1973=CARTESIAN_POINT('',(8.E0,4.9E-1,-4.E0));
#1974=VERTEX_POINT('',#1973);
#1975=CARTESIAN_POINT('',(8.E0,4.9E-1,-5.7E0));
#1976=VERTEX_POINT('',#1975);
#1977=CARTESIAN_POINT('',(7.7E0,4.9E-1,-6.E0));
#1978=VERTEX_POINT('',#1977);
#1979=CARTESIAN_POINT('',(7.55E0,4.9E-1,-6.E0));
#1980=VERTEX_POINT('',#1979);
#1981=CARTESIAN_POINT('',(7.55E0,4.9E-1,-4.7E0));
#1982=VERTEX_POINT('',#1981);
#1983=CARTESIAN_POINT('',(6.25E0,4.9E-1,-4.7E0));
#1984=VERTEX_POINT('',#1983);
#1985=CARTESIAN_POINT('',(6.25E0,4.9E-1,-6.E0));
#1986=VERTEX_POINT('',#1985);
#1987=CARTESIAN_POINT('',(5.7E0,5.9E-1,-5.105E0));
#1988=VERTEX_POINT('',#1987);
#1989=CARTESIAN_POINT('',(5.7E0,5.9E-1,-6.E0));
#1990=VERTEX_POINT('',#1989);
#1991=CARTESIAN_POINT('',(5.57E0,5.9E-1,-4.975E0));
#1992=VERTEX_POINT('',#1991);
#1993=CARTESIAN_POINT('',(4.3E0,5.9E-1,-6.E0));
#1994=VERTEX_POINT('',#1993);
#1995=CARTESIAN_POINT('',(4.3E0,5.9E-1,-5.105E0));
#1996=VERTEX_POINT('',#1995);
#1997=CARTESIAN_POINT('',(4.43E0,5.9E-1,-4.975E0));
#1998=VERTEX_POINT('',#1997);
#1999=CARTESIAN_POINT('',(3.586353524137E0,7.944850091088E-1,-6.E0));
#2000=VERTEX_POINT('',#1999);
#2001=CARTESIAN_POINT('',(3.75E0,6.689146516911E-1,-6.E0));
#2002=VERTEX_POINT('',#2001);
#2003=CARTESIAN_POINT('',(6.25E0,6.689146516911E-1,-6.E0));
#2004=VERTEX_POINT('',#2003);
#2005=CARTESIAN_POINT('',(6.413646475863E0,7.944850091089E-1,-6.E0));
#2006=VERTEX_POINT('',#2005);
#2007=CARTESIAN_POINT('',(3.586353524137E0,7.944850091088E-1,-4.7E0));
#2008=VERTEX_POINT('',#2007);
#2009=CARTESIAN_POINT('',(3.75E0,6.689146516911E-1,-4.7E0));
#2010=VERTEX_POINT('',#2009);
#2011=CARTESIAN_POINT('',(6.25E0,6.689146516911E-1,-4.7E0));
#2012=VERTEX_POINT('',#2011);
#2013=CARTESIAN_POINT('',(6.413646475863E0,7.944850091089E-1,-4.7E0));
#2014=VERTEX_POINT('',#2013);
#2015=CARTESIAN_POINT('',(8.E0,4.9E-1,-3.E-1));
#2016=VERTEX_POINT('',#2015);
#2017=CARTESIAN_POINT('',(8.E0,7.9E-1,-4.E0));
#2018=VERTEX_POINT('',#2017);
#2019=CARTESIAN_POINT('',(8.E0,7.9E-1,-2.E0));
#2020=VERTEX_POINT('',#2019);
#2021=CARTESIAN_POINT('',(8.E0,4.9E-1,-2.E0));
#2022=VERTEX_POINT('',#2021);
#2023=CARTESIAN_POINT('',(8.E0,1.79E0,-5.6E0));
#2024=CARTESIAN_POINT('',(8.E0,1.49E0,-5.6E0));
#2025=VERTEX_POINT('',#2023);
#2026=VERTEX_POINT('',#2024);
#2027=CARTESIAN_POINT('',(8.E0,1.79E0,-4.900000000019E0));
#2028=VERTEX_POINT('',#2027);
#2029=CARTESIAN_POINT('',(8.E0,1.49E0,-4.900000000019E0));
#2030=VERTEX_POINT('',#2029);
#2031=CARTESIAN_POINT('',(8.E0,1.79E0,-4.E-1));
#2032=CARTESIAN_POINT('',(8.E0,1.49E0,-4.E-1));
#2033=VERTEX_POINT('',#2031);
#2034=VERTEX_POINT('',#2032);
#2035=CARTESIAN_POINT('',(8.E0,1.49E0,-1.100000000017E0));
#2036=VERTEX_POINT('',#2035);
#2037=CARTESIAN_POINT('',(8.E0,1.79E0,-1.100000000017E0));
#2038=VERTEX_POINT('',#2037);
#2039=CARTESIAN_POINT('',(7.7E0,4.9E-1,0.E0));
#2040=VERTEX_POINT('',#2039);
#2041=CARTESIAN_POINT('',(4.3E0,4.9E-1,0.E0));
#2042=CARTESIAN_POINT('',(4.3E0,4.9E-1,-8.95E-1));
#2043=VERTEX_POINT('',#2041);
#2044=VERTEX_POINT('',#2042);
#2045=CARTESIAN_POINT('',(4.43E0,4.9E-1,-1.025E0));
#2046=VERTEX_POINT('',#2045);
#2047=CARTESIAN_POINT('',(5.57E0,4.9E-1,-1.025E0));
#2048=VERTEX_POINT('',#2047);
#2049=CARTESIAN_POINT('',(5.7E0,4.9E-1,-8.95E-1));
#2050=VERTEX_POINT('',#2049);
#2051=CARTESIAN_POINT('',(5.7E0,4.9E-1,0.E0));
#2052=VERTEX_POINT('',#2051);
#2053=CARTESIAN_POINT('',(6.25E0,4.9E-1,0.E0));
#2054=VERTEX_POINT('',#2053);
#2055=CARTESIAN_POINT('',(6.25E0,4.9E-1,-1.3E0));
#2056=VERTEX_POINT('',#2055);
#2057=CARTESIAN_POINT('',(7.55E0,4.9E-1,-1.3E0));
#2058=VERTEX_POINT('',#2057);
#2059=CARTESIAN_POINT('',(7.55E0,4.9E-1,0.E0));
#2060=VERTEX_POINT('',#2059);
#2061=CARTESIAN_POINT('',(2.E0,4.9E-1,-2.E0));
#2062=VERTEX_POINT('',#2061);
#2063=CARTESIAN_POINT('',(2.E0,4.9E-1,-3.E-1));
#2064=VERTEX_POINT('',#2063);
#2065=CARTESIAN_POINT('',(2.3E0,4.9E-1,0.E0));
#2066=VERTEX_POINT('',#2065);
#2067=CARTESIAN_POINT('',(2.45E0,4.9E-1,0.E0));
#2068=VERTEX_POINT('',#2067);
#2069=CARTESIAN_POINT('',(2.45E0,4.9E-1,-1.3E0));
#2070=VERTEX_POINT('',#2069);
#2071=CARTESIAN_POINT('',(3.75E0,4.9E-1,-1.3E0));
#2072=VERTEX_POINT('',#2071);
#2073=CARTESIAN_POINT('',(3.75E0,4.9E-1,0.E0));
#2074=VERTEX_POINT('',#2073);
#2075=CARTESIAN_POINT('',(4.3E0,5.9E-1,-8.95E-1));
#2076=VERTEX_POINT('',#2075);
#2077=CARTESIAN_POINT('',(4.3E0,5.9E-1,0.E0));
#2078=VERTEX_POINT('',#2077);
#2079=CARTESIAN_POINT('',(4.43E0,5.9E-1,-1.025E0));
#2080=VERTEX_POINT('',#2079);
#2081=CARTESIAN_POINT('',(5.7E0,5.9E-1,-8.95E-1));
#2082=CARTESIAN_POINT('',(5.57E0,5.9E-1,-1.025E0));
#2083=VERTEX_POINT('',#2081);
#2084=VERTEX_POINT('',#2082);
#2085=CARTESIAN_POINT('',(5.7E0,5.9E-1,0.E0));
#2086=VERTEX_POINT('',#2085);
#2087=CARTESIAN_POINT('',(3.75E0,6.689146516911E-1,0.E0));
#2088=VERTEX_POINT('',#2087);
#2089=CARTESIAN_POINT('',(3.586353524137E0,7.944850091089E-1,0.E0));
#2090=VERTEX_POINT('',#2089);
#2091=CARTESIAN_POINT('',(6.413646475863E0,7.944850091088E-1,0.E0));
#2092=VERTEX_POINT('',#2091);
#2093=CARTESIAN_POINT('',(6.25E0,6.689146516911E-1,0.E0));
#2094=VERTEX_POINT('',#2093);
#2095=CARTESIAN_POINT('',(3.75E0,6.689146516911E-1,-1.3E0));
#2096=VERTEX_POINT('',#2095);
#2097=CARTESIAN_POINT('',(3.586353524138E0,7.944850091089E-1,-1.3E0));
#2098=VERTEX_POINT('',#2097);
#2099=CARTESIAN_POINT('',(2.E0,7.9E-1,-2.E0));
#2100=VERTEX_POINT('',#2099);
#2101=CARTESIAN_POINT('',(2.E0,7.9E-1,-4.E0));
#2102=VERTEX_POINT('',#2101);
#2103=CARTESIAN_POINT('',(2.E0,1.49E0,-5.6E0));
#2104=CARTESIAN_POINT('',(2.E0,1.49E0,-4.900000000019E0));
#2105=VERTEX_POINT('',#2103);
#2106=VERTEX_POINT('',#2104);
#2107=CARTESIAN_POINT('',(2.E0,1.79E0,-4.900000000019E0));
#2108=VERTEX_POINT('',#2107);
#2109=CARTESIAN_POINT('',(2.E0,1.79E0,-5.6E0));
#2110=VERTEX_POINT('',#2109);
#2111=CARTESIAN_POINT('',(2.E0,1.79E0,-4.E-1));
#2112=CARTESIAN_POINT('',(2.E0,1.49E0,-4.E-1));
#2113=VERTEX_POINT('',#2111);
#2114=VERTEX_POINT('',#2112);
#2115=CARTESIAN_POINT('',(2.E0,1.79E0,-1.100000000017E0));
#2116=VERTEX_POINT('',#2115);
#2117=CARTESIAN_POINT('',(2.E0,1.49E0,-1.100000000017E0));
#2118=VERTEX_POINT('',#2117);
#2119=CARTESIAN_POINT('',(5.5E0,7.9E-1,-3.E0));
#2120=CARTESIAN_POINT('',(4.5E0,7.9E-1,-3.E0));
#2121=VERTEX_POINT('',#2119);
#2122=VERTEX_POINT('',#2120);
#2123=CARTESIAN_POINT('',(7.75E0,7.9E-1,-3.E0));
#2124=CARTESIAN_POINT('',(6.75E0,7.9E-1,-3.E0));
#2125=VERTEX_POINT('',#2123);
#2126=VERTEX_POINT('',#2124);
#2127=CARTESIAN_POINT('',(3.25E0,7.9E-1,-3.E0));
#2128=CARTESIAN_POINT('',(2.25E0,7.9E-1,-3.E0));
#2129=VERTEX_POINT('',#2127);
#2130=VERTEX_POINT('',#2128);
#2131=CARTESIAN_POINT('',(5.5E0,9.9E-1,-3.E0));
#2132=VERTEX_POINT('',#2131);
#2133=CARTESIAN_POINT('',(4.5E0,9.9E-1,-3.E0));
#2134=VERTEX_POINT('',#2133);
#2135=CARTESIAN_POINT('',(7.75E0,9.9E-1,-3.E0));
#2136=VERTEX_POINT('',#2135);
#2137=CARTESIAN_POINT('',(6.75E0,9.9E-1,-3.E0));
#2138=VERTEX_POINT('',#2137);
#2139=CARTESIAN_POINT('',(3.25E0,9.9E-1,-3.E0));
#2140=VERTEX_POINT('',#2139);
#2141=CARTESIAN_POINT('',(2.25E0,9.9E-1,-3.E0));
#2142=VERTEX_POINT('',#2141);
#2143=CARTESIAN_POINT('',(1.931969179249E0,1.489996339080E0,-5.6E0));
#2144=VERTEX_POINT('',#2143);
#2145=CARTESIAN_POINT('',(1.931746680255E0,1.49E0,-4.900000000019E0));
#2146=VERTEX_POINT('',#2145);
#2147=CARTESIAN_POINT('',(1.931967059048E0,2.478749683714E-1,-5.6E0));
#2148=CARTESIAN_POINT('',(1.93E0,2.496076902478E-1,-5.6E0));
#2149=VERTEX_POINT('',#2147);
#2150=VERTEX_POINT('',#2148);
#2151=CARTESIAN_POINT('',(1.93E0,1.488253319746E0,-5.6E0));
#2152=VERTEX_POINT('',#2151);
#2153=CARTESIAN_POINT('',(1.931746680255E0,1.79E0,-5.6E0));
#2154=VERTEX_POINT('',#2153);
#2155=CARTESIAN_POINT('',(1.63E0,1.488253319747E0,-5.6E0));
#2156=VERTEX_POINT('',#2155);
#2157=CARTESIAN_POINT('',(1.63E0,2.496076902468E-1,-5.6E0));
#2158=VERTEX_POINT('',#2157);
#2159=CARTESIAN_POINT('',(1.984144441405E0,-4.755477991188E-2,-5.6E0));
#2160=VERTEX_POINT('',#2159);
#2161=CARTESIAN_POINT('',(3.008730854217E0,1.331074487339E-1,-5.6E0));
#2162=VERTEX_POINT('',#2161);
#2163=CARTESIAN_POINT('',(2.956636400917E0,4.285497746371E-1,-5.6E0));
#2164=VERTEX_POINT('',#2163);
#2165=VERTEX_POINT('',#1375);
#2166=VERTEX_POINT('',#1380);
#2167=CARTESIAN_POINT('',(1.93E0,1.488253319746E0,-4.900000000019E0));
#2168=VERTEX_POINT('',#2167);
#2169=CARTESIAN_POINT('',(2.956636066815E0,4.285516694250E-1,
-4.900000000019E0));
#2170=VERTEX_POINT('',#2169);
#2171=CARTESIAN_POINT('',(3.008730854217E0,1.331074487340E-1,
-4.900000000019E0));
#2172=VERTEX_POINT('',#2171);
#2173=CARTESIAN_POINT('',(1.984144441400E0,-4.755477991274E-2,
-4.900000000019E0));
#2174=VERTEX_POINT('',#2173);
#2175=CARTESIAN_POINT('',(1.63E0,2.496076902448E-1,-4.900000000019E0));
#2176=VERTEX_POINT('',#2175);
#2177=CARTESIAN_POINT('',(1.63E0,1.488253319746E0,-4.900000000019E0));
#2178=VERTEX_POINT('',#2177);
#2179=CARTESIAN_POINT('',(1.931746680255E0,1.79E0,-4.900000000019E0));
#2180=VERTEX_POINT('',#2179);
#2181=CARTESIAN_POINT('',(1.931755103132E0,1.49E0,-4.E-1));
#2182=CARTESIAN_POINT('',(1.93E0,1.488244896868E0,-4.E-1));
#2183=VERTEX_POINT('',#2181);
#2184=VERTEX_POINT('',#2182);
#2185=CARTESIAN_POINT('',(1.93E0,2.496177282403E-1,-4.E-1));
#2186=VERTEX_POINT('',#2185);
#2187=VERTEX_POINT('',#1474);
#2188=CARTESIAN_POINT('',(2.956636400917E0,4.285497746371E-1,-4.E-1));
#2189=VERTEX_POINT('',#2188);
#2190=CARTESIAN_POINT('',(3.008730854217E0,1.331074487341E-1,-4.E-1));
#2191=VERTEX_POINT('',#2190);
#2192=CARTESIAN_POINT('',(1.984154326889E0,-4.755303683445E-2,-4.E-1));
#2193=VERTEX_POINT('',#2192);
#2194=CARTESIAN_POINT('',(1.63E0,2.496177282421E-1,-4.E-1));
#2195=VERTEX_POINT('',#2194);
#2196=CARTESIAN_POINT('',(1.63E0,1.488244896868E0,-4.E-1));
#2197=VERTEX_POINT('',#2196);
#2198=CARTESIAN_POINT('',(1.931755103131E0,1.79E0,-4.E-1));
#2199=VERTEX_POINT('',#2198);
#2200=VERTEX_POINT('',#1521);
#2201=VERTEX_POINT('',#1526);
#2202=VERTEX_POINT('',#1514);
#2203=VERTEX_POINT('',#1519);
#2204=CARTESIAN_POINT('',(1.931755103131E0,1.79E0,-1.100000000017E0));
#2205=VERTEX_POINT('',#2204);
#2206=CARTESIAN_POINT('',(1.63E0,1.488244896867E0,-1.100000000017E0));
#2207=VERTEX_POINT('',#2206);
#2208=CARTESIAN_POINT('',(1.63E0,2.496177282414E-1,-1.100000000017E0));
#2209=VERTEX_POINT('',#2208);
#2210=CARTESIAN_POINT('',(1.984154326887E0,-4.755303683496E-2,
-1.100000000017E0));
#2211=VERTEX_POINT('',#2210);
#2212=CARTESIAN_POINT('',(3.008730854217E0,1.331074487341E-1,
-1.100000000017E0));
#2213=VERTEX_POINT('',#2212);
#2214=CARTESIAN_POINT('',(2.956636400917E0,4.285497746371E-1,
-1.100000000017E0));
#2215=VERTEX_POINT('',#2214);
#2216=CARTESIAN_POINT('',(6.413646475863E0,7.944850091088E-1,-1.3E0));
#2217=VERTEX_POINT('',#2216);
#2218=CARTESIAN_POINT('',(6.25E0,6.689146516911E-1,-1.3E0));
#2219=VERTEX_POINT('',#2218);
#2220=CARTESIAN_POINT('',(8.008253319746E0,1.49E0,-5.6E0));
#2221=CARTESIAN_POINT('',(8.01E0,1.488253319746E0,-5.6E0));
#2222=VERTEX_POINT('',#2220);
#2223=VERTEX_POINT('',#2221);
#2224=CARTESIAN_POINT('',(8.01E0,2.496076902478E-1,-5.6E0));
#2225=VERTEX_POINT('',#2224);
#2226=CARTESIAN_POINT('',(8.008033242312E0,2.478749300692E-1,-5.6E0));
#2227=VERTEX_POINT('',#2226);
#2228=CARTESIAN_POINT('',(6.983363599083E0,4.285497746371E-1,-5.6E0));
#2229=VERTEX_POINT('',#2228);
#2230=CARTESIAN_POINT('',(6.931269145783E0,1.331074487340E-1,-5.6E0));
#2231=VERTEX_POINT('',#2230);
#2232=CARTESIAN_POINT('',(7.955855558600E0,-4.755477991275E-2,-5.6E0));
#2233=VERTEX_POINT('',#2232);
#2234=CARTESIAN_POINT('',(8.31E0,2.496076902459E-1,-5.6E0));
#2235=VERTEX_POINT('',#2234);
#2236=CARTESIAN_POINT('',(8.31E0,1.488253319746E0,-5.6E0));
#2237=VERTEX_POINT('',#2236);
#2238=CARTESIAN_POINT('',(8.008253319745E0,1.79E0,-5.6E0));
#2239=VERTEX_POINT('',#2238);
#2240=CARTESIAN_POINT('',(8.008030820751E0,1.489996339080E0,-4.900000000019E0));
#2241=VERTEX_POINT('',#2240);
#2242=VERTEX_POINT('',#1716);
#2243=CARTESIAN_POINT('',(6.983363599083E0,4.285497746371E-1,
-4.900000000019E0));
#2244=CARTESIAN_POINT('',(8.008033175161E0,2.478774736023E-1,
-4.900000000019E0));
#2245=VERTEX_POINT('',#2243);
#2246=VERTEX_POINT('',#2244);
#2247=CARTESIAN_POINT('',(8.01E0,2.496076902478E-1,-4.900000000019E0));
#2248=VERTEX_POINT('',#2247);
#2249=CARTESIAN_POINT('',(8.008253319745E0,1.79E0,-4.900000000019E0));
#2250=VERTEX_POINT('',#2249);
#2251=CARTESIAN_POINT('',(8.31E0,1.488253319747E0,-4.900000000019E0));
#2252=VERTEX_POINT('',#2251);
#2253=CARTESIAN_POINT('',(8.31E0,2.496076902468E-1,-4.900000000019E0));
#2254=VERTEX_POINT('',#2253);
#2255=CARTESIAN_POINT('',(7.955855558590E0,-4.755477991098E-2,
-4.900000000019E0));
#2256=VERTEX_POINT('',#2255);
#2257=CARTESIAN_POINT('',(6.931269145783E0,1.331074487339E-1,
-4.900000000019E0));
#2258=VERTEX_POINT('',#2257);
#2259=CARTESIAN_POINT('',(8.31E0,2.496139193518E-1,-4.E-1));
#2260=CARTESIAN_POINT('',(7.955849424132E0,-4.755369824117E-2,-4.E-1));
#2261=VERTEX_POINT('',#2259);
#2262=VERTEX_POINT('',#2260);
#2263=CARTESIAN_POINT('',(6.931269145783E0,1.331074487340E-1,-4.E-1));
#2264=VERTEX_POINT('',#2263);
#2265=CARTESIAN_POINT('',(6.983363599083E0,4.285497746370E-1,-4.E-1));
#2266=VERTEX_POINT('',#2265);
#2267=CARTESIAN_POINT('',(8.008027289545E0,2.478785251353E-1,-4.E-1));
#2268=VERTEX_POINT('',#2267);
#2269=CARTESIAN_POINT('',(8.01E0,2.496139193548E-1,-4.E-1));
#2270=VERTEX_POINT('',#2269);
#2271=CARTESIAN_POINT('',(8.01E0,1.488248092903E0,-4.E-1));
#2272=VERTEX_POINT('',#2271);
#2273=VERTEX_POINT('',#1820);
#2274=CARTESIAN_POINT('',(8.008248092903E0,1.79E0,-4.E-1));
#2275=VERTEX_POINT('',#2274);
#2276=CARTESIAN_POINT('',(8.31E0,1.488248092905E0,-4.E-1));
#2277=VERTEX_POINT('',#2276);
#2278=CARTESIAN_POINT('',(7.955849424135E0,-4.755369824171E-2,
-1.100000000017E0));
#2279=CARTESIAN_POINT('',(8.31E0,2.496139193529E-1,-1.100000000017E0));
#2280=VERTEX_POINT('',#2278);
#2281=VERTEX_POINT('',#2279);
#2282=CARTESIAN_POINT('',(8.008248092904E0,1.49E0,-1.100000000017E0));
#2283=CARTESIAN_POINT('',(8.01E0,1.488248092904E0,-1.100000000017E0));
#2284=VERTEX_POINT('',#2282);
#2285=VERTEX_POINT('',#2283);
#2286=CARTESIAN_POINT('',(8.01E0,2.496139193549E-1,-1.100000000017E0));
#2287=VERTEX_POINT('',#2286);
#2288=CARTESIAN_POINT('',(8.008027357030E0,2.478759739727E-1,
-1.100000000017E0));
#2289=VERTEX_POINT('',#2288);
#2290=CARTESIAN_POINT('',(6.983363599083E0,4.285497746370E-1,
-1.100000000017E0));
#2291=VERTEX_POINT('',#2290);
#2292=CARTESIAN_POINT('',(6.931269145783E0,1.331074487340E-1,
-1.100000000017E0));
#2293=VERTEX_POINT('',#2292);
#2294=CARTESIAN_POINT('',(8.31E0,1.488248092904E0,-1.100000000017E0));
#2295=VERTEX_POINT('',#2294);
#2296=CARTESIAN_POINT('',(8.008248092903E0,1.79E0,-1.100000000017E0));
#2297=VERTEX_POINT('',#2296);
#2298=CARTESIAN_POINT('',(7.65E0,3.94E0,-5.E-2));
#2299=VERTEX_POINT('',#2298);
#2300=CARTESIAN_POINT('',(7.95E0,3.94E0,-3.5E-1));
#2301=VERTEX_POINT('',#2300);
#2302=CARTESIAN_POINT('',(6.6E0,3.94E0,-5.E-2));
#2303=VERTEX_POINT('',#2302);
#2304=CARTESIAN_POINT('',(6.5E0,3.94E0,-1.5E-1));
#2305=VERTEX_POINT('',#2304);
#2306=CARTESIAN_POINT('',(3.5E0,3.94E0,-1.5E-1));
#2307=VERTEX_POINT('',#2306);
#2308=CARTESIAN_POINT('',(3.4E0,3.94E0,-5.E-2));
#2309=VERTEX_POINT('',#2308);
#2310=CARTESIAN_POINT('',(2.35E0,3.94E0,-5.E-2));
#2311=VERTEX_POINT('',#2310);
#2312=CARTESIAN_POINT('',(2.05E0,3.94E0,-3.5E-1));
#2313=VERTEX_POINT('',#2312);
#2314=CARTESIAN_POINT('',(2.05E0,3.94E0,-1.4E0));
#2315=VERTEX_POINT('',#2314);
#2316=CARTESIAN_POINT('',(2.15E0,3.94E0,-1.5E0));
#2317=VERTEX_POINT('',#2316);
#2318=CARTESIAN_POINT('',(2.15E0,3.94E0,-4.5E0));
#2319=VERTEX_POINT('',#2318);
#2320=CARTESIAN_POINT('',(2.05E0,3.94E0,-4.6E0));
#2321=VERTEX_POINT('',#2320);
#2322=CARTESIAN_POINT('',(2.05E0,3.94E0,-5.65E0));
#2323=VERTEX_POINT('',#2322);
#2324=CARTESIAN_POINT('',(2.35E0,3.94E0,-5.95E0));
#2325=VERTEX_POINT('',#2324);
#2326=CARTESIAN_POINT('',(3.4E0,3.94E0,-5.95E0));
#2327=VERTEX_POINT('',#2326);
#2328=CARTESIAN_POINT('',(3.5E0,3.94E0,-5.85E0));
#2329=VERTEX_POINT('',#2328);
#2330=CARTESIAN_POINT('',(6.5E0,3.94E0,-5.85E0));
#2331=VERTEX_POINT('',#2330);
#2332=CARTESIAN_POINT('',(6.6E0,3.94E0,-5.95E0));
#2333=VERTEX_POINT('',#2332);
#2334=CARTESIAN_POINT('',(7.65E0,3.94E0,-5.95E0));
#2335=VERTEX_POINT('',#2334);
#2336=CARTESIAN_POINT('',(7.85E0,3.94E0,-4.5E0));
#2337=VERTEX_POINT('',#2336);
#2338=CARTESIAN_POINT('',(7.85E0,3.94E0,-1.5E0));
#2339=VERTEX_POINT('',#2338);
#2340=CARTESIAN_POINT('',(7.95E0,3.94E0,-1.4E0));
#2341=VERTEX_POINT('',#2340);
#2342=CARTESIAN_POINT('',(3.1E0,3.94E0,-3.E0));
#2343=CARTESIAN_POINT('',(6.9E0,3.94E0,-3.E0));
#2344=VERTEX_POINT('',#2342);
#2345=VERTEX_POINT('',#2343);
#2346=CARTESIAN_POINT('',(7.15E0,3.94E0,-4.4E0));
#2347=CARTESIAN_POINT('',(7.15E0,3.94E0,-5.9E0));
#2348=VERTEX_POINT('',#2346);
#2349=VERTEX_POINT('',#2347);
#2350=CARTESIAN_POINT('',(6.4E0,3.94E0,-8.5E-1));
#2351=CARTESIAN_POINT('',(7.9E0,3.94E0,-8.5E-1));
#2352=VERTEX_POINT('',#2350);
#2353=VERTEX_POINT('',#2351);
#2354=CARTESIAN_POINT('',(2.85E0,3.94E0,-1.6E0));
#2355=CARTESIAN_POINT('',(2.85E0,3.94E0,-1.E-1));
#2356=VERTEX_POINT('',#2354);
#2357=VERTEX_POINT('',#2355);
#2358=CARTESIAN_POINT('',(3.6E0,3.94E0,-5.15E0));
#2359=CARTESIAN_POINT('',(2.1E0,3.94E0,-5.15E0));
#2360=VERTEX_POINT('',#2358);
#2361=VERTEX_POINT('',#2359);
#2362=CARTESIAN_POINT('',(6.9E0,3.64E0,-3.E0));
#2363=CARTESIAN_POINT('',(3.1E0,3.64E0,-3.E0));
#2364=VERTEX_POINT('',#2362);
#2365=VERTEX_POINT('',#2363);
#2366=CARTESIAN_POINT('',(3.25E0,3.64E0,-3.E0));
#2367=CARTESIAN_POINT('',(6.75E0,3.64E0,-3.E0));
#2368=VERTEX_POINT('',#2366);
#2369=VERTEX_POINT('',#2367);
#2370=CARTESIAN_POINT('',(7.15E0,4.04E0,-4.4E0));
#2371=VERTEX_POINT('',#2370);
#2372=CARTESIAN_POINT('',(7.150000000008E0,4.04E0,-5.9E0));
#2373=VERTEX_POINT('',#2372);
#2374=CARTESIAN_POINT('',(7.141389422655E0,4.34E0,-4.700082387589E0));
#2375=CARTESIAN_POINT('',(7.15E0,4.34E0,-5.6E0));
#2376=VERTEX_POINT('',#2374);
#2377=VERTEX_POINT('',#2375);
#2378=CARTESIAN_POINT('',(7.15E0,4.34E0,-4.7E0));
#2379=VERTEX_POINT('',#2378);
#2380=CARTESIAN_POINT('',(7.158610577345E0,4.34E0,-5.599917612411E0));
#2381=VERTEX_POINT('',#2380);
#2382=CARTESIAN_POINT('',(6.4E0,4.04E0,-8.5E-1));
#2383=VERTEX_POINT('',#2382);
#2384=CARTESIAN_POINT('',(7.899862687352E0,4.04E0,-8.356490377590E-1));
#2385=VERTEX_POINT('',#2384);
#2386=CARTESIAN_POINT('',(7.9E0,4.04E0,-8.499999999921E-1));
#2387=VERTEX_POINT('',#2386);
#2388=CARTESIAN_POINT('',(6.400137312648E0,4.04E0,-8.643509622410E-1));
#2389=VERTEX_POINT('',#2388);
#2390=CARTESIAN_POINT('',(6.700082387589E0,4.34E0,-8.586105773446E-1));
#2391=CARTESIAN_POINT('',(7.6E0,4.34E0,-8.5E-1));
#2392=VERTEX_POINT('',#2390);
#2393=VERTEX_POINT('',#2391);
#2394=CARTESIAN_POINT('',(6.7E0,4.34E0,-8.5E-1));
#2395=VERTEX_POINT('',#2394);
#2396=CARTESIAN_POINT('',(7.599917612411E0,4.34E0,-8.413894226554E-1));
#2397=VERTEX_POINT('',#2396);
#2398=CARTESIAN_POINT('',(2.85E0,4.04E0,-1.6E0));
#2399=VERTEX_POINT('',#2398);
#2400=CARTESIAN_POINT('',(2.849999999992E0,4.04E0,-1.E-1));
#2401=VERTEX_POINT('',#2400);
#2402=CARTESIAN_POINT('',(2.858610577345E0,4.34E0,-1.299917612411E0));
#2403=CARTESIAN_POINT('',(2.85E0,4.34E0,-4.E-1));
#2404=VERTEX_POINT('',#2402);
#2405=VERTEX_POINT('',#2403);
#2406=CARTESIAN_POINT('',(2.85E0,4.34E0,-1.3E0));
#2407=VERTEX_POINT('',#2406);
#2408=CARTESIAN_POINT('',(2.841389422655E0,4.34E0,-4.000823875888E-1));
#2409=VERTEX_POINT('',#2408);
#2410=CARTESIAN_POINT('',(3.6E0,4.04E0,-5.15E0));
#2411=VERTEX_POINT('',#2410);
#2412=CARTESIAN_POINT('',(2.100137312648E0,4.04E0,-5.164350962241E0));
#2413=VERTEX_POINT('',#2412);
#2414=CARTESIAN_POINT('',(2.1E0,4.04E0,-5.150000000008E0));
#2415=VERTEX_POINT('',#2414);
#2416=CARTESIAN_POINT('',(3.599862687352E0,4.04E0,-5.135649037759E0));
#2417=VERTEX_POINT('',#2416);
#2418=CARTESIAN_POINT('',(3.299917612411E0,4.34E0,-5.141389422655E0));
#2419=CARTESIAN_POINT('',(2.4E0,4.34E0,-5.15E0));
#2420=VERTEX_POINT('',#2418);
#2421=VERTEX_POINT('',#2419);
#2422=CARTESIAN_POINT('',(3.3E0,4.34E0,-5.15E0));
#2423=VERTEX_POINT('',#2422);
#2424=CARTESIAN_POINT('',(2.400082387589E0,4.34E0,-5.158610577345E0));
#2425=VERTEX_POINT('',#2424);
#2426=CARTESIAN_POINT('',(3.45E0,4.79E0,-3.E0));
#2427=CARTESIAN_POINT('',(6.55E0,4.79E0,-3.E0));
#2428=VERTEX_POINT('',#2426);
#2429=VERTEX_POINT('',#2427);
#2430=CARTESIAN_POINT('',(3.25E0,4.59E0,-3.E0));
#2431=CARTESIAN_POINT('',(6.75E0,4.59E0,-3.E0));
#2432=VERTEX_POINT('',#2430);
#2433=VERTEX_POINT('',#2431);
#2434=CARTESIAN_POINT('',(8.007943877428E0,2.478886276630E-1,
-1.100000000017E0));
#2435=DIRECTION('',(1.736481776669E-1,9.848077530122E-1,0.E0));
#2436=DIRECTION('',(-9.848077530122E-1,1.736481776669E-1,0.E0));
#2437=AXIS2_PLACEMENT_3D('',#2434,#2435,#2436);
#2438=PLANE('',#2437);
#2440=ORIENTED_EDGE('',*,*,#2439,.F.);
#2442=ORIENTED_EDGE('',*,*,#2441,.F.);
#2444=ORIENTED_EDGE('',*,*,#2443,.F.);
#2446=ORIENTED_EDGE('',*,*,#2445,.F.);
#2447=EDGE_LOOP('',(#2440,#2442,#2444,#2446));
#2448=FACE_OUTER_BOUND('',#2447,.F.);
#2449=ADVANCED_FACE('',(#2448),#2438,.T.);
#2450=FILL_AREA_STYLE_COLOUR('',#34);
#2451=FILL_AREA_STYLE('',(#2450));
#2452=SURFACE_STYLE_FILL_AREA(#2451);
#2453=SURFACE_SIDE_STYLE('',(#2452));
#2454=SURFACE_STYLE_USAGE(.BOTH.,#2453);
#2455=PRESENTATION_STYLE_ASSIGNMENT((#2454));
#2456=STYLED_ITEM('',(#2455),#2449);
#2457=CARTESIAN_POINT('',(8.004124046451E0,1.64E0,-1.100000000017E0));
#2458=DIRECTION('',(0.E0,0.E0,1.E0));
#2459=DIRECTION('',(1.E0,0.E0,0.E0));
#2460=AXIS2_PLACEMENT_3D('',#2457,#2458,#2459);
#2461=PLANE('',#2460);
#2463=ORIENTED_EDGE('',*,*,#2462,.T.);
#2465=ORIENTED_EDGE('',*,*,#2464,.T.);
#2467=ORIENTED_EDGE('',*,*,#2466,.T.);
#2468=ORIENTED_EDGE('',*,*,#2439,.T.);
#2470=ORIENTED_EDGE('',*,*,#2469,.T.);
#2472=ORIENTED_EDGE('',*,*,#2471,.T.);
#2474=ORIENTED_EDGE('',*,*,#2473,.T.);
#2476=ORIENTED_EDGE('',*,*,#2475,.F.);
#2478=ORIENTED_EDGE('',*,*,#2477,.T.);
#2480=ORIENTED_EDGE('',*,*,#2479,.F.);
#2482=ORIENTED_EDGE('',*,*,#2481,.T.);
#2484=ORIENTED_EDGE('',*,*,#2483,.T.);
#2485=EDGE_LOOP('',(#2463,#2465,#2467,#2468,#2470,#2472,#2474,#2476,#2478,#2480,
#2482,#2484));
#2486=FACE_OUTER_BOUND('',#2485,.F.);
#2487=ADVANCED_FACE('',(#2486),#2461,.F.);
#2488=FILL_AREA_STYLE_COLOUR('',#34);
#2489=FILL_AREA_STYLE('',(#2488));
#2490=SURFACE_STYLE_FILL_AREA(#2489);
#2491=SURFACE_SIDE_STYLE('',(#2490));
#2492=SURFACE_STYLE_USAGE(.BOTH.,#2491);
#2493=PRESENTATION_STYLE_ASSIGNMENT((#2492));
#2494=STYLED_ITEM('',(#2493),#2487);
#2495=CARTESIAN_POINT('',(8.008248092903E0,1.488248092903E0,-1.100000000017E0));
#2496=DIRECTION('',(0.E0,0.E0,1.E0));
#2497=DIRECTION('',(1.E0,0.E0,0.E0));
#2498=AXIS2_PLACEMENT_3D('',#2495,#2496,#2497);
#2499=CYLINDRICAL_SURFACE('',#2498,1.751907097210E-3);
#2500=ORIENTED_EDGE('',*,*,#2462,.F.);
#2502=ORIENTED_EDGE('',*,*,#2501,.T.);
#2504=ORIENTED_EDGE('',*,*,#2503,.F.);
#2506=ORIENTED_EDGE('',*,*,#2505,.T.);
#2507=EDGE_LOOP('',(#2500,#2502,#2504,#2506));
#2508=FACE_OUTER_BOUND('',#2507,.F.);
#2509=ADVANCED_FACE('',(#2508),#2499,.F.);
#2510=FILL_AREA_STYLE_COLOUR('',#34);
#2511=FILL_AREA_STYLE('',(#2510));
#2512=SURFACE_STYLE_FILL_AREA(#2511);
#2513=SURFACE_SIDE_STYLE('',(#2512));
#2514=SURFACE_STYLE_USAGE(.BOTH.,#2513);
#2515=PRESENTATION_STYLE_ASSIGNMENT((#2514));
#2516=STYLED_ITEM('',(#2515),#2509);
#2517=CARTESIAN_POINT('',(8.E0,1.49E0,-1.100000000017E0));
#2518=DIRECTION('',(0.E0,-1.E0,0.E0));
#2519=DIRECTION('',(1.E0,0.E0,0.E0));
#2520=AXIS2_PLACEMENT_3D('',#2517,#2518,#2519);
#2521=PLANE('',#2520);
#2523=ORIENTED_EDGE('',*,*,#2522,.T.);
#2525=ORIENTED_EDGE('',*,*,#2524,.T.);
#2526=ORIENTED_EDGE('',*,*,#2501,.F.);
#2527=ORIENTED_EDGE('',*,*,#2483,.F.);
#2528=EDGE_LOOP('',(#2523,#2525,#2526,#2527));
#2529=FACE_OUTER_BOUND('',#2528,.F.);
#2530=ADVANCED_FACE('',(#2529),#2521,.T.);
#2531=FILL_AREA_STYLE_COLOUR('',#34);
#2532=FILL_AREA_STYLE('',(#2531));
#2533=SURFACE_STYLE_FILL_AREA(#2532);
#2534=SURFACE_SIDE_STYLE('',(#2533));
#2535=SURFACE_STYLE_USAGE(.BOTH.,#2534);
#2536=PRESENTATION_STYLE_ASSIGNMENT((#2535));
#2537=STYLED_ITEM('',(#2536),#2530);
#2538=CARTESIAN_POINT('',(8.E0,4.9E-1,0.E0));
#2539=DIRECTION('',(1.E0,0.E0,0.E0));
#2540=DIRECTION('',(0.E0,0.E0,-1.E0));
#2541=AXIS2_PLACEMENT_3D('',#2538,#2539,#2540);
#2542=PLANE('',#2541);
#2544=ORIENTED_EDGE('',*,*,#2543,.F.);
#2546=ORIENTED_EDGE('',*,*,#2545,.T.);
#2548=ORIENTED_EDGE('',*,*,#2547,.F.);
#2550=ORIENTED_EDGE('',*,*,#2549,.F.);
#2552=ORIENTED_EDGE('',*,*,#2551,.T.);
#2554=ORIENTED_EDGE('',*,*,#2553,.T.);
#2556=ORIENTED_EDGE('',*,*,#2555,.F.);
#2558=ORIENTED_EDGE('',*,*,#2557,.F.);
#2559=EDGE_LOOP('',(#2544,#2546,#2548,#2550,#2552,#2554,#2556,#2558));
#2560=FACE_OUTER_BOUND('',#2559,.F.);
#2562=ORIENTED_EDGE('',*,*,#2561,.F.);
#2564=ORIENTED_EDGE('',*,*,#2563,.T.);
#2566=ORIENTED_EDGE('',*,*,#2565,.T.);
#2568=ORIENTED_EDGE('',*,*,#2567,.F.);
#2569=EDGE_LOOP('',(#2562,#2564,#2566,#2568));
#2570=FACE_BOUND('',#2569,.F.);
#2572=ORIENTED_EDGE('',*,*,#2571,.T.);
#2573=ORIENTED_EDGE('',*,*,#2522,.F.);
#2574=ORIENTED_EDGE('',*,*,#2481,.F.);
#2576=ORIENTED_EDGE('',*,*,#2575,.T.);
#2577=EDGE_LOOP('',(#2572,#2573,#2574,#2576));
#2578=FACE_BOUND('',#2577,.F.);
#2579=ADVANCED_FACE('',(#2560,#2570,#2578),#2542,.T.);
#2580=FILL_AREA_STYLE_COLOUR('',#34);
#2581=FILL_AREA_STYLE('',(#2580));
#2582=SURFACE_STYLE_FILL_AREA(#2581);
#2583=SURFACE_SIDE_STYLE('',(#2582));
#2584=SURFACE_STYLE_USAGE(.BOTH.,#2583);
#2585=PRESENTATION_STYLE_ASSIGNMENT((#2584));
#2586=STYLED_ITEM('',(#2585),#2579);
#2587=CARTESIAN_POINT('',(7.7E0,9.35886E0,-3.E-1));
#2588=DIRECTION('',(0.E0,-1.E0,0.E0));
#2589=DIRECTION('',(1.E0,0.E0,0.E0));
#2590=AXIS2_PLACEMENT_3D('',#2587,#2588,#2589);
#2591=CYLINDRICAL_SURFACE('',#2590,3.E-1);
#2593=ORIENTED_EDGE('',*,*,#2592,.F.);
#2595=ORIENTED_EDGE('',*,*,#2594,.T.);
#2597=ORIENTED_EDGE('',*,*,#2596,.F.);
#2598=ORIENTED_EDGE('',*,*,#2543,.T.);
#2599=EDGE_LOOP('',(#2593,#2595,#2597,#2598));
#2600=FACE_OUTER_BOUND('',#2599,.F.);
#2601=ADVANCED_FACE('',(#2600),#2591,.T.);
#2602=FILL_AREA_STYLE_COLOUR('',#34);
#2603=FILL_AREA_STYLE('',(#2602));
#2604=SURFACE_STYLE_FILL_AREA(#2603);
#2605=SURFACE_SIDE_STYLE('',(#2604));
#2606=SURFACE_STYLE_USAGE(.BOTH.,#2605);
#2607=PRESENTATION_STYLE_ASSIGNMENT((#2606));
#2608=STYLED_ITEM('',(#2607),#2601);
#2609=CARTESIAN_POINT('',(5.E0,4.9E-1,-3.E0));
#2610=DIRECTION('',(0.E0,1.E0,0.E0));
#2611=DIRECTION('',(1.E0,0.E0,0.E0));
#2612=AXIS2_PLACEMENT_3D('',#2609,#2610,#2611);
#2613=PLANE('',#2612);
#2615=ORIENTED_EDGE('',*,*,#2614,.T.);
#2617=ORIENTED_EDGE('',*,*,#2616,.T.);
#2619=ORIENTED_EDGE('',*,*,#2618,.T.);
#2621=ORIENTED_EDGE('',*,*,#2620,.T.);
#2623=ORIENTED_EDGE('',*,*,#2622,.F.);
#2625=ORIENTED_EDGE('',*,*,#2624,.T.);
#2627=ORIENTED_EDGE('',*,*,#2626,.T.);
#2629=ORIENTED_EDGE('',*,*,#2628,.T.);
#2631=ORIENTED_EDGE('',*,*,#2630,.F.);
#2633=ORIENTED_EDGE('',*,*,#2632,.T.);
#2634=ORIENTED_EDGE('',*,*,#2592,.T.);
#2635=ORIENTED_EDGE('',*,*,#2557,.T.);
#2637=ORIENTED_EDGE('',*,*,#2636,.F.);
#2639=ORIENTED_EDGE('',*,*,#2638,.T.);
#2641=ORIENTED_EDGE('',*,*,#2640,.T.);
#2643=ORIENTED_EDGE('',*,*,#2642,.T.);
#2645=ORIENTED_EDGE('',*,*,#2644,.T.);
#2647=ORIENTED_EDGE('',*,*,#2646,.T.);
#2649=ORIENTED_EDGE('',*,*,#2648,.F.);
#2651=ORIENTED_EDGE('',*,*,#2650,.T.);
#2652=EDGE_LOOP('',(#2615,#2617,#2619,#2621,#2623,#2625,#2627,#2629,#2631,#2633,
#2634,#2635,#2637,#2639,#2641,#2643,#2645,#2647,#2649,#2651));
#2653=FACE_OUTER_BOUND('',#2652,.F.);
#2654=ADVANCED_FACE('',(#2653),#2613,.F.);
#2655=FILL_AREA_STYLE_COLOUR('',#34);
#2656=FILL_AREA_STYLE('',(#2655));
#2657=SURFACE_STYLE_FILL_AREA(#2656);
#2658=SURFACE_SIDE_STYLE('',(#2657));
#2659=SURFACE_STYLE_USAGE(.BOTH.,#2658);
#2660=PRESENTATION_STYLE_ASSIGNMENT((#2659));
#2661=STYLED_ITEM('',(#2660),#2654);
#2662=CARTESIAN_POINT('',(4.3E0,4.9E-1,0.E0));
#2663=DIRECTION('',(-1.E0,0.E0,0.E0));
#2664=DIRECTION('',(0.E0,0.E0,-1.E0));
#2665=AXIS2_PLACEMENT_3D('',#2662,#2663,#2664);
#2666=PLANE('',#2665);
#2668=ORIENTED_EDGE('',*,*,#2667,.F.);
#2669=ORIENTED_EDGE('',*,*,#2614,.F.);
#2671=ORIENTED_EDGE('',*,*,#2670,.T.);
#2673=ORIENTED_EDGE('',*,*,#2672,.T.);
#2674=EDGE_LOOP('',(#2668,#2669,#2671,#2673));
#2675=FACE_OUTER_BOUND('',#2674,.F.);
#2676=ADVANCED_FACE('',(#2675),#2666,.F.);
#2677=FILL_AREA_STYLE_COLOUR('',#34);
#2678=FILL_AREA_STYLE('',(#2677));
#2679=SURFACE_STYLE_FILL_AREA(#2678);
#2680=SURFACE_SIDE_STYLE('',(#2679));
#2681=SURFACE_STYLE_USAGE(.BOTH.,#2680);
#2682=PRESENTATION_STYLE_ASSIGNMENT((#2681));
#2683=STYLED_ITEM('',(#2682),#2676);
#2684=CARTESIAN_POINT('',(4.43E0,-4.52886E0,-8.95E-1));
#2685=DIRECTION('',(0.E0,1.E0,0.E0));
#2686=DIRECTION('',(0.E0,0.E0,-1.E0));
#2687=AXIS2_PLACEMENT_3D('',#2684,#2685,#2686);
#2688=CYLINDRICAL_SURFACE('',#2687,1.3E-1);
#2690=ORIENTED_EDGE('',*,*,#2689,.F.);
#2692=ORIENTED_EDGE('',*,*,#2691,.T.);
#2693=ORIENTED_EDGE('',*,*,#2616,.F.);
#2694=ORIENTED_EDGE('',*,*,#2667,.T.);
#2695=EDGE_LOOP('',(#2690,#2692,#2693,#2694));
#2696=FACE_OUTER_BOUND('',#2695,.F.);
#2697=ADVANCED_FACE('',(#2696),#2688,.F.);
#2698=FILL_AREA_STYLE_COLOUR('',#34);
#2699=FILL_AREA_STYLE('',(#2698));
#2700=SURFACE_STYLE_FILL_AREA(#2699);
#2701=SURFACE_SIDE_STYLE('',(#2700));
#2702=SURFACE_STYLE_USAGE(.BOTH.,#2701);
#2703=PRESENTATION_STYLE_ASSIGNMENT((#2702));
#2704=STYLED_ITEM('',(#2703),#2697);
#2705=CARTESIAN_POINT('',(5.E0,5.9E-1,-3.E0));
#2706=DIRECTION('',(0.E0,-1.E0,0.E0));
#2707=DIRECTION('',(1.E0,0.E0,0.E0));
#2708=AXIS2_PLACEMENT_3D('',#2705,#2706,#2707);
#2709=PLANE('',#2708);
#2711=ORIENTED_EDGE('',*,*,#2710,.T.);
#2713=ORIENTED_EDGE('',*,*,#2712,.F.);
#2714=ORIENTED_EDGE('',*,*,#2689,.T.);
#2715=ORIENTED_EDGE('',*,*,#2672,.F.);
#2717=ORIENTED_EDGE('',*,*,#2716,.T.);
#2719=ORIENTED_EDGE('',*,*,#2718,.F.);
#2720=EDGE_LOOP('',(#2711,#2713,#2714,#2715,#2717,#2719));
#2721=FACE_OUTER_BOUND('',#2720,.F.);
#2722=ADVANCED_FACE('',(#2721),#2709,.T.);
#2723=FILL_AREA_STYLE_COLOUR('',#34);
#2724=FILL_AREA_STYLE('',(#2723));
#2725=SURFACE_STYLE_FILL_AREA(#2724);
#2726=SURFACE_SIDE_STYLE('',(#2725));
#2727=SURFACE_STYLE_USAGE(.BOTH.,#2726);
#2728=PRESENTATION_STYLE_ASSIGNMENT((#2727));
#2729=STYLED_ITEM('',(#2728),#2722);
#2730=CARTESIAN_POINT('',(5.57E0,-4.52886E0,-8.95E-1));
#2731=DIRECTION('',(0.E0,1.E0,0.E0));
#2732=DIRECTION('',(1.E0,0.E0,0.E0));
#2733=AXIS2_PLACEMENT_3D('',#2730,#2731,#2732);
#2734=CYLINDRICAL_SURFACE('',#2733,1.3E-1);
#2735=ORIENTED_EDGE('',*,*,#2710,.F.);
#2737=ORIENTED_EDGE('',*,*,#2736,.T.);
#2738=ORIENTED_EDGE('',*,*,#2620,.F.);
#2740=ORIENTED_EDGE('',*,*,#2739,.T.);
#2741=EDGE_LOOP('',(#2735,#2737,#2738,#2740));
#2742=FACE_OUTER_BOUND('',#2741,.F.);
#2743=ADVANCED_FACE('',(#2742),#2734,.F.);
#2744=FILL_AREA_STYLE_COLOUR('',#34);
#2745=FILL_AREA_STYLE('',(#2744));
#2746=SURFACE_STYLE_FILL_AREA(#2745);
#2747=SURFACE_SIDE_STYLE('',(#2746));
#2748=SURFACE_STYLE_USAGE(.BOTH.,#2747);
#2749=PRESENTATION_STYLE_ASSIGNMENT((#2748));
#2750=STYLED_ITEM('',(#2749),#2743);
#2751=CARTESIAN_POINT('',(5.7E0,4.9E-1,-1.025E0));
#2752=DIRECTION('',(1.E0,0.E0,0.E0));
#2753=DIRECTION('',(0.E0,0.E0,1.E0));
#2754=AXIS2_PLACEMENT_3D('',#2751,#2752,#2753);
#2755=PLANE('',#2754);
#2756=ORIENTED_EDGE('',*,*,#2736,.F.);
#2757=ORIENTED_EDGE('',*,*,#2718,.T.);
#2759=ORIENTED_EDGE('',*,*,#2758,.F.);
#2760=ORIENTED_EDGE('',*,*,#2622,.T.);
#2761=EDGE_LOOP('',(#2756,#2757,#2759,#2760));
#2762=FACE_OUTER_BOUND('',#2761,.F.);
#2763=ADVANCED_FACE('',(#2762),#2755,.F.);
#2764=FILL_AREA_STYLE_COLOUR('',#34);
#2765=FILL_AREA_STYLE('',(#2764));
#2766=SURFACE_STYLE_FILL_AREA(#2765);
#2767=SURFACE_SIDE_STYLE('',(#2766));
#2768=SURFACE_STYLE_USAGE(.BOTH.,#2767);
#2769=PRESENTATION_STYLE_ASSIGNMENT((#2768));
#2770=STYLED_ITEM('',(#2769),#2763);
#2771=CARTESIAN_POINT('',(2.E0,4.9E-1,0.E0));
#2772=DIRECTION('',(0.E0,0.E0,1.E0));
#2773=DIRECTION('',(1.E0,0.E0,0.E0));
#2774=AXIS2_PLACEMENT_3D('',#2771,#2772,#2773);
#2775=PLANE('',#2774);
#2777=ORIENTED_EDGE('',*,*,#2776,.T.);
#2779=ORIENTED_EDGE('',*,*,#2778,.T.);
#2781=ORIENTED_EDGE('',*,*,#2780,.T.);
#2782=ORIENTED_EDGE('',*,*,#2642,.F.);
#2784=ORIENTED_EDGE('',*,*,#2783,.F.);
#2786=ORIENTED_EDGE('',*,*,#2785,.T.);
#2787=ORIENTED_EDGE('',*,*,#2594,.F.);
#2788=ORIENTED_EDGE('',*,*,#2632,.F.);
#2790=ORIENTED_EDGE('',*,*,#2789,.T.);
#2792=ORIENTED_EDGE('',*,*,#2791,.T.);
#2794=ORIENTED_EDGE('',*,*,#2793,.F.);
#2795=ORIENTED_EDGE('',*,*,#2624,.F.);
#2796=ORIENTED_EDGE('',*,*,#2758,.T.);
#2797=ORIENTED_EDGE('',*,*,#2716,.F.);
#2798=ORIENTED_EDGE('',*,*,#2670,.F.);
#2799=ORIENTED_EDGE('',*,*,#2650,.F.);
#2800=EDGE_LOOP('',(#2777,#2779,#2781,#2782,#2784,#2786,#2787,#2788,#2790,#2792,
#2794,#2795,#2796,#2797,#2798,#2799));
#2801=FACE_OUTER_BOUND('',#2800,.F.);
#2802=ADVANCED_FACE('',(#2801),#2775,.T.);
#2803=FILL_AREA_STYLE_COLOUR('',#34);
#2804=FILL_AREA_STYLE('',(#2803));
#2805=SURFACE_STYLE_FILL_AREA(#2804);
#2806=SURFACE_SIDE_STYLE('',(#2805));
#2807=SURFACE_STYLE_USAGE(.BOTH.,#2806);
#2808=PRESENTATION_STYLE_ASSIGNMENT((#2807));
#2809=STYLED_ITEM('',(#2808),#2802);
#2810=CARTESIAN_POINT('',(3.75E0,4.9E-1,0.E0));
#2811=DIRECTION('',(1.E0,0.E0,0.E0));
#2812=DIRECTION('',(0.E0,1.E0,0.E0));
#2813=AXIS2_PLACEMENT_3D('',#2810,#2811,#2812);
#2814=PLANE('',#2813);
#2816=ORIENTED_EDGE('',*,*,#2815,.F.);
#2817=ORIENTED_EDGE('',*,*,#2776,.F.);
#2818=ORIENTED_EDGE('',*,*,#2648,.T.);
#2820=ORIENTED_EDGE('',*,*,#2819,.T.);
#2821=EDGE_LOOP('',(#2816,#2817,#2818,#2820));
#2822=FACE_OUTER_BOUND('',#2821,.F.);
#2823=ADVANCED_FACE('',(#2822),#2814,.F.);
#2824=FILL_AREA_STYLE_COLOUR('',#34);
#2825=FILL_AREA_STYLE('',(#2824));
#2826=SURFACE_STYLE_FILL_AREA(#2825);
#2827=SURFACE_SIDE_STYLE('',(#2826));
#2828=SURFACE_STYLE_USAGE(.BOTH.,#2827);
#2829=PRESENTATION_STYLE_ASSIGNMENT((#2828));
#2830=STYLED_ITEM('',(#2829),#2823);
#2831=CARTESIAN_POINT('',(3.62E0,6.689146516911E-1,7.8216E0));
#2832=DIRECTION('',(0.E0,0.E0,-1.E0));
#2833=DIRECTION('',(-2.588190451025E-1,9.659258262891E-1,0.E0));
#2834=AXIS2_PLACEMENT_3D('',#2831,#2832,#2833);
#2835=CYLINDRICAL_SURFACE('',#2834,1.3E-1);
#2837=ORIENTED_EDGE('',*,*,#2836,.F.);
#2839=ORIENTED_EDGE('',*,*,#2838,.T.);
#2840=ORIENTED_EDGE('',*,*,#2778,.F.);
#2841=ORIENTED_EDGE('',*,*,#2815,.T.);
#2842=EDGE_LOOP('',(#2837,#2839,#2840,#2841));
#2843=FACE_OUTER_BOUND('',#2842,.F.);
#2844=ADVANCED_FACE('',(#2843),#2835,.F.);
#2845=FILL_AREA_STYLE_COLOUR('',#34);
#2846=FILL_AREA_STYLE('',(#2845));
#2847=SURFACE_STYLE_FILL_AREA(#2846);
#2848=SURFACE_SIDE_STYLE('',(#2847));
#2849=SURFACE_STYLE_USAGE(.BOTH.,#2848);
#2850=PRESENTATION_STYLE_ASSIGNMENT((#2849));
#2851=STYLED_ITEM('',(#2850),#2844);
#2852=CARTESIAN_POINT('',(5.E0,4.9E-1,-1.3E0));
#2853=DIRECTION('',(0.E0,0.E0,1.E0));
#2854=DIRECTION('',(1.E0,0.E0,0.E0));
#2855=AXIS2_PLACEMENT_3D('',#2852,#2853,#2854);
#2856=PLANE('',#2855);
#2857=ORIENTED_EDGE('',*,*,#2836,.T.);
#2858=ORIENTED_EDGE('',*,*,#2819,.F.);
#2859=ORIENTED_EDGE('',*,*,#2646,.F.);
#2861=ORIENTED_EDGE('',*,*,#2860,.T.);
#2862=EDGE_LOOP('',(#2857,#2858,#2859,#2861));
#2863=FACE_OUTER_BOUND('',#2862,.F.);
#2864=ADVANCED_FACE('',(#2863),#2856,.T.);
#2865=FILL_AREA_STYLE_COLOUR('',#34);
#2866=FILL_AREA_STYLE('',(#2865));
#2867=SURFACE_STYLE_FILL_AREA(#2866);
#2868=SURFACE_SIDE_STYLE('',(#2867));
#2869=SURFACE_STYLE_USAGE(.BOTH.,#2868);
#2870=PRESENTATION_STYLE_ASSIGNMENT((#2869));
#2871=STYLED_ITEM('',(#2870),#2864);
#2872=CARTESIAN_POINT('',(3.75E0,8.383339501605E-1,0.E0));
#2873=DIRECTION('',(-2.588190451025E-1,9.659258262891E-1,0.E0));
#2874=DIRECTION('',(-9.659258262891E-1,-2.588190451025E-1,0.E0));
#2875=AXIS2_PLACEMENT_3D('',#2872,#2873,#2874);
#2876=PLANE('',#2875);
#2877=ORIENTED_EDGE('',*,*,#2838,.F.);
#2878=ORIENTED_EDGE('',*,*,#2860,.F.);
#2879=ORIENTED_EDGE('',*,*,#2644,.F.);
#2880=ORIENTED_EDGE('',*,*,#2780,.F.);
#2881=EDGE_LOOP('',(#2877,#2878,#2879,#2880));
#2882=FACE_OUTER_BOUND('',#2881,.F.);
#2883=ADVANCED_FACE('',(#2882),#2876,.F.);
#2884=FILL_AREA_STYLE_COLOUR('',#34);
#2885=FILL_AREA_STYLE('',(#2884));
#2886=SURFACE_STYLE_FILL_AREA(#2885);
#2887=SURFACE_SIDE_STYLE('',(#2886));
#2888=SURFACE_STYLE_USAGE(.BOTH.,#2887);
#2889=PRESENTATION_STYLE_ASSIGNMENT((#2888));
#2890=STYLED_ITEM('',(#2889),#2883);
#2891=CARTESIAN_POINT('',(2.3E0,9.35886E0,-3.E-1));
#2892=DIRECTION('',(0.E0,-1.E0,0.E0));
#2893=DIRECTION('',(0.E0,0.E0,1.E0));
#2894=AXIS2_PLACEMENT_3D('',#2891,#2892,#2893);
#2895=CYLINDRICAL_SURFACE('',#2894,3.E-1);
#2896=ORIENTED_EDGE('',*,*,#2640,.F.);
#2898=ORIENTED_EDGE('',*,*,#2897,.T.);
#2900=ORIENTED_EDGE('',*,*,#2899,.F.);
#2901=ORIENTED_EDGE('',*,*,#2783,.T.);
#2902=EDGE_LOOP('',(#2896,#2898,#2900,#2901));
#2903=FACE_OUTER_BOUND('',#2902,.F.);
#2904=ADVANCED_FACE('',(#2903),#2895,.T.);
#2905=FILL_AREA_STYLE_COLOUR('',#34);
#2906=FILL_AREA_STYLE('',(#2905));
#2907=SURFACE_STYLE_FILL_AREA(#2906);
#2908=SURFACE_SIDE_STYLE('',(#2907));
#2909=SURFACE_STYLE_USAGE(.BOTH.,#2908);
#2910=PRESENTATION_STYLE_ASSIGNMENT((#2909));
#2911=STYLED_ITEM('',(#2910),#2904);
#2912=CARTESIAN_POINT('',(2.E0,4.9E-1,-6.E0));
#2913=DIRECTION('',(-1.E0,0.E0,0.E0));
#2914=DIRECTION('',(0.E0,0.E0,1.E0));
#2915=AXIS2_PLACEMENT_3D('',#2912,#2913,#2914);
#2916=PLANE('',#2915);
#2918=ORIENTED_EDGE('',*,*,#2917,.F.);
#2920=ORIENTED_EDGE('',*,*,#2919,.T.);
#2921=ORIENTED_EDGE('',*,*,#2897,.F.);
#2922=ORIENTED_EDGE('',*,*,#2638,.F.);
#2924=ORIENTED_EDGE('',*,*,#2923,.T.);
#2926=ORIENTED_EDGE('',*,*,#2925,.F.);
#2928=ORIENTED_EDGE('',*,*,#2927,.F.);
#2930=ORIENTED_EDGE('',*,*,#2929,.F.);
#2931=EDGE_LOOP('',(#2918,#2920,#2921,#2922,#2924,#2926,#2928,#2930));
#2932=FACE_OUTER_BOUND('',#2931,.F.);
#2934=ORIENTED_EDGE('',*,*,#2933,.T.);
#2936=ORIENTED_EDGE('',*,*,#2935,.F.);
#2938=ORIENTED_EDGE('',*,*,#2937,.F.);
#2940=ORIENTED_EDGE('',*,*,#2939,.T.);
#2941=EDGE_LOOP('',(#2934,#2936,#2938,#2940));
#2942=FACE_BOUND('',#2941,.F.);
#2944=ORIENTED_EDGE('',*,*,#2943,.F.);
#2946=ORIENTED_EDGE('',*,*,#2945,.F.);
#2948=ORIENTED_EDGE('',*,*,#2947,.T.);
#2950=ORIENTED_EDGE('',*,*,#2949,.F.);
#2951=EDGE_LOOP('',(#2944,#2946,#2948,#2950));
#2952=FACE_BOUND('',#2951,.F.);
#2953=ADVANCED_FACE('',(#2932,#2942,#2952),#2916,.T.);
#2954=FILL_AREA_STYLE_COLOUR('',#34);
#2955=FILL_AREA_STYLE('',(#2954));
#2956=SURFACE_STYLE_FILL_AREA(#2955);
#2957=SURFACE_SIDE_STYLE('',(#2956));
#2958=SURFACE_STYLE_USAGE(.BOTH.,#2957);
#2959=PRESENTATION_STYLE_ASSIGNMENT((#2958));
#2960=STYLED_ITEM('',(#2959),#2953);
#2961=CARTESIAN_POINT('',(2.3E0,9.35886E0,-5.7E0));
#2962=DIRECTION('',(0.E0,-1.E0,0.E0));
#2963=DIRECTION('',(-1.E0,0.E0,0.E0));
#2964=AXIS2_PLACEMENT_3D('',#2961,#2962,#2963);
#2965=CYLINDRICAL_SURFACE('',#2964,3.E-1);
#2967=ORIENTED_EDGE('',*,*,#2966,.F.);
#2969=ORIENTED_EDGE('',*,*,#2968,.T.);
#2971=ORIENTED_EDGE('',*,*,#2970,.F.);
#2972=ORIENTED_EDGE('',*,*,#2917,.T.);
#2973=EDGE_LOOP('',(#2967,#2969,#2971,#2972));
#2974=FACE_OUTER_BOUND('',#2973,.F.);
#2975=ADVANCED_FACE('',(#2974),#2965,.T.);
#2976=FILL_AREA_STYLE_COLOUR('',#34);
#2977=FILL_AREA_STYLE('',(#2976));
#2978=SURFACE_STYLE_FILL_AREA(#2977);
#2979=SURFACE_SIDE_STYLE('',(#2978));
#2980=SURFACE_STYLE_USAGE(.BOTH.,#2979);
#2981=PRESENTATION_STYLE_ASSIGNMENT((#2980));
#2982=STYLED_ITEM('',(#2981),#2975);
#2983=CARTESIAN_POINT('',(5.E0,4.9E-1,-3.E0));
#2984=DIRECTION('',(0.E0,1.E0,0.E0));
#2985=DIRECTION('',(1.E0,0.E0,0.E0));
#2986=AXIS2_PLACEMENT_3D('',#2983,#2984,#2985);
#2987=PLANE('',#2986);
#2989=ORIENTED_EDGE('',*,*,#2988,.T.);
#2991=ORIENTED_EDGE('',*,*,#2990,.T.);
#2993=ORIENTED_EDGE('',*,*,#2992,.T.);
#2995=ORIENTED_EDGE('',*,*,#2994,.T.);
#2997=ORIENTED_EDGE('',*,*,#2996,.F.);
#2999=ORIENTED_EDGE('',*,*,#2998,.T.);
#3001=ORIENTED_EDGE('',*,*,#3000,.T.);
#3003=ORIENTED_EDGE('',*,*,#3002,.F.);
#3005=ORIENTED_EDGE('',*,*,#3004,.F.);
#3007=ORIENTED_EDGE('',*,*,#3006,.T.);
#3008=ORIENTED_EDGE('',*,*,#2966,.T.);
#3009=ORIENTED_EDGE('',*,*,#2929,.T.);
#3011=ORIENTED_EDGE('',*,*,#3010,.T.);
#3012=ORIENTED_EDGE('',*,*,#2549,.T.);
#3014=ORIENTED_EDGE('',*,*,#3013,.T.);
#3016=ORIENTED_EDGE('',*,*,#3015,.T.);
#3018=ORIENTED_EDGE('',*,*,#3017,.T.);
#3020=ORIENTED_EDGE('',*,*,#3019,.F.);
#3022=ORIENTED_EDGE('',*,*,#3021,.F.);
#3024=ORIENTED_EDGE('',*,*,#3023,.T.);
#3025=EDGE_LOOP('',(#2989,#2991,#2993,#2995,#2997,#2999,#3001,#3003,#3005,#3007,
#3008,#3009,#3011,#3012,#3014,#3016,#3018,#3020,#3022,#3024));
#3026=FACE_OUTER_BOUND('',#3025,.F.);
#3027=ADVANCED_FACE('',(#3026),#2987,.F.);
#3028=FILL_AREA_STYLE_COLOUR('',#34);
#3029=FILL_AREA_STYLE('',(#3028));
#3030=SURFACE_STYLE_FILL_AREA(#3029);
#3031=SURFACE_SIDE_STYLE('',(#3030));
#3032=SURFACE_STYLE_USAGE(.BOTH.,#3031);
#3033=PRESENTATION_STYLE_ASSIGNMENT((#3032));
#3034=STYLED_ITEM('',(#3033),#3027);
#3035=CARTESIAN_POINT('',(5.7E0,4.9E-1,-6.E0));
#3036=DIRECTION('',(1.E0,0.E0,0.E0));
#3037=DIRECTION('',(0.E0,0.E0,1.E0));
#3038=AXIS2_PLACEMENT_3D('',#3035,#3036,#3037);
#3039=PLANE('',#3038);
#3041=ORIENTED_EDGE('',*,*,#3040,.F.);
#3042=ORIENTED_EDGE('',*,*,#2988,.F.);
#3044=ORIENTED_EDGE('',*,*,#3043,.T.);
#3046=ORIENTED_EDGE('',*,*,#3045,.T.);
#3047=EDGE_LOOP('',(#3041,#3042,#3044,#3046));
#3048=FACE_OUTER_BOUND('',#3047,.F.);
#3049=ADVANCED_FACE('',(#3048),#3039,.F.);
#3050=FILL_AREA_STYLE_COLOUR('',#34);
#3051=FILL_AREA_STYLE('',(#3050));
#3052=SURFACE_STYLE_FILL_AREA(#3051);
#3053=SURFACE_SIDE_STYLE('',(#3052));
#3054=SURFACE_STYLE_USAGE(.BOTH.,#3053);
#3055=PRESENTATION_STYLE_ASSIGNMENT((#3054));
#3056=STYLED_ITEM('',(#3055),#3049);
#3057=CARTESIAN_POINT('',(5.57E0,-4.52886E0,-5.105E0));
#3058=DIRECTION('',(0.E0,1.E0,0.E0));
#3059=DIRECTION('',(0.E0,0.E0,1.E0));
#3060=AXIS2_PLACEMENT_3D('',#3057,#3058,#3059);
#3061=CYLINDRICAL_SURFACE('',#3060,1.3E-1);
#3063=ORIENTED_EDGE('',*,*,#3062,.F.);
#3065=ORIENTED_EDGE('',*,*,#3064,.T.);
#3066=ORIENTED_EDGE('',*,*,#2990,.F.);
#3067=ORIENTED_EDGE('',*,*,#3040,.T.);
#3068=EDGE_LOOP('',(#3063,#3065,#3066,#3067));
#3069=FACE_OUTER_BOUND('',#3068,.F.);
#3070=ADVANCED_FACE('',(#3069),#3061,.F.);
#3071=FILL_AREA_STYLE_COLOUR('',#34);
#3072=FILL_AREA_STYLE('',(#3071));
#3073=SURFACE_STYLE_FILL_AREA(#3072);
#3074=SURFACE_SIDE_STYLE('',(#3073));
#3075=SURFACE_STYLE_USAGE(.BOTH.,#3074);
#3076=PRESENTATION_STYLE_ASSIGNMENT((#3075));
#3077=STYLED_ITEM('',(#3076),#3070);
#3078=CARTESIAN_POINT('',(5.E0,5.9E-1,-3.E0));
#3079=DIRECTION('',(0.E0,-1.E0,0.E0));
#3080=DIRECTION('',(1.E0,0.E0,0.E0));
#3081=AXIS2_PLACEMENT_3D('',#3078,#3079,#3080);
#3082=PLANE('',#3081);
#3083=ORIENTED_EDGE('',*,*,#3062,.T.);
#3084=ORIENTED_EDGE('',*,*,#3045,.F.);
#3086=ORIENTED_EDGE('',*,*,#3085,.F.);
#3088=ORIENTED_EDGE('',*,*,#3087,.F.);
#3090=ORIENTED_EDGE('',*,*,#3089,.T.);
#3092=ORIENTED_EDGE('',*,*,#3091,.F.);
#3093=EDGE_LOOP('',(#3083,#3084,#3086,#3088,#3090,#3092));
#3094=FACE_OUTER_BOUND('',#3093,.F.);
#3095=ADVANCED_FACE('',(#3094),#3082,.T.);
#3096=FILL_AREA_STYLE_COLOUR('',#34);
#3097=FILL_AREA_STYLE('',(#3096));
#3098=SURFACE_STYLE_FILL_AREA(#3097);
#3099=SURFACE_SIDE_STYLE('',(#3098));
#3100=SURFACE_STYLE_USAGE(.BOTH.,#3099);
#3101=PRESENTATION_STYLE_ASSIGNMENT((#3100));
#3102=STYLED_ITEM('',(#3101),#3095);
#3103=CARTESIAN_POINT('',(8.E0,4.9E-1,-6.E0));
#3104=DIRECTION('',(0.E0,0.E0,-1.E0));
#3105=DIRECTION('',(-1.E0,0.E0,0.E0));
#3106=AXIS2_PLACEMENT_3D('',#3103,#3104,#3105);
#3107=PLANE('',#3106);
#3109=ORIENTED_EDGE('',*,*,#3108,.T.);
#3111=ORIENTED_EDGE('',*,*,#3110,.T.);
#3113=ORIENTED_EDGE('',*,*,#3112,.F.);
#3114=ORIENTED_EDGE('',*,*,#2998,.F.);
#3116=ORIENTED_EDGE('',*,*,#3115,.T.);
#3117=ORIENTED_EDGE('',*,*,#3085,.T.);
#3118=ORIENTED_EDGE('',*,*,#3043,.F.);
#3119=ORIENTED_EDGE('',*,*,#3023,.F.);
#3121=ORIENTED_EDGE('',*,*,#3120,.T.);
#3123=ORIENTED_EDGE('',*,*,#3122,.T.);
#3125=ORIENTED_EDGE('',*,*,#3124,.T.);
#3126=ORIENTED_EDGE('',*,*,#3015,.F.);
#3128=ORIENTED_EDGE('',*,*,#3127,.F.);
#3130=ORIENTED_EDGE('',*,*,#3129,.T.);
#3131=ORIENTED_EDGE('',*,*,#2968,.F.);
#3132=ORIENTED_EDGE('',*,*,#3006,.F.);
#3133=EDGE_LOOP('',(#3109,#3111,#3113,#3114,#3116,#3117,#3118,#3119,#3121,#3123,
#3125,#3126,#3128,#3130,#3131,#3132));
#3134=FACE_OUTER_BOUND('',#3133,.F.);
#3135=ADVANCED_FACE('',(#3134),#3107,.T.);
#3136=FILL_AREA_STYLE_COLOUR('',#34);
#3137=FILL_AREA_STYLE('',(#3136));
#3138=SURFACE_STYLE_FILL_AREA(#3137);
#3139=SURFACE_SIDE_STYLE('',(#3138));
#3140=SURFACE_STYLE_USAGE(.BOTH.,#3139);
#3141=PRESENTATION_STYLE_ASSIGNMENT((#3140));
#3142=STYLED_ITEM('',(#3141),#3135);
#3143=CARTESIAN_POINT('',(3.75E0,8.383339501605E-1,-6.E0));
#3144=DIRECTION('',(2.588190451025E-1,-9.659258262891E-1,0.E0));
#3145=DIRECTION('',(-9.659258262891E-1,-2.588190451025E-1,0.E0));
#3146=AXIS2_PLACEMENT_3D('',#3143,#3144,#3145);
#3147=PLANE('',#3146);
#3149=ORIENTED_EDGE('',*,*,#3148,.F.);
#3150=ORIENTED_EDGE('',*,*,#3108,.F.);
#3151=ORIENTED_EDGE('',*,*,#3004,.T.);
#3153=ORIENTED_EDGE('',*,*,#3152,.F.);
#3154=EDGE_LOOP('',(#3149,#3150,#3151,#3153));
#3155=FACE_OUTER_BOUND('',#3154,.F.);
#3156=ADVANCED_FACE('',(#3155),#3147,.T.);
#3157=FILL_AREA_STYLE_COLOUR('',#34);
#3158=FILL_AREA_STYLE('',(#3157));
#3159=SURFACE_STYLE_FILL_AREA(#3158);
#3160=SURFACE_SIDE_STYLE('',(#3159));
#3161=SURFACE_STYLE_USAGE(.BOTH.,#3160);
#3162=PRESENTATION_STYLE_ASSIGNMENT((#3161));
#3163=STYLED_ITEM('',(#3162),#3156);
#3164=CARTESIAN_POINT('',(3.62E0,6.689146516911E-1,7.8216E0));
#3165=DIRECTION('',(0.E0,0.E0,-1.E0));
#3166=DIRECTION('',(-2.588190451025E-1,9.659258262891E-1,0.E0));
#3167=AXIS2_PLACEMENT_3D('',#3164,#3165,#3166);
#3168=CYLINDRICAL_SURFACE('',#3167,1.3E-1);
#3169=ORIENTED_EDGE('',*,*,#3148,.T.);
#3171=ORIENTED_EDGE('',*,*,#3170,.F.);
#3173=ORIENTED_EDGE('',*,*,#3172,.T.);
#3174=ORIENTED_EDGE('',*,*,#3110,.F.);
#3175=EDGE_LOOP('',(#3169,#3171,#3173,#3174));
#3176=FACE_OUTER_BOUND('',#3175,.F.);
#3177=ADVANCED_FACE('',(#3176),#3168,.F.);
#3178=FILL_AREA_STYLE_COLOUR('',#34);
#3179=FILL_AREA_STYLE('',(#3178));
#3180=SURFACE_STYLE_FILL_AREA(#3179);
#3181=SURFACE_SIDE_STYLE('',(#3180));
#3182=SURFACE_STYLE_USAGE(.BOTH.,#3181);
#3183=PRESENTATION_STYLE_ASSIGNMENT((#3182));
#3184=STYLED_ITEM('',(#3183),#3177);
#3185=CARTESIAN_POINT('',(5.E0,4.9E-1,-4.7E0));
#3186=DIRECTION('',(0.E0,0.E0,1.E0));
#3187=DIRECTION('',(1.E0,0.E0,0.E0));
#3188=AXIS2_PLACEMENT_3D('',#3185,#3186,#3187);
#3189=PLANE('',#3188);
#3190=ORIENTED_EDGE('',*,*,#3170,.T.);
#3191=ORIENTED_EDGE('',*,*,#3152,.T.);
#3192=ORIENTED_EDGE('',*,*,#3002,.T.);
#3194=ORIENTED_EDGE('',*,*,#3193,.T.);
#3195=EDGE_LOOP('',(#3190,#3191,#3192,#3194));
#3196=FACE_OUTER_BOUND('',#3195,.F.);
#3197=ADVANCED_FACE('',(#3196),#3189,.F.);
#3198=FILL_AREA_STYLE_COLOUR('',#34);
#3199=FILL_AREA_STYLE('',(#3198));
#3200=SURFACE_STYLE_FILL_AREA(#3199);
#3201=SURFACE_SIDE_STYLE('',(#3200));
#3202=SURFACE_STYLE_USAGE(.BOTH.,#3201);
#3203=PRESENTATION_STYLE_ASSIGNMENT((#3202));
#3204=STYLED_ITEM('',(#3203),#3197);
#3205=CARTESIAN_POINT('',(3.75E0,4.9E-1,-6.E0));
#3206=DIRECTION('',(-1.E0,0.E0,0.E0));
#3207=DIRECTION('',(0.E0,1.E0,0.E0));
#3208=AXIS2_PLACEMENT_3D('',#3205,#3206,#3207);
#3209=PLANE('',#3208);
#3210=ORIENTED_EDGE('',*,*,#3172,.F.);
#3211=ORIENTED_EDGE('',*,*,#3193,.F.);
#3212=ORIENTED_EDGE('',*,*,#3000,.F.);
#3213=ORIENTED_EDGE('',*,*,#3112,.T.);
#3214=EDGE_LOOP('',(#3210,#3211,#3212,#3213));
#3215=FACE_OUTER_BOUND('',#3214,.F.);
#3216=ADVANCED_FACE('',(#3215),#3209,.T.);
#3217=FILL_AREA_STYLE_COLOUR('',#34);
#3218=FILL_AREA_STYLE('',(#3217));
#3219=SURFACE_STYLE_FILL_AREA(#3218);
#3220=SURFACE_SIDE_STYLE('',(#3219));
#3221=SURFACE_STYLE_USAGE(.BOTH.,#3220);
#3222=PRESENTATION_STYLE_ASSIGNMENT((#3221));
#3223=STYLED_ITEM('',(#3222),#3216);
#3224=CARTESIAN_POINT('',(4.3E0,4.9E-1,-4.975E0));
#3225=DIRECTION('',(-1.E0,0.E0,0.E0));
#3226=DIRECTION('',(0.E0,0.E0,-1.E0));
#3227=AXIS2_PLACEMENT_3D('',#3224,#3225,#3226);
#3228=PLANE('',#3227);
#3230=ORIENTED_EDGE('',*,*,#3229,.F.);
#3231=ORIENTED_EDGE('',*,*,#3087,.T.);
#3232=ORIENTED_EDGE('',*,*,#3115,.F.);
#3233=ORIENTED_EDGE('',*,*,#2996,.T.);
#3234=EDGE_LOOP('',(#3230,#3231,#3232,#3233));
#3235=FACE_OUTER_BOUND('',#3234,.F.);
#3236=ADVANCED_FACE('',(#3235),#3228,.F.);
#3237=FILL_AREA_STYLE_COLOUR('',#34);
#3238=FILL_AREA_STYLE('',(#3237));
#3239=SURFACE_STYLE_FILL_AREA(#3238);
#3240=SURFACE_SIDE_STYLE('',(#3239));
#3241=SURFACE_STYLE_USAGE(.BOTH.,#3240);
#3242=PRESENTATION_STYLE_ASSIGNMENT((#3241));
#3243=STYLED_ITEM('',(#3242),#3236);
#3244=CARTESIAN_POINT('',(4.43E0,-4.52886E0,-5.105E0));
#3245=DIRECTION('',(0.E0,1.E0,0.E0));
#3246=DIRECTION('',(-1.E0,0.E0,0.E0));
#3247=AXIS2_PLACEMENT_3D('',#3244,#3245,#3246);
#3248=CYLINDRICAL_SURFACE('',#3247,1.3E-1);
#3249=ORIENTED_EDGE('',*,*,#3089,.F.);
#3250=ORIENTED_EDGE('',*,*,#3229,.T.);
#3251=ORIENTED_EDGE('',*,*,#2994,.F.);
#3253=ORIENTED_EDGE('',*,*,#3252,.T.);
#3254=EDGE_LOOP('',(#3249,#3250,#3251,#3253));
#3255=FACE_OUTER_BOUND('',#3254,.F.);
#3256=ADVANCED_FACE('',(#3255),#3248,.F.);
#3257=FILL_AREA_STYLE_COLOUR('',#34);
#3258=FILL_AREA_STYLE('',(#3257));
#3259=SURFACE_STYLE_FILL_AREA(#3258);
#3260=SURFACE_SIDE_STYLE('',(#3259));
#3261=SURFACE_STYLE_USAGE(.BOTH.,#3260);
#3262=PRESENTATION_STYLE_ASSIGNMENT((#3261));
#3263=STYLED_ITEM('',(#3262),#3256);
#3264=CARTESIAN_POINT('',(5.7E0,4.9E-1,-4.975E0));
#3265=DIRECTION('',(0.E0,0.E0,1.E0));
#3266=DIRECTION('',(-1.E0,0.E0,0.E0));
#3267=AXIS2_PLACEMENT_3D('',#3264,#3265,#3266);
#3268=PLANE('',#3267);
#3269=ORIENTED_EDGE('',*,*,#3064,.F.);
#3270=ORIENTED_EDGE('',*,*,#3091,.T.);
#3271=ORIENTED_EDGE('',*,*,#3252,.F.);
#3272=ORIENTED_EDGE('',*,*,#2992,.F.);
#3273=EDGE_LOOP('',(#3269,#3270,#3271,#3272));
#3274=FACE_OUTER_BOUND('',#3273,.F.);
#3275=ADVANCED_FACE('',(#3274),#3268,.F.);
#3276=FILL_AREA_STYLE_COLOUR('',#34);
#3277=FILL_AREA_STYLE('',(#3276));
#3278=SURFACE_STYLE_FILL_AREA(#3277);
#3279=SURFACE_SIDE_STYLE('',(#3278));
#3280=SURFACE_STYLE_USAGE(.BOTH.,#3279);
#3281=PRESENTATION_STYLE_ASSIGNMENT((#3280));
#3282=STYLED_ITEM('',(#3281),#3275);
#3283=CARTESIAN_POINT('',(6.25E0,8.383339501605E-1,-6.E0));
#3284=DIRECTION('',(1.E0,0.E0,0.E0));
#3285=DIRECTION('',(0.E0,-1.E0,0.E0));
#3286=AXIS2_PLACEMENT_3D('',#3283,#3284,#3285);
#3287=PLANE('',#3286);
#3289=ORIENTED_EDGE('',*,*,#3288,.F.);
#3290=ORIENTED_EDGE('',*,*,#3120,.F.);
#3291=ORIENTED_EDGE('',*,*,#3021,.T.);
#3293=ORIENTED_EDGE('',*,*,#3292,.F.);
#3294=EDGE_LOOP('',(#3289,#3290,#3291,#3293));
#3295=FACE_OUTER_BOUND('',#3294,.F.);
#3296=ADVANCED_FACE('',(#3295),#3287,.T.);
#3297=FILL_AREA_STYLE_COLOUR('',#34);
#3298=FILL_AREA_STYLE('',(#3297));
#3299=SURFACE_STYLE_FILL_AREA(#3298);
#3300=SURFACE_SIDE_STYLE('',(#3299));
#3301=SURFACE_STYLE_USAGE(.BOTH.,#3300);
#3302=PRESENTATION_STYLE_ASSIGNMENT((#3301));
#3303=STYLED_ITEM('',(#3302),#3296);
#3304=CARTESIAN_POINT('',(6.38E0,6.689146516911E-1,7.8216E0));
#3305=DIRECTION('',(0.E0,0.E0,-1.E0));
#3306=DIRECTION('',(-1.E0,0.E0,0.E0));
#3307=AXIS2_PLACEMENT_3D('',#3304,#3305,#3306);
#3308=CYLINDRICAL_SURFACE('',#3307,1.3E-1);
#3309=ORIENTED_EDGE('',*,*,#3288,.T.);
#3311=ORIENTED_EDGE('',*,*,#3310,.F.);
#3313=ORIENTED_EDGE('',*,*,#3312,.T.);
#3314=ORIENTED_EDGE('',*,*,#3122,.F.);
#3315=EDGE_LOOP('',(#3309,#3311,#3313,#3314));
#3316=FACE_OUTER_BOUND('',#3315,.F.);
#3317=ADVANCED_FACE('',(#3316),#3308,.F.);
#3318=FILL_AREA_STYLE_COLOUR('',#34);
#3319=FILL_AREA_STYLE('',(#3318));
#3320=SURFACE_STYLE_FILL_AREA(#3319);
#3321=SURFACE_SIDE_STYLE('',(#3320));
#3322=SURFACE_STYLE_USAGE(.BOTH.,#3321);
#3323=PRESENTATION_STYLE_ASSIGNMENT((#3322));
#3324=STYLED_ITEM('',(#3323),#3317);
#3325=CARTESIAN_POINT('',(5.E0,4.9E-1,-4.7E0));
#3326=DIRECTION('',(0.E0,0.E0,1.E0));
#3327=DIRECTION('',(1.E0,0.E0,0.E0));
#3328=AXIS2_PLACEMENT_3D('',#3325,#3326,#3327);
#3329=PLANE('',#3328);
#3330=ORIENTED_EDGE('',*,*,#3310,.T.);
#3331=ORIENTED_EDGE('',*,*,#3292,.T.);
#3332=ORIENTED_EDGE('',*,*,#3019,.T.);
#3334=ORIENTED_EDGE('',*,*,#3333,.T.);
#3335=EDGE_LOOP('',(#3330,#3331,#3332,#3334));
#3336=FACE_OUTER_BOUND('',#3335,.F.);
#3337=ADVANCED_FACE('',(#3336),#3329,.F.);
#3338=FILL_AREA_STYLE_COLOUR('',#34);
#3339=FILL_AREA_STYLE('',(#3338));
#3340=SURFACE_STYLE_FILL_AREA(#3339);
#3341=SURFACE_SIDE_STYLE('',(#3340));
#3342=SURFACE_STYLE_USAGE(.BOTH.,#3341);
#3343=PRESENTATION_STYLE_ASSIGNMENT((#3342));
#3344=STYLED_ITEM('',(#3343),#3337);
#3345=CARTESIAN_POINT('',(7.55E0,4.9E-1,-6.E0));
#3346=DIRECTION('',(-2.588190451025E-1,-9.659258262891E-1,0.E0));
#3347=DIRECTION('',(-9.659258262891E-1,2.588190451025E-1,0.E0));
#3348=AXIS2_PLACEMENT_3D('',#3345,#3346,#3347);
#3349=PLANE('',#3348);
#3350=ORIENTED_EDGE('',*,*,#3312,.F.);
#3351=ORIENTED_EDGE('',*,*,#3333,.F.);
#3352=ORIENTED_EDGE('',*,*,#3017,.F.);
#3353=ORIENTED_EDGE('',*,*,#3124,.F.);
#3354=EDGE_LOOP('',(#3350,#3351,#3352,#3353));
#3355=FACE_OUTER_BOUND('',#3354,.F.);
#3356=ADVANCED_FACE('',(#3355),#3349,.T.);
#3357=FILL_AREA_STYLE_COLOUR('',#34);
#3358=FILL_AREA_STYLE('',(#3357));
#3359=SURFACE_STYLE_FILL_AREA(#3358);
#3360=SURFACE_SIDE_STYLE('',(#3359));
#3361=SURFACE_STYLE_USAGE(.BOTH.,#3360);
#3362=PRESENTATION_STYLE_ASSIGNMENT((#3361));
#3363=STYLED_ITEM('',(#3362),#3356);
#3364=CARTESIAN_POINT('',(7.7E0,9.35886E0,-5.7E0));
#3365=DIRECTION('',(0.E0,-1.E0,0.E0));
#3366=DIRECTION('',(0.E0,0.E0,-1.E0));
#3367=AXIS2_PLACEMENT_3D('',#3364,#3365,#3366);
#3368=CYLINDRICAL_SURFACE('',#3367,3.E-1);
#3369=ORIENTED_EDGE('',*,*,#3013,.F.);
#3370=ORIENTED_EDGE('',*,*,#2547,.T.);
#3372=ORIENTED_EDGE('',*,*,#3371,.F.);
#3373=ORIENTED_EDGE('',*,*,#3127,.T.);
#3374=EDGE_LOOP('',(#3369,#3370,#3372,#3373));
#3375=FACE_OUTER_BOUND('',#3374,.F.);
#3376=ADVANCED_FACE('',(#3375),#3368,.T.);
#3377=FILL_AREA_STYLE_COLOUR('',#34);
#3378=FILL_AREA_STYLE('',(#3377));
#3379=SURFACE_STYLE_FILL_AREA(#3378);
#3380=SURFACE_SIDE_STYLE('',(#3379));
#3381=SURFACE_STYLE_USAGE(.BOTH.,#3380);
#3382=PRESENTATION_STYLE_ASSIGNMENT((#3381));
#3383=STYLED_ITEM('',(#3382),#3376);
#3384=CARTESIAN_POINT('',(5.E0,3.64E0,-3.E0));
#3385=DIRECTION('',(0.E0,1.E0,0.E0));
#3386=DIRECTION('',(1.E0,0.E0,0.E0));
#3387=AXIS2_PLACEMENT_3D('',#3384,#3385,#3386);
#3388=PLANE('',#3387);
#3389=ORIENTED_EDGE('',*,*,#2970,.T.);
#3390=ORIENTED_EDGE('',*,*,#3129,.F.);
#3391=ORIENTED_EDGE('',*,*,#3371,.T.);
#3392=ORIENTED_EDGE('',*,*,#2545,.F.);
#3393=ORIENTED_EDGE('',*,*,#2596,.T.);
#3394=ORIENTED_EDGE('',*,*,#2785,.F.);
#3395=ORIENTED_EDGE('',*,*,#2899,.T.);
#3396=ORIENTED_EDGE('',*,*,#2919,.F.);
#3397=EDGE_LOOP('',(#3389,#3390,#3391,#3392,#3393,#3394,#3395,#3396));
#3398=FACE_OUTER_BOUND('',#3397,.F.);
#3400=ORIENTED_EDGE('',*,*,#3399,.T.);
#3402=ORIENTED_EDGE('',*,*,#3401,.T.);
#3404=ORIENTED_EDGE('',*,*,#3403,.T.);
#3406=ORIENTED_EDGE('',*,*,#3405,.T.);
#3408=ORIENTED_EDGE('',*,*,#3407,.T.);
#3410=ORIENTED_EDGE('',*,*,#3409,.T.);
#3412=ORIENTED_EDGE('',*,*,#3411,.T.);
#3414=ORIENTED_EDGE('',*,*,#3413,.T.);
#3416=ORIENTED_EDGE('',*,*,#3415,.T.);
#3418=ORIENTED_EDGE('',*,*,#3417,.T.);
#3420=ORIENTED_EDGE('',*,*,#3419,.T.);
#3422=ORIENTED_EDGE('',*,*,#3421,.T.);
#3424=ORIENTED_EDGE('',*,*,#3423,.T.);
#3426=ORIENTED_EDGE('',*,*,#3425,.T.);
#3428=ORIENTED_EDGE('',*,*,#3427,.T.);
#3430=ORIENTED_EDGE('',*,*,#3429,.T.);
#3432=ORIENTED_EDGE('',*,*,#3431,.T.);
#3434=ORIENTED_EDGE('',*,*,#3433,.T.);
#3436=ORIENTED_EDGE('',*,*,#3435,.T.);
#3438=ORIENTED_EDGE('',*,*,#3437,.T.);
#3440=ORIENTED_EDGE('',*,*,#3439,.T.);
#3442=ORIENTED_EDGE('',*,*,#3441,.T.);
#3444=ORIENTED_EDGE('',*,*,#3443,.T.);
#3446=ORIENTED_EDGE('',*,*,#3445,.T.);
#3447=EDGE_LOOP('',(#3400,#3402,#3404,#3406,#3408,#3410,#3412,#3414,#3416,#3418,
#3420,#3422,#3424,#3426,#3428,#3430,#3432,#3434,#3436,#3438,#3440,#3442,#3444,
#3446));
#3448=FACE_BOUND('',#3447,.F.);
#3449=ADVANCED_FACE('',(#3398,#3448),#3388,.T.);
#3450=FILL_AREA_STYLE_COLOUR('',#34);
#3451=FILL_AREA_STYLE('',(#3450));
#3452=SURFACE_STYLE_FILL_AREA(#3451);
#3453=SURFACE_SIDE_STYLE('',(#3452));
#3454=SURFACE_STYLE_USAGE(.BOTH.,#3453);
#3455=PRESENTATION_STYLE_ASSIGNMENT((#3454));
#3456=STYLED_ITEM('',(#3455),#3449);
#3457=CARTESIAN_POINT('',(7.65E0,3.94E0,-3.5E-1));
#3458=DIRECTION('',(0.E0,-1.E0,0.E0));
#3459=DIRECTION('',(-1.E0,0.E0,0.E0));
#3460=AXIS2_PLACEMENT_3D('',#3457,#3458,#3459);
#3461=CYLINDRICAL_SURFACE('',#3460,3.E-1);
#3462=ORIENTED_EDGE('',*,*,#3399,.F.);
#3464=ORIENTED_EDGE('',*,*,#3463,.T.);
#3466=ORIENTED_EDGE('',*,*,#3465,.F.);
#3468=ORIENTED_EDGE('',*,*,#3467,.T.);
#3469=EDGE_LOOP('',(#3462,#3464,#3466,#3468));
#3470=FACE_OUTER_BOUND('',#3469,.F.);
#3471=ADVANCED_FACE('',(#3470),#3461,.T.);
#3472=FILL_AREA_STYLE_COLOUR('',#34);
#3473=FILL_AREA_STYLE('',(#3472));
#3474=SURFACE_STYLE_FILL_AREA(#3473);
#3475=SURFACE_SIDE_STYLE('',(#3474));
#3476=SURFACE_STYLE_USAGE(.BOTH.,#3475);
#3477=PRESENTATION_STYLE_ASSIGNMENT((#3476));
#3478=STYLED_ITEM('',(#3477),#3471);
#3479=CARTESIAN_POINT('',(7.65E0,3.94E0,-5.E-2));
#3480=DIRECTION('',(0.E0,0.E0,1.E0));
#3481=DIRECTION('',(-1.E0,0.E0,0.E0));
#3482=AXIS2_PLACEMENT_3D('',#3479,#3480,#3481);
#3483=PLANE('',#3482);
#3484=ORIENTED_EDGE('',*,*,#3445,.F.);
#3486=ORIENTED_EDGE('',*,*,#3485,.F.);
#3488=ORIENTED_EDGE('',*,*,#3487,.F.);
#3489=ORIENTED_EDGE('',*,*,#3463,.F.);
#3490=EDGE_LOOP('',(#3484,#3486,#3488,#3489));
#3491=FACE_OUTER_BOUND('',#3490,.F.);
#3492=ADVANCED_FACE('',(#3491),#3483,.T.);
#3493=FILL_AREA_STYLE_COLOUR('',#34);
#3494=FILL_AREA_STYLE('',(#3493));
#3495=SURFACE_STYLE_FILL_AREA(#3494);
#3496=SURFACE_SIDE_STYLE('',(#3495));
#3497=SURFACE_STYLE_USAGE(.BOTH.,#3496);
#3498=PRESENTATION_STYLE_ASSIGNMENT((#3497));
#3499=STYLED_ITEM('',(#3498),#3492);
#3500=CARTESIAN_POINT('',(6.6E0,3.94E0,-5.E-2));
#3501=DIRECTION('',(-7.071067811865E-1,0.E0,7.071067811865E-1));
#3502=DIRECTION('',(-7.071067811865E-1,0.E0,-7.071067811865E-1));
#3503=AXIS2_PLACEMENT_3D('',#3500,#3501,#3502);
#3504=PLANE('',#3503);
#3505=ORIENTED_EDGE('',*,*,#3443,.F.);
#3507=ORIENTED_EDGE('',*,*,#3506,.F.);
#3509=ORIENTED_EDGE('',*,*,#3508,.F.);
#3510=ORIENTED_EDGE('',*,*,#3485,.T.);
#3511=EDGE_LOOP('',(#3505,#3507,#3509,#3510));
#3512=FACE_OUTER_BOUND('',#3511,.F.);
#3513=ADVANCED_FACE('',(#3512),#3504,.T.);
#3514=FILL_AREA_STYLE_COLOUR('',#34);
#3515=FILL_AREA_STYLE('',(#3514));
#3516=SURFACE_STYLE_FILL_AREA(#3515);
#3517=SURFACE_SIDE_STYLE('',(#3516));
#3518=SURFACE_STYLE_USAGE(.BOTH.,#3517);
#3519=PRESENTATION_STYLE_ASSIGNMENT((#3518));
#3520=STYLED_ITEM('',(#3519),#3513);
#3521=CARTESIAN_POINT('',(6.5E0,3.94E0,-1.5E-1));
#3522=DIRECTION('',(0.E0,0.E0,1.E0));
#3523=DIRECTION('',(-1.E0,0.E0,0.E0));
#3524=AXIS2_PLACEMENT_3D('',#3521,#3522,#3523);
#3525=PLANE('',#3524);
#3526=ORIENTED_EDGE('',*,*,#3441,.F.);
#3528=ORIENTED_EDGE('',*,*,#3527,.F.);
#3530=ORIENTED_EDGE('',*,*,#3529,.F.);
#3531=ORIENTED_EDGE('',*,*,#3506,.T.);
#3532=EDGE_LOOP('',(#3526,#3528,#3530,#3531));
#3533=FACE_OUTER_BOUND('',#3532,.F.);
#3534=ADVANCED_FACE('',(#3533),#3525,.T.);
#3535=FILL_AREA_STYLE_COLOUR('',#34);
#3536=FILL_AREA_STYLE('',(#3535));
#3537=SURFACE_STYLE_FILL_AREA(#3536);
#3538=SURFACE_SIDE_STYLE('',(#3537));
#3539=SURFACE_STYLE_USAGE(.BOTH.,#3538);
#3540=PRESENTATION_STYLE_ASSIGNMENT((#3539));
#3541=STYLED_ITEM('',(#3540),#3534);
#3542=CARTESIAN_POINT('',(3.5E0,3.94E0,-1.5E-1));
#3543=DIRECTION('',(7.071067811865E-1,0.E0,7.071067811865E-1));
#3544=DIRECTION('',(-7.071067811865E-1,0.E0,7.071067811865E-1));
#3545=AXIS2_PLACEMENT_3D('',#3542,#3543,#3544);
#3546=PLANE('',#3545);
#3547=ORIENTED_EDGE('',*,*,#3439,.F.);
#3549=ORIENTED_EDGE('',*,*,#3548,.F.);
#3551=ORIENTED_EDGE('',*,*,#3550,.F.);
#3552=ORIENTED_EDGE('',*,*,#3527,.T.);
#3553=EDGE_LOOP('',(#3547,#3549,#3551,#3552));
#3554=FACE_OUTER_BOUND('',#3553,.F.);
#3555=ADVANCED_FACE('',(#3554),#3546,.T.);
#3556=FILL_AREA_STYLE_COLOUR('',#34);
#3557=FILL_AREA_STYLE('',(#3556));
#3558=SURFACE_STYLE_FILL_AREA(#3557);
#3559=SURFACE_SIDE_STYLE('',(#3558));
#3560=SURFACE_STYLE_USAGE(.BOTH.,#3559);
#3561=PRESENTATION_STYLE_ASSIGNMENT((#3560));
#3562=STYLED_ITEM('',(#3561),#3555);
#3563=CARTESIAN_POINT('',(3.4E0,3.94E0,-5.E-2));
#3564=DIRECTION('',(0.E0,0.E0,1.E0));
#3565=DIRECTION('',(-1.E0,0.E0,0.E0));
#3566=AXIS2_PLACEMENT_3D('',#3563,#3564,#3565);
#3567=PLANE('',#3566);
#3568=ORIENTED_EDGE('',*,*,#3437,.F.);
#3570=ORIENTED_EDGE('',*,*,#3569,.F.);
#3572=ORIENTED_EDGE('',*,*,#3571,.F.);
#3573=ORIENTED_EDGE('',*,*,#3548,.T.);
#3574=EDGE_LOOP('',(#3568,#3570,#3572,#3573));
#3575=FACE_OUTER_BOUND('',#3574,.F.);
#3576=ADVANCED_FACE('',(#3575),#3567,.T.);
#3577=FILL_AREA_STYLE_COLOUR('',#34);
#3578=FILL_AREA_STYLE('',(#3577));
#3579=SURFACE_STYLE_FILL_AREA(#3578);
#3580=SURFACE_SIDE_STYLE('',(#3579));
#3581=SURFACE_STYLE_USAGE(.BOTH.,#3580);
#3582=PRESENTATION_STYLE_ASSIGNMENT((#3581));
#3583=STYLED_ITEM('',(#3582),#3576);
#3584=CARTESIAN_POINT('',(2.35E0,3.94E0,-3.5E-1));
#3585=DIRECTION('',(0.E0,-1.E0,0.E0));
#3586=DIRECTION('',(-1.E0,0.E0,0.E0));
#3587=AXIS2_PLACEMENT_3D('',#3584,#3585,#3586);
#3588=CYLINDRICAL_SURFACE('',#3587,3.E-1);
#3589=ORIENTED_EDGE('',*,*,#3435,.F.);
#3591=ORIENTED_EDGE('',*,*,#3590,.T.);
#3593=ORIENTED_EDGE('',*,*,#3592,.F.);
#3594=ORIENTED_EDGE('',*,*,#3569,.T.);
#3595=EDGE_LOOP('',(#3589,#3591,#3593,#3594));
#3596=FACE_OUTER_BOUND('',#3595,.F.);
#3597=ADVANCED_FACE('',(#3596),#3588,.T.);
#3598=FILL_AREA_STYLE_COLOUR('',#34);
#3599=FILL_AREA_STYLE('',(#3598));
#3600=SURFACE_STYLE_FILL_AREA(#3599);
#3601=SURFACE_SIDE_STYLE('',(#3600));
#3602=SURFACE_STYLE_USAGE(.BOTH.,#3601);
#3603=PRESENTATION_STYLE_ASSIGNMENT((#3602));
#3604=STYLED_ITEM('',(#3603),#3597);
#3605=CARTESIAN_POINT('',(2.05E0,3.94E0,-3.5E-1));
#3606=DIRECTION('',(-1.E0,0.E0,0.E0));
#3607=DIRECTION('',(0.E0,0.E0,-1.E0));
#3608=AXIS2_PLACEMENT_3D('',#3605,#3606,#3607);
#3609=PLANE('',#3608);
#3610=ORIENTED_EDGE('',*,*,#3433,.F.);
#3612=ORIENTED_EDGE('',*,*,#3611,.F.);
#3614=ORIENTED_EDGE('',*,*,#3613,.F.);
#3615=ORIENTED_EDGE('',*,*,#3590,.F.);
#3616=EDGE_LOOP('',(#3610,#3612,#3614,#3615));
#3617=FACE_OUTER_BOUND('',#3616,.F.);
#3618=ADVANCED_FACE('',(#3617),#3609,.T.);
#3619=FILL_AREA_STYLE_COLOUR('',#34);
#3620=FILL_AREA_STYLE('',(#3619));
#3621=SURFACE_STYLE_FILL_AREA(#3620);
#3622=SURFACE_SIDE_STYLE('',(#3621));
#3623=SURFACE_STYLE_USAGE(.BOTH.,#3622);
#3624=PRESENTATION_STYLE_ASSIGNMENT((#3623));
#3625=STYLED_ITEM('',(#3624),#3618);
#3626=CARTESIAN_POINT('',(2.05E0,3.94E0,-1.4E0));
#3627=DIRECTION('',(-7.071067811865E-1,0.E0,-7.071067811865E-1));
#3628=DIRECTION('',(7.071067811865E-1,0.E0,-7.071067811865E-1));
#3629=AXIS2_PLACEMENT_3D('',#3626,#3627,#3628);
#3630=PLANE('',#3629);
#3631=ORIENTED_EDGE('',*,*,#3431,.F.);
#3633=ORIENTED_EDGE('',*,*,#3632,.F.);
#3635=ORIENTED_EDGE('',*,*,#3634,.F.);
#3636=ORIENTED_EDGE('',*,*,#3611,.T.);
#3637=EDGE_LOOP('',(#3631,#3633,#3635,#3636));
#3638=FACE_OUTER_BOUND('',#3637,.F.);
#3639=ADVANCED_FACE('',(#3638),#3630,.T.);
#3640=FILL_AREA_STYLE_COLOUR('',#34);
#3641=FILL_AREA_STYLE('',(#3640));
#3642=SURFACE_STYLE_FILL_AREA(#3641);
#3643=SURFACE_SIDE_STYLE('',(#3642));
#3644=SURFACE_STYLE_USAGE(.BOTH.,#3643);
#3645=PRESENTATION_STYLE_ASSIGNMENT((#3644));
#3646=STYLED_ITEM('',(#3645),#3639);
#3647=CARTESIAN_POINT('',(2.15E0,3.94E0,-1.5E0));
#3648=DIRECTION('',(-1.E0,0.E0,0.E0));
#3649=DIRECTION('',(0.E0,0.E0,-1.E0));
#3650=AXIS2_PLACEMENT_3D('',#3647,#3648,#3649);
#3651=PLANE('',#3650);
#3652=ORIENTED_EDGE('',*,*,#3429,.F.);
#3654=ORIENTED_EDGE('',*,*,#3653,.F.);
#3656=ORIENTED_EDGE('',*,*,#3655,.F.);
#3657=ORIENTED_EDGE('',*,*,#3632,.T.);
#3658=EDGE_LOOP('',(#3652,#3654,#3656,#3657));
#3659=FACE_OUTER_BOUND('',#3658,.F.);
#3660=ADVANCED_FACE('',(#3659),#3651,.T.);
#3661=FILL_AREA_STYLE_COLOUR('',#34);
#3662=FILL_AREA_STYLE('',(#3661));
#3663=SURFACE_STYLE_FILL_AREA(#3662);
#3664=SURFACE_SIDE_STYLE('',(#3663));
#3665=SURFACE_STYLE_USAGE(.BOTH.,#3664);
#3666=PRESENTATION_STYLE_ASSIGNMENT((#3665));
#3667=STYLED_ITEM('',(#3666),#3660);
#3668=CARTESIAN_POINT('',(2.15E0,3.94E0,-4.5E0));
#3669=DIRECTION('',(-7.071067811865E-1,0.E0,7.071067811865E-1));
#3670=DIRECTION('',(-7.071067811865E-1,0.E0,-7.071067811865E-1));
#3671=AXIS2_PLACEMENT_3D('',#3668,#3669,#3670);
#3672=PLANE('',#3671);
#3673=ORIENTED_EDGE('',*,*,#3427,.F.);
#3675=ORIENTED_EDGE('',*,*,#3674,.F.);
#3677=ORIENTED_EDGE('',*,*,#3676,.F.);
#3678=ORIENTED_EDGE('',*,*,#3653,.T.);
#3679=EDGE_LOOP('',(#3673,#3675,#3677,#3678));
#3680=FACE_OUTER_BOUND('',#3679,.F.);
#3681=ADVANCED_FACE('',(#3680),#3672,.T.);
#3682=FILL_AREA_STYLE_COLOUR('',#34);
#3683=FILL_AREA_STYLE('',(#3682));
#3684=SURFACE_STYLE_FILL_AREA(#3683);
#3685=SURFACE_SIDE_STYLE('',(#3684));
#3686=SURFACE_STYLE_USAGE(.BOTH.,#3685);
#3687=PRESENTATION_STYLE_ASSIGNMENT((#3686));
#3688=STYLED_ITEM('',(#3687),#3681);
#3689=CARTESIAN_POINT('',(2.05E0,3.94E0,-4.6E0));
#3690=DIRECTION('',(-1.E0,0.E0,0.E0));
#3691=DIRECTION('',(0.E0,0.E0,-1.E0));
#3692=AXIS2_PLACEMENT_3D('',#3689,#3690,#3691);
#3693=PLANE('',#3692);
#3694=ORIENTED_EDGE('',*,*,#3425,.F.);
#3696=ORIENTED_EDGE('',*,*,#3695,.F.);
#3698=ORIENTED_EDGE('',*,*,#3697,.F.);
#3699=ORIENTED_EDGE('',*,*,#3674,.T.);
#3700=EDGE_LOOP('',(#3694,#3696,#3698,#3699));
#3701=FACE_OUTER_BOUND('',#3700,.F.);
#3702=ADVANCED_FACE('',(#3701),#3693,.T.);
#3703=FILL_AREA_STYLE_COLOUR('',#34);
#3704=FILL_AREA_STYLE('',(#3703));
#3705=SURFACE_STYLE_FILL_AREA(#3704);
#3706=SURFACE_SIDE_STYLE('',(#3705));
#3707=SURFACE_STYLE_USAGE(.BOTH.,#3706);
#3708=PRESENTATION_STYLE_ASSIGNMENT((#3707));
#3709=STYLED_ITEM('',(#3708),#3702);
#3710=CARTESIAN_POINT('',(2.35E0,3.94E0,-5.65E0));
#3711=DIRECTION('',(0.E0,-1.E0,0.E0));
#3712=DIRECTION('',(-1.E0,0.E0,0.E0));
#3713=AXIS2_PLACEMENT_3D('',#3710,#3711,#3712);
#3714=CYLINDRICAL_SURFACE('',#3713,3.E-1);
#3715=ORIENTED_EDGE('',*,*,#3423,.F.);
#3717=ORIENTED_EDGE('',*,*,#3716,.T.);
#3719=ORIENTED_EDGE('',*,*,#3718,.F.);
#3720=ORIENTED_EDGE('',*,*,#3695,.T.);
#3721=EDGE_LOOP('',(#3715,#3717,#3719,#3720));
#3722=FACE_OUTER_BOUND('',#3721,.F.);
#3723=ADVANCED_FACE('',(#3722),#3714,.T.);
#3724=FILL_AREA_STYLE_COLOUR('',#34);
#3725=FILL_AREA_STYLE('',(#3724));
#3726=SURFACE_STYLE_FILL_AREA(#3725);
#3727=SURFACE_SIDE_STYLE('',(#3726));
#3728=SURFACE_STYLE_USAGE(.BOTH.,#3727);
#3729=PRESENTATION_STYLE_ASSIGNMENT((#3728));
#3730=STYLED_ITEM('',(#3729),#3723);
#3731=CARTESIAN_POINT('',(2.35E0,3.94E0,-5.95E0));
#3732=DIRECTION('',(0.E0,0.E0,-1.E0));
#3733=DIRECTION('',(1.E0,0.E0,0.E0));
#3734=AXIS2_PLACEMENT_3D('',#3731,#3732,#3733);
#3735=PLANE('',#3734);
#3736=ORIENTED_EDGE('',*,*,#3421,.F.);
#3738=ORIENTED_EDGE('',*,*,#3737,.F.);
#3740=ORIENTED_EDGE('',*,*,#3739,.F.);
#3741=ORIENTED_EDGE('',*,*,#3716,.F.);
#3742=EDGE_LOOP('',(#3736,#3738,#3740,#3741));
#3743=FACE_OUTER_BOUND('',#3742,.F.);
#3744=ADVANCED_FACE('',(#3743),#3735,.T.);
#3745=FILL_AREA_STYLE_COLOUR('',#34);
#3746=FILL_AREA_STYLE('',(#3745));
#3747=SURFACE_STYLE_FILL_AREA(#3746);
#3748=SURFACE_SIDE_STYLE('',(#3747));
#3749=SURFACE_STYLE_USAGE(.BOTH.,#3748);
#3750=PRESENTATION_STYLE_ASSIGNMENT((#3749));
#3751=STYLED_ITEM('',(#3750),#3744);
#3752=CARTESIAN_POINT('',(3.4E0,3.94E0,-5.95E0));
#3753=DIRECTION('',(7.071067811865E-1,0.E0,-7.071067811865E-1));
#3754=DIRECTION('',(7.071067811865E-1,0.E0,7.071067811865E-1));
#3755=AXIS2_PLACEMENT_3D('',#3752,#3753,#3754);
#3756=PLANE('',#3755);
#3757=ORIENTED_EDGE('',*,*,#3419,.F.);
#3759=ORIENTED_EDGE('',*,*,#3758,.F.);
#3761=ORIENTED_EDGE('',*,*,#3760,.F.);
#3762=ORIENTED_EDGE('',*,*,#3737,.T.);
#3763=EDGE_LOOP('',(#3757,#3759,#3761,#3762));
#3764=FACE_OUTER_BOUND('',#3763,.F.);
#3765=ADVANCED_FACE('',(#3764),#3756,.T.);
#3766=FILL_AREA_STYLE_COLOUR('',#34);
#3767=FILL_AREA_STYLE('',(#3766));
#3768=SURFACE_STYLE_FILL_AREA(#3767);
#3769=SURFACE_SIDE_STYLE('',(#3768));
#3770=SURFACE_STYLE_USAGE(.BOTH.,#3769);
#3771=PRESENTATION_STYLE_ASSIGNMENT((#3770));
#3772=STYLED_ITEM('',(#3771),#3765);
#3773=CARTESIAN_POINT('',(3.5E0,3.94E0,-5.85E0));
#3774=DIRECTION('',(0.E0,0.E0,-1.E0));
#3775=DIRECTION('',(1.E0,0.E0,0.E0));
#3776=AXIS2_PLACEMENT_3D('',#3773,#3774,#3775);
#3777=PLANE('',#3776);
#3778=ORIENTED_EDGE('',*,*,#3417,.F.);
#3780=ORIENTED_EDGE('',*,*,#3779,.F.);
#3782=ORIENTED_EDGE('',*,*,#3781,.F.);
#3783=ORIENTED_EDGE('',*,*,#3758,.T.);
#3784=EDGE_LOOP('',(#3778,#3780,#3782,#3783));
#3785=FACE_OUTER_BOUND('',#3784,.F.);
#3786=ADVANCED_FACE('',(#3785),#3777,.T.);
#3787=FILL_AREA_STYLE_COLOUR('',#34);
#3788=FILL_AREA_STYLE('',(#3787));
#3789=SURFACE_STYLE_FILL_AREA(#3788);
#3790=SURFACE_SIDE_STYLE('',(#3789));
#3791=SURFACE_STYLE_USAGE(.BOTH.,#3790);
#3792=PRESENTATION_STYLE_ASSIGNMENT((#3791));
#3793=STYLED_ITEM('',(#3792),#3786);
#3794=CARTESIAN_POINT('',(6.5E0,3.94E0,-5.85E0));
#3795=DIRECTION('',(-7.071067811865E-1,0.E0,-7.071067811865E-1));
#3796=DIRECTION('',(7.071067811865E-1,0.E0,-7.071067811865E-1));
#3797=AXIS2_PLACEMENT_3D('',#3794,#3795,#3796);
#3798=PLANE('',#3797);
#3799=ORIENTED_EDGE('',*,*,#3415,.F.);
#3801=ORIENTED_EDGE('',*,*,#3800,.F.);
#3803=ORIENTED_EDGE('',*,*,#3802,.F.);
#3804=ORIENTED_EDGE('',*,*,#3779,.T.);
#3805=EDGE_LOOP('',(#3799,#3801,#3803,#3804));
#3806=FACE_OUTER_BOUND('',#3805,.F.);
#3807=ADVANCED_FACE('',(#3806),#3798,.T.);
#3808=FILL_AREA_STYLE_COLOUR('',#34);
#3809=FILL_AREA_STYLE('',(#3808));
#3810=SURFACE_STYLE_FILL_AREA(#3809);
#3811=SURFACE_SIDE_STYLE('',(#3810));
#3812=SURFACE_STYLE_USAGE(.BOTH.,#3811);
#3813=PRESENTATION_STYLE_ASSIGNMENT((#3812));
#3814=STYLED_ITEM('',(#3813),#3807);
#3815=CARTESIAN_POINT('',(6.6E0,3.94E0,-5.95E0));
#3816=DIRECTION('',(0.E0,0.E0,-1.E0));
#3817=DIRECTION('',(1.E0,0.E0,0.E0));
#3818=AXIS2_PLACEMENT_3D('',#3815,#3816,#3817);
#3819=PLANE('',#3818);
#3820=ORIENTED_EDGE('',*,*,#3413,.F.);
#3822=ORIENTED_EDGE('',*,*,#3821,.F.);
#3824=ORIENTED_EDGE('',*,*,#3823,.F.);
#3825=ORIENTED_EDGE('',*,*,#3800,.T.);
#3826=EDGE_LOOP('',(#3820,#3822,#3824,#3825));
#3827=FACE_OUTER_BOUND('',#3826,.F.);
#3828=ADVANCED_FACE('',(#3827),#3819,.T.);
#3829=FILL_AREA_STYLE_COLOUR('',#34);
#3830=FILL_AREA_STYLE('',(#3829));
#3831=SURFACE_STYLE_FILL_AREA(#3830);
#3832=SURFACE_SIDE_STYLE('',(#3831));
#3833=SURFACE_STYLE_USAGE(.BOTH.,#3832);
#3834=PRESENTATION_STYLE_ASSIGNMENT((#3833));
#3835=STYLED_ITEM('',(#3834),#3828);
#3836=CARTESIAN_POINT('',(7.65E0,3.94E0,-5.65E0));
#3837=DIRECTION('',(0.E0,-1.E0,0.E0));
#3838=DIRECTION('',(-1.E0,0.E0,0.E0));
#3839=AXIS2_PLACEMENT_3D('',#3836,#3837,#3838);
#3840=CYLINDRICAL_SURFACE('',#3839,3.E-1);
#3841=ORIENTED_EDGE('',*,*,#3411,.F.);
#3843=ORIENTED_EDGE('',*,*,#3842,.T.);
#3845=ORIENTED_EDGE('',*,*,#3844,.F.);
#3846=ORIENTED_EDGE('',*,*,#3821,.T.);
#3847=EDGE_LOOP('',(#3841,#3843,#3845,#3846));
#3848=FACE_OUTER_BOUND('',#3847,.F.);
#3849=ADVANCED_FACE('',(#3848),#3840,.T.);
#3850=FILL_AREA_STYLE_COLOUR('',#34);
#3851=FILL_AREA_STYLE('',(#3850));
#3852=SURFACE_STYLE_FILL_AREA(#3851);
#3853=SURFACE_SIDE_STYLE('',(#3852));
#3854=SURFACE_STYLE_USAGE(.BOTH.,#3853);
#3855=PRESENTATION_STYLE_ASSIGNMENT((#3854));
#3856=STYLED_ITEM('',(#3855),#3849);
#3857=CARTESIAN_POINT('',(7.95E0,3.94E0,-5.65E0));
#3858=DIRECTION('',(1.E0,0.E0,0.E0));
#3859=DIRECTION('',(0.E0,0.E0,1.E0));
#3860=AXIS2_PLACEMENT_3D('',#3857,#3858,#3859);
#3861=PLANE('',#3860);
#3862=ORIENTED_EDGE('',*,*,#3409,.F.);
#3864=ORIENTED_EDGE('',*,*,#3863,.F.);
#3866=ORIENTED_EDGE('',*,*,#3865,.F.);
#3867=ORIENTED_EDGE('',*,*,#3842,.F.);
#3868=EDGE_LOOP('',(#3862,#3864,#3866,#3867));
#3869=FACE_OUTER_BOUND('',#3868,.F.);
#3870=ADVANCED_FACE('',(#3869),#3861,.T.);
#3871=FILL_AREA_STYLE_COLOUR('',#34);
#3872=FILL_AREA_STYLE('',(#3871));
#3873=SURFACE_STYLE_FILL_AREA(#3872);
#3874=SURFACE_SIDE_STYLE('',(#3873));
#3875=SURFACE_STYLE_USAGE(.BOTH.,#3874);
#3876=PRESENTATION_STYLE_ASSIGNMENT((#3875));
#3877=STYLED_ITEM('',(#3876),#3870);
#3878=CARTESIAN_POINT('',(7.95E0,3.94E0,-4.6E0));
#3879=DIRECTION('',(7.071067811865E-1,0.E0,7.071067811865E-1));
#3880=DIRECTION('',(-7.071067811865E-1,0.E0,7.071067811865E-1));
#3881=AXIS2_PLACEMENT_3D('',#3878,#3879,#3880);
#3882=PLANE('',#3881);
#3883=ORIENTED_EDGE('',*,*,#3407,.F.);
#3885=ORIENTED_EDGE('',*,*,#3884,.F.);
#3887=ORIENTED_EDGE('',*,*,#3886,.F.);
#3888=ORIENTED_EDGE('',*,*,#3863,.T.);
#3889=EDGE_LOOP('',(#3883,#3885,#3887,#3888));
#3890=FACE_OUTER_BOUND('',#3889,.F.);
#3891=ADVANCED_FACE('',(#3890),#3882,.T.);
#3892=FILL_AREA_STYLE_COLOUR('',#34);
#3893=FILL_AREA_STYLE('',(#3892));
#3894=SURFACE_STYLE_FILL_AREA(#3893);
#3895=SURFACE_SIDE_STYLE('',(#3894));
#3896=SURFACE_STYLE_USAGE(.BOTH.,#3895);
#3897=PRESENTATION_STYLE_ASSIGNMENT((#3896));
#3898=STYLED_ITEM('',(#3897),#3891);
#3899=CARTESIAN_POINT('',(7.85E0,3.94E0,-4.5E0));
#3900=DIRECTION('',(1.E0,0.E0,0.E0));
#3901=DIRECTION('',(0.E0,0.E0,1.E0));
#3902=AXIS2_PLACEMENT_3D('',#3899,#3900,#3901);
#3903=PLANE('',#3902);
#3904=ORIENTED_EDGE('',*,*,#3405,.F.);
#3906=ORIENTED_EDGE('',*,*,#3905,.F.);
#3908=ORIENTED_EDGE('',*,*,#3907,.F.);
#3909=ORIENTED_EDGE('',*,*,#3884,.T.);
#3910=EDGE_LOOP('',(#3904,#3906,#3908,#3909));
#3911=FACE_OUTER_BOUND('',#3910,.F.);
#3912=ADVANCED_FACE('',(#3911),#3903,.T.);
#3913=FILL_AREA_STYLE_COLOUR('',#34);
#3914=FILL_AREA_STYLE('',(#3913));
#3915=SURFACE_STYLE_FILL_AREA(#3914);
#3916=SURFACE_SIDE_STYLE('',(#3915));
#3917=SURFACE_STYLE_USAGE(.BOTH.,#3916);
#3918=PRESENTATION_STYLE_ASSIGNMENT((#3917));
#3919=STYLED_ITEM('',(#3918),#3912);
#3920=CARTESIAN_POINT('',(7.85E0,3.94E0,-1.5E0));
#3921=DIRECTION('',(7.071067811865E-1,0.E0,-7.071067811865E-1));
#3922=DIRECTION('',(7.071067811865E-1,0.E0,7.071067811865E-1));
#3923=AXIS2_PLACEMENT_3D('',#3920,#3921,#3922);
#3924=PLANE('',#3923);
#3925=ORIENTED_EDGE('',*,*,#3403,.F.);
#3927=ORIENTED_EDGE('',*,*,#3926,.F.);
#3929=ORIENTED_EDGE('',*,*,#3928,.F.);
#3930=ORIENTED_EDGE('',*,*,#3905,.T.);
#3931=EDGE_LOOP('',(#3925,#3927,#3929,#3930));
#3932=FACE_OUTER_BOUND('',#3931,.F.);
#3933=ADVANCED_FACE('',(#3932),#3924,.T.);
#3934=FILL_AREA_STYLE_COLOUR('',#34);
#3935=FILL_AREA_STYLE('',(#3934));
#3936=SURFACE_STYLE_FILL_AREA(#3935);
#3937=SURFACE_SIDE_STYLE('',(#3936));
#3938=SURFACE_STYLE_USAGE(.BOTH.,#3937);
#3939=PRESENTATION_STYLE_ASSIGNMENT((#3938));
#3940=STYLED_ITEM('',(#3939),#3933);
#3941=CARTESIAN_POINT('',(7.95E0,3.94E0,-1.4E0));
#3942=DIRECTION('',(1.E0,0.E0,0.E0));
#3943=DIRECTION('',(0.E0,0.E0,1.E0));
#3944=AXIS2_PLACEMENT_3D('',#3941,#3942,#3943);
#3945=PLANE('',#3944);
#3946=ORIENTED_EDGE('',*,*,#3401,.F.);
#3947=ORIENTED_EDGE('',*,*,#3467,.F.);
#3949=ORIENTED_EDGE('',*,*,#3948,.F.);
#3950=ORIENTED_EDGE('',*,*,#3926,.T.);
#3951=EDGE_LOOP('',(#3946,#3947,#3949,#3950));
#3952=FACE_OUTER_BOUND('',#3951,.F.);
#3953=ADVANCED_FACE('',(#3952),#3945,.T.);
#3954=FILL_AREA_STYLE_COLOUR('',#34);
#3955=FILL_AREA_STYLE('',(#3954));
#3956=SURFACE_STYLE_FILL_AREA(#3955);
#3957=SURFACE_SIDE_STYLE('',(#3956));
#3958=SURFACE_STYLE_USAGE(.BOTH.,#3957);
#3959=PRESENTATION_STYLE_ASSIGNMENT((#3958));
#3960=STYLED_ITEM('',(#3959),#3953);
#3961=CARTESIAN_POINT('',(5.E0,3.94E0,-3.E0));
#3962=DIRECTION('',(0.E0,-1.E0,0.E0));
#3963=DIRECTION('',(-1.E0,0.E0,0.E0));
#3964=AXIS2_PLACEMENT_3D('',#3961,#3962,#3963);
#3965=PLANE('',#3964);
#3966=ORIENTED_EDGE('',*,*,#3465,.T.);
#3967=ORIENTED_EDGE('',*,*,#3487,.T.);
#3968=ORIENTED_EDGE('',*,*,#3508,.T.);
#3969=ORIENTED_EDGE('',*,*,#3529,.T.);
#3970=ORIENTED_EDGE('',*,*,#3550,.T.);
#3971=ORIENTED_EDGE('',*,*,#3571,.T.);
#3972=ORIENTED_EDGE('',*,*,#3592,.T.);
#3973=ORIENTED_EDGE('',*,*,#3613,.T.);
#3974=ORIENTED_EDGE('',*,*,#3634,.T.);
#3975=ORIENTED_EDGE('',*,*,#3655,.T.);
#3976=ORIENTED_EDGE('',*,*,#3676,.T.);
#3977=ORIENTED_EDGE('',*,*,#3697,.T.);
#3978=ORIENTED_EDGE('',*,*,#3718,.T.);
#3979=ORIENTED_EDGE('',*,*,#3739,.T.);
#3980=ORIENTED_EDGE('',*,*,#3760,.T.);
#3981=ORIENTED_EDGE('',*,*,#3781,.T.);
#3982=ORIENTED_EDGE('',*,*,#3802,.T.);
#3983=ORIENTED_EDGE('',*,*,#3823,.T.);
#3984=ORIENTED_EDGE('',*,*,#3844,.T.);
#3985=ORIENTED_EDGE('',*,*,#3865,.T.);
#3986=ORIENTED_EDGE('',*,*,#3886,.T.);
#3987=ORIENTED_EDGE('',*,*,#3907,.T.);
#3988=ORIENTED_EDGE('',*,*,#3928,.T.);
#3989=ORIENTED_EDGE('',*,*,#3948,.T.);
#3990=EDGE_LOOP('',(#3966,#3967,#3968,#3969,#3970,#3971,#3972,#3973,#3974,#3975,
#3976,#3977,#3978,#3979,#3980,#3981,#3982,#3983,#3984,#3985,#3986,#3987,#3988,
#3989));
#3991=FACE_OUTER_BOUND('',#3990,.F.);
#3993=ORIENTED_EDGE('',*,*,#3992,.T.);
#3995=ORIENTED_EDGE('',*,*,#3994,.T.);
#3996=EDGE_LOOP('',(#3993,#3995));
#3997=FACE_BOUND('',#3996,.F.);
#3999=ORIENTED_EDGE('',*,*,#3998,.T.);
#4001=ORIENTED_EDGE('',*,*,#4000,.T.);
#4002=EDGE_LOOP('',(#3999,#4001));
#4003=FACE_BOUND('',#4002,.F.);
#4005=ORIENTED_EDGE('',*,*,#4004,.T.);
#4007=ORIENTED_EDGE('',*,*,#4006,.T.);
#4008=EDGE_LOOP('',(#4005,#4007));
#4009=FACE_BOUND('',#4008,.F.);
#4011=ORIENTED_EDGE('',*,*,#4010,.T.);
#4013=ORIENTED_EDGE('',*,*,#4012,.T.);
#4014=EDGE_LOOP('',(#4011,#4013));
#4015=FACE_BOUND('',#4014,.F.);
#4017=ORIENTED_EDGE('',*,*,#4016,.T.);
#4019=ORIENTED_EDGE('',*,*,#4018,.T.);
#4020=EDGE_LOOP('',(#4017,#4019));
#4021=FACE_BOUND('',#4020,.F.);
#4022=ADVANCED_FACE('',(#3991,#3997,#4003,#4009,#4015,#4021),#3965,.F.);
#4023=FILL_AREA_STYLE_COLOUR('',#34);
#4024=FILL_AREA_STYLE('',(#4023));
#4025=SURFACE_STYLE_FILL_AREA(#4024);
#4026=SURFACE_SIDE_STYLE('',(#4025));
#4027=SURFACE_STYLE_USAGE(.BOTH.,#4026);
#4028=PRESENTATION_STYLE_ASSIGNMENT((#4027));
#4029=STYLED_ITEM('',(#4028),#4022);
#4030=CARTESIAN_POINT('',(5.E0,3.94E0,-3.E0));
#4031=DIRECTION('',(0.E0,-1.E0,0.E0));
#4032=DIRECTION('',(-1.E0,0.E0,0.E0));
#4033=AXIS2_PLACEMENT_3D('',#4030,#4031,#4032);
#4034=CYLINDRICAL_SURFACE('',#4033,1.9E0);
#4036=ORIENTED_EDGE('',*,*,#4035,.F.);
#4038=ORIENTED_EDGE('',*,*,#4037,.F.);
#4039=ORIENTED_EDGE('',*,*,#3992,.F.);
#4041=ORIENTED_EDGE('',*,*,#4040,.T.);
#4042=EDGE_LOOP('',(#4036,#4038,#4039,#4041));
#4043=FACE_OUTER_BOUND('',#4042,.F.);
#4044=ADVANCED_FACE('',(#4043),#4034,.F.);
#4045=FILL_AREA_STYLE_COLOUR('',#34);
#4046=FILL_AREA_STYLE('',(#4045));
#4047=SURFACE_STYLE_FILL_AREA(#4046);
#4048=SURFACE_SIDE_STYLE('',(#4047));
#4049=SURFACE_STYLE_USAGE(.BOTH.,#4048);
#4050=PRESENTATION_STYLE_ASSIGNMENT((#4049));
#4051=STYLED_ITEM('',(#4050),#4044);
#4052=CARTESIAN_POINT('',(5.E0,3.64E0,-3.E0));
#4053=DIRECTION('',(0.E0,1.E0,0.E0));
#4054=DIRECTION('',(1.E0,0.E0,0.E0));
#4055=AXIS2_PLACEMENT_3D('',#4052,#4053,#4054);
#4056=PLANE('',#4055);
#4057=ORIENTED_EDGE('',*,*,#4035,.T.);
#4059=ORIENTED_EDGE('',*,*,#4058,.T.);
#4060=EDGE_LOOP('',(#4057,#4059));
#4061=FACE_OUTER_BOUND('',#4060,.F.);
#4063=ORIENTED_EDGE('',*,*,#4062,.T.);
#4065=ORIENTED_EDGE('',*,*,#4064,.T.);
#4066=EDGE_LOOP('',(#4063,#4065));
#4067=FACE_BOUND('',#4066,.F.);
#4068=ADVANCED_FACE('',(#4061,#4067),#4056,.T.);
#4069=FILL_AREA_STYLE_COLOUR('',#34);
#4070=FILL_AREA_STYLE('',(#4069));
#4071=SURFACE_STYLE_FILL_AREA(#4070);
#4072=SURFACE_SIDE_STYLE('',(#4071));
#4073=SURFACE_STYLE_USAGE(.BOTH.,#4072);
#4074=PRESENTATION_STYLE_ASSIGNMENT((#4073));
#4075=STYLED_ITEM('',(#4074),#4068);
#4076=CARTESIAN_POINT('',(5.E0,3.94E0,-3.E0));
#4077=DIRECTION('',(0.E0,-1.E0,0.E0));
#4078=DIRECTION('',(-1.E0,0.E0,0.E0));
#4079=AXIS2_PLACEMENT_3D('',#4076,#4077,#4078);
#4080=CYLINDRICAL_SURFACE('',#4079,1.9E0);
#4081=ORIENTED_EDGE('',*,*,#4058,.F.);
#4082=ORIENTED_EDGE('',*,*,#4040,.F.);
#4083=ORIENTED_EDGE('',*,*,#3994,.F.);
#4084=ORIENTED_EDGE('',*,*,#4037,.T.);
#4085=EDGE_LOOP('',(#4081,#4082,#4083,#4084));
#4086=FACE_OUTER_BOUND('',#4085,.F.);
#4087=ADVANCED_FACE('',(#4086),#4080,.F.);
#4088=FILL_AREA_STYLE_COLOUR('',#34);
#4089=FILL_AREA_STYLE('',(#4088));
#4090=SURFACE_STYLE_FILL_AREA(#4089);
#4091=SURFACE_SIDE_STYLE('',(#4090));
#4092=SURFACE_STYLE_USAGE(.BOTH.,#4091);
#4093=PRESENTATION_STYLE_ASSIGNMENT((#4092));
#4094=STYLED_ITEM('',(#4093),#4087);
#4095=CARTESIAN_POINT('',(5.E0,3.04E0,-3.E0));
#4096=DIRECTION('',(0.E0,-1.E0,0.E0));
#4097=DIRECTION('',(-1.E0,0.E0,0.E0));
#4098=AXIS2_PLACEMENT_3D('',#4095,#4096,#4097);
#4099=CYLINDRICAL_SURFACE('',#4098,1.75E0);
#4101=ORIENTED_EDGE('',*,*,#4100,.T.);
#4103=ORIENTED_EDGE('',*,*,#4102,.F.);
#4104=ORIENTED_EDGE('',*,*,#4062,.F.);
#4106=ORIENTED_EDGE('',*,*,#4105,.F.);
#4107=EDGE_LOOP('',(#4101,#4103,#4104,#4106));
#4108=FACE_OUTER_BOUND('',#4107,.F.);
#4109=ADVANCED_FACE('',(#4108),#4099,.T.);
#4110=FILL_AREA_STYLE_COLOUR('',#34);
#4111=FILL_AREA_STYLE('',(#4110));
#4112=SURFACE_STYLE_FILL_AREA(#4111);
#4113=SURFACE_SIDE_STYLE('',(#4112));
#4114=SURFACE_STYLE_USAGE(.BOTH.,#4113);
#4115=PRESENTATION_STYLE_ASSIGNMENT((#4114));
#4116=STYLED_ITEM('',(#4115),#4109);
#4117=CARTESIAN_POINT('',(5.E0,4.59E0,-3.E0));
#4118=DIRECTION('',(0.E0,-1.E0,0.E0));
#4119=DIRECTION('',(-9.998859532252E-1,0.E0,-1.510233568091E-2));
#4120=AXIS2_PLACEMENT_3D('',#4117,#4118,#4119);
#4121=TOROIDAL_SURFACE('',#4120,1.55E0,2.E-1);
#4123=ORIENTED_EDGE('',*,*,#4122,.T.);
#4125=ORIENTED_EDGE('',*,*,#4124,.T.);
#4126=ORIENTED_EDGE('',*,*,#4100,.F.);
#4128=ORIENTED_EDGE('',*,*,#4127,.F.);
#4129=EDGE_LOOP('',(#4123,#4125,#4126,#4128));
#4130=FACE_OUTER_BOUND('',#4129,.F.);
#4131=ADVANCED_FACE('',(#4130),#4121,.T.);
#4132=CARTESIAN_POINT('',(0.E0,4.79E0,0.E0));
#4133=DIRECTION('',(0.E0,1.E0,0.E0));
#4134=DIRECTION('',(-1.E0,0.E0,0.E0));
#4135=AXIS2_PLACEMENT_3D('',#4132,#4133,#4134);
#4136=PLANE('',#4135);
#4137=ORIENTED_EDGE('',*,*,#4122,.F.);
#4139=ORIENTED_EDGE('',*,*,#4138,.F.);
#4140=EDGE_LOOP('',(#4137,#4139));
#4141=FACE_OUTER_BOUND('',#4140,.F.);
#4142=ADVANCED_FACE('',(#4141),#4136,.T.);
#4143=CARTESIAN_POINT('',(5.E0,4.59E0,-3.E0));
#4144=DIRECTION('',(0.E0,-1.E0,0.E0));
#4145=DIRECTION('',(9.998859532252E-1,0.E0,1.510233568091E-2));
#4146=AXIS2_PLACEMENT_3D('',#4143,#4144,#4145);
#4147=TOROIDAL_SURFACE('',#4146,1.55E0,2.E-1);
#4148=ORIENTED_EDGE('',*,*,#4138,.T.);
#4149=ORIENTED_EDGE('',*,*,#4127,.T.);
#4151=ORIENTED_EDGE('',*,*,#4150,.F.);
#4152=ORIENTED_EDGE('',*,*,#4124,.F.);
#4153=EDGE_LOOP('',(#4148,#4149,#4151,#4152));
#4154=FACE_OUTER_BOUND('',#4153,.F.);
#4155=ADVANCED_FACE('',(#4154),#4147,.T.);
#4156=CARTESIAN_POINT('',(5.E0,3.04E0,-3.E0));
#4157=DIRECTION('',(0.E0,-1.E0,0.E0));
#4158=DIRECTION('',(-1.E0,0.E0,0.E0));
#4159=AXIS2_PLACEMENT_3D('',#4156,#4157,#4158);
#4160=CYLINDRICAL_SURFACE('',#4159,1.75E0);
#4161=ORIENTED_EDGE('',*,*,#4150,.T.);
#4162=ORIENTED_EDGE('',*,*,#4105,.T.);
#4163=ORIENTED_EDGE('',*,*,#4064,.F.);
#4164=ORIENTED_EDGE('',*,*,#4102,.T.);
#4165=EDGE_LOOP('',(#4161,#4162,#4163,#4164));
#4166=FACE_OUTER_BOUND('',#4165,.F.);
#4167=ADVANCED_FACE('',(#4166),#4160,.T.);
#4168=FILL_AREA_STYLE_COLOUR('',#34);
#4169=FILL_AREA_STYLE('',(#4168));
#4170=SURFACE_STYLE_FILL_AREA(#4169);
#4171=SURFACE_SIDE_STYLE('',(#4170));
#4172=SURFACE_STYLE_USAGE(.BOTH.,#4171);
#4173=PRESENTATION_STYLE_ASSIGNMENT((#4172));
#4174=STYLED_ITEM('',(#4173),#4167);
#4175=CARTESIAN_POINT('',(7.15E0,3.94E0,-5.15E0));
#4176=DIRECTION('',(0.E0,1.E0,0.E0));
#4177=DIRECTION('',(0.E0,0.E0,1.E0));
#4178=AXIS2_PLACEMENT_3D('',#4175,#4176,#4177);
#4179=CYLINDRICAL_SURFACE('',#4178,7.5E-1);
#4180=ORIENTED_EDGE('',*,*,#3998,.F.);
#4182=ORIENTED_EDGE('',*,*,#4181,.T.);
#4184=ORIENTED_EDGE('',*,*,#4183,.F.);
#4186=ORIENTED_EDGE('',*,*,#4185,.F.);
#4187=EDGE_LOOP('',(#4180,#4182,#4184,#4186));
#4188=FACE_OUTER_BOUND('',#4187,.F.);
#4189=ADVANCED_FACE('',(#4188),#4179,.T.);
#4190=FILL_AREA_STYLE_COLOUR('',#34);
#4191=FILL_AREA_STYLE('',(#4190));
#4192=SURFACE_STYLE_FILL_AREA(#4191);
#4193=SURFACE_SIDE_STYLE('',(#4192));
#4194=SURFACE_STYLE_USAGE(.BOTH.,#4193);
#4195=PRESENTATION_STYLE_ASSIGNMENT((#4194));
#4196=STYLED_ITEM('',(#4195),#4189);
#4197=CARTESIAN_POINT('',(7.15E0,3.94E0,-5.15E0));
#4198=DIRECTION('',(0.E0,1.E0,0.E0));
#4199=DIRECTION('',(0.E0,0.E0,1.E0));
#4200=AXIS2_PLACEMENT_3D('',#4197,#4198,#4199);
#4201=CYLINDRICAL_SURFACE('',#4200,7.5E-1);
#4202=ORIENTED_EDGE('',*,*,#4000,.F.);
#4203=ORIENTED_EDGE('',*,*,#4185,.T.);
#4205=ORIENTED_EDGE('',*,*,#4204,.F.);
#4206=ORIENTED_EDGE('',*,*,#4181,.F.);
#4207=EDGE_LOOP('',(#4202,#4203,#4205,#4206));
#4208=FACE_OUTER_BOUND('',#4207,.F.);
#4209=ADVANCED_FACE('',(#4208),#4201,.T.);
#4210=FILL_AREA_STYLE_COLOUR('',#34);
#4211=FILL_AREA_STYLE('',(#4210));
#4212=SURFACE_STYLE_FILL_AREA(#4211);
#4213=SURFACE_SIDE_STYLE('',(#4212));
#4214=SURFACE_STYLE_USAGE(.BOTH.,#4213);
#4215=PRESENTATION_STYLE_ASSIGNMENT((#4214));
#4216=STYLED_ITEM('',(#4215),#4209);
#4217=CARTESIAN_POINT('',(7.15E0,4.04E0,-5.15E0));
#4218=DIRECTION('',(0.E0,1.E0,0.E0));
#4219=DIRECTION('',(1.913461632131E-2,0.E0,-9.998169164693E-1));
#4220=AXIS2_PLACEMENT_3D('',#4217,#4218,#4219);
#4221=TOROIDAL_SURFACE('',#4220,4.5E-1,3.E-1);
#4223=ORIENTED_EDGE('',*,*,#4222,.F.);
#4225=ORIENTED_EDGE('',*,*,#4224,.F.);
#4227=ORIENTED_EDGE('',*,*,#4226,.T.);
#4228=ORIENTED_EDGE('',*,*,#4204,.T.);
#4230=ORIENTED_EDGE('',*,*,#4229,.F.);
#4231=EDGE_LOOP('',(#4223,#4225,#4227,#4228,#4230));
#4232=FACE_OUTER_BOUND('',#4231,.F.);
#4233=ADVANCED_FACE('',(#4232),#4221,.T.);
#4234=FILL_AREA_STYLE_COLOUR('',#34);
#4235=FILL_AREA_STYLE('',(#4234));
#4236=SURFACE_STYLE_FILL_AREA(#4235);
#4237=SURFACE_SIDE_STYLE('',(#4236));
#4238=SURFACE_STYLE_USAGE(.BOTH.,#4237);
#4239=PRESENTATION_STYLE_ASSIGNMENT((#4238));
#4240=STYLED_ITEM('',(#4239),#4233);
#4241=CARTESIAN_POINT('',(5.E0,4.34E0,-3.E0));
#4242=DIRECTION('',(0.E0,1.E0,0.E0));
#4243=DIRECTION('',(0.E0,0.E0,1.E0));
#4244=AXIS2_PLACEMENT_3D('',#4241,#4242,#4243);
#4245=PLANE('',#4244);
#4247=ORIENTED_EDGE('',*,*,#4246,.T.);
#4249=ORIENTED_EDGE('',*,*,#4248,.T.);
#4250=ORIENTED_EDGE('',*,*,#4224,.T.);
#4251=ORIENTED_EDGE('',*,*,#4222,.T.);
#4252=EDGE_LOOP('',(#4247,#4249,#4250,#4251));
#4253=FACE_OUTER_BOUND('',#4252,.F.);
#4254=ADVANCED_FACE('',(#4253),#4245,.T.);
#4255=FILL_AREA_STYLE_COLOUR('',#34);
#4256=FILL_AREA_STYLE('',(#4255));
#4257=SURFACE_STYLE_FILL_AREA(#4256);
#4258=SURFACE_SIDE_STYLE('',(#4257));
#4259=SURFACE_STYLE_USAGE(.BOTH.,#4258);
#4260=PRESENTATION_STYLE_ASSIGNMENT((#4259));
#4261=STYLED_ITEM('',(#4260),#4254);
#4262=CARTESIAN_POINT('',(7.15E0,4.04E0,-5.15E0));
#4263=DIRECTION('',(0.E0,1.E0,0.E0));
#4264=DIRECTION('',(-1.913461632131E-2,0.E0,9.998169164693E-1));
#4265=AXIS2_PLACEMENT_3D('',#4262,#4263,#4264);
#4266=TOROIDAL_SURFACE('',#4265,4.5E-1,3.E-1);
#4267=ORIENTED_EDGE('',*,*,#4248,.F.);
#4268=ORIENTED_EDGE('',*,*,#4246,.F.);
#4269=ORIENTED_EDGE('',*,*,#4229,.T.);
#4270=ORIENTED_EDGE('',*,*,#4183,.T.);
#4271=ORIENTED_EDGE('',*,*,#4226,.F.);
#4272=EDGE_LOOP('',(#4267,#4268,#4269,#4270,#4271));
#4273=FACE_OUTER_BOUND('',#4272,.F.);
#4274=ADVANCED_FACE('',(#4273),#4266,.T.);
#4275=FILL_AREA_STYLE_COLOUR('',#34);
#4276=FILL_AREA_STYLE('',(#4275));
#4277=SURFACE_STYLE_FILL_AREA(#4276);
#4278=SURFACE_SIDE_STYLE('',(#4277));
#4279=SURFACE_STYLE_USAGE(.BOTH.,#4278);
#4280=PRESENTATION_STYLE_ASSIGNMENT((#4279));
#4281=STYLED_ITEM('',(#4280),#4274);
#4282=CARTESIAN_POINT('',(7.15E0,3.94E0,-8.5E-1));
#4283=DIRECTION('',(0.E0,1.E0,0.E0));
#4284=DIRECTION('',(-1.E0,0.E0,0.E0));
#4285=AXIS2_PLACEMENT_3D('',#4282,#4283,#4284);
#4286=CYLINDRICAL_SURFACE('',#4285,7.5E-1);
#4287=ORIENTED_EDGE('',*,*,#4004,.F.);
#4289=ORIENTED_EDGE('',*,*,#4288,.T.);
#4291=ORIENTED_EDGE('',*,*,#4290,.F.);
#4293=ORIENTED_EDGE('',*,*,#4292,.F.);
#4295=ORIENTED_EDGE('',*,*,#4294,.F.);
#4296=EDGE_LOOP('',(#4287,#4289,#4291,#4293,#4295));
#4297=FACE_OUTER_BOUND('',#4296,.F.);
#4298=ADVANCED_FACE('',(#4297),#4286,.T.);
#4299=FILL_AREA_STYLE_COLOUR('',#34);
#4300=FILL_AREA_STYLE('',(#4299));
#4301=SURFACE_STYLE_FILL_AREA(#4300);
#4302=SURFACE_SIDE_STYLE('',(#4301));
#4303=SURFACE_STYLE_USAGE(.BOTH.,#4302);
#4304=PRESENTATION_STYLE_ASSIGNMENT((#4303));
#4305=STYLED_ITEM('',(#4304),#4298);
#4306=CARTESIAN_POINT('',(7.15E0,3.94E0,-8.5E-1));
#4307=DIRECTION('',(0.E0,1.E0,0.E0));
#4308=DIRECTION('',(-1.E0,0.E0,0.E0));
#4309=AXIS2_PLACEMENT_3D('',#4306,#4307,#4308);
#4310=CYLINDRICAL_SURFACE('',#4309,7.5E-1);
#4311=ORIENTED_EDGE('',*,*,#4006,.F.);
#4312=ORIENTED_EDGE('',*,*,#4294,.T.);
#4314=ORIENTED_EDGE('',*,*,#4313,.F.);
#4316=ORIENTED_EDGE('',*,*,#4315,.F.);
#4317=ORIENTED_EDGE('',*,*,#4288,.F.);
#4318=EDGE_LOOP('',(#4311,#4312,#4314,#4316,#4317));
#4319=FACE_OUTER_BOUND('',#4318,.F.);
#4320=ADVANCED_FACE('',(#4319),#4310,.T.);
#4321=FILL_AREA_STYLE_COLOUR('',#34);
#4322=FILL_AREA_STYLE('',(#4321));
#4323=SURFACE_STYLE_FILL_AREA(#4322);
#4324=SURFACE_SIDE_STYLE('',(#4323));
#4325=SURFACE_STYLE_USAGE(.BOTH.,#4324);
#4326=PRESENTATION_STYLE_ASSIGNMENT((#4325));
#4327=STYLED_ITEM('',(#4326),#4320);
#4328=CARTESIAN_POINT('',(7.15E0,4.04E0,-8.5E-1));
#4329=DIRECTION('',(0.E0,1.E0,0.E0));
#4330=DIRECTION('',(9.998169164693E-1,0.E0,1.913461632131E-2));
#4331=AXIS2_PLACEMENT_3D('',#4328,#4329,#4330);
#4332=TOROIDAL_SURFACE('',#4331,4.5E-1,3.E-1);
#4334=ORIENTED_EDGE('',*,*,#4333,.F.);
#4336=ORIENTED_EDGE('',*,*,#4335,.F.);
#4338=ORIENTED_EDGE('',*,*,#4337,.T.);
#4339=ORIENTED_EDGE('',*,*,#4315,.T.);
#4340=ORIENTED_EDGE('',*,*,#4313,.T.);
#4342=ORIENTED_EDGE('',*,*,#4341,.F.);
#4343=EDGE_LOOP('',(#4334,#4336,#4338,#4339,#4340,#4342));
#4344=FACE_OUTER_BOUND('',#4343,.F.);
#4345=ADVANCED_FACE('',(#4344),#4332,.T.);
#4346=FILL_AREA_STYLE_COLOUR('',#34);
#4347=FILL_AREA_STYLE('',(#4346));
#4348=SURFACE_STYLE_FILL_AREA(#4347);
#4349=SURFACE_SIDE_STYLE('',(#4348));
#4350=SURFACE_STYLE_USAGE(.BOTH.,#4349);
#4351=PRESENTATION_STYLE_ASSIGNMENT((#4350));
#4352=STYLED_ITEM('',(#4351),#4345);
#4353=CARTESIAN_POINT('',(5.E0,4.34E0,-3.E0));
#4354=DIRECTION('',(0.E0,1.E0,0.E0));
#4355=DIRECTION('',(-1.E0,0.E0,0.E0));
#4356=AXIS2_PLACEMENT_3D('',#4353,#4354,#4355);
#4357=PLANE('',#4356);
#4359=ORIENTED_EDGE('',*,*,#4358,.T.);
#4361=ORIENTED_EDGE('',*,*,#4360,.T.);
#4362=ORIENTED_EDGE('',*,*,#4335,.T.);
#4363=ORIENTED_EDGE('',*,*,#4333,.T.);
#4364=EDGE_LOOP('',(#4359,#4361,#4362,#4363));
#4365=FACE_OUTER_BOUND('',#4364,.F.);
#4366=ADVANCED_FACE('',(#4365),#4357,.T.);
#4367=FILL_AREA_STYLE_COLOUR('',#34);
#4368=FILL_AREA_STYLE('',(#4367));
#4369=SURFACE_STYLE_FILL_AREA(#4368);
#4370=SURFACE_SIDE_STYLE('',(#4369));
#4371=SURFACE_STYLE_USAGE(.BOTH.,#4370);
#4372=PRESENTATION_STYLE_ASSIGNMENT((#4371));
#4373=STYLED_ITEM('',(#4372),#4366);
#4374=CARTESIAN_POINT('',(7.15E0,4.04E0,-8.5E-1));
#4375=DIRECTION('',(0.E0,1.E0,0.E0));
#4376=DIRECTION('',(-9.998169164693E-1,0.E0,-1.913461632131E-2));
#4377=AXIS2_PLACEMENT_3D('',#4374,#4375,#4376);
#4378=TOROIDAL_SURFACE('',#4377,4.5E-1,3.E-1);
#4379=ORIENTED_EDGE('',*,*,#4360,.F.);
#4380=ORIENTED_EDGE('',*,*,#4358,.F.);
#4381=ORIENTED_EDGE('',*,*,#4341,.T.);
#4382=ORIENTED_EDGE('',*,*,#4292,.T.);
#4383=ORIENTED_EDGE('',*,*,#4290,.T.);
#4384=ORIENTED_EDGE('',*,*,#4337,.F.);
#4385=EDGE_LOOP('',(#4379,#4380,#4381,#4382,#4383,#4384));
#4386=FACE_OUTER_BOUND('',#4385,.F.);
#4387=ADVANCED_FACE('',(#4386),#4378,.T.);
#4388=FILL_AREA_STYLE_COLOUR('',#34);
#4389=FILL_AREA_STYLE('',(#4388));
#4390=SURFACE_STYLE_FILL_AREA(#4389);
#4391=SURFACE_SIDE_STYLE('',(#4390));
#4392=SURFACE_STYLE_USAGE(.BOTH.,#4391);
#4393=PRESENTATION_STYLE_ASSIGNMENT((#4392));
#4394=STYLED_ITEM('',(#4393),#4387);
#4395=CARTESIAN_POINT('',(2.85E0,3.94E0,-8.5E-1));
#4396=DIRECTION('',(0.E0,1.E0,0.E0));
#4397=DIRECTION('',(0.E0,0.E0,-1.E0));
#4398=AXIS2_PLACEMENT_3D('',#4395,#4396,#4397);
#4399=CYLINDRICAL_SURFACE('',#4398,7.5E-1);
#4400=ORIENTED_EDGE('',*,*,#4010,.F.);
#4402=ORIENTED_EDGE('',*,*,#4401,.T.);
#4404=ORIENTED_EDGE('',*,*,#4403,.F.);
#4406=ORIENTED_EDGE('',*,*,#4405,.F.);
#4407=EDGE_LOOP('',(#4400,#4402,#4404,#4406));
#4408=FACE_OUTER_BOUND('',#4407,.F.);
#4409=ADVANCED_FACE('',(#4408),#4399,.T.);
#4410=FILL_AREA_STYLE_COLOUR('',#34);
#4411=FILL_AREA_STYLE('',(#4410));
#4412=SURFACE_STYLE_FILL_AREA(#4411);
#4413=SURFACE_SIDE_STYLE('',(#4412));
#4414=SURFACE_STYLE_USAGE(.BOTH.,#4413);
#4415=PRESENTATION_STYLE_ASSIGNMENT((#4414));
#4416=STYLED_ITEM('',(#4415),#4409);
#4417=CARTESIAN_POINT('',(2.85E0,3.94E0,-8.5E-1));
#4418=DIRECTION('',(0.E0,1.E0,0.E0));
#4419=DIRECTION('',(0.E0,0.E0,-1.E0));
#4420=AXIS2_PLACEMENT_3D('',#4417,#4418,#4419);
#4421=CYLINDRICAL_SURFACE('',#4420,7.5E-1);
#4422=ORIENTED_EDGE('',*,*,#4012,.F.);
#4423=ORIENTED_EDGE('',*,*,#4405,.T.);
#4425=ORIENTED_EDGE('',*,*,#4424,.F.);
#4426=ORIENTED_EDGE('',*,*,#4401,.F.);
#4427=EDGE_LOOP('',(#4422,#4423,#4425,#4426));
#4428=FACE_OUTER_BOUND('',#4427,.F.);
#4429=ADVANCED_FACE('',(#4428),#4421,.T.);
#4430=FILL_AREA_STYLE_COLOUR('',#34);
#4431=FILL_AREA_STYLE('',(#4430));
#4432=SURFACE_STYLE_FILL_AREA(#4431);
#4433=SURFACE_SIDE_STYLE('',(#4432));
#4434=SURFACE_STYLE_USAGE(.BOTH.,#4433);
#4435=PRESENTATION_STYLE_ASSIGNMENT((#4434));
#4436=STYLED_ITEM('',(#4435),#4429);
#4437=CARTESIAN_POINT('',(2.85E0,4.04E0,-8.5E-1));
#4438=DIRECTION('',(0.E0,1.E0,0.E0));
#4439=DIRECTION('',(-1.913461632131E-2,0.E0,9.998169164693E-1));
#4440=AXIS2_PLACEMENT_3D('',#4437,#4438,#4439);
#4441=TOROIDAL_SURFACE('',#4440,4.5E-1,3.E-1);
#4443=ORIENTED_EDGE('',*,*,#4442,.F.);
#4445=ORIENTED_EDGE('',*,*,#4444,.F.);
#4447=ORIENTED_EDGE('',*,*,#4446,.T.);
#4448=ORIENTED_EDGE('',*,*,#4424,.T.);
#4450=ORIENTED_EDGE('',*,*,#4449,.F.);
#4451=EDGE_LOOP('',(#4443,#4445,#4447,#4448,#4450));
#4452=FACE_OUTER_BOUND('',#4451,.F.);
#4453=ADVANCED_FACE('',(#4452),#4441,.T.);
#4454=FILL_AREA_STYLE_COLOUR('',#34);
#4455=FILL_AREA_STYLE('',(#4454));
#4456=SURFACE_STYLE_FILL_AREA(#4455);
#4457=SURFACE_SIDE_STYLE('',(#4456));
#4458=SURFACE_STYLE_USAGE(.BOTH.,#4457);
#4459=PRESENTATION_STYLE_ASSIGNMENT((#4458));
#4460=STYLED_ITEM('',(#4459),#4453);
#4461=CARTESIAN_POINT('',(5.E0,4.34E0,-3.E0));
#4462=DIRECTION('',(0.E0,1.E0,0.E0));
#4463=DIRECTION('',(0.E0,0.E0,-1.E0));
#4464=AXIS2_PLACEMENT_3D('',#4461,#4462,#4463);
#4465=PLANE('',#4464);
#4467=ORIENTED_EDGE('',*,*,#4466,.T.);
#4469=ORIENTED_EDGE('',*,*,#4468,.T.);
#4470=ORIENTED_EDGE('',*,*,#4444,.T.);
#4471=ORIENTED_EDGE('',*,*,#4442,.T.);
#4472=EDGE_LOOP('',(#4467,#4469,#4470,#4471));
#4473=FACE_OUTER_BOUND('',#4472,.F.);
#4474=ADVANCED_FACE('',(#4473),#4465,.T.);
#4475=FILL_AREA_STYLE_COLOUR('',#34);
#4476=FILL_AREA_STYLE('',(#4475));
#4477=SURFACE_STYLE_FILL_AREA(#4476);
#4478=SURFACE_SIDE_STYLE('',(#4477));
#4479=SURFACE_STYLE_USAGE(.BOTH.,#4478);
#4480=PRESENTATION_STYLE_ASSIGNMENT((#4479));
#4481=STYLED_ITEM('',(#4480),#4474);
#4482=CARTESIAN_POINT('',(2.85E0,4.04E0,-8.5E-1));
#4483=DIRECTION('',(0.E0,1.E0,0.E0));
#4484=DIRECTION('',(1.913461632131E-2,0.E0,-9.998169164693E-1));
#4485=AXIS2_PLACEMENT_3D('',#4482,#4483,#4484);
#4486=TOROIDAL_SURFACE('',#4485,4.5E-1,3.E-1);
#4487=ORIENTED_EDGE('',*,*,#4468,.F.);
#4488=ORIENTED_EDGE('',*,*,#4466,.F.);
#4489=ORIENTED_EDGE('',*,*,#4449,.T.);
#4490=ORIENTED_EDGE('',*,*,#4403,.T.);
#4491=ORIENTED_EDGE('',*,*,#4446,.F.);
#4492=EDGE_LOOP('',(#4487,#4488,#4489,#4490,#4491));
#4493=FACE_OUTER_BOUND('',#4492,.F.);
#4494=ADVANCED_FACE('',(#4493),#4486,.T.);
#4495=FILL_AREA_STYLE_COLOUR('',#34);
#4496=FILL_AREA_STYLE('',(#4495));
#4497=SURFACE_STYLE_FILL_AREA(#4496);
#4498=SURFACE_SIDE_STYLE('',(#4497));
#4499=SURFACE_STYLE_USAGE(.BOTH.,#4498);
#4500=PRESENTATION_STYLE_ASSIGNMENT((#4499));
#4501=STYLED_ITEM('',(#4500),#4494);
#4502=CARTESIAN_POINT('',(2.85E0,3.94E0,-5.15E0));
#4503=DIRECTION('',(0.E0,1.E0,0.E0));
#4504=DIRECTION('',(1.E0,0.E0,0.E0));
#4505=AXIS2_PLACEMENT_3D('',#4502,#4503,#4504);
#4506=CYLINDRICAL_SURFACE('',#4505,7.5E-1);
#4507=ORIENTED_EDGE('',*,*,#4016,.F.);
#4509=ORIENTED_EDGE('',*,*,#4508,.T.);
#4511=ORIENTED_EDGE('',*,*,#4510,.F.);
#4513=ORIENTED_EDGE('',*,*,#4512,.F.);
#4515=ORIENTED_EDGE('',*,*,#4514,.F.);
#4516=EDGE_LOOP('',(#4507,#4509,#4511,#4513,#4515));
#4517=FACE_OUTER_BOUND('',#4516,.F.);
#4518=ADVANCED_FACE('',(#4517),#4506,.T.);
#4519=FILL_AREA_STYLE_COLOUR('',#34);
#4520=FILL_AREA_STYLE('',(#4519));
#4521=SURFACE_STYLE_FILL_AREA(#4520);
#4522=SURFACE_SIDE_STYLE('',(#4521));
#4523=SURFACE_STYLE_USAGE(.BOTH.,#4522);
#4524=PRESENTATION_STYLE_ASSIGNMENT((#4523));
#4525=STYLED_ITEM('',(#4524),#4518);
#4526=CARTESIAN_POINT('',(2.85E0,3.94E0,-5.15E0));
#4527=DIRECTION('',(0.E0,1.E0,0.E0));
#4528=DIRECTION('',(1.E0,0.E0,0.E0));
#4529=AXIS2_PLACEMENT_3D('',#4526,#4527,#4528);
#4530=CYLINDRICAL_SURFACE('',#4529,7.5E-1);
#4531=ORIENTED_EDGE('',*,*,#4018,.F.);
#4532=ORIENTED_EDGE('',*,*,#4514,.T.);
#4534=ORIENTED_EDGE('',*,*,#4533,.F.);
#4536=ORIENTED_EDGE('',*,*,#4535,.F.);
#4537=ORIENTED_EDGE('',*,*,#4508,.F.);
#4538=EDGE_LOOP('',(#4531,#4532,#4534,#4536,#4537));
#4539=FACE_OUTER_BOUND('',#4538,.F.);
#4540=ADVANCED_FACE('',(#4539),#4530,.T.);
#4541=FILL_AREA_STYLE_COLOUR('',#34);
#4542=FILL_AREA_STYLE('',(#4541));
#4543=SURFACE_STYLE_FILL_AREA(#4542);
#4544=SURFACE_SIDE_STYLE('',(#4543));
#4545=SURFACE_STYLE_USAGE(.BOTH.,#4544);
#4546=PRESENTATION_STYLE_ASSIGNMENT((#4545));
#4547=STYLED_ITEM('',(#4546),#4540);
#4548=CARTESIAN_POINT('',(2.85E0,4.04E0,-5.15E0));
#4549=DIRECTION('',(0.E0,1.E0,0.E0));
#4550=DIRECTION('',(-9.998169164693E-1,0.E0,-1.913461632131E-2));
#4551=AXIS2_PLACEMENT_3D('',#4548,#4549,#4550);
#4552=TOROIDAL_SURFACE('',#4551,4.5E-1,3.E-1);
#4554=ORIENTED_EDGE('',*,*,#4553,.F.);
#4556=ORIENTED_EDGE('',*,*,#4555,.F.);
#4558=ORIENTED_EDGE('',*,*,#4557,.T.);
#4559=ORIENTED_EDGE('',*,*,#4535,.T.);
#4560=ORIENTED_EDGE('',*,*,#4533,.T.);
#4562=ORIENTED_EDGE('',*,*,#4561,.F.);
#4563=EDGE_LOOP('',(#4554,#4556,#4558,#4559,#4560,#4562));
#4564=FACE_OUTER_BOUND('',#4563,.F.);
#4565=ADVANCED_FACE('',(#4564),#4552,.T.);
#4566=FILL_AREA_STYLE_COLOUR('',#34);
#4567=FILL_AREA_STYLE('',(#4566));
#4568=SURFACE_STYLE_FILL_AREA(#4567);
#4569=SURFACE_SIDE_STYLE('',(#4568));
#4570=SURFACE_STYLE_USAGE(.BOTH.,#4569);
#4571=PRESENTATION_STYLE_ASSIGNMENT((#4570));
#4572=STYLED_ITEM('',(#4571),#4565);
#4573=CARTESIAN_POINT('',(5.E0,4.34E0,-3.E0));
#4574=DIRECTION('',(0.E0,1.E0,0.E0));
#4575=DIRECTION('',(1.E0,0.E0,0.E0));
#4576=AXIS2_PLACEMENT_3D('',#4573,#4574,#4575);
#4577=PLANE('',#4576);
#4579=ORIENTED_EDGE('',*,*,#4578,.T.);
#4581=ORIENTED_EDGE('',*,*,#4580,.T.);
#4582=ORIENTED_EDGE('',*,*,#4555,.T.);
#4583=ORIENTED_EDGE('',*,*,#4553,.T.);
#4584=EDGE_LOOP('',(#4579,#4581,#4582,#4583));
#4585=FACE_OUTER_BOUND('',#4584,.F.);
#4586=ADVANCED_FACE('',(#4585),#4577,.T.);
#4587=FILL_AREA_STYLE_COLOUR('',#34);
#4588=FILL_AREA_STYLE('',(#4587));
#4589=SURFACE_STYLE_FILL_AREA(#4588);
#4590=SURFACE_SIDE_STYLE('',(#4589));
#4591=SURFACE_STYLE_USAGE(.BOTH.,#4590);
#4592=PRESENTATION_STYLE_ASSIGNMENT((#4591));
#4593=STYLED_ITEM('',(#4592),#4586);
#4594=CARTESIAN_POINT('',(2.85E0,4.04E0,-5.15E0));
#4595=DIRECTION('',(0.E0,1.E0,0.E0));
#4596=DIRECTION('',(9.998169164693E-1,0.E0,1.913461632131E-2));
#4597=AXIS2_PLACEMENT_3D('',#4594,#4595,#4596);
#4598=TOROIDAL_SURFACE('',#4597,4.5E-1,3.E-1);
#4599=ORIENTED_EDGE('',*,*,#4580,.F.);
#4600=ORIENTED_EDGE('',*,*,#4578,.F.);
#4601=ORIENTED_EDGE('',*,*,#4561,.T.);
#4602=ORIENTED_EDGE('',*,*,#4512,.T.);
#4603=ORIENTED_EDGE('',*,*,#4510,.T.);
#4604=ORIENTED_EDGE('',*,*,#4557,.F.);
#4605=EDGE_LOOP('',(#4599,#4600,#4601,#4602,#4603,#4604));
#4606=FACE_OUTER_BOUND('',#4605,.F.);
#4607=ADVANCED_FACE('',(#4606),#4598,.T.);
#4608=FILL_AREA_STYLE_COLOUR('',#34);
#4609=FILL_AREA_STYLE('',(#4608));
#4610=SURFACE_STYLE_FILL_AREA(#4609);
#4611=SURFACE_SIDE_STYLE('',(#4610));
#4612=SURFACE_STYLE_USAGE(.BOTH.,#4611);
#4613=PRESENTATION_STYLE_ASSIGNMENT((#4612));
#4614=STYLED_ITEM('',(#4613),#4607);
#4615=CARTESIAN_POINT('',(2.E0,4.9E-1,-4.E0));
#4616=DIRECTION('',(0.E0,0.E0,-1.E0));
#4617=DIRECTION('',(1.E0,0.E0,0.E0));
#4618=AXIS2_PLACEMENT_3D('',#4615,#4616,#4617);
#4619=PLANE('',#4618);
#4620=ORIENTED_EDGE('',*,*,#3010,.F.);
#4621=ORIENTED_EDGE('',*,*,#2927,.T.);
#4623=ORIENTED_EDGE('',*,*,#4622,.T.);
#4624=ORIENTED_EDGE('',*,*,#2551,.F.);
#4625=EDGE_LOOP('',(#4620,#4621,#4623,#4624));
#4626=FACE_OUTER_BOUND('',#4625,.F.);
#4627=ADVANCED_FACE('',(#4626),#4619,.F.);
#4628=FILL_AREA_STYLE_COLOUR('',#34);
#4629=FILL_AREA_STYLE('',(#4628));
#4630=SURFACE_STYLE_FILL_AREA(#4629);
#4631=SURFACE_SIDE_STYLE('',(#4630));
#4632=SURFACE_STYLE_USAGE(.BOTH.,#4631);
#4633=PRESENTATION_STYLE_ASSIGNMENT((#4632));
#4634=STYLED_ITEM('',(#4633),#4627);
#4635=CARTESIAN_POINT('',(5.E0,7.9E-1,-3.E0));
#4636=DIRECTION('',(0.E0,-1.E0,0.E0));
#4637=DIRECTION('',(1.E0,0.E0,0.E0));
#4638=AXIS2_PLACEMENT_3D('',#4635,#4636,#4637);
#4639=PLANE('',#4638);
#4640=ORIENTED_EDGE('',*,*,#2925,.T.);
#4642=ORIENTED_EDGE('',*,*,#4641,.F.);
#4643=ORIENTED_EDGE('',*,*,#2553,.F.);
#4644=ORIENTED_EDGE('',*,*,#4622,.F.);
#4645=EDGE_LOOP('',(#4640,#4642,#4643,#4644));
#4646=FACE_OUTER_BOUND('',#4645,.F.);
#4648=ORIENTED_EDGE('',*,*,#4647,.T.);
#4650=ORIENTED_EDGE('',*,*,#4649,.T.);
#4651=EDGE_LOOP('',(#4648,#4650));
#4652=FACE_BOUND('',#4651,.F.);
#4654=ORIENTED_EDGE('',*,*,#4653,.T.);
#4656=ORIENTED_EDGE('',*,*,#4655,.T.);
#4657=EDGE_LOOP('',(#4654,#4656));
#4658=FACE_BOUND('',#4657,.F.);
#4660=ORIENTED_EDGE('',*,*,#4659,.T.);
#4662=ORIENTED_EDGE('',*,*,#4661,.T.);
#4663=EDGE_LOOP('',(#4660,#4662));
#4664=FACE_BOUND('',#4663,.F.);
#4665=ADVANCED_FACE('',(#4646,#4652,#4658,#4664),#4639,.T.);
#4666=FILL_AREA_STYLE_COLOUR('',#34);
#4667=FILL_AREA_STYLE('',(#4666));
#4668=SURFACE_STYLE_FILL_AREA(#4667);
#4669=SURFACE_SIDE_STYLE('',(#4668));
#4670=SURFACE_STYLE_USAGE(.BOTH.,#4669);
#4671=PRESENTATION_STYLE_ASSIGNMENT((#4670));
#4672=STYLED_ITEM('',(#4671),#4665);
#4673=CARTESIAN_POINT('',(8.E0,4.9E-1,-2.E0));
#4674=DIRECTION('',(0.E0,0.E0,1.E0));
#4675=DIRECTION('',(-1.E0,0.E0,0.E0));
#4676=AXIS2_PLACEMENT_3D('',#4673,#4674,#4675);
#4677=PLANE('',#4676);
#4678=ORIENTED_EDGE('',*,*,#2636,.T.);
#4679=ORIENTED_EDGE('',*,*,#2555,.T.);
#4680=ORIENTED_EDGE('',*,*,#4641,.T.);
#4681=ORIENTED_EDGE('',*,*,#2923,.F.);
#4682=EDGE_LOOP('',(#4678,#4679,#4680,#4681));
#4683=FACE_OUTER_BOUND('',#4682,.F.);
#4684=ADVANCED_FACE('',(#4683),#4677,.F.);
#4685=FILL_AREA_STYLE_COLOUR('',#34);
#4686=FILL_AREA_STYLE('',(#4685));
#4687=SURFACE_STYLE_FILL_AREA(#4686);
#4688=SURFACE_SIDE_STYLE('',(#4687));
#4689=SURFACE_STYLE_USAGE(.BOTH.,#4688);
#4690=PRESENTATION_STYLE_ASSIGNMENT((#4689));
#4691=STYLED_ITEM('',(#4690),#4684);
#4692=CARTESIAN_POINT('',(5.E0,7.9E-1,-3.E0));
#4693=DIRECTION('',(0.E0,-1.E0,0.E0));
#4694=DIRECTION('',(1.E0,0.E0,0.E0));
#4695=AXIS2_PLACEMENT_3D('',#4692,#4693,#4694);
#4696=CYLINDRICAL_SURFACE('',#4695,5.E-1);
#4697=ORIENTED_EDGE('',*,*,#4647,.F.);
#4699=ORIENTED_EDGE('',*,*,#4698,.T.);
#4701=ORIENTED_EDGE('',*,*,#4700,.F.);
#4703=ORIENTED_EDGE('',*,*,#4702,.F.);
#4704=EDGE_LOOP('',(#4697,#4699,#4701,#4703));
#4705=FACE_OUTER_BOUND('',#4704,.F.);
#4706=ADVANCED_FACE('',(#4705),#4696,.F.);
#4707=FILL_AREA_STYLE_COLOUR('',#34);
#4708=FILL_AREA_STYLE('',(#4707));
#4709=SURFACE_STYLE_FILL_AREA(#4708);
#4710=SURFACE_SIDE_STYLE('',(#4709));
#4711=SURFACE_STYLE_USAGE(.BOTH.,#4710);
#4712=PRESENTATION_STYLE_ASSIGNMENT((#4711));
#4713=STYLED_ITEM('',(#4712),#4706);
#4714=CARTESIAN_POINT('',(5.E0,7.9E-1,-3.E0));
#4715=DIRECTION('',(0.E0,-1.E0,0.E0));
#4716=DIRECTION('',(1.E0,0.E0,0.E0));
#4717=AXIS2_PLACEMENT_3D('',#4714,#4715,#4716);
#4718=CYLINDRICAL_SURFACE('',#4717,5.E-1);
#4719=ORIENTED_EDGE('',*,*,#4649,.F.);
#4720=ORIENTED_EDGE('',*,*,#4702,.T.);
#4722=ORIENTED_EDGE('',*,*,#4721,.F.);
#4723=ORIENTED_EDGE('',*,*,#4698,.F.);
#4724=EDGE_LOOP('',(#4719,#4720,#4722,#4723));
#4725=FACE_OUTER_BOUND('',#4724,.F.);
#4726=ADVANCED_FACE('',(#4725),#4718,.F.);
#4727=FILL_AREA_STYLE_COLOUR('',#34);
#4728=FILL_AREA_STYLE('',(#4727));
#4729=SURFACE_STYLE_FILL_AREA(#4728);
#4730=SURFACE_SIDE_STYLE('',(#4729));
#4731=SURFACE_STYLE_USAGE(.BOTH.,#4730);
#4732=PRESENTATION_STYLE_ASSIGNMENT((#4731));
#4733=STYLED_ITEM('',(#4732),#4726);
#4734=CARTESIAN_POINT('',(5.E0,9.9E-1,-3.E0));
#4735=DIRECTION('',(0.E0,-1.E0,0.E0));
#4736=DIRECTION('',(1.E0,0.E0,0.E0));
#4737=AXIS2_PLACEMENT_3D('',#4734,#4735,#4736);
#4738=PLANE('',#4737);
#4739=ORIENTED_EDGE('',*,*,#4700,.T.);
#4740=ORIENTED_EDGE('',*,*,#4721,.T.);
#4741=EDGE_LOOP('',(#4739,#4740));
#4742=FACE_OUTER_BOUND('',#4741,.F.);
#4743=ADVANCED_FACE('',(#4742),#4738,.T.);
#4744=FILL_AREA_STYLE_COLOUR('',#34);
#4745=FILL_AREA_STYLE('',(#4744));
#4746=SURFACE_STYLE_FILL_AREA(#4745);
#4747=SURFACE_SIDE_STYLE('',(#4746));
#4748=SURFACE_STYLE_USAGE(.BOTH.,#4747);
#4749=PRESENTATION_STYLE_ASSIGNMENT((#4748));
#4750=STYLED_ITEM('',(#4749),#4743);
#4751=CARTESIAN_POINT('',(7.25E0,7.9E-1,-3.E0));
#4752=DIRECTION('',(0.E0,-1.E0,0.E0));
#4753=DIRECTION('',(1.E0,0.E0,0.E0));
#4754=AXIS2_PLACEMENT_3D('',#4751,#4752,#4753);
#4755=CYLINDRICAL_SURFACE('',#4754,5.E-1);
#4756=ORIENTED_EDGE('',*,*,#4653,.F.);
#4758=ORIENTED_EDGE('',*,*,#4757,.T.);
#4760=ORIENTED_EDGE('',*,*,#4759,.F.);
#4762=ORIENTED_EDGE('',*,*,#4761,.F.);
#4763=EDGE_LOOP('',(#4756,#4758,#4760,#4762));
#4764=FACE_OUTER_BOUND('',#4763,.F.);
#4765=ADVANCED_FACE('',(#4764),#4755,.F.);
#4766=FILL_AREA_STYLE_COLOUR('',#34);
#4767=FILL_AREA_STYLE('',(#4766));
#4768=SURFACE_STYLE_FILL_AREA(#4767);
#4769=SURFACE_SIDE_STYLE('',(#4768));
#4770=SURFACE_STYLE_USAGE(.BOTH.,#4769);
#4771=PRESENTATION_STYLE_ASSIGNMENT((#4770));
#4772=STYLED_ITEM('',(#4771),#4765);
#4773=CARTESIAN_POINT('',(7.25E0,7.9E-1,-3.E0));
#4774=DIRECTION('',(0.E0,-1.E0,0.E0));
#4775=DIRECTION('',(1.E0,0.E0,0.E0));
#4776=AXIS2_PLACEMENT_3D('',#4773,#4774,#4775);
#4777=CYLINDRICAL_SURFACE('',#4776,5.E-1);
#4778=ORIENTED_EDGE('',*,*,#4655,.F.);
#4779=ORIENTED_EDGE('',*,*,#4761,.T.);
#4781=ORIENTED_EDGE('',*,*,#4780,.F.);
#4782=ORIENTED_EDGE('',*,*,#4757,.F.);
#4783=EDGE_LOOP('',(#4778,#4779,#4781,#4782));
#4784=FACE_OUTER_BOUND('',#4783,.F.);
#4785=ADVANCED_FACE('',(#4784),#4777,.F.);
#4786=FILL_AREA_STYLE_COLOUR('',#34);
#4787=FILL_AREA_STYLE('',(#4786));
#4788=SURFACE_STYLE_FILL_AREA(#4787);
#4789=SURFACE_SIDE_STYLE('',(#4788));
#4790=SURFACE_STYLE_USAGE(.BOTH.,#4789);
#4791=PRESENTATION_STYLE_ASSIGNMENT((#4790));
#4792=STYLED_ITEM('',(#4791),#4785);
#4793=CARTESIAN_POINT('',(5.E0,9.9E-1,-3.E0));
#4794=DIRECTION('',(0.E0,-1.E0,0.E0));
#4795=DIRECTION('',(1.E0,0.E0,0.E0));
#4796=AXIS2_PLACEMENT_3D('',#4793,#4794,#4795);
#4797=PLANE('',#4796);
#4798=ORIENTED_EDGE('',*,*,#4759,.T.);
#4799=ORIENTED_EDGE('',*,*,#4780,.T.);
#4800=EDGE_LOOP('',(#4798,#4799));
#4801=FACE_OUTER_BOUND('',#4800,.F.);
#4802=ADVANCED_FACE('',(#4801),#4797,.T.);
#4803=FILL_AREA_STYLE_COLOUR('',#34);
#4804=FILL_AREA_STYLE('',(#4803));
#4805=SURFACE_STYLE_FILL_AREA(#4804);
#4806=SURFACE_SIDE_STYLE('',(#4805));
#4807=SURFACE_STYLE_USAGE(.BOTH.,#4806);
#4808=PRESENTATION_STYLE_ASSIGNMENT((#4807));
#4809=STYLED_ITEM('',(#4808),#4802);
#4810=CARTESIAN_POINT('',(2.75E0,7.9E-1,-3.E0));
#4811=DIRECTION('',(0.E0,-1.E0,0.E0));
#4812=DIRECTION('',(1.E0,0.E0,0.E0));
#4813=AXIS2_PLACEMENT_3D('',#4810,#4811,#4812);
#4814=CYLINDRICAL_SURFACE('',#4813,5.E-1);
#4815=ORIENTED_EDGE('',*,*,#4659,.F.);
#4817=ORIENTED_EDGE('',*,*,#4816,.T.);
#4819=ORIENTED_EDGE('',*,*,#4818,.F.);
#4821=ORIENTED_EDGE('',*,*,#4820,.F.);
#4822=EDGE_LOOP('',(#4815,#4817,#4819,#4821));
#4823=FACE_OUTER_BOUND('',#4822,.F.);
#4824=ADVANCED_FACE('',(#4823),#4814,.F.);
#4825=FILL_AREA_STYLE_COLOUR('',#34);
#4826=FILL_AREA_STYLE('',(#4825));
#4827=SURFACE_STYLE_FILL_AREA(#4826);
#4828=SURFACE_SIDE_STYLE('',(#4827));
#4829=SURFACE_STYLE_USAGE(.BOTH.,#4828);
#4830=PRESENTATION_STYLE_ASSIGNMENT((#4829));
#4831=STYLED_ITEM('',(#4830),#4824);
#4832=CARTESIAN_POINT('',(2.75E0,7.9E-1,-3.E0));
#4833=DIRECTION('',(0.E0,-1.E0,0.E0));
#4834=DIRECTION('',(1.E0,0.E0,0.E0));
#4835=AXIS2_PLACEMENT_3D('',#4832,#4833,#4834);
#4836=CYLINDRICAL_SURFACE('',#4835,5.E-1);
#4837=ORIENTED_EDGE('',*,*,#4661,.F.);
#4838=ORIENTED_EDGE('',*,*,#4820,.T.);
#4840=ORIENTED_EDGE('',*,*,#4839,.F.);
#4841=ORIENTED_EDGE('',*,*,#4816,.F.);
#4842=EDGE_LOOP('',(#4837,#4838,#4840,#4841));
#4843=FACE_OUTER_BOUND('',#4842,.F.);
#4844=ADVANCED_FACE('',(#4843),#4836,.F.);
#4845=FILL_AREA_STYLE_COLOUR('',#34);
#4846=FILL_AREA_STYLE('',(#4845));
#4847=SURFACE_STYLE_FILL_AREA(#4846);
#4848=SURFACE_SIDE_STYLE('',(#4847));
#4849=SURFACE_STYLE_USAGE(.BOTH.,#4848);
#4850=PRESENTATION_STYLE_ASSIGNMENT((#4849));
#4851=STYLED_ITEM('',(#4850),#4844);
#4852=CARTESIAN_POINT('',(5.E0,9.9E-1,-3.E0));
#4853=DIRECTION('',(0.E0,-1.E0,0.E0));
#4854=DIRECTION('',(1.E0,0.E0,0.E0));
#4855=AXIS2_PLACEMENT_3D('',#4852,#4853,#4854);
#4856=PLANE('',#4855);
#4857=ORIENTED_EDGE('',*,*,#4818,.T.);
#4858=ORIENTED_EDGE('',*,*,#4839,.T.);
#4859=EDGE_LOOP('',(#4857,#4858));
#4860=FACE_OUTER_BOUND('',#4859,.F.);
#4861=ADVANCED_FACE('',(#4860),#4856,.T.);
#4862=FILL_AREA_STYLE_COLOUR('',#34);
#4863=FILL_AREA_STYLE('',(#4862));
#4864=SURFACE_STYLE_FILL_AREA(#4863);
#4865=SURFACE_SIDE_STYLE('',(#4864));
#4866=SURFACE_STYLE_USAGE(.BOTH.,#4865);
#4867=PRESENTATION_STYLE_ASSIGNMENT((#4866));
#4868=STYLED_ITEM('',(#4867),#4861);
#4869=CARTESIAN_POINT('',(2.E0,1.49E0,-4.900000000019E0));
#4870=DIRECTION('',(0.E0,-1.E0,0.E0));
#4871=DIRECTION('',(-1.E0,0.E0,0.E0));
#4872=AXIS2_PLACEMENT_3D('',#4869,#4870,#4871);
#4873=PLANE('',#4872);
#4874=ORIENTED_EDGE('',*,*,#2933,.F.);
#4876=ORIENTED_EDGE('',*,*,#4875,.T.);
#4878=ORIENTED_EDGE('',*,*,#4877,.F.);
#4880=ORIENTED_EDGE('',*,*,#4879,.F.);
#4881=EDGE_LOOP('',(#4874,#4876,#4878,#4880));
#4882=FACE_OUTER_BOUND('',#4881,.F.);
#4883=ADVANCED_FACE('',(#4882),#4873,.T.);
#4884=FILL_AREA_STYLE_COLOUR('',#34);
#4885=FILL_AREA_STYLE('',(#4884));
#4886=SURFACE_STYLE_FILL_AREA(#4885);
#4887=SURFACE_SIDE_STYLE('',(#4886));
#4888=SURFACE_STYLE_USAGE(.BOTH.,#4887);
#4889=PRESENTATION_STYLE_ASSIGNMENT((#4888));
#4890=STYLED_ITEM('',(#4889),#4883);
#4891=CARTESIAN_POINT('',(1.834205794376E0,1.333629890760E-1,-5.6E0));
#4892=DIRECTION('',(0.E0,0.E0,-1.E0));
#4893=DIRECTION('',(0.E0,-1.E0,0.E0));
#4894=AXIS2_PLACEMENT_3D('',#4891,#4892,#4893);
#4895=PLANE('',#4894);
#4897=ORIENTED_EDGE('',*,*,#4896,.T.);
#4899=ORIENTED_EDGE('',*,*,#4898,.F.);
#4901=ORIENTED_EDGE('',*,*,#4900,.T.);
#4902=ORIENTED_EDGE('',*,*,#4875,.F.);
#4903=ORIENTED_EDGE('',*,*,#2939,.F.);
#4905=ORIENTED_EDGE('',*,*,#4904,.T.);
#4907=ORIENTED_EDGE('',*,*,#4906,.T.);
#4909=ORIENTED_EDGE('',*,*,#4908,.T.);
#4911=ORIENTED_EDGE('',*,*,#4910,.T.);
#4913=ORIENTED_EDGE('',*,*,#4912,.T.);
#4915=ORIENTED_EDGE('',*,*,#4914,.T.);
#4917=ORIENTED_EDGE('',*,*,#4916,.T.);
#4918=EDGE_LOOP('',(#4897,#4899,#4901,#4902,#4903,#4905,#4907,#4909,#4911,#4913,
#4915,#4917));
#4919=FACE_OUTER_BOUND('',#4918,.F.);
#4920=ADVANCED_FACE('',(#4919),#4895,.T.);
#4921=FILL_AREA_STYLE_COLOUR('',#34);
#4922=FILL_AREA_STYLE('',(#4921));
#4923=SURFACE_STYLE_FILL_AREA(#4922);
#4924=SURFACE_SIDE_STYLE('',(#4923));
#4925=SURFACE_STYLE_USAGE(.BOTH.,#4924);
#4926=PRESENTATION_STYLE_ASSIGNMENT((#4925));
#4927=STYLED_ITEM('',(#4926),#4920);
#4928=CARTESIAN_POINT('',(1.931746680255E0,2.496076902480E-1,
-4.900000000019E0));
#4929=DIRECTION('',(0.E0,0.E0,-1.E0));
#4930=DIRECTION('',(-1.E0,0.E0,0.E0));
#4931=AXIS2_PLACEMENT_3D('',#4928,#4929,#4930);
#4932=CYLINDRICAL_SURFACE('',#4931,1.746680255228E-3);
#4934=ORIENTED_EDGE('',*,*,#4933,.F.);
#4936=ORIENTED_EDGE('',*,*,#4935,.T.);
#4937=ORIENTED_EDGE('',*,*,#4896,.F.);
#4939=ORIENTED_EDGE('',*,*,#4938,.T.);
#4940=EDGE_LOOP('',(#4934,#4936,#4937,#4939));
#4941=FACE_OUTER_BOUND('',#4940,.F.);
#4942=ADVANCED_FACE('',(#4941),#4932,.F.);
#4943=FILL_AREA_STYLE_COLOUR('',#34);
#4944=FILL_AREA_STYLE('',(#4943));
#4945=SURFACE_STYLE_FILL_AREA(#4944);
#4946=SURFACE_SIDE_STYLE('',(#4945));
#4947=SURFACE_STYLE_USAGE(.BOTH.,#4946);
#4948=PRESENTATION_STYLE_ASSIGNMENT((#4947));
#4949=STYLED_ITEM('',(#4948),#4942);
#4950=CARTESIAN_POINT('',(2.470390421158E0,1.904974973620E-1,
-4.900000000019E0));
#4951=DIRECTION('',(0.E0,0.E0,-1.E0));
#4952=DIRECTION('',(9.848077530122E-1,1.736481776669E-1,0.E0));
#4953=AXIS2_PLACEMENT_3D('',#4950,#4951,#4952);
#4954=PLANE('',#4953);
#4956=ORIENTED_EDGE('',*,*,#4955,.T.);
#4958=ORIENTED_EDGE('',*,*,#4957,.T.);
#4959=ORIENTED_EDGE('',*,*,#4933,.T.);
#4961=ORIENTED_EDGE('',*,*,#4960,.T.);
#4963=ORIENTED_EDGE('',*,*,#4962,.F.);
#4965=ORIENTED_EDGE('',*,*,#4964,.F.);
#4967=ORIENTED_EDGE('',*,*,#4966,.T.);
#4969=ORIENTED_EDGE('',*,*,#4968,.T.);
#4971=ORIENTED_EDGE('',*,*,#4970,.T.);
#4973=ORIENTED_EDGE('',*,*,#4972,.T.);
#4974=ORIENTED_EDGE('',*,*,#2935,.T.);
#4975=ORIENTED_EDGE('',*,*,#4879,.T.);
#4976=EDGE_LOOP('',(#4956,#4958,#4959,#4961,#4963,#4965,#4967,#4969,#4971,#4973,
#4974,#4975));
#4977=FACE_OUTER_BOUND('',#4976,.F.);
#4978=ADVANCED_FACE('',(#4977),#4954,.F.);
#4979=FILL_AREA_STYLE_COLOUR('',#34);
#4980=FILL_AREA_STYLE('',(#4979));
#4981=SURFACE_STYLE_FILL_AREA(#4980);
#4982=SURFACE_SIDE_STYLE('',(#4981));
#4983=SURFACE_STYLE_USAGE(.BOTH.,#4982);
#4984=PRESENTATION_STYLE_ASSIGNMENT((#4983));
#4985=STYLED_ITEM('',(#4984),#4978);
#4986=CARTESIAN_POINT('',(1.931746680255E0,1.488253319745E0,-4.900000000019E0));
#4987=DIRECTION('',(0.E0,0.E0,-1.E0));
#4988=DIRECTION('',(-1.E0,0.E0,0.E0));
#4989=AXIS2_PLACEMENT_3D('',#4986,#4987,#4988);
#4990=CYLINDRICAL_SURFACE('',#4989,1.746680255228E-3);
#4991=ORIENTED_EDGE('',*,*,#4955,.F.);
#4992=ORIENTED_EDGE('',*,*,#4877,.T.);
#4993=ORIENTED_EDGE('',*,*,#4900,.F.);
#4995=ORIENTED_EDGE('',*,*,#4994,.T.);
#4996=EDGE_LOOP('',(#4991,#4992,#4993,#4995));
#4997=FACE_OUTER_BOUND('',#4996,.F.);
#4998=ADVANCED_FACE('',(#4997),#4990,.F.);
#4999=FILL_AREA_STYLE_COLOUR('',#34);
#5000=FILL_AREA_STYLE('',(#4999));
#5001=SURFACE_STYLE_FILL_AREA(#5000);
#5002=SURFACE_SIDE_STYLE('',(#5001));
#5003=SURFACE_STYLE_USAGE(.BOTH.,#5002);
#5004=PRESENTATION_STYLE_ASSIGNMENT((#5003));
#5005=STYLED_ITEM('',(#5004),#4998);
#5006=CARTESIAN_POINT('',(1.93E0,1.488253319745E0,-4.900000000019E0));
#5007=DIRECTION('',(1.E0,0.E0,0.E0));
#5008=DIRECTION('',(0.E0,-1.E0,0.E0));
#5009=AXIS2_PLACEMENT_3D('',#5006,#5007,#5008);
#5010=PLANE('',#5009);
#5011=ORIENTED_EDGE('',*,*,#4957,.F.);
#5012=ORIENTED_EDGE('',*,*,#4994,.F.);
#5013=ORIENTED_EDGE('',*,*,#4898,.T.);
#5014=ORIENTED_EDGE('',*,*,#4935,.F.);
#5015=EDGE_LOOP('',(#5011,#5012,#5013,#5014));
#5016=FACE_OUTER_BOUND('',#5015,.F.);
#5017=ADVANCED_FACE('',(#5016),#5010,.T.);
#5018=FILL_AREA_STYLE_COLOUR('',#34);
#5019=FILL_AREA_STYLE('',(#5018));
#5020=SURFACE_STYLE_FILL_AREA(#5019);
#5021=SURFACE_SIDE_STYLE('',(#5020));
#5022=SURFACE_STYLE_USAGE(.BOTH.,#5021);
#5023=PRESENTATION_STYLE_ASSIGNMENT((#5022));
#5024=STYLED_ITEM('',(#5023),#5017);
#5025=CARTESIAN_POINT('',(1.932049988099E0,2.478875459900E-1,
-4.900000000019E0));
#5026=DIRECTION('',(-1.736481776669E-1,9.848077530122E-1,0.E0));
#5027=DIRECTION('',(9.848077530122E-1,1.736481776669E-1,0.E0));
#5028=AXIS2_PLACEMENT_3D('',#5025,#5026,#5027);
#5029=PLANE('',#5028);
#5030=ORIENTED_EDGE('',*,*,#4960,.F.);
#5031=ORIENTED_EDGE('',*,*,#4938,.F.);
#5032=ORIENTED_EDGE('',*,*,#4916,.F.);
#5034=ORIENTED_EDGE('',*,*,#5033,.F.);
#5035=EDGE_LOOP('',(#5030,#5031,#5032,#5034));
#5036=FACE_OUTER_BOUND('',#5035,.F.);
#5037=ADVANCED_FACE('',(#5036),#5029,.T.);
#5038=FILL_AREA_STYLE_COLOUR('',#34);
#5039=FILL_AREA_STYLE('',(#5038));
#5040=SURFACE_STYLE_FILL_AREA(#5039);
#5041=SURFACE_SIDE_STYLE('',(#5040));
#5042=SURFACE_STYLE_USAGE(.BOTH.,#5041);
#5043=PRESENTATION_STYLE_ASSIGNMENT((#5042));
#5044=STYLED_ITEM('',(#5043),#5037);
#5045=CARTESIAN_POINT('',(2.982683627567E0,2.808286116860E-1,
-5.250000000009E0));
#5046=DIRECTION('',(-9.848077530122E-1,-1.736481776669E-1,0.E0));
#5047=DIRECTION('',(0.E0,0.E0,-1.E0));
#5048=AXIS2_PLACEMENT_3D('',#5045,#5046,#5047);
#5049=PLANE('',#5048);
#5051=ORIENTED_EDGE('',*,*,#5050,.F.);
#5052=ORIENTED_EDGE('',*,*,#4962,.T.);
#5053=ORIENTED_EDGE('',*,*,#5033,.T.);
#5054=ORIENTED_EDGE('',*,*,#4914,.F.);
#5055=EDGE_LOOP('',(#5051,#5052,#5053,#5054));
#5056=FACE_OUTER_BOUND('',#5055,.F.);
#5057=ADVANCED_FACE('',(#5056),#5049,.F.);
#5058=FILL_AREA_STYLE_COLOUR('',#34);
#5059=FILL_AREA_STYLE('',(#5058));
#5060=SURFACE_STYLE_FILL_AREA(#5059);
#5061=SURFACE_SIDE_STYLE('',(#5060));
#5062=SURFACE_STYLE_USAGE(.BOTH.,#5061);
#5063=PRESENTATION_STYLE_ASSIGNMENT((#5062));
#5064=STYLED_ITEM('',(#5063),#5057);
#5065=CARTESIAN_POINT('',(1.984144441399E0,-4.755477991300E-2,
-4.900000000019E0));
#5066=DIRECTION('',(-1.736481776669E-1,9.848077530122E-1,0.E0));
#5067=DIRECTION('',(9.848077530122E-1,1.736481776669E-1,0.E0));
#5068=AXIS2_PLACEMENT_3D('',#5065,#5066,#5067);
#5069=PLANE('',#5068);
#5070=ORIENTED_EDGE('',*,*,#4964,.T.);
#5071=ORIENTED_EDGE('',*,*,#5050,.T.);
#5072=ORIENTED_EDGE('',*,*,#4912,.F.);
#5074=ORIENTED_EDGE('',*,*,#5073,.F.);
#5075=EDGE_LOOP('',(#5070,#5071,#5072,#5074));
#5076=FACE_OUTER_BOUND('',#5075,.F.);
#5077=ADVANCED_FACE('',(#5076),#5069,.F.);
#5078=FILL_AREA_STYLE_COLOUR('',#34);
#5079=FILL_AREA_STYLE('',(#5078));
#5080=SURFACE_STYLE_FILL_AREA(#5079);
#5081=SURFACE_SIDE_STYLE('',(#5080));
#5082=SURFACE_STYLE_USAGE(.BOTH.,#5081);
#5083=PRESENTATION_STYLE_ASSIGNMENT((#5082));
#5084=STYLED_ITEM('',(#5083),#5077);
#5085=CARTESIAN_POINT('',(1.931746680255E0,2.496076902480E-1,
-4.900000000019E0));
#5086=DIRECTION('',(0.E0,0.E0,-1.E0));
#5087=DIRECTION('',(-1.E0,0.E0,0.E0));
#5088=AXIS2_PLACEMENT_3D('',#5085,#5086,#5087);
#5089=CYLINDRICAL_SURFACE('',#5088,3.017466802552E-1);
#5090=ORIENTED_EDGE('',*,*,#4966,.F.);
#5091=ORIENTED_EDGE('',*,*,#5073,.T.);
#5092=ORIENTED_EDGE('',*,*,#4910,.F.);
#5094=ORIENTED_EDGE('',*,*,#5093,.T.);
#5095=EDGE_LOOP('',(#5090,#5091,#5092,#5094));
#5096=FACE_OUTER_BOUND('',#5095,.F.);
#5097=ADVANCED_FACE('',(#5096),#5089,.T.);
#5098=FILL_AREA_STYLE_COLOUR('',#34);
#5099=FILL_AREA_STYLE('',(#5098));
#5100=SURFACE_STYLE_FILL_AREA(#5099);
#5101=SURFACE_SIDE_STYLE('',(#5100));
#5102=SURFACE_STYLE_USAGE(.BOTH.,#5101);
#5103=PRESENTATION_STYLE_ASSIGNMENT((#5102));
#5104=STYLED_ITEM('',(#5103),#5097);
#5105=CARTESIAN_POINT('',(1.63E0,1.488253319745E0,-4.900000000019E0));
#5106=DIRECTION('',(1.E0,0.E0,0.E0));
#5107=DIRECTION('',(0.E0,-1.E0,0.E0));
#5108=AXIS2_PLACEMENT_3D('',#5105,#5106,#5107);
#5109=PLANE('',#5108);
#5110=ORIENTED_EDGE('',*,*,#4968,.F.);
#5111=ORIENTED_EDGE('',*,*,#5093,.F.);
#5112=ORIENTED_EDGE('',*,*,#4908,.F.);
#5114=ORIENTED_EDGE('',*,*,#5113,.F.);
#5115=EDGE_LOOP('',(#5110,#5111,#5112,#5114));
#5116=FACE_OUTER_BOUND('',#5115,.F.);
#5117=ADVANCED_FACE('',(#5116),#5109,.F.);
#5118=FILL_AREA_STYLE_COLOUR('',#34);
#5119=FILL_AREA_STYLE('',(#5118));
#5120=SURFACE_STYLE_FILL_AREA(#5119);
#5121=SURFACE_SIDE_STYLE('',(#5120));
#5122=SURFACE_STYLE_USAGE(.BOTH.,#5121);
#5123=PRESENTATION_STYLE_ASSIGNMENT((#5122));
#5124=STYLED_ITEM('',(#5123),#5117);
#5125=CARTESIAN_POINT('',(1.931746680255E0,1.488253319745E0,-4.900000000019E0));
#5126=DIRECTION('',(0.E0,0.E0,-1.E0));
#5127=DIRECTION('',(-1.E0,0.E0,0.E0));
#5128=AXIS2_PLACEMENT_3D('',#5125,#5126,#5127);
#5129=CYLINDRICAL_SURFACE('',#5128,3.017466802552E-1);
#5130=ORIENTED_EDGE('',*,*,#4970,.F.);
#5131=ORIENTED_EDGE('',*,*,#5113,.T.);
#5132=ORIENTED_EDGE('',*,*,#4906,.F.);
#5134=ORIENTED_EDGE('',*,*,#5133,.T.);
#5135=EDGE_LOOP('',(#5130,#5131,#5132,#5134));
#5136=FACE_OUTER_BOUND('',#5135,.F.);
#5137=ADVANCED_FACE('',(#5136),#5129,.T.);
#5138=FILL_AREA_STYLE_COLOUR('',#34);
#5139=FILL_AREA_STYLE('',(#5138));
#5140=SURFACE_STYLE_FILL_AREA(#5139);
#5141=SURFACE_SIDE_STYLE('',(#5140));
#5142=SURFACE_STYLE_USAGE(.BOTH.,#5141);
#5143=PRESENTATION_STYLE_ASSIGNMENT((#5142));
#5144=STYLED_ITEM('',(#5143),#5137);
#5145=CARTESIAN_POINT('',(2.E0,1.79E0,-4.900000000019E0));
#5146=DIRECTION('',(0.E0,-1.E0,0.E0));
#5147=DIRECTION('',(-1.E0,0.E0,0.E0));
#5148=AXIS2_PLACEMENT_3D('',#5145,#5146,#5147);
#5149=PLANE('',#5148);
#5150=ORIENTED_EDGE('',*,*,#2937,.T.);
#5151=ORIENTED_EDGE('',*,*,#4972,.F.);
#5152=ORIENTED_EDGE('',*,*,#5133,.F.);
#5153=ORIENTED_EDGE('',*,*,#4904,.F.);
#5154=EDGE_LOOP('',(#5150,#5151,#5152,#5153));
#5155=FACE_OUTER_BOUND('',#5154,.F.);
#5156=ADVANCED_FACE('',(#5155),#5149,.F.);
#5157=FILL_AREA_STYLE_COLOUR('',#34);
#5158=FILL_AREA_STYLE('',(#5157));
#5159=SURFACE_STYLE_FILL_AREA(#5158);
#5160=SURFACE_SIDE_STYLE('',(#5159));
#5161=SURFACE_STYLE_USAGE(.BOTH.,#5160);
#5162=PRESENTATION_STYLE_ASSIGNMENT((#5161));
#5163=STYLED_ITEM('',(#5162),#5156);
#5164=CARTESIAN_POINT('',(1.965877551565E0,1.64E0,-4.E-1));
#5165=DIRECTION('',(0.E0,0.E0,-1.E0));
#5166=DIRECTION('',(-1.E0,0.E0,0.E0));
#5167=AXIS2_PLACEMENT_3D('',#5164,#5165,#5166);
#5168=PLANE('',#5167);
#5170=ORIENTED_EDGE('',*,*,#5169,.T.);
#5172=ORIENTED_EDGE('',*,*,#5171,.T.);
#5174=ORIENTED_EDGE('',*,*,#5173,.T.);
#5176=ORIENTED_EDGE('',*,*,#5175,.T.);
#5178=ORIENTED_EDGE('',*,*,#5177,.T.);
#5180=ORIENTED_EDGE('',*,*,#5179,.T.);
#5182=ORIENTED_EDGE('',*,*,#5181,.T.);
#5184=ORIENTED_EDGE('',*,*,#5183,.F.);
#5186=ORIENTED_EDGE('',*,*,#5185,.T.);
#5188=ORIENTED_EDGE('',*,*,#5187,.F.);
#5189=ORIENTED_EDGE('',*,*,#2943,.T.);
#5191=ORIENTED_EDGE('',*,*,#5190,.T.);
#5192=EDGE_LOOP('',(#5170,#5172,#5174,#5176,#5178,#5180,#5182,#5184,#5186,#5188,
#5189,#5191));
#5193=FACE_OUTER_BOUND('',#5192,.F.);
#5194=ADVANCED_FACE('',(#5193),#5168,.F.);
#5195=FILL_AREA_STYLE_COLOUR('',#34);
#5196=FILL_AREA_STYLE('',(#5195));
#5197=SURFACE_STYLE_FILL_AREA(#5196);
#5198=SURFACE_SIDE_STYLE('',(#5197));
#5199=SURFACE_STYLE_USAGE(.BOTH.,#5198);
#5200=PRESENTATION_STYLE_ASSIGNMENT((#5199));
#5201=STYLED_ITEM('',(#5200),#5194);
#5202=CARTESIAN_POINT('',(1.931755103131E0,1.488244896869E0,-1.100000000017E0));
#5203=DIRECTION('',(0.E0,0.E0,1.E0));
#5204=DIRECTION('',(1.E0,0.E0,0.E0));
#5205=AXIS2_PLACEMENT_3D('',#5202,#5203,#5204);
#5206=CYLINDRICAL_SURFACE('',#5205,1.755103130762E-3);
#5208=ORIENTED_EDGE('',*,*,#5207,.F.);
#5210=ORIENTED_EDGE('',*,*,#5209,.T.);
#5211=ORIENTED_EDGE('',*,*,#5169,.F.);
#5213=ORIENTED_EDGE('',*,*,#5212,.T.);
#5214=EDGE_LOOP('',(#5208,#5210,#5211,#5213));
#5215=FACE_OUTER_BOUND('',#5214,.F.);
#5216=ADVANCED_FACE('',(#5215),#5206,.F.);
#5217=FILL_AREA_STYLE_COLOUR('',#34);
#5218=FILL_AREA_STYLE('',(#5217));
#5219=SURFACE_STYLE_FILL_AREA(#5218);
#5220=SURFACE_SIDE_STYLE('',(#5219));
#5221=SURFACE_STYLE_USAGE(.BOTH.,#5220);
#5222=PRESENTATION_STYLE_ASSIGNMENT((#5221));
#5223=STYLED_ITEM('',(#5222),#5216);
#5224=CARTESIAN_POINT('',(1.965877551565E0,1.64E0,-1.100000000017E0));
#5225=DIRECTION('',(0.E0,0.E0,-1.E0));
#5226=DIRECTION('',(-1.E0,0.E0,0.E0));
#5227=AXIS2_PLACEMENT_3D('',#5224,#5225,#5226);
#5228=PLANE('',#5227);
#5230=ORIENTED_EDGE('',*,*,#5229,.T.);
#5232=ORIENTED_EDGE('',*,*,#5231,.F.);
#5233=ORIENTED_EDGE('',*,*,#5207,.T.);
#5235=ORIENTED_EDGE('',*,*,#5234,.F.);
#5236=ORIENTED_EDGE('',*,*,#2947,.F.);
#5238=ORIENTED_EDGE('',*,*,#5237,.T.);
#5240=ORIENTED_EDGE('',*,*,#5239,.T.);
#5242=ORIENTED_EDGE('',*,*,#5241,.T.);
#5244=ORIENTED_EDGE('',*,*,#5243,.T.);
#5246=ORIENTED_EDGE('',*,*,#5245,.T.);
#5248=ORIENTED_EDGE('',*,*,#5247,.T.);
#5250=ORIENTED_EDGE('',*,*,#5249,.T.);
#5251=EDGE_LOOP('',(#5230,#5232,#5233,#5235,#5236,#5238,#5240,#5242,#5244,#5246,
#5248,#5250));
#5252=FACE_OUTER_BOUND('',#5251,.F.);
#5253=ADVANCED_FACE('',(#5252),#5228,.T.);
#5254=FILL_AREA_STYLE_COLOUR('',#34);
#5255=FILL_AREA_STYLE('',(#5254));
#5256=SURFACE_STYLE_FILL_AREA(#5255);
#5257=SURFACE_SIDE_STYLE('',(#5256));
#5258=SURFACE_STYLE_USAGE(.BOTH.,#5257);
#5259=PRESENTATION_STYLE_ASSIGNMENT((#5258));
#5260=STYLED_ITEM('',(#5259),#5253);
#5261=CARTESIAN_POINT('',(1.931755103131E0,2.496177282400E-1,
-1.100000000017E0));
#5262=DIRECTION('',(0.E0,0.E0,1.E0));
#5263=DIRECTION('',(1.E0,0.E0,0.E0));
#5264=AXIS2_PLACEMENT_3D('',#5261,#5262,#5263);
#5265=CYLINDRICAL_SURFACE('',#5264,1.755103130762E-3);
#5266=ORIENTED_EDGE('',*,*,#5229,.F.);
#5268=ORIENTED_EDGE('',*,*,#5267,.T.);
#5269=ORIENTED_EDGE('',*,*,#5173,.F.);
#5271=ORIENTED_EDGE('',*,*,#5270,.T.);
#5272=EDGE_LOOP('',(#5266,#5268,#5269,#5271));
#5273=FACE_OUTER_BOUND('',#5272,.F.);
#5274=ADVANCED_FACE('',(#5273),#5265,.F.);
#5275=FILL_AREA_STYLE_COLOUR('',#34);
#5276=FILL_AREA_STYLE('',(#5275));
#5277=SURFACE_STYLE_FILL_AREA(#5276);
#5278=SURFACE_SIDE_STYLE('',(#5277));
#5279=SURFACE_STYLE_USAGE(.BOTH.,#5278);
#5280=PRESENTATION_STYLE_ASSIGNMENT((#5279));
#5281=STYLED_ITEM('',(#5280),#5274);
#5282=CARTESIAN_POINT('',(1.932059873591E0,2.478892890690E-1,
-1.100000000017E0));
#5283=DIRECTION('',(1.736481776669E-1,-9.848077530122E-1,0.E0));
#5284=DIRECTION('',(9.848077530122E-1,1.736481776669E-1,0.E0));
#5285=AXIS2_PLACEMENT_3D('',#5282,#5283,#5284);
#5286=PLANE('',#5285);
#5287=ORIENTED_EDGE('',*,*,#5249,.F.);
#5289=ORIENTED_EDGE('',*,*,#5288,.T.);
#5290=ORIENTED_EDGE('',*,*,#5175,.F.);
#5291=ORIENTED_EDGE('',*,*,#5267,.F.);
#5292=EDGE_LOOP('',(#5287,#5289,#5290,#5291));
#5293=FACE_OUTER_BOUND('',#5292,.F.);
#5294=ADVANCED_FACE('',(#5293),#5286,.F.);
#5295=FILL_AREA_STYLE_COLOUR('',#34);
#5296=FILL_AREA_STYLE('',(#5295));
#5297=SURFACE_STYLE_FILL_AREA(#5296);
#5298=SURFACE_SIDE_STYLE('',(#5297));
#5299=SURFACE_STYLE_USAGE(.BOTH.,#5298);
#5300=PRESENTATION_STYLE_ASSIGNMENT((#5299));
#5301=STYLED_ITEM('',(#5300),#5294);
#5302=CARTESIAN_POINT('',(2.982683627567E0,2.808286116860E-1,
-7.500000000080E-1));
#5303=DIRECTION('',(9.848077530122E-1,1.736481776669E-1,0.E0));
#5304=DIRECTION('',(0.E0,0.E0,1.E0));
#5305=AXIS2_PLACEMENT_3D('',#5302,#5303,#5304);
#5306=PLANE('',#5305);
#5308=ORIENTED_EDGE('',*,*,#5307,.T.);
#5309=ORIENTED_EDGE('',*,*,#5177,.F.);
#5310=ORIENTED_EDGE('',*,*,#5288,.F.);
#5311=ORIENTED_EDGE('',*,*,#5247,.F.);
#5312=EDGE_LOOP('',(#5308,#5309,#5310,#5311));
#5313=FACE_OUTER_BOUND('',#5312,.F.);
#5314=ADVANCED_FACE('',(#5313),#5306,.T.);
#5315=FILL_AREA_STYLE_COLOUR('',#34);
#5316=FILL_AREA_STYLE('',(#5315));
#5317=SURFACE_STYLE_FILL_AREA(#5316);
#5318=SURFACE_SIDE_STYLE('',(#5317));
#5319=SURFACE_STYLE_USAGE(.BOTH.,#5318);
#5320=PRESENTATION_STYLE_ASSIGNMENT((#5319));
#5321=STYLED_ITEM('',(#5320),#5314);
#5322=CARTESIAN_POINT('',(1.984154326891E0,-4.755303683400E-2,
-1.100000000017E0));
#5323=DIRECTION('',(1.736481776669E-1,-9.848077530122E-1,0.E0));
#5324=DIRECTION('',(9.848077530122E-1,1.736481776669E-1,0.E0));
#5325=AXIS2_PLACEMENT_3D('',#5322,#5323,#5324);
#5326=PLANE('',#5325);
#5327=ORIENTED_EDGE('',*,*,#5245,.F.);
#5329=ORIENTED_EDGE('',*,*,#5328,.F.);
#5330=ORIENTED_EDGE('',*,*,#5179,.F.);
#5331=ORIENTED_EDGE('',*,*,#5307,.F.);
#5332=EDGE_LOOP('',(#5327,#5329,#5330,#5331));
#5333=FACE_OUTER_BOUND('',#5332,.F.);
#5334=ADVANCED_FACE('',(#5333),#5326,.T.);
#5335=FILL_AREA_STYLE_COLOUR('',#34);
#5336=FILL_AREA_STYLE('',(#5335));
#5337=SURFACE_STYLE_FILL_AREA(#5336);
#5338=SURFACE_SIDE_STYLE('',(#5337));
#5339=SURFACE_STYLE_USAGE(.BOTH.,#5338);
#5340=PRESENTATION_STYLE_ASSIGNMENT((#5339));
#5341=STYLED_ITEM('',(#5340),#5334);
#5342=CARTESIAN_POINT('',(1.931755103131E0,2.496177282400E-1,
-1.100000000017E0));
#5343=DIRECTION('',(0.E0,0.E0,1.E0));
#5344=DIRECTION('',(1.E0,0.E0,0.E0));
#5345=AXIS2_PLACEMENT_3D('',#5342,#5343,#5344);
#5346=CYLINDRICAL_SURFACE('',#5345,3.017551031308E-1);
#5347=ORIENTED_EDGE('',*,*,#5243,.F.);
#5349=ORIENTED_EDGE('',*,*,#5348,.T.);
#5350=ORIENTED_EDGE('',*,*,#5181,.F.);
#5351=ORIENTED_EDGE('',*,*,#5328,.T.);
#5352=EDGE_LOOP('',(#5347,#5349,#5350,#5351));
#5353=FACE_OUTER_BOUND('',#5352,.F.);
#5354=ADVANCED_FACE('',(#5353),#5346,.T.);
#5355=FILL_AREA_STYLE_COLOUR('',#34);
#5356=FILL_AREA_STYLE('',(#5355));
#5357=SURFACE_STYLE_FILL_AREA(#5356);
#5358=SURFACE_SIDE_STYLE('',(#5357));
#5359=SURFACE_STYLE_USAGE(.BOTH.,#5358);
#5360=PRESENTATION_STYLE_ASSIGNMENT((#5359));
#5361=STYLED_ITEM('',(#5360),#5354);
#5362=CARTESIAN_POINT('',(1.63E0,1.488244896869E0,-1.100000000017E0));
#5363=DIRECTION('',(-1.E0,0.E0,0.E0));
#5364=DIRECTION('',(0.E0,-1.E0,0.E0));
#5365=AXIS2_PLACEMENT_3D('',#5362,#5363,#5364);
#5366=PLANE('',#5365);
#5367=ORIENTED_EDGE('',*,*,#5241,.F.);
#5369=ORIENTED_EDGE('',*,*,#5368,.F.);
#5370=ORIENTED_EDGE('',*,*,#5183,.T.);
#5371=ORIENTED_EDGE('',*,*,#5348,.F.);
#5372=EDGE_LOOP('',(#5367,#5369,#5370,#5371));
#5373=FACE_OUTER_BOUND('',#5372,.F.);
#5374=ADVANCED_FACE('',(#5373),#5366,.T.);
#5375=FILL_AREA_STYLE_COLOUR('',#34);
#5376=FILL_AREA_STYLE('',(#5375));
#5377=SURFACE_STYLE_FILL_AREA(#5376);
#5378=SURFACE_SIDE_STYLE('',(#5377));
#5379=SURFACE_STYLE_USAGE(.BOTH.,#5378);
#5380=PRESENTATION_STYLE_ASSIGNMENT((#5379));
#5381=STYLED_ITEM('',(#5380),#5374);
#5382=CARTESIAN_POINT('',(1.931755103131E0,1.488244896869E0,-1.100000000017E0));
#5383=DIRECTION('',(0.E0,0.E0,1.E0));
#5384=DIRECTION('',(1.E0,0.E0,0.E0));
#5385=AXIS2_PLACEMENT_3D('',#5382,#5383,#5384);
#5386=CYLINDRICAL_SURFACE('',#5385,3.017551031308E-1);
#5387=ORIENTED_EDGE('',*,*,#5239,.F.);
#5389=ORIENTED_EDGE('',*,*,#5388,.T.);
#5390=ORIENTED_EDGE('',*,*,#5185,.F.);
#5391=ORIENTED_EDGE('',*,*,#5368,.T.);
#5392=EDGE_LOOP('',(#5387,#5389,#5390,#5391));
#5393=FACE_OUTER_BOUND('',#5392,.F.);
#5394=ADVANCED_FACE('',(#5393),#5386,.T.);
#5395=FILL_AREA_STYLE_COLOUR('',#34);
#5396=FILL_AREA_STYLE('',(#5395));
#5397=SURFACE_STYLE_FILL_AREA(#5396);
#5398=SURFACE_SIDE_STYLE('',(#5397));
#5399=SURFACE_STYLE_USAGE(.BOTH.,#5398);
#5400=PRESENTATION_STYLE_ASSIGNMENT((#5399));
#5401=STYLED_ITEM('',(#5400),#5394);
#5402=CARTESIAN_POINT('',(2.E0,1.79E0,-1.100000000017E0));
#5403=DIRECTION('',(0.E0,1.E0,0.E0));
#5404=DIRECTION('',(-1.E0,0.E0,0.E0));
#5405=AXIS2_PLACEMENT_3D('',#5402,#5403,#5404);
#5406=PLANE('',#5405);
#5407=ORIENTED_EDGE('',*,*,#2945,.T.);
#5408=ORIENTED_EDGE('',*,*,#5187,.T.);
#5409=ORIENTED_EDGE('',*,*,#5388,.F.);
#5410=ORIENTED_EDGE('',*,*,#5237,.F.);
#5411=EDGE_LOOP('',(#5407,#5408,#5409,#5410));
#5412=FACE_OUTER_BOUND('',#5411,.F.);
#5413=ADVANCED_FACE('',(#5412),#5406,.T.);
#5414=FILL_AREA_STYLE_COLOUR('',#34);
#5415=FILL_AREA_STYLE('',(#5414));
#5416=SURFACE_STYLE_FILL_AREA(#5415);
#5417=SURFACE_SIDE_STYLE('',(#5416));
#5418=SURFACE_STYLE_USAGE(.BOTH.,#5417);
#5419=PRESENTATION_STYLE_ASSIGNMENT((#5418));
#5420=STYLED_ITEM('',(#5419),#5413);
#5421=CARTESIAN_POINT('',(1.93E0,1.488244896869E0,-1.100000000017E0));
#5422=DIRECTION('',(-1.E0,0.E0,0.E0));
#5423=DIRECTION('',(0.E0,-1.E0,0.E0));
#5424=AXIS2_PLACEMENT_3D('',#5421,#5422,#5423);
#5425=PLANE('',#5424);
#5426=ORIENTED_EDGE('',*,*,#5231,.T.);
#5427=ORIENTED_EDGE('',*,*,#5270,.F.);
#5428=ORIENTED_EDGE('',*,*,#5171,.F.);
#5429=ORIENTED_EDGE('',*,*,#5209,.F.);
#5430=EDGE_LOOP('',(#5426,#5427,#5428,#5429));
#5431=FACE_OUTER_BOUND('',#5430,.F.);
#5432=ADVANCED_FACE('',(#5431),#5425,.F.);
#5433=FILL_AREA_STYLE_COLOUR('',#34);
#5434=FILL_AREA_STYLE('',(#5433));
#5435=SURFACE_STYLE_FILL_AREA(#5434);
#5436=SURFACE_SIDE_STYLE('',(#5435));
#5437=SURFACE_STYLE_USAGE(.BOTH.,#5436);
#5438=PRESENTATION_STYLE_ASSIGNMENT((#5437));
#5439=STYLED_ITEM('',(#5438),#5432);
#5440=CARTESIAN_POINT('',(2.E0,1.49E0,-1.100000000017E0));
#5441=DIRECTION('',(0.E0,1.E0,0.E0));
#5442=DIRECTION('',(-1.E0,0.E0,0.E0));
#5443=AXIS2_PLACEMENT_3D('',#5440,#5441,#5442);
#5444=PLANE('',#5443);
#5445=ORIENTED_EDGE('',*,*,#2949,.T.);
#5446=ORIENTED_EDGE('',*,*,#5234,.T.);
#5447=ORIENTED_EDGE('',*,*,#5212,.F.);
#5448=ORIENTED_EDGE('',*,*,#5190,.F.);
#5449=EDGE_LOOP('',(#5445,#5446,#5447,#5448));
#5450=FACE_OUTER_BOUND('',#5449,.F.);
#5451=ADVANCED_FACE('',(#5450),#5444,.F.);
#5452=FILL_AREA_STYLE_COLOUR('',#34);
#5453=FILL_AREA_STYLE('',(#5452));
#5454=SURFACE_STYLE_FILL_AREA(#5453);
#5455=SURFACE_SIDE_STYLE('',(#5454));
#5456=SURFACE_STYLE_USAGE(.BOTH.,#5455);
#5457=PRESENTATION_STYLE_ASSIGNMENT((#5456));
#5458=STYLED_ITEM('',(#5457),#5451);
#5459=CARTESIAN_POINT('',(7.55E0,4.9E-1,0.E0));
#5460=DIRECTION('',(2.588190451025E-1,9.659258262891E-1,0.E0));
#5461=DIRECTION('',(-9.659258262891E-1,2.588190451025E-1,0.E0));
#5462=AXIS2_PLACEMENT_3D('',#5459,#5460,#5461);
#5463=PLANE('',#5462);
#5465=ORIENTED_EDGE('',*,*,#5464,.F.);
#5466=ORIENTED_EDGE('',*,*,#2789,.F.);
#5467=ORIENTED_EDGE('',*,*,#2630,.T.);
#5469=ORIENTED_EDGE('',*,*,#5468,.F.);
#5470=EDGE_LOOP('',(#5465,#5466,#5467,#5469));
#5471=FACE_OUTER_BOUND('',#5470,.F.);
#5472=ADVANCED_FACE('',(#5471),#5463,.F.);
#5473=FILL_AREA_STYLE_COLOUR('',#34);
#5474=FILL_AREA_STYLE('',(#5473));
#5475=SURFACE_STYLE_FILL_AREA(#5474);
#5476=SURFACE_SIDE_STYLE('',(#5475));
#5477=SURFACE_STYLE_USAGE(.BOTH.,#5476);
#5478=PRESENTATION_STYLE_ASSIGNMENT((#5477));
#5479=STYLED_ITEM('',(#5478),#5472);
#5480=CARTESIAN_POINT('',(6.38E0,6.689146516911E-1,7.8216E0));
#5481=DIRECTION('',(0.E0,0.E0,-1.E0));
#5482=DIRECTION('',(-1.E0,0.E0,0.E0));
#5483=AXIS2_PLACEMENT_3D('',#5480,#5481,#5482);
#5484=CYLINDRICAL_SURFACE('',#5483,1.3E-1);
#5486=ORIENTED_EDGE('',*,*,#5485,.F.);
#5488=ORIENTED_EDGE('',*,*,#5487,.T.);
#5489=ORIENTED_EDGE('',*,*,#2791,.F.);
#5490=ORIENTED_EDGE('',*,*,#5464,.T.);
#5491=EDGE_LOOP('',(#5486,#5488,#5489,#5490));
#5492=FACE_OUTER_BOUND('',#5491,.F.);
#5493=ADVANCED_FACE('',(#5492),#5484,.F.);
#5494=FILL_AREA_STYLE_COLOUR('',#34);
#5495=FILL_AREA_STYLE('',(#5494));
#5496=SURFACE_STYLE_FILL_AREA(#5495);
#5497=SURFACE_SIDE_STYLE('',(#5496));
#5498=SURFACE_STYLE_USAGE(.BOTH.,#5497);
#5499=PRESENTATION_STYLE_ASSIGNMENT((#5498));
#5500=STYLED_ITEM('',(#5499),#5493);
#5501=CARTESIAN_POINT('',(5.E0,4.9E-1,-1.3E0));
#5502=DIRECTION('',(0.E0,0.E0,1.E0));
#5503=DIRECTION('',(1.E0,0.E0,0.E0));
#5504=AXIS2_PLACEMENT_3D('',#5501,#5502,#5503);
#5505=PLANE('',#5504);
#5506=ORIENTED_EDGE('',*,*,#5485,.T.);
#5507=ORIENTED_EDGE('',*,*,#5468,.T.);
#5508=ORIENTED_EDGE('',*,*,#2628,.F.);
#5510=ORIENTED_EDGE('',*,*,#5509,.F.);
#5511=EDGE_LOOP('',(#5506,#5507,#5508,#5510));
#5512=FACE_OUTER_BOUND('',#5511,.F.);
#5513=ADVANCED_FACE('',(#5512),#5505,.T.);
#5514=FILL_AREA_STYLE_COLOUR('',#34);
#5515=FILL_AREA_STYLE('',(#5514));
#5516=SURFACE_STYLE_FILL_AREA(#5515);
#5517=SURFACE_SIDE_STYLE('',(#5516));
#5518=SURFACE_STYLE_USAGE(.BOTH.,#5517);
#5519=PRESENTATION_STYLE_ASSIGNMENT((#5518));
#5520=STYLED_ITEM('',(#5519),#5513);
#5521=CARTESIAN_POINT('',(6.25E0,8.383339501605E-1,0.E0));
#5522=DIRECTION('',(-1.E0,0.E0,0.E0));
#5523=DIRECTION('',(0.E0,-1.E0,0.E0));
#5524=AXIS2_PLACEMENT_3D('',#5521,#5522,#5523);
#5525=PLANE('',#5524);
#5526=ORIENTED_EDGE('',*,*,#5487,.F.);
#5527=ORIENTED_EDGE('',*,*,#5509,.T.);
#5528=ORIENTED_EDGE('',*,*,#2626,.F.);
#5529=ORIENTED_EDGE('',*,*,#2793,.T.);
#5530=EDGE_LOOP('',(#5526,#5527,#5528,#5529));
#5531=FACE_OUTER_BOUND('',#5530,.F.);
#5532=ADVANCED_FACE('',(#5531),#5525,.F.);
#5533=FILL_AREA_STYLE_COLOUR('',#34);
#5534=FILL_AREA_STYLE('',(#5533));
#5535=SURFACE_STYLE_FILL_AREA(#5534);
#5536=SURFACE_SIDE_STYLE('',(#5535));
#5537=SURFACE_STYLE_USAGE(.BOTH.,#5536);
#5538=PRESENTATION_STYLE_ASSIGNMENT((#5537));
#5539=STYLED_ITEM('',(#5538),#5532);
#5540=CARTESIAN_POINT('',(4.3E0,4.9E-1,-1.025E0));
#5541=DIRECTION('',(0.E0,0.E0,-1.E0));
#5542=DIRECTION('',(1.E0,0.E0,0.E0));
#5543=AXIS2_PLACEMENT_3D('',#5540,#5541,#5542);
#5544=PLANE('',#5543);
#5545=ORIENTED_EDGE('',*,*,#2739,.F.);
#5546=ORIENTED_EDGE('',*,*,#2618,.F.);
#5547=ORIENTED_EDGE('',*,*,#2691,.F.);
#5548=ORIENTED_EDGE('',*,*,#2712,.T.);
#5549=EDGE_LOOP('',(#5545,#5546,#5547,#5548));
#5550=FACE_OUTER_BOUND('',#5549,.F.);
#5551=ADVANCED_FACE('',(#5550),#5544,.F.);
#5552=FILL_AREA_STYLE_COLOUR('',#34);
#5553=FILL_AREA_STYLE('',(#5552));
#5554=SURFACE_STYLE_FILL_AREA(#5553);
#5555=SURFACE_SIDE_STYLE('',(#5554));
#5556=SURFACE_STYLE_USAGE(.BOTH.,#5555);
#5557=PRESENTATION_STYLE_ASSIGNMENT((#5556));
#5558=STYLED_ITEM('',(#5557),#5551);
#5559=CARTESIAN_POINT('',(8.004126659872E0,1.64E0,-5.6E0));
#5560=DIRECTION('',(0.E0,0.E0,1.E0));
#5561=DIRECTION('',(1.E0,0.E0,0.E0));
#5562=AXIS2_PLACEMENT_3D('',#5559,#5560,#5561);
#5563=PLANE('',#5562);
#5565=ORIENTED_EDGE('',*,*,#5564,.T.);
#5567=ORIENTED_EDGE('',*,*,#5566,.T.);
#5569=ORIENTED_EDGE('',*,*,#5568,.T.);
#5571=ORIENTED_EDGE('',*,*,#5570,.T.);
#5573=ORIENTED_EDGE('',*,*,#5572,.T.);
#5575=ORIENTED_EDGE('',*,*,#5574,.T.);
#5577=ORIENTED_EDGE('',*,*,#5576,.T.);
#5579=ORIENTED_EDGE('',*,*,#5578,.F.);
#5581=ORIENTED_EDGE('',*,*,#5580,.T.);
#5583=ORIENTED_EDGE('',*,*,#5582,.F.);
#5584=ORIENTED_EDGE('',*,*,#2561,.T.);
#5586=ORIENTED_EDGE('',*,*,#5585,.T.);
#5587=EDGE_LOOP('',(#5565,#5567,#5569,#5571,#5573,#5575,#5577,#5579,#5581,#5583,
#5584,#5586));
#5588=FACE_OUTER_BOUND('',#5587,.F.);
#5589=ADVANCED_FACE('',(#5588),#5563,.F.);
#5590=FILL_AREA_STYLE_COLOUR('',#34);
#5591=FILL_AREA_STYLE('',(#5590));
#5592=SURFACE_STYLE_FILL_AREA(#5591);
#5593=SURFACE_SIDE_STYLE('',(#5592));
#5594=SURFACE_STYLE_USAGE(.BOTH.,#5593);
#5595=PRESENTATION_STYLE_ASSIGNMENT((#5594));
#5596=STYLED_ITEM('',(#5595),#5589);
#5597=CARTESIAN_POINT('',(8.008253319745E0,1.488253319745E0,-5.6E0));
#5598=DIRECTION('',(0.E0,0.E0,1.E0));
#5599=DIRECTION('',(1.E0,0.E0,0.E0));
#5600=AXIS2_PLACEMENT_3D('',#5597,#5598,#5599);
#5601=CYLINDRICAL_SURFACE('',#5600,1.746680255228E-3);
#5602=ORIENTED_EDGE('',*,*,#5564,.F.);
#5604=ORIENTED_EDGE('',*,*,#5603,.T.);
#5606=ORIENTED_EDGE('',*,*,#5605,.F.);
#5608=ORIENTED_EDGE('',*,*,#5607,.T.);
#5609=EDGE_LOOP('',(#5602,#5604,#5606,#5608));
#5610=FACE_OUTER_BOUND('',#5609,.F.);
#5611=ADVANCED_FACE('',(#5610),#5601,.F.);
#5612=FILL_AREA_STYLE_COLOUR('',#34);
#5613=FILL_AREA_STYLE('',(#5612));
#5614=SURFACE_STYLE_FILL_AREA(#5613);
#5615=SURFACE_SIDE_STYLE('',(#5614));
#5616=SURFACE_STYLE_USAGE(.BOTH.,#5615);
#5617=PRESENTATION_STYLE_ASSIGNMENT((#5616));
#5618=STYLED_ITEM('',(#5617),#5611);
#5619=CARTESIAN_POINT('',(8.E0,1.49E0,-5.6E0));
#5620=DIRECTION('',(0.E0,-1.E0,0.E0));
#5621=DIRECTION('',(1.E0,0.E0,0.E0));
#5622=AXIS2_PLACEMENT_3D('',#5619,#5620,#5621);
#5623=PLANE('',#5622);
#5624=ORIENTED_EDGE('',*,*,#2567,.T.);
#5626=ORIENTED_EDGE('',*,*,#5625,.T.);
#5627=ORIENTED_EDGE('',*,*,#5603,.F.);
#5628=ORIENTED_EDGE('',*,*,#5585,.F.);
#5629=EDGE_LOOP('',(#5624,#5626,#5627,#5628));
#5630=FACE_OUTER_BOUND('',#5629,.F.);
#5631=ADVANCED_FACE('',(#5630),#5623,.T.);
#5632=FILL_AREA_STYLE_COLOUR('',#34);
#5633=FILL_AREA_STYLE('',(#5632));
#5634=SURFACE_STYLE_FILL_AREA(#5633);
#5635=SURFACE_SIDE_STYLE('',(#5634));
#5636=SURFACE_STYLE_USAGE(.BOTH.,#5635);
#5637=PRESENTATION_STYLE_ASSIGNMENT((#5636));
#5638=STYLED_ITEM('',(#5637),#5631);
#5639=CARTESIAN_POINT('',(8.004126659872E0,1.64E0,-4.900000000019E0));
#5640=DIRECTION('',(0.E0,0.E0,-1.E0));
#5641=DIRECTION('',(-1.E0,0.E0,0.E0));
#5642=AXIS2_PLACEMENT_3D('',#5639,#5640,#5641);
#5643=PLANE('',#5642);
#5645=ORIENTED_EDGE('',*,*,#5644,.T.);
#5647=ORIENTED_EDGE('',*,*,#5646,.T.);
#5649=ORIENTED_EDGE('',*,*,#5648,.F.);
#5650=ORIENTED_EDGE('',*,*,#5605,.T.);
#5651=ORIENTED_EDGE('',*,*,#5625,.F.);
#5652=ORIENTED_EDGE('',*,*,#2565,.F.);
#5654=ORIENTED_EDGE('',*,*,#5653,.T.);
#5656=ORIENTED_EDGE('',*,*,#5655,.T.);
#5658=ORIENTED_EDGE('',*,*,#5657,.T.);
#5660=ORIENTED_EDGE('',*,*,#5659,.T.);
#5662=ORIENTED_EDGE('',*,*,#5661,.T.);
#5664=ORIENTED_EDGE('',*,*,#5663,.T.);
#5665=EDGE_LOOP('',(#5645,#5647,#5649,#5650,#5651,#5652,#5654,#5656,#5658,#5660,
#5662,#5664));
#5666=FACE_OUTER_BOUND('',#5665,.F.);
#5667=ADVANCED_FACE('',(#5666),#5643,.F.);
#5668=FILL_AREA_STYLE_COLOUR('',#34);
#5669=FILL_AREA_STYLE('',(#5668));
#5670=SURFACE_STYLE_FILL_AREA(#5669);
#5671=SURFACE_SIDE_STYLE('',(#5670));
#5672=SURFACE_STYLE_USAGE(.BOTH.,#5671);
#5673=PRESENTATION_STYLE_ASSIGNMENT((#5672));
#5674=STYLED_ITEM('',(#5673),#5667);
#5675=CARTESIAN_POINT('',(8.007950011901E0,2.478875459900E-1,-5.6E0));
#5676=DIRECTION('',(1.736481776669E-1,9.848077530122E-1,0.E0));
#5677=DIRECTION('',(-9.848077530122E-1,1.736481776669E-1,0.E0));
#5678=AXIS2_PLACEMENT_3D('',#5675,#5676,#5677);
#5679=PLANE('',#5678);
#5680=ORIENTED_EDGE('',*,*,#5570,.F.);
#5682=ORIENTED_EDGE('',*,*,#5681,.F.);
#5683=ORIENTED_EDGE('',*,*,#5644,.F.);
#5685=ORIENTED_EDGE('',*,*,#5684,.F.);
#5686=EDGE_LOOP('',(#5680,#5682,#5683,#5685));
#5687=FACE_OUTER_BOUND('',#5686,.F.);
#5688=ADVANCED_FACE('',(#5687),#5679,.T.);
#5689=FILL_AREA_STYLE_COLOUR('',#34);
#5690=FILL_AREA_STYLE('',(#5689));
#5691=SURFACE_STYLE_FILL_AREA(#5690);
#5692=SURFACE_SIDE_STYLE('',(#5691));
#5693=SURFACE_STYLE_USAGE(.BOTH.,#5692);
#5694=PRESENTATION_STYLE_ASSIGNMENT((#5693));
#5695=STYLED_ITEM('',(#5694),#5688);
#5696=CARTESIAN_POINT('',(8.008253319745E0,2.496076902480E-1,-5.6E0));
#5697=DIRECTION('',(0.E0,0.E0,1.E0));
#5698=DIRECTION('',(1.E0,0.E0,0.E0));
#5699=AXIS2_PLACEMENT_3D('',#5696,#5697,#5698);
#5700=CYLINDRICAL_SURFACE('',#5699,1.746680255228E-3);
#5701=ORIENTED_EDGE('',*,*,#5568,.F.);
#5703=ORIENTED_EDGE('',*,*,#5702,.T.);
#5704=ORIENTED_EDGE('',*,*,#5646,.F.);
#5705=ORIENTED_EDGE('',*,*,#5681,.T.);
#5706=EDGE_LOOP('',(#5701,#5703,#5704,#5705));
#5707=FACE_OUTER_BOUND('',#5706,.F.);
#5708=ADVANCED_FACE('',(#5707),#5700,.F.);
#5709=FILL_AREA_STYLE_COLOUR('',#34);
#5710=FILL_AREA_STYLE('',(#5709));
#5711=SURFACE_STYLE_FILL_AREA(#5710);
#5712=SURFACE_SIDE_STYLE('',(#5711));
#5713=SURFACE_STYLE_USAGE(.BOTH.,#5712);
#5714=PRESENTATION_STYLE_ASSIGNMENT((#5713));
#5715=STYLED_ITEM('',(#5714),#5708);
#5716=CARTESIAN_POINT('',(8.01E0,1.488253319745E0,-5.6E0));
#5717=DIRECTION('',(-1.E0,0.E0,0.E0));
#5718=DIRECTION('',(0.E0,-1.E0,0.E0));
#5719=AXIS2_PLACEMENT_3D('',#5716,#5717,#5718);
#5720=PLANE('',#5719);
#5721=ORIENTED_EDGE('',*,*,#5566,.F.);
#5722=ORIENTED_EDGE('',*,*,#5607,.F.);
#5723=ORIENTED_EDGE('',*,*,#5648,.T.);
#5724=ORIENTED_EDGE('',*,*,#5702,.F.);
#5725=EDGE_LOOP('',(#5721,#5722,#5723,#5724));
#5726=FACE_OUTER_BOUND('',#5725,.F.);
#5727=ADVANCED_FACE('',(#5726),#5720,.T.);
#5728=FILL_AREA_STYLE_COLOUR('',#34);
#5729=FILL_AREA_STYLE('',(#5728));
#5730=SURFACE_STYLE_FILL_AREA(#5729);
#5731=SURFACE_SIDE_STYLE('',(#5730));
#5732=SURFACE_STYLE_USAGE(.BOTH.,#5731);
#5733=PRESENTATION_STYLE_ASSIGNMENT((#5732));
#5734=STYLED_ITEM('',(#5733),#5727);
#5735=CARTESIAN_POINT('',(6.957316372433E0,2.808286116860E-1,
-5.250000000009E0));
#5736=DIRECTION('',(9.848077530122E-1,-1.736481776669E-1,0.E0));
#5737=DIRECTION('',(0.E0,0.E0,1.E0));
#5738=AXIS2_PLACEMENT_3D('',#5735,#5736,#5737);
#5739=PLANE('',#5738);
#5741=ORIENTED_EDGE('',*,*,#5740,.F.);
#5742=ORIENTED_EDGE('',*,*,#5572,.F.);
#5743=ORIENTED_EDGE('',*,*,#5684,.T.);
#5744=ORIENTED_EDGE('',*,*,#5663,.F.);
#5745=EDGE_LOOP('',(#5741,#5742,#5743,#5744));
#5746=FACE_OUTER_BOUND('',#5745,.F.);
#5747=ADVANCED_FACE('',(#5746),#5739,.F.);
#5748=FILL_AREA_STYLE_COLOUR('',#34);
#5749=FILL_AREA_STYLE('',(#5748));
#5750=SURFACE_STYLE_FILL_AREA(#5749);
#5751=SURFACE_SIDE_STYLE('',(#5750));
#5752=SURFACE_STYLE_USAGE(.BOTH.,#5751);
#5753=PRESENTATION_STYLE_ASSIGNMENT((#5752));
#5754=STYLED_ITEM('',(#5753),#5747);
#5755=CARTESIAN_POINT('',(7.955855558601E0,-4.755477991300E-2,-5.6E0));
#5756=DIRECTION('',(1.736481776669E-1,9.848077530122E-1,0.E0));
#5757=DIRECTION('',(-9.848077530122E-1,1.736481776669E-1,0.E0));
#5758=AXIS2_PLACEMENT_3D('',#5755,#5756,#5757);
#5759=PLANE('',#5758);
#5760=ORIENTED_EDGE('',*,*,#5574,.F.);
#5761=ORIENTED_EDGE('',*,*,#5740,.T.);
#5762=ORIENTED_EDGE('',*,*,#5661,.F.);
#5764=ORIENTED_EDGE('',*,*,#5763,.F.);
#5765=EDGE_LOOP('',(#5760,#5761,#5762,#5764));
#5766=FACE_OUTER_BOUND('',#5765,.F.);
#5767=ADVANCED_FACE('',(#5766),#5759,.F.);
#5768=FILL_AREA_STYLE_COLOUR('',#34);
#5769=FILL_AREA_STYLE('',(#5768));
#5770=SURFACE_STYLE_FILL_AREA(#5769);
#5771=SURFACE_SIDE_STYLE('',(#5770));
#5772=SURFACE_STYLE_USAGE(.BOTH.,#5771);
#5773=PRESENTATION_STYLE_ASSIGNMENT((#5772));
#5774=STYLED_ITEM('',(#5773),#5767);
#5775=CARTESIAN_POINT('',(8.008253319745E0,2.496076902480E-1,-5.6E0));
#5776=DIRECTION('',(0.E0,0.E0,1.E0));
#5777=DIRECTION('',(1.E0,0.E0,0.E0));
#5778=AXIS2_PLACEMENT_3D('',#5775,#5776,#5777);
#5779=CYLINDRICAL_SURFACE('',#5778,3.017466802552E-1);
#5780=ORIENTED_EDGE('',*,*,#5576,.F.);
#5781=ORIENTED_EDGE('',*,*,#5763,.T.);
#5782=ORIENTED_EDGE('',*,*,#5659,.F.);
#5784=ORIENTED_EDGE('',*,*,#5783,.T.);
#5785=EDGE_LOOP('',(#5780,#5781,#5782,#5784));
#5786=FACE_OUTER_BOUND('',#5785,.F.);
#5787=ADVANCED_FACE('',(#5786),#5779,.T.);
#5788=FILL_AREA_STYLE_COLOUR('',#34);
#5789=FILL_AREA_STYLE('',(#5788));
#5790=SURFACE_STYLE_FILL_AREA(#5789);
#5791=SURFACE_SIDE_STYLE('',(#5790));
#5792=SURFACE_STYLE_USAGE(.BOTH.,#5791);
#5793=PRESENTATION_STYLE_ASSIGNMENT((#5792));
#5794=STYLED_ITEM('',(#5793),#5787);
#5795=CARTESIAN_POINT('',(8.31E0,1.488253319745E0,-5.6E0));
#5796=DIRECTION('',(-1.E0,0.E0,0.E0));
#5797=DIRECTION('',(0.E0,-1.E0,0.E0));
#5798=AXIS2_PLACEMENT_3D('',#5795,#5796,#5797);
#5799=PLANE('',#5798);
#5800=ORIENTED_EDGE('',*,*,#5578,.T.);
#5801=ORIENTED_EDGE('',*,*,#5783,.F.);
#5802=ORIENTED_EDGE('',*,*,#5657,.F.);
#5804=ORIENTED_EDGE('',*,*,#5803,.F.);
#5805=EDGE_LOOP('',(#5800,#5801,#5802,#5804));
#5806=FACE_OUTER_BOUND('',#5805,.F.);
#5807=ADVANCED_FACE('',(#5806),#5799,.F.);
#5808=FILL_AREA_STYLE_COLOUR('',#34);
#5809=FILL_AREA_STYLE('',(#5808));
#5810=SURFACE_STYLE_FILL_AREA(#5809);
#5811=SURFACE_SIDE_STYLE('',(#5810));
#5812=SURFACE_STYLE_USAGE(.BOTH.,#5811);
#5813=PRESENTATION_STYLE_ASSIGNMENT((#5812));
#5814=STYLED_ITEM('',(#5813),#5807);
#5815=CARTESIAN_POINT('',(8.008253319745E0,1.488253319745E0,-5.6E0));
#5816=DIRECTION('',(0.E0,0.E0,1.E0));
#5817=DIRECTION('',(1.E0,0.E0,0.E0));
#5818=AXIS2_PLACEMENT_3D('',#5815,#5816,#5817);
#5819=CYLINDRICAL_SURFACE('',#5818,3.017466802552E-1);
#5820=ORIENTED_EDGE('',*,*,#5580,.F.);
#5821=ORIENTED_EDGE('',*,*,#5803,.T.);
#5822=ORIENTED_EDGE('',*,*,#5655,.F.);
#5824=ORIENTED_EDGE('',*,*,#5823,.T.);
#5825=EDGE_LOOP('',(#5820,#5821,#5822,#5824));
#5826=FACE_OUTER_BOUND('',#5825,.F.);
#5827=ADVANCED_FACE('',(#5826),#5819,.T.);
#5828=FILL_AREA_STYLE_COLOUR('',#34);
#5829=FILL_AREA_STYLE('',(#5828));
#5830=SURFACE_STYLE_FILL_AREA(#5829);
#5831=SURFACE_SIDE_STYLE('',(#5830));
#5832=SURFACE_STYLE_USAGE(.BOTH.,#5831);
#5833=PRESENTATION_STYLE_ASSIGNMENT((#5832));
#5834=STYLED_ITEM('',(#5833),#5827);
#5835=CARTESIAN_POINT('',(8.E0,1.79E0,-5.6E0));
#5836=DIRECTION('',(0.E0,-1.E0,0.E0));
#5837=DIRECTION('',(1.E0,0.E0,0.E0));
#5838=AXIS2_PLACEMENT_3D('',#5835,#5836,#5837);
#5839=PLANE('',#5838);
#5840=ORIENTED_EDGE('',*,*,#2563,.F.);
#5841=ORIENTED_EDGE('',*,*,#5582,.T.);
#5842=ORIENTED_EDGE('',*,*,#5823,.F.);
#5843=ORIENTED_EDGE('',*,*,#5653,.F.);
#5844=EDGE_LOOP('',(#5840,#5841,#5842,#5843));
#5845=FACE_OUTER_BOUND('',#5844,.F.);
#5846=ADVANCED_FACE('',(#5845),#5839,.F.);
#5847=FILL_AREA_STYLE_COLOUR('',#34);
#5848=FILL_AREA_STYLE('',(#5847));
#5849=SURFACE_STYLE_FILL_AREA(#5848);
#5850=SURFACE_SIDE_STYLE('',(#5849));
#5851=SURFACE_STYLE_USAGE(.BOTH.,#5850);
#5852=PRESENTATION_STYLE_ASSIGNMENT((#5851));
#5853=STYLED_ITEM('',(#5852),#5846);
#5854=CARTESIAN_POINT('',(8.115552895469E0,1.595552895469E0,-4.E-1));
#5855=DIRECTION('',(0.E0,0.E0,-1.E0));
#5856=DIRECTION('',(0.E0,1.E0,0.E0));
#5857=AXIS2_PLACEMENT_3D('',#5854,#5855,#5856);
#5858=PLANE('',#5857);
#5860=ORIENTED_EDGE('',*,*,#5859,.T.);
#5862=ORIENTED_EDGE('',*,*,#5861,.T.);
#5864=ORIENTED_EDGE('',*,*,#5863,.T.);
#5865=ORIENTED_EDGE('',*,*,#2443,.T.);
#5867=ORIENTED_EDGE('',*,*,#5866,.T.);
#5869=ORIENTED_EDGE('',*,*,#5868,.F.);
#5870=ORIENTED_EDGE('',*,*,#2503,.T.);
#5871=ORIENTED_EDGE('',*,*,#2524,.F.);
#5872=ORIENTED_EDGE('',*,*,#2571,.F.);
#5874=ORIENTED_EDGE('',*,*,#5873,.T.);
#5876=ORIENTED_EDGE('',*,*,#5875,.T.);
#5878=ORIENTED_EDGE('',*,*,#5877,.T.);
#5879=EDGE_LOOP('',(#5860,#5862,#5864,#5865,#5867,#5869,#5870,#5871,#5872,#5874,
#5876,#5878));
#5880=FACE_OUTER_BOUND('',#5879,.F.);
#5881=ADVANCED_FACE('',(#5880),#5858,.F.);
#5882=FILL_AREA_STYLE_COLOUR('',#34);
#5883=FILL_AREA_STYLE('',(#5882));
#5884=SURFACE_STYLE_FILL_AREA(#5883);
#5885=SURFACE_SIDE_STYLE('',(#5884));
#5886=SURFACE_STYLE_USAGE(.BOTH.,#5885);
#5887=PRESENTATION_STYLE_ASSIGNMENT((#5886));
#5888=STYLED_ITEM('',(#5887),#5881);
#5889=CARTESIAN_POINT('',(8.008248092903E0,2.496139193550E-1,
-1.100000000017E0));
#5890=DIRECTION('',(0.E0,0.E0,1.E0));
#5891=DIRECTION('',(1.E0,0.E0,0.E0));
#5892=AXIS2_PLACEMENT_3D('',#5889,#5890,#5891);
#5893=CYLINDRICAL_SURFACE('',#5892,3.017519070972E-1);
#5894=ORIENTED_EDGE('',*,*,#2473,.F.);
#5896=ORIENTED_EDGE('',*,*,#5895,.T.);
#5897=ORIENTED_EDGE('',*,*,#5859,.F.);
#5899=ORIENTED_EDGE('',*,*,#5898,.T.);
#5900=EDGE_LOOP('',(#5894,#5896,#5897,#5899));
#5901=FACE_OUTER_BOUND('',#5900,.F.);
#5902=ADVANCED_FACE('',(#5901),#5893,.T.);
#5903=FILL_AREA_STYLE_COLOUR('',#34);
#5904=FILL_AREA_STYLE('',(#5903));
#5905=SURFACE_STYLE_FILL_AREA(#5904);
#5906=SURFACE_SIDE_STYLE('',(#5905));
#5907=SURFACE_STYLE_USAGE(.BOTH.,#5906);
#5908=PRESENTATION_STYLE_ASSIGNMENT((#5907));
#5909=STYLED_ITEM('',(#5908),#5902);
#5910=CARTESIAN_POINT('',(7.955849424128E0,-4.755369824E-2,-1.100000000017E0));
#5911=DIRECTION('',(1.736481776669E-1,9.848077530122E-1,0.E0));
#5912=DIRECTION('',(-9.848077530122E-1,1.736481776669E-1,0.E0));
#5913=AXIS2_PLACEMENT_3D('',#5910,#5911,#5912);
#5914=PLANE('',#5913);
#5915=ORIENTED_EDGE('',*,*,#2471,.F.);
#5917=ORIENTED_EDGE('',*,*,#5916,.T.);
#5918=ORIENTED_EDGE('',*,*,#5861,.F.);
#5919=ORIENTED_EDGE('',*,*,#5895,.F.);
#5920=EDGE_LOOP('',(#5915,#5917,#5918,#5919));
#5921=FACE_OUTER_BOUND('',#5920,.F.);
#5922=ADVANCED_FACE('',(#5921),#5914,.F.);
#5923=FILL_AREA_STYLE_COLOUR('',#34);
#5924=FILL_AREA_STYLE('',(#5923));
#5925=SURFACE_STYLE_FILL_AREA(#5924);
#5926=SURFACE_SIDE_STYLE('',(#5925));
#5927=SURFACE_STYLE_USAGE(.BOTH.,#5926);
#5928=PRESENTATION_STYLE_ASSIGNMENT((#5927));
#5929=STYLED_ITEM('',(#5928),#5922);
#5930=CARTESIAN_POINT('',(6.957316372433E0,2.808286116860E-1,
-7.500000000080E-1));
#5931=DIRECTION('',(9.848077530122E-1,-1.736481776669E-1,0.E0));
#5932=DIRECTION('',(0.E0,0.E0,1.E0));
#5933=AXIS2_PLACEMENT_3D('',#5930,#5931,#5932);
#5934=PLANE('',#5933);
#5935=ORIENTED_EDGE('',*,*,#5916,.F.);
#5936=ORIENTED_EDGE('',*,*,#2469,.F.);
#5937=ORIENTED_EDGE('',*,*,#2445,.T.);
#5938=ORIENTED_EDGE('',*,*,#5863,.F.);
#5939=EDGE_LOOP('',(#5935,#5936,#5937,#5938));
#5940=FACE_OUTER_BOUND('',#5939,.F.);
#5941=ADVANCED_FACE('',(#5940),#5934,.F.);
#5942=FILL_AREA_STYLE_COLOUR('',#34);
#5943=FILL_AREA_STYLE('',(#5942));
#5944=SURFACE_STYLE_FILL_AREA(#5943);
#5945=SURFACE_SIDE_STYLE('',(#5944));
#5946=SURFACE_STYLE_USAGE(.BOTH.,#5945);
#5947=PRESENTATION_STYLE_ASSIGNMENT((#5946));
#5948=STYLED_ITEM('',(#5947),#5941);
#5949=CARTESIAN_POINT('',(8.31E0,1.488248092903E0,-1.100000000017E0));
#5950=DIRECTION('',(-1.E0,0.E0,0.E0));
#5951=DIRECTION('',(0.E0,-1.E0,0.E0));
#5952=AXIS2_PLACEMENT_3D('',#5949,#5950,#5951);
#5953=PLANE('',#5952);
#5954=ORIENTED_EDGE('',*,*,#2475,.T.);
#5955=ORIENTED_EDGE('',*,*,#5898,.F.);
#5956=ORIENTED_EDGE('',*,*,#5877,.F.);
#5958=ORIENTED_EDGE('',*,*,#5957,.F.);
#5959=EDGE_LOOP('',(#5954,#5955,#5956,#5958));
#5960=FACE_OUTER_BOUND('',#5959,.F.);
#5961=ADVANCED_FACE('',(#5960),#5953,.F.);
#5962=FILL_AREA_STYLE_COLOUR('',#34);
#5963=FILL_AREA_STYLE('',(#5962));
#5964=SURFACE_STYLE_FILL_AREA(#5963);
#5965=SURFACE_SIDE_STYLE('',(#5964));
#5966=SURFACE_STYLE_USAGE(.BOTH.,#5965);
#5967=PRESENTATION_STYLE_ASSIGNMENT((#5966));
#5968=STYLED_ITEM('',(#5967),#5961);
#5969=CARTESIAN_POINT('',(8.008248092903E0,1.488248092903E0,-1.100000000017E0));
#5970=DIRECTION('',(0.E0,0.E0,1.E0));
#5971=DIRECTION('',(1.E0,0.E0,0.E0));
#5972=AXIS2_PLACEMENT_3D('',#5969,#5970,#5971);
#5973=CYLINDRICAL_SURFACE('',#5972,3.017519070972E-1);
#5974=ORIENTED_EDGE('',*,*,#2477,.F.);
#5975=ORIENTED_EDGE('',*,*,#5957,.T.);
#5976=ORIENTED_EDGE('',*,*,#5875,.F.);
#5978=ORIENTED_EDGE('',*,*,#5977,.T.);
#5979=EDGE_LOOP('',(#5974,#5975,#5976,#5978));
#5980=FACE_OUTER_BOUND('',#5979,.F.);
#5981=ADVANCED_FACE('',(#5980),#5973,.T.);
#5982=FILL_AREA_STYLE_COLOUR('',#34);
#5983=FILL_AREA_STYLE('',(#5982));
#5984=SURFACE_STYLE_FILL_AREA(#5983);
#5985=SURFACE_SIDE_STYLE('',(#5984));
#5986=SURFACE_STYLE_USAGE(.BOTH.,#5985);
#5987=PRESENTATION_STYLE_ASSIGNMENT((#5986));
#5988=STYLED_ITEM('',(#5987),#5981);
#5989=CARTESIAN_POINT('',(8.E0,1.79E0,-1.100000000017E0));
#5990=DIRECTION('',(0.E0,-1.E0,0.E0));
#5991=DIRECTION('',(1.E0,0.E0,0.E0));
#5992=AXIS2_PLACEMENT_3D('',#5989,#5990,#5991);
#5993=PLANE('',#5992);
#5994=ORIENTED_EDGE('',*,*,#2575,.F.);
#5995=ORIENTED_EDGE('',*,*,#2479,.T.);
#5996=ORIENTED_EDGE('',*,*,#5977,.F.);
#5997=ORIENTED_EDGE('',*,*,#5873,.F.);
#5998=EDGE_LOOP('',(#5994,#5995,#5996,#5997));
#5999=FACE_OUTER_BOUND('',#5998,.F.);
#6000=ADVANCED_FACE('',(#5999),#5993,.F.);
#6001=FILL_AREA_STYLE_COLOUR('',#34);
#6002=FILL_AREA_STYLE('',(#6001));
#6003=SURFACE_STYLE_FILL_AREA(#6002);
#6004=SURFACE_SIDE_STYLE('',(#6003));
#6005=SURFACE_STYLE_USAGE(.BOTH.,#6004);
#6006=PRESENTATION_STYLE_ASSIGNMENT((#6005));
#6007=STYLED_ITEM('',(#6006),#6000);
#6008=CARTESIAN_POINT('',(8.008248092903E0,2.496139193550E-1,
-1.100000000017E0));
#6009=DIRECTION('',(0.E0,0.E0,1.E0));
#6010=DIRECTION('',(1.E0,0.E0,0.E0));
#6011=AXIS2_PLACEMENT_3D('',#6008,#6009,#6010);
#6012=CYLINDRICAL_SURFACE('',#6011,1.751907097210E-3);
#6013=ORIENTED_EDGE('',*,*,#2466,.F.);
#6015=ORIENTED_EDGE('',*,*,#6014,.T.);
#6016=ORIENTED_EDGE('',*,*,#5866,.F.);
#6017=ORIENTED_EDGE('',*,*,#2441,.T.);
#6018=EDGE_LOOP('',(#6013,#6015,#6016,#6017));
#6019=FACE_OUTER_BOUND('',#6018,.F.);
#6020=ADVANCED_FACE('',(#6019),#6012,.F.);
#6021=FILL_AREA_STYLE_COLOUR('',#34);
#6022=FILL_AREA_STYLE('',(#6021));
#6023=SURFACE_STYLE_FILL_AREA(#6022);
#6024=SURFACE_SIDE_STYLE('',(#6023));
#6025=SURFACE_STYLE_USAGE(.BOTH.,#6024);
#6026=PRESENTATION_STYLE_ASSIGNMENT((#6025));
#6027=STYLED_ITEM('',(#6026),#6020);
#6028=CARTESIAN_POINT('',(8.01E0,1.488248092903E0,-1.100000000017E0));
#6029=DIRECTION('',(-1.E0,0.E0,0.E0));
#6030=DIRECTION('',(0.E0,-1.E0,0.E0));
#6031=AXIS2_PLACEMENT_3D('',#6028,#6029,#6030);
#6032=PLANE('',#6031);
#6033=ORIENTED_EDGE('',*,*,#2464,.F.);
#6034=ORIENTED_EDGE('',*,*,#2505,.F.);
#6035=ORIENTED_EDGE('',*,*,#5868,.T.);
#6036=ORIENTED_EDGE('',*,*,#6014,.F.);
#6037=EDGE_LOOP('',(#6033,#6034,#6035,#6036));
#6038=FACE_OUTER_BOUND('',#6037,.F.);
#6039=ADVANCED_FACE('',(#6038),#6032,.T.);
#6040=FILL_AREA_STYLE_COLOUR('',#34);
#6041=FILL_AREA_STYLE('',(#6040));
#6042=SURFACE_STYLE_FILL_AREA(#6041);
#6043=SURFACE_SIDE_STYLE('',(#6042));
#6044=SURFACE_STYLE_USAGE(.BOTH.,#6043);
#6045=PRESENTATION_STYLE_ASSIGNMENT((#6044));
#6046=STYLED_ITEM('',(#6045),#6039);
#6047=CLOSED_SHELL('',(#2449,#2487,#2509,#2530,#2579,#2601,#2654,#2676,#2697,
#2722,#2743,#2763,#2802,#2823,#2844,#2864,#2883,#2904,#2953,#2975,#3027,#3049,
#3070,#3095,#3135,#3156,#3177,#3197,#3216,#3236,#3256,#3275,#3296,#3317,#3337,
#3356,#3376,#3449,#3471,#3492,#3513,#3534,#3555,#3576,#3597,#3618,#3639,#3660,
#3681,#3702,#3723,#3744,#3765,#3786,#3807,#3828,#3849,#3870,#3891,#3912,#3933,
#3953,#4022,#4044,#4068,#4087,#4109,#4131,#4142,#4155,#4167,#4189,#4209,#4233,
#4254,#4274,#4298,#4320,#4345,#4366,#4387,#4409,#4429,#4453,#4474,#4494,#4518,
#4540,#4565,#4586,#4607,#4627,#4665,#4684,#4706,#4726,#4743,#4765,#4785,#4802,
#4824,#4844,#4861,#4883,#4920,#4942,#4978,#4998,#5017,#5037,#5057,#5077,#5097,
#5117,#5137,#5156,#5194,#5216,#5253,#5274,#5294,#5314,#5334,#5354,#5374,#5394,
#5413,#5432,#5451,#5472,#5493,#5513,#5532,#5551,#5589,#5611,#5631,#5667,#5688,
#5708,#5727,#5747,#5767,#5787,#5807,#5827,#5846,#5881,#5902,#5922,#5941,#5961,
#5981,#6000,#6020,#6039));
#6048=CARTESIAN_POINT('',(7.125E0,3.94E0,-5.125E0));
#6049=DIRECTION('',(0.E0,-1.E0,0.E0));
#6050=DIRECTION('',(9.521674996150E-1,0.E0,3.055765905250E-1));
#6051=AXIS2_PLACEMENT_3D('',#6048,#6049,#6050);
#6053=CARTESIAN_POINT('',(7.125E0,3.94E0,-5.125E0));
#6054=DIRECTION('',(0.E0,-1.E0,0.E0));
#6055=DIRECTION('',(-1.E0,0.E0,0.E0));
#6056=AXIS2_PLACEMENT_3D('',#6053,#6054,#6055);
#6058=CARTESIAN_POINT('',(7.125E0,3.94E0,-5.125E0));
#6059=DIRECTION('',(0.E0,-1.E0,0.E0));
#6060=DIRECTION('',(-9.521674996152E-1,0.E0,-3.055765905243E-1));
#6061=AXIS2_PLACEMENT_3D('',#6058,#6059,#6060);
#6063=CARTESIAN_POINT('',(7.15E0,3.94E0,-5.15E0));
#6064=DIRECTION('',(0.E0,1.E0,0.E0));
#6065=DIRECTION('',(-3.751851760716E-1,0.E0,-9.269498819549E-1));
#6066=AXIS2_PLACEMENT_3D('',#6063,#6064,#6065);
#6068=CARTESIAN_POINT('',(7.15E0,3.94E0,-5.15E0));
#6069=DIRECTION('',(0.E0,1.E0,0.E0));
#6070=DIRECTION('',(0.E0,0.E0,1.E0));
#6071=AXIS2_PLACEMENT_3D('',#6068,#6069,#6070);
#6073=CARTESIAN_POINT('',(7.15E0,3.94E0,-5.15E0));
#6074=DIRECTION('',(0.E0,1.E0,0.E0));
#6075=DIRECTION('',(3.751851760723E-1,0.E0,9.269498819546E-1));
#6076=AXIS2_PLACEMENT_3D('',#6073,#6074,#6075);
#6078=DIRECTION('',(0.E0,-1.E0,-1.776356839400E-14));
#6079=VECTOR('',#6078,3.E-1);
#6080=CARTESIAN_POINT('',(7.543953699831E0,3.94E0,-4.990546300169E0));
#6081=LINE('',#6080,#6079);
#6082=CARTESIAN_POINT('',(7.125E0,3.64E0,-5.125E0));
#6083=DIRECTION('',(0.E0,1.E0,0.E0));
#6084=DIRECTION('',(-3.055765905239E-1,0.E0,-9.521674996154E-1));
#6085=AXIS2_PLACEMENT_3D('',#6082,#6083,#6084);
#6087=CARTESIAN_POINT('',(7.125E0,3.64E0,-5.125E0));
#6088=DIRECTION('',(0.E0,1.E0,0.E0));
#6089=DIRECTION('',(-1.E0,0.E0,0.E0));
#6090=AXIS2_PLACEMENT_3D('',#6087,#6088,#6089);
#6092=CARTESIAN_POINT('',(7.15E0,3.64E0,-5.15E0));
#6093=DIRECTION('',(0.E0,-1.E0,0.E0));
#6094=DIRECTION('',(9.269498819543E-1,0.E0,3.751851760729E-1));
#6095=AXIS2_PLACEMENT_3D('',#6092,#6093,#6094);
#6097=CARTESIAN_POINT('',(7.15E0,3.64E0,-5.15E0));
#6098=DIRECTION('',(0.E0,-1.E0,0.E0));
#6099=DIRECTION('',(0.E0,0.E0,1.E0));
#6100=AXIS2_PLACEMENT_3D('',#6097,#6098,#6099);
#6102=DIRECTION('',(-7.401486830834E-14,-1.E0,3.848773152034E-14));
#6103=VECTOR('',#6102,3.E-1);
#6104=CARTESIAN_POINT('',(6.990546300169E0,3.94E0,-5.543953699831E0));
#6105=LINE('',#6104,#6103);
#6106=CARTESIAN_POINT('',(6.685E0,3.64E0,-5.125E0));
#6107=CARTESIAN_POINT('',(7.543953699831E0,3.64E0,-4.990546300169E0));
#6108=VERTEX_POINT('',#6106);
#6109=VERTEX_POINT('',#6107);
#6110=CARTESIAN_POINT('',(6.990546300169E0,3.64E0,-5.543953699831E0));
#6111=VERTEX_POINT('',#6110);
#6112=CARTESIAN_POINT('',(7.15E0,3.64E0,-4.725E0));
#6113=VERTEX_POINT('',#6112);
#6114=CARTESIAN_POINT('',(6.990546300169E0,3.94E0,-5.543953699831E0));
#6115=VERTEX_POINT('',#6114);
#6116=CARTESIAN_POINT('',(7.543953699831E0,3.94E0,-4.990546300169E0));
#6117=CARTESIAN_POINT('',(6.685E0,3.94E0,-5.125E0));
#6118=VERTEX_POINT('',#6116);
#6119=VERTEX_POINT('',#6117);
#6120=CARTESIAN_POINT('',(6.706046300169E0,3.94E0,-5.259453699831E0));
#6121=VERTEX_POINT('',#6120);
#6122=CARTESIAN_POINT('',(7.15E0,3.94E0,-4.725E0));
#6123=VERTEX_POINT('',#6122);
#6124=CARTESIAN_POINT('',(7.309453699831E0,3.94E0,-4.756046300169E0));
#6125=VERTEX_POINT('',#6124);
#6126=CARTESIAN_POINT('',(5.E0,3.94E0,-3.E0));
#6127=DIRECTION('',(0.E0,1.E0,0.E0));
#6128=DIRECTION('',(0.E0,0.E0,1.E0));
#6129=AXIS2_PLACEMENT_3D('',#6126,#6127,#6128);
#6130=PLANE('',#6129);
#6132=ORIENTED_EDGE('',*,*,#6131,.T.);
#6134=ORIENTED_EDGE('',*,*,#6133,.T.);
#6136=ORIENTED_EDGE('',*,*,#6135,.T.);
#6138=ORIENTED_EDGE('',*,*,#6137,.T.);
#6140=ORIENTED_EDGE('',*,*,#6139,.T.);
#6142=ORIENTED_EDGE('',*,*,#6141,.T.);
#6143=EDGE_LOOP('',(#6132,#6134,#6136,#6138,#6140,#6142));
#6144=FACE_OUTER_BOUND('',#6143,.F.);
#6145=ADVANCED_FACE('',(#6144),#6130,.T.);
#6146=FILL_AREA_STYLE_COLOUR('',#34);
#6147=FILL_AREA_STYLE('',(#6146));
#6148=SURFACE_STYLE_FILL_AREA(#6147);
#6149=SURFACE_SIDE_STYLE('',(#6148));
#6150=SURFACE_STYLE_USAGE(.BOTH.,#6149);
#6151=PRESENTATION_STYLE_ASSIGNMENT((#6150));
#6152=STYLED_ITEM('',(#6151),#6145);
#6153=CARTESIAN_POINT('',(7.125E0,3.94E0,-5.125E0));
#6154=DIRECTION('',(0.E0,-1.E0,0.E0));
#6155=DIRECTION('',(-1.E0,0.E0,0.E0));
#6156=AXIS2_PLACEMENT_3D('',#6153,#6154,#6155);
#6157=CYLINDRICAL_SURFACE('',#6156,4.4E-1);
#6159=ORIENTED_EDGE('',*,*,#6158,.F.);
#6161=ORIENTED_EDGE('',*,*,#6160,.F.);
#6163=ORIENTED_EDGE('',*,*,#6162,.F.);
#6164=ORIENTED_EDGE('',*,*,#6135,.F.);
#6165=ORIENTED_EDGE('',*,*,#6133,.F.);
#6166=ORIENTED_EDGE('',*,*,#6131,.F.);
#6168=ORIENTED_EDGE('',*,*,#6167,.T.);
#6169=EDGE_LOOP('',(#6159,#6161,#6163,#6164,#6165,#6166,#6168));
#6170=FACE_OUTER_BOUND('',#6169,.F.);
#6171=ADVANCED_FACE('',(#6170),#6157,.T.);
#6172=FILL_AREA_STYLE_COLOUR('',#34);
#6173=FILL_AREA_STYLE('',(#6172));
#6174=SURFACE_STYLE_FILL_AREA(#6173);
#6175=SURFACE_SIDE_STYLE('',(#6174));
#6176=SURFACE_STYLE_USAGE(.BOTH.,#6175);
#6177=PRESENTATION_STYLE_ASSIGNMENT((#6176));
#6178=STYLED_ITEM('',(#6177),#6171);
#6179=CARTESIAN_POINT('',(5.E0,3.64E0,-3.E0));
#6180=DIRECTION('',(0.E0,1.E0,0.E0));
#6181=DIRECTION('',(1.E0,0.E0,0.E0));
#6182=AXIS2_PLACEMENT_3D('',#6179,#6180,#6181);
#6183=PLANE('',#6182);
#6184=ORIENTED_EDGE('',*,*,#6160,.T.);
#6185=ORIENTED_EDGE('',*,*,#6158,.T.);
#6187=ORIENTED_EDGE('',*,*,#6186,.T.);
#6189=ORIENTED_EDGE('',*,*,#6188,.T.);
#6190=EDGE_LOOP('',(#6184,#6185,#6187,#6189));
#6191=FACE_OUTER_BOUND('',#6190,.F.);
#6192=ADVANCED_FACE('',(#6191),#6183,.F.);
#6193=FILL_AREA_STYLE_COLOUR('',#34);
#6194=FILL_AREA_STYLE('',(#6193));
#6195=SURFACE_STYLE_FILL_AREA(#6194);
#6196=SURFACE_SIDE_STYLE('',(#6195));
#6197=SURFACE_STYLE_USAGE(.BOTH.,#6196);
#6198=PRESENTATION_STYLE_ASSIGNMENT((#6197));
#6199=STYLED_ITEM('',(#6198),#6192);
#6200=CARTESIAN_POINT('',(7.15E0,3.49E0,-5.15E0));
#6201=DIRECTION('',(0.E0,1.E0,0.E0));
#6202=DIRECTION('',(0.E0,0.E0,1.E0));
#6203=AXIS2_PLACEMENT_3D('',#6200,#6201,#6202);
#6204=CYLINDRICAL_SURFACE('',#6203,4.25E-1);
#6205=ORIENTED_EDGE('',*,*,#6188,.F.);
#6206=ORIENTED_EDGE('',*,*,#6186,.F.);
#6207=ORIENTED_EDGE('',*,*,#6167,.F.);
#6208=ORIENTED_EDGE('',*,*,#6141,.F.);
#6209=ORIENTED_EDGE('',*,*,#6139,.F.);
#6210=ORIENTED_EDGE('',*,*,#6137,.F.);
#6211=ORIENTED_EDGE('',*,*,#6162,.T.);
#6212=EDGE_LOOP('',(#6205,#6206,#6207,#6208,#6209,#6210,#6211));
#6213=FACE_OUTER_BOUND('',#6212,.F.);
#6214=ADVANCED_FACE('',(#6213),#6204,.F.);
#6215=FILL_AREA_STYLE_COLOUR('',#34);
#6216=FILL_AREA_STYLE('',(#6215));
#6217=SURFACE_STYLE_FILL_AREA(#6216);
#6218=SURFACE_SIDE_STYLE('',(#6217));
#6219=SURFACE_STYLE_USAGE(.BOTH.,#6218);
#6220=PRESENTATION_STYLE_ASSIGNMENT((#6219));
#6221=STYLED_ITEM('',(#6220),#6214);
#6222=CLOSED_SHELL('',(#6145,#6171,#6192,#6214));
#6223=CARTESIAN_POINT('',(7.125E0,3.94E0,-8.75E-1));
#6224=DIRECTION('',(0.E0,-1.E0,0.E0));
#6225=DIRECTION('',(-3.055765905252E-1,0.E0,9.521674996150E-1));
#6226=AXIS2_PLACEMENT_3D('',#6223,#6224,#6225);
#6228=CARTESIAN_POINT('',(7.125E0,3.94E0,-8.75E-1));
#6229=DIRECTION('',(0.E0,-1.E0,0.E0));
#6230=DIRECTION('',(-1.E0,0.E0,0.E0));
#6231=AXIS2_PLACEMENT_3D('',#6228,#6229,#6230);
#6233=CARTESIAN_POINT('',(7.125E0,3.94E0,-8.75E-1));
#6234=DIRECTION('',(0.E0,-1.E0,0.E0));
#6235=DIRECTION('',(3.055765905243E-1,0.E0,-9.521674996152E-1));
#6236=AXIS2_PLACEMENT_3D('',#6233,#6234,#6235);
#6238=CARTESIAN_POINT('',(7.15E0,3.94E0,-8.5E-1));
#6239=DIRECTION('',(0.E0,1.E0,0.E0));
#6240=DIRECTION('',(9.269498819548E-1,0.E0,-3.751851760716E-1));
#6241=AXIS2_PLACEMENT_3D('',#6238,#6239,#6240);
#6243=CARTESIAN_POINT('',(7.15E0,3.94E0,-8.5E-1));
#6244=DIRECTION('',(0.E0,1.E0,0.E0));
#6245=DIRECTION('',(-1.E0,0.E0,0.E0));
#6246=AXIS2_PLACEMENT_3D('',#6243,#6244,#6245);
#6248=CARTESIAN_POINT('',(7.15E0,3.94E0,-8.5E-1));
#6249=DIRECTION('',(0.E0,1.E0,0.E0));
#6250=DIRECTION('',(-9.269498819546E-1,0.E0,3.751851760723E-1));
#6251=AXIS2_PLACEMENT_3D('',#6248,#6249,#6250);
#6253=DIRECTION('',(2.368475785867E-14,-1.E0,1.054711873394E-14));
#6254=VECTOR('',#6253,3.E-1);
#6255=CARTESIAN_POINT('',(6.990546300169E0,3.94E0,-4.560463001694E-1));
#6256=LINE('',#6255,#6254);
#6257=CARTESIAN_POINT('',(7.125E0,3.64E0,-8.75E-1));
#6258=DIRECTION('',(0.E0,1.E0,0.E0));
#6259=DIRECTION('',(9.521674996155E-1,0.E0,-3.055765905234E-1));
#6260=AXIS2_PLACEMENT_3D('',#6257,#6258,#6259);
#6262=CARTESIAN_POINT('',(7.125E0,3.64E0,-8.75E-1));
#6263=DIRECTION('',(0.E0,1.E0,0.E0));
#6264=DIRECTION('',(-1.E0,0.E0,0.E0));
#6265=AXIS2_PLACEMENT_3D('',#6262,#6263,#6264);
#6267=CARTESIAN_POINT('',(7.15E0,3.64E0,-8.5E-1));
#6268=DIRECTION('',(0.E0,-1.E0,0.E0));
#6269=DIRECTION('',(-3.751851760731E-1,0.E0,9.269498819543E-1));
#6270=AXIS2_PLACEMENT_3D('',#6267,#6268,#6269);
#6272=CARTESIAN_POINT('',(7.15E0,3.64E0,-8.5E-1));
#6273=DIRECTION('',(0.E0,-1.E0,0.E0));
#6274=DIRECTION('',(-1.E0,0.E0,0.E0));
#6275=AXIS2_PLACEMENT_3D('',#6272,#6273,#6274);
#6277=DIRECTION('',(7.105427357601E-14,-1.E0,1.524706287152E-13));
#6278=VECTOR('',#6277,3.E-1);
#6279=CARTESIAN_POINT('',(7.543953699831E0,3.94E0,-1.009453699831E0));
#6280=LINE('',#6279,#6278);
#6281=CARTESIAN_POINT('',(6.685E0,3.64E0,-8.75E-1));
#6282=CARTESIAN_POINT('',(6.990546300169E0,3.64E0,-4.560463001694E-1));
#6283=VERTEX_POINT('',#6281);
#6284=VERTEX_POINT('',#6282);
#6285=CARTESIAN_POINT('',(7.543953699831E0,3.64E0,-1.009453699830E0));
#6286=VERTEX_POINT('',#6285);
#6287=CARTESIAN_POINT('',(6.725E0,3.64E0,-8.5E-1));
#6288=VERTEX_POINT('',#6287);
#6289=CARTESIAN_POINT('',(7.543953699831E0,3.94E0,-1.009453699831E0));
#6290=VERTEX_POINT('',#6289);
#6291=CARTESIAN_POINT('',(6.990546300169E0,3.94E0,-4.560463001694E-1));
#6292=CARTESIAN_POINT('',(6.685E0,3.94E0,-8.75E-1));
#6293=VERTEX_POINT('',#6291);
#6294=VERTEX_POINT('',#6292);
#6295=CARTESIAN_POINT('',(7.259453699831E0,3.94E0,-1.293953699831E0));
#6296=VERTEX_POINT('',#6295);
#6297=CARTESIAN_POINT('',(6.725E0,3.94E0,-8.5E-1));
#6298=VERTEX_POINT('',#6297);
#6299=CARTESIAN_POINT('',(6.756046300169E0,3.94E0,-6.905463001693E-1));
#6300=VERTEX_POINT('',#6299);
#6301=CARTESIAN_POINT('',(5.E0,3.94E0,-3.E0));
#6302=DIRECTION('',(0.E0,1.E0,0.E0));
#6303=DIRECTION('',(-1.E0,0.E0,0.E0));
#6304=AXIS2_PLACEMENT_3D('',#6301,#6302,#6303);
#6305=PLANE('',#6304);
#6307=ORIENTED_EDGE('',*,*,#6306,.T.);
#6309=ORIENTED_EDGE('',*,*,#6308,.T.);
#6311=ORIENTED_EDGE('',*,*,#6310,.T.);
#6313=ORIENTED_EDGE('',*,*,#6312,.T.);
#6315=ORIENTED_EDGE('',*,*,#6314,.T.);
#6317=ORIENTED_EDGE('',*,*,#6316,.T.);
#6318=EDGE_LOOP('',(#6307,#6309,#6311,#6313,#6315,#6317));
#6319=FACE_OUTER_BOUND('',#6318,.F.);
#6320=ADVANCED_FACE('',(#6319),#6305,.T.);
#6321=FILL_AREA_STYLE_COLOUR('',#34);
#6322=FILL_AREA_STYLE('',(#6321));
#6323=SURFACE_STYLE_FILL_AREA(#6322);
#6324=SURFACE_SIDE_STYLE('',(#6323));
#6325=SURFACE_STYLE_USAGE(.BOTH.,#6324);
#6326=PRESENTATION_STYLE_ASSIGNMENT((#6325));
#6327=STYLED_ITEM('',(#6326),#6320);
#6328=CARTESIAN_POINT('',(7.125E0,3.94E0,-8.75E-1));
#6329=DIRECTION('',(0.E0,-1.E0,0.E0));
#6330=DIRECTION('',(-1.E0,0.E0,0.E0));
#6331=AXIS2_PLACEMENT_3D('',#6328,#6329,#6330);
#6332=CYLINDRICAL_SURFACE('',#6331,4.4E-1);
#6334=ORIENTED_EDGE('',*,*,#6333,.F.);
#6336=ORIENTED_EDGE('',*,*,#6335,.F.);
#6338=ORIENTED_EDGE('',*,*,#6337,.F.);
#6339=ORIENTED_EDGE('',*,*,#6310,.F.);
#6340=ORIENTED_EDGE('',*,*,#6308,.F.);
#6341=ORIENTED_EDGE('',*,*,#6306,.F.);
#6343=ORIENTED_EDGE('',*,*,#6342,.T.);
#6344=EDGE_LOOP('',(#6334,#6336,#6338,#6339,#6340,#6341,#6343));
#6345=FACE_OUTER_BOUND('',#6344,.F.);
#6346=ADVANCED_FACE('',(#6345),#6332,.T.);
#6347=FILL_AREA_STYLE_COLOUR('',#34);
#6348=FILL_AREA_STYLE('',(#6347));
#6349=SURFACE_STYLE_FILL_AREA(#6348);
#6350=SURFACE_SIDE_STYLE('',(#6349));
#6351=SURFACE_STYLE_USAGE(.BOTH.,#6350);
#6352=PRESENTATION_STYLE_ASSIGNMENT((#6351));
#6353=STYLED_ITEM('',(#6352),#6346);
#6354=CARTESIAN_POINT('',(5.E0,3.64E0,-3.E0));
#6355=DIRECTION('',(0.E0,1.E0,0.E0));
#6356=DIRECTION('',(1.E0,0.E0,0.E0));
#6357=AXIS2_PLACEMENT_3D('',#6354,#6355,#6356);
#6358=PLANE('',#6357);
#6359=ORIENTED_EDGE('',*,*,#6335,.T.);
#6360=ORIENTED_EDGE('',*,*,#6333,.T.);
#6362=ORIENTED_EDGE('',*,*,#6361,.T.);
#6364=ORIENTED_EDGE('',*,*,#6363,.T.);
#6365=EDGE_LOOP('',(#6359,#6360,#6362,#6364));
#6366=FACE_OUTER_BOUND('',#6365,.F.);
#6367=ADVANCED_FACE('',(#6366),#6358,.F.);
#6368=FILL_AREA_STYLE_COLOUR('',#34);
#6369=FILL_AREA_STYLE('',(#6368));
#6370=SURFACE_STYLE_FILL_AREA(#6369);
#6371=SURFACE_SIDE_STYLE('',(#6370));
#6372=SURFACE_STYLE_USAGE(.BOTH.,#6371);
#6373=PRESENTATION_STYLE_ASSIGNMENT((#6372));
#6374=STYLED_ITEM('',(#6373),#6367);
#6375=CARTESIAN_POINT('',(7.15E0,3.49E0,-8.5E-1));
#6376=DIRECTION('',(0.E0,1.E0,0.E0));
#6377=DIRECTION('',(-1.E0,0.E0,0.E0));
#6378=AXIS2_PLACEMENT_3D('',#6375,#6376,#6377);
#6379=CYLINDRICAL_SURFACE('',#6378,4.25E-1);
#6380=ORIENTED_EDGE('',*,*,#6363,.F.);
#6381=ORIENTED_EDGE('',*,*,#6361,.F.);
#6382=ORIENTED_EDGE('',*,*,#6342,.F.);
#6383=ORIENTED_EDGE('',*,*,#6316,.F.);
#6384=ORIENTED_EDGE('',*,*,#6314,.F.);
#6385=ORIENTED_EDGE('',*,*,#6312,.F.);
#6386=ORIENTED_EDGE('',*,*,#6337,.T.);
#6387=EDGE_LOOP('',(#6380,#6381,#6382,#6383,#6384,#6385,#6386));
#6388=FACE_OUTER_BOUND('',#6387,.F.);
#6389=ADVANCED_FACE('',(#6388),#6379,.F.);
#6390=FILL_AREA_STYLE_COLOUR('',#34);
#6391=FILL_AREA_STYLE('',(#6390));
#6392=SURFACE_STYLE_FILL_AREA(#6391);
#6393=SURFACE_SIDE_STYLE('',(#6392));
#6394=SURFACE_STYLE_USAGE(.BOTH.,#6393);
#6395=PRESENTATION_STYLE_ASSIGNMENT((#6394));
#6396=STYLED_ITEM('',(#6395),#6389);
#6397=CLOSED_SHELL('',(#6320,#6346,#6367,#6389));
#6398=DIRECTION('',(1.228646813919E-13,-1.E0,-6.698345581905E-14));
#6399=VECTOR('',#6398,3.E-1);
#6400=CARTESIAN_POINT('',(3.009453699831E0,3.94E0,-4.560463001693E-1));
#6401=LINE('',#6400,#6399);
#6402=CARTESIAN_POINT('',(2.875E0,3.64E0,-8.75E-1));
#6403=DIRECTION('',(0.E0,1.E0,0.E0));
#6404=DIRECTION('',(3.055765905235E-1,0.E0,9.521674996155E-1));
#6405=AXIS2_PLACEMENT_3D('',#6402,#6403,#6404);
#6407=CARTESIAN_POINT('',(2.875E0,3.64E0,-8.75E-1));
#6408=DIRECTION('',(0.E0,1.E0,0.E0));
#6409=DIRECTION('',(1.E0,0.E0,0.E0));
#6410=AXIS2_PLACEMENT_3D('',#6407,#6408,#6409);
#6412=CARTESIAN_POINT('',(2.85E0,3.64E0,-8.5E-1));
#6413=DIRECTION('',(0.E0,-1.E0,0.E0));
#6414=DIRECTION('',(-9.269498819543E-1,0.E0,-3.751851760729E-1));
#6415=AXIS2_PLACEMENT_3D('',#6412,#6413,#6414);
#6417=CARTESIAN_POINT('',(2.85E0,3.64E0,-8.5E-1));
#6418=DIRECTION('',(0.E0,-1.E0,0.E0));
#6419=DIRECTION('',(0.E0,0.E0,-1.E0));
#6420=AXIS2_PLACEMENT_3D('',#6417,#6418,#6419);
#6422=DIRECTION('',(0.E0,-1.E0,1.110223024625E-14));
#6423=VECTOR('',#6422,3.E-1);
#6424=CARTESIAN_POINT('',(2.456046300169E0,3.94E0,-1.009453699831E0));
#6425=LINE('',#6424,#6423);
#6426=CARTESIAN_POINT('',(2.875E0,3.94E0,-8.75E-1));
#6427=DIRECTION('',(0.E0,-1.E0,0.E0));
#6428=DIRECTION('',(-9.521674996150E-1,0.E0,-3.055765905250E-1));
#6429=AXIS2_PLACEMENT_3D('',#6426,#6427,#6428);
#6431=CARTESIAN_POINT('',(2.875E0,3.94E0,-8.75E-1));
#6432=DIRECTION('',(0.E0,-1.E0,0.E0));
#6433=DIRECTION('',(1.E0,0.E0,0.E0));
#6434=AXIS2_PLACEMENT_3D('',#6431,#6432,#6433);
#6436=CARTESIAN_POINT('',(2.875E0,3.94E0,-8.75E-1));
#6437=DIRECTION('',(0.E0,-1.E0,0.E0));
#6438=DIRECTION('',(9.521674996152E-1,0.E0,3.055765905243E-1));
#6439=AXIS2_PLACEMENT_3D('',#6436,#6437,#6438);
#6441=CARTESIAN_POINT('',(2.85E0,3.94E0,-8.5E-1));
#6442=DIRECTION('',(0.E0,1.E0,0.E0));
#6443=DIRECTION('',(3.751851760712E-1,0.E0,9.269498819550E-1));
#6444=AXIS2_PLACEMENT_3D('',#6441,#6442,#6443);
#6446=CARTESIAN_POINT('',(2.85E0,3.94E0,-8.5E-1));
#6447=DIRECTION('',(0.E0,1.E0,0.E0));
#6448=DIRECTION('',(0.E0,0.E0,-1.E0));
#6449=AXIS2_PLACEMENT_3D('',#6446,#6447,#6448);
#6451=CARTESIAN_POINT('',(2.85E0,3.94E0,-8.5E-1));
#6452=DIRECTION('',(0.E0,1.E0,0.E0));
#6453=DIRECTION('',(-3.751851760722E-1,0.E0,-9.269498819546E-1));
#6454=AXIS2_PLACEMENT_3D('',#6451,#6452,#6453);
#6456=CARTESIAN_POINT('',(2.85E0,3.64E0,-1.275E0));
#6457=CARTESIAN_POINT('',(3.009453699830E0,3.64E0,-4.560463001692E-1));
#6458=VERTEX_POINT('',#6456);
#6459=VERTEX_POINT('',#6457);
#6460=CARTESIAN_POINT('',(2.456046300169E0,3.64E0,-1.009453699831E0));
#6461=VERTEX_POINT('',#6460);
#6462=CARTESIAN_POINT('',(2.456046300169E0,3.94E0,-1.009453699831E0));
#6463=VERTEX_POINT('',#6462);
#6464=CARTESIAN_POINT('',(3.009453699830E0,3.94E0,-4.560463001691E-1));
#6465=CARTESIAN_POINT('',(2.85E0,3.94E0,-1.275E0));
#6466=VERTEX_POINT('',#6464);
#6467=VERTEX_POINT('',#6465);
#6468=CARTESIAN_POINT('',(2.690546300169E0,3.94E0,-1.243953699831E0));
#6469=VERTEX_POINT('',#6468);
#6470=CARTESIAN_POINT('',(3.315E0,3.64E0,-8.75E-1));
#6471=VERTEX_POINT('',#6470);
#6472=CARTESIAN_POINT('',(3.315E0,3.94E0,-8.75E-1));
#6473=VERTEX_POINT('',#6472);
#6474=CARTESIAN_POINT('',(3.293953699831E0,3.94E0,-7.405463001693E-1));
#6475=VERTEX_POINT('',#6474);
#6476=CARTESIAN_POINT('',(2.85E0,3.49E0,-8.5E-1));
#6477=DIRECTION('',(0.E0,1.E0,0.E0));
#6478=DIRECTION('',(0.E0,0.E0,-1.E0));
#6479=AXIS2_PLACEMENT_3D('',#6476,#6477,#6478);
#6480=CYLINDRICAL_SURFACE('',#6479,4.25E-1);
#6482=ORIENTED_EDGE('',*,*,#6481,.F.);
#6484=ORIENTED_EDGE('',*,*,#6483,.F.);
#6486=ORIENTED_EDGE('',*,*,#6485,.F.);
#6488=ORIENTED_EDGE('',*,*,#6487,.F.);
#6490=ORIENTED_EDGE('',*,*,#6489,.F.);
#6492=ORIENTED_EDGE('',*,*,#6491,.F.);
#6494=ORIENTED_EDGE('',*,*,#6493,.T.);
#6495=EDGE_LOOP('',(#6482,#6484,#6486,#6488,#6490,#6492,#6494));
#6496=FACE_OUTER_BOUND('',#6495,.F.);
#6497=ADVANCED_FACE('',(#6496),#6480,.F.);
#6498=FILL_AREA_STYLE_COLOUR('',#34);
#6499=FILL_AREA_STYLE('',(#6498));
#6500=SURFACE_STYLE_FILL_AREA(#6499);
#6501=SURFACE_SIDE_STYLE('',(#6500));
#6502=SURFACE_STYLE_USAGE(.BOTH.,#6501);
#6503=PRESENTATION_STYLE_ASSIGNMENT((#6502));
#6504=STYLED_ITEM('',(#6503),#6497);
#6505=CARTESIAN_POINT('',(5.E0,3.64E0,-3.E0));
#6506=DIRECTION('',(0.E0,1.E0,0.E0));
#6507=DIRECTION('',(1.E0,0.E0,0.E0));
#6508=AXIS2_PLACEMENT_3D('',#6505,#6506,#6507);
#6509=PLANE('',#6508);
#6511=ORIENTED_EDGE('',*,*,#6510,.T.);
#6513=ORIENTED_EDGE('',*,*,#6512,.T.);
#6514=ORIENTED_EDGE('',*,*,#6483,.T.);
#6515=ORIENTED_EDGE('',*,*,#6481,.T.);
#6516=EDGE_LOOP('',(#6511,#6513,#6514,#6515));
#6517=FACE_OUTER_BOUND('',#6516,.F.);
#6518=ADVANCED_FACE('',(#6517),#6509,.F.);
#6519=FILL_AREA_STYLE_COLOUR('',#34);
#6520=FILL_AREA_STYLE('',(#6519));
#6521=SURFACE_STYLE_FILL_AREA(#6520);
#6522=SURFACE_SIDE_STYLE('',(#6521));
#6523=SURFACE_STYLE_USAGE(.BOTH.,#6522);
#6524=PRESENTATION_STYLE_ASSIGNMENT((#6523));
#6525=STYLED_ITEM('',(#6524),#6518);
#6526=CARTESIAN_POINT('',(2.875E0,3.94E0,-8.75E-1));
#6527=DIRECTION('',(0.E0,-1.E0,0.E0));
#6528=DIRECTION('',(-1.E0,0.E0,0.E0));
#6529=AXIS2_PLACEMENT_3D('',#6526,#6527,#6528);
#6530=CYLINDRICAL_SURFACE('',#6529,4.4E-1);
#6531=ORIENTED_EDGE('',*,*,#6512,.F.);
#6532=ORIENTED_EDGE('',*,*,#6510,.F.);
#6533=ORIENTED_EDGE('',*,*,#6493,.F.);
#6535=ORIENTED_EDGE('',*,*,#6534,.F.);
#6537=ORIENTED_EDGE('',*,*,#6536,.F.);
#6539=ORIENTED_EDGE('',*,*,#6538,.F.);
#6540=ORIENTED_EDGE('',*,*,#6485,.T.);
#6541=EDGE_LOOP('',(#6531,#6532,#6533,#6535,#6537,#6539,#6540));
#6542=FACE_OUTER_BOUND('',#6541,.F.);
#6543=ADVANCED_FACE('',(#6542),#6530,.T.);
#6544=FILL_AREA_STYLE_COLOUR('',#34);
#6545=FILL_AREA_STYLE('',(#6544));
#6546=SURFACE_STYLE_FILL_AREA(#6545);
#6547=SURFACE_SIDE_STYLE('',(#6546));
#6548=SURFACE_STYLE_USAGE(.BOTH.,#6547);
#6549=PRESENTATION_STYLE_ASSIGNMENT((#6548));
#6550=STYLED_ITEM('',(#6549),#6543);
#6551=CARTESIAN_POINT('',(5.E0,3.94E0,-3.E0));
#6552=DIRECTION('',(0.E0,1.E0,0.E0));
#6553=DIRECTION('',(0.E0,0.E0,-1.E0));
#6554=AXIS2_PLACEMENT_3D('',#6551,#6552,#6553);
#6555=PLANE('',#6554);
#6556=ORIENTED_EDGE('',*,*,#6538,.T.);
#6557=ORIENTED_EDGE('',*,*,#6536,.T.);
#6558=ORIENTED_EDGE('',*,*,#6534,.T.);
#6559=ORIENTED_EDGE('',*,*,#6491,.T.);
#6560=ORIENTED_EDGE('',*,*,#6489,.T.);
#6561=ORIENTED_EDGE('',*,*,#6487,.T.);
#6562=EDGE_LOOP('',(#6556,#6557,#6558,#6559,#6560,#6561));
#6563=FACE_OUTER_BOUND('',#6562,.F.);
#6564=ADVANCED_FACE('',(#6563),#6555,.T.);
#6565=FILL_AREA_STYLE_COLOUR('',#34);
#6566=FILL_AREA_STYLE('',(#6565));
#6567=SURFACE_STYLE_FILL_AREA(#6566);
#6568=SURFACE_SIDE_STYLE('',(#6567));
#6569=SURFACE_STYLE_USAGE(.BOTH.,#6568);
#6570=PRESENTATION_STYLE_ASSIGNMENT((#6569));
#6571=STYLED_ITEM('',(#6570),#6564);
#6572=CLOSED_SHELL('',(#6497,#6518,#6543,#6564));
#6573=CARTESIAN_POINT('',(2.875E0,3.94E0,-5.125E0));
#6574=DIRECTION('',(0.E0,-1.E0,0.E0));
#6575=DIRECTION('',(3.055765905249E-1,0.E0,-9.521674996151E-1));
#6576=AXIS2_PLACEMENT_3D('',#6573,#6574,#6575);
#6578=CARTESIAN_POINT('',(2.875E0,3.94E0,-5.125E0));
#6579=DIRECTION('',(0.E0,-1.E0,0.E0));
#6580=DIRECTION('',(1.E0,0.E0,0.E0));
#6581=AXIS2_PLACEMENT_3D('',#6578,#6579,#6580);
#6583=CARTESIAN_POINT('',(2.875E0,3.94E0,-5.125E0));
#6584=DIRECTION('',(0.E0,-1.E0,0.E0));
#6585=DIRECTION('',(-3.055765905243E-1,0.E0,9.521674996152E-1));
#6586=AXIS2_PLACEMENT_3D('',#6583,#6584,#6585);
#6588=CARTESIAN_POINT('',(2.85E0,3.94E0,-5.15E0));
#6589=DIRECTION('',(0.E0,1.E0,0.E0));
#6590=DIRECTION('',(-9.269498819549E-1,0.E0,3.751851760716E-1));
#6591=AXIS2_PLACEMENT_3D('',#6588,#6589,#6590);
#6593=CARTESIAN_POINT('',(2.85E0,3.94E0,-5.15E0));
#6594=DIRECTION('',(0.E0,1.E0,0.E0));
#6595=DIRECTION('',(1.E0,0.E0,0.E0));
#6596=AXIS2_PLACEMENT_3D('',#6593,#6594,#6595);
#6598=CARTESIAN_POINT('',(2.85E0,3.94E0,-5.15E0));
#6599=DIRECTION('',(0.E0,1.E0,0.E0));
#6600=DIRECTION('',(9.269498819546E-1,0.E0,-3.751851760723E-1));
#6601=AXIS2_PLACEMENT_3D('',#6598,#6599,#6600);
#6603=DIRECTION('',(-2.220446049250E-14,-1.E0,0.E0));
#6604=VECTOR('',#6603,3.E-1);
#6605=CARTESIAN_POINT('',(3.009453699831E0,3.94E0,-5.543953699831E0));
#6606=LINE('',#6605,#6604);
#6607=CARTESIAN_POINT('',(2.875E0,3.64E0,-5.125E0));
#6608=DIRECTION('',(0.E0,1.E0,0.E0));
#6609=DIRECTION('',(-9.521674996155E-1,0.E0,3.055765905234E-1));
#6610=AXIS2_PLACEMENT_3D('',#6607,#6608,#6609);
#6612=CARTESIAN_POINT('',(2.875E0,3.64E0,-5.125E0));
#6613=DIRECTION('',(0.E0,1.E0,0.E0));
#6614=DIRECTION('',(1.E0,0.E0,0.E0));
#6615=AXIS2_PLACEMENT_3D('',#6612,#6613,#6614);
#6617=CARTESIAN_POINT('',(2.85E0,3.64E0,-5.15E0));
#6618=DIRECTION('',(0.E0,-1.E0,0.E0));
#6619=DIRECTION('',(3.751851760727E-1,0.E0,-9.269498819544E-1));
#6620=AXIS2_PLACEMENT_3D('',#6617,#6618,#6619);
#6622=CARTESIAN_POINT('',(2.85E0,3.64E0,-5.15E0));
#6623=DIRECTION('',(0.E0,-1.E0,0.E0));
#6624=DIRECTION('',(1.E0,0.E0,0.E0));
#6625=AXIS2_PLACEMENT_3D('',#6622,#6623,#6624);
#6627=DIRECTION('',(-6.957397620984E-14,-1.E0,-1.569115208137E-13));
#6628=VECTOR('',#6627,3.E-1);
#6629=CARTESIAN_POINT('',(2.456046300169E0,3.94E0,-4.990546300169E0));
#6630=LINE('',#6629,#6628);
#6631=CARTESIAN_POINT('',(3.315E0,3.64E0,-5.125E0));
#6632=CARTESIAN_POINT('',(3.009453699831E0,3.64E0,-5.543953699831E0));
#6633=VERTEX_POINT('',#6631);
#6634=VERTEX_POINT('',#6632);
#6635=CARTESIAN_POINT('',(2.456046300169E0,3.64E0,-4.990546300170E0));
#6636=VERTEX_POINT('',#6635);
#6637=CARTESIAN_POINT('',(3.275E0,3.64E0,-5.15E0));
#6638=VERTEX_POINT('',#6637);
#6639=CARTESIAN_POINT('',(2.456046300169E0,3.94E0,-4.990546300169E0));
#6640=VERTEX_POINT('',#6639);
#6641=CARTESIAN_POINT('',(3.009453699831E0,3.94E0,-5.543953699831E0));
#6642=CARTESIAN_POINT('',(3.315E0,3.94E0,-5.125E0));
#6643=VERTEX_POINT('',#6641);
#6644=VERTEX_POINT('',#6642);
#6645=CARTESIAN_POINT('',(2.740546300169E0,3.94E0,-4.706046300169E0));
#6646=VERTEX_POINT('',#6645);
#6647=CARTESIAN_POINT('',(3.275E0,3.94E0,-5.15E0));
#6648=VERTEX_POINT('',#6647);
#6649=CARTESIAN_POINT('',(3.243953699831E0,3.94E0,-5.309453699831E0));
#6650=VERTEX_POINT('',#6649);
#6651=CARTESIAN_POINT('',(5.E0,3.94E0,-3.E0));
#6652=DIRECTION('',(0.E0,1.E0,0.E0));
#6653=DIRECTION('',(1.E0,0.E0,0.E0));
#6654=AXIS2_PLACEMENT_3D('',#6651,#6652,#6653);
#6655=PLANE('',#6654);
#6657=ORIENTED_EDGE('',*,*,#6656,.T.);
#6659=ORIENTED_EDGE('',*,*,#6658,.T.);
#6661=ORIENTED_EDGE('',*,*,#6660,.T.);
#6663=ORIENTED_EDGE('',*,*,#6662,.T.);
#6665=ORIENTED_EDGE('',*,*,#6664,.T.);
#6667=ORIENTED_EDGE('',*,*,#6666,.T.);
#6668=EDGE_LOOP('',(#6657,#6659,#6661,#6663,#6665,#6667));
#6669=FACE_OUTER_BOUND('',#6668,.F.);
#6670=ADVANCED_FACE('',(#6669),#6655,.T.);
#6671=FILL_AREA_STYLE_COLOUR('',#34);
#6672=FILL_AREA_STYLE('',(#6671));
#6673=SURFACE_STYLE_FILL_AREA(#6672);
#6674=SURFACE_SIDE_STYLE('',(#6673));
#6675=SURFACE_STYLE_USAGE(.BOTH.,#6674);
#6676=PRESENTATION_STYLE_ASSIGNMENT((#6675));
#6677=STYLED_ITEM('',(#6676),#6670);
#6678=CARTESIAN_POINT('',(2.875E0,3.94E0,-5.125E0));
#6679=DIRECTION('',(0.E0,-1.E0,0.E0));
#6680=DIRECTION('',(-1.E0,0.E0,0.E0));
#6681=AXIS2_PLACEMENT_3D('',#6678,#6679,#6680);
#6682=CYLINDRICAL_SURFACE('',#6681,4.4E-1);
#6684=ORIENTED_EDGE('',*,*,#6683,.F.);
#6686=ORIENTED_EDGE('',*,*,#6685,.F.);
#6688=ORIENTED_EDGE('',*,*,#6687,.F.);
#6689=ORIENTED_EDGE('',*,*,#6660,.F.);
#6690=ORIENTED_EDGE('',*,*,#6658,.F.);
#6691=ORIENTED_EDGE('',*,*,#6656,.F.);
#6693=ORIENTED_EDGE('',*,*,#6692,.T.);
#6694=EDGE_LOOP('',(#6684,#6686,#6688,#6689,#6690,#6691,#6693));
#6695=FACE_OUTER_BOUND('',#6694,.F.);
#6696=ADVANCED_FACE('',(#6695),#6682,.T.);
#6697=FILL_AREA_STYLE_COLOUR('',#34);
#6698=FILL_AREA_STYLE('',(#6697));
#6699=SURFACE_STYLE_FILL_AREA(#6698);
#6700=SURFACE_SIDE_STYLE('',(#6699));
#6701=SURFACE_STYLE_USAGE(.BOTH.,#6700);
#6702=PRESENTATION_STYLE_ASSIGNMENT((#6701));
#6703=STYLED_ITEM('',(#6702),#6696);
#6704=CARTESIAN_POINT('',(5.E0,3.64E0,-3.E0));
#6705=DIRECTION('',(0.E0,1.E0,0.E0));
#6706=DIRECTION('',(1.E0,0.E0,0.E0));
#6707=AXIS2_PLACEMENT_3D('',#6704,#6705,#6706);
#6708=PLANE('',#6707);
#6709=ORIENTED_EDGE('',*,*,#6685,.T.);
#6710=ORIENTED_EDGE('',*,*,#6683,.T.);
#6712=ORIENTED_EDGE('',*,*,#6711,.T.);
#6714=ORIENTED_EDGE('',*,*,#6713,.T.);
#6715=EDGE_LOOP('',(#6709,#6710,#6712,#6714));
#6716=FACE_OUTER_BOUND('',#6715,.F.);
#6717=ADVANCED_FACE('',(#6716),#6708,.F.);
#6718=FILL_AREA_STYLE_COLOUR('',#34);
#6719=FILL_AREA_STYLE('',(#6718));
#6720=SURFACE_STYLE_FILL_AREA(#6719);
#6721=SURFACE_SIDE_STYLE('',(#6720));
#6722=SURFACE_STYLE_USAGE(.BOTH.,#6721);
#6723=PRESENTATION_STYLE_ASSIGNMENT((#6722));
#6724=STYLED_ITEM('',(#6723),#6717);
#6725=CARTESIAN_POINT('',(2.85E0,3.49E0,-5.15E0));
#6726=DIRECTION('',(0.E0,1.E0,0.E0));
#6727=DIRECTION('',(1.E0,0.E0,0.E0));
#6728=AXIS2_PLACEMENT_3D('',#6725,#6726,#6727);
#6729=CYLINDRICAL_SURFACE('',#6728,4.25E-1);
#6730=ORIENTED_EDGE('',*,*,#6713,.F.);
#6731=ORIENTED_EDGE('',*,*,#6711,.F.);
#6732=ORIENTED_EDGE('',*,*,#6692,.F.);
#6733=ORIENTED_EDGE('',*,*,#6666,.F.);
#6734=ORIENTED_EDGE('',*,*,#6664,.F.);
#6735=ORIENTED_EDGE('',*,*,#6662,.F.);
#6736=ORIENTED_EDGE('',*,*,#6687,.T.);
#6737=EDGE_LOOP('',(#6730,#6731,#6732,#6733,#6734,#6735,#6736));
#6738=FACE_OUTER_BOUND('',#6737,.F.);
#6739=ADVANCED_FACE('',(#6738),#6729,.F.);
#6740=FILL_AREA_STYLE_COLOUR('',#34);
#6741=FILL_AREA_STYLE('',(#6740));
#6742=SURFACE_STYLE_FILL_AREA(#6741);
#6743=SURFACE_SIDE_STYLE('',(#6742));
#6744=SURFACE_STYLE_USAGE(.BOTH.,#6743);
#6745=PRESENTATION_STYLE_ASSIGNMENT((#6744));
#6746=STYLED_ITEM('',(#6745),#6739);
#6747=CLOSED_SHELL('',(#6670,#6696,#6717,#6739));
#6748=DIRECTION('',(2.960594732334E-14,1.E0,0.E0));
#6749=VECTOR('',#6748,3.E-2);
#6750=CARTESIAN_POINT('',(7.45E0,2.04E0,-3.7E0));
#6751=LINE('',#6750,#6749);
#6752=DIRECTION('',(0.E0,0.E0,1.E0));
#6753=VECTOR('',#6752,3.999999999810E-1);
#6754=CARTESIAN_POINT('',(7.161490807314E0,2.04E0,-2.3E0));
#6755=LINE('',#6754,#6753);
#6756=CARTESIAN_POINT('',(7.400000000018E0,2.04E0,-4.200000000019E0));
#6757=DIRECTION('',(0.E0,-1.E0,0.E0));
#6758=DIRECTION('',(2.198596860126E-10,0.E0,1.E0));
#6759=AXIS2_PLACEMENT_3D('',#6756,#6757,#6758);
#6761=CARTESIAN_POINT('',(5.E0,2.04E0,-3.E0));
#6762=DIRECTION('',(0.E0,1.E0,0.E0));
#6763=DIRECTION('',(8.947327565409E-1,0.E0,-4.466019417476E-1));
#6764=AXIS2_PLACEMENT_3D('',#6761,#6762,#6763);
#6766=DIRECTION('',(0.E0,0.E0,1.E0));
#6767=VECTOR('',#6766,4.541960108450E-1);
#6768=CARTESIAN_POINT('',(7.161490807314E0,2.04E0,-4.154196010845E0));
#6769=LINE('',#6768,#6767);
#6770=DIRECTION('',(1.E0,0.E0,0.E0));
#6771=VECTOR('',#6770,2.885091926860E-1);
#6772=CARTESIAN_POINT('',(7.161490807314E0,2.04E0,-3.7E0));
#6773=LINE('',#6772,#6771);
#6774=DIRECTION('',(0.E0,0.E0,1.E0));
#6775=VECTOR('',#6774,1.4E0);
#6776=CARTESIAN_POINT('',(7.45E0,2.04E0,-3.7E0));
#6777=LINE('',#6776,#6775);
#6778=DIRECTION('',(-1.E0,0.E0,0.E0));
#6779=VECTOR('',#6778,2.885091926860E-1);
#6780=CARTESIAN_POINT('',(7.45E0,2.04E0,-2.3E0));
#6781=LINE('',#6780,#6779);
#6782=DIRECTION('',(-1.020221787654E-14,5.975584756258E-14,1.E0));
#6783=VECTOR('',#6782,6.094017019768E-1);
#6784=CARTESIAN_POINT('',(7.161490807314E0,3.64E0,-4.659401701977E0));
#6785=LINE('',#6784,#6783);
#6786=DIRECTION('',(0.E0,0.E0,1.E0));
#6787=VECTOR('',#6786,2.1E0);
#6788=CARTESIAN_POINT('',(7.161490807314E0,3.04E0,-4.05E0));
#6789=LINE('',#6788,#6787);
#6790=DIRECTION('',(0.E0,1.E0,0.E0));
#6791=VECTOR('',#6790,6.E-1);
#6792=CARTESIAN_POINT('',(7.161490807314E0,3.04E0,-1.95E0));
#6793=LINE('',#6792,#6791);
#6794=DIRECTION('',(0.E0,-5.975584756258E-14,1.E0));
#6795=VECTOR('',#6794,6.094017019768E-1);
#6796=CARTESIAN_POINT('',(7.161490807314E0,3.64E0,-1.95E0));
#6797=LINE('',#6796,#6795);
#6798=CARTESIAN_POINT('',(7.161490807314E0,1.74E0,-1.900000000019E0));
#6799=DIRECTION('',(-1.E0,0.E0,0.E0));
#6800=DIRECTION('',(0.E0,9.333333333333E-1,3.590109871423E-1));
#6801=AXIS2_PLACEMENT_3D('',#6798,#6799,#6800);
#6803=DIRECTION('',(2.960594732334E-14,1.E0,0.E0));
#6804=VECTOR('',#6803,3.E-2);
#6805=CARTESIAN_POINT('',(7.161490807314E0,2.04E0,-2.3E0));
#6806=LINE('',#6805,#6804);
#6807=CARTESIAN_POINT('',(7.161490807314E0,2.07E0,-2.43E0));
#6808=DIRECTION('',(-1.E0,0.E0,0.E0));
#6809=DIRECTION('',(0.E0,-2.391249591500E-14,1.E0));
#6810=AXIS2_PLACEMENT_3D('',#6807,#6808,#6809);
#6812=CARTESIAN_POINT('',(7.161490807314E0,2.07E0,-3.57E0));
#6813=DIRECTION('',(-1.E0,0.E0,0.E0));
#6814=DIRECTION('',(0.E0,9.898123002403E-1,-1.423784052901E-1));
#6815=AXIS2_PLACEMENT_3D('',#6812,#6813,#6814);
#6817=CARTESIAN_POINT('',(7.161490807314E0,1.74E0,-4.154196010845E0));
#6818=DIRECTION('',(-1.E0,0.E0,0.E0));
#6819=DIRECTION('',(0.E0,1.E0,0.E0));
#6820=AXIS2_PLACEMENT_3D('',#6817,#6818,#6819);
#6822=CARTESIAN_POINT('',(7.161490807314E0,3.64E0,-4.659401701977E0));
#6823=CARTESIAN_POINT('',(7.161490807314E0,3.621722072261E0,-4.629386326893E0));
#6824=CARTESIAN_POINT('',(7.161490807314E0,3.586249570634E0,-4.570109007524E0));
#6825=CARTESIAN_POINT('',(7.161490807314E0,3.536315070328E0,-4.483554428991E0));
#6826=CARTESIAN_POINT('',(7.161490807314E0,3.505088909733E0,-4.427266626121E0));
#6827=CARTESIAN_POINT('',(7.161490807314E0,3.489994535126E0,-4.399493654826E0));
#6829=CARTESIAN_POINT('',(5.E0,3.489994535126E0,-3.E0));
#6830=DIRECTION('',(0.E0,-1.E0,0.E0));
#6831=DIRECTION('',(8.394139057529E-1,0.E0,-5.434926814858E-1));
#6832=AXIS2_PLACEMENT_3D('',#6829,#6830,#6831);
#6834=CARTESIAN_POINT('',(7.303938243352E0,3.489996663682E0,-4.149998858569E0));
#6835=CARTESIAN_POINT('',(7.314045452509E0,3.506337889449E0,-4.166340084336E0));
#6836=CARTESIAN_POINT('',(7.334263883597E0,3.539240936003E0,-4.199239949069E0));
#6837=CARTESIAN_POINT('',(7.364595484317E0,3.589240013371E0,-4.249240175311E0));
#6838=CARTESIAN_POINT('',(7.384812229950E0,3.623008346070E0,-4.283008626165E0));
#6839=CARTESIAN_POINT('',(7.394922489443E0,3.64E0,-4.300000280095E0));
#6841=DIRECTION('',(4.410698345389E-14,-1.E0,2.114718384775E-14));
#6842=VECTOR('',#6841,1.469994535126E0);
#6843=CARTESIAN_POINT('',(7.161490807314E0,3.489994535126E0,-4.399493654826E0));
#6844=LINE('',#6843,#6842);
#6845=CARTESIAN_POINT('',(7.244601331868E0,2.02E0,-4.261899306988E0));
#6846=CARTESIAN_POINT('',(7.251041910534E0,2.024406668355E0,-4.250443138202E0));
#6847=CARTESIAN_POINT('',(7.263884547134E0,2.031767109735E0,-4.227191113214E0));
#6848=CARTESIAN_POINT('',(7.283121772828E0,2.038467064384E0,-4.191026854394E0));
#6849=CARTESIAN_POINT('',(7.295637871109E0,2.04E0,-4.166560362425E0));
#6850=CARTESIAN_POINT('',(7.301837650346E0,2.04E0,-4.154196010845E0));
#6852=DIRECTION('',(7.855236686153E-7,9.999999999995E-1,6.747694520694E-7));
#6853=VECTOR('',#6852,1.449996663683E0);
#6854=CARTESIAN_POINT('',(7.303937104345E0,2.04E0,-4.149999836982E0));
#6855=LINE('',#6854,#6853);
#6856=DIRECTION('',(4.647636129190E-13,-2.517469569978E-13,1.E0));
#6857=VECTOR('',#6856,1.375943478380E-1);
#6858=CARTESIAN_POINT('',(7.161490807314E0,2.02E0,-4.399493654826E0));
#6859=LINE('',#6858,#6857);
#6860=CARTESIAN_POINT('',(5.E0,2.02E0,-3.E0));
#6861=DIRECTION('',(0.E0,1.E0,0.E0));
#6862=DIRECTION('',(8.716898376186E-1,0.E0,-4.900579832963E-1));
#6863=AXIS2_PLACEMENT_3D('',#6860,#6861,#6862);
#6865=DIRECTION('',(1.E0,0.E0,1.835251411067E-13));
#6866=VECTOR('',#6865,1.403468430319E-1);
#6867=CARTESIAN_POINT('',(7.161490807314E0,2.04E0,-4.154196010845E0));
#6868=LINE('',#6867,#6866);
#6869=DIRECTION('',(-1.E0,0.E0,1.346525984318E-12));
#6870=VECTOR('',#6869,8.311052455395E-2);
#6871=CARTESIAN_POINT('',(7.244601331868E0,2.02E0,-4.261899306988E0));
#6872=LINE('',#6871,#6870);
#6873=DIRECTION('',(9.999999998515E-1,0.E0,-1.723168937931E-5));
#6874=VECTOR('',#6873,9.460355306796E-3);
#6875=CARTESIAN_POINT('',(7.303937104345E0,2.04E0,-4.149999836982E0));
#6876=LINE('',#6875,#6874);
#6877=DIRECTION('',(-8.300027332098E-11,1.E0,0.E0));
#6878=VECTOR('',#6877,2.E-2);
#6879=CARTESIAN_POINT('',(7.313397459652E0,2.02E0,-4.15E0));
#6880=LINE('',#6879,#6878);
#6881=DIRECTION('',(-3.659295089165E-10,-1.E0,4.440892098501E-14));
#6882=VECTOR('',#6881,2.E-2);
#6883=CARTESIAN_POINT('',(7.400000000025E0,2.04E0,-4.100000000019E0));
#6884=LINE('',#6883,#6882);
#6885=DIRECTION('',(0.E0,-1.E0,8.881784197001E-14));
#6886=VECTOR('',#6885,2.E-2);
#6887=CARTESIAN_POINT('',(7.699999999999E0,2.04E0,-4.100000000019E0));
#6888=LINE('',#6887,#6886);
#6889=DIRECTION('',(1.E0,0.E0,-1.184237893037E-14));
#6890=VECTOR('',#6889,2.999999999737E-1);
#6891=CARTESIAN_POINT('',(7.400000000025E0,2.04E0,-4.100000000019E0));
#6892=LINE('',#6891,#6890);
#6893=DIRECTION('',(0.E0,-7.071080383378E-1,7.071055240331E-1));
#6894=VECTOR('',#6893,2.121328551624E-1);
#6895=CARTESIAN_POINT('',(7.699999999999E0,3.64E0,-4.3E0));
#6896=LINE('',#6895,#6894);
#6897=DIRECTION('',(0.E0,-1.E0,-2.100732373258E-7));
#6898=VECTOR('',#6897,1.469999152919E0);
#6899=CARTESIAN_POINT('',(7.699999999999E0,3.489999152919E0,-4.149999686286E0));
#6900=LINE('',#6899,#6898);
#6901=DIRECTION('',(0.E0,0.E0,1.E0));
#6902=VECTOR('',#6901,2.2E0);
#6903=CARTESIAN_POINT('',(7.699999999999E0,2.04E0,-4.100000000019E0));
#6904=LINE('',#6903,#6902);
#6905=DIRECTION('',(8.881784197001E-14,-1.E0,0.E0));
#6906=VECTOR('',#6905,2.E-2);
#6907=CARTESIAN_POINT('',(7.699999999999E0,2.04E0,-1.900000000019E0));
#6908=LINE('',#6907,#6906);
#6909=DIRECTION('',(0.E0,7.071080439591E-1,7.071055184117E-1));
#6910=VECTOR('',#6909,2.121328585429E-1);
#6911=CARTESIAN_POINT('',(7.699999999999E0,3.489999149336E0,-1.850000314912E0));
#6912=LINE('',#6911,#6910);
#6913=DIRECTION('',(1.E0,0.E0,0.E0));
#6914=VECTOR('',#6913,3.408887968490E-1);
#6915=CARTESIAN_POINT('',(7.161490807314E0,3.64E0,-1.95E0));
#6916=LINE('',#6915,#6914);
#6917=CARTESIAN_POINT('',(7.502379604163E0,3.64E0,-2.05E0));
#6918=DIRECTION('',(0.E0,1.E0,0.E0));
#6919=DIRECTION('',(3.552713678800E-14,0.E0,1.E0));
#6920=AXIS2_PLACEMENT_3D('',#6917,#6918,#6919);
#6922=DIRECTION('',(0.E0,0.E0,-1.E0));
#6923=VECTOR('',#6922,1.9E0);
#6924=CARTESIAN_POINT('',(7.602379604163E0,3.64E0,-2.05E0));
#6925=LINE('',#6924,#6923);
#6926=CARTESIAN_POINT('',(7.502379604163E0,3.64E0,-3.95E0));
#6927=DIRECTION('',(0.E0,1.E0,0.E0));
#6928=DIRECTION('',(1.E0,0.E0,0.E0));
#6929=AXIS2_PLACEMENT_3D('',#6926,#6927,#6928);
#6931=DIRECTION('',(-1.E0,0.E0,0.E0));
#6932=VECTOR('',#6931,3.408887968490E-1);
#6933=CARTESIAN_POINT('',(7.502379604163E0,3.64E0,-4.05E0));
#6934=LINE('',#6933,#6932);
#6935=CARTESIAN_POINT('',(5.E0,3.64E0,-3.E0));
#6936=DIRECTION('',(0.E0,-1.E0,0.E0));
#6937=DIRECTION('',(7.932059523021E-1,0.E0,-6.089534606459E-1));
#6938=AXIS2_PLACEMENT_3D('',#6935,#6936,#6937);
#6940=DIRECTION('',(0.E0,0.E0,1.E0));
#6941=VECTOR('',#6940,2.6E0);
#6942=CARTESIAN_POINT('',(7.699999999999E0,3.64E0,-4.3E0));
#6943=LINE('',#6942,#6941);
#6944=CARTESIAN_POINT('',(5.E0,3.64E0,-3.E0));
#6945=DIRECTION('',(0.E0,-1.E0,0.E0));
#6946=DIRECTION('',(8.788689867328E-1,0.E0,4.770632077192E-1));
#6947=AXIS2_PLACEMENT_3D('',#6944,#6945,#6946);
#6949=DIRECTION('',(1.E0,0.E0,0.E0));
#6950=VECTOR('',#6949,3.408887968490E-1);
#6951=CARTESIAN_POINT('',(7.161490807314E0,3.04E0,-4.05E0));
#6952=LINE('',#6951,#6950);
#6953=CARTESIAN_POINT('',(7.502379604163E0,3.04E0,-3.95E0));
#6954=DIRECTION('',(0.E0,-1.E0,0.E0));
#6955=DIRECTION('',(0.E0,0.E0,-1.E0));
#6956=AXIS2_PLACEMENT_3D('',#6953,#6954,#6955);
#6958=DIRECTION('',(0.E0,0.E0,1.E0));
#6959=VECTOR('',#6958,1.9E0);
#6960=CARTESIAN_POINT('',(7.602379604163E0,3.04E0,-3.95E0));
#6961=LINE('',#6960,#6959);
#6962=CARTESIAN_POINT('',(7.502379604163E0,3.04E0,-2.05E0));
#6963=DIRECTION('',(0.E0,-1.E0,0.E0));
#6964=DIRECTION('',(1.E0,0.E0,0.E0));
#6965=AXIS2_PLACEMENT_3D('',#6962,#6963,#6964);
#6967=DIRECTION('',(-1.E0,0.E0,0.E0));
#6968=VECTOR('',#6967,3.408887968490E-1);
#6969=CARTESIAN_POINT('',(7.502379604163E0,3.04E0,-1.95E0));
#6970=LINE('',#6969,#6968);
#6971=DIRECTION('',(0.E0,1.E0,0.E0));
#6972=VECTOR('',#6971,6.E-1);
#6973=CARTESIAN_POINT('',(7.161490807314E0,3.04E0,-4.05E0));
#6974=LINE('',#6973,#6972);
#6975=DIRECTION('',(0.E0,-1.E0,0.E0));
#6976=VECTOR('',#6975,6.E-1);
#6977=CARTESIAN_POINT('',(7.602379604163E0,3.64E0,-3.95E0));
#6978=LINE('',#6977,#6976);
#6979=DIRECTION('',(0.E0,1.E0,0.E0));
#6980=VECTOR('',#6979,6.E-1);
#6981=CARTESIAN_POINT('',(7.502379604163E0,3.04E0,-4.05E0));
#6982=LINE('',#6981,#6980);
#6983=DIRECTION('',(0.E0,-1.E0,0.E0));
#6984=VECTOR('',#6983,6.E-1);
#6985=CARTESIAN_POINT('',(7.502379604163E0,3.64E0,-1.95E0));
#6986=LINE('',#6985,#6984);
#6987=DIRECTION('',(0.E0,1.E0,0.E0));
#6988=VECTOR('',#6987,6.E-1);
#6989=CARTESIAN_POINT('',(7.602379604163E0,3.04E0,-2.05E0));
#6990=LINE('',#6989,#6988);
#6991=DIRECTION('',(-9.999999999996E-1,-1.193641417267E-13,-9.181118268008E-7));
#6992=VECTOR('',#6991,3.050775105565E-1);
#6993=CARTESIAN_POINT('',(7.699999999999E0,3.64E0,-4.3E0));
#6994=LINE('',#6993,#6992);
#6995=DIRECTION('',(9.999999999781E-1,6.284972078123E-6,-2.089869506596E-6));
#6996=VECTOR('',#6995,3.960617566557E-1);
#6997=CARTESIAN_POINT('',(7.303938243352E0,3.489996663682E0,-4.149998858569E0));
#6998=LINE('',#6997,#6996);
#6999=DIRECTION('',(9.999999999996E-1,1.193641461286E-13,-9.003605889143E-7));
#7000=VECTOR('',#6999,3.050774993061E-1);
#7001=CARTESIAN_POINT('',(7.394922500693E0,3.64E0,-1.699999725320E0));
#7002=LINE('',#7001,#7000);
#7003=DIRECTION('',(-9.999999999781E-1,-6.280258668392E-6,-2.089193811196E-6));
#7004=VECTOR('',#7003,3.960617548811E-1);
#7005=CARTESIAN_POINT('',(7.699999999999E0,3.489999149336E0,-1.850000314912E0));
#7006=LINE('',#7005,#7004);
#7007=CARTESIAN_POINT('',(7.303938245127E0,3.489996661966E0,-1.850001142362E0));
#7008=CARTESIAN_POINT('',(7.314214912103E0,3.506611865273E0,-1.833385939055E0));
#7009=CARTESIAN_POINT('',(7.334653553185E0,3.539881987624E0,-1.800119000399E0));
#7010=CARTESIAN_POINT('',(7.364983436321E0,3.589881622610E0,-1.750118212818E0));
#7011=CARTESIAN_POINT('',(7.384976252711E0,3.623283989650E0,-1.716715735670E0));
#7012=CARTESIAN_POINT('',(7.394922500693E0,3.64E0,-1.699999725320E0));
#7014=DIRECTION('',(0.E0,-1.E0,2.106543142532E-7));
#7015=VECTOR('',#7014,1.469999149336E0);
#7016=CARTESIAN_POINT('',(7.699999999999E0,3.489999149336E0,-1.850000314912E0));
#7017=LINE('',#7016,#7015);
#7018=DIRECTION('',(-8.881784193626E-14,0.E0,-1.E0));
#7019=VECTOR('',#7018,5.000000001900E-2);
#7020=CARTESIAN_POINT('',(7.500000000017E0,2.02E0,-1.85E0));
#7021=LINE('',#7020,#7019);
#7022=DIRECTION('',(7.549516567451E-13,1.E0,-1.110223024625E-14));
#7023=VECTOR('',#7022,2.E-2);
#7024=CARTESIAN_POINT('',(7.500000000017E0,2.02E0,-1.900000000019E0));
#7025=LINE('',#7024,#7023);
#7026=CARTESIAN_POINT('',(7.500000000017E0,1.74E0,-1.900000000019E0));
#7027=DIRECTION('',(1.E0,0.E0,0.E0));
#7028=DIRECTION('',(0.E0,1.E0,0.E0));
#7029=AXIS2_PLACEMENT_3D('',#7026,#7027,#7028);
#7031=DIRECTION('',(0.E0,-1.E0,8.289446142175E-13));
#7032=VECTOR('',#7031,1.580398915185E-2);
#7033=CARTESIAN_POINT('',(7.500000000017E0,2.035803989152E0,-1.85E0));
#7034=LINE('',#7033,#7032);
#7035=DIRECTION('',(1.E0,0.E0,-2.625226702927E-8));
#7036=VECTOR('',#7035,1.999999999820E-1);
#7037=CARTESIAN_POINT('',(7.500000000017E0,2.02E0,-1.85E0));
#7038=LINE('',#7037,#7036);
#7039=DIRECTION('',(0.E0,0.E0,-1.E0));
#7040=VECTOR('',#7039,4.999999476855E-2);
#7041=CARTESIAN_POINT('',(7.699999999999E0,2.02E0,-1.850000005250E0));
#7042=LINE('',#7041,#7040);
#7043=DIRECTION('',(-1.E0,0.E0,0.E0));
#7044=VECTOR('',#7043,1.999999999820E-1);
#7045=CARTESIAN_POINT('',(7.699999999999E0,2.04E0,-1.900000000019E0));
#7046=LINE('',#7045,#7044);
#7047=DIRECTION('',(1.E0,0.E0,0.E0));
#7048=VECTOR('',#7047,1.999999999820E-1);
#7049=CARTESIAN_POINT('',(7.500000000017E0,2.02E0,-1.900000000019E0));
#7050=LINE('',#7049,#7048);
#7051=DIRECTION('',(1.E0,0.E0,1.193645835424E-12));
#7052=VECTOR('',#7051,1.127294433501E-1);
#7053=CARTESIAN_POINT('',(7.161490807314E0,2.02E0,-1.792296703876E0));
#7054=LINE('',#7053,#7052);
#7055=DIRECTION('',(9.999999999996E-1,-1.684293072779E-7,8.294386445738E-7));
#7056=VECTOR('',#7055,1.960628967205E-1);
#7057=CARTESIAN_POINT('',(7.303937103297E0,2.035804022175E0,-1.850000162622E0));
#7058=LINE('',#7057,#7056);
#7059=DIRECTION('',(-1.E0,0.E0,0.E0));
#7060=VECTOR('',#7059,3.385091927030E-1);
#7061=CARTESIAN_POINT('',(7.500000000017E0,2.04E0,-1.900000000019E0));
#7062=LINE('',#7061,#7060);
#7063=DIRECTION('',(-3.287999888290E-13,1.782929516890E-13,1.E0));
#7064=VECTOR('',#7063,1.917903587019E-1);
#7065=CARTESIAN_POINT('',(7.161490807314E0,2.02E0,-1.792296703876E0));
#7066=LINE('',#7065,#7064);
#7067=CARTESIAN_POINT('',(5.E0,2.02E0,-3.E0));
#7068=DIRECTION('',(0.E0,1.E0,0.E0));
#7069=DIRECTION('',(8.394139057530E-1,0.E0,5.434926814857E-1));
#7070=AXIS2_PLACEMENT_3D('',#7067,#7068,#7069);
#7072=DIRECTION('',(-4.289857294830E-14,1.E0,2.341295354573E-14));
#7073=VECTOR('',#7072,1.469994535126E0);
#7074=CARTESIAN_POINT('',(7.161490807314E0,2.02E0,-1.600506345174E0));
#7075=LINE('',#7074,#7073);
#7076=DIRECTION('',(-7.851985916571E-7,-9.999999999995E-1,6.737344839891E-7));
#7077=VECTOR('',#7076,1.454192639792E0);
#7078=CARTESIAN_POINT('',(7.303938245127E0,3.489996661966E0,-1.850001142362E0));
#7079=LINE('',#7078,#7077);
#7080=CARTESIAN_POINT('',(7.303937103297E0,2.035804022175E0,-1.850000162622E0));
#7081=CARTESIAN_POINT('',(7.300653894159E0,2.034692194484E0,-1.843422501300E0));
#7082=CARTESIAN_POINT('',(7.294072653495E0,2.032036820017E0,-1.830378751039E0));
#7083=CARTESIAN_POINT('',(7.284141349440E0,2.026758242115E0,-1.811102327964E0));
#7084=CARTESIAN_POINT('',(7.277527354744E0,2.022395471990E0,-1.798524295615E0));
#7085=CARTESIAN_POINT('',(7.274220250664E0,2.02E0,-1.792296703876E0));
#7087=CARTESIAN_POINT('',(7.161490807314E0,3.489994535126E0,-1.600506345174E0));
#7088=CARTESIAN_POINT('',(7.161490807314E0,3.505190088240E0,-1.572547209971E0));
#7089=CARTESIAN_POINT('',(7.161490807314E0,3.536557701352E0,-1.516014564256E0));
#7090=CARTESIAN_POINT('',(7.161490807314E0,3.586508994520E0,-1.429452030305E0));
#7091=CARTESIAN_POINT('',(7.161490807314E0,3.621835762853E0,-1.370426974384E0));
#7092=CARTESIAN_POINT('',(7.161490807314E0,3.64E0,-1.340598298023E0));
#7094=CARTESIAN_POINT('',(5.E0,3.489994535126E0,-3.E0));
#7095=DIRECTION('',(0.E0,-1.E0,0.E0));
#7096=DIRECTION('',(8.947328511104E-1,0.E0,4.466017522849E-1));
#7097=AXIS2_PLACEMENT_3D('',#7094,#7095,#7096);
#7099=CARTESIAN_POINT('',(7.400000000018E0,2.02E0,-4.200000000019E0));
#7100=DIRECTION('',(0.E0,1.E0,0.E0));
#7101=DIRECTION('',(-8.660254036623E-1,0.E0,5.000000002116E-1));
#7102=AXIS2_PLACEMENT_3D('',#7099,#7100,#7101);
#7104=DIRECTION('',(1.E0,0.E0,-1.480297366261E-14));
#7105=VECTOR('',#7104,2.999999999810E-1);
#7106=CARTESIAN_POINT('',(7.400000000018E0,2.02E0,-4.100000000019E0));
#7107=LINE('',#7106,#7105);
#7108=DIRECTION('',(0.E0,0.E0,-1.E0));
#7109=VECTOR('',#7108,4.999999507444E-2);
#7110=CARTESIAN_POINT('',(7.699999999999E0,2.02E0,-4.100000000019E0));
#7111=LINE('',#7110,#7109);
#7112=DIRECTION('',(-1.E0,0.E0,-1.269130389247E-8));
#7113=VECTOR('',#7112,3.866025403466E-1);
#7114=CARTESIAN_POINT('',(7.699999999999E0,2.02E0,-4.149999995093E0));
#7115=LINE('',#7114,#7113);
#7116=DIRECTION('',(2.960594732334E-14,1.E0,-1.480297366167E-14));
#7117=VECTOR('',#7116,3.E-2);
#7118=CARTESIAN_POINT('',(7.45E0,2.04E0,-2.3E0));
#7119=LINE('',#7118,#7117);
#7120=DIRECTION('',(1.E0,0.E0,0.E0));
#7121=VECTOR('',#7120,2.885091926860E-1);
#7122=CARTESIAN_POINT('',(7.161490807314E0,2.07E0,-2.3E0));
#7123=LINE('',#7122,#7121);
#7124=CARTESIAN_POINT('',(7.45E0,2.07E0,-2.3E0));
#7125=CARTESIAN_POINT('',(7.45E0,2.079165736533E0,-2.3E0));
#7126=CARTESIAN_POINT('',(7.448719604385E0,2.098539295457E0,-2.301235498865E0));
#7127=CARTESIAN_POINT('',(7.433366770544E0,2.136257681725E0,-2.316703940727E0));
#7128=CARTESIAN_POINT('',(7.419442026048E0,2.156019978955E0,-2.330544723780E0));
#7129=CARTESIAN_POINT('',(7.387007391133E0,2.183275118008E0,-2.362991118977E0));
#7130=CARTESIAN_POINT('',(7.363851683701E0,2.193611397276E0,-2.386167937713E0));
#7131=CARTESIAN_POINT('',(7.335594834773E0,2.2E0,-2.414405165227E0));
#7132=CARTESIAN_POINT('',(7.32E0,2.2E0,-2.43E0));
#7134=DIRECTION('',(-1.E0,0.E0,0.E0));
#7135=VECTOR('',#7134,1.4E-1);
#7136=CARTESIAN_POINT('',(7.32E0,2.2E0,-2.43E0));
#7137=LINE('',#7136,#7135);
#7138=DIRECTION('',(0.E0,0.E0,-1.E0));
#7139=VECTOR('',#7138,1.4E0);
#7140=CARTESIAN_POINT('',(7.45E0,2.07E0,-2.3E0));
#7141=LINE('',#7140,#7139);
#7142=CARTESIAN_POINT('',(7.45E0,2.07E0,-3.7E0));
#7143=CARTESIAN_POINT('',(7.45E0,2.079165736533E0,-3.7E0));
#7144=CARTESIAN_POINT('',(7.448764501135E0,2.098539295458E0,-3.698719604386E0));
#7145=CARTESIAN_POINT('',(7.433296059273E0,2.136257681725E0,-3.683366770544E0));
#7146=CARTESIAN_POINT('',(7.419455276219E0,2.156019978956E0,-3.669442026047E0));
#7147=CARTESIAN_POINT('',(7.387008881023E0,2.183275118008E0,-3.637007391134E0));
#7148=CARTESIAN_POINT('',(7.363832062287E0,2.193611397276E0,-3.613851683700E0));
#7149=CARTESIAN_POINT('',(7.335594834773E0,2.2E0,-3.585594834773E0));
#7150=CARTESIAN_POINT('',(7.32E0,2.2E0,-3.57E0));
#7152=DIRECTION('',(0.E0,0.E0,1.E0));
#7153=VECTOR('',#7152,1.14E0);
#7154=CARTESIAN_POINT('',(7.32E0,2.2E0,-3.57E0));
#7155=LINE('',#7154,#7153);
#7156=CARTESIAN_POINT('',(7.161490807314E0,2.198675599031E0,-3.588509192687E0));
#7157=CARTESIAN_POINT('',(7.163529767047E0,2.198968890835E0,-3.586470232953E0));
#7158=CARTESIAN_POINT('',(7.167621763526E0,2.199458583265E0,-3.582378255426E0));
#7159=CARTESIAN_POINT('',(7.173794974782E0,2.199901069907E0,-3.576205022591E0));
#7160=CARTESIAN_POINT('',(7.177929297840E0,2.2E0,-3.572070702160E0));
#7161=CARTESIAN_POINT('',(7.18E0,2.2E0,-3.57E0));
#7163=DIRECTION('',(1.E0,0.E0,0.E0));
#7164=VECTOR('',#7163,1.4E-1);
#7165=CARTESIAN_POINT('',(7.18E0,2.2E0,-3.57E0));
#7166=LINE('',#7165,#7164);
#7167=DIRECTION('',(-1.E0,0.E0,0.E0));
#7168=VECTOR('',#7167,2.885091926860E-1);
#7169=CARTESIAN_POINT('',(7.45E0,2.07E0,-3.7E0));
#7170=LINE('',#7169,#7168);
#7171=DIRECTION('',(0.E0,0.E0,1.E0));
#7172=VECTOR('',#7171,1.177018385373E0);
#7173=CARTESIAN_POINT('',(7.161490807314E0,2.198675599031E0,-3.588509192687E0));
#7174=LINE('',#7173,#7172);
#7175=CARTESIAN_POINT('',(7.161490807314E0,2.198675599031E0,-2.411490807313E0));
#7176=CARTESIAN_POINT('',(7.163529767047E0,2.198968890835E0,-2.413529767047E0));
#7177=CARTESIAN_POINT('',(7.167621744574E0,2.199458583265E0,-2.417621763526E0));
#7178=CARTESIAN_POINT('',(7.173794977409E0,2.199901069907E0,-2.423794974782E0));
#7179=CARTESIAN_POINT('',(7.177929297840E0,2.2E0,-2.427929297840E0));
#7180=CARTESIAN_POINT('',(7.18E0,2.2E0,-2.43E0));
#7182=DIRECTION('',(0.E0,0.E0,-1.E0));
#7183=VECTOR('',#7182,1.14E0);
#7184=CARTESIAN_POINT('',(7.18E0,2.2E0,-2.43E0));
#7185=LINE('',#7184,#7183);
#7186=DIRECTION('',(0.E0,1.E0,0.E0));
#7187=VECTOR('',#7186,3.E-2);
#7188=CARTESIAN_POINT('',(7.161490807314E0,2.04E0,-3.7E0));
#7189=LINE('',#7188,#7187);
#7190=CARTESIAN_POINT('',(7.313397459652E0,2.02E0,-4.149999999998E0));
#7191=CARTESIAN_POINT('',(7.400000000018E0,2.02E0,-4.100000000019E0));
#7192=VERTEX_POINT('',#7190);
#7193=VERTEX_POINT('',#7191);
#7194=CARTESIAN_POINT('',(7.699999999999E0,2.02E0,-4.100000000019E0));
#7195=VERTEX_POINT('',#7194);
#7196=CARTESIAN_POINT('',(7.699999999999E0,2.02E0,-4.149999995093E0));
#7197=VERTEX_POINT('',#7196);
#7198=CARTESIAN_POINT('',(7.500000000017E0,2.02E0,-1.900000000019E0));
#7199=CARTESIAN_POINT('',(7.699999999999E0,2.02E0,-1.900000000019E0));
#7200=VERTEX_POINT('',#7198);
#7201=VERTEX_POINT('',#7199);
#7202=CARTESIAN_POINT('',(7.500000000017E0,2.02E0,-1.85E0));
#7203=VERTEX_POINT('',#7202);
#7204=CARTESIAN_POINT('',(7.699999999999E0,2.02E0,-1.850000005250E0));
#7205=VERTEX_POINT('',#7204);
#7206=CARTESIAN_POINT('',(7.161490807314E0,2.02E0,-1.792296703876E0));
#7207=CARTESIAN_POINT('',(7.161490807314E0,2.02E0,-1.600506345174E0));
#7208=VERTEX_POINT('',#7206);
#7209=VERTEX_POINT('',#7207);
#7210=CARTESIAN_POINT('',(7.274220250664E0,2.02E0,-1.792296703876E0));
#7211=VERTEX_POINT('',#7210);
#7212=CARTESIAN_POINT('',(7.161490807314E0,2.02E0,-4.399493654826E0));
#7213=CARTESIAN_POINT('',(7.161490807314E0,2.02E0,-4.261899306988E0));
#7214=VERTEX_POINT('',#7212);
#7215=VERTEX_POINT('',#7213);
#7216=CARTESIAN_POINT('',(7.244601331868E0,2.02E0,-4.261899306988E0));
#7217=VERTEX_POINT('',#7216);
#7218=CARTESIAN_POINT('',(7.313397459651E0,2.04E0,-4.15E0));
#7219=VERTEX_POINT('',#7218);
#7220=CARTESIAN_POINT('',(7.400000000040E0,2.04E0,-4.100000000019E0));
#7221=VERTEX_POINT('',#7220);
#7222=CARTESIAN_POINT('',(7.699999999999E0,3.489999152919E0,-4.149999686286E0));
#7223=VERTEX_POINT('',#7222);
#7224=CARTESIAN_POINT('',(7.303938243352E0,3.489996663682E0,-4.149998858569E0));
#7225=VERTEX_POINT('',#7224);
#7226=CARTESIAN_POINT('',(7.303937104345E0,2.04E0,-4.149999836982E0));
#7227=VERTEX_POINT('',#7226);
#7228=CARTESIAN_POINT('',(7.699999999999E0,3.64E0,-4.3E0));
#7229=CARTESIAN_POINT('',(7.699999999999E0,3.64E0,-1.7E0));
#7230=VERTEX_POINT('',#7228);
#7231=VERTEX_POINT('',#7229);
#7232=CARTESIAN_POINT('',(7.699999999999E0,2.04E0,-4.100000000019E0));
#7233=VERTEX_POINT('',#7232);
#7234=CARTESIAN_POINT('',(7.699999999999E0,2.04E0,-1.900000000019E0));
#7235=VERTEX_POINT('',#7234);
#7236=CARTESIAN_POINT('',(7.699999999999E0,3.489999149336E0,-1.850000314912E0));
#7237=VERTEX_POINT('',#7236);
#7238=CARTESIAN_POINT('',(7.161490807314E0,3.64E0,-1.95E0));
#7239=CARTESIAN_POINT('',(7.161490807314E0,3.64E0,-1.340598298023E0));
#7240=VERTEX_POINT('',#7238);
#7241=VERTEX_POINT('',#7239);
#7242=CARTESIAN_POINT('',(7.502379604163E0,3.64E0,-1.95E0));
#7243=VERTEX_POINT('',#7242);
#7244=CARTESIAN_POINT('',(7.602379604163E0,3.64E0,-2.05E0));
#7245=VERTEX_POINT('',#7244);
#7246=CARTESIAN_POINT('',(7.602379604163E0,3.64E0,-3.95E0));
#7247=VERTEX_POINT('',#7246);
#7248=CARTESIAN_POINT('',(7.502379604163E0,3.64E0,-4.05E0));
#7249=VERTEX_POINT('',#7248);
#7250=CARTESIAN_POINT('',(7.161490807314E0,3.64E0,-4.05E0));
#7251=VERTEX_POINT('',#7250);
#7252=CARTESIAN_POINT('',(7.161490807314E0,3.64E0,-4.659401701977E0));
#7253=VERTEX_POINT('',#7252);
#7254=CARTESIAN_POINT('',(7.394923071547E0,3.64E0,-4.3E0));
#7255=VERTEX_POINT('',#7254);
#7256=CARTESIAN_POINT('',(7.394922500693E0,3.64E0,-1.699999725320E0));
#7257=VERTEX_POINT('',#7256);
#7258=VERTEX_POINT('',#6827);
#7259=CARTESIAN_POINT('',(7.161490807314E0,3.04E0,-4.05E0));
#7260=VERTEX_POINT('',#7259);
#7261=CARTESIAN_POINT('',(7.161490807314E0,3.04E0,-1.95E0));
#7262=VERTEX_POINT('',#7261);
#7263=VERTEX_POINT('',#7087);
#7264=CARTESIAN_POINT('',(7.161490807314E0,2.04E0,-1.900000000019E0));
#7265=VERTEX_POINT('',#7264);
#7266=CARTESIAN_POINT('',(7.161490807314E0,2.04E0,-2.3E0));
#7267=VERTEX_POINT('',#7266);
#7268=CARTESIAN_POINT('',(7.161490807314E0,2.07E0,-2.3E0));
#7269=VERTEX_POINT('',#7268);
#7270=CARTESIAN_POINT('',(7.161490807314E0,2.198675599031E0,-2.411490807312E0));
#7271=VERTEX_POINT('',#7270);
#7272=CARTESIAN_POINT('',(7.161490807314E0,2.198675599031E0,-3.588509192687E0));
#7273=VERTEX_POINT('',#7272);
#7274=CARTESIAN_POINT('',(7.161490807314E0,2.07E0,-3.7E0));
#7275=VERTEX_POINT('',#7274);
#7276=CARTESIAN_POINT('',(7.161490807314E0,2.04E0,-3.7E0));
#7277=VERTEX_POINT('',#7276);
#7278=CARTESIAN_POINT('',(7.161490807314E0,2.04E0,-4.154196010845E0));
#7279=VERTEX_POINT('',#7278);
#7280=VERTEX_POINT('',#6850);
#7281=CARTESIAN_POINT('',(7.500000000017E0,2.04E0,-1.900000000019E0));
#7282=VERTEX_POINT('',#7281);
#7283=CARTESIAN_POINT('',(7.45E0,2.04E0,-3.7E0));
#7284=VERTEX_POINT('',#7283);
#7285=CARTESIAN_POINT('',(7.45E0,2.04E0,-2.3E0));
#7286=VERTEX_POINT('',#7285);
#7287=VERTEX_POINT('',#7080);
#7288=CARTESIAN_POINT('',(7.500000000017E0,2.035803989152E0,-1.85E0));
#7289=VERTEX_POINT('',#7288);
#7290=CARTESIAN_POINT('',(7.303937091609E0,3.489994535126E0,-1.850000487866E0));
#7291=VERTEX_POINT('',#7290);
#7292=CARTESIAN_POINT('',(7.45E0,2.07E0,-3.7E0));
#7293=VERTEX_POINT('',#7292);
#7294=VERTEX_POINT('',#7161);
#7295=CARTESIAN_POINT('',(7.32E0,2.2E0,-3.57E0));
#7296=VERTEX_POINT('',#7295);
#7297=VERTEX_POINT('',#7180);
#7298=CARTESIAN_POINT('',(7.45E0,2.07E0,-2.3E0));
#7299=VERTEX_POINT('',#7298);
#7300=VERTEX_POINT('',#7132);
#7301=CARTESIAN_POINT('',(7.502379604163E0,3.04E0,-4.05E0));
#7302=VERTEX_POINT('',#7301);
#7303=CARTESIAN_POINT('',(7.602379604163E0,3.04E0,-3.95E0));
#7304=VERTEX_POINT('',#7303);
#7305=CARTESIAN_POINT('',(7.602379604163E0,3.04E0,-2.05E0));
#7306=VERTEX_POINT('',#7305);
#7307=CARTESIAN_POINT('',(7.502379604163E0,3.04E0,-1.95E0));
#7308=VERTEX_POINT('',#7307);
#7309=CARTESIAN_POINT('',(7.45E0,2.05E0,-3.E0));
#7310=DIRECTION('',(-1.E0,0.E0,0.E0));
#7311=DIRECTION('',(0.E0,0.E0,-1.E0));
#7312=AXIS2_PLACEMENT_3D('',#7309,#7310,#7311);
#7313=PLANE('',#7312);
#7315=ORIENTED_EDGE('',*,*,#7314,.F.);
#7317=ORIENTED_EDGE('',*,*,#7316,.T.);
#7319=ORIENTED_EDGE('',*,*,#7318,.F.);
#7321=ORIENTED_EDGE('',*,*,#7320,.F.);
#7322=EDGE_LOOP('',(#7315,#7317,#7319,#7321));
#7323=FACE_OUTER_BOUND('',#7322,.F.);
#7324=ADVANCED_FACE('',(#7323),#7313,.T.);
#7325=FILL_AREA_STYLE_COLOUR('',#34);
#7326=FILL_AREA_STYLE('',(#7325));
#7327=SURFACE_STYLE_FILL_AREA(#7326);
#7328=SURFACE_SIDE_STYLE('',(#7327));
#7329=SURFACE_STYLE_USAGE(.BOTH.,#7328);
#7330=PRESENTATION_STYLE_ASSIGNMENT((#7329));
#7331=STYLED_ITEM('',(#7330),#7324);
#7332=CARTESIAN_POINT('',(5.E0,2.04E0,-3.E0));
#7333=DIRECTION('',(0.E0,1.E0,0.E0));
#7334=DIRECTION('',(0.E0,0.E0,-1.E0));
#7335=AXIS2_PLACEMENT_3D('',#7332,#7333,#7334);
#7336=PLANE('',#7335);
#7338=ORIENTED_EDGE('',*,*,#7337,.T.);
#7340=ORIENTED_EDGE('',*,*,#7339,.F.);
#7342=ORIENTED_EDGE('',*,*,#7341,.F.);
#7344=ORIENTED_EDGE('',*,*,#7343,.F.);
#7346=ORIENTED_EDGE('',*,*,#7345,.F.);
#7348=ORIENTED_EDGE('',*,*,#7347,.T.);
#7350=ORIENTED_EDGE('',*,*,#7349,.F.);
#7352=ORIENTED_EDGE('',*,*,#7351,.T.);
#7354=ORIENTED_EDGE('',*,*,#7353,.F.);
#7356=ORIENTED_EDGE('',*,*,#7355,.T.);
#7358=ORIENTED_EDGE('',*,*,#7357,.T.);
#7359=ORIENTED_EDGE('',*,*,#7314,.T.);
#7361=ORIENTED_EDGE('',*,*,#7360,.T.);
#7362=EDGE_LOOP('',(#7338,#7340,#7342,#7344,#7346,#7348,#7350,#7352,#7354,#7356,
#7358,#7359,#7361));
#7363=FACE_OUTER_BOUND('',#7362,.F.);
#7364=ADVANCED_FACE('',(#7363),#7336,.F.);
#7365=FILL_AREA_STYLE_COLOUR('',#34);
#7366=FILL_AREA_STYLE('',(#7365));
#7367=SURFACE_STYLE_FILL_AREA(#7366);
#7368=SURFACE_SIDE_STYLE('',(#7367));
#7369=SURFACE_STYLE_USAGE(.BOTH.,#7368);
#7370=PRESENTATION_STYLE_ASSIGNMENT((#7369));
#7371=STYLED_ITEM('',(#7370),#7364);
#7372=CARTESIAN_POINT('',(7.161490807314E0,3.64E0,-7.704081632653E-1));
#7373=DIRECTION('',(1.E0,0.E0,0.E0));
#7374=DIRECTION('',(0.E0,0.E0,-1.E0));
#7375=AXIS2_PLACEMENT_3D('',#7372,#7373,#7374);
#7376=PLANE('',#7375);
#7378=ORIENTED_EDGE('',*,*,#7377,.F.);
#7380=ORIENTED_EDGE('',*,*,#7379,.T.);
#7382=ORIENTED_EDGE('',*,*,#7381,.F.);
#7384=ORIENTED_EDGE('',*,*,#7383,.T.);
#7386=ORIENTED_EDGE('',*,*,#7385,.T.);
#7388=ORIENTED_EDGE('',*,*,#7387,.T.);
#7390=ORIENTED_EDGE('',*,*,#7389,.F.);
#7392=ORIENTED_EDGE('',*,*,#7391,.F.);
#7394=ORIENTED_EDGE('',*,*,#7393,.F.);
#7396=ORIENTED_EDGE('',*,*,#7395,.T.);
#7397=ORIENTED_EDGE('',*,*,#7337,.F.);
#7399=ORIENTED_EDGE('',*,*,#7398,.T.);
#7401=ORIENTED_EDGE('',*,*,#7400,.T.);
#7403=ORIENTED_EDGE('',*,*,#7402,.F.);
#7405=ORIENTED_EDGE('',*,*,#7404,.T.);
#7407=ORIENTED_EDGE('',*,*,#7406,.F.);
#7408=ORIENTED_EDGE('',*,*,#7355,.F.);
#7410=ORIENTED_EDGE('',*,*,#7409,.T.);
#7412=ORIENTED_EDGE('',*,*,#7411,.F.);
#7414=ORIENTED_EDGE('',*,*,#7413,.F.);
#7415=EDGE_LOOP('',(#7378,#7380,#7382,#7384,#7386,#7388,#7390,#7392,#7394,#7396,
#7397,#7399,#7401,#7403,#7405,#7407,#7408,#7410,#7412,#7414));
#7416=FACE_OUTER_BOUND('',#7415,.F.);
#7417=ADVANCED_FACE('',(#7416),#7376,.F.);
#7418=FILL_AREA_STYLE_COLOUR('',#34);
#7419=FILL_AREA_STYLE('',(#7418));
#7420=SURFACE_STYLE_FILL_AREA(#7419);
#7421=SURFACE_SIDE_STYLE('',(#7420));
#7422=SURFACE_STYLE_USAGE(.BOTH.,#7421);
#7423=PRESENTATION_STYLE_ASSIGNMENT((#7422));
#7424=STYLED_ITEM('',(#7423),#7417);
#7425=CARTESIAN_POINT('',(5.E0,3.564997267563E0,-3.E0));
#7426=DIRECTION('',(0.E0,1.E0,0.E0));
#7427=DIRECTION('',(0.E0,0.E0,-1.E0));
#7428=AXIS2_PLACEMENT_3D('',#7425,#7426,#7427);
#7429=CONICAL_SURFACE('',#7428,2.650002891614E0,4.500006079894E1);
#7430=ORIENTED_EDGE('',*,*,#7377,.T.);
#7432=ORIENTED_EDGE('',*,*,#7431,.T.);
#7434=ORIENTED_EDGE('',*,*,#7433,.T.);
#7436=ORIENTED_EDGE('',*,*,#7435,.F.);
#7437=EDGE_LOOP('',(#7430,#7432,#7434,#7436));
#7438=FACE_OUTER_BOUND('',#7437,.F.);
#7439=ADVANCED_FACE('',(#7438),#7429,.T.);
#7440=FILL_AREA_STYLE_COLOUR('',#34);
#7441=FILL_AREA_STYLE('',(#7440));
#7442=SURFACE_STYLE_FILL_AREA(#7441);
#7443=SURFACE_SIDE_STYLE('',(#7442));
#7444=SURFACE_STYLE_USAGE(.BOTH.,#7443);
#7445=PRESENTATION_STYLE_ASSIGNMENT((#7444));
#7446=STYLED_ITEM('',(#7445),#7439);
#7447=CARTESIAN_POINT('',(5.E0,3.64E0,-3.E0));
#7448=DIRECTION('',(0.E0,1.E0,0.E0));
#7449=DIRECTION('',(1.E0,0.E0,0.E0));
#7450=AXIS2_PLACEMENT_3D('',#7447,#7448,#7449);
#7451=CYLINDRICAL_SURFACE('',#7450,2.575E0);
#7452=ORIENTED_EDGE('',*,*,#7413,.T.);
#7454=ORIENTED_EDGE('',*,*,#7453,.F.);
#7456=ORIENTED_EDGE('',*,*,#7455,.T.);
#7457=ORIENTED_EDGE('',*,*,#7351,.F.);
#7459=ORIENTED_EDGE('',*,*,#7458,.T.);
#7460=ORIENTED_EDGE('',*,*,#7431,.F.);
#7461=EDGE_LOOP('',(#7452,#7454,#7456,#7457,#7459,#7460));
#7462=FACE_OUTER_BOUND('',#7461,.F.);
#7463=ADVANCED_FACE('',(#7462),#7451,.T.);
#7464=FILL_AREA_STYLE_COLOUR('',#34);
#7465=FILL_AREA_STYLE('',(#7464));
#7466=SURFACE_STYLE_FILL_AREA(#7465);
#7467=SURFACE_SIDE_STYLE('',(#7466));
#7468=SURFACE_STYLE_USAGE(.BOTH.,#7467);
#7469=PRESENTATION_STYLE_ASSIGNMENT((#7468));
#7470=STYLED_ITEM('',(#7469),#7463);
#7471=CARTESIAN_POINT('',(5.E0,2.02E0,-3.E0));
#7472=DIRECTION('',(0.E0,1.E0,0.E0));
#7473=DIRECTION('',(1.E0,0.E0,0.E0));
#7474=AXIS2_PLACEMENT_3D('',#7471,#7472,#7473);
#7475=PLANE('',#7474);
#7476=ORIENTED_EDGE('',*,*,#7411,.T.);
#7478=ORIENTED_EDGE('',*,*,#7477,.F.);
#7479=ORIENTED_EDGE('',*,*,#7453,.T.);
#7480=EDGE_LOOP('',(#7476,#7478,#7479));
#7481=FACE_OUTER_BOUND('',#7480,.F.);
#7482=ADVANCED_FACE('',(#7481),#7475,.F.);
#7483=FILL_AREA_STYLE_COLOUR('',#34);
#7484=FILL_AREA_STYLE('',(#7483));
#7485=SURFACE_STYLE_FILL_AREA(#7484);
#7486=SURFACE_SIDE_STYLE('',(#7485));
#7487=SURFACE_STYLE_USAGE(.BOTH.,#7486);
#7488=PRESENTATION_STYLE_ASSIGNMENT((#7487));
#7489=STYLED_ITEM('',(#7488),#7482);
#7490=CARTESIAN_POINT('',(1.582160000004E1,1.74E0,-4.154196010845E0));
#7491=DIRECTION('',(-1.E0,0.E0,0.E0));
#7492=DIRECTION('',(0.E0,1.E0,0.E0));
#7493=AXIS2_PLACEMENT_3D('',#7490,#7491,#7492);
#7494=CYLINDRICAL_SURFACE('',#7493,3.E-1);
#7495=ORIENTED_EDGE('',*,*,#7409,.F.);
#7496=ORIENTED_EDGE('',*,*,#7353,.T.);
#7497=ORIENTED_EDGE('',*,*,#7455,.F.);
#7498=ORIENTED_EDGE('',*,*,#7477,.T.);
#7499=EDGE_LOOP('',(#7495,#7496,#7497,#7498));
#7500=FACE_OUTER_BOUND('',#7499,.F.);
#7501=ADVANCED_FACE('',(#7500),#7494,.F.);
#7502=FILL_AREA_STYLE_COLOUR('',#34);
#7503=FILL_AREA_STYLE('',(#7502));
#7504=SURFACE_STYLE_FILL_AREA(#7503);
#7505=SURFACE_SIDE_STYLE('',(#7504));
#7506=SURFACE_STYLE_USAGE(.BOTH.,#7505);
#7507=PRESENTATION_STYLE_ASSIGNMENT((#7506));
#7508=STYLED_ITEM('',(#7507),#7501);
#7509=CARTESIAN_POINT('',(7.699999999999E0,3.64E0,-4.15E0));
#7510=DIRECTION('',(0.E0,0.E0,-1.E0));
#7511=DIRECTION('',(-1.E0,0.E0,0.E0));
#7512=AXIS2_PLACEMENT_3D('',#7509,#7510,#7511);
#7513=PLANE('',#7512);
#7515=ORIENTED_EDGE('',*,*,#7514,.F.);
#7517=ORIENTED_EDGE('',*,*,#7516,.F.);
#7519=ORIENTED_EDGE('',*,*,#7518,.F.);
#7521=ORIENTED_EDGE('',*,*,#7520,.F.);
#7522=ORIENTED_EDGE('',*,*,#7458,.F.);
#7523=ORIENTED_EDGE('',*,*,#7349,.T.);
#7524=EDGE_LOOP('',(#7515,#7517,#7519,#7521,#7522,#7523));
#7525=FACE_OUTER_BOUND('',#7524,.F.);
#7526=ADVANCED_FACE('',(#7525),#7513,.T.);
#7527=FILL_AREA_STYLE_COLOUR('',#34);
#7528=FILL_AREA_STYLE('',(#7527));
#7529=SURFACE_STYLE_FILL_AREA(#7528);
#7530=SURFACE_SIDE_STYLE('',(#7529));
#7531=SURFACE_STYLE_USAGE(.BOTH.,#7530);
#7532=PRESENTATION_STYLE_ASSIGNMENT((#7531));
#7533=STYLED_ITEM('',(#7532),#7526);
#7534=CARTESIAN_POINT('',(7.400000000018E0,3.081103100903E0,-4.200000000019E0));
#7535=DIRECTION('',(0.E0,-1.E0,0.E0));
#7536=DIRECTION('',(5.329070518201E-14,0.E0,1.E0));
#7537=AXIS2_PLACEMENT_3D('',#7534,#7535,#7536);
#7538=CYLINDRICAL_SURFACE('',#7537,1.E-1);
#7539=ORIENTED_EDGE('',*,*,#7514,.T.);
#7540=ORIENTED_EDGE('',*,*,#7347,.F.);
#7542=ORIENTED_EDGE('',*,*,#7541,.T.);
#7544=ORIENTED_EDGE('',*,*,#7543,.F.);
#7545=EDGE_LOOP('',(#7539,#7540,#7542,#7544));
#7546=FACE_OUTER_BOUND('',#7545,.F.);
#7547=ADVANCED_FACE('',(#7546),#7538,.T.);
#7548=FILL_AREA_STYLE_COLOUR('',#34);
#7549=FILL_AREA_STYLE('',(#7548));
#7550=SURFACE_STYLE_FILL_AREA(#7549);
#7551=SURFACE_SIDE_STYLE('',(#7550));
#7552=SURFACE_STYLE_USAGE(.BOTH.,#7551);
#7553=PRESENTATION_STYLE_ASSIGNMENT((#7552));
#7554=STYLED_ITEM('',(#7553),#7547);
#7555=CARTESIAN_POINT('',(7.300000000018E0,1.49E0,-4.100000000019E0));
#7556=DIRECTION('',(5.384581669445E-14,0.E0,1.E0));
#7557=DIRECTION('',(1.E0,0.E0,-5.384581669445E-14));
#7558=AXIS2_PLACEMENT_3D('',#7555,#7556,#7557);
#7559=PLANE('',#7558);
#7561=ORIENTED_EDGE('',*,*,#7560,.T.);
#7563=ORIENTED_EDGE('',*,*,#7562,.F.);
#7564=ORIENTED_EDGE('',*,*,#7541,.F.);
#7565=ORIENTED_EDGE('',*,*,#7345,.T.);
#7566=EDGE_LOOP('',(#7561,#7563,#7564,#7565));
#7567=FACE_OUTER_BOUND('',#7566,.F.);
#7568=ADVANCED_FACE('',(#7567),#7559,.T.);
#7569=FILL_AREA_STYLE_COLOUR('',#34);
#7570=FILL_AREA_STYLE('',(#7569));
#7571=SURFACE_STYLE_FILL_AREA(#7570);
#7572=SURFACE_SIDE_STYLE('',(#7571));
#7573=SURFACE_STYLE_USAGE(.BOTH.,#7572);
#7574=PRESENTATION_STYLE_ASSIGNMENT((#7573));
#7575=STYLED_ITEM('',(#7574),#7568);
#7576=CARTESIAN_POINT('',(7.699999999999E0,3.64E0,-1.85E0));
#7577=DIRECTION('',(1.E0,0.E0,0.E0));
#7578=DIRECTION('',(0.E0,0.E0,-1.E0));
#7579=AXIS2_PLACEMENT_3D('',#7576,#7577,#7578);
#7580=PLANE('',#7579);
#7582=ORIENTED_EDGE('',*,*,#7581,.F.);
#7584=ORIENTED_EDGE('',*,*,#7583,.T.);
#7585=ORIENTED_EDGE('',*,*,#7518,.T.);
#7587=ORIENTED_EDGE('',*,*,#7586,.F.);
#7588=ORIENTED_EDGE('',*,*,#7560,.F.);
#7589=ORIENTED_EDGE('',*,*,#7343,.T.);
#7591=ORIENTED_EDGE('',*,*,#7590,.T.);
#7593=ORIENTED_EDGE('',*,*,#7592,.F.);
#7595=ORIENTED_EDGE('',*,*,#7594,.F.);
#7597=ORIENTED_EDGE('',*,*,#7596,.T.);
#7598=EDGE_LOOP('',(#7582,#7584,#7585,#7587,#7588,#7589,#7591,#7593,#7595,
#7597));
#7599=FACE_OUTER_BOUND('',#7598,.F.);
#7600=ADVANCED_FACE('',(#7599),#7580,.T.);
#7601=FILL_AREA_STYLE_COLOUR('',#34);
#7602=FILL_AREA_STYLE('',(#7601));
#7603=SURFACE_STYLE_FILL_AREA(#7602);
#7604=SURFACE_SIDE_STYLE('',(#7603));
#7605=SURFACE_STYLE_USAGE(.BOTH.,#7604);
#7606=PRESENTATION_STYLE_ASSIGNMENT((#7605));
#7607=STYLED_ITEM('',(#7606),#7600);
#7608=CARTESIAN_POINT('',(5.E0,3.64E0,-3.E0));
#7609=DIRECTION('',(0.E0,-1.E0,0.E0));
#7610=DIRECTION('',(-1.E0,0.E0,0.E0));
#7611=AXIS2_PLACEMENT_3D('',#7608,#7609,#7610);
#7612=PLANE('',#7611);
#7613=ORIENTED_EDGE('',*,*,#7387,.F.);
#7615=ORIENTED_EDGE('',*,*,#7614,.T.);
#7617=ORIENTED_EDGE('',*,*,#7616,.T.);
#7619=ORIENTED_EDGE('',*,*,#7618,.T.);
#7621=ORIENTED_EDGE('',*,*,#7620,.T.);
#7623=ORIENTED_EDGE('',*,*,#7622,.T.);
#7624=ORIENTED_EDGE('',*,*,#7379,.F.);
#7625=ORIENTED_EDGE('',*,*,#7435,.T.);
#7627=ORIENTED_EDGE('',*,*,#7626,.F.);
#7628=ORIENTED_EDGE('',*,*,#7581,.T.);
#7630=ORIENTED_EDGE('',*,*,#7629,.F.);
#7632=ORIENTED_EDGE('',*,*,#7631,.T.);
#7633=EDGE_LOOP('',(#7613,#7615,#7617,#7619,#7621,#7623,#7624,#7625,#7627,#7628,
#7630,#7632));
#7634=FACE_OUTER_BOUND('',#7633,.F.);
#7635=ADVANCED_FACE('',(#7634),#7612,.F.);
#7636=FILL_AREA_STYLE_COLOUR('',#34);
#7637=FILL_AREA_STYLE('',(#7636));
#7638=SURFACE_STYLE_FILL_AREA(#7637);
#7639=SURFACE_SIDE_STYLE('',(#7638));
#7640=SURFACE_STYLE_USAGE(.BOTH.,#7639);
#7641=PRESENTATION_STYLE_ASSIGNMENT((#7640));
#7642=STYLED_ITEM('',(#7641),#7635);
#7643=CARTESIAN_POINT('',(7.602379604163E0,3.04E0,-1.95E0));
#7644=DIRECTION('',(0.E0,0.E0,1.E0));
#7645=DIRECTION('',(-1.E0,0.E0,0.E0));
#7646=AXIS2_PLACEMENT_3D('',#7643,#7644,#7645);
#7647=PLANE('',#7646);
#7648=ORIENTED_EDGE('',*,*,#7385,.F.);
#7650=ORIENTED_EDGE('',*,*,#7649,.F.);
#7652=ORIENTED_EDGE('',*,*,#7651,.F.);
#7653=ORIENTED_EDGE('',*,*,#7614,.F.);
#7654=EDGE_LOOP('',(#7648,#7650,#7652,#7653));
#7655=FACE_OUTER_BOUND('',#7654,.F.);
#7656=ADVANCED_FACE('',(#7655),#7647,.F.);
#7657=FILL_AREA_STYLE_COLOUR('',#34);
#7658=FILL_AREA_STYLE('',(#7657));
#7659=SURFACE_STYLE_FILL_AREA(#7658);
#7660=SURFACE_SIDE_STYLE('',(#7659));
#7661=SURFACE_STYLE_USAGE(.BOTH.,#7660);
#7662=PRESENTATION_STYLE_ASSIGNMENT((#7661));
#7663=STYLED_ITEM('',(#7662),#7656);
#7664=CARTESIAN_POINT('',(5.E0,3.04E0,-3.E0));
#7665=DIRECTION('',(0.E0,1.E0,0.E0));
#7666=DIRECTION('',(1.E0,0.E0,0.E0));
#7667=AXIS2_PLACEMENT_3D('',#7664,#7665,#7666);
#7668=PLANE('',#7667);
#7669=ORIENTED_EDGE('',*,*,#7383,.F.);
#7671=ORIENTED_EDGE('',*,*,#7670,.T.);
#7673=ORIENTED_EDGE('',*,*,#7672,.T.);
#7675=ORIENTED_EDGE('',*,*,#7674,.T.);
#7677=ORIENTED_EDGE('',*,*,#7676,.T.);
#7678=ORIENTED_EDGE('',*,*,#7649,.T.);
#7679=EDGE_LOOP('',(#7669,#7671,#7673,#7675,#7677,#7678));
#7680=FACE_OUTER_BOUND('',#7679,.F.);
#7681=ADVANCED_FACE('',(#7680),#7668,.T.);
#7682=FILL_AREA_STYLE_COLOUR('',#34);
#7683=FILL_AREA_STYLE('',(#7682));
#7684=SURFACE_STYLE_FILL_AREA(#7683);
#7685=SURFACE_SIDE_STYLE('',(#7684));
#7686=SURFACE_STYLE_USAGE(.BOTH.,#7685);
#7687=PRESENTATION_STYLE_ASSIGNMENT((#7686));
#7688=STYLED_ITEM('',(#7687),#7681);
#7689=CARTESIAN_POINT('',(7.102379604163E0,3.04E0,-4.05E0));
#7690=DIRECTION('',(0.E0,0.E0,-1.E0));
#7691=DIRECTION('',(1.E0,0.E0,0.E0));
#7692=AXIS2_PLACEMENT_3D('',#7689,#7690,#7691);
#7693=PLANE('',#7692);
#7694=ORIENTED_EDGE('',*,*,#7381,.T.);
#7695=ORIENTED_EDGE('',*,*,#7622,.F.);
#7697=ORIENTED_EDGE('',*,*,#7696,.F.);
#7698=ORIENTED_EDGE('',*,*,#7670,.F.);
#7699=EDGE_LOOP('',(#7694,#7695,#7697,#7698));
#7700=FACE_OUTER_BOUND('',#7699,.F.);
#7701=ADVANCED_FACE('',(#7700),#7693,.F.);
#7702=FILL_AREA_STYLE_COLOUR('',#34);
#7703=FILL_AREA_STYLE('',(#7702));
#7704=SURFACE_STYLE_FILL_AREA(#7703);
#7705=SURFACE_SIDE_STYLE('',(#7704));
#7706=SURFACE_STYLE_USAGE(.BOTH.,#7705);
#7707=PRESENTATION_STYLE_ASSIGNMENT((#7706));
#7708=STYLED_ITEM('',(#7707),#7701);
#7709=CARTESIAN_POINT('',(7.502379604163E0,-4.465152E0,-3.95E0));
#7710=DIRECTION('',(0.E0,1.E0,0.E0));
#7711=DIRECTION('',(1.E0,0.E0,0.E0));
#7712=AXIS2_PLACEMENT_3D('',#7709,#7710,#7711);
#7713=CYLINDRICAL_SURFACE('',#7712,1.E-1);
#7714=ORIENTED_EDGE('',*,*,#7620,.F.);
#7716=ORIENTED_EDGE('',*,*,#7715,.T.);
#7717=ORIENTED_EDGE('',*,*,#7672,.F.);
#7718=ORIENTED_EDGE('',*,*,#7696,.T.);
#7719=EDGE_LOOP('',(#7714,#7716,#7717,#7718));
#7720=FACE_OUTER_BOUND('',#7719,.F.);
#7721=ADVANCED_FACE('',(#7720),#7713,.F.);
#7722=FILL_AREA_STYLE_COLOUR('',#34);
#7723=FILL_AREA_STYLE('',(#7722));
#7724=SURFACE_STYLE_FILL_AREA(#7723);
#7725=SURFACE_SIDE_STYLE('',(#7724));
#7726=SURFACE_STYLE_USAGE(.BOTH.,#7725);
#7727=PRESENTATION_STYLE_ASSIGNMENT((#7726));
#7728=STYLED_ITEM('',(#7727),#7721);
#7729=CARTESIAN_POINT('',(7.602379604163E0,3.04E0,-4.05E0));
#7730=DIRECTION('',(1.E0,0.E0,0.E0));
#7731=DIRECTION('',(0.E0,0.E0,1.E0));
#7732=AXIS2_PLACEMENT_3D('',#7729,#7730,#7731);
#7733=PLANE('',#7732);
#7734=ORIENTED_EDGE('',*,*,#7618,.F.);
#7736=ORIENTED_EDGE('',*,*,#7735,.F.);
#7737=ORIENTED_EDGE('',*,*,#7674,.F.);
#7738=ORIENTED_EDGE('',*,*,#7715,.F.);
#7739=EDGE_LOOP('',(#7734,#7736,#7737,#7738));
#7740=FACE_OUTER_BOUND('',#7739,.F.);
#7741=ADVANCED_FACE('',(#7740),#7733,.F.);
#7742=FILL_AREA_STYLE_COLOUR('',#34);
#7743=FILL_AREA_STYLE('',(#7742));
#7744=SURFACE_STYLE_FILL_AREA(#7743);
#7745=SURFACE_SIDE_STYLE('',(#7744));
#7746=SURFACE_STYLE_USAGE(.BOTH.,#7745);
#7747=PRESENTATION_STYLE_ASSIGNMENT((#7746));
#7748=STYLED_ITEM('',(#7747),#7741);
#7749=CARTESIAN_POINT('',(7.502379604163E0,-4.465152E0,-2.05E0));
#7750=DIRECTION('',(0.E0,1.E0,0.E0));
#7751=DIRECTION('',(0.E0,0.E0,1.E0));
#7752=AXIS2_PLACEMENT_3D('',#7749,#7750,#7751);
#7753=CYLINDRICAL_SURFACE('',#7752,1.E-1);
#7754=ORIENTED_EDGE('',*,*,#7616,.F.);
#7755=ORIENTED_EDGE('',*,*,#7651,.T.);
#7756=ORIENTED_EDGE('',*,*,#7676,.F.);
#7757=ORIENTED_EDGE('',*,*,#7735,.T.);
#7758=EDGE_LOOP('',(#7754,#7755,#7756,#7757));
#7759=FACE_OUTER_BOUND('',#7758,.F.);
#7760=ADVANCED_FACE('',(#7759),#7753,.F.);
#7761=FILL_AREA_STYLE_COLOUR('',#34);
#7762=FILL_AREA_STYLE('',(#7761));
#7763=SURFACE_STYLE_FILL_AREA(#7762);
#7764=SURFACE_SIDE_STYLE('',(#7763));
#7765=SURFACE_STYLE_USAGE(.BOTH.,#7764);
#7766=PRESENTATION_STYLE_ASSIGNMENT((#7765));
#7767=STYLED_ITEM('',(#7766),#7760);
#7768=CARTESIAN_POINT('',(7.501968424046E0,3.565E0,-4.225E0));
#7769=DIRECTION('',(0.E0,7.071067811865E-1,7.071067811865E-1));
#7770=DIRECTION('',(0.E0,-7.071067811865E-1,7.071067811865E-1));
#7771=AXIS2_PLACEMENT_3D('',#7768,#7769,#7770);
#7772=PLANE('',#7771);
#7773=ORIENTED_EDGE('',*,*,#7626,.T.);
#7774=ORIENTED_EDGE('',*,*,#7433,.F.);
#7775=ORIENTED_EDGE('',*,*,#7520,.T.);
#7776=ORIENTED_EDGE('',*,*,#7583,.F.);
#7777=EDGE_LOOP('',(#7773,#7774,#7775,#7776));
#7778=FACE_OUTER_BOUND('',#7777,.F.);
#7779=ADVANCED_FACE('',(#7778),#7772,.F.);
#7780=FILL_AREA_STYLE_COLOUR('',#34);
#7781=FILL_AREA_STYLE('',(#7780));
#7782=SURFACE_STYLE_FILL_AREA(#7781);
#7783=SURFACE_SIDE_STYLE('',(#7782));
#7784=SURFACE_STYLE_USAGE(.BOTH.,#7783);
#7785=PRESENTATION_STYLE_ASSIGNMENT((#7784));
#7786=STYLED_ITEM('',(#7785),#7779);
#7787=CARTESIAN_POINT('',(7.501968424046E0,3.565E0,-1.775E0));
#7788=DIRECTION('',(0.E0,7.071067811865E-1,-7.071067811865E-1));
#7789=DIRECTION('',(0.E0,-7.071067811865E-1,-7.071067811865E-1));
#7790=AXIS2_PLACEMENT_3D('',#7787,#7788,#7789);
#7791=PLANE('',#7790);
#7792=ORIENTED_EDGE('',*,*,#7629,.T.);
#7793=ORIENTED_EDGE('',*,*,#7596,.F.);
#7795=ORIENTED_EDGE('',*,*,#7794,.T.);
#7797=ORIENTED_EDGE('',*,*,#7796,.T.);
#7798=EDGE_LOOP('',(#7792,#7793,#7795,#7797));
#7799=FACE_OUTER_BOUND('',#7798,.F.);
#7800=ADVANCED_FACE('',(#7799),#7791,.F.);
#7801=FILL_AREA_STYLE_COLOUR('',#34);
#7802=FILL_AREA_STYLE('',(#7801));
#7803=SURFACE_STYLE_FILL_AREA(#7802);
#7804=SURFACE_SIDE_STYLE('',(#7803));
#7805=SURFACE_STYLE_USAGE(.BOTH.,#7804);
#7806=PRESENTATION_STYLE_ASSIGNMENT((#7805));
#7807=STYLED_ITEM('',(#7806),#7800);
#7808=CARTESIAN_POINT('',(7.303936848093E0,3.64E0,-1.85E0));
#7809=DIRECTION('',(0.E0,0.E0,1.E0));
#7810=DIRECTION('',(1.E0,0.E0,0.E0));
#7811=AXIS2_PLACEMENT_3D('',#7808,#7809,#7810);
#7812=PLANE('',#7811);
#7814=ORIENTED_EDGE('',*,*,#7813,.F.);
#7816=ORIENTED_EDGE('',*,*,#7815,.F.);
#7818=ORIENTED_EDGE('',*,*,#7817,.F.);
#7819=ORIENTED_EDGE('',*,*,#7794,.F.);
#7820=ORIENTED_EDGE('',*,*,#7594,.T.);
#7822=ORIENTED_EDGE('',*,*,#7821,.F.);
#7823=EDGE_LOOP('',(#7814,#7816,#7818,#7819,#7820,#7822));
#7824=FACE_OUTER_BOUND('',#7823,.F.);
#7825=ADVANCED_FACE('',(#7824),#7812,.T.);
#7826=FILL_AREA_STYLE_COLOUR('',#34);
#7827=FILL_AREA_STYLE('',(#7826));
#7828=SURFACE_STYLE_FILL_AREA(#7827);
#7829=SURFACE_SIDE_STYLE('',(#7828));
#7830=SURFACE_STYLE_USAGE(.BOTH.,#7829);
#7831=PRESENTATION_STYLE_ASSIGNMENT((#7830));
#7832=STYLED_ITEM('',(#7831),#7825);
#7833=CARTESIAN_POINT('',(7.500000000017E0,1.874240154240E0,-1.833070328052E0));
#7834=DIRECTION('',(1.E0,0.E0,0.E0));
#7835=DIRECTION('',(0.E0,7.986355100473E-1,-6.018150231520E-1));
#7836=AXIS2_PLACEMENT_3D('',#7833,#7834,#7835);
#7837=PLANE('',#7836);
#7839=ORIENTED_EDGE('',*,*,#7838,.T.);
#7841=ORIENTED_EDGE('',*,*,#7840,.T.);
#7843=ORIENTED_EDGE('',*,*,#7842,.T.);
#7844=ORIENTED_EDGE('',*,*,#7813,.T.);
#7845=EDGE_LOOP('',(#7839,#7841,#7843,#7844));
#7846=FACE_OUTER_BOUND('',#7845,.F.);
#7847=ADVANCED_FACE('',(#7846),#7837,.F.);
#7848=FILL_AREA_STYLE_COLOUR('',#34);
#7849=FILL_AREA_STYLE('',(#7848));
#7850=SURFACE_STYLE_FILL_AREA(#7849);
#7851=SURFACE_SIDE_STYLE('',(#7850));
#7852=SURFACE_STYLE_USAGE(.BOTH.,#7851);
#7853=PRESENTATION_STYLE_ASSIGNMENT((#7852));
#7854=STYLED_ITEM('',(#7853),#7847);
#7855=CARTESIAN_POINT('',(5.E0,2.02E0,-3.E0));
#7856=DIRECTION('',(0.E0,1.E0,0.E0));
#7857=DIRECTION('',(1.E0,0.E0,0.E0));
#7858=AXIS2_PLACEMENT_3D('',#7855,#7856,#7857);
#7859=PLANE('',#7858);
#7861=ORIENTED_EDGE('',*,*,#7860,.F.);
#7862=ORIENTED_EDGE('',*,*,#7838,.F.);
#7863=ORIENTED_EDGE('',*,*,#7821,.T.);
#7864=ORIENTED_EDGE('',*,*,#7592,.T.);
#7865=EDGE_LOOP('',(#7861,#7862,#7863,#7864));
#7866=FACE_OUTER_BOUND('',#7865,.F.);
#7867=ADVANCED_FACE('',(#7866),#7859,.F.);
#7868=FILL_AREA_STYLE_COLOUR('',#34);
#7869=FILL_AREA_STYLE('',(#7868));
#7870=SURFACE_STYLE_FILL_AREA(#7869);
#7871=SURFACE_SIDE_STYLE('',(#7870));
#7872=SURFACE_STYLE_USAGE(.BOTH.,#7871);
#7873=PRESENTATION_STYLE_ASSIGNMENT((#7872));
#7874=STYLED_ITEM('',(#7873),#7867);
#7875=CARTESIAN_POINT('',(7.700000000017E0,1.49E0,-1.900000000019E0));
#7876=DIRECTION('',(0.E0,0.E0,-1.E0));
#7877=DIRECTION('',(-1.E0,0.E0,0.E0));
#7878=AXIS2_PLACEMENT_3D('',#7875,#7876,#7877);
#7879=PLANE('',#7878);
#7880=ORIENTED_EDGE('',*,*,#7590,.F.);
#7881=ORIENTED_EDGE('',*,*,#7341,.T.);
#7882=ORIENTED_EDGE('',*,*,#7840,.F.);
#7883=ORIENTED_EDGE('',*,*,#7860,.T.);
#7884=EDGE_LOOP('',(#7880,#7881,#7882,#7883));
#7885=FACE_OUTER_BOUND('',#7884,.F.);
#7886=ADVANCED_FACE('',(#7885),#7879,.T.);
#7887=FILL_AREA_STYLE_COLOUR('',#34);
#7888=FILL_AREA_STYLE('',(#7887));
#7889=SURFACE_STYLE_FILL_AREA(#7888);
#7890=SURFACE_SIDE_STYLE('',(#7889));
#7891=SURFACE_STYLE_USAGE(.BOTH.,#7890);
#7892=PRESENTATION_STYLE_ASSIGNMENT((#7891));
#7893=STYLED_ITEM('',(#7892),#7886);
#7894=CARTESIAN_POINT('',(7.000000000017E0,1.74E0,-1.900000000019E0));
#7895=DIRECTION('',(-1.E0,0.E0,0.E0));
#7896=DIRECTION('',(0.E0,6.018150231520E-1,7.986355100473E-1));
#7897=AXIS2_PLACEMENT_3D('',#7894,#7895,#7896);
#7898=CYLINDRICAL_SURFACE('',#7897,3.E-1);
#7899=ORIENTED_EDGE('',*,*,#7395,.F.);
#7901=ORIENTED_EDGE('',*,*,#7900,.T.);
#7903=ORIENTED_EDGE('',*,*,#7902,.F.);
#7904=ORIENTED_EDGE('',*,*,#7815,.T.);
#7905=ORIENTED_EDGE('',*,*,#7842,.F.);
#7906=ORIENTED_EDGE('',*,*,#7339,.T.);
#7907=EDGE_LOOP('',(#7899,#7901,#7903,#7904,#7905,#7906));
#7908=FACE_OUTER_BOUND('',#7907,.F.);
#7909=ADVANCED_FACE('',(#7908),#7898,.F.);
#7910=FILL_AREA_STYLE_COLOUR('',#34);
#7911=FILL_AREA_STYLE('',(#7910));
#7912=SURFACE_STYLE_FILL_AREA(#7911);
#7913=SURFACE_SIDE_STYLE('',(#7912));
#7914=SURFACE_STYLE_USAGE(.BOTH.,#7913);
#7915=PRESENTATION_STYLE_ASSIGNMENT((#7914));
#7916=STYLED_ITEM('',(#7915),#7909);
#7917=CARTESIAN_POINT('',(5.E0,2.02E0,-3.E0));
#7918=DIRECTION('',(0.E0,1.E0,0.E0));
#7919=DIRECTION('',(1.E0,0.E0,0.E0));
#7920=AXIS2_PLACEMENT_3D('',#7917,#7918,#7919);
#7921=PLANE('',#7920);
#7922=ORIENTED_EDGE('',*,*,#7393,.T.);
#7924=ORIENTED_EDGE('',*,*,#7923,.T.);
#7925=ORIENTED_EDGE('',*,*,#7900,.F.);
#7926=EDGE_LOOP('',(#7922,#7924,#7925));
#7927=FACE_OUTER_BOUND('',#7926,.F.);
#7928=ADVANCED_FACE('',(#7927),#7921,.F.);
#7929=FILL_AREA_STYLE_COLOUR('',#34);
#7930=FILL_AREA_STYLE('',(#7929));
#7931=SURFACE_STYLE_FILL_AREA(#7930);
#7932=SURFACE_SIDE_STYLE('',(#7931));
#7933=SURFACE_STYLE_USAGE(.BOTH.,#7932);
#7934=PRESENTATION_STYLE_ASSIGNMENT((#7933));
#7935=STYLED_ITEM('',(#7934),#7928);
#7936=CARTESIAN_POINT('',(5.E0,3.64E0,-3.E0));
#7937=DIRECTION('',(0.E0,1.E0,0.E0));
#7938=DIRECTION('',(1.E0,0.E0,0.E0));
#7939=AXIS2_PLACEMENT_3D('',#7936,#7937,#7938);
#7940=CYLINDRICAL_SURFACE('',#7939,2.575E0);
#7941=ORIENTED_EDGE('',*,*,#7391,.T.);
#7943=ORIENTED_EDGE('',*,*,#7942,.F.);
#7944=ORIENTED_EDGE('',*,*,#7817,.T.);
#7945=ORIENTED_EDGE('',*,*,#7902,.T.);
#7946=ORIENTED_EDGE('',*,*,#7923,.F.);
#7947=EDGE_LOOP('',(#7941,#7943,#7944,#7945,#7946));
#7948=FACE_OUTER_BOUND('',#7947,.F.);
#7949=ADVANCED_FACE('',(#7948),#7940,.T.);
#7950=FILL_AREA_STYLE_COLOUR('',#34);
#7951=FILL_AREA_STYLE('',(#7950));
#7952=SURFACE_STYLE_FILL_AREA(#7951);
#7953=SURFACE_SIDE_STYLE('',(#7952));
#7954=SURFACE_STYLE_USAGE(.BOTH.,#7953);
#7955=PRESENTATION_STYLE_ASSIGNMENT((#7954));
#7956=STYLED_ITEM('',(#7955),#7949);
#7957=CARTESIAN_POINT('',(5.E0,3.564997267563E0,-3.E0));
#7958=DIRECTION('',(0.E0,1.E0,0.E0));
#7959=DIRECTION('',(0.E0,0.E0,-1.E0));
#7960=AXIS2_PLACEMENT_3D('',#7957,#7958,#7959);
#7961=CONICAL_SURFACE('',#7960,2.650002891614E0,4.500006079894E1);
#7962=ORIENTED_EDGE('',*,*,#7389,.T.);
#7963=ORIENTED_EDGE('',*,*,#7631,.F.);
#7964=ORIENTED_EDGE('',*,*,#7796,.F.);
#7965=ORIENTED_EDGE('',*,*,#7942,.T.);
#7966=EDGE_LOOP('',(#7962,#7963,#7964,#7965));
#7967=FACE_OUTER_BOUND('',#7966,.F.);
#7968=ADVANCED_FACE('',(#7967),#7961,.T.);
#7969=FILL_AREA_STYLE_COLOUR('',#34);
#7970=FILL_AREA_STYLE('',(#7969));
#7971=SURFACE_STYLE_FILL_AREA(#7970);
#7972=SURFACE_SIDE_STYLE('',(#7971));
#7973=SURFACE_STYLE_USAGE(.BOTH.,#7972);
#7974=PRESENTATION_STYLE_ASSIGNMENT((#7973));
#7975=STYLED_ITEM('',(#7974),#7968);
#7976=CARTESIAN_POINT('',(5.E0,2.02E0,-3.E0));
#7977=DIRECTION('',(0.E0,1.E0,0.E0));
#7978=DIRECTION('',(1.E0,0.E0,0.E0));
#7979=AXIS2_PLACEMENT_3D('',#7976,#7977,#7978);
#7980=PLANE('',#7979);
#7981=ORIENTED_EDGE('',*,*,#7543,.T.);
#7982=ORIENTED_EDGE('',*,*,#7562,.T.);
#7983=ORIENTED_EDGE('',*,*,#7586,.T.);
#7984=ORIENTED_EDGE('',*,*,#7516,.T.);
#7985=EDGE_LOOP('',(#7981,#7982,#7983,#7984));
#7986=FACE_OUTER_BOUND('',#7985,.F.);
#7987=ADVANCED_FACE('',(#7986),#7980,.F.);
#7988=FILL_AREA_STYLE_COLOUR('',#34);
#7989=FILL_AREA_STYLE('',(#7988));
#7990=SURFACE_STYLE_FILL_AREA(#7989);
#7991=SURFACE_SIDE_STYLE('',(#7990));
#7992=SURFACE_STYLE_USAGE(.BOTH.,#7991);
#7993=PRESENTATION_STYLE_ASSIGNMENT((#7992));
#7994=STYLED_ITEM('',(#7993),#7987);
#7995=CARTESIAN_POINT('',(7.25E0,2.05E0,-2.3E0));
#7996=DIRECTION('',(0.E0,0.E0,-1.E0));
#7997=DIRECTION('',(1.E0,0.E0,0.E0));
#7998=AXIS2_PLACEMENT_3D('',#7995,#7996,#7997);
#7999=PLANE('',#7998);
#8000=ORIENTED_EDGE('',*,*,#7398,.F.);
#8001=ORIENTED_EDGE('',*,*,#7360,.F.);
#8002=ORIENTED_EDGE('',*,*,#7320,.T.);
#8004=ORIENTED_EDGE('',*,*,#8003,.F.);
#8005=EDGE_LOOP('',(#8000,#8001,#8002,#8004));
#8006=FACE_OUTER_BOUND('',#8005,.F.);
#8007=ADVANCED_FACE('',(#8006),#7999,.T.);
#8008=FILL_AREA_STYLE_COLOUR('',#34);
#8009=FILL_AREA_STYLE('',(#8008));
#8010=SURFACE_STYLE_FILL_AREA(#8009);
#8011=SURFACE_SIDE_STYLE('',(#8010));
#8012=SURFACE_STYLE_USAGE(.BOTH.,#8011);
#8013=PRESENTATION_STYLE_ASSIGNMENT((#8012));
#8014=STYLED_ITEM('',(#8013),#8007);
#8015=CARTESIAN_POINT('',(-7.084238425510E0,2.07E0,-2.43E0));
#8016=DIRECTION('',(1.E0,0.E0,0.E0));
#8017=DIRECTION('',(0.E0,1.E0,0.E0));
#8018=AXIS2_PLACEMENT_3D('',#8015,#8016,#8017);
#8019=CYLINDRICAL_SURFACE('',#8018,1.3E-1);
#8020=ORIENTED_EDGE('',*,*,#7400,.F.);
#8021=ORIENTED_EDGE('',*,*,#8003,.T.);
#8023=ORIENTED_EDGE('',*,*,#8022,.T.);
#8025=ORIENTED_EDGE('',*,*,#8024,.T.);
#8027=ORIENTED_EDGE('',*,*,#8026,.F.);
#8028=EDGE_LOOP('',(#8020,#8021,#8023,#8025,#8027));
#8029=FACE_OUTER_BOUND('',#8028,.F.);
#8030=ADVANCED_FACE('',(#8029),#8019,.F.);
#8031=FILL_AREA_STYLE_COLOUR('',#34);
#8032=FILL_AREA_STYLE('',(#8031));
#8033=SURFACE_STYLE_FILL_AREA(#8032);
#8034=SURFACE_SIDE_STYLE('',(#8033));
#8035=SURFACE_STYLE_USAGE(.BOTH.,#8034);
#8036=PRESENTATION_STYLE_ASSIGNMENT((#8035));
#8037=STYLED_ITEM('',(#8036),#8030);
#8038=CARTESIAN_POINT('',(7.32E0,2.07E0,6.37872E0));
#8039=DIRECTION('',(0.E0,0.E0,-1.E0));
#8040=DIRECTION('',(0.E0,1.E0,0.E0));
#8041=AXIS2_PLACEMENT_3D('',#8038,#8039,#8040);
#8042=CYLINDRICAL_SURFACE('',#8041,1.3E-1);
#8043=ORIENTED_EDGE('',*,*,#7318,.T.);
#8045=ORIENTED_EDGE('',*,*,#8044,.T.);
#8047=ORIENTED_EDGE('',*,*,#8046,.T.);
#8048=ORIENTED_EDGE('',*,*,#8022,.F.);
#8049=EDGE_LOOP('',(#8043,#8045,#8047,#8048));
#8050=FACE_OUTER_BOUND('',#8049,.F.);
#8051=ADVANCED_FACE('',(#8050),#8042,.F.);
#8052=FILL_AREA_STYLE_COLOUR('',#34);
#8053=FILL_AREA_STYLE('',(#8052));
#8054=SURFACE_STYLE_FILL_AREA(#8053);
#8055=SURFACE_SIDE_STYLE('',(#8054));
#8056=SURFACE_STYLE_USAGE(.BOTH.,#8055);
#8057=PRESENTATION_STYLE_ASSIGNMENT((#8056));
#8058=STYLED_ITEM('',(#8057),#8051);
#8059=CARTESIAN_POINT('',(1.702898714099E1,2.07E0,-3.57E0));
#8060=DIRECTION('',(-1.E0,0.E0,0.E0));
#8061=DIRECTION('',(0.E0,1.E0,0.E0));
#8062=AXIS2_PLACEMENT_3D('',#8059,#8060,#8061);
#8063=CYLINDRICAL_SURFACE('',#8062,1.3E-1);
#8064=ORIENTED_EDGE('',*,*,#7404,.F.);
#8066=ORIENTED_EDGE('',*,*,#8065,.T.);
#8068=ORIENTED_EDGE('',*,*,#8067,.T.);
#8069=ORIENTED_EDGE('',*,*,#8044,.F.);
#8071=ORIENTED_EDGE('',*,*,#8070,.T.);
#8072=EDGE_LOOP('',(#8064,#8066,#8068,#8069,#8071));
#8073=FACE_OUTER_BOUND('',#8072,.F.);
#8074=ADVANCED_FACE('',(#8073),#8063,.F.);
#8075=FILL_AREA_STYLE_COLOUR('',#34);
#8076=FILL_AREA_STYLE('',(#8075));
#8077=SURFACE_STYLE_FILL_AREA(#8076);
#8078=SURFACE_SIDE_STYLE('',(#8077));
#8079=SURFACE_STYLE_USAGE(.BOTH.,#8078);
#8080=PRESENTATION_STYLE_ASSIGNMENT((#8079));
#8081=STYLED_ITEM('',(#8080),#8074);
#8082=CARTESIAN_POINT('',(7.18E0,2.07E0,-1.237872E1));
#8083=DIRECTION('',(0.E0,0.E0,1.E0));
#8084=DIRECTION('',(0.E0,1.E0,0.E0));
#8085=AXIS2_PLACEMENT_3D('',#8082,#8083,#8084);
#8086=CYLINDRICAL_SURFACE('',#8085,1.3E-1);
#8087=ORIENTED_EDGE('',*,*,#7402,.T.);
#8088=ORIENTED_EDGE('',*,*,#8026,.T.);
#8090=ORIENTED_EDGE('',*,*,#8089,.T.);
#8091=ORIENTED_EDGE('',*,*,#8065,.F.);
#8092=EDGE_LOOP('',(#8087,#8088,#8090,#8091));
#8093=FACE_OUTER_BOUND('',#8092,.F.);
#8094=ADVANCED_FACE('',(#8093),#8086,.F.);
#8095=FILL_AREA_STYLE_COLOUR('',#34);
#8096=FILL_AREA_STYLE('',(#8095));
#8097=SURFACE_STYLE_FILL_AREA(#8096);
#8098=SURFACE_SIDE_STYLE('',(#8097));
#8099=SURFACE_STYLE_USAGE(.BOTH.,#8098);
#8100=PRESENTATION_STYLE_ASSIGNMENT((#8099));
#8101=STYLED_ITEM('',(#8100),#8094);
#8102=CARTESIAN_POINT('',(5.E0,2.2E0,-3.E0));
#8103=DIRECTION('',(0.E0,1.E0,0.E0));
#8104=DIRECTION('',(1.E0,0.E0,0.E0));
#8105=AXIS2_PLACEMENT_3D('',#8102,#8103,#8104);
#8106=PLANE('',#8105);
#8107=ORIENTED_EDGE('',*,*,#8067,.F.);
#8108=ORIENTED_EDGE('',*,*,#8089,.F.);
#8109=ORIENTED_EDGE('',*,*,#8024,.F.);
#8110=ORIENTED_EDGE('',*,*,#8046,.F.);
#8111=EDGE_LOOP('',(#8107,#8108,#8109,#8110));
#8112=FACE_OUTER_BOUND('',#8111,.F.);
#8113=ADVANCED_FACE('',(#8112),#8106,.F.);
#8114=FILL_AREA_STYLE_COLOUR('',#34);
#8115=FILL_AREA_STYLE('',(#8114));
#8116=SURFACE_STYLE_FILL_AREA(#8115);
#8117=SURFACE_SIDE_STYLE('',(#8116));
#8118=SURFACE_STYLE_USAGE(.BOTH.,#8117);
#8119=PRESENTATION_STYLE_ASSIGNMENT((#8118));
#8120=STYLED_ITEM('',(#8119),#8113);
#8121=CARTESIAN_POINT('',(7.25E0,2.05E0,-3.7E0));
#8122=DIRECTION('',(0.E0,0.E0,1.E0));
#8123=DIRECTION('',(-1.E0,0.E0,0.E0));
#8124=AXIS2_PLACEMENT_3D('',#8121,#8122,#8123);
#8125=PLANE('',#8124);
#8126=ORIENTED_EDGE('',*,*,#7406,.T.);
#8127=ORIENTED_EDGE('',*,*,#8070,.F.);
#8128=ORIENTED_EDGE('',*,*,#7316,.F.);
#8129=ORIENTED_EDGE('',*,*,#7357,.F.);
#8130=EDGE_LOOP('',(#8126,#8127,#8128,#8129));
#8131=FACE_OUTER_BOUND('',#8130,.F.);
#8132=ADVANCED_FACE('',(#8131),#8125,.T.);
#8133=FILL_AREA_STYLE_COLOUR('',#34);
#8134=FILL_AREA_STYLE('',(#8133));
#8135=SURFACE_STYLE_FILL_AREA(#8134);
#8136=SURFACE_SIDE_STYLE('',(#8135));
#8137=SURFACE_STYLE_USAGE(.BOTH.,#8136);
#8138=PRESENTATION_STYLE_ASSIGNMENT((#8137));
#8139=STYLED_ITEM('',(#8138),#8132);
#8140=CLOSED_SHELL('',(#7324,#7364,#7417,#7439,#7463,#7482,#7501,#7526,#7547,
#7568,#7600,#7635,#7656,#7681,#7701,#7721,#7741,#7760,#7779,#7800,#7825,#7847,
#7867,#7886,#7909,#7928,#7949,#7968,#7987,#8007,#8030,#8051,#8074,#8094,#8113,
#8132));
#8141=DIRECTION('',(0.E0,-1.E0,-3.081446789244E-14));
#8142=VECTOR('',#8141,1.469994535126E0);
#8143=CARTESIAN_POINT('',(3.747752021363E0,3.489994535126E0,-5.25E0));
#8144=LINE('',#8143,#8142);
#8145=DIRECTION('',(6.643860099541E-7,9.999999999995E-1,-7.713408460291E-7));
#8146=VECTOR('',#8145,1.469996663685E0);
#8147=CARTESIAN_POINT('',(3.850000169963E0,2.02E0,-5.303937125073E0));
#8148=LINE('',#8147,#8146);
#8149=DIRECTION('',(1.E0,4.239154029266E-14,8.685096059959E-14));
#8150=VECTOR('',#8149,8.590231672712E-1);
#8151=CARTESIAN_POINT('',(3.462743834416E0,3.64E0,-5.25E0));
#8152=LINE('',#8151,#8150);
#8153=DIRECTION('',(1.E0,0.E0,0.E0));
#8154=VECTOR('',#8153,1.356465996626E0);
#8155=CARTESIAN_POINT('',(4.321767001687E0,3.04E0,-5.25E0));
#8156=LINE('',#8155,#8154);
#8157=DIRECTION('',(1.E0,-4.239154029266E-14,-8.685096059959E-14));
#8158=VECTOR('',#8157,8.590231672712E-1);
#8159=CARTESIAN_POINT('',(5.678232998313E0,3.64E0,-5.25E0));
#8160=LINE('',#8159,#8158);
#8161=CARTESIAN_POINT('',(6.252247978637E0,3.489994535126E0,-5.25E0));
#8162=CARTESIAN_POINT('',(6.282880406630E0,3.504891356340E0,-5.25E0));
#8163=CARTESIAN_POINT('',(6.344835550883E0,3.535857567232E0,-5.25E0));
#8164=CARTESIAN_POINT('',(6.439599000342E0,3.585718063238E0,-5.25E0));
#8165=CARTESIAN_POINT('',(6.504451776881E0,3.621494115690E0,-5.25E0));
#8166=CARTESIAN_POINT('',(6.537256165584E0,3.64E0,-5.25E0));
#8168=CARTESIAN_POINT('',(5.E0,3.489994535126E0,-3.E0));
#8169=DIRECTION('',(0.E0,-1.E0,0.E0));
#8170=DIRECTION('',(4.466017443943E-1,0.E0,-8.947328550489E-1));
#8171=AXIS2_PLACEMENT_3D('',#8168,#8169,#8170);
#8173=CARTESIAN_POINT('',(5.E0,3.64E0,-3.E0));
#8174=DIRECTION('',(0.E0,1.E0,0.E0));
#8175=DIRECTION('',(2.886097865160E-1,0.E0,-9.574468085106E-1));
#8176=AXIS2_PLACEMENT_3D('',#8173,#8174,#8175);
#8178=CARTESIAN_POINT('',(5.E0,3.64E0,-3.E0));
#8179=DIRECTION('',(0.E0,-1.E0,0.E0));
#8180=DIRECTION('',(-5.641295057227E-1,0.E0,-8.256863210524E-1));
#8181=AXIS2_PLACEMENT_3D('',#8178,#8179,#8180);
#8183=DIRECTION('',(1.E0,0.E0,0.E0));
#8184=VECTOR('',#8183,2.6E0);
#8185=CARTESIAN_POINT('',(3.7E0,3.64E0,-5.699999999999E0));
#8186=LINE('',#8185,#8184);
#8187=CARTESIAN_POINT('',(5.E0,3.64E0,-3.E0));
#8188=DIRECTION('',(0.E0,-1.E0,0.E0));
#8189=DIRECTION('',(4.770632077192E-1,0.E0,-8.788689867328E-1));
#8190=AXIS2_PLACEMENT_3D('',#8187,#8188,#8189);
#8192=DIRECTION('',(0.E0,-1.E0,0.E0));
#8193=VECTOR('',#8192,6.E-1);
#8194=CARTESIAN_POINT('',(5.678232998313E0,3.64E0,-5.25E0));
#8195=LINE('',#8194,#8193);
#8196=DIRECTION('',(0.E0,1.E0,0.E0));
#8197=VECTOR('',#8196,6.E-1);
#8198=CARTESIAN_POINT('',(4.321767001687E0,3.04E0,-5.25E0));
#8199=LINE('',#8198,#8197);
#8200=CARTESIAN_POINT('',(5.E0,3.04E0,-3.E0));
#8201=DIRECTION('',(0.E0,-1.E0,0.E0));
#8202=DIRECTION('',(-2.886097865159E-1,0.E0,-9.574468085107E-1));
#8203=AXIS2_PLACEMENT_3D('',#8200,#8201,#8202);
#8205=CARTESIAN_POINT('',(3.462743834416E0,3.64E0,-5.25E0));
#8206=CARTESIAN_POINT('',(3.495686294577E0,3.621416225672E0,-5.25E0));
#8207=CARTESIAN_POINT('',(3.560725996959E0,3.585541688742E0,-5.25E0));
#8208=CARTESIAN_POINT('',(3.655482517032E0,3.535695528811E0,-5.25E0));
#8209=CARTESIAN_POINT('',(3.717257098653E0,3.504824486302E0,-5.25E0));
#8210=CARTESIAN_POINT('',(3.747752021363E0,3.489994535126E0,-5.25E0));
#8212=CARTESIAN_POINT('',(5.E0,3.489994535126E0,-3.E0));
#8213=DIRECTION('',(0.E0,-1.E0,0.E0));
#8214=DIRECTION('',(-4.863098946163E-1,0.E0,-8.737864077670E-1));
#8215=AXIS2_PLACEMENT_3D('',#8212,#8213,#8214);
#8217=CARTESIAN_POINT('',(3.850001146608E0,3.489996663684E0,-5.303938258942E0));
#8218=CARTESIAN_POINT('',(3.833659920833E0,3.506337889460E0,-5.314045468103E0));
#8219=CARTESIAN_POINT('',(3.800760048531E0,3.539240935989E0,-5.334263876260E0));
#8220=CARTESIAN_POINT('',(3.750759825396E0,3.589240013347E0,-5.364595486417E0));
#8221=CARTESIAN_POINT('',(3.716991373868E0,3.623008346053E0,-5.384812229973E0));
#8222=CARTESIAN_POINT('',(3.699999719921E0,3.64E0,-5.394922489476E0));
#8224=DIRECTION('',(-9.180591319998E-7,-1.193641417398E-13,9.999999999996E-1));
#8225=VECTOR('',#8224,3.050775105231E-1);
#8226=CARTESIAN_POINT('',(3.7E0,3.64E0,-5.699999999999E0));
#8227=LINE('',#8226,#8225);
#8228=DIRECTION('',(-2.102947955230E-6,6.284974167743E-6,-9.999999999780E-1));
#8229=VECTOR('',#8228,3.960617410661E-1);
#8230=CARTESIAN_POINT('',(3.850001146608E0,3.489996663684E0,-5.303938258942E0));
#8231=LINE('',#8230,#8229);
#8232=DIRECTION('',(1.E0,0.E0,0.E0));
#8233=VECTOR('',#8232,2.504495957274E0);
#8234=CARTESIAN_POINT('',(3.747752021363E0,2.02E0,-5.25E0));
#8235=LINE('',#8234,#8233);
#8236=CARTESIAN_POINT('',(5.E0,2.02E0,-3.E0));
#8237=DIRECTION('',(0.E0,1.E0,0.E0));
#8238=DIRECTION('',(4.863098946162E-1,0.E0,-8.737864077670E-1));
#8239=AXIS2_PLACEMENT_3D('',#8236,#8237,#8238);
#8241=DIRECTION('',(4.144404656251E-7,0.E0,-9.999999999999E-1));
#8242=VECTOR('',#8241,3.960628763585E-1);
#8243=CARTESIAN_POINT('',(6.149999830605E0,2.02E0,-5.303937123641E0));
#8244=LINE('',#8243,#8242);
#8245=DIRECTION('',(-1.E0,0.E0,0.E0));
#8246=VECTOR('',#8245,2.299999989843E0);
#8247=CARTESIAN_POINT('',(6.149999994750E0,2.02E0,-5.699999999999E0));
#8248=LINE('',#8247,#8246);
#8249=DIRECTION('',(4.167429351188E-7,0.E0,9.999999999999E-1));
#8250=VECTOR('',#8249,3.960628749259E-1);
#8251=CARTESIAN_POINT('',(3.850000004907E0,2.02E0,-5.699999999999E0));
#8252=LINE('',#8251,#8250);
#8253=CARTESIAN_POINT('',(5.E0,2.02E0,-3.E0));
#8254=DIRECTION('',(0.E0,1.E0,0.E0));
#8255=DIRECTION('',(-4.466019418081E-1,0.E0,-8.947327565107E-1));
#8256=AXIS2_PLACEMENT_3D('',#8253,#8254,#8255);
#8258=DIRECTION('',(0.E0,1.E0,3.021026263965E-14));
#8259=VECTOR('',#8258,1.469994535126E0);
#8260=CARTESIAN_POINT('',(6.252247978637E0,2.02E0,-5.25E0));
#8261=LINE('',#8260,#8259);
#8262=DIRECTION('',(6.651951926520E-7,-9.999999999995E-1,7.730114623688E-7));
#8263=VECTOR('',#8262,1.469996661969E0);
#8264=CARTESIAN_POINT('',(6.149998852770E0,3.489996661969E0,-5.303938259965E0));
#8265=LINE('',#8264,#8263);
#8266=DIRECTION('',(2.106519528750E-7,-1.E0,0.E0));
#8267=VECTOR('',#8266,1.469999149340E0);
#8268=CARTESIAN_POINT('',(6.149999685091E0,3.489999149340E0,-5.699999999999E0));
#8269=LINE('',#8268,#8267);
#8270=DIRECTION('',(-8.998039519999E-7,1.193641462666E-13,-9.999999999996E-1));
#8271=VECTOR('',#8270,3.050774989531E-1);
#8272=CARTESIAN_POINT('',(6.300000274510E0,3.64E0,-5.394922501046E0));
#8273=LINE('',#8272,#8271);
#8274=DIRECTION('',(-2.101493077611E-6,-6.280261100233E-6,9.999999999781E-1));
#8275=VECTOR('',#8274,3.960617400428E-1);
#8276=CARTESIAN_POINT('',(6.149999685091E0,3.489999149340E0,-5.699999999999E0));
#8277=LINE('',#8276,#8275);
#8278=CARTESIAN_POINT('',(6.149998852770E0,3.489996661969E0,-5.303938259965E0));
#8279=CARTESIAN_POINT('',(6.166614056235E0,3.506611865433E0,-5.314214927035E0));
#8280=CARTESIAN_POINT('',(6.199881002037E0,3.539881987810E0,-5.334653545340E0));
#8281=CARTESIAN_POINT('',(6.249881786536E0,3.589881622534E0,-5.364983438647E0));
#8282=CARTESIAN_POINT('',(6.283284264060E0,3.623283989550E0,-5.384976253002E0));
#8283=CARTESIAN_POINT('',(6.300000274510E0,3.64E0,-5.394922501046E0));
#8285=DIRECTION('',(7.071055240331E-1,-7.071080383378E-1,0.E0));
#8286=VECTOR('',#8285,2.121328551583E-1);
#8287=CARTESIAN_POINT('',(3.7E0,3.64E0,-5.699999999999E0));
#8288=LINE('',#8287,#8286);
#8289=DIRECTION('',(-2.100711362082E-7,-1.E0,0.E0));
#8290=VECTOR('',#8289,1.469999152922E0);
#8291=CARTESIAN_POINT('',(3.850000313711E0,3.489999152922E0,-5.699999999999E0));
#8292=LINE('',#8291,#8290);
#8293=DIRECTION('',(7.071055184117E-1,7.071080439591E-1,0.E0));
#8294=VECTOR('',#8293,2.121328585380E-1);
#8295=CARTESIAN_POINT('',(6.149999685091E0,3.489999149340E0,-5.699999999999E0));
#8296=LINE('',#8295,#8294);
#8297=CARTESIAN_POINT('',(6.252247978637E0,2.02E0,-5.25E0));
#8298=CARTESIAN_POINT('',(6.252247978637E0,3.489994535126E0,-5.25E0));
#8299=VERTEX_POINT('',#8297);
#8300=VERTEX_POINT('',#8298);
#8301=CARTESIAN_POINT('',(6.149999491815E0,3.489994535126E0,-5.303937101751E0));
#8302=VERTEX_POINT('',#8301);
#8303=CARTESIAN_POINT('',(6.149999830605E0,2.02E0,-5.303937123641E0));
#8304=VERTEX_POINT('',#8303);
#8305=VERTEX_POINT('',#8166);
#8306=CARTESIAN_POINT('',(3.747752021363E0,2.02E0,-5.25E0));
#8307=VERTEX_POINT('',#8306);
#8308=CARTESIAN_POINT('',(3.747752021363E0,3.489994535126E0,-5.25E0));
#8309=VERTEX_POINT('',#8308);
#8310=VERTEX_POINT('',#8205);
#8311=CARTESIAN_POINT('',(4.321767001687E0,3.64E0,-5.25E0));
#8312=VERTEX_POINT('',#8311);
#8313=CARTESIAN_POINT('',(4.321767001687E0,3.04E0,-5.25E0));
#8314=VERTEX_POINT('',#8313);
#8315=CARTESIAN_POINT('',(5.678232998313E0,3.04E0,-5.25E0));
#8316=VERTEX_POINT('',#8315);
#8317=CARTESIAN_POINT('',(5.678232998313E0,3.64E0,-5.25E0));
#8318=VERTEX_POINT('',#8317);
#8319=CARTESIAN_POINT('',(6.3E0,3.64E0,-5.394923071547E0));
#8320=VERTEX_POINT('',#8319);
#8321=CARTESIAN_POINT('',(3.7E0,3.64E0,-5.394923071547E0));
#8322=VERTEX_POINT('',#8321);
#8323=CARTESIAN_POINT('',(3.7E0,3.64E0,-5.699999999999E0));
#8324=VERTEX_POINT('',#8323);
#8325=CARTESIAN_POINT('',(6.3E0,3.64E0,-5.699999999999E0));
#8326=VERTEX_POINT('',#8325);
#8327=CARTESIAN_POINT('',(3.850000509889E0,3.489994535126E0,-5.303937102601E0));
#8328=VERTEX_POINT('',#8327);
#8329=CARTESIAN_POINT('',(3.849999999844E0,2.02E0,-5.303936848015E0));
#8330=VERTEX_POINT('',#8329);
#8331=CARTESIAN_POINT('',(6.149999994750E0,2.02E0,-5.699999999999E0));
#8332=VERTEX_POINT('',#8331);
#8333=CARTESIAN_POINT('',(3.850000004907E0,2.02E0,-5.699999999999E0));
#8334=VERTEX_POINT('',#8333);
#8335=CARTESIAN_POINT('',(6.149999685091E0,3.489999149340E0,-5.699999999999E0));
#8336=VERTEX_POINT('',#8335);
#8337=CARTESIAN_POINT('',(3.850000313711E0,3.489999152922E0,-5.699999999999E0));
#8338=VERTEX_POINT('',#8337);
#8339=CARTESIAN_POINT('',(5.E0,3.64E0,-3.E0));
#8340=DIRECTION('',(0.E0,1.E0,0.E0));
#8341=DIRECTION('',(1.E0,0.E0,0.E0));
#8342=AXIS2_PLACEMENT_3D('',#8339,#8340,#8341);
#8343=CYLINDRICAL_SURFACE('',#8342,2.575E0);
#8345=ORIENTED_EDGE('',*,*,#8344,.T.);
#8347=ORIENTED_EDGE('',*,*,#8346,.F.);
#8349=ORIENTED_EDGE('',*,*,#8348,.T.);
#8351=ORIENTED_EDGE('',*,*,#8350,.F.);
#8352=EDGE_LOOP('',(#8345,#8347,#8349,#8351));
#8353=FACE_OUTER_BOUND('',#8352,.F.);
#8354=ADVANCED_FACE('',(#8353),#8343,.T.);
#8355=FILL_AREA_STYLE_COLOUR('',#34);
#8356=FILL_AREA_STYLE('',(#8355));
#8357=SURFACE_STYLE_FILL_AREA(#8356);
#8358=SURFACE_SIDE_STYLE('',(#8357));
#8359=SURFACE_STYLE_USAGE(.BOTH.,#8358);
#8360=PRESENTATION_STYLE_ASSIGNMENT((#8359));
#8361=STYLED_ITEM('',(#8360),#8354);
#8362=CARTESIAN_POINT('',(7.161490807314E0,3.64E0,-5.25E0));
#8363=DIRECTION('',(0.E0,0.E0,-1.E0));
#8364=DIRECTION('',(-1.E0,0.E0,0.E0));
#8365=AXIS2_PLACEMENT_3D('',#8362,#8363,#8364);
#8366=PLANE('',#8365);
#8368=ORIENTED_EDGE('',*,*,#8367,.F.);
#8370=ORIENTED_EDGE('',*,*,#8369,.F.);
#8372=ORIENTED_EDGE('',*,*,#8371,.F.);
#8373=ORIENTED_EDGE('',*,*,#8344,.F.);
#8375=ORIENTED_EDGE('',*,*,#8374,.F.);
#8377=ORIENTED_EDGE('',*,*,#8376,.T.);
#8379=ORIENTED_EDGE('',*,*,#8378,.F.);
#8381=ORIENTED_EDGE('',*,*,#8380,.T.);
#8383=ORIENTED_EDGE('',*,*,#8382,.F.);
#8385=ORIENTED_EDGE('',*,*,#8384,.T.);
#8386=EDGE_LOOP('',(#8368,#8370,#8372,#8373,#8375,#8377,#8379,#8381,#8383,
#8385));
#8387=FACE_OUTER_BOUND('',#8386,.F.);
#8388=ADVANCED_FACE('',(#8387),#8366,.F.);
#8389=FILL_AREA_STYLE_COLOUR('',#34);
#8390=FILL_AREA_STYLE('',(#8389));
#8391=SURFACE_STYLE_FILL_AREA(#8390);
#8392=SURFACE_SIDE_STYLE('',(#8391));
#8393=SURFACE_STYLE_USAGE(.BOTH.,#8392);
#8394=PRESENTATION_STYLE_ASSIGNMENT((#8393));
#8395=STYLED_ITEM('',(#8394),#8388);
#8396=CARTESIAN_POINT('',(5.E0,3.564997267563E0,-3.E0));
#8397=DIRECTION('',(0.E0,1.E0,0.E0));
#8398=DIRECTION('',(0.E0,0.E0,-1.E0));
#8399=AXIS2_PLACEMENT_3D('',#8396,#8397,#8398);
#8400=CONICAL_SURFACE('',#8399,2.650002891614E0,4.500006079894E1);
#8401=ORIENTED_EDGE('',*,*,#8367,.T.);
#8403=ORIENTED_EDGE('',*,*,#8402,.F.);
#8405=ORIENTED_EDGE('',*,*,#8404,.F.);
#8407=ORIENTED_EDGE('',*,*,#8406,.T.);
#8408=EDGE_LOOP('',(#8401,#8403,#8405,#8407));
#8409=FACE_OUTER_BOUND('',#8408,.F.);
#8410=ADVANCED_FACE('',(#8409),#8400,.T.);
#8411=FILL_AREA_STYLE_COLOUR('',#34);
#8412=FILL_AREA_STYLE('',(#8411));
#8413=SURFACE_STYLE_FILL_AREA(#8412);
#8414=SURFACE_SIDE_STYLE('',(#8413));
#8415=SURFACE_STYLE_USAGE(.BOTH.,#8414);
#8416=PRESENTATION_STYLE_ASSIGNMENT((#8415));
#8417=STYLED_ITEM('',(#8416),#8410);
#8418=CARTESIAN_POINT('',(5.E0,3.64E0,-3.E0));
#8419=DIRECTION('',(0.E0,-1.E0,0.E0));
#8420=DIRECTION('',(-1.E0,0.E0,0.E0));
#8421=AXIS2_PLACEMENT_3D('',#8418,#8419,#8420);
#8422=PLANE('',#8421);
#8423=ORIENTED_EDGE('',*,*,#8384,.F.);
#8425=ORIENTED_EDGE('',*,*,#8424,.T.);
#8426=ORIENTED_EDGE('',*,*,#8376,.F.);
#8428=ORIENTED_EDGE('',*,*,#8427,.T.);
#8430=ORIENTED_EDGE('',*,*,#8429,.F.);
#8432=ORIENTED_EDGE('',*,*,#8431,.T.);
#8434=ORIENTED_EDGE('',*,*,#8433,.F.);
#8435=ORIENTED_EDGE('',*,*,#8402,.T.);
#8436=EDGE_LOOP('',(#8423,#8425,#8426,#8428,#8430,#8432,#8434,#8435));
#8437=FACE_OUTER_BOUND('',#8436,.F.);
#8438=ADVANCED_FACE('',(#8437),#8422,.F.);
#8439=FILL_AREA_STYLE_COLOUR('',#34);
#8440=FILL_AREA_STYLE('',(#8439));
#8441=SURFACE_STYLE_FILL_AREA(#8440);
#8442=SURFACE_SIDE_STYLE('',(#8441));
#8443=SURFACE_STYLE_USAGE(.BOTH.,#8442);
#8444=PRESENTATION_STYLE_ASSIGNMENT((#8443));
#8445=STYLED_ITEM('',(#8444),#8438);
#8446=CARTESIAN_POINT('',(5.E0,3.04E0,-3.E0));
#8447=DIRECTION('',(0.E0,1.E0,0.E0));
#8448=DIRECTION('',(1.E0,0.E0,0.E0));
#8449=AXIS2_PLACEMENT_3D('',#8446,#8447,#8448);
#8450=CYLINDRICAL_SURFACE('',#8449,2.35E0);
#8451=ORIENTED_EDGE('',*,*,#8382,.T.);
#8453=ORIENTED_EDGE('',*,*,#8452,.F.);
#8454=ORIENTED_EDGE('',*,*,#8378,.T.);
#8455=ORIENTED_EDGE('',*,*,#8424,.F.);
#8456=EDGE_LOOP('',(#8451,#8453,#8454,#8455));
#8457=FACE_OUTER_BOUND('',#8456,.F.);
#8458=ADVANCED_FACE('',(#8457),#8450,.F.);
#8459=FILL_AREA_STYLE_COLOUR('',#34);
#8460=FILL_AREA_STYLE('',(#8459));
#8461=SURFACE_STYLE_FILL_AREA(#8460);
#8462=SURFACE_SIDE_STYLE('',(#8461));
#8463=SURFACE_STYLE_USAGE(.BOTH.,#8462);
#8464=PRESENTATION_STYLE_ASSIGNMENT((#8463));
#8465=STYLED_ITEM('',(#8464),#8458);
#8466=CARTESIAN_POINT('',(5.E0,3.04E0,-3.E0));
#8467=DIRECTION('',(0.E0,1.E0,0.E0));
#8468=DIRECTION('',(1.E0,0.E0,0.E0));
#8469=AXIS2_PLACEMENT_3D('',#8466,#8467,#8468);
#8470=PLANE('',#8469);
#8471=ORIENTED_EDGE('',*,*,#8380,.F.);
#8472=ORIENTED_EDGE('',*,*,#8452,.T.);
#8473=EDGE_LOOP('',(#8471,#8472));
#8474=FACE_OUTER_BOUND('',#8473,.F.);
#8475=ADVANCED_FACE('',(#8474),#8470,.T.);
#8476=FILL_AREA_STYLE_COLOUR('',#34);
#8477=FILL_AREA_STYLE('',(#8476));
#8478=SURFACE_STYLE_FILL_AREA(#8477);
#8479=SURFACE_SIDE_STYLE('',(#8478));
#8480=SURFACE_STYLE_USAGE(.BOTH.,#8479);
#8481=PRESENTATION_STYLE_ASSIGNMENT((#8480));
#8482=STYLED_ITEM('',(#8481),#8475);
#8483=CARTESIAN_POINT('',(5.E0,3.564997267563E0,-3.E0));
#8484=DIRECTION('',(0.E0,1.E0,0.E0));
#8485=DIRECTION('',(0.E0,0.E0,-1.E0));
#8486=AXIS2_PLACEMENT_3D('',#8483,#8484,#8485);
#8487=CONICAL_SURFACE('',#8486,2.650002891614E0,4.500006079894E1);
#8488=ORIENTED_EDGE('',*,*,#8374,.T.);
#8489=ORIENTED_EDGE('',*,*,#8350,.T.);
#8491=ORIENTED_EDGE('',*,*,#8490,.T.);
#8492=ORIENTED_EDGE('',*,*,#8427,.F.);
#8493=EDGE_LOOP('',(#8488,#8489,#8491,#8492));
#8494=FACE_OUTER_BOUND('',#8493,.F.);
#8495=ADVANCED_FACE('',(#8494),#8487,.T.);
#8496=FILL_AREA_STYLE_COLOUR('',#34);
#8497=FILL_AREA_STYLE('',(#8496));
#8498=SURFACE_STYLE_FILL_AREA(#8497);
#8499=SURFACE_SIDE_STYLE('',(#8498));
#8500=SURFACE_STYLE_USAGE(.BOTH.,#8499);
#8501=PRESENTATION_STYLE_ASSIGNMENT((#8500));
#8502=STYLED_ITEM('',(#8501),#8495);
#8503=CARTESIAN_POINT('',(3.775E0,3.565E0,-5.501968424046E0));
#8504=DIRECTION('',(7.071067811865E-1,7.071067811865E-1,0.E0));
#8505=DIRECTION('',(7.071067811865E-1,-7.071067811865E-1,0.E0));
#8506=AXIS2_PLACEMENT_3D('',#8503,#8504,#8505);
#8507=PLANE('',#8506);
#8508=ORIENTED_EDGE('',*,*,#8429,.T.);
#8509=ORIENTED_EDGE('',*,*,#8490,.F.);
#8511=ORIENTED_EDGE('',*,*,#8510,.T.);
#8513=ORIENTED_EDGE('',*,*,#8512,.F.);
#8514=EDGE_LOOP('',(#8508,#8509,#8511,#8513));
#8515=FACE_OUTER_BOUND('',#8514,.F.);
#8516=ADVANCED_FACE('',(#8515),#8507,.F.);
#8517=FILL_AREA_STYLE_COLOUR('',#34);
#8518=FILL_AREA_STYLE('',(#8517));
#8519=SURFACE_STYLE_FILL_AREA(#8518);
#8520=SURFACE_SIDE_STYLE('',(#8519));
#8521=SURFACE_STYLE_USAGE(.BOTH.,#8520);
#8522=PRESENTATION_STYLE_ASSIGNMENT((#8521));
#8523=STYLED_ITEM('',(#8522),#8516);
#8524=CARTESIAN_POINT('',(3.85E0,3.64E0,-5.699999999999E0));
#8525=DIRECTION('',(-1.E0,0.E0,0.E0));
#8526=DIRECTION('',(0.E0,0.E0,1.E0));
#8527=AXIS2_PLACEMENT_3D('',#8524,#8525,#8526);
#8528=PLANE('',#8527);
#8529=ORIENTED_EDGE('',*,*,#8510,.F.);
#8530=ORIENTED_EDGE('',*,*,#8348,.F.);
#8532=ORIENTED_EDGE('',*,*,#8531,.F.);
#8534=ORIENTED_EDGE('',*,*,#8533,.F.);
#8535=EDGE_LOOP('',(#8529,#8530,#8532,#8534));
#8536=FACE_OUTER_BOUND('',#8535,.F.);
#8537=ADVANCED_FACE('',(#8536),#8528,.T.);
#8538=FILL_AREA_STYLE_COLOUR('',#34);
#8539=FILL_AREA_STYLE('',(#8538));
#8540=SURFACE_STYLE_FILL_AREA(#8539);
#8541=SURFACE_SIDE_STYLE('',(#8540));
#8542=SURFACE_STYLE_USAGE(.BOTH.,#8541);
#8543=PRESENTATION_STYLE_ASSIGNMENT((#8542));
#8544=STYLED_ITEM('',(#8543),#8537);
#8545=CARTESIAN_POINT('',(5.E0,2.02E0,-3.E0));
#8546=DIRECTION('',(0.E0,1.E0,0.E0));
#8547=DIRECTION('',(1.E0,0.E0,0.E0));
#8548=AXIS2_PLACEMENT_3D('',#8545,#8546,#8547);
#8549=PLANE('',#8548);
#8550=ORIENTED_EDGE('',*,*,#8371,.T.);
#8552=ORIENTED_EDGE('',*,*,#8551,.T.);
#8554=ORIENTED_EDGE('',*,*,#8553,.T.);
#8556=ORIENTED_EDGE('',*,*,#8555,.T.);
#8557=ORIENTED_EDGE('',*,*,#8531,.T.);
#8558=ORIENTED_EDGE('',*,*,#8346,.T.);
#8559=EDGE_LOOP('',(#8550,#8552,#8554,#8556,#8557,#8558));
#8560=FACE_OUTER_BOUND('',#8559,.F.);
#8561=ADVANCED_FACE('',(#8560),#8549,.F.);
#8562=FILL_AREA_STYLE_COLOUR('',#34);
#8563=FILL_AREA_STYLE('',(#8562));
#8564=SURFACE_STYLE_FILL_AREA(#8563);
#8565=SURFACE_SIDE_STYLE('',(#8564));
#8566=SURFACE_STYLE_USAGE(.BOTH.,#8565);
#8567=PRESENTATION_STYLE_ASSIGNMENT((#8566));
#8568=STYLED_ITEM('',(#8567),#8561);
#8569=CARTESIAN_POINT('',(5.E0,3.64E0,-3.E0));
#8570=DIRECTION('',(0.E0,1.E0,0.E0));
#8571=DIRECTION('',(1.E0,0.E0,0.E0));
#8572=AXIS2_PLACEMENT_3D('',#8569,#8570,#8571);
#8573=CYLINDRICAL_SURFACE('',#8572,2.575E0);
#8574=ORIENTED_EDGE('',*,*,#8369,.T.);
#8575=ORIENTED_EDGE('',*,*,#8406,.F.);
#8577=ORIENTED_EDGE('',*,*,#8576,.T.);
#8578=ORIENTED_EDGE('',*,*,#8551,.F.);
#8579=EDGE_LOOP('',(#8574,#8575,#8577,#8578));
#8580=FACE_OUTER_BOUND('',#8579,.F.);
#8581=ADVANCED_FACE('',(#8580),#8573,.T.);
#8582=FILL_AREA_STYLE_COLOUR('',#34);
#8583=FILL_AREA_STYLE('',(#8582));
#8584=SURFACE_STYLE_FILL_AREA(#8583);
#8585=SURFACE_SIDE_STYLE('',(#8584));
#8586=SURFACE_STYLE_USAGE(.BOTH.,#8585);
#8587=PRESENTATION_STYLE_ASSIGNMENT((#8586));
#8588=STYLED_ITEM('',(#8587),#8581);
#8589=CARTESIAN_POINT('',(6.15E0,3.64E0,-5.303936848093E0));
#8590=DIRECTION('',(1.E0,0.E0,0.E0));
#8591=DIRECTION('',(0.E0,0.E0,-1.E0));
#8592=AXIS2_PLACEMENT_3D('',#8589,#8590,#8591);
#8593=PLANE('',#8592);
#8595=ORIENTED_EDGE('',*,*,#8594,.F.);
#8597=ORIENTED_EDGE('',*,*,#8596,.T.);
#8598=ORIENTED_EDGE('',*,*,#8553,.F.);
#8599=ORIENTED_EDGE('',*,*,#8576,.F.);
#8600=EDGE_LOOP('',(#8595,#8597,#8598,#8599));
#8601=FACE_OUTER_BOUND('',#8600,.F.);
#8602=ADVANCED_FACE('',(#8601),#8593,.T.);
#8603=FILL_AREA_STYLE_COLOUR('',#34);
#8604=FILL_AREA_STYLE('',(#8603));
#8605=SURFACE_STYLE_FILL_AREA(#8604);
#8606=SURFACE_SIDE_STYLE('',(#8605));
#8607=SURFACE_STYLE_USAGE(.BOTH.,#8606);
#8608=PRESENTATION_STYLE_ASSIGNMENT((#8607));
#8609=STYLED_ITEM('',(#8608),#8602);
#8610=CARTESIAN_POINT('',(6.225E0,3.565E0,-5.501968424046E0));
#8611=DIRECTION('',(-7.071067811865E-1,7.071067811865E-1,0.E0));
#8612=DIRECTION('',(-7.071067811865E-1,-7.071067811865E-1,0.E0));
#8613=AXIS2_PLACEMENT_3D('',#8610,#8611,#8612);
#8614=PLANE('',#8613);
#8615=ORIENTED_EDGE('',*,*,#8433,.T.);
#8617=ORIENTED_EDGE('',*,*,#8616,.F.);
#8618=ORIENTED_EDGE('',*,*,#8594,.T.);
#8619=ORIENTED_EDGE('',*,*,#8404,.T.);
#8620=EDGE_LOOP('',(#8615,#8617,#8618,#8619));
#8621=FACE_OUTER_BOUND('',#8620,.F.);
#8622=ADVANCED_FACE('',(#8621),#8614,.F.);
#8623=FILL_AREA_STYLE_COLOUR('',#34);
#8624=FILL_AREA_STYLE('',(#8623));
#8625=SURFACE_STYLE_FILL_AREA(#8624);
#8626=SURFACE_SIDE_STYLE('',(#8625));
#8627=SURFACE_STYLE_USAGE(.BOTH.,#8626);
#8628=PRESENTATION_STYLE_ASSIGNMENT((#8627));
#8629=STYLED_ITEM('',(#8628),#8622);
#8630=CARTESIAN_POINT('',(6.15E0,3.64E0,-5.699999999999E0));
#8631=DIRECTION('',(0.E0,0.E0,-1.E0));
#8632=DIRECTION('',(-1.E0,0.E0,0.E0));
#8633=AXIS2_PLACEMENT_3D('',#8630,#8631,#8632);
#8634=PLANE('',#8633);
#8635=ORIENTED_EDGE('',*,*,#8431,.F.);
#8636=ORIENTED_EDGE('',*,*,#8512,.T.);
#8637=ORIENTED_EDGE('',*,*,#8533,.T.);
#8638=ORIENTED_EDGE('',*,*,#8555,.F.);
#8639=ORIENTED_EDGE('',*,*,#8596,.F.);
#8640=ORIENTED_EDGE('',*,*,#8616,.T.);
#8641=EDGE_LOOP('',(#8635,#8636,#8637,#8638,#8639,#8640));
#8642=FACE_OUTER_BOUND('',#8641,.F.);
#8643=ADVANCED_FACE('',(#8642),#8634,.T.);
#8644=FILL_AREA_STYLE_COLOUR('',#34);
#8645=FILL_AREA_STYLE('',(#8644));
#8646=SURFACE_STYLE_FILL_AREA(#8645);
#8647=SURFACE_SIDE_STYLE('',(#8646));
#8648=SURFACE_STYLE_USAGE(.BOTH.,#8647);
#8649=PRESENTATION_STYLE_ASSIGNMENT((#8648));
#8650=STYLED_ITEM('',(#8649),#8643);
#8651=CLOSED_SHELL('',(#8354,#8388,#8410,#8438,#8458,#8475,#8495,#8516,#8537,
#8561,#8581,#8602,#8622,#8643));
#8652=DIRECTION('',(8.998040306054E-7,1.193641462666E-13,9.999999999996E-1));
#8653=VECTOR('',#8652,3.050774989532E-1);
#8654=CARTESIAN_POINT('',(3.699999725490E0,3.64E0,-6.050774989541E-1));
#8655=LINE('',#8654,#8653);
#8656=DIRECTION('',(2.101499311853E-6,-6.280260898471E-6,-9.999999999781E-1));
#8657=VECTOR('',#8656,3.960617400387E-1);
#8658=CARTESIAN_POINT('',(3.850000314909E0,3.489999149339E0,
-3.000000000010E-1));
#8659=LINE('',#8658,#8657);
#8660=CARTESIAN_POINT('',(3.850001147232E0,3.489996661968E0,
-6.960617400310E-1));
#8661=CARTESIAN_POINT('',(3.833385943768E0,3.506611865433E0,
-6.857850729612E-1));
#8662=CARTESIAN_POINT('',(3.800118997961E0,3.539881987811E0,
-6.653464546581E-1));
#8663=CARTESIAN_POINT('',(3.750118213462E0,3.589881622536E0,
-6.350165613551E-1));
#8664=CARTESIAN_POINT('',(3.716715735939E0,3.623283989551E0,
-6.150237469978E-1));
#8665=CARTESIAN_POINT('',(3.699999725490E0,3.64E0,-6.050774989541E-1));
#8667=CARTESIAN_POINT('',(5.E0,3.64E0,-3.E0));
#8668=DIRECTION('',(0.E0,-1.E0,0.E0));
#8669=DIRECTION('',(5.749378236811E-1,0.E0,8.181971027208E-1));
#8670=AXIS2_PLACEMENT_3D('',#8667,#8668,#8669);
#8672=DIRECTION('',(-1.E0,0.E0,0.E0));
#8673=VECTOR('',#8672,2.6E0);
#8674=CARTESIAN_POINT('',(6.3E0,3.64E0,-3.000000000010E-1));
#8675=LINE('',#8674,#8673);
#8676=CARTESIAN_POINT('',(5.E0,3.64E0,-3.E0));
#8677=DIRECTION('',(0.E0,-1.E0,0.E0));
#8678=DIRECTION('',(-4.770632077192E-1,0.E0,8.788689867328E-1));
#8679=AXIS2_PLACEMENT_3D('',#8676,#8677,#8678);
#8681=DIRECTION('',(-1.E0,0.E0,0.E0));
#8682=VECTOR('',#8681,3.133417789056E0);
#8683=CARTESIAN_POINT('',(6.566708894528E0,3.64E0,-7.704081632653E-1));
#8684=LINE('',#8683,#8682);
#8685=CARTESIAN_POINT('',(6.566708894528E0,3.64E0,-7.704081632653E-1));
#8686=CARTESIAN_POINT('',(6.534524564616E0,3.621496050675E0,
-7.704081632653E-1));
#8687=CARTESIAN_POINT('',(6.470979655426E0,3.585726526835E0,
-7.704081632653E-1));
#8688=CARTESIAN_POINT('',(6.378359677988E0,3.535860026265E0,
-7.704081632653E-1));
#8689=CARTESIAN_POINT('',(6.318016953263E0,3.504894772686E0,
-7.704081632653E-1));
#8690=CARTESIAN_POINT('',(6.288233380085E0,3.489994535126E0,
-7.704081632653E-1));
#8692=CARTESIAN_POINT('',(5.E0,3.489994535126E0,-3.E0));
#8693=DIRECTION('',(0.E0,-1.E0,0.E0));
#8694=DIRECTION('',(5.002848078E-1,0.E0,8.658609074698E-1));
#8695=AXIS2_PLACEMENT_3D('',#8692,#8693,#8694);
#8697=CARTESIAN_POINT('',(6.149998853398E0,3.489996663685E0,
-6.960617410679E-1));
#8698=CARTESIAN_POINT('',(6.166340079173E0,3.506337889460E0,
-6.859545319072E-1));
#8699=CARTESIAN_POINT('',(6.199239951462E0,3.539240935984E0,
-6.657361237431E-1));
#8700=CARTESIAN_POINT('',(6.249240174600E0,3.589240013342E0,
-6.354045135820E-1));
#8701=CARTESIAN_POINT('',(6.283008626131E0,3.623008346051E0,
-6.151877700283E-1));
#8702=CARTESIAN_POINT('',(6.300000280080E0,3.64E0,-6.050775105247E-1));
#8704=DIRECTION('',(3.987754668434E-14,-1.E0,0.E0));
#8705=VECTOR('',#8704,1.469994535126E0);
#8706=CARTESIAN_POINT('',(6.288233380085E0,3.489994535126E0,
-7.704081632653E-1));
#8707=LINE('',#8706,#8705);
#8708=DIRECTION('',(-6.643834136877E-7,9.999999999995E-1,7.713692829833E-7));
#8709=VECTOR('',#8708,1.469996663686E0);
#8710=CARTESIAN_POINT('',(6.149999830039E0,2.02E0,-6.960628749781E-1));
#8711=LINE('',#8710,#8709);
#8712=DIRECTION('',(-1.E0,0.E0,0.E0));
#8713=VECTOR('',#8712,2.576466760170E0);
#8714=CARTESIAN_POINT('',(6.288233380085E0,2.02E0,-7.704081632653E-1));
#8715=LINE('',#8714,#8713);
#8716=CARTESIAN_POINT('',(5.E0,2.02E0,-3.E0));
#8717=DIRECTION('',(0.E0,1.E0,0.E0));
#8718=DIRECTION('',(-5.002848078001E-1,0.E0,8.658609074698E-1));
#8719=AXIS2_PLACEMENT_3D('',#8716,#8717,#8718);
#8721=DIRECTION('',(-4.144431555282E-7,0.E0,9.999999999999E-1));
#8722=VECTOR('',#8721,3.960628763567E-1);
#8723=CARTESIAN_POINT('',(3.850000169396E0,2.02E0,-6.960628763576E-1));
#8724=LINE('',#8723,#8722);
#8725=DIRECTION('',(1.E0,0.E0,0.E0));
#8726=VECTOR('',#8725,2.299999989843E0);
#8727=CARTESIAN_POINT('',(3.850000005250E0,2.02E0,-3.000000000010E-1));
#8728=LINE('',#8727,#8726);
#8729=DIRECTION('',(-4.167367614107E-7,0.E0,-9.999999999999E-1));
#8730=VECTOR('',#8729,3.960628749772E-1);
#8731=CARTESIAN_POINT('',(6.149999995093E0,2.02E0,-3.000000000010E-1));
#8732=LINE('',#8731,#8730);
#8733=CARTESIAN_POINT('',(5.E0,2.02E0,-3.E0));
#8734=DIRECTION('',(0.E0,1.E0,0.E0));
#8735=DIRECTION('',(4.466019418300E-1,0.E0,8.947327564998E-1));
#8736=AXIS2_PLACEMENT_3D('',#8733,#8734,#8735);
#8738=DIRECTION('',(3.987754668434E-14,1.E0,0.E0));
#8739=VECTOR('',#8738,1.469994535126E0);
#8740=CARTESIAN_POINT('',(3.711766619915E0,2.02E0,-7.704081632653E-1));
#8741=LINE('',#8740,#8739);
#8742=DIRECTION('',(-6.651963614854E-7,-9.999999999995E-1,-7.730130706100E-7));
#8743=VECTOR('',#8742,1.469996661969E0);
#8744=CARTESIAN_POINT('',(3.850001147232E0,3.489996661968E0,
-6.960617400310E-1));
#8745=LINE('',#8744,#8743);
#8746=CARTESIAN_POINT('',(3.711766619915E0,3.489994535126E0,
-7.704081632653E-1));
#8747=CARTESIAN_POINT('',(3.681829411522E0,3.504971633887E0,
-7.704081632653E-1));
#8748=CARTESIAN_POINT('',(3.621284884432E0,3.536045740827E0,
-7.704081632653E-1));
#8749=CARTESIAN_POINT('',(3.528658523407E0,3.585927123530E0,
-7.704081632653E-1));
#8750=CARTESIAN_POINT('',(3.465321680996E0,3.621584449700E0,
-7.704081632653E-1));
#8751=CARTESIAN_POINT('',(3.433291105472E0,3.64E0,-7.704081632653E-1));
#8753=CARTESIAN_POINT('',(5.E0,3.489994535126E0,-3.E0));
#8754=DIRECTION('',(0.E0,-1.E0,0.E0));
#8755=DIRECTION('',(-4.466017443930E-1,0.E0,8.947328550496E-1));
#8756=AXIS2_PLACEMENT_3D('',#8753,#8754,#8755);
#8758=DIRECTION('',(-2.106521673672E-7,-1.E0,0.E0));
#8759=VECTOR('',#8758,1.469999149339E0);
#8760=CARTESIAN_POINT('',(3.850000314909E0,3.489999149339E0,
-3.000000000010E-1));
#8761=LINE('',#8760,#8759);
#8762=DIRECTION('',(-7.071055240331E-1,-7.071080383378E-1,0.E0));
#8763=VECTOR('',#8762,2.121328551572E-1);
#8764=CARTESIAN_POINT('',(6.3E0,3.64E0,-3.000000000010E-1));
#8765=LINE('',#8764,#8763);
#8766=DIRECTION('',(2.100706199163E-7,-1.E0,0.E0));
#8767=VECTOR('',#8766,1.469999152923E0);
#8768=CARTESIAN_POINT('',(6.149999686290E0,3.489999152923E0,
-3.000000000010E-1));
#8769=LINE('',#8768,#8767);
#8770=DIRECTION('',(-7.071055184117E-1,7.071080439591E-1,0.E0));
#8771=VECTOR('',#8770,2.121328585384E-1);
#8772=CARTESIAN_POINT('',(3.850000314909E0,3.489999149339E0,
-3.000000000010E-1));
#8773=LINE('',#8772,#8771);
#8774=DIRECTION('',(9.180603780426E-7,-1.193641417395E-13,-9.999999999996E-1));
#8775=VECTOR('',#8774,3.050775105238E-1);
#8776=CARTESIAN_POINT('',(6.3E0,3.64E0,-3.000000000010E-1));
#8777=LINE('',#8776,#8775);
#8778=DIRECTION('',(2.102934067222E-6,6.284974646371E-6,9.999999999780E-1));
#8779=VECTOR('',#8778,3.960617410756E-1);
#8780=CARTESIAN_POINT('',(6.149998853398E0,3.489996663685E0,
-6.960617410679E-1));
#8781=LINE('',#8780,#8779);
#8782=VERTEX_POINT('',#8685);
#8783=VERTEX_POINT('',#8690);
#8784=CARTESIAN_POINT('',(3.433291105472E0,3.64E0,-7.704081632653E-1));
#8785=VERTEX_POINT('',#8784);
#8786=VERTEX_POINT('',#8746);
#8787=CARTESIAN_POINT('',(3.711766619915E0,2.02E0,-7.704081632653E-1));
#8788=VERTEX_POINT('',#8787);
#8789=CARTESIAN_POINT('',(6.288233380085E0,2.02E0,-7.704081632653E-1));
#8790=VERTEX_POINT('',#8789);
#8791=CARTESIAN_POINT('',(6.149999490118E0,3.489994535126E0,
-6.960628974022E-1));
#8792=VERTEX_POINT('',#8791);
#8793=VERTEX_POINT('',#8702);
#8794=CARTESIAN_POINT('',(6.150000000212E0,2.02E0,-6.960631520131E-1));
#8795=VERTEX_POINT('',#8794);
#8796=CARTESIAN_POINT('',(3.85E0,2.02E0,-6.960631519072E-1));
#8797=VERTEX_POINT('',#8796);
#8798=CARTESIAN_POINT('',(3.850000005250E0,2.02E0,-3.000000000010E-1));
#8799=VERTEX_POINT('',#8798);
#8800=CARTESIAN_POINT('',(6.149999995093E0,2.02E0,-3.000000000010E-1));
#8801=VERTEX_POINT('',#8800);
#8802=CARTESIAN_POINT('',(3.850000508188E0,3.489994535126E0,
-6.960628982475E-1));
#8803=VERTEX_POINT('',#8802);
#8804=CARTESIAN_POINT('',(3.7E0,3.64E0,-6.050769284533E-1));
#8805=VERTEX_POINT('',#8804);
#8806=CARTESIAN_POINT('',(6.3E0,3.64E0,-3.000000000010E-1));
#8807=VERTEX_POINT('',#8806);
#8808=CARTESIAN_POINT('',(3.7E0,3.64E0,-3.000000000010E-1));
#8809=VERTEX_POINT('',#8808);
#8810=CARTESIAN_POINT('',(6.149999686290E0,3.489999152923E0,
-3.000000000010E-1));
#8811=VERTEX_POINT('',#8810);
#8812=CARTESIAN_POINT('',(3.850000314909E0,3.489999149339E0,
-3.000000000010E-1));
#8813=VERTEX_POINT('',#8812);
#8814=CARTESIAN_POINT('',(3.775E0,3.565E0,-4.980315759540E-1));
#8815=DIRECTION('',(7.071067811865E-1,7.071067811865E-1,0.E0));
#8816=DIRECTION('',(7.071067811865E-1,-7.071067811865E-1,0.E0));
#8817=AXIS2_PLACEMENT_3D('',#8814,#8815,#8816);
#8818=PLANE('',#8817);
#8820=ORIENTED_EDGE('',*,*,#8819,.T.);
#8822=ORIENTED_EDGE('',*,*,#8821,.F.);
#8824=ORIENTED_EDGE('',*,*,#8823,.T.);
#8826=ORIENTED_EDGE('',*,*,#8825,.T.);
#8827=EDGE_LOOP('',(#8820,#8822,#8824,#8826));
#8828=FACE_OUTER_BOUND('',#8827,.F.);
#8829=ADVANCED_FACE('',(#8828),#8818,.F.);
#8830=FILL_AREA_STYLE_COLOUR('',#34);
#8831=FILL_AREA_STYLE('',(#8830));
#8832=SURFACE_STYLE_FILL_AREA(#8831);
#8833=SURFACE_SIDE_STYLE('',(#8832));
#8834=SURFACE_STYLE_USAGE(.BOTH.,#8833);
#8835=PRESENTATION_STYLE_ASSIGNMENT((#8834));
#8836=STYLED_ITEM('',(#8835),#8829);
#8837=CARTESIAN_POINT('',(5.E0,3.64E0,-3.E0));
#8838=DIRECTION('',(0.E0,-1.E0,0.E0));
#8839=DIRECTION('',(-1.E0,0.E0,0.E0));
#8840=AXIS2_PLACEMENT_3D('',#8837,#8838,#8839);
#8841=PLANE('',#8840);
#8843=ORIENTED_EDGE('',*,*,#8842,.F.);
#8845=ORIENTED_EDGE('',*,*,#8844,.T.);
#8847=ORIENTED_EDGE('',*,*,#8846,.F.);
#8849=ORIENTED_EDGE('',*,*,#8848,.T.);
#8850=ORIENTED_EDGE('',*,*,#8819,.F.);
#8852=ORIENTED_EDGE('',*,*,#8851,.T.);
#8853=EDGE_LOOP('',(#8843,#8845,#8847,#8849,#8850,#8852));
#8854=FACE_OUTER_BOUND('',#8853,.F.);
#8855=ADVANCED_FACE('',(#8854),#8841,.F.);
#8856=FILL_AREA_STYLE_COLOUR('',#34);
#8857=FILL_AREA_STYLE('',(#8856));
#8858=SURFACE_STYLE_FILL_AREA(#8857);
#8859=SURFACE_SIDE_STYLE('',(#8858));
#8860=SURFACE_STYLE_USAGE(.BOTH.,#8859);
#8861=PRESENTATION_STYLE_ASSIGNMENT((#8860));
#8862=STYLED_ITEM('',(#8861),#8855);
#8863=CARTESIAN_POINT('',(2.681898970579E0,3.64E0,-7.704081632653E-1));
#8864=DIRECTION('',(0.E0,0.E0,1.E0));
#8865=DIRECTION('',(1.E0,0.E0,0.E0));
#8866=AXIS2_PLACEMENT_3D('',#8863,#8864,#8865);
#8867=PLANE('',#8866);
#8869=ORIENTED_EDGE('',*,*,#8868,.F.);
#8870=ORIENTED_EDGE('',*,*,#8842,.T.);
#8872=ORIENTED_EDGE('',*,*,#8871,.F.);
#8874=ORIENTED_EDGE('',*,*,#8873,.F.);
#8876=ORIENTED_EDGE('',*,*,#8875,.F.);
#8878=ORIENTED_EDGE('',*,*,#8877,.F.);
#8879=EDGE_LOOP('',(#8869,#8870,#8872,#8874,#8876,#8878));
#8880=FACE_OUTER_BOUND('',#8879,.F.);
#8881=ADVANCED_FACE('',(#8880),#8867,.F.);
#8882=FILL_AREA_STYLE_COLOUR('',#34);
#8883=FILL_AREA_STYLE('',(#8882));
#8884=SURFACE_STYLE_FILL_AREA(#8883);
#8885=SURFACE_SIDE_STYLE('',(#8884));
#8886=SURFACE_STYLE_USAGE(.BOTH.,#8885);
#8887=PRESENTATION_STYLE_ASSIGNMENT((#8886));
#8888=STYLED_ITEM('',(#8887),#8881);
#8889=CARTESIAN_POINT('',(5.E0,3.564997267563E0,-3.E0));
#8890=DIRECTION('',(0.E0,1.E0,0.E0));
#8891=DIRECTION('',(0.E0,0.E0,-1.E0));
#8892=AXIS2_PLACEMENT_3D('',#8889,#8890,#8891);
#8893=CONICAL_SURFACE('',#8892,2.650002891614E0,4.500006079894E1);
#8894=ORIENTED_EDGE('',*,*,#8868,.T.);
#8896=ORIENTED_EDGE('',*,*,#8895,.T.);
#8898=ORIENTED_EDGE('',*,*,#8897,.T.);
#8899=ORIENTED_EDGE('',*,*,#8844,.F.);
#8900=EDGE_LOOP('',(#8894,#8896,#8898,#8899));
#8901=FACE_OUTER_BOUND('',#8900,.F.);
#8902=ADVANCED_FACE('',(#8901),#8893,.T.);
#8903=FILL_AREA_STYLE_COLOUR('',#34);
#8904=FILL_AREA_STYLE('',(#8903));
#8905=SURFACE_STYLE_FILL_AREA(#8904);
#8906=SURFACE_SIDE_STYLE('',(#8905));
#8907=SURFACE_STYLE_USAGE(.BOTH.,#8906);
#8908=PRESENTATION_STYLE_ASSIGNMENT((#8907));
#8909=STYLED_ITEM('',(#8908),#8902);
#8910=CARTESIAN_POINT('',(5.E0,3.64E0,-3.E0));
#8911=DIRECTION('',(0.E0,1.E0,0.E0));
#8912=DIRECTION('',(1.E0,0.E0,0.E0));
#8913=AXIS2_PLACEMENT_3D('',#8910,#8911,#8912);
#8914=CYLINDRICAL_SURFACE('',#8913,2.575E0);
#8915=ORIENTED_EDGE('',*,*,#8877,.T.);
#8917=ORIENTED_EDGE('',*,*,#8916,.F.);
#8919=ORIENTED_EDGE('',*,*,#8918,.T.);
#8920=ORIENTED_EDGE('',*,*,#8895,.F.);
#8921=EDGE_LOOP('',(#8915,#8917,#8919,#8920));
#8922=FACE_OUTER_BOUND('',#8921,.F.);
#8923=ADVANCED_FACE('',(#8922),#8914,.T.);
#8924=FILL_AREA_STYLE_COLOUR('',#34);
#8925=FILL_AREA_STYLE('',(#8924));
#8926=SURFACE_STYLE_FILL_AREA(#8925);
#8927=SURFACE_SIDE_STYLE('',(#8926));
#8928=SURFACE_STYLE_USAGE(.BOTH.,#8927);
#8929=PRESENTATION_STYLE_ASSIGNMENT((#8928));
#8930=STYLED_ITEM('',(#8929),#8923);
#8931=CARTESIAN_POINT('',(5.E0,2.02E0,-3.E0));
#8932=DIRECTION('',(0.E0,1.E0,0.E0));
#8933=DIRECTION('',(1.E0,0.E0,0.E0));
#8934=AXIS2_PLACEMENT_3D('',#8931,#8932,#8933);
#8935=PLANE('',#8934);
#8936=ORIENTED_EDGE('',*,*,#8875,.T.);
#8938=ORIENTED_EDGE('',*,*,#8937,.T.);
#8940=ORIENTED_EDGE('',*,*,#8939,.T.);
#8942=ORIENTED_EDGE('',*,*,#8941,.T.);
#8944=ORIENTED_EDGE('',*,*,#8943,.T.);
#8945=ORIENTED_EDGE('',*,*,#8916,.T.);
#8946=EDGE_LOOP('',(#8936,#8938,#8940,#8942,#8944,#8945));
#8947=FACE_OUTER_BOUND('',#8946,.F.);
#8948=ADVANCED_FACE('',(#8947),#8935,.F.);
#8949=FILL_AREA_STYLE_COLOUR('',#34);
#8950=FILL_AREA_STYLE('',(#8949));
#8951=SURFACE_STYLE_FILL_AREA(#8950);
#8952=SURFACE_SIDE_STYLE('',(#8951));
#8953=SURFACE_STYLE_USAGE(.BOTH.,#8952);
#8954=PRESENTATION_STYLE_ASSIGNMENT((#8953));
#8955=STYLED_ITEM('',(#8954),#8948);
#8956=CARTESIAN_POINT('',(5.E0,3.64E0,-3.E0));
#8957=DIRECTION('',(0.E0,1.E0,0.E0));
#8958=DIRECTION('',(1.E0,0.E0,0.E0));
#8959=AXIS2_PLACEMENT_3D('',#8956,#8957,#8958);
#8960=CYLINDRICAL_SURFACE('',#8959,2.575E0);
#8961=ORIENTED_EDGE('',*,*,#8873,.T.);
#8963=ORIENTED_EDGE('',*,*,#8962,.F.);
#8965=ORIENTED_EDGE('',*,*,#8964,.T.);
#8966=ORIENTED_EDGE('',*,*,#8937,.F.);
#8967=EDGE_LOOP('',(#8961,#8963,#8965,#8966));
#8968=FACE_OUTER_BOUND('',#8967,.F.);
#8969=ADVANCED_FACE('',(#8968),#8960,.T.);
#8970=FILL_AREA_STYLE_COLOUR('',#34);
#8971=FILL_AREA_STYLE('',(#8970));
#8972=SURFACE_STYLE_FILL_AREA(#8971);
#8973=SURFACE_SIDE_STYLE('',(#8972));
#8974=SURFACE_STYLE_USAGE(.BOTH.,#8973);
#8975=PRESENTATION_STYLE_ASSIGNMENT((#8974));
#8976=STYLED_ITEM('',(#8975),#8969);
#8977=CARTESIAN_POINT('',(5.E0,3.564997267563E0,-3.E0));
#8978=DIRECTION('',(0.E0,1.E0,0.E0));
#8979=DIRECTION('',(0.E0,0.E0,-1.E0));
#8980=AXIS2_PLACEMENT_3D('',#8977,#8978,#8979);
#8981=CONICAL_SURFACE('',#8980,2.650002891614E0,4.500006079894E1);
#8982=ORIENTED_EDGE('',*,*,#8871,.T.);
#8983=ORIENTED_EDGE('',*,*,#8851,.F.);
#8984=ORIENTED_EDGE('',*,*,#8825,.F.);
#8985=ORIENTED_EDGE('',*,*,#8962,.T.);
#8986=EDGE_LOOP('',(#8982,#8983,#8984,#8985));
#8987=FACE_OUTER_BOUND('',#8986,.F.);
#8988=ADVANCED_FACE('',(#8987),#8981,.T.);
#8989=FILL_AREA_STYLE_COLOUR('',#34);
#8990=FILL_AREA_STYLE('',(#8989));
#8991=SURFACE_STYLE_FILL_AREA(#8990);
#8992=SURFACE_SIDE_STYLE('',(#8991));
#8993=SURFACE_STYLE_USAGE(.BOTH.,#8992);
#8994=PRESENTATION_STYLE_ASSIGNMENT((#8993));
#8995=STYLED_ITEM('',(#8994),#8988);
#8996=CARTESIAN_POINT('',(3.85E0,3.64E0,-6.960631519070E-1));
#8997=DIRECTION('',(-1.E0,0.E0,0.E0));
#8998=DIRECTION('',(0.E0,0.E0,1.E0));
#8999=AXIS2_PLACEMENT_3D('',#8996,#8997,#8998);
#9000=PLANE('',#8999);
#9001=ORIENTED_EDGE('',*,*,#8823,.F.);
#9003=ORIENTED_EDGE('',*,*,#9002,.T.);
#9004=ORIENTED_EDGE('',*,*,#8939,.F.);
#9005=ORIENTED_EDGE('',*,*,#8964,.F.);
#9006=EDGE_LOOP('',(#9001,#9003,#9004,#9005));
#9007=FACE_OUTER_BOUND('',#9006,.F.);
#9008=ADVANCED_FACE('',(#9007),#9000,.T.);
#9009=FILL_AREA_STYLE_COLOUR('',#34);
#9010=FILL_AREA_STYLE('',(#9009));
#9011=SURFACE_STYLE_FILL_AREA(#9010);
#9012=SURFACE_SIDE_STYLE('',(#9011));
#9013=SURFACE_STYLE_USAGE(.BOTH.,#9012);
#9014=PRESENTATION_STYLE_ASSIGNMENT((#9013));
#9015=STYLED_ITEM('',(#9014),#9008);
#9016=CARTESIAN_POINT('',(3.85E0,3.64E0,-3.000000000010E-1));
#9017=DIRECTION('',(0.E0,0.E0,1.E0));
#9018=DIRECTION('',(1.E0,0.E0,0.E0));
#9019=AXIS2_PLACEMENT_3D('',#9016,#9017,#9018);
#9020=PLANE('',#9019);
#9021=ORIENTED_EDGE('',*,*,#8848,.F.);
#9023=ORIENTED_EDGE('',*,*,#9022,.T.);
#9025=ORIENTED_EDGE('',*,*,#9024,.T.);
#9026=ORIENTED_EDGE('',*,*,#8941,.F.);
#9027=ORIENTED_EDGE('',*,*,#9002,.F.);
#9028=ORIENTED_EDGE('',*,*,#8821,.T.);
#9029=EDGE_LOOP('',(#9021,#9023,#9025,#9026,#9027,#9028));
#9030=FACE_OUTER_BOUND('',#9029,.F.);
#9031=ADVANCED_FACE('',(#9030),#9020,.T.);
#9032=FILL_AREA_STYLE_COLOUR('',#34);
#9033=FILL_AREA_STYLE('',(#9032));
#9034=SURFACE_STYLE_FILL_AREA(#9033);
#9035=SURFACE_SIDE_STYLE('',(#9034));
#9036=SURFACE_STYLE_USAGE(.BOTH.,#9035);
#9037=PRESENTATION_STYLE_ASSIGNMENT((#9036));
#9038=STYLED_ITEM('',(#9037),#9031);
#9039=CARTESIAN_POINT('',(6.225E0,3.565E0,-4.980315759540E-1));
#9040=DIRECTION('',(-7.071067811865E-1,7.071067811865E-1,0.E0));
#9041=DIRECTION('',(-7.071067811865E-1,-7.071067811865E-1,0.E0));
#9042=AXIS2_PLACEMENT_3D('',#9039,#9040,#9041);
#9043=PLANE('',#9042);
#9044=ORIENTED_EDGE('',*,*,#8846,.T.);
#9045=ORIENTED_EDGE('',*,*,#8897,.F.);
#9047=ORIENTED_EDGE('',*,*,#9046,.T.);
#9048=ORIENTED_EDGE('',*,*,#9022,.F.);
#9049=EDGE_LOOP('',(#9044,#9045,#9047,#9048));
#9050=FACE_OUTER_BOUND('',#9049,.F.);
#9051=ADVANCED_FACE('',(#9050),#9043,.F.);
#9052=FILL_AREA_STYLE_COLOUR('',#34);
#9053=FILL_AREA_STYLE('',(#9052));
#9054=SURFACE_STYLE_FILL_AREA(#9053);
#9055=SURFACE_SIDE_STYLE('',(#9054));
#9056=SURFACE_STYLE_USAGE(.BOTH.,#9055);
#9057=PRESENTATION_STYLE_ASSIGNMENT((#9056));
#9058=STYLED_ITEM('',(#9057),#9051);
#9059=CARTESIAN_POINT('',(6.15E0,3.64E0,-3.000000000010E-1));
#9060=DIRECTION('',(1.E0,0.E0,0.E0));
#9061=DIRECTION('',(0.E0,0.E0,-1.E0));
#9062=AXIS2_PLACEMENT_3D('',#9059,#9060,#9061);
#9063=PLANE('',#9062);
#9064=ORIENTED_EDGE('',*,*,#9046,.F.);
#9065=ORIENTED_EDGE('',*,*,#8918,.F.);
#9066=ORIENTED_EDGE('',*,*,#8943,.F.);
#9067=ORIENTED_EDGE('',*,*,#9024,.F.);
#9068=EDGE_LOOP('',(#9064,#9065,#9066,#9067));
#9069=FACE_OUTER_BOUND('',#9068,.F.);
#9070=ADVANCED_FACE('',(#9069),#9063,.T.);
#9071=FILL_AREA_STYLE_COLOUR('',#34);
#9072=FILL_AREA_STYLE('',(#9071));
#9073=SURFACE_STYLE_FILL_AREA(#9072);
#9074=SURFACE_SIDE_STYLE('',(#9073));
#9075=SURFACE_STYLE_USAGE(.BOTH.,#9074);
#9076=PRESENTATION_STYLE_ASSIGNMENT((#9075));
#9077=STYLED_ITEM('',(#9076),#9070);
#9078=CLOSED_SHELL('',(#8829,#8855,#8881,#8902,#8923,#8948,#8969,#8988,#9008,
#9031,#9051,#9070));
#9079=DIRECTION('',(0.E0,-1.E0,0.E0));
#9080=VECTOR('',#9079,2.E-2);
#9081=CARTESIAN_POINT('',(2.300000000001E0,2.04E0,-1.900000000019E0));
#9082=LINE('',#9081,#9080);
#9083=DIRECTION('',(-1.E0,0.E0,0.E0));
#9084=VECTOR('',#9083,1.999999999820E-1);
#9085=CARTESIAN_POINT('',(2.499999999983E0,2.04E0,-1.900000000019E0));
#9086=LINE('',#9085,#9084);
#9087=DIRECTION('',(0.E0,-7.071069235644E-1,-7.071066388087E-1));
#9088=VECTOR('',#9087,2.121321040288E-1);
#9089=CARTESIAN_POINT('',(2.300000000001E0,3.64E0,-1.7E0));
#9090=LINE('',#9089,#9088);
#9091=DIRECTION('',(0.E0,-1.E0,9.630213549753E-9));
#9092=VECTOR('',#9091,1.469999920531E0);
#9093=CARTESIAN_POINT('',(2.300000000001E0,3.489999920531E0,-1.850000019063E0));
#9094=LINE('',#9093,#9092);
#9095=DIRECTION('',(0.E0,-1.E0,0.E0));
#9096=VECTOR('',#9095,2.E-2);
#9097=CARTESIAN_POINT('',(2.300000000001E0,2.04E0,-4.100000000019E0));
#9098=LINE('',#9097,#9096);
#9099=DIRECTION('',(0.E0,7.071069277375E-1,-7.071066346356E-1));
#9100=VECTOR('',#9099,2.121321065894E-1);
#9101=CARTESIAN_POINT('',(2.300000000001E0,3.489999917835E0,-4.149999980011E0));
#9102=LINE('',#9101,#9100);
#9103=DIRECTION('',(-1.E0,0.E0,0.E0));
#9104=VECTOR('',#9103,1.842785747420E-1);
#9105=CARTESIAN_POINT('',(2.681898970579E0,3.64E0,-4.05E0));
#9106=LINE('',#9105,#9104);
#9107=CARTESIAN_POINT('',(2.497620395837E0,3.64E0,-3.95E0));
#9108=DIRECTION('',(0.E0,1.E0,0.E0));
#9109=DIRECTION('',(0.E0,0.E0,-1.E0));
#9110=AXIS2_PLACEMENT_3D('',#9107,#9108,#9109);
#9112=DIRECTION('',(0.E0,0.E0,1.E0));
#9113=VECTOR('',#9112,1.9E0);
#9114=CARTESIAN_POINT('',(2.397620395837E0,3.64E0,-3.95E0));
#9115=LINE('',#9114,#9113);
#9116=CARTESIAN_POINT('',(2.497620395837E0,3.64E0,-2.05E0));
#9117=DIRECTION('',(0.E0,1.E0,0.E0));
#9118=DIRECTION('',(-1.E0,0.E0,0.E0));
#9119=AXIS2_PLACEMENT_3D('',#9116,#9117,#9118);
#9121=DIRECTION('',(1.E0,0.E0,0.E0));
#9122=VECTOR('',#9121,1.842785747420E-1);
#9123=CARTESIAN_POINT('',(2.497620395837E0,3.64E0,-1.95E0));
#9124=LINE('',#9123,#9122);
#9125=CARTESIAN_POINT('',(5.E0,3.64E0,-3.E0));
#9126=DIRECTION('',(0.E0,-1.E0,0.E0));
#9127=DIRECTION('',(-8.506774714713E-1,0.E0,5.256879678395E-1));
#9128=AXIS2_PLACEMENT_3D('',#9125,#9126,#9127);
#9130=DIRECTION('',(0.E0,0.E0,-1.E0));
#9131=VECTOR('',#9130,2.6E0);
#9132=CARTESIAN_POINT('',(2.300000000001E0,3.64E0,-1.7E0));
#9133=LINE('',#9132,#9131);
#9134=CARTESIAN_POINT('',(5.E0,3.64E0,-3.E0));
#9135=DIRECTION('',(0.E0,-1.E0,0.E0));
#9136=DIRECTION('',(-8.788689867328E-1,0.E0,-4.770632077192E-1));
#9137=AXIS2_PLACEMENT_3D('',#9134,#9135,#9136);
#9139=DIRECTION('',(-1.520922035323E-13,-1.904055067122E-13,-1.E0));
#9140=VECTOR('',#9139,3.825027525360E-1);
#9141=CARTESIAN_POINT('',(2.681898970579E0,3.64E0,-1.567497247464E0));
#9142=LINE('',#9141,#9140);
#9143=DIRECTION('',(0.E0,1.E0,0.E0));
#9144=VECTOR('',#9143,6.E-1);
#9145=CARTESIAN_POINT('',(2.681898970579E0,3.04E0,-4.05E0));
#9146=LINE('',#9145,#9144);
#9147=DIRECTION('',(-3.018623886896E-14,-2.461339477007E-13,-1.E0));
#9148=VECTOR('',#9147,3.825027525365E-1);
#9149=CARTESIAN_POINT('',(2.681898970579E0,3.64E0,-4.05E0));
#9150=LINE('',#9149,#9148);
#9151=DIRECTION('',(-1.414906326333E-7,-7.071093096618E-1,7.071042527022E-1));
#9152=VECTOR('',#9151,3.247096168422E-2);
#9153=CARTESIAN_POINT('',(2.681898975173E0,3.512960480337E0,-4.172960340358E0));
#9154=LINE('',#9153,#9152);
#9155=DIRECTION('',(0.E0,-1.E0,-1.002591898532E-8));
#9156=VECTOR('',#9155,1.469999961036E0);
#9157=CARTESIAN_POINT('',(2.681898970579E0,3.489999961036E0,-4.149999985262E0));
#9158=LINE('',#9157,#9156);
#9159=DIRECTION('',(-2.317671992786E-13,0.E0,1.E0));
#9160=VECTOR('',#9159,4.426191790498E-1);
#9161=CARTESIAN_POINT('',(2.681898970579E0,2.04E0,-4.142619179050E0));
#9162=LINE('',#9161,#9160);
#9163=DIRECTION('',(-1.480297366167E-14,1.E0,0.E0));
#9164=VECTOR('',#9163,3.E-2);
#9165=CARTESIAN_POINT('',(2.681898970579E0,2.04E0,-3.7E0));
#9166=LINE('',#9165,#9164);
#9167=CARTESIAN_POINT('',(2.681898970579E0,2.07E0,-3.57E0));
#9168=DIRECTION('',(1.E0,0.E0,0.E0));
#9169=DIRECTION('',(0.E0,0.E0,-1.E0));
#9170=AXIS2_PLACEMENT_3D('',#9167,#9168,#9169);
#9172=DIRECTION('',(0.E0,0.E0,1.E0));
#9173=VECTOR('',#9172,1.14E0);
#9174=CARTESIAN_POINT('',(2.681898970579E0,2.2E0,-3.57E0));
#9175=LINE('',#9174,#9173);
#9176=CARTESIAN_POINT('',(2.681898970579E0,2.07E0,-2.43E0));
#9177=DIRECTION('',(1.E0,0.E0,0.E0));
#9178=DIRECTION('',(0.E0,1.E0,-4.099285014001E-14));
#9179=AXIS2_PLACEMENT_3D('',#9176,#9177,#9178);
#9181=DIRECTION('',(0.E0,0.E0,1.E0));
#9182=VECTOR('',#9181,3.999999999810E-1);
#9183=CARTESIAN_POINT('',(2.681898970579E0,2.04E0,-2.3E0));
#9184=LINE('',#9183,#9182);
#9185=CARTESIAN_POINT('',(2.681898970579E0,1.74E0,-1.900000000019E0));
#9186=DIRECTION('',(1.E0,0.E0,0.E0));
#9187=DIRECTION('',(0.E0,1.E0,0.E0));
#9188=AXIS2_PLACEMENT_3D('',#9185,#9186,#9187);
#9190=DIRECTION('',(1.394183155045E-7,7.071092677148E-1,7.071042946496E-1));
#9191=VECTOR('',#9190,3.247097092922E-2);
#9192=CARTESIAN_POINT('',(2.681898970579E0,3.489999962437E0,-1.850000014156E0));
#9193=LINE('',#9192,#9191);
#9194=CARTESIAN_POINT('',(2.681898970579E0,3.64E0,-1.567497247464E0));
#9195=CARTESIAN_POINT('',(2.681898970579E0,3.624337706889E0,-1.597291207587E0));
#9196=CARTESIAN_POINT('',(2.681898971183E0,3.594054930882E0,-1.656244747561E0));
#9197=CARTESIAN_POINT('',(2.681898968466E0,3.551812872878E0,-1.742581660478E0));
#9198=CARTESIAN_POINT('',(2.681898975106E0,3.525582255884E0,-1.799083887507E0));
#9199=CARTESIAN_POINT('',(2.681898975106E0,3.512960486913E0,-1.827039651161E0));
#9201=CARTESIAN_POINT('',(2.681898975106E0,3.512960486913E0,-1.827039651161E0));
#9202=CARTESIAN_POINT('',(2.673363914223E0,3.526844679508E0,-1.813155458566E0));
#9203=CARTESIAN_POINT('',(2.656295283967E0,3.554767066777E0,-1.785232850025E0));
#9204=CARTESIAN_POINT('',(2.630684956137E0,3.597113009065E0,-1.742887075016E0));
#9205=CARTESIAN_POINT('',(2.613613818724E0,3.625653100296E0,-1.714346758980E0));
#9206=CARTESIAN_POINT('',(2.605077221384E0,3.64E0,-1.699999859276E0));
#9208=DIRECTION('',(-1.E0,-1.097311765907E-7,-1.284779187911E-8));
#9209=VECTOR('',#9208,3.818989705780E-1);
#9210=CARTESIAN_POINT('',(2.681898970579E0,3.489999962437E0,-1.850000014156E0));
#9211=LINE('',#9210,#9209);
#9212=DIRECTION('',(9.999999999999E-1,2.387285097366E-13,4.612713123971E-7));
#9213=VECTOR('',#9212,3.050772213832E-1);
#9214=CARTESIAN_POINT('',(2.300000000001E0,3.64E0,-1.7E0));
#9215=LINE('',#9214,#9213);
#9216=DIRECTION('',(0.E0,-1.E0,9.734864015762E-9));
#9217=VECTOR('',#9216,1.454195973285E0);
#9218=CARTESIAN_POINT('',(2.681898970579E0,3.489999962437E0,-1.850000014156E0));
#9219=LINE('',#9218,#9217);
#9220=DIRECTION('',(-1.E0,0.E0,0.E0));
#9221=VECTOR('',#9220,1.818989705960E-1);
#9222=CARTESIAN_POINT('',(2.681898970579E0,2.04E0,-1.900000000019E0));
#9223=LINE('',#9222,#9221);
#9224=DIRECTION('',(1.E0,0.E0,0.E0));
#9225=VECTOR('',#9224,1.818989705960E-1);
#9226=CARTESIAN_POINT('',(2.499999999983E0,2.035803989152E0,-1.85E0));
#9227=LINE('',#9226,#9225);
#9228=DIRECTION('',(-1.E0,0.E0,0.E0));
#9229=VECTOR('',#9228,1.318989705790E-1);
#9230=CARTESIAN_POINT('',(2.681898970579E0,2.04E0,-2.3E0));
#9231=LINE('',#9230,#9229);
#9232=DIRECTION('',(0.E0,0.E0,-1.E0));
#9233=VECTOR('',#9232,1.4E0);
#9234=CARTESIAN_POINT('',(2.55E0,2.04E0,-2.3E0));
#9235=LINE('',#9234,#9233);
#9236=DIRECTION('',(1.E0,0.E0,0.E0));
#9237=VECTOR('',#9236,1.318989705790E-1);
#9238=CARTESIAN_POINT('',(2.55E0,2.04E0,-3.7E0));
#9239=LINE('',#9238,#9237);
#9240=CARTESIAN_POINT('',(2.599999999982E0,2.04E0,-4.200000000019E0));
#9241=DIRECTION('',(0.E0,-1.E0,0.E0));
#9242=DIRECTION('',(8.189897059706E-1,0.E0,5.738082096957E-1));
#9243=AXIS2_PLACEMENT_3D('',#9240,#9241,#9242);
#9245=DIRECTION('',(0.E0,0.E0,1.E0));
#9246=VECTOR('',#9245,2.2E0);
#9247=CARTESIAN_POINT('',(2.300000000001E0,2.04E0,-4.100000000019E0));
#9248=LINE('',#9247,#9246);
#9249=DIRECTION('',(0.E0,1.E0,0.E0));
#9250=VECTOR('',#9249,3.E-2);
#9251=CARTESIAN_POINT('',(2.681898970579E0,2.04E0,-2.3E0));
#9252=LINE('',#9251,#9250);
#9253=DIRECTION('',(-1.E0,0.E0,7.015736021838E-13));
#9254=VECTOR('',#9253,1.898970579E-3);
#9255=CARTESIAN_POINT('',(2.681898970579E0,2.2E0,-2.43E0));
#9256=LINE('',#9255,#9254);
#9257=DIRECTION('',(1.E0,0.E0,0.E0));
#9258=VECTOR('',#9257,1.318989705790E-1);
#9259=CARTESIAN_POINT('',(2.55E0,2.07E0,-2.3E0));
#9260=LINE('',#9259,#9258);
#9261=DIRECTION('',(-1.E0,0.E0,0.E0));
#9262=VECTOR('',#9261,1.318989705790E-1);
#9263=CARTESIAN_POINT('',(2.681898970579E0,2.07E0,-3.7E0));
#9264=LINE('',#9263,#9262);
#9265=CARTESIAN_POINT('',(2.55E0,2.07E0,-3.7E0));
#9266=CARTESIAN_POINT('',(2.55E0,2.079165736533E0,-3.7E0));
#9267=CARTESIAN_POINT('',(2.551280395615E0,2.098539295457E0,-3.698764501135E0));
#9268=CARTESIAN_POINT('',(2.566633229456E0,2.136257681725E0,-3.683296059273E0));
#9269=CARTESIAN_POINT('',(2.580557973952E0,2.156019978955E0,-3.669455276220E0));
#9270=CARTESIAN_POINT('',(2.612992608866E0,2.183275118008E0,-3.637008881023E0));
#9271=CARTESIAN_POINT('',(2.636148316299E0,2.193611397276E0,-3.613832062287E0));
#9272=CARTESIAN_POINT('',(2.664405165227E0,2.2E0,-3.585594834773E0));
#9273=CARTESIAN_POINT('',(2.68E0,2.2E0,-3.57E0));
#9275=DIRECTION('',(1.E0,0.E0,1.403147204368E-12));
#9276=VECTOR('',#9275,1.898970579E-3);
#9277=CARTESIAN_POINT('',(2.68E0,2.2E0,-3.57E0));
#9278=LINE('',#9277,#9276);
#9279=DIRECTION('',(1.480297366167E-14,1.E0,-2.960594732334E-14));
#9280=VECTOR('',#9279,3.E-2);
#9281=CARTESIAN_POINT('',(2.55E0,2.04E0,-3.7E0));
#9282=LINE('',#9281,#9280);
#9283=DIRECTION('',(0.E0,1.E0,0.E0));
#9284=VECTOR('',#9283,3.E-2);
#9285=CARTESIAN_POINT('',(2.55E0,2.04E0,-2.3E0));
#9286=LINE('',#9285,#9284);
#9287=DIRECTION('',(0.E0,0.E0,1.E0));
#9288=VECTOR('',#9287,1.4E0);
#9289=CARTESIAN_POINT('',(2.55E0,2.07E0,-3.7E0));
#9290=LINE('',#9289,#9288);
#9291=CARTESIAN_POINT('',(2.55E0,2.07E0,-2.3E0));
#9292=CARTESIAN_POINT('',(2.55E0,2.079165736533E0,-2.3E0));
#9293=CARTESIAN_POINT('',(2.551235498865E0,2.098539295458E0,-2.301280395614E0));
#9294=CARTESIAN_POINT('',(2.566703940727E0,2.136257681725E0,-2.316633229456E0));
#9295=CARTESIAN_POINT('',(2.580544723781E0,2.156019978956E0,-2.330557973953E0));
#9296=CARTESIAN_POINT('',(2.612991118977E0,2.183275118008E0,-2.362992608866E0));
#9297=CARTESIAN_POINT('',(2.636167937713E0,2.193611397276E0,-2.386148316300E0));
#9298=CARTESIAN_POINT('',(2.664405165227E0,2.2E0,-2.414405165227E0));
#9299=CARTESIAN_POINT('',(2.68E0,2.2E0,-2.43E0));
#9301=DIRECTION('',(0.E0,0.E0,-1.E0));
#9302=VECTOR('',#9301,1.14E0);
#9303=CARTESIAN_POINT('',(2.68E0,2.2E0,-2.43E0));
#9304=LINE('',#9303,#9302);
#9305=DIRECTION('',(0.E0,-1.E0,3.552713678800E-13));
#9306=VECTOR('',#9305,2.E-2);
#9307=CARTESIAN_POINT('',(2.681898970579E0,2.04E0,-4.142619179050E0));
#9308=LINE('',#9307,#9306);
#9309=DIRECTION('',(0.E0,1.E0,0.E0));
#9310=VECTOR('',#9309,2.E-2);
#9311=CARTESIAN_POINT('',(2.599999999982E0,2.02E0,-4.100000000019E0));
#9312=LINE('',#9311,#9310);
#9313=DIRECTION('',(-1.395897521151E-11,0.E0,-1.E0));
#9314=VECTOR('',#9313,7.380820950255E-3);
#9315=CARTESIAN_POINT('',(2.681898970579E0,2.02E0,-4.142619179050E0));
#9316=LINE('',#9315,#9314);
#9317=DIRECTION('',(-1.E0,0.E0,1.374827849741E-8));
#9318=VECTOR('',#9317,3.818989705780E-1);
#9319=CARTESIAN_POINT('',(2.681898970579E0,2.02E0,-4.15E0));
#9320=LINE('',#9319,#9318);
#9321=DIRECTION('',(0.E0,0.E0,1.E0));
#9322=VECTOR('',#9321,4.999999473055E-2);
#9323=CARTESIAN_POINT('',(2.300000000001E0,2.02E0,-4.149999994750E0));
#9324=LINE('',#9323,#9322);
#9325=CARTESIAN_POINT('',(2.599999999982E0,2.02E0,-4.200000000019E0));
#9326=DIRECTION('',(0.E0,1.E0,0.E0));
#9327=DIRECTION('',(-5.329070518201E-14,0.E0,1.E0));
#9328=AXIS2_PLACEMENT_3D('',#9325,#9326,#9327);
#9330=DIRECTION('',(0.E0,-1.E0,-1.002591927997E-8));
#9331=VECTOR('',#9330,1.469999917835E0);
#9332=CARTESIAN_POINT('',(2.300000000001E0,3.489999917835E0,-4.149999980011E0));
#9333=LINE('',#9332,#9331);
#9334=CARTESIAN_POINT('',(2.681898975173E0,3.512960480337E0,-4.172960340358E0));
#9335=CARTESIAN_POINT('',(2.673243705927E0,3.527040218763E0,-4.187040078785E0));
#9336=CARTESIAN_POINT('',(2.656018001649E0,3.555224306217E0,-4.215224390043E0));
#9337=CARTESIAN_POINT('',(2.630409024561E0,3.597570679198E0,-4.257570595776E0));
#9338=CARTESIAN_POINT('',(2.613496873718E0,3.625849635303E0,-4.285849774071E0));
#9339=CARTESIAN_POINT('',(2.605077217315E0,3.64E0,-4.300000138768E0));
#9341=DIRECTION('',(-9.999999999999E-1,3.086002727999E-13,4.548623823225E-7));
#9342=VECTOR('',#9341,3.050772173143E-1);
#9343=CARTESIAN_POINT('',(2.605077217315E0,3.64E0,-4.300000138768E0));
#9344=LINE('',#9343,#9342);
#9345=DIRECTION('',(1.E0,1.131216330021E-7,-1.374827849741E-8));
#9346=VECTOR('',#9345,3.818989705780E-1);
#9347=CARTESIAN_POINT('',(2.300000000001E0,3.489999917835E0,-4.149999980011E0));
#9348=LINE('',#9347,#9346);
#9349=CARTESIAN_POINT('',(2.681898975173E0,3.512960480337E0,-4.172960340358E0));
#9350=CARTESIAN_POINT('',(2.681898975173E0,3.525602989461E0,-4.200962041263E0));
#9351=CARTESIAN_POINT('',(2.681898968435E0,3.551863222664E0,-4.257524508690E0));
#9352=CARTESIAN_POINT('',(2.681898971192E0,3.594103248895E0,-4.343850782416E0));
#9353=CARTESIAN_POINT('',(2.681898970579E0,3.624359030281E0,-4.402749355330E0));
#9354=CARTESIAN_POINT('',(2.681898970579E0,3.64E0,-4.432502752537E0));
#9356=DIRECTION('',(1.E0,0.E0,0.E0));
#9357=VECTOR('',#9356,2.999999999810E-1);
#9358=CARTESIAN_POINT('',(2.300000000001E0,2.04E0,-4.100000000019E0));
#9359=LINE('',#9358,#9357);
#9360=DIRECTION('',(-1.E0,0.E0,0.E0));
#9361=VECTOR('',#9360,2.999999999810E-1);
#9362=CARTESIAN_POINT('',(2.599999999982E0,2.02E0,-4.100000000019E0));
#9363=LINE('',#9362,#9361);
#9364=DIRECTION('',(0.E0,1.E0,-8.289446142175E-13));
#9365=VECTOR('',#9364,1.580398915185E-2);
#9366=CARTESIAN_POINT('',(2.499999999983E0,2.02E0,-1.85E0));
#9367=LINE('',#9366,#9365);
#9368=CARTESIAN_POINT('',(2.499999999983E0,1.74E0,-1.900000000019E0));
#9369=DIRECTION('',(-1.E0,0.E0,0.E0));
#9370=DIRECTION('',(0.E0,9.860132971726E-1,1.666666667300E-1));
#9371=AXIS2_PLACEMENT_3D('',#9368,#9369,#9370);
#9373=DIRECTION('',(0.E0,-1.E0,2.220446049250E-14));
#9374=VECTOR('',#9373,2.E-2);
#9375=CARTESIAN_POINT('',(2.499999999983E0,2.04E0,-1.900000000019E0));
#9376=LINE('',#9375,#9374);
#9377=DIRECTION('',(0.E0,0.E0,1.E0));
#9378=VECTOR('',#9377,5.000000001900E-2);
#9379=CARTESIAN_POINT('',(2.499999999983E0,2.02E0,-1.900000000019E0));
#9380=LINE('',#9379,#9378);
#9381=DIRECTION('',(-1.E0,0.E0,0.E0));
#9382=VECTOR('',#9381,1.999999999820E-1);
#9383=CARTESIAN_POINT('',(2.499999999983E0,2.02E0,-1.900000000019E0));
#9384=LINE('',#9383,#9382);
#9385=DIRECTION('',(0.E0,0.E0,1.E0));
#9386=VECTOR('',#9385,4.999999511244E-2);
#9387=CARTESIAN_POINT('',(2.300000000001E0,2.02E0,-1.900000000019E0));
#9388=LINE('',#9387,#9386);
#9389=DIRECTION('',(1.E0,0.E0,2.453279357660E-8));
#9390=VECTOR('',#9389,1.999999999820E-1);
#9391=CARTESIAN_POINT('',(2.300000000001E0,2.02E0,-1.850000004907E0));
#9392=LINE('',#9391,#9390);
#9393=DIRECTION('',(0.E0,1.E0,0.E0));
#9394=VECTOR('',#9393,6.E-1);
#9395=CARTESIAN_POINT('',(2.681898970579E0,3.04E0,-1.95E0));
#9396=LINE('',#9395,#9394);
#9397=DIRECTION('',(0.E0,-1.E0,0.E0));
#9398=VECTOR('',#9397,6.E-1);
#9399=CARTESIAN_POINT('',(2.397620395837E0,3.64E0,-2.05E0));
#9400=LINE('',#9399,#9398);
#9401=DIRECTION('',(0.E0,1.E0,0.E0));
#9402=VECTOR('',#9401,6.E-1);
#9403=CARTESIAN_POINT('',(2.497620395837E0,3.04E0,-1.95E0));
#9404=LINE('',#9403,#9402);
#9405=DIRECTION('',(0.E0,-1.E0,0.E0));
#9406=VECTOR('',#9405,6.E-1);
#9407=CARTESIAN_POINT('',(2.497620395837E0,3.64E0,-4.05E0));
#9408=LINE('',#9407,#9406);
#9409=DIRECTION('',(0.E0,1.E0,0.E0));
#9410=VECTOR('',#9409,6.E-1);
#9411=CARTESIAN_POINT('',(2.397620395837E0,3.04E0,-3.95E0));
#9412=LINE('',#9411,#9410);
#9413=DIRECTION('',(0.E0,0.E0,1.E0));
#9414=VECTOR('',#9413,2.1E0);
#9415=CARTESIAN_POINT('',(2.681898970579E0,3.04E0,-4.05E0));
#9416=LINE('',#9415,#9414);
#9417=DIRECTION('',(-1.E0,0.E0,0.E0));
#9418=VECTOR('',#9417,1.842785747420E-1);
#9419=CARTESIAN_POINT('',(2.681898970579E0,3.04E0,-1.95E0));
#9420=LINE('',#9419,#9418);
#9421=CARTESIAN_POINT('',(2.497620395837E0,3.04E0,-2.05E0));
#9422=DIRECTION('',(0.E0,-1.E0,0.E0));
#9423=DIRECTION('',(-1.332267629550E-14,0.E0,1.E0));
#9424=AXIS2_PLACEMENT_3D('',#9421,#9422,#9423);
#9426=DIRECTION('',(0.E0,0.E0,-1.E0));
#9427=VECTOR('',#9426,1.9E0);
#9428=CARTESIAN_POINT('',(2.397620395837E0,3.04E0,-2.05E0));
#9429=LINE('',#9428,#9427);
#9430=CARTESIAN_POINT('',(2.497620395837E0,3.04E0,-3.95E0));
#9431=DIRECTION('',(0.E0,-1.E0,0.E0));
#9432=DIRECTION('',(-1.E0,0.E0,0.E0));
#9433=AXIS2_PLACEMENT_3D('',#9430,#9431,#9432);
#9435=DIRECTION('',(1.E0,0.E0,0.E0));
#9436=VECTOR('',#9435,1.842785747420E-1);
#9437=CARTESIAN_POINT('',(2.497620395837E0,3.04E0,-4.05E0));
#9438=LINE('',#9437,#9436);
#9439=CARTESIAN_POINT('',(2.681898970579E0,3.64E0,-4.05E0));
#9440=CARTESIAN_POINT('',(2.681898970579E0,3.64E0,-4.432502752537E0));
#9441=VERTEX_POINT('',#9439);
#9442=VERTEX_POINT('',#9440);
#9443=CARTESIAN_POINT('',(2.497620395837E0,3.64E0,-4.05E0));
#9444=VERTEX_POINT('',#9443);
#9445=CARTESIAN_POINT('',(2.397620395837E0,3.64E0,-3.95E0));
#9446=VERTEX_POINT('',#9445);
#9447=CARTESIAN_POINT('',(2.397620395837E0,3.64E0,-2.05E0));
#9448=VERTEX_POINT('',#9447);
#9449=CARTESIAN_POINT('',(2.497620395837E0,3.64E0,-1.95E0));
#9450=VERTEX_POINT('',#9449);
#9451=CARTESIAN_POINT('',(2.681898970579E0,3.64E0,-1.95E0));
#9452=VERTEX_POINT('',#9451);
#9453=CARTESIAN_POINT('',(2.681898970579E0,3.64E0,-1.567497247464E0));
#9454=VERTEX_POINT('',#9453);
#9455=CARTESIAN_POINT('',(2.605076928454E0,3.64E0,-1.7E0));
#9456=VERTEX_POINT('',#9455);
#9457=CARTESIAN_POINT('',(2.300000000001E0,3.64E0,-1.7E0));
#9458=VERTEX_POINT('',#9457);
#9459=CARTESIAN_POINT('',(2.300000000001E0,3.64E0,-4.3E0));
#9460=VERTEX_POINT('',#9459);
#9461=CARTESIAN_POINT('',(2.605077217315E0,3.64E0,-4.300000138768E0));
#9462=VERTEX_POINT('',#9461);
#9463=VERTEX_POINT('',#9199);
#9464=CARTESIAN_POINT('',(2.681898970579E0,3.04E0,-1.95E0));
#9465=VERTEX_POINT('',#9464);
#9466=CARTESIAN_POINT('',(2.681898970579E0,3.04E0,-4.05E0));
#9467=VERTEX_POINT('',#9466);
#9468=VERTEX_POINT('',#9349);
#9469=CARTESIAN_POINT('',(2.681898970579E0,3.489999961036E0,-4.149999985262E0));
#9470=VERTEX_POINT('',#9469);
#9471=CARTESIAN_POINT('',(2.681898970579E0,2.02E0,-4.15E0));
#9472=VERTEX_POINT('',#9471);
#9473=CARTESIAN_POINT('',(2.681898970579E0,2.02E0,-4.142619179050E0));
#9474=VERTEX_POINT('',#9473);
#9475=CARTESIAN_POINT('',(2.681898970579E0,2.04E0,-4.142619179050E0));
#9476=VERTEX_POINT('',#9475);
#9477=CARTESIAN_POINT('',(2.681898970579E0,2.04E0,-3.7E0));
#9478=VERTEX_POINT('',#9477);
#9479=CARTESIAN_POINT('',(2.681898970579E0,2.07E0,-3.7E0));
#9480=VERTEX_POINT('',#9479);
#9481=CARTESIAN_POINT('',(2.681898970579E0,2.2E0,-3.57E0));
#9482=VERTEX_POINT('',#9481);
#9483=CARTESIAN_POINT('',(2.681898970579E0,2.2E0,-2.43E0));
#9484=VERTEX_POINT('',#9483);
#9485=CARTESIAN_POINT('',(2.681898970579E0,2.07E0,-2.3E0));
#9486=VERTEX_POINT('',#9485);
#9487=CARTESIAN_POINT('',(2.681898970579E0,2.04E0,-2.3E0));
#9488=VERTEX_POINT('',#9487);
#9489=CARTESIAN_POINT('',(2.681898970579E0,2.04E0,-1.900000000019E0));
#9490=VERTEX_POINT('',#9489);
#9491=CARTESIAN_POINT('',(2.681898970579E0,2.035803989152E0,-1.85E0));
#9492=VERTEX_POINT('',#9491);
#9493=CARTESIAN_POINT('',(2.681898970579E0,3.489999962437E0,-1.850000014156E0));
#9494=VERTEX_POINT('',#9493);
#9495=CARTESIAN_POINT('',(2.300000000001E0,3.489999920531E0,-1.850000019063E0));
#9496=VERTEX_POINT('',#9495);
#9497=CARTESIAN_POINT('',(2.499999999983E0,2.035803989152E0,-1.85E0));
#9498=VERTEX_POINT('',#9497);
#9499=CARTESIAN_POINT('',(2.499999999983E0,2.02E0,-1.85E0));
#9500=VERTEX_POINT('',#9499);
#9501=CARTESIAN_POINT('',(2.300000000001E0,2.02E0,-1.850000004907E0));
#9502=VERTEX_POINT('',#9501);
#9503=CARTESIAN_POINT('',(2.499999999983E0,2.04E0,-1.900000000019E0));
#9504=VERTEX_POINT('',#9503);
#9505=CARTESIAN_POINT('',(2.55E0,2.04E0,-2.3E0));
#9506=VERTEX_POINT('',#9505);
#9507=CARTESIAN_POINT('',(2.55E0,2.04E0,-3.7E0));
#9508=VERTEX_POINT('',#9507);
#9509=CARTESIAN_POINT('',(2.599999999982E0,2.04E0,-4.100000000019E0));
#9510=VERTEX_POINT('',#9509);
#9511=CARTESIAN_POINT('',(2.300000000001E0,2.04E0,-4.100000000019E0));
#9512=VERTEX_POINT('',#9511);
#9513=CARTESIAN_POINT('',(2.300000000001E0,2.04E0,-1.900000000019E0));
#9514=VERTEX_POINT('',#9513);
#9515=CARTESIAN_POINT('',(2.55E0,2.07E0,-2.3E0));
#9516=VERTEX_POINT('',#9515);
#9517=CARTESIAN_POINT('',(2.68E0,2.2E0,-2.43E0));
#9518=VERTEX_POINT('',#9517);
#9519=CARTESIAN_POINT('',(2.68E0,2.2E0,-3.57E0));
#9520=VERTEX_POINT('',#9519);
#9521=CARTESIAN_POINT('',(2.55E0,2.07E0,-3.7E0));
#9522=VERTEX_POINT('',#9521);
#9523=CARTESIAN_POINT('',(2.599999999982E0,2.02E0,-4.100000000019E0));
#9524=VERTEX_POINT('',#9523);
#9525=CARTESIAN_POINT('',(2.499999999983E0,2.02E0,-1.900000000019E0));
#9526=CARTESIAN_POINT('',(2.300000000001E0,2.02E0,-1.900000000019E0));
#9527=VERTEX_POINT('',#9525);
#9528=VERTEX_POINT('',#9526);
#9529=CARTESIAN_POINT('',(2.300000000001E0,2.02E0,-4.149999994750E0));
#9530=VERTEX_POINT('',#9529);
#9531=CARTESIAN_POINT('',(2.300000000001E0,2.02E0,-4.100000000019E0));
#9532=VERTEX_POINT('',#9531);
#9533=CARTESIAN_POINT('',(2.300000000001E0,3.489999917835E0,-4.149999980011E0));
#9534=VERTEX_POINT('',#9533);
#9535=CARTESIAN_POINT('',(2.497620395837E0,3.04E0,-1.95E0));
#9536=VERTEX_POINT('',#9535);
#9537=CARTESIAN_POINT('',(2.397620395837E0,3.04E0,-2.05E0));
#9538=VERTEX_POINT('',#9537);
#9539=CARTESIAN_POINT('',(2.397620395837E0,3.04E0,-3.95E0));
#9540=VERTEX_POINT('',#9539);
#9541=CARTESIAN_POINT('',(2.497620395837E0,3.04E0,-4.05E0));
#9542=VERTEX_POINT('',#9541);
#9543=CARTESIAN_POINT('',(3.399999999983E0,1.49E0,-1.900000000019E0));
#9544=DIRECTION('',(0.E0,0.E0,-1.E0));
#9545=DIRECTION('',(-1.E0,0.E0,0.E0));
#9546=AXIS2_PLACEMENT_3D('',#9543,#9544,#9545);
#9547=PLANE('',#9546);
#9549=ORIENTED_EDGE('',*,*,#9548,.T.);
#9551=ORIENTED_EDGE('',*,*,#9550,.F.);
#9553=ORIENTED_EDGE('',*,*,#9552,.F.);
#9555=ORIENTED_EDGE('',*,*,#9554,.T.);
#9556=EDGE_LOOP('',(#9549,#9551,#9553,#9555));
#9557=FACE_OUTER_BOUND('',#9556,.F.);
#9558=ADVANCED_FACE('',(#9557),#9547,.T.);
#9559=FILL_AREA_STYLE_COLOUR('',#34);
#9560=FILL_AREA_STYLE('',(#9559));
#9561=SURFACE_STYLE_FILL_AREA(#9560);
#9562=SURFACE_SIDE_STYLE('',(#9561));
#9563=SURFACE_STYLE_USAGE(.BOTH.,#9562);
#9564=PRESENTATION_STYLE_ASSIGNMENT((#9563));
#9565=STYLED_ITEM('',(#9564),#9558);
#9566=CARTESIAN_POINT('',(2.300000000001E0,3.64E0,-4.15E0));
#9567=DIRECTION('',(-1.E0,0.E0,0.E0));
#9568=DIRECTION('',(0.E0,0.E0,1.E0));
#9569=AXIS2_PLACEMENT_3D('',#9566,#9567,#9568);
#9570=PLANE('',#9569);
#9572=ORIENTED_EDGE('',*,*,#9571,.F.);
#9574=ORIENTED_EDGE('',*,*,#9573,.T.);
#9576=ORIENTED_EDGE('',*,*,#9575,.T.);
#9578=ORIENTED_EDGE('',*,*,#9577,.F.);
#9579=ORIENTED_EDGE('',*,*,#9548,.F.);
#9581=ORIENTED_EDGE('',*,*,#9580,.F.);
#9583=ORIENTED_EDGE('',*,*,#9582,.T.);
#9585=ORIENTED_EDGE('',*,*,#9584,.F.);
#9587=ORIENTED_EDGE('',*,*,#9586,.F.);
#9589=ORIENTED_EDGE('',*,*,#9588,.T.);
#9590=EDGE_LOOP('',(#9572,#9574,#9576,#9578,#9579,#9581,#9583,#9585,#9587,
#9589));
#9591=FACE_OUTER_BOUND('',#9590,.F.);
#9592=ADVANCED_FACE('',(#9591),#9570,.T.);
#9593=FILL_AREA_STYLE_COLOUR('',#34);
#9594=FILL_AREA_STYLE('',(#9593));
#9595=SURFACE_STYLE_FILL_AREA(#9594);
#9596=SURFACE_SIDE_STYLE('',(#9595));
#9597=SURFACE_STYLE_USAGE(.BOTH.,#9596);
#9598=PRESENTATION_STYLE_ASSIGNMENT((#9597));
#9599=STYLED_ITEM('',(#9598),#9592);
#9600=CARTESIAN_POINT('',(5.E0,3.64E0,-3.E0));
#9601=DIRECTION('',(0.E0,-1.E0,0.E0));
#9602=DIRECTION('',(-1.E0,0.E0,0.E0));
#9603=AXIS2_PLACEMENT_3D('',#9600,#9601,#9602);
#9604=PLANE('',#9603);
#9606=ORIENTED_EDGE('',*,*,#9605,.F.);
#9608=ORIENTED_EDGE('',*,*,#9607,.T.);
#9610=ORIENTED_EDGE('',*,*,#9609,.T.);
#9612=ORIENTED_EDGE('',*,*,#9611,.T.);
#9614=ORIENTED_EDGE('',*,*,#9613,.T.);
#9616=ORIENTED_EDGE('',*,*,#9615,.T.);
#9618=ORIENTED_EDGE('',*,*,#9617,.F.);
#9620=ORIENTED_EDGE('',*,*,#9619,.T.);
#9622=ORIENTED_EDGE('',*,*,#9621,.F.);
#9623=ORIENTED_EDGE('',*,*,#9571,.T.);
#9625=ORIENTED_EDGE('',*,*,#9624,.F.);
#9627=ORIENTED_EDGE('',*,*,#9626,.T.);
#9628=EDGE_LOOP('',(#9606,#9608,#9610,#9612,#9614,#9616,#9618,#9620,#9622,#9623,
#9625,#9627));
#9629=FACE_OUTER_BOUND('',#9628,.F.);
#9630=ADVANCED_FACE('',(#9629),#9604,.F.);
#9631=FILL_AREA_STYLE_COLOUR('',#34);
#9632=FILL_AREA_STYLE('',(#9631));
#9633=SURFACE_STYLE_FILL_AREA(#9632);
#9634=SURFACE_SIDE_STYLE('',(#9633));
#9635=SURFACE_STYLE_USAGE(.BOTH.,#9634);
#9636=PRESENTATION_STYLE_ASSIGNMENT((#9635));
#9637=STYLED_ITEM('',(#9636),#9630);
#9638=CARTESIAN_POINT('',(2.681898970579E0,3.64E0,-5.25E0));
#9639=DIRECTION('',(-1.E0,0.E0,0.E0));
#9640=DIRECTION('',(0.E0,0.E0,1.E0));
#9641=AXIS2_PLACEMENT_3D('',#9638,#9639,#9640);
#9642=PLANE('',#9641);
#9644=ORIENTED_EDGE('',*,*,#9643,.F.);
#9645=ORIENTED_EDGE('',*,*,#9617,.T.);
#9647=ORIENTED_EDGE('',*,*,#9646,.F.);
#9649=ORIENTED_EDGE('',*,*,#9648,.F.);
#9651=ORIENTED_EDGE('',*,*,#9650,.T.);
#9652=ORIENTED_EDGE('',*,*,#9605,.T.);
#9654=ORIENTED_EDGE('',*,*,#9653,.F.);
#9656=ORIENTED_EDGE('',*,*,#9655,.T.);
#9658=ORIENTED_EDGE('',*,*,#9657,.T.);
#9660=ORIENTED_EDGE('',*,*,#9659,.F.);
#9662=ORIENTED_EDGE('',*,*,#9661,.F.);
#9664=ORIENTED_EDGE('',*,*,#9663,.T.);
#9666=ORIENTED_EDGE('',*,*,#9665,.T.);
#9668=ORIENTED_EDGE('',*,*,#9667,.T.);
#9670=ORIENTED_EDGE('',*,*,#9669,.T.);
#9672=ORIENTED_EDGE('',*,*,#9671,.T.);
#9674=ORIENTED_EDGE('',*,*,#9673,.F.);
#9676=ORIENTED_EDGE('',*,*,#9675,.T.);
#9678=ORIENTED_EDGE('',*,*,#9677,.T.);
#9680=ORIENTED_EDGE('',*,*,#9679,.F.);
#9682=ORIENTED_EDGE('',*,*,#9681,.T.);
#9683=EDGE_LOOP('',(#9644,#9645,#9647,#9649,#9651,#9652,#9654,#9656,#9658,#9660,
#9662,#9664,#9666,#9668,#9670,#9672,#9674,#9676,#9678,#9680,#9682));
#9684=FACE_OUTER_BOUND('',#9683,.F.);
#9685=ADVANCED_FACE('',(#9684),#9642,.F.);
#9686=FILL_AREA_STYLE_COLOUR('',#34);
#9687=FILL_AREA_STYLE('',(#9686));
#9688=SURFACE_STYLE_FILL_AREA(#9687);
#9689=SURFACE_SIDE_STYLE('',(#9688));
#9690=SURFACE_STYLE_USAGE(.BOTH.,#9689);
#9691=PRESENTATION_STYLE_ASSIGNMENT((#9690));
#9692=STYLED_ITEM('',(#9691),#9685);
#9693=CARTESIAN_POINT('',(5.E0,3.576480298171E0,-3.E0));
#9694=DIRECTION('',(0.E0,1.E0,0.E0));
#9695=DIRECTION('',(0.E0,0.E0,-1.E0));
#9696=AXIS2_PLACEMENT_3D('',#9693,#9694,#9695);
#9697=CONICAL_SURFACE('',#9696,2.661485946592E0,4.500006079894E1);
#9698=ORIENTED_EDGE('',*,*,#9643,.T.);
#9700=ORIENTED_EDGE('',*,*,#9699,.T.);
#9701=ORIENTED_EDGE('',*,*,#9619,.F.);
#9702=EDGE_LOOP('',(#9698,#9700,#9701));
#9703=FACE_OUTER_BOUND('',#9702,.F.);
#9704=ADVANCED_FACE('',(#9703),#9697,.T.);
#9705=FILL_AREA_STYLE_COLOUR('',#34);
#9706=FILL_AREA_STYLE('',(#9705));
#9707=SURFACE_STYLE_FILL_AREA(#9706);
#9708=SURFACE_SIDE_STYLE('',(#9707));
#9709=SURFACE_STYLE_USAGE(.BOTH.,#9708);
#9710=PRESENTATION_STYLE_ASSIGNMENT((#9709));
#9711=STYLED_ITEM('',(#9710),#9704);
#9712=CARTESIAN_POINT('',(2.498031575954E0,3.565E0,-1.775E0));
#9713=DIRECTION('',(0.E0,7.071067811865E-1,-7.071067811865E-1));
#9714=DIRECTION('',(0.E0,-7.071067811865E-1,-7.071067811865E-1));
#9715=AXIS2_PLACEMENT_3D('',#9712,#9713,#9714);
#9716=PLANE('',#9715);
#9717=ORIENTED_EDGE('',*,*,#9681,.F.);
#9719=ORIENTED_EDGE('',*,*,#9718,.T.);
#9720=ORIENTED_EDGE('',*,*,#9573,.F.);
#9721=ORIENTED_EDGE('',*,*,#9621,.T.);
#9722=ORIENTED_EDGE('',*,*,#9699,.F.);
#9723=EDGE_LOOP('',(#9717,#9719,#9720,#9721,#9722));
#9724=FACE_OUTER_BOUND('',#9723,.F.);
#9725=ADVANCED_FACE('',(#9724),#9716,.F.);
#9726=FILL_AREA_STYLE_COLOUR('',#34);
#9727=FILL_AREA_STYLE('',(#9726));
#9728=SURFACE_STYLE_FILL_AREA(#9727);
#9729=SURFACE_SIDE_STYLE('',(#9728));
#9730=SURFACE_STYLE_USAGE(.BOTH.,#9729);
#9731=PRESENTATION_STYLE_ASSIGNMENT((#9730));
#9732=STYLED_ITEM('',(#9731),#9725);
#9733=CARTESIAN_POINT('',(2.300000000001E0,3.64E0,-1.85E0));
#9734=DIRECTION('',(0.E0,0.E0,1.E0));
#9735=DIRECTION('',(1.E0,0.E0,0.E0));
#9736=AXIS2_PLACEMENT_3D('',#9733,#9734,#9735);
#9737=PLANE('',#9736);
#9738=ORIENTED_EDGE('',*,*,#9679,.T.);
#9740=ORIENTED_EDGE('',*,*,#9739,.F.);
#9742=ORIENTED_EDGE('',*,*,#9741,.F.);
#9744=ORIENTED_EDGE('',*,*,#9743,.F.);
#9745=ORIENTED_EDGE('',*,*,#9575,.F.);
#9746=ORIENTED_EDGE('',*,*,#9718,.F.);
#9747=EDGE_LOOP('',(#9738,#9740,#9742,#9744,#9745,#9746));
#9748=FACE_OUTER_BOUND('',#9747,.F.);
#9749=ADVANCED_FACE('',(#9748),#9737,.T.);
#9750=FILL_AREA_STYLE_COLOUR('',#34);
#9751=FILL_AREA_STYLE('',(#9750));
#9752=SURFACE_STYLE_FILL_AREA(#9751);
#9753=SURFACE_SIDE_STYLE('',(#9752));
#9754=SURFACE_STYLE_USAGE(.BOTH.,#9753);
#9755=PRESENTATION_STYLE_ASSIGNMENT((#9754));
#9756=STYLED_ITEM('',(#9755),#9749);
#9757=CARTESIAN_POINT('',(2.999999999983E0,1.74E0,-1.900000000019E0));
#9758=DIRECTION('',(-1.E0,0.E0,0.E0));
#9759=DIRECTION('',(0.E0,6.018150231520E-1,7.986355100473E-1));
#9760=AXIS2_PLACEMENT_3D('',#9757,#9758,#9759);
#9761=CYLINDRICAL_SURFACE('',#9760,3.E-1);
#9762=ORIENTED_EDGE('',*,*,#9677,.F.);
#9764=ORIENTED_EDGE('',*,*,#9763,.T.);
#9766=ORIENTED_EDGE('',*,*,#9765,.F.);
#9767=ORIENTED_EDGE('',*,*,#9739,.T.);
#9768=EDGE_LOOP('',(#9762,#9764,#9766,#9767));
#9769=FACE_OUTER_BOUND('',#9768,.F.);
#9770=ADVANCED_FACE('',(#9769),#9761,.F.);
#9771=FILL_AREA_STYLE_COLOUR('',#34);
#9772=FILL_AREA_STYLE('',(#9771));
#9773=SURFACE_STYLE_FILL_AREA(#9772);
#9774=SURFACE_SIDE_STYLE('',(#9773));
#9775=SURFACE_STYLE_USAGE(.BOTH.,#9774);
#9776=PRESENTATION_STYLE_ASSIGNMENT((#9775));
#9777=STYLED_ITEM('',(#9776),#9770);
#9778=CARTESIAN_POINT('',(5.E0,2.04E0,-3.E0));
#9779=DIRECTION('',(0.E0,1.E0,0.E0));
#9780=DIRECTION('',(0.E0,0.E0,-1.E0));
#9781=AXIS2_PLACEMENT_3D('',#9778,#9779,#9780);
#9782=PLANE('',#9781);
#9783=ORIENTED_EDGE('',*,*,#9675,.F.);
#9785=ORIENTED_EDGE('',*,*,#9784,.T.);
#9787=ORIENTED_EDGE('',*,*,#9786,.T.);
#9789=ORIENTED_EDGE('',*,*,#9788,.T.);
#9790=ORIENTED_EDGE('',*,*,#9663,.F.);
#9792=ORIENTED_EDGE('',*,*,#9791,.T.);
#9794=ORIENTED_EDGE('',*,*,#9793,.F.);
#9795=ORIENTED_EDGE('',*,*,#9580,.T.);
#9796=ORIENTED_EDGE('',*,*,#9554,.F.);
#9797=ORIENTED_EDGE('',*,*,#9763,.F.);
#9798=EDGE_LOOP('',(#9783,#9785,#9787,#9789,#9790,#9792,#9794,#9795,#9796,
#9797));
#9799=FACE_OUTER_BOUND('',#9798,.F.);
#9800=ADVANCED_FACE('',(#9799),#9782,.F.);
#9801=FILL_AREA_STYLE_COLOUR('',#34);
#9802=FILL_AREA_STYLE('',(#9801));
#9803=SURFACE_STYLE_FILL_AREA(#9802);
#9804=SURFACE_SIDE_STYLE('',(#9803));
#9805=SURFACE_STYLE_USAGE(.BOTH.,#9804);
#9806=PRESENTATION_STYLE_ASSIGNMENT((#9805));
#9807=STYLED_ITEM('',(#9806),#9800);
#9808=CARTESIAN_POINT('',(2.75E0,2.05E0,-2.3E0));
#9809=DIRECTION('',(0.E0,0.E0,-1.E0));
#9810=DIRECTION('',(1.E0,0.E0,0.E0));
#9811=AXIS2_PLACEMENT_3D('',#9808,#9809,#9810);
#9812=PLANE('',#9811);
#9813=ORIENTED_EDGE('',*,*,#9673,.T.);
#9815=ORIENTED_EDGE('',*,*,#9814,.F.);
#9817=ORIENTED_EDGE('',*,*,#9816,.F.);
#9818=ORIENTED_EDGE('',*,*,#9784,.F.);
#9819=EDGE_LOOP('',(#9813,#9815,#9817,#9818));
#9820=FACE_OUTER_BOUND('',#9819,.F.);
#9821=ADVANCED_FACE('',(#9820),#9812,.T.);
#9822=FILL_AREA_STYLE_COLOUR('',#34);
#9823=FILL_AREA_STYLE('',(#9822));
#9824=SURFACE_STYLE_FILL_AREA(#9823);
#9825=SURFACE_SIDE_STYLE('',(#9824));
#9826=SURFACE_STYLE_USAGE(.BOTH.,#9825);
#9827=PRESENTATION_STYLE_ASSIGNMENT((#9826));
#9828=STYLED_ITEM('',(#9827),#9821);
#9829=CARTESIAN_POINT('',(-7.084238425510E0,2.07E0,-2.43E0));
#9830=DIRECTION('',(1.E0,0.E0,0.E0));
#9831=DIRECTION('',(0.E0,1.E0,0.E0));
#9832=AXIS2_PLACEMENT_3D('',#9829,#9830,#9831);
#9833=CYLINDRICAL_SURFACE('',#9832,1.3E-1);
#9834=ORIENTED_EDGE('',*,*,#9671,.F.);
#9836=ORIENTED_EDGE('',*,*,#9835,.T.);
#9838=ORIENTED_EDGE('',*,*,#9837,.F.);
#9839=ORIENTED_EDGE('',*,*,#9814,.T.);
#9840=EDGE_LOOP('',(#9834,#9836,#9838,#9839));
#9841=FACE_OUTER_BOUND('',#9840,.F.);
#9842=ADVANCED_FACE('',(#9841),#9833,.F.);
#9843=FILL_AREA_STYLE_COLOUR('',#34);
#9844=FILL_AREA_STYLE('',(#9843));
#9845=SURFACE_STYLE_FILL_AREA(#9844);
#9846=SURFACE_SIDE_STYLE('',(#9845));
#9847=SURFACE_STYLE_USAGE(.BOTH.,#9846);
#9848=PRESENTATION_STYLE_ASSIGNMENT((#9847));
#9849=STYLED_ITEM('',(#9848),#9842);
#9850=CARTESIAN_POINT('',(5.E0,2.2E0,-3.E0));
#9851=DIRECTION('',(0.E0,1.E0,0.E0));
#9852=DIRECTION('',(1.E0,0.E0,0.E0));
#9853=AXIS2_PLACEMENT_3D('',#9850,#9851,#9852);
#9854=PLANE('',#9853);
#9855=ORIENTED_EDGE('',*,*,#9669,.F.);
#9857=ORIENTED_EDGE('',*,*,#9856,.F.);
#9859=ORIENTED_EDGE('',*,*,#9858,.F.);
#9860=ORIENTED_EDGE('',*,*,#9835,.F.);
#9861=EDGE_LOOP('',(#9855,#9857,#9859,#9860));
#9862=FACE_OUTER_BOUND('',#9861,.F.);
#9863=ADVANCED_FACE('',(#9862),#9854,.F.);
#9864=FILL_AREA_STYLE_COLOUR('',#34);
#9865=FILL_AREA_STYLE('',(#9864));
#9866=SURFACE_STYLE_FILL_AREA(#9865);
#9867=SURFACE_SIDE_STYLE('',(#9866));
#9868=SURFACE_STYLE_USAGE(.BOTH.,#9867);
#9869=PRESENTATION_STYLE_ASSIGNMENT((#9868));
#9870=STYLED_ITEM('',(#9869),#9863);
#9871=CARTESIAN_POINT('',(1.628615568066E1,2.07E0,-3.57E0));
#9872=DIRECTION('',(-1.E0,0.E0,0.E0));
#9873=DIRECTION('',(0.E0,1.E0,0.E0));
#9874=AXIS2_PLACEMENT_3D('',#9871,#9872,#9873);
#9875=CYLINDRICAL_SURFACE('',#9874,1.3E-1);
#9876=ORIENTED_EDGE('',*,*,#9667,.F.);
#9878=ORIENTED_EDGE('',*,*,#9877,.T.);
#9880=ORIENTED_EDGE('',*,*,#9879,.T.);
#9881=ORIENTED_EDGE('',*,*,#9856,.T.);
#9882=EDGE_LOOP('',(#9876,#9878,#9880,#9881));
#9883=FACE_OUTER_BOUND('',#9882,.F.);
#9884=ADVANCED_FACE('',(#9883),#9875,.F.);
#9885=FILL_AREA_STYLE_COLOUR('',#34);
#9886=FILL_AREA_STYLE('',(#9885));
#9887=SURFACE_STYLE_FILL_AREA(#9886);
#9888=SURFACE_SIDE_STYLE('',(#9887));
#9889=SURFACE_STYLE_USAGE(.BOTH.,#9888);
#9890=PRESENTATION_STYLE_ASSIGNMENT((#9889));
#9891=STYLED_ITEM('',(#9890),#9884);
#9892=CARTESIAN_POINT('',(2.75E0,2.05E0,-3.7E0));
#9893=DIRECTION('',(0.E0,0.E0,1.E0));
#9894=DIRECTION('',(-1.E0,0.E0,0.E0));
#9895=AXIS2_PLACEMENT_3D('',#9892,#9893,#9894);
#9896=PLANE('',#9895);
#9897=ORIENTED_EDGE('',*,*,#9665,.F.);
#9898=ORIENTED_EDGE('',*,*,#9788,.F.);
#9900=ORIENTED_EDGE('',*,*,#9899,.T.);
#9901=ORIENTED_EDGE('',*,*,#9877,.F.);
#9902=EDGE_LOOP('',(#9897,#9898,#9900,#9901));
#9903=FACE_OUTER_BOUND('',#9902,.F.);
#9904=ADVANCED_FACE('',(#9903),#9896,.T.);
#9905=FILL_AREA_STYLE_COLOUR('',#34);
#9906=FILL_AREA_STYLE('',(#9905));
#9907=SURFACE_STYLE_FILL_AREA(#9906);
#9908=SURFACE_SIDE_STYLE('',(#9907));
#9909=SURFACE_STYLE_USAGE(.BOTH.,#9908);
#9910=PRESENTATION_STYLE_ASSIGNMENT((#9909));
#9911=STYLED_ITEM('',(#9910),#9904);
#9912=CARTESIAN_POINT('',(2.55E0,2.05E0,-3.E0));
#9913=DIRECTION('',(1.E0,0.E0,0.E0));
#9914=DIRECTION('',(0.E0,0.E0,1.E0));
#9915=AXIS2_PLACEMENT_3D('',#9912,#9913,#9914);
#9916=PLANE('',#9915);
#9917=ORIENTED_EDGE('',*,*,#9786,.F.);
#9918=ORIENTED_EDGE('',*,*,#9816,.T.);
#9920=ORIENTED_EDGE('',*,*,#9919,.F.);
#9921=ORIENTED_EDGE('',*,*,#9899,.F.);
#9922=EDGE_LOOP('',(#9917,#9918,#9920,#9921));
#9923=FACE_OUTER_BOUND('',#9922,.F.);
#9924=ADVANCED_FACE('',(#9923),#9916,.T.);
#9925=FILL_AREA_STYLE_COLOUR('',#34);
#9926=FILL_AREA_STYLE('',(#9925));
#9927=SURFACE_STYLE_FILL_AREA(#9926);
#9928=SURFACE_SIDE_STYLE('',(#9927));
#9929=SURFACE_STYLE_USAGE(.BOTH.,#9928);
#9930=PRESENTATION_STYLE_ASSIGNMENT((#9929));
#9931=STYLED_ITEM('',(#9930),#9924);
#9932=CARTESIAN_POINT('',(2.68E0,2.07E0,-1.237872E1));
#9933=DIRECTION('',(0.E0,0.E0,1.E0));
#9934=DIRECTION('',(0.E0,1.E0,0.E0));
#9935=AXIS2_PLACEMENT_3D('',#9932,#9933,#9934);
#9936=CYLINDRICAL_SURFACE('',#9935,1.3E-1);
#9937=ORIENTED_EDGE('',*,*,#9919,.T.);
#9938=ORIENTED_EDGE('',*,*,#9837,.T.);
#9939=ORIENTED_EDGE('',*,*,#9858,.T.);
#9940=ORIENTED_EDGE('',*,*,#9879,.F.);
#9941=EDGE_LOOP('',(#9937,#9938,#9939,#9940));
#9942=FACE_OUTER_BOUND('',#9941,.F.);
#9943=ADVANCED_FACE('',(#9942),#9936,.F.);
#9944=FILL_AREA_STYLE_COLOUR('',#34);
#9945=FILL_AREA_STYLE('',(#9944));
#9946=SURFACE_STYLE_FILL_AREA(#9945);
#9947=SURFACE_SIDE_STYLE('',(#9946));
#9948=SURFACE_STYLE_USAGE(.BOTH.,#9947);
#9949=PRESENTATION_STYLE_ASSIGNMENT((#9948));
#9950=STYLED_ITEM('',(#9949),#9943);
#9951=CARTESIAN_POINT('',(2.599999999982E0,3.081103100903E0,-4.200000000019E0));
#9952=DIRECTION('',(0.E0,-1.E0,0.E0));
#9953=DIRECTION('',(1.E0,0.E0,0.E0));
#9954=AXIS2_PLACEMENT_3D('',#9951,#9952,#9953);
#9955=CYLINDRICAL_SURFACE('',#9954,1.E-1);
#9956=ORIENTED_EDGE('',*,*,#9661,.T.);
#9958=ORIENTED_EDGE('',*,*,#9957,.F.);
#9960=ORIENTED_EDGE('',*,*,#9959,.T.);
#9961=ORIENTED_EDGE('',*,*,#9791,.F.);
#9962=EDGE_LOOP('',(#9956,#9958,#9960,#9961));
#9963=FACE_OUTER_BOUND('',#9962,.F.);
#9964=ADVANCED_FACE('',(#9963),#9955,.T.);
#9965=FILL_AREA_STYLE_COLOUR('',#34);
#9966=FILL_AREA_STYLE('',(#9965));
#9967=SURFACE_STYLE_FILL_AREA(#9966);
#9968=SURFACE_SIDE_STYLE('',(#9967));
#9969=SURFACE_STYLE_USAGE(.BOTH.,#9968);
#9970=PRESENTATION_STYLE_ASSIGNMENT((#9969));
#9971=STYLED_ITEM('',(#9970),#9964);
#9972=CARTESIAN_POINT('',(5.E0,2.02E0,-3.E0));
#9973=DIRECTION('',(0.E0,1.E0,0.E0));
#9974=DIRECTION('',(1.E0,0.E0,0.E0));
#9975=AXIS2_PLACEMENT_3D('',#9972,#9973,#9974);
#9976=PLANE('',#9975);
#9977=ORIENTED_EDGE('',*,*,#9659,.T.);
#9979=ORIENTED_EDGE('',*,*,#9978,.T.);
#9980=ORIENTED_EDGE('',*,*,#9584,.T.);
#9982=ORIENTED_EDGE('',*,*,#9981,.F.);
#9983=ORIENTED_EDGE('',*,*,#9957,.T.);
#9984=EDGE_LOOP('',(#9977,#9979,#9980,#9982,#9983));
#9985=FACE_OUTER_BOUND('',#9984,.F.);
#9986=ADVANCED_FACE('',(#9985),#9976,.F.);
#9987=FILL_AREA_STYLE_COLOUR('',#34);
#9988=FILL_AREA_STYLE('',(#9987));
#9989=SURFACE_STYLE_FILL_AREA(#9988);
#9990=SURFACE_SIDE_STYLE('',(#9989));
#9991=SURFACE_STYLE_USAGE(.BOTH.,#9990);
#9992=PRESENTATION_STYLE_ASSIGNMENT((#9991));
#9993=STYLED_ITEM('',(#9992),#9986);
#9994=CARTESIAN_POINT('',(2.696063151907E0,3.64E0,-4.15E0));
#9995=DIRECTION('',(0.E0,0.E0,-1.E0));
#9996=DIRECTION('',(-1.E0,0.E0,0.E0));
#9997=AXIS2_PLACEMENT_3D('',#9994,#9995,#9996);
#9998=PLANE('',#9997);
#9999=ORIENTED_EDGE('',*,*,#9657,.F.);
#10001=ORIENTED_EDGE('',*,*,#10000,.F.);
#10002=ORIENTED_EDGE('',*,*,#9586,.T.);
#10003=ORIENTED_EDGE('',*,*,#9978,.F.);
#10004=EDGE_LOOP('',(#9999,#10001,#10002,#10003));
#10005=FACE_OUTER_BOUND('',#10004,.F.);
#10006=ADVANCED_FACE('',(#10005),#9998,.T.);
#10007=FILL_AREA_STYLE_COLOUR('',#34);
#10008=FILL_AREA_STYLE('',(#10007));
#10009=SURFACE_STYLE_FILL_AREA(#10008);
#10010=SURFACE_SIDE_STYLE('',(#10009));
#10011=SURFACE_STYLE_USAGE(.BOTH.,#10010);
#10012=PRESENTATION_STYLE_ASSIGNMENT((#10011));
#10013=STYLED_ITEM('',(#10012),#10006);
#10014=CARTESIAN_POINT('',(2.498031575954E0,3.565E0,-4.225E0));
#10015=DIRECTION('',(0.E0,7.071067811865E-1,7.071067811865E-1));
#10016=DIRECTION('',(0.E0,-7.071067811865E-1,7.071067811865E-1));
#10017=AXIS2_PLACEMENT_3D('',#10014,#10015,#10016);
#10018=PLANE('',#10017);
#10019=ORIENTED_EDGE('',*,*,#9655,.F.);
#10021=ORIENTED_EDGE('',*,*,#10020,.T.);
#10022=ORIENTED_EDGE('',*,*,#9624,.T.);
#10023=ORIENTED_EDGE('',*,*,#9588,.F.);
#10024=ORIENTED_EDGE('',*,*,#10000,.T.);
#10025=EDGE_LOOP('',(#10019,#10021,#10022,#10023,#10024));
#10026=FACE_OUTER_BOUND('',#10025,.F.);
#10027=ADVANCED_FACE('',(#10026),#10018,.F.);
#10028=FILL_AREA_STYLE_COLOUR('',#34);
#10029=FILL_AREA_STYLE('',(#10028));
#10030=SURFACE_STYLE_FILL_AREA(#10029);
#10031=SURFACE_SIDE_STYLE('',(#10030));
#10032=SURFACE_STYLE_USAGE(.BOTH.,#10031);
#10033=PRESENTATION_STYLE_ASSIGNMENT((#10032));
#10034=STYLED_ITEM('',(#10033),#10027);
#10035=CARTESIAN_POINT('',(5.E0,3.576480295654E0,-3.E0));
#10036=DIRECTION('',(0.E0,1.E0,0.E0));
#10037=DIRECTION('',(0.E0,0.E0,-1.E0));
#10038=AXIS2_PLACEMENT_3D('',#10035,#10036,#10037);
#10039=CONICAL_SURFACE('',#10038,2.661485944076E0,4.500006079894E1);
#10040=ORIENTED_EDGE('',*,*,#9653,.T.);
#10041=ORIENTED_EDGE('',*,*,#9626,.F.);
#10042=ORIENTED_EDGE('',*,*,#10020,.F.);
#10043=EDGE_LOOP('',(#10040,#10041,#10042));
#10044=FACE_OUTER_BOUND('',#10043,.F.);
#10045=ADVANCED_FACE('',(#10044),#10039,.T.);
#10046=FILL_AREA_STYLE_COLOUR('',#34);
#10047=FILL_AREA_STYLE('',(#10046));
#10048=SURFACE_STYLE_FILL_AREA(#10047);
#10049=SURFACE_SIDE_STYLE('',(#10048));
#10050=SURFACE_STYLE_USAGE(.BOTH.,#10049);
#10051=PRESENTATION_STYLE_ASSIGNMENT((#10050));
#10052=STYLED_ITEM('',(#10051),#10045);
#10053=CARTESIAN_POINT('',(2.299999999983E0,1.49E0,-4.100000000019E0));
#10054=DIRECTION('',(0.E0,0.E0,1.E0));
#10055=DIRECTION('',(1.E0,0.E0,0.E0));
#10056=AXIS2_PLACEMENT_3D('',#10053,#10054,#10055);
#10057=PLANE('',#10056);
#10058=ORIENTED_EDGE('',*,*,#9582,.F.);
#10059=ORIENTED_EDGE('',*,*,#9793,.T.);
#10060=ORIENTED_EDGE('',*,*,#9959,.F.);
#10061=ORIENTED_EDGE('',*,*,#9981,.T.);
#10062=EDGE_LOOP('',(#10058,#10059,#10060,#10061));
#10063=FACE_OUTER_BOUND('',#10062,.F.);
#10064=ADVANCED_FACE('',(#10063),#10057,.T.);
#10065=FILL_AREA_STYLE_COLOUR('',#34);
#10066=FILL_AREA_STYLE('',(#10065));
#10067=SURFACE_STYLE_FILL_AREA(#10066);
#10068=SURFACE_SIDE_STYLE('',(#10067));
#10069=SURFACE_STYLE_USAGE(.BOTH.,#10068);
#10070=PRESENTATION_STYLE_ASSIGNMENT((#10069));
#10071=STYLED_ITEM('',(#10070),#10064);
#10072=CARTESIAN_POINT('',(2.499999999983E0,1.874240154240E0,
-1.833070328052E0));
#10073=DIRECTION('',(1.E0,0.E0,0.E0));
#10074=DIRECTION('',(0.E0,7.986355100473E-1,-6.018150231520E-1));
#10075=AXIS2_PLACEMENT_3D('',#10072,#10073,#10074);
#10076=PLANE('',#10075);
#10077=ORIENTED_EDGE('',*,*,#9741,.T.);
#10078=ORIENTED_EDGE('',*,*,#9765,.T.);
#10079=ORIENTED_EDGE('',*,*,#9552,.T.);
#10081=ORIENTED_EDGE('',*,*,#10080,.T.);
#10082=EDGE_LOOP('',(#10077,#10078,#10079,#10081));
#10083=FACE_OUTER_BOUND('',#10082,.F.);
#10084=ADVANCED_FACE('',(#10083),#10076,.T.);
#10085=FILL_AREA_STYLE_COLOUR('',#34);
#10086=FILL_AREA_STYLE('',(#10085));
#10087=SURFACE_STYLE_FILL_AREA(#10086);
#10088=SURFACE_SIDE_STYLE('',(#10087));
#10089=SURFACE_STYLE_USAGE(.BOTH.,#10088);
#10090=PRESENTATION_STYLE_ASSIGNMENT((#10089));
#10091=STYLED_ITEM('',(#10090),#10084);
#10092=CARTESIAN_POINT('',(5.E0,2.02E0,-3.E0));
#10093=DIRECTION('',(0.E0,1.E0,0.E0));
#10094=DIRECTION('',(1.E0,0.E0,0.E0));
#10095=AXIS2_PLACEMENT_3D('',#10092,#10093,#10094);
#10096=PLANE('',#10095);
#10097=ORIENTED_EDGE('',*,*,#9550,.T.);
#10098=ORIENTED_EDGE('',*,*,#9577,.T.);
#10099=ORIENTED_EDGE('',*,*,#9743,.T.);
#10100=ORIENTED_EDGE('',*,*,#10080,.F.);
#10101=EDGE_LOOP('',(#10097,#10098,#10099,#10100));
#10102=FACE_OUTER_BOUND('',#10101,.F.);
#10103=ADVANCED_FACE('',(#10102),#10096,.F.);
#10104=FILL_AREA_STYLE_COLOUR('',#34);
#10105=FILL_AREA_STYLE('',(#10104));
#10106=SURFACE_STYLE_FILL_AREA(#10105);
#10107=SURFACE_SIDE_STYLE('',(#10106));
#10108=SURFACE_STYLE_USAGE(.BOTH.,#10107);
#10109=PRESENTATION_STYLE_ASSIGNMENT((#10108));
#10110=STYLED_ITEM('',(#10109),#10103);
#10111=CARTESIAN_POINT('',(2.897620395837E0,3.04E0,-1.95E0));
#10112=DIRECTION('',(0.E0,0.E0,1.E0));
#10113=DIRECTION('',(-1.E0,0.E0,0.E0));
#10114=AXIS2_PLACEMENT_3D('',#10111,#10112,#10113);
#10115=PLANE('',#10114);
#10116=ORIENTED_EDGE('',*,*,#9646,.T.);
#10117=ORIENTED_EDGE('',*,*,#9615,.F.);
#10119=ORIENTED_EDGE('',*,*,#10118,.F.);
#10121=ORIENTED_EDGE('',*,*,#10120,.F.);
#10122=EDGE_LOOP('',(#10116,#10117,#10119,#10121));
#10123=FACE_OUTER_BOUND('',#10122,.F.);
#10124=ADVANCED_FACE('',(#10123),#10115,.F.);
#10125=FILL_AREA_STYLE_COLOUR('',#34);
#10126=FILL_AREA_STYLE('',(#10125));
#10127=SURFACE_STYLE_FILL_AREA(#10126);
#10128=SURFACE_SIDE_STYLE('',(#10127));
#10129=SURFACE_STYLE_USAGE(.BOTH.,#10128);
#10130=PRESENTATION_STYLE_ASSIGNMENT((#10129));
#10131=STYLED_ITEM('',(#10130),#10124);
#10132=CARTESIAN_POINT('',(2.497620395837E0,-4.465152E0,-2.05E0));
#10133=DIRECTION('',(0.E0,1.E0,0.E0));
#10134=DIRECTION('',(-1.E0,0.E0,0.E0));
#10135=AXIS2_PLACEMENT_3D('',#10132,#10133,#10134);
#10136=CYLINDRICAL_SURFACE('',#10135,1.E-1);
#10137=ORIENTED_EDGE('',*,*,#9613,.F.);
#10139=ORIENTED_EDGE('',*,*,#10138,.T.);
#10141=ORIENTED_EDGE('',*,*,#10140,.F.);
#10142=ORIENTED_EDGE('',*,*,#10118,.T.);
#10143=EDGE_LOOP('',(#10137,#10139,#10141,#10142));
#10144=FACE_OUTER_BOUND('',#10143,.F.);
#10145=ADVANCED_FACE('',(#10144),#10136,.F.);
#10146=FILL_AREA_STYLE_COLOUR('',#34);
#10147=FILL_AREA_STYLE('',(#10146));
#10148=SURFACE_STYLE_FILL_AREA(#10147);
#10149=SURFACE_SIDE_STYLE('',(#10148));
#10150=SURFACE_STYLE_USAGE(.BOTH.,#10149);
#10151=PRESENTATION_STYLE_ASSIGNMENT((#10150));
#10152=STYLED_ITEM('',(#10151),#10145);
#10153=CARTESIAN_POINT('',(2.397620395837E0,3.04E0,-1.95E0));
#10154=DIRECTION('',(-1.E0,0.E0,0.E0));
#10155=DIRECTION('',(0.E0,0.E0,-1.E0));
#10156=AXIS2_PLACEMENT_3D('',#10153,#10154,#10155);
#10157=PLANE('',#10156);
#10158=ORIENTED_EDGE('',*,*,#9611,.F.);
#10160=ORIENTED_EDGE('',*,*,#10159,.F.);
#10162=ORIENTED_EDGE('',*,*,#10161,.F.);
#10163=ORIENTED_EDGE('',*,*,#10138,.F.);
#10164=EDGE_LOOP('',(#10158,#10160,#10162,#10163));
#10165=FACE_OUTER_BOUND('',#10164,.F.);
#10166=ADVANCED_FACE('',(#10165),#10157,.F.);
#10167=FILL_AREA_STYLE_COLOUR('',#34);
#10168=FILL_AREA_STYLE('',(#10167));
#10169=SURFACE_STYLE_FILL_AREA(#10168);
#10170=SURFACE_SIDE_STYLE('',(#10169));
#10171=SURFACE_STYLE_USAGE(.BOTH.,#10170);
#10172=PRESENTATION_STYLE_ASSIGNMENT((#10171));
#10173=STYLED_ITEM('',(#10172),#10166);
#10174=CARTESIAN_POINT('',(2.497620395837E0,-4.465152E0,-3.95E0));
#10175=DIRECTION('',(0.E0,1.E0,0.E0));
#10176=DIRECTION('',(0.E0,0.E0,-1.E0));
#10177=AXIS2_PLACEMENT_3D('',#10174,#10175,#10176);
#10178=CYLINDRICAL_SURFACE('',#10177,1.E-1);
#10179=ORIENTED_EDGE('',*,*,#9609,.F.);
#10181=ORIENTED_EDGE('',*,*,#10180,.T.);
#10183=ORIENTED_EDGE('',*,*,#10182,.F.);
#10184=ORIENTED_EDGE('',*,*,#10159,.T.);
#10185=EDGE_LOOP('',(#10179,#10181,#10183,#10184));
#10186=FACE_OUTER_BOUND('',#10185,.F.);
#10187=ADVANCED_FACE('',(#10186),#10178,.F.);
#10188=FILL_AREA_STYLE_COLOUR('',#34);
#10189=FILL_AREA_STYLE('',(#10188));
#10190=SURFACE_STYLE_FILL_AREA(#10189);
#10191=SURFACE_SIDE_STYLE('',(#10190));
#10192=SURFACE_STYLE_USAGE(.BOTH.,#10191);
#10193=PRESENTATION_STYLE_ASSIGNMENT((#10192));
#10194=STYLED_ITEM('',(#10193),#10187);
#10195=CARTESIAN_POINT('',(2.397620395837E0,3.04E0,-4.05E0));
#10196=DIRECTION('',(0.E0,0.E0,-1.E0));
#10197=DIRECTION('',(1.E0,0.E0,0.E0));
#10198=AXIS2_PLACEMENT_3D('',#10195,#10196,#10197);
#10199=PLANE('',#10198);
#10200=ORIENTED_EDGE('',*,*,#9650,.F.);
#10202=ORIENTED_EDGE('',*,*,#10201,.F.);
#10203=ORIENTED_EDGE('',*,*,#10180,.F.);
#10204=ORIENTED_EDGE('',*,*,#9607,.F.);
#10205=EDGE_LOOP('',(#10200,#10202,#10203,#10204));
#10206=FACE_OUTER_BOUND('',#10205,.F.);
#10207=ADVANCED_FACE('',(#10206),#10199,.F.);
#10208=FILL_AREA_STYLE_COLOUR('',#34);
#10209=FILL_AREA_STYLE('',(#10208));
#10210=SURFACE_STYLE_FILL_AREA(#10209);
#10211=SURFACE_SIDE_STYLE('',(#10210));
#10212=SURFACE_STYLE_USAGE(.BOTH.,#10211);
#10213=PRESENTATION_STYLE_ASSIGNMENT((#10212));
#10214=STYLED_ITEM('',(#10213),#10207);
#10215=CARTESIAN_POINT('',(5.E0,3.04E0,-3.E0));
#10216=DIRECTION('',(0.E0,1.E0,0.E0));
#10217=DIRECTION('',(1.E0,0.E0,0.E0));
#10218=AXIS2_PLACEMENT_3D('',#10215,#10216,#10217);
#10219=PLANE('',#10218);
#10220=ORIENTED_EDGE('',*,*,#9648,.T.);
#10221=ORIENTED_EDGE('',*,*,#10120,.T.);
#10222=ORIENTED_EDGE('',*,*,#10140,.T.);
#10223=ORIENTED_EDGE('',*,*,#10161,.T.);
#10224=ORIENTED_EDGE('',*,*,#10182,.T.);
#10225=ORIENTED_EDGE('',*,*,#10201,.T.);
#10226=EDGE_LOOP('',(#10220,#10221,#10222,#10223,#10224,#10225));
#10227=FACE_OUTER_BOUND('',#10226,.F.);
#10228=ADVANCED_FACE('',(#10227),#10219,.T.);
#10229=FILL_AREA_STYLE_COLOUR('',#34);
#10230=FILL_AREA_STYLE('',(#10229));
#10231=SURFACE_STYLE_FILL_AREA(#10230);
#10232=SURFACE_SIDE_STYLE('',(#10231));
#10233=SURFACE_STYLE_USAGE(.BOTH.,#10232);
#10234=PRESENTATION_STYLE_ASSIGNMENT((#10233));
#10235=STYLED_ITEM('',(#10234),#10228);
#10236=CLOSED_SHELL('',(#9558,#9592,#9630,#9685,#9704,#9725,#9749,#9770,#9800,
#9821,#9842,#9863,#9884,#9904,#9924,#9943,#9964,#9986,#10006,#10027,#10045,
#10064,#10084,#10103,#10124,#10145,#10166,#10187,#10207,#10228));
#10237=ORIENTED_CLOSED_SHELL('',*,#6222,.F.);
#10238=ORIENTED_CLOSED_SHELL('',*,#6397,.F.);
#10239=ORIENTED_CLOSED_SHELL('',*,#6572,.F.);
#10240=ORIENTED_CLOSED_SHELL('',*,#6747,.F.);
#10241=ORIENTED_CLOSED_SHELL('',*,#8140,.F.);
#10242=ORIENTED_CLOSED_SHELL('',*,#8651,.F.);
#10243=ORIENTED_CLOSED_SHELL('',*,#9078,.F.);
#10244=ORIENTED_CLOSED_SHELL('',*,#10236,.F.);
#10245=BREP_WITH_VOIDS('',#6047,(#10237,#10238,#10239,#10240,#10241,#10242,
#10243,#10244));
#10246=PRESENTATION_LAYER_ASSIGNMENT('INTFCLR_34','',(#10245));
#10247=PRESENTATION_LAYER_ASSIGNMENT('INTFCLR_16','',(#10245));
#10248=PRESENTATION_LAYER_ASSIGNMENT('TS66H-JZ2__1','',(#10245));
#10249=PRESENTATION_LAYER_ASSIGNMENT('INTFCLR_11','',(#10245));
#10250=PRESENTATION_LAYER_ASSIGNMENT('TSTP66H-KJ__1','',(#10245));
#10251=PRESENTATION_LAYER_ASSIGNMENT('45_1','',(#10245));
#10252=PRESENTATION_LAYER_ASSIGNMENT('INTFCLR_8','',(#10245));
#10253=PRESENTATION_LAYER_ASSIGNMENT('TS66H-GB_4','',(#10245));
#10254=PRESENTATION_LAYER_ASSIGNMENT('TSTP66HK-FMT-315_1','',(#10245));
#10256=DIMENSIONAL_EXPONENTS(0.E0,0.E0,0.E0,0.E0,0.E0,0.E0,0.E0);
#10258=PLANE_ANGLE_MEASURE_WITH_UNIT(PLANE_ANGLE_MEASURE(1.745329251994E-2),
#10257);
#10259=(CONVERSION_BASED_UNIT('DEGREE',#10258)NAMED_UNIT(*)PLANE_ANGLE_UNIT());
#10261=UNCERTAINTY_MEASURE_WITH_UNIT(LENGTH_MEASURE(1.209969611457E-3),#10255,
'closure',
'Maximum model space distance between geometric entities at asserted connectivities');
#10262=(GEOMETRIC_REPRESENTATION_CONTEXT(3)GLOBAL_UNCERTAINTY_ASSIGNED_CONTEXT((
#10261))GLOBAL_UNIT_ASSIGNED_CONTEXT((#10255,#10259,#10260))REPRESENTATION_CONTEXT('ID1','3'));
#10264=MECHANICAL_DESIGN_GEOMETRIC_PRESENTATION_REPRESENTATION('',(#2456,#2494,
#2516,#2537,#2586,#2608,#2661,#2683,#2704,#2729,#2750,#2770,#2809,#2830,#2851,
#2871,#2890,#2911,#2960,#2982,#3034,#3056,#3077,#3102,#3142,#3163,#3184,#3204,
#3223,#3243,#3263,#3282,#3303,#3324,#3344,#3363,#3383,#3456,#3478,#3499,#3520,
#3541,#3562,#3583,#3604,#3625,#3646,#3667,#3688,#3709,#3730,#3751,#3772,#3793,
#3814,#3835,#3856,#3877,#3898,#3919,#3940,#3960,#4029,#4051,#4075,#4094,#4116,
#4174,#4196,#4216,#4240,#4261,#4281,#4305,#4327,#4352,#4373,#4394,#4416,#4436,
#4460,#4481,#4501,#4525,#4547,#4572,#4593,#4614,#4634,#4672,#4691,#4713,#4733,
#4750,#4772,#4792,#4809,#4831,#4851,#4868,#4890,#4927,#4949,#4985,#5005,#5024,
#5044,#5064,#5084,#5104,#5124,#5144,#5163,#5201,#5223,#5260,#5281,#5301,#5321,
#5341,#5361,#5381,#5401,#5420,#5439,#5458,#5479,#5500,#5520,#5539,#5558,#5596,
#5618,#5638,#5674,#5695,#5715,#5734,#5754,#5774,#5794,#5814,#5834,#5853,#5888,
#5909,#5929,#5948,#5968,#5988,#6007,#6027,#6046,#6152,#6178,#6199,#6221,#6327,
#6353,#6374,#6396,#6504,#6525,#6550,#6571,#6677,#6703,#6724,#6746,#7331,#7371,
#7424,#7446,#7470,#7489,#7508,#7533,#7554,#7575,#7607,#7642,#7663,#7688,#7708,
#7728,#7748,#7767,#7786,#7807,#7832,#7854,#7874,#7893,#7916,#7935,#7956,#7975,
#7994,#8014,#8037,#8058,#8081,#8101,#8120,#8139,#8361,#8395,#8417,#8445,#8465,
#8482,#8502,#8523,#8544,#8568,#8588,#8609,#8629,#8650,#8836,#8862,#8888,#8909,
#8930,#8955,#8976,#8995,#9015,#9038,#9058,#9077,#9565,#9599,#9637,#9692,#9711,
#9732,#9756,#9777,#9807,#9828,#9849,#9870,#9891,#9911,#9931,#9950,#9971,#9993,
#10013,#10034,#10052,#10071,#10091,#10110,#10131,#10152,#10173,#10194,#10214,
#10235),#10262);
#10265=APPLICATION_CONTEXT(
'CONFIGURATION CONTROLLED 3D DESIGNS OF MECHANICAL PARTS AND ASSEMBLIES');
#10266=APPLICATION_PROTOCOL_DEFINITION('international standard',
'config_control_design',1994,#10265);
#10267=DESIGN_CONTEXT('',#10265,'design');
#10268=MECHANICAL_CONTEXT('',#10265,'mechanical');
#10269=PRODUCT('PTS645SJX73JSMTR92_LFS','PTS645SJX73JSMTR92_LFS',
'NOT SPECIFIED',(#10268));
#10270=PRODUCT_DEFINITION_FORMATION_WITH_SPECIFIED_SOURCE('1','LAST_VERSION',
#10269,.MADE.);
#10274=PRODUCT_CATEGORY('part','');
#10275=PRODUCT_RELATED_PRODUCT_CATEGORY('detail','',(#10269));
#10276=PRODUCT_CATEGORY_RELATIONSHIP('','',#10274,#10275);
#10277=SECURITY_CLASSIFICATION_LEVEL('unclassified');
#10278=SECURITY_CLASSIFICATION('','',#10277);
#10279=CC_DESIGN_SECURITY_CLASSIFICATION(#10278,(#10270));
#10280=APPROVAL_STATUS('approved');
#10281=APPROVAL(#10280,'');
#10282=CC_DESIGN_APPROVAL(#10281,(#10278,#10270,#10271));
#10283=CALENDAR_DATE(120,17,3);
#10284=COORDINATED_UNIVERSAL_TIME_OFFSET(8,0,.AHEAD.);
#10285=LOCAL_TIME(14,48,2.3E1,#10284);
#10286=DATE_AND_TIME(#10283,#10285);
#10287=APPROVAL_DATE_TIME(#10286,#10281);
#10288=DATE_TIME_ROLE('creation_date');
#10289=CC_DESIGN_DATE_AND_TIME_ASSIGNMENT(#10286,#10288,(#10271));
#10290=DATE_TIME_ROLE('classification_date');
#10291=CC_DESIGN_DATE_AND_TIME_ASSIGNMENT(#10286,#10290,(#10278));
#10292=PERSON('UNSPECIFIED','UNSPECIFIED',$,$,$,$);
#10293=ORGANIZATION('UNSPECIFIED','UNSPECIFIED','UNSPECIFIED');
#10294=PERSON_AND_ORGANIZATION(#10292,#10293);
#10295=APPROVAL_ROLE('approver');
#10296=APPROVAL_PERSON_ORGANIZATION(#10294,#10281,#10295);
#10297=PERSON_AND_ORGANIZATION_ROLE('creator');
#10298=CC_DESIGN_PERSON_AND_ORGANIZATION_ASSIGNMENT(#10294,#10297,(#10270,
#10271));
#10299=PERSON_AND_ORGANIZATION_ROLE('design_supplier');
#10300=CC_DESIGN_PERSON_AND_ORGANIZATION_ASSIGNMENT(#10294,#10299,(#10270));
#10301=PERSON_AND_ORGANIZATION_ROLE('classification_officer');
#10302=CC_DESIGN_PERSON_AND_ORGANIZATION_ASSIGNMENT(#10294,#10301,(#10278));
#10303=PERSON_AND_ORGANIZATION_ROLE('design_owner');
#10304=CC_DESIGN_PERSON_AND_ORGANIZATION_ASSIGNMENT(#10294,#10303,(#10269));
#1=DRAUGHTING_PRE_DEFINED_COLOUR('black');
#2=COLOUR_RGB('',0.E0,3.E-2,7.E-1);
#3=COLOUR_RGB('',0.E0,4.48509E-1,9.66019E-1);
#4=DRAUGHTING_PRE_DEFINED_COLOUR('green');
#5=COLOUR_RGB('',1.176470588235E-2,1.176470588235E-2,1.E0);
#6=COLOUR_RGB('',2.5244E-2,1.50068E-1,3.82488E-1);
#7=COLOUR_RGB('',3.E-2,2.E-1,6.3E-1);
#8=COLOUR_RGB('',4.E-2,2.5E-1,1.7E-1);
#9=COLOUR_RGB('',1.E-1,6.3E-1,5.E-1);
#10=COLOUR_RGB('',2.E-1,2.E-1,2.E-1);
#11=COLOUR_RGB('',2.E-1,1.E0,1.E0);
#12=COLOUR_RGB('',2.1E-1,5.1E-1,4.2E-1);
#13=COLOUR_RGB('',2.3E-1,3.8E-1,5.6E-1);
#14=COLOUR_RGB('',2.8E-1,2.8E-1,2.8E-1);
#15=COLOUR_RGB('',3.2E-1,5.8E-1,8.1E-1);
#16=COLOUR_RGB('',3.9E-1,4.4E-1,4.9E-1);
#17=COLOUR_RGB('',4.117647058824E-1,2.627450980392E-1,1.137254901961E-1);
#18=COLOUR_RGB('',4.4E-1,5.E-1,6.E-1);
#19=COLOUR_RGB('',5.058823529412E-1,1.568627450980E-2,1.568627450980E-2);
#20=COLOUR_RGB('',5.1E-1,4.E-1,1.1E-1);
#21=COLOUR_RGB('',5.5E-1,5.5E-1,5.5E-1);
#22=COLOUR_RGB('',6.2E-1,6.06625E-1,5.33609E-1);
#23=COLOUR_RGB('',6.2E-1,7.E-1,7.7E-1);
#24=COLOUR_RGB('',6.4E-1,4.6E-1,3.E-1);
#25=COLOUR_RGB('',6.392156862745E-1,6.392156862745E-1,6.392156862745E-1);
#26=COLOUR_RGB('',6.8E-1,8.1E-1,1.E0);
#27=COLOUR_RGB('',6.952E-1,7.426E-1,7.9E-1);
#28=COLOUR_RGB('',7.4E-1,4.E-1,4.E-1);
#29=COLOUR_RGB('',7.5E-1,7.2E-1,0.E0);
#30=COLOUR_RGB('',8.2E-1,6.E-1,2.4E-1);
#31=COLOUR_RGB('',8.3E-1,0.E0,0.E0);
#32=COLOUR_RGB('',8.784E-1,9.49E-1,1.E0);
#33=COLOUR_RGB('',9.215686274510E-1,7.058823529412E-1,4.705882352941E-1);
#34=COLOUR_RGB('',9.6E-1,9.6E-1,9.6E-1);
#35=DRAUGHTING_PRE_DEFINED_COLOUR('red');
#36=COLOUR_RGB('',1.E0,0.E0,8.E-2);
#37=COLOUR_RGB('',1.E0,0.E0,7.8E-1);
#38=DRAUGHTING_PRE_DEFINED_COLOUR('magenta');
#39=COLOUR_RGB('',1.E0,3.E-2,3.E-2);
#40=COLOUR_RGB('',1.E0,3.6E-1,0.E0);
#41=COLOUR_RGB('',1.E0,7.2E-1,0.E0);
#42=DRAUGHTING_PRE_DEFINED_COLOUR('yellow');
#43=COLOUR_RGB('',1.E0,1.E0,5.294117647059E-1);
#44=DRAUGHTING_PRE_DEFINED_COLOUR('white');
#49=CIRCLE('',#48,1.751907097210E-3);
#58=CIRCLE('',#57,1.751907097210E-3);
#75=CIRCLE('',#74,3.017519070972E-1);
#80=CIRCLE('',#79,3.017519070972E-1);
#149=CIRCLE('',#148,1.3E-1);
#158=CIRCLE('',#157,1.3E-1);
#179=CIRCLE('',#178,3.E-1);
#192=CIRCLE('',#191,3.E-1);
#229=CIRCLE('',#228,1.3E-1);
#234=CIRCLE('',#233,1.3E-1);
#263=CIRCLE('',#262,1.3E-1);
#280=CIRCLE('',#279,1.3E-1);
#305=CIRCLE('',#304,1.3E-1);
#354=CIRCLE('',#353,1.3E-1);
#363=CIRCLE('',#362,1.3E-1);
#380=CIRCLE('',#379,3.E-1);
#397=CIRCLE('',#396,3.E-1);
#430=CIRCLE('',#429,1.3E-1);
#435=CIRCLE('',#434,1.3E-1);
#444=CIRCLE('',#443,1.3E-1);
#461=CIRCLE('',#460,1.3E-1);
#486=CIRCLE('',#485,1.3E-1);
#539=CIRCLE('',#538,1.3E-1);
#564=CIRCLE('',#563,3.E-1);
#569=CIRCLE('',#568,3.E-1);
#574=CIRCLE('',#573,3.E-1);
#579=CIRCLE('',#578,3.E-1);
#584=CIRCLE('',#583,3.E-1);
#609=CIRCLE('',#608,3.E-1);
#634=CIRCLE('',#633,3.E-1);
#659=CIRCLE('',#658,3.E-1);
#780=CIRCLE('',#779,3.E-1);
#805=CIRCLE('',#804,3.E-1);
#830=CIRCLE('',#829,3.E-1);
#855=CIRCLE('',#854,3.E-1);
#880=CIRCLE('',#879,1.9E0);
#885=CIRCLE('',#884,1.9E0);
#890=CIRCLE('',#889,7.5E-1);
#895=CIRCLE('',#894,7.5E-1);
#900=CIRCLE('',#899,7.5E-1);
#905=CIRCLE('',#904,7.5E-1);
#910=CIRCLE('',#909,7.5E-1);
#915=CIRCLE('',#914,7.5E-1);
#920=CIRCLE('',#919,7.5E-1);
#925=CIRCLE('',#924,7.5E-1);
#934=CIRCLE('',#933,1.9E0);
#939=CIRCLE('',#938,1.9E0);
#944=CIRCLE('',#943,1.75E0);
#949=CIRCLE('',#948,1.75E0);
#958=CIRCLE('',#957,1.75E0);
#963=CIRCLE('',#962,2.E-1);
#968=CIRCLE('',#967,1.55E0);
#973=CIRCLE('',#972,1.55E0);
#978=CIRCLE('',#977,2.E-1);
#983=CIRCLE('',#982,1.75E0);
#1004=CIRCLE('',#1003,3.E-1);
#1009=CIRCLE('',#1008,7.5E-1);
#1014=CIRCLE('',#1013,4.5E-1);
#1019=CIRCLE('',#1018,4.5E-1);
#1024=CIRCLE('',#1023,4.5E-1);
#1029=CIRCLE('',#1028,4.5E-1);
#1034=CIRCLE('',#1033,3.E-1);
#1039=CIRCLE('',#1038,7.5E-1);
#1052=CIRCLE('',#1051,3.E-1);
#1057=CIRCLE('',#1056,7.5E-1);
#1062=CIRCLE('',#1061,7.5E-1);
#1067=CIRCLE('',#1066,4.5E-1);
#1072=CIRCLE('',#1071,4.5E-1);
#1077=CIRCLE('',#1076,4.5E-1);
#1082=CIRCLE('',#1081,4.5E-1);
#1087=CIRCLE('',#1086,3.E-1);
#1092=CIRCLE('',#1091,7.5E-1);
#1097=CIRCLE('',#1096,7.5E-1);
#1110=CIRCLE('',#1109,3.E-1);
#1115=CIRCLE('',#1114,7.5E-1);
#1120=CIRCLE('',#1119,4.5E-1);
#1125=CIRCLE('',#1124,4.5E-1);
#1130=CIRCLE('',#1129,4.5E-1);
#1135=CIRCLE('',#1134,4.5E-1);
#1140=CIRCLE('',#1139,3.E-1);
#1145=CIRCLE('',#1144,7.5E-1);
#1158=CIRCLE('',#1157,3.E-1);
#1163=CIRCLE('',#1162,7.5E-1);
#1168=CIRCLE('',#1167,7.5E-1);
#1173=CIRCLE('',#1172,4.5E-1);
#1178=CIRCLE('',#1177,4.5E-1);
#1183=CIRCLE('',#1182,4.5E-1);
#1188=CIRCLE('',#1187,4.5E-1);
#1193=CIRCLE('',#1192,3.E-1);
#1198=CIRCLE('',#1197,7.5E-1);
#1203=CIRCLE('',#1202,7.5E-1);
#1220=CIRCLE('',#1219,5.E-1);
#1225=CIRCLE('',#1224,5.E-1);
#1230=CIRCLE('',#1229,5.E-1);
#1235=CIRCLE('',#1234,5.E-1);
#1240=CIRCLE('',#1239,5.E-1);
#1245=CIRCLE('',#1244,5.E-1);
#1270=CIRCLE('',#1269,5.E-1);
#1275=CIRCLE('',#1274,5.E-1);
#1288=CIRCLE('',#1287,5.E-1);
#1293=CIRCLE('',#1292,5.E-1);
#1306=CIRCLE('',#1305,5.E-1);
#1311=CIRCLE('',#1310,5.E-1);
#1320=CIRCLE('',#1319,1.746680255228E-3);
#1327=B_SPLINE_CURVE_WITH_KNOTS('',3,(#1321,#1322,#1323,#1324,#1325,#1326),
.UNSPECIFIED.,.F.,.F.,(4,1,1,4),(0.E0,3.333333333333E-1,6.666666666667E-1,1.E0),
.UNSPECIFIED.);
#1336=CIRCLE('',#1335,3.017466802552E-1);
#1345=CIRCLE('',#1344,3.017466802552E-1);
#1370=CIRCLE('',#1369,1.746680255228E-3);
#1381=B_SPLINE_CURVE_WITH_KNOTS('',3,(#1375,#1376,#1377,#1378,#1379,#1380),
.UNSPECIFIED.,.F.,.F.,(4,1,1,4),(0.E0,3.333333333333E-1,6.666666666667E-1,1.E0),
.UNSPECIFIED.);
#1390=CIRCLE('',#1389,3.017466802552E-1);
#1399=CIRCLE('',#1398,3.017466802552E-1);
#1464=CIRCLE('',#1463,1.755103130762E-3);
#1475=B_SPLINE_CURVE_WITH_KNOTS('',3,(#1469,#1470,#1471,#1472,#1473,#1474),
.UNSPECIFIED.,.F.,.F.,(4,1,1,4),(0.E0,3.333333333333E-1,6.666666666667E-1,1.E0),
.UNSPECIFIED.);
#1492=CIRCLE('',#1491,3.017551031308E-1);
#1497=CIRCLE('',#1496,3.017551031308E-1);
#1520=B_SPLINE_CURVE_WITH_KNOTS('',3,(#1514,#1515,#1516,#1517,#1518,#1519),
.UNSPECIFIED.,.F.,.F.,(4,1,1,4),(0.E0,3.333333333333E-1,6.666666666667E-1,1.E0),
.UNSPECIFIED.);
#1527=B_SPLINE_CURVE_WITH_KNOTS('',3,(#1521,#1522,#1523,#1524,#1525,#1526),
.UNSPECIFIED.,.F.,.F.,(4,1,1,4),(0.E0,3.333333333333E-1,6.666666666667E-1,1.E0),
.UNSPECIFIED.);
#1536=CIRCLE('',#1535,3.017551031308E-1);
#1545=CIRCLE('',#1544,3.017551031308E-1);
#1630=CIRCLE('',#1629,1.3E-1);
#1651=CIRCLE('',#1650,1.746680255228E-3);
#1660=CIRCLE('',#1659,1.746680255228E-3);
#1677=CIRCLE('',#1676,3.017466802552E-1);
#1682=CIRCLE('',#1681,3.017466802552E-1);
#1715=CIRCLE('',#1714,1.746680255228E-3);
#1722=B_SPLINE_CURVE_WITH_KNOTS('',3,(#1716,#1717,#1718,#1719,#1720,#1721),
.UNSPECIFIED.,.F.,.F.,(4,1,1,4),(0.E0,3.333333333333E-1,6.666666666667E-1,1.E0),
.UNSPECIFIED.);
#1731=CIRCLE('',#1730,3.017466802552E-1);
#1740=CIRCLE('',#1739,3.017466802552E-1);
#1797=CIRCLE('',#1796,3.017519070972E-1);
#1814=CIRCLE('',#1813,1.751907097210E-3);
#1821=B_SPLINE_CURVE_WITH_KNOTS('',3,(#1815,#1816,#1817,#1818,#1819,#1820),
.UNSPECIFIED.,.F.,.F.,(4,1,1,4),(0.E0,3.333333333333E-1,6.666666666667E-1,1.E0),
.UNSPECIFIED.);
#1830=CIRCLE('',#1829,3.017519070972E-1);
#2439=EDGE_CURVE('',#2289,#2291,#62,.T.);
#2441=EDGE_CURVE('',#2268,#2289,#1874,.T.);
#2443=EDGE_CURVE('',#2266,#2268,#1809,.T.);
#2445=EDGE_CURVE('',#2291,#2266,#1850,.T.);
#2462=EDGE_CURVE('',#2284,#2285,#49,.T.);
#2464=EDGE_CURVE('',#2285,#2287,#53,.T.);
#2466=EDGE_CURVE('',#2287,#2289,#58,.T.);
#2469=EDGE_CURVE('',#2291,#2293,#66,.T.);
#2471=EDGE_CURVE('',#2293,#2280,#70,.T.);
#2473=EDGE_CURVE('',#2280,#2281,#75,.T.);
#2475=EDGE_CURVE('',#2295,#2281,#1854,.T.);
#2477=EDGE_CURVE('',#2295,#2297,#80,.T.);
#2479=EDGE_CURVE('',#2038,#2297,#1866,.T.);
#2481=EDGE_CURVE('',#2038,#2036,#84,.T.);
#2483=EDGE_CURVE('',#2036,#2284,#88,.T.);
#2501=EDGE_CURVE('',#2284,#2273,#92,.T.);
#2503=EDGE_CURVE('',#2272,#2273,#1821,.T.);
#2505=EDGE_CURVE('',#2272,#2285,#96,.T.);
#2522=EDGE_CURVE('',#2036,#2034,#100,.T.);
#2524=EDGE_CURVE('',#2034,#2273,#104,.T.);
#2543=EDGE_CURVE('',#1896,#2016,#140,.T.);
#2545=EDGE_CURVE('',#1896,#1894,#108,.T.);
#2547=EDGE_CURVE('',#1976,#1894,#555,.T.);
#2549=EDGE_CURVE('',#1974,#1976,#392,.T.);
#2551=EDGE_CURVE('',#1974,#2018,#112,.T.);
#2553=EDGE_CURVE('',#2018,#2020,#116,.T.);
#2555=EDGE_CURVE('',#2022,#2020,#1253,.T.);
#2557=EDGE_CURVE('',#2016,#2022,#183,.T.);
#2561=EDGE_CURVE('',#2025,#2026,#1686,.T.);
#2563=EDGE_CURVE('',#2025,#2028,#120,.T.);
#2565=EDGE_CURVE('',#2028,#2030,#124,.T.);
#2567=EDGE_CURVE('',#2026,#2030,#1702,.T.);
#2571=EDGE_CURVE('',#2033,#2034,#128,.T.);
#2575=EDGE_CURVE('',#2038,#2033,#132,.T.);
#2592=EDGE_CURVE('',#2040,#2016,#179,.T.);
#2594=EDGE_CURVE('',#2040,#1898,#136,.T.);
#2596=EDGE_CURVE('',#1896,#1898,#574,.T.);
#2614=EDGE_CURVE('',#2043,#2044,#144,.T.);
#2616=EDGE_CURVE('',#2044,#2046,#149,.T.);
#2618=EDGE_CURVE('',#2046,#2048,#153,.T.);
#2620=EDGE_CURVE('',#2048,#2050,#158,.T.);
#2622=EDGE_CURVE('',#2052,#2050,#254,.T.);
#2624=EDGE_CURVE('',#2052,#2054,#162,.T.);
#2626=EDGE_CURVE('',#2054,#2056,#166,.T.);
#2628=EDGE_CURVE('',#2056,#2058,#170,.T.);
#2630=EDGE_CURVE('',#2060,#2058,#1617,.T.);
#2632=EDGE_CURVE('',#2060,#2040,#174,.T.);
#2636=EDGE_CURVE('',#2062,#2022,#1249,.T.);
#2638=EDGE_CURVE('',#2062,#2064,#187,.T.);
#2640=EDGE_CURVE('',#2064,#2066,#192,.T.);
#2642=EDGE_CURVE('',#2066,#2068,#196,.T.);
#2644=EDGE_CURVE('',#2068,#2070,#200,.T.);
#2646=EDGE_CURVE('',#2070,#2072,#204,.T.);
#2648=EDGE_CURVE('',#2074,#2072,#288,.T.);
#2650=EDGE_CURVE('',#2074,#2043,#208,.T.);
#2667=EDGE_CURVE('',#2044,#2076,#224,.T.);
#2670=EDGE_CURVE('',#2043,#2078,#212,.T.);
#2672=EDGE_CURVE('',#2078,#2076,#216,.T.);
#2689=EDGE_CURVE('',#2080,#2076,#234,.T.);
#2691=EDGE_CURVE('',#2080,#2046,#220,.T.);
#2710=EDGE_CURVE('',#2083,#2084,#229,.T.);
#2712=EDGE_CURVE('',#2080,#2084,#1646,.T.);
#2716=EDGE_CURVE('',#2078,#2086,#238,.T.);
#2718=EDGE_CURVE('',#2083,#2086,#250,.T.);
#2736=EDGE_CURVE('',#2083,#2050,#242,.T.);
#2739=EDGE_CURVE('',#2048,#2084,#246,.T.);
#2758=EDGE_CURVE('',#2052,#2086,#284,.T.);
#2776=EDGE_CURVE('',#2074,#2088,#258,.T.);
#2778=EDGE_CURVE('',#2088,#2090,#263,.T.);
#2780=EDGE_CURVE('',#2090,#2068,#267,.T.);
#2783=EDGE_CURVE('',#1900,#2066,#317,.T.);
#2785=EDGE_CURVE('',#1900,#1898,#271,.T.);
#2789=EDGE_CURVE('',#2060,#2092,#275,.T.);
#2791=EDGE_CURVE('',#2092,#2094,#280,.T.);
#2793=EDGE_CURVE('',#2054,#2094,#1642,.T.);
#2815=EDGE_CURVE('',#2088,#2096,#300,.T.);
#2819=EDGE_CURVE('',#2072,#2096,#292,.T.);
#2836=EDGE_CURVE('',#2098,#2096,#305,.T.);
#2838=EDGE_CURVE('',#2098,#2090,#296,.T.);
#2860=EDGE_CURVE('',#2070,#2098,#309,.T.);
#2897=EDGE_CURVE('',#2064,#1902,#313,.T.);
#2899=EDGE_CURVE('',#1900,#1902,#579,.T.);
#2917=EDGE_CURVE('',#1889,#1950,#345,.T.);
#2919=EDGE_CURVE('',#1889,#1902,#321,.T.);
#2923=EDGE_CURVE('',#2062,#2100,#325,.T.);
#2925=EDGE_CURVE('',#2102,#2100,#1215,.T.);
#2927=EDGE_CURVE('',#1972,#2102,#1207,.T.);
#2929=EDGE_CURVE('',#1950,#1972,#384,.T.);
#2933=EDGE_CURVE('',#2105,#2106,#329,.T.);
#2935=EDGE_CURVE('',#2108,#2106,#1407,.T.);
#2937=EDGE_CURVE('',#2110,#2108,#1459,.T.);
#2939=EDGE_CURVE('',#2110,#2105,#333,.T.);
#2943=EDGE_CURVE('',#2113,#2114,#1501,.T.);
#2945=EDGE_CURVE('',#2116,#2113,#1597,.T.);
#2947=EDGE_CURVE('',#2116,#2118,#337,.T.);
#2949=EDGE_CURVE('',#2114,#2118,#1609,.T.);
#2966=EDGE_CURVE('',#1949,#1950,#380,.T.);
#2968=EDGE_CURVE('',#1949,#1890,#341,.T.);
#2970=EDGE_CURVE('',#1889,#1890,#564,.T.);
#2988=EDGE_CURVE('',#1953,#1954,#349,.T.);
#2990=EDGE_CURVE('',#1954,#1956,#354,.T.);
#2992=EDGE_CURVE('',#1956,#1958,#358,.T.);
#2994=EDGE_CURVE('',#1958,#1960,#363,.T.);
#2996=EDGE_CURVE('',#1962,#1960,#510,.T.);
#2998=EDGE_CURVE('',#1962,#1964,#367,.T.);
#3000=EDGE_CURVE('',#1964,#1966,#371,.T.);
#3002=EDGE_CURVE('',#1968,#1966,#494,.T.);
#3004=EDGE_CURVE('',#1970,#1968,#473,.T.);
#3006=EDGE_CURVE('',#1970,#1949,#375,.T.);
#3010=EDGE_CURVE('',#1972,#1974,#388,.T.);
#3013=EDGE_CURVE('',#1976,#1978,#397,.T.);
#3015=EDGE_CURVE('',#1978,#1980,#401,.T.);
#3017=EDGE_CURVE('',#1980,#1982,#405,.T.);
#3019=EDGE_CURVE('',#1984,#1982,#547,.T.);
#3021=EDGE_CURVE('',#1986,#1984,#526,.T.);
#3023=EDGE_CURVE('',#1986,#1953,#409,.T.);
#3040=EDGE_CURVE('',#1954,#1988,#425,.T.);
#3043=EDGE_CURVE('',#1953,#1990,#413,.T.);
#3045=EDGE_CURVE('',#1990,#1988,#417,.T.);
#3062=EDGE_CURVE('',#1992,#1988,#430,.T.);
#3064=EDGE_CURVE('',#1992,#1956,#421,.T.);
#3085=EDGE_CURVE('',#1994,#1990,#452,.T.);
#3087=EDGE_CURVE('',#1996,#1994,#506,.T.);
#3089=EDGE_CURVE('',#1996,#1998,#435,.T.);
#3091=EDGE_CURVE('',#1992,#1998,#522,.T.);
#3108=EDGE_CURVE('',#1970,#2000,#439,.T.);
#3110=EDGE_CURVE('',#2000,#2002,#444,.T.);
#3112=EDGE_CURVE('',#1964,#2002,#502,.T.);
#3115=EDGE_CURVE('',#1962,#1994,#448,.T.);
#3120=EDGE_CURVE('',#1986,#2004,#456,.T.);
#3122=EDGE_CURVE('',#2004,#2006,#461,.T.);
#3124=EDGE_CURVE('',#2006,#1980,#465,.T.);
#3127=EDGE_CURVE('',#1892,#1978,#559,.T.);
#3129=EDGE_CURVE('',#1892,#1890,#469,.T.);
#3148=EDGE_CURVE('',#2000,#2008,#477,.T.);
#3152=EDGE_CURVE('',#2008,#1968,#490,.T.);
#3170=EDGE_CURVE('',#2010,#2008,#486,.T.);
#3172=EDGE_CURVE('',#2010,#2002,#481,.T.);
#3193=EDGE_CURVE('',#1966,#2010,#498,.T.);
#3229=EDGE_CURVE('',#1996,#1960,#514,.T.);
#3252=EDGE_CURVE('',#1958,#1998,#518,.T.);
#3288=EDGE_CURVE('',#2004,#2012,#530,.T.);
#3292=EDGE_CURVE('',#2012,#1984,#543,.T.);
#3310=EDGE_CURVE('',#2014,#2012,#539,.T.);
#3312=EDGE_CURVE('',#2014,#2006,#534,.T.);
#3333=EDGE_CURVE('',#1982,#2014,#551,.T.);
#3371=EDGE_CURVE('',#1892,#1894,#569,.T.);
#3399=EDGE_CURVE('',#1905,#1906,#584,.T.);
#3401=EDGE_CURVE('',#1906,#1908,#588,.T.);
#3403=EDGE_CURVE('',#1908,#1910,#592,.T.);
#3405=EDGE_CURVE('',#1910,#1912,#596,.T.);
#3407=EDGE_CURVE('',#1912,#1881,#600,.T.);
#3409=EDGE_CURVE('',#1881,#1882,#604,.T.);
#3411=EDGE_CURVE('',#1882,#1914,#609,.T.);
#3413=EDGE_CURVE('',#1914,#1916,#613,.T.);
#3415=EDGE_CURVE('',#1916,#1918,#617,.T.);
#3417=EDGE_CURVE('',#1918,#1920,#621,.T.);
#3419=EDGE_CURVE('',#1920,#1922,#625,.T.);
#3421=EDGE_CURVE('',#1922,#1924,#629,.T.);
#3423=EDGE_CURVE('',#1924,#1926,#634,.T.);
#3425=EDGE_CURVE('',#1926,#1928,#638,.T.);
#3427=EDGE_CURVE('',#1928,#1930,#642,.T.);
#3429=EDGE_CURVE('',#1930,#1932,#646,.T.);
#3431=EDGE_CURVE('',#1932,#1934,#650,.T.);
#3433=EDGE_CURVE('',#1934,#1936,#654,.T.);
#3435=EDGE_CURVE('',#1936,#1938,#659,.T.);
#3437=EDGE_CURVE('',#1938,#1940,#663,.T.);
#3439=EDGE_CURVE('',#1940,#1942,#667,.T.);
#3441=EDGE_CURVE('',#1942,#1944,#671,.T.);
#3443=EDGE_CURVE('',#1944,#1946,#675,.T.);
#3445=EDGE_CURVE('',#1946,#1905,#679,.T.);
#3463=EDGE_CURVE('',#1905,#2299,#683,.T.);
#3465=EDGE_CURVE('',#2301,#2299,#780,.T.);
#3467=EDGE_CURVE('',#2301,#1906,#687,.T.);
#3485=EDGE_CURVE('',#2303,#1946,#691,.T.);
#3487=EDGE_CURVE('',#2299,#2303,#784,.T.);
#3506=EDGE_CURVE('',#2305,#1944,#695,.T.);
#3508=EDGE_CURVE('',#2303,#2305,#788,.T.);
#3527=EDGE_CURVE('',#2307,#1942,#699,.T.);
#3529=EDGE_CURVE('',#2305,#2307,#792,.T.);
#3548=EDGE_CURVE('',#2309,#1940,#703,.T.);
#3550=EDGE_CURVE('',#2307,#2309,#796,.T.);
#3569=EDGE_CURVE('',#2311,#1938,#711,.T.);
#3571=EDGE_CURVE('',#2309,#2311,#800,.T.);
#3590=EDGE_CURVE('',#1936,#2313,#707,.T.);
#3592=EDGE_CURVE('',#2311,#2313,#805,.T.);
#3611=EDGE_CURVE('',#2315,#1934,#715,.T.);
#3613=EDGE_CURVE('',#2313,#2315,#809,.T.);
#3632=EDGE_CURVE('',#2317,#1932,#719,.T.);
#3634=EDGE_CURVE('',#2315,#2317,#813,.T.);
#3653=EDGE_CURVE('',#2319,#1930,#723,.T.);
#3655=EDGE_CURVE('',#2317,#2319,#817,.T.);
#3674=EDGE_CURVE('',#2321,#1928,#727,.T.);
#3676=EDGE_CURVE('',#2319,#2321,#821,.T.);
#3695=EDGE_CURVE('',#2323,#1926,#735,.T.);
#3697=EDGE_CURVE('',#2321,#2323,#825,.T.);
#3716=EDGE_CURVE('',#1924,#2325,#731,.T.);
#3718=EDGE_CURVE('',#2323,#2325,#830,.T.);
#3737=EDGE_CURVE('',#2327,#1922,#739,.T.);
#3739=EDGE_CURVE('',#2325,#2327,#834,.T.);
#3758=EDGE_CURVE('',#2329,#1920,#743,.T.);
#3760=EDGE_CURVE('',#2327,#2329,#838,.T.);
#3779=EDGE_CURVE('',#2331,#1918,#747,.T.);
#3781=EDGE_CURVE('',#2329,#2331,#842,.T.);
#3800=EDGE_CURVE('',#2333,#1916,#751,.T.);
#3802=EDGE_CURVE('',#2331,#2333,#846,.T.);
#3821=EDGE_CURVE('',#2335,#1914,#759,.T.);
#3823=EDGE_CURVE('',#2333,#2335,#850,.T.);
#3842=EDGE_CURVE('',#1882,#1886,#755,.T.);
#3844=EDGE_CURVE('',#2335,#1886,#855,.T.);
#3863=EDGE_CURVE('',#1884,#1881,#763,.T.);
#3865=EDGE_CURVE('',#1886,#1884,#859,.T.);
#3884=EDGE_CURVE('',#2337,#1912,#767,.T.);
#3886=EDGE_CURVE('',#1884,#2337,#863,.T.);
#3905=EDGE_CURVE('',#2339,#1910,#771,.T.);
#3907=EDGE_CURVE('',#2337,#2339,#867,.T.);
#3926=EDGE_CURVE('',#2341,#1908,#775,.T.);
#3928=EDGE_CURVE('',#2339,#2341,#871,.T.);
#3948=EDGE_CURVE('',#2341,#2301,#875,.T.);
#3992=EDGE_CURVE('',#2344,#2345,#880,.T.);
#3994=EDGE_CURVE('',#2345,#2344,#885,.T.);
#3998=EDGE_CURVE('',#2348,#2349,#890,.T.);
#4000=EDGE_CURVE('',#2349,#2348,#895,.T.);
#4004=EDGE_CURVE('',#2352,#2353,#900,.T.);
#4006=EDGE_CURVE('',#2353,#2352,#905,.T.);
#4010=EDGE_CURVE('',#2356,#2357,#910,.T.);
#4012=EDGE_CURVE('',#2357,#2356,#915,.T.);
#4016=EDGE_CURVE('',#2360,#2361,#920,.T.);
#4018=EDGE_CURVE('',#2361,#2360,#925,.T.);
#4035=EDGE_CURVE('',#2364,#2365,#934,.T.);
#4037=EDGE_CURVE('',#2345,#2364,#953,.T.);
#4040=EDGE_CURVE('',#2344,#2365,#929,.T.);
#4058=EDGE_CURVE('',#2365,#2364,#939,.T.);
#4062=EDGE_CURVE('',#2368,#2369,#944,.T.);
#4064=EDGE_CURVE('',#2369,#2368,#949,.T.);
#4100=EDGE_CURVE('',#2432,#2433,#958,.T.);
#4102=EDGE_CURVE('',#2369,#2433,#991,.T.);
#4105=EDGE_CURVE('',#2432,#2368,#987,.T.);
#4122=EDGE_CURVE('',#2428,#2429,#968,.T.);
#4124=EDGE_CURVE('',#2429,#2433,#978,.T.);
#4127=EDGE_CURVE('',#2428,#2432,#963,.T.);
#4138=EDGE_CURVE('',#2429,#2428,#973,.T.);
#4150=EDGE_CURVE('',#2433,#2432,#983,.T.);
#4181=EDGE_CURVE('',#2348,#2371,#995,.T.);
#4183=EDGE_CURVE('',#2373,#2371,#1039,.T.);
#4185=EDGE_CURVE('',#2349,#2373,#999,.T.);
#4204=EDGE_CURVE('',#2371,#2373,#1009,.T.);
#4222=EDGE_CURVE('',#2376,#2377,#1029,.T.);
#4224=EDGE_CURVE('',#2379,#2376,#1024,.T.);
#4226=EDGE_CURVE('',#2379,#2371,#1004,.T.);
#4229=EDGE_CURVE('',#2377,#2373,#1034,.T.);
#4246=EDGE_CURVE('',#2377,#2381,#1014,.T.);
#4248=EDGE_CURVE('',#2381,#2379,#1019,.T.);
#4288=EDGE_CURVE('',#2352,#2383,#1043,.T.);
#4290=EDGE_CURVE('',#2385,#2383,#1097,.T.);
#4292=EDGE_CURVE('',#2387,#2385,#1092,.T.);
#4294=EDGE_CURVE('',#2353,#2387,#1047,.T.);
#4313=EDGE_CURVE('',#2389,#2387,#1062,.T.);
#4315=EDGE_CURVE('',#2383,#2389,#1057,.T.);
#4333=EDGE_CURVE('',#2392,#2393,#1082,.T.);
#4335=EDGE_CURVE('',#2395,#2392,#1077,.T.);
#4337=EDGE_CURVE('',#2395,#2383,#1052,.T.);
#4341=EDGE_CURVE('',#2393,#2387,#1087,.T.);
#4358=EDGE_CURVE('',#2393,#2397,#1067,.T.);
#4360=EDGE_CURVE('',#2397,#2395,#1072,.T.);
#4401=EDGE_CURVE('',#2356,#2399,#1101,.T.);
#4403=EDGE_CURVE('',#2401,#2399,#1145,.T.);
#4405=EDGE_CURVE('',#2357,#2401,#1105,.T.);
#4424=EDGE_CURVE('',#2399,#2401,#1115,.T.);
#4442=EDGE_CURVE('',#2404,#2405,#1135,.T.);
#4444=EDGE_CURVE('',#2407,#2404,#1130,.T.);
#4446=EDGE_CURVE('',#2407,#2399,#1110,.T.);
#4449=EDGE_CURVE('',#2405,#2401,#1140,.T.);
#4466=EDGE_CURVE('',#2405,#2409,#1120,.T.);
#4468=EDGE_CURVE('',#2409,#2407,#1125,.T.);
#4508=EDGE_CURVE('',#2360,#2411,#1149,.T.);
#4510=EDGE_CURVE('',#2413,#2411,#1203,.T.);
#4512=EDGE_CURVE('',#2415,#2413,#1198,.T.);
#4514=EDGE_CURVE('',#2361,#2415,#1153,.T.);
#4533=EDGE_CURVE('',#2417,#2415,#1168,.T.);
#4535=EDGE_CURVE('',#2411,#2417,#1163,.T.);
#4553=EDGE_CURVE('',#2420,#2421,#1188,.T.);
#4555=EDGE_CURVE('',#2423,#2420,#1183,.T.);
#4557=EDGE_CURVE('',#2423,#2411,#1158,.T.);
#4561=EDGE_CURVE('',#2421,#2415,#1193,.T.);
#4578=EDGE_CURVE('',#2421,#2425,#1173,.T.);
#4580=EDGE_CURVE('',#2425,#2423,#1178,.T.);
#4622=EDGE_CURVE('',#2102,#2018,#1211,.T.);
#4641=EDGE_CURVE('',#2020,#2100,#1257,.T.);
#4647=EDGE_CURVE('',#2121,#2122,#1220,.T.);
#4649=EDGE_CURVE('',#2122,#2121,#1225,.T.);
#4653=EDGE_CURVE('',#2125,#2126,#1230,.T.);
#4655=EDGE_CURVE('',#2126,#2125,#1235,.T.);
#4659=EDGE_CURVE('',#2129,#2130,#1240,.T.);
#4661=EDGE_CURVE('',#2130,#2129,#1245,.T.);
#4698=EDGE_CURVE('',#2121,#2132,#1261,.T.);
#4700=EDGE_CURVE('',#2134,#2132,#1270,.T.);
#4702=EDGE_CURVE('',#2122,#2134,#1265,.T.);
#4721=EDGE_CURVE('',#2132,#2134,#1275,.T.);
#4757=EDGE_CURVE('',#2125,#2136,#1279,.T.);
#4759=EDGE_CURVE('',#2138,#2136,#1288,.T.);
#4761=EDGE_CURVE('',#2126,#2138,#1283,.T.);
#4780=EDGE_CURVE('',#2136,#2138,#1293,.T.);
#4816=EDGE_CURVE('',#2129,#2140,#1297,.T.);
#4818=EDGE_CURVE('',#2142,#2140,#1306,.T.);
#4820=EDGE_CURVE('',#2130,#2142,#1301,.T.);
#4839=EDGE_CURVE('',#2140,#2142,#1311,.T.);
#4875=EDGE_CURVE('',#2105,#2144,#1315,.T.);
#4877=EDGE_CURVE('',#2146,#2144,#1415,.T.);
#4879=EDGE_CURVE('',#2106,#2146,#1411,.T.);
#4896=EDGE_CURVE('',#2149,#2150,#1320,.T.);
#4898=EDGE_CURVE('',#2152,#2150,#1423,.T.);
#4900=EDGE_CURVE('',#2152,#2144,#1327,.T.);
#4904=EDGE_CURVE('',#2110,#2154,#1331,.T.);
#4906=EDGE_CURVE('',#2154,#2156,#1336,.T.);
#4908=EDGE_CURVE('',#2156,#2158,#1340,.T.);
#4910=EDGE_CURVE('',#2158,#2160,#1345,.T.);
#4912=EDGE_CURVE('',#2160,#2162,#1349,.T.);
#4914=EDGE_CURVE('',#2162,#2164,#1353,.T.);
#4916=EDGE_CURVE('',#2164,#2149,#1357,.T.);
#4933=EDGE_CURVE('',#2165,#2166,#1381,.T.);
#4935=EDGE_CURVE('',#2165,#2150,#1361,.T.);
#4938=EDGE_CURVE('',#2149,#2166,#1365,.T.);
#4955=EDGE_CURVE('',#2146,#2168,#1370,.T.);
#4957=EDGE_CURVE('',#2168,#2165,#1374,.T.);
#4960=EDGE_CURVE('',#2166,#2170,#1385,.T.);
#4962=EDGE_CURVE('',#2172,#2170,#1427,.T.);
#4964=EDGE_CURVE('',#2174,#2172,#1435,.T.);
#4966=EDGE_CURVE('',#2174,#2176,#1390,.T.);
#4968=EDGE_CURVE('',#2176,#2178,#1394,.T.);
#4970=EDGE_CURVE('',#2178,#2180,#1399,.T.);
#4972=EDGE_CURVE('',#2180,#2108,#1403,.T.);
#4994=EDGE_CURVE('',#2152,#2168,#1419,.T.);
#5033=EDGE_CURVE('',#2170,#2164,#1431,.T.);
#5050=EDGE_CURVE('',#2172,#2162,#1439,.T.);
#5073=EDGE_CURVE('',#2174,#2160,#1443,.T.);
#5093=EDGE_CURVE('',#2158,#2176,#1447,.T.);
#5113=EDGE_CURVE('',#2178,#2156,#1451,.T.);
#5133=EDGE_CURVE('',#2154,#2180,#1455,.T.);
#5169=EDGE_CURVE('',#2183,#2184,#1464,.T.);
#5171=EDGE_CURVE('',#2184,#2186,#1468,.T.);
#5173=EDGE_CURVE('',#2186,#2187,#1475,.T.);
#5175=EDGE_CURVE('',#2187,#2189,#1479,.T.);
#5177=EDGE_CURVE('',#2189,#2191,#1483,.T.);
#5179=EDGE_CURVE('',#2191,#2193,#1487,.T.);
#5181=EDGE_CURVE('',#2193,#2195,#1492,.T.);
#5183=EDGE_CURVE('',#2197,#2195,#1585,.T.);
#5185=EDGE_CURVE('',#2197,#2199,#1497,.T.);
#5187=EDGE_CURVE('',#2113,#2199,#1601,.T.);
#5190=EDGE_CURVE('',#2114,#2183,#1505,.T.);
#5207=EDGE_CURVE('',#2200,#2201,#1527,.T.);
#5209=EDGE_CURVE('',#2200,#2184,#1509,.T.);
#5212=EDGE_CURVE('',#2183,#2201,#1513,.T.);
#5229=EDGE_CURVE('',#2202,#2203,#1520,.T.);
#5231=EDGE_CURVE('',#2200,#2203,#1605,.T.);
#5234=EDGE_CURVE('',#2118,#2201,#1613,.T.);
#5237=EDGE_CURVE('',#2116,#2205,#1531,.T.);
#5239=EDGE_CURVE('',#2205,#2207,#1536,.T.);
#5241=EDGE_CURVE('',#2207,#2209,#1540,.T.);
#5243=EDGE_CURVE('',#2209,#2211,#1545,.T.);
#5245=EDGE_CURVE('',#2211,#2213,#1549,.T.);
#5247=EDGE_CURVE('',#2213,#2215,#1553,.T.);
#5249=EDGE_CURVE('',#2215,#2202,#1557,.T.);
#5267=EDGE_CURVE('',#2202,#2187,#1561,.T.);
#5270=EDGE_CURVE('',#2186,#2203,#1565,.T.);
#5288=EDGE_CURVE('',#2215,#2189,#1569,.T.);
#5307=EDGE_CURVE('',#2213,#2191,#1573,.T.);
#5328=EDGE_CURVE('',#2193,#2211,#1581,.T.);
#5348=EDGE_CURVE('',#2209,#2195,#1577,.T.);
#5368=EDGE_CURVE('',#2197,#2207,#1593,.T.);
#5388=EDGE_CURVE('',#2205,#2199,#1589,.T.);
#5464=EDGE_CURVE('',#2092,#2217,#1625,.T.);
#5468=EDGE_CURVE('',#2217,#2058,#1634,.T.);
#5485=EDGE_CURVE('',#2219,#2217,#1630,.T.);
#5487=EDGE_CURVE('',#2219,#2094,#1621,.T.);
#5509=EDGE_CURVE('',#2219,#2056,#1638,.T.);
#5564=EDGE_CURVE('',#2222,#2223,#1651,.T.);
#5566=EDGE_CURVE('',#2223,#2225,#1655,.T.);
#5568=EDGE_CURVE('',#2225,#2227,#1660,.T.);
#5570=EDGE_CURVE('',#2227,#2229,#1664,.T.);
#5572=EDGE_CURVE('',#2229,#2231,#1668,.T.);
#5574=EDGE_CURVE('',#2231,#2233,#1672,.T.);
#5576=EDGE_CURVE('',#2233,#2235,#1677,.T.);
#5578=EDGE_CURVE('',#2237,#2235,#1780,.T.);
#5580=EDGE_CURVE('',#2237,#2239,#1682,.T.);
#5582=EDGE_CURVE('',#2025,#2239,#1792,.T.);
#5585=EDGE_CURVE('',#2026,#2222,#1690,.T.);
#5603=EDGE_CURVE('',#2222,#2241,#1694,.T.);
#5605=EDGE_CURVE('',#2242,#2241,#1722,.T.);
#5607=EDGE_CURVE('',#2242,#2223,#1698,.T.);
#5625=EDGE_CURVE('',#2030,#2241,#1706,.T.);
#5644=EDGE_CURVE('',#2245,#2246,#1710,.T.);
#5646=EDGE_CURVE('',#2246,#2248,#1715,.T.);
#5648=EDGE_CURVE('',#2242,#2248,#1760,.T.);
#5653=EDGE_CURVE('',#2028,#2250,#1726,.T.);
#5655=EDGE_CURVE('',#2250,#2252,#1731,.T.);
#5657=EDGE_CURVE('',#2252,#2254,#1735,.T.);
#5659=EDGE_CURVE('',#2254,#2256,#1740,.T.);
#5661=EDGE_CURVE('',#2256,#2258,#1744,.T.);
#5663=EDGE_CURVE('',#2258,#2245,#1748,.T.);
#5681=EDGE_CURVE('',#2246,#2227,#1756,.T.);
#5684=EDGE_CURVE('',#2229,#2245,#1764,.T.);
#5702=EDGE_CURVE('',#2225,#2248,#1752,.T.);
#5740=EDGE_CURVE('',#2231,#2258,#1768,.T.);
#5763=EDGE_CURVE('',#2233,#2256,#1772,.T.);
#5783=EDGE_CURVE('',#2254,#2235,#1776,.T.);
#5803=EDGE_CURVE('',#2237,#2252,#1784,.T.);
#5823=EDGE_CURVE('',#2250,#2239,#1788,.T.);
#5859=EDGE_CURVE('',#2261,#2262,#1797,.T.);
#5861=EDGE_CURVE('',#2262,#2264,#1801,.T.);
#5863=EDGE_CURVE('',#2264,#2266,#1805,.T.);
#5866=EDGE_CURVE('',#2268,#2270,#1814,.T.);
#5868=EDGE_CURVE('',#2272,#2270,#1878,.T.);
#5873=EDGE_CURVE('',#2033,#2275,#1825,.T.);
#5875=EDGE_CURVE('',#2275,#2277,#1830,.T.);
#5877=EDGE_CURVE('',#2277,#2261,#1834,.T.);
#5895=EDGE_CURVE('',#2280,#2262,#1838,.T.);
#5898=EDGE_CURVE('',#2261,#2281,#1842,.T.);
#5916=EDGE_CURVE('',#2293,#2264,#1846,.T.);
#5957=EDGE_CURVE('',#2295,#2277,#1858,.T.);
#5977=EDGE_CURVE('',#2275,#2297,#1862,.T.);
#6014=EDGE_CURVE('',#2287,#2270,#1870,.T.);
#6052=CIRCLE('',#6051,4.4E-1);
#6057=CIRCLE('',#6056,4.4E-1);
#6062=CIRCLE('',#6061,4.4E-1);
#6067=CIRCLE('',#6066,4.25E-1);
#6072=CIRCLE('',#6071,4.25E-1);
#6077=CIRCLE('',#6076,4.25E-1);
#6086=CIRCLE('',#6085,4.4E-1);
#6091=CIRCLE('',#6090,4.4E-1);
#6096=CIRCLE('',#6095,4.25E-1);
#6101=CIRCLE('',#6100,4.25E-1);
#6131=EDGE_CURVE('',#6118,#6119,#6052,.T.);
#6133=EDGE_CURVE('',#6119,#6121,#6057,.T.);
#6135=EDGE_CURVE('',#6121,#6115,#6062,.T.);
#6137=EDGE_CURVE('',#6115,#6123,#6067,.T.);
#6139=EDGE_CURVE('',#6123,#6125,#6072,.T.);
#6141=EDGE_CURVE('',#6125,#6118,#6077,.T.);
#6158=EDGE_CURVE('',#6108,#6109,#6091,.T.);
#6160=EDGE_CURVE('',#6111,#6108,#6086,.T.);
#6162=EDGE_CURVE('',#6115,#6111,#6105,.T.);
#6167=EDGE_CURVE('',#6118,#6109,#6081,.T.);
#6186=EDGE_CURVE('',#6109,#6113,#6096,.T.);
#6188=EDGE_CURVE('',#6113,#6111,#6101,.T.);
#6227=CIRCLE('',#6226,4.4E-1);
#6232=CIRCLE('',#6231,4.4E-1);
#6237=CIRCLE('',#6236,4.4E-1);
#6242=CIRCLE('',#6241,4.25E-1);
#6247=CIRCLE('',#6246,4.25E-1);
#6252=CIRCLE('',#6251,4.25E-1);
#6261=CIRCLE('',#6260,4.4E-1);
#6266=CIRCLE('',#6265,4.4E-1);
#6271=CIRCLE('',#6270,4.25E-1);
#6276=CIRCLE('',#6275,4.25E-1);
#6306=EDGE_CURVE('',#6293,#6294,#6227,.T.);
#6308=EDGE_CURVE('',#6294,#6296,#6232,.T.);
#6310=EDGE_CURVE('',#6296,#6290,#6237,.T.);
#6312=EDGE_CURVE('',#6290,#6298,#6242,.T.);
#6314=EDGE_CURVE('',#6298,#6300,#6247,.T.);
#6316=EDGE_CURVE('',#6300,#6293,#6252,.T.);
#6333=EDGE_CURVE('',#6283,#6284,#6266,.T.);
#6335=EDGE_CURVE('',#6286,#6283,#6261,.T.);
#6337=EDGE_CURVE('',#6290,#6286,#6280,.T.);
#6342=EDGE_CURVE('',#6293,#6284,#6256,.T.);
#6361=EDGE_CURVE('',#6284,#6288,#6271,.T.);
#6363=EDGE_CURVE('',#6288,#6286,#6276,.T.);
#6406=CIRCLE('',#6405,4.4E-1);
#6411=CIRCLE('',#6410,4.4E-1);
#6416=CIRCLE('',#6415,4.25E-1);
#6421=CIRCLE('',#6420,4.25E-1);
#6430=CIRCLE('',#6429,4.4E-1);
#6435=CIRCLE('',#6434,4.4E-1);
#6440=CIRCLE('',#6439,4.4E-1);
#6445=CIRCLE('',#6444,4.25E-1);
#6450=CIRCLE('',#6449,4.25E-1);
#6455=CIRCLE('',#6454,4.25E-1);
#6481=EDGE_CURVE('',#6458,#6459,#6421,.T.);
#6483=EDGE_CURVE('',#6461,#6458,#6416,.T.);
#6485=EDGE_CURVE('',#6463,#6461,#6425,.T.);
#6487=EDGE_CURVE('',#6469,#6463,#6455,.T.);
#6489=EDGE_CURVE('',#6467,#6469,#6450,.T.);
#6491=EDGE_CURVE('',#6466,#6467,#6445,.T.);
#6493=EDGE_CURVE('',#6466,#6459,#6401,.T.);
#6510=EDGE_CURVE('',#6459,#6471,#6406,.T.);
#6512=EDGE_CURVE('',#6471,#6461,#6411,.T.);
#6534=EDGE_CURVE('',#6475,#6466,#6440,.T.);
#6536=EDGE_CURVE('',#6473,#6475,#6435,.T.);
#6538=EDGE_CURVE('',#6463,#6473,#6430,.T.);
#6577=CIRCLE('',#6576,4.4E-1);
#6582=CIRCLE('',#6581,4.4E-1);
#6587=CIRCLE('',#6586,4.4E-1);
#6592=CIRCLE('',#6591,4.25E-1);
#6597=CIRCLE('',#6596,4.25E-1);
#6602=CIRCLE('',#6601,4.25E-1);
#6611=CIRCLE('',#6610,4.4E-1);
#6616=CIRCLE('',#6615,4.4E-1);
#6621=CIRCLE('',#6620,4.25E-1);
#6626=CIRCLE('',#6625,4.25E-1);
#6656=EDGE_CURVE('',#6643,#6644,#6577,.T.);
#6658=EDGE_CURVE('',#6644,#6646,#6582,.T.);
#6660=EDGE_CURVE('',#6646,#6640,#6587,.T.);
#6662=EDGE_CURVE('',#6640,#6648,#6592,.T.);
#6664=EDGE_CURVE('',#6648,#6650,#6597,.T.);
#6666=EDGE_CURVE('',#6650,#6643,#6602,.T.);
#6683=EDGE_CURVE('',#6633,#6634,#6616,.T.);
#6685=EDGE_CURVE('',#6636,#6633,#6611,.T.);
#6687=EDGE_CURVE('',#6640,#6636,#6630,.T.);
#6692=EDGE_CURVE('',#6643,#6634,#6606,.T.);
#6711=EDGE_CURVE('',#6634,#6638,#6621,.T.);
#6713=EDGE_CURVE('',#6638,#6636,#6626,.T.);
#6760=CIRCLE('',#6759,1.E-1);
#6765=CIRCLE('',#6764,2.575E0);
#6802=CIRCLE('',#6801,3.E-1);
#6811=CIRCLE('',#6810,1.3E-1);
#6816=CIRCLE('',#6815,1.3E-1);
#6821=CIRCLE('',#6820,3.E-1);
#6828=B_SPLINE_CURVE_WITH_KNOTS('',3,(#6822,#6823,#6824,#6825,#6826,#6827),
.UNSPECIFIED.,.F.,.F.,(4,1,1,4),(0.E0,3.333333333333E-1,6.666666666667E-1,1.E0),
.UNSPECIFIED.);
#6833=CIRCLE('',#6832,2.575E0);
#6840=B_SPLINE_CURVE_WITH_KNOTS('',3,(#6834,#6835,#6836,#6837,#6838,#6839),
.UNSPECIFIED.,.F.,.F.,(4,1,1,4),(0.E0,3.333333333333E-1,6.666666666667E-1,1.E0),
.UNSPECIFIED.);
#6851=B_SPLINE_CURVE_WITH_KNOTS('',3,(#6845,#6846,#6847,#6848,#6849,#6850),
.UNSPECIFIED.,.F.,.F.,(4,1,1,4),(0.E0,3.333333333333E-1,6.666666666667E-1,1.E0),
.UNSPECIFIED.);
#6864=CIRCLE('',#6863,2.575E0);
#6921=CIRCLE('',#6920,1.E-1);
#6930=CIRCLE('',#6929,1.E-1);
#6939=CIRCLE('',#6938,2.725005783228E0);
#6948=CIRCLE('',#6947,2.725005783228E0);
#6957=CIRCLE('',#6956,1.E-1);
#6966=CIRCLE('',#6965,1.E-1);
#7013=B_SPLINE_CURVE_WITH_KNOTS('',3,(#7007,#7008,#7009,#7010,#7011,#7012),
.UNSPECIFIED.,.F.,.F.,(4,1,1,4),(0.E0,3.333333333333E-1,6.666666666667E-1,1.E0),
.UNSPECIFIED.);
#7030=CIRCLE('',#7029,3.E-1);
#7071=CIRCLE('',#7070,2.575E0);
#7086=B_SPLINE_CURVE_WITH_KNOTS('',3,(#7080,#7081,#7082,#7083,#7084,#7085),
.UNSPECIFIED.,.F.,.F.,(4,1,1,4),(0.E0,3.333333333333E-1,6.666666666667E-1,1.E0),
.UNSPECIFIED.);
#7093=B_SPLINE_CURVE_WITH_KNOTS('',3,(#7087,#7088,#7089,#7090,#7091,#7092),
.UNSPECIFIED.,.F.,.F.,(4,1,1,4),(0.E0,3.333333333333E-1,6.666666666667E-1,1.E0),
.UNSPECIFIED.);
#7098=CIRCLE('',#7097,2.575E0);
#7103=CIRCLE('',#7102,1.E-1);
#7133=B_SPLINE_CURVE_WITH_KNOTS('',3,(#7124,#7125,#7126,#7127,#7128,#7129,#7130,
#7131,#7132),.UNSPECIFIED.,.F.,.F.,(4,1,1,1,1,1,4),(0.E0,1.666666666667E-1,
3.333333333333E-1,5.E-1,6.666666666667E-1,8.333333333333E-1,1.E0),
.UNSPECIFIED.);
#7151=B_SPLINE_CURVE_WITH_KNOTS('',3,(#7142,#7143,#7144,#7145,#7146,#7147,#7148,
#7149,#7150),.UNSPECIFIED.,.F.,.F.,(4,1,1,1,1,1,4),(0.E0,1.666666666667E-1,
3.333333333333E-1,5.E-1,6.666666666667E-1,8.333333333333E-1,1.E0),
.UNSPECIFIED.);
#7162=B_SPLINE_CURVE_WITH_KNOTS('',3,(#7156,#7157,#7158,#7159,#7160,#7161),
.UNSPECIFIED.,.F.,.F.,(4,1,1,4),(0.E0,3.333333333333E-1,6.666666666667E-1,1.E0),
.UNSPECIFIED.);
#7181=B_SPLINE_CURVE_WITH_KNOTS('',3,(#7175,#7176,#7177,#7178,#7179,#7180),
.UNSPECIFIED.,.F.,.F.,(4,1,1,4),(0.E0,3.333333333333E-1,6.666666666667E-1,1.E0),
.UNSPECIFIED.);
#7314=EDGE_CURVE('',#7284,#7286,#6777,.T.);
#7316=EDGE_CURVE('',#7284,#7293,#6751,.T.);
#7318=EDGE_CURVE('',#7299,#7293,#7141,.T.);
#7320=EDGE_CURVE('',#7286,#7299,#7119,.T.);
#7337=EDGE_CURVE('',#7267,#7265,#6755,.T.);
#7339=EDGE_CURVE('',#7282,#7265,#7062,.T.);
#7341=EDGE_CURVE('',#7235,#7282,#7046,.T.);
#7343=EDGE_CURVE('',#7233,#7235,#6904,.T.);
#7345=EDGE_CURVE('',#7221,#7233,#6892,.T.);
#7347=EDGE_CURVE('',#7221,#7219,#6760,.T.);
#7349=EDGE_CURVE('',#7227,#7219,#6876,.T.);
#7351=EDGE_CURVE('',#7227,#7280,#6765,.T.);
#7353=EDGE_CURVE('',#7279,#7280,#6868,.T.);
#7355=EDGE_CURVE('',#7279,#7277,#6769,.T.);
#7357=EDGE_CURVE('',#7277,#7284,#6773,.T.);
#7360=EDGE_CURVE('',#7286,#7267,#6781,.T.);
#7377=EDGE_CURVE('',#7253,#7258,#6828,.T.);
#7379=EDGE_CURVE('',#7253,#7251,#6785,.T.);
#7381=EDGE_CURVE('',#7260,#7251,#6974,.T.);
#7383=EDGE_CURVE('',#7260,#7262,#6789,.T.);
#7385=EDGE_CURVE('',#7262,#7240,#6793,.T.);
#7387=EDGE_CURVE('',#7240,#7241,#6797,.T.);
#7389=EDGE_CURVE('',#7263,#7241,#7093,.T.);
#7391=EDGE_CURVE('',#7209,#7263,#7075,.T.);
#7393=EDGE_CURVE('',#7208,#7209,#7066,.T.);
#7395=EDGE_CURVE('',#7208,#7265,#6802,.T.);
#7398=EDGE_CURVE('',#7267,#7269,#6806,.T.);
#7400=EDGE_CURVE('',#7269,#7271,#6811,.T.);
#7402=EDGE_CURVE('',#7273,#7271,#7174,.T.);
#7404=EDGE_CURVE('',#7273,#7275,#6816,.T.);
#7406=EDGE_CURVE('',#7277,#7275,#7189,.T.);
#7409=EDGE_CURVE('',#7279,#7215,#6821,.T.);
#7411=EDGE_CURVE('',#7214,#7215,#6859,.T.);
#7413=EDGE_CURVE('',#7258,#7214,#6844,.T.);
#7431=EDGE_CURVE('',#7258,#7225,#6833,.T.);
#7433=EDGE_CURVE('',#7225,#7255,#6840,.T.);
#7435=EDGE_CURVE('',#7253,#7255,#6939,.T.);
#7453=EDGE_CURVE('',#7217,#7214,#6864,.T.);
#7455=EDGE_CURVE('',#7217,#7280,#6851,.T.);
#7458=EDGE_CURVE('',#7227,#7225,#6855,.T.);
#7477=EDGE_CURVE('',#7217,#7215,#6872,.T.);
#7514=EDGE_CURVE('',#7192,#7219,#6880,.T.);
#7516=EDGE_CURVE('',#7197,#7192,#7115,.T.);
#7518=EDGE_CURVE('',#7223,#7197,#6900,.T.);
#7520=EDGE_CURVE('',#7225,#7223,#6998,.T.);
#7541=EDGE_CURVE('',#7221,#7193,#6884,.T.);
#7543=EDGE_CURVE('',#7192,#7193,#7103,.T.);
#7560=EDGE_CURVE('',#7233,#7195,#6888,.T.);
#7562=EDGE_CURVE('',#7193,#7195,#7107,.T.);
#7581=EDGE_CURVE('',#7230,#7231,#6943,.T.);
#7583=EDGE_CURVE('',#7230,#7223,#6896,.T.);
#7586=EDGE_CURVE('',#7195,#7197,#7111,.T.);
#7590=EDGE_CURVE('',#7235,#7201,#6908,.T.);
#7592=EDGE_CURVE('',#7205,#7201,#7042,.T.);
#7594=EDGE_CURVE('',#7237,#7205,#7017,.T.);
#7596=EDGE_CURVE('',#7237,#7231,#6912,.T.);
#7614=EDGE_CURVE('',#7240,#7243,#6916,.T.);
#7616=EDGE_CURVE('',#7243,#7245,#6921,.T.);
#7618=EDGE_CURVE('',#7245,#7247,#6925,.T.);
#7620=EDGE_CURVE('',#7247,#7249,#6930,.T.);
#7622=EDGE_CURVE('',#7249,#7251,#6934,.T.);
#7626=EDGE_CURVE('',#7230,#7255,#6994,.T.);
#7629=EDGE_CURVE('',#7257,#7231,#7002,.T.);
#7631=EDGE_CURVE('',#7257,#7241,#6948,.T.);
#7649=EDGE_CURVE('',#7308,#7262,#6970,.T.);
#7651=EDGE_CURVE('',#7243,#7308,#6986,.T.);
#7670=EDGE_CURVE('',#7260,#7302,#6952,.T.);
#7672=EDGE_CURVE('',#7302,#7304,#6957,.T.);
#7674=EDGE_CURVE('',#7304,#7306,#6961,.T.);
#7676=EDGE_CURVE('',#7306,#7308,#6966,.T.);
#7696=EDGE_CURVE('',#7302,#7249,#6982,.T.);
#7715=EDGE_CURVE('',#7247,#7304,#6978,.T.);
#7735=EDGE_CURVE('',#7306,#7245,#6990,.T.);
#7794=EDGE_CURVE('',#7237,#7291,#7006,.T.);
#7796=EDGE_CURVE('',#7291,#7257,#7013,.T.);
#7813=EDGE_CURVE('',#7289,#7203,#7034,.T.);
#7815=EDGE_CURVE('',#7287,#7289,#7058,.T.);
#7817=EDGE_CURVE('',#7291,#7287,#7079,.T.);
#7821=EDGE_CURVE('',#7203,#7205,#7038,.T.);
#7838=EDGE_CURVE('',#7203,#7200,#7021,.T.);
#7840=EDGE_CURVE('',#7200,#7282,#7025,.T.);
#7842=EDGE_CURVE('',#7282,#7289,#7030,.T.);
#7860=EDGE_CURVE('',#7200,#7201,#7050,.T.);
#7900=EDGE_CURVE('',#7208,#7211,#7054,.T.);
#7902=EDGE_CURVE('',#7287,#7211,#7086,.T.);
#7923=EDGE_CURVE('',#7209,#7211,#7071,.T.);
#7942=EDGE_CURVE('',#7291,#7263,#7098,.T.);
#8003=EDGE_CURVE('',#7269,#7299,#7123,.T.);
#8022=EDGE_CURVE('',#7299,#7300,#7133,.T.);
#8024=EDGE_CURVE('',#7300,#7297,#7137,.T.);
#8026=EDGE_CURVE('',#7271,#7297,#7181,.T.);
#8044=EDGE_CURVE('',#7293,#7296,#7151,.T.);
#8046=EDGE_CURVE('',#7296,#7300,#7155,.T.);
#8065=EDGE_CURVE('',#7273,#7294,#7162,.T.);
#8067=EDGE_CURVE('',#7294,#7296,#7166,.T.);
#8070=EDGE_CURVE('',#7293,#7275,#7170,.T.);
#8089=EDGE_CURVE('',#7297,#7294,#7185,.T.);
#8167=B_SPLINE_CURVE_WITH_KNOTS('',3,(#8161,#8162,#8163,#8164,#8165,#8166),
.UNSPECIFIED.,.F.,.F.,(4,1,1,4),(0.E0,3.333333333333E-1,6.666666666667E-1,1.E0),
.UNSPECIFIED.);
#8172=CIRCLE('',#8171,2.575E0);
#8177=CIRCLE('',#8176,2.35E0);
#8182=CIRCLE('',#8181,2.725005783228E0);
#8191=CIRCLE('',#8190,2.725005783228E0);
#8204=CIRCLE('',#8203,2.35E0);
#8211=B_SPLINE_CURVE_WITH_KNOTS('',3,(#8205,#8206,#8207,#8208,#8209,#8210),
.UNSPECIFIED.,.F.,.F.,(4,1,1,4),(0.E0,3.333333333333E-1,6.666666666667E-1,1.E0),
.UNSPECIFIED.);
#8216=CIRCLE('',#8215,2.575E0);
#8223=B_SPLINE_CURVE_WITH_KNOTS('',3,(#8217,#8218,#8219,#8220,#8221,#8222),
.UNSPECIFIED.,.F.,.F.,(4,1,1,4),(0.E0,3.333333333333E-1,6.666666666667E-1,1.E0),
.UNSPECIFIED.);
#8240=CIRCLE('',#8239,2.575E0);
#8257=CIRCLE('',#8256,2.575E0);
#8284=B_SPLINE_CURVE_WITH_KNOTS('',3,(#8278,#8279,#8280,#8281,#8282,#8283),
.UNSPECIFIED.,.F.,.F.,(4,1,1,4),(0.E0,3.333333333333E-1,6.666666666667E-1,1.E0),
.UNSPECIFIED.);
#8344=EDGE_CURVE('',#8309,#8307,#8144,.T.);
#8346=EDGE_CURVE('',#8330,#8307,#8257,.T.);
#8348=EDGE_CURVE('',#8330,#8328,#8148,.T.);
#8350=EDGE_CURVE('',#8309,#8328,#8216,.T.);
#8367=EDGE_CURVE('',#8300,#8305,#8167,.T.);
#8369=EDGE_CURVE('',#8299,#8300,#8261,.T.);
#8371=EDGE_CURVE('',#8307,#8299,#8235,.T.);
#8374=EDGE_CURVE('',#8310,#8309,#8211,.T.);
#8376=EDGE_CURVE('',#8310,#8312,#8152,.T.);
#8378=EDGE_CURVE('',#8314,#8312,#8199,.T.);
#8380=EDGE_CURVE('',#8314,#8316,#8156,.T.);
#8382=EDGE_CURVE('',#8318,#8316,#8195,.T.);
#8384=EDGE_CURVE('',#8318,#8305,#8160,.T.);
#8402=EDGE_CURVE('',#8320,#8305,#8191,.T.);
#8404=EDGE_CURVE('',#8302,#8320,#8284,.T.);
#8406=EDGE_CURVE('',#8302,#8300,#8172,.T.);
#8424=EDGE_CURVE('',#8318,#8312,#8177,.T.);
#8427=EDGE_CURVE('',#8310,#8322,#8182,.T.);
#8429=EDGE_CURVE('',#8324,#8322,#8227,.T.);
#8431=EDGE_CURVE('',#8324,#8326,#8186,.T.);
#8433=EDGE_CURVE('',#8320,#8326,#8273,.T.);
#8452=EDGE_CURVE('',#8314,#8316,#8204,.T.);
#8490=EDGE_CURVE('',#8328,#8322,#8223,.T.);
#8510=EDGE_CURVE('',#8328,#8338,#8231,.T.);
#8512=EDGE_CURVE('',#8324,#8338,#8288,.T.);
#8531=EDGE_CURVE('',#8334,#8330,#8252,.T.);
#8533=EDGE_CURVE('',#8338,#8334,#8292,.T.);
#8551=EDGE_CURVE('',#8299,#8304,#8240,.T.);
#8553=EDGE_CURVE('',#8304,#8332,#8244,.T.);
#8555=EDGE_CURVE('',#8332,#8334,#8248,.T.);
#8576=EDGE_CURVE('',#8302,#8304,#8265,.T.);
#8594=EDGE_CURVE('',#8336,#8302,#8277,.T.);
#8596=EDGE_CURVE('',#8336,#8332,#8269,.T.);
#8616=EDGE_CURVE('',#8336,#8326,#8296,.T.);
#8666=B_SPLINE_CURVE_WITH_KNOTS('',3,(#8660,#8661,#8662,#8663,#8664,#8665),
.UNSPECIFIED.,.F.,.F.,(4,1,1,4),(0.E0,3.333333333333E-1,6.666666666667E-1,1.E0),
.UNSPECIFIED.);
#8671=CIRCLE('',#8670,2.725005783228E0);
#8680=CIRCLE('',#8679,2.725005783228E0);
#8691=B_SPLINE_CURVE_WITH_KNOTS('',3,(#8685,#8686,#8687,#8688,#8689,#8690),
.UNSPECIFIED.,.F.,.F.,(4,1,1,4),(0.E0,3.333333333333E-1,6.666666666667E-1,1.E0),
.UNSPECIFIED.);
#8696=CIRCLE('',#8695,2.575E0);
#8703=B_SPLINE_CURVE_WITH_KNOTS('',3,(#8697,#8698,#8699,#8700,#8701,#8702),
.UNSPECIFIED.,.F.,.F.,(4,1,1,4),(0.E0,3.333333333333E-1,6.666666666667E-1,1.E0),
.UNSPECIFIED.);
#8720=CIRCLE('',#8719,2.575E0);
#8737=CIRCLE('',#8736,2.575E0);
#8752=B_SPLINE_CURVE_WITH_KNOTS('',3,(#8746,#8747,#8748,#8749,#8750,#8751),
.UNSPECIFIED.,.F.,.F.,(4,1,1,4),(0.E0,3.333333333333E-1,6.666666666667E-1,1.E0),
.UNSPECIFIED.);
#8757=CIRCLE('',#8756,2.575E0);
#8819=EDGE_CURVE('',#8805,#8809,#8655,.T.);
#8821=EDGE_CURVE('',#8813,#8809,#8773,.T.);
#8823=EDGE_CURVE('',#8813,#8803,#8659,.T.);
#8825=EDGE_CURVE('',#8803,#8805,#8666,.T.);
#8842=EDGE_CURVE('',#8782,#8785,#8684,.T.);
#8844=EDGE_CURVE('',#8782,#8793,#8671,.T.);
#8846=EDGE_CURVE('',#8807,#8793,#8777,.T.);
#8848=EDGE_CURVE('',#8807,#8809,#8675,.T.);
#8851=EDGE_CURVE('',#8805,#8785,#8680,.T.);
#8868=EDGE_CURVE('',#8782,#8783,#8691,.T.);
#8871=EDGE_CURVE('',#8786,#8785,#8752,.T.);
#8873=EDGE_CURVE('',#8788,#8786,#8741,.T.);
#8875=EDGE_CURVE('',#8790,#8788,#8715,.T.);
#8877=EDGE_CURVE('',#8783,#8790,#8707,.T.);
#8895=EDGE_CURVE('',#8783,#8792,#8696,.T.);
#8897=EDGE_CURVE('',#8792,#8793,#8703,.T.);
#8916=EDGE_CURVE('',#8795,#8790,#8737,.T.);
#8918=EDGE_CURVE('',#8795,#8792,#8711,.T.);
#8937=EDGE_CURVE('',#8788,#8797,#8720,.T.);
#8939=EDGE_CURVE('',#8797,#8799,#8724,.T.);
#8941=EDGE_CURVE('',#8799,#8801,#8728,.T.);
#8943=EDGE_CURVE('',#8801,#8795,#8732,.T.);
#8962=EDGE_CURVE('',#8803,#8786,#8757,.T.);
#8964=EDGE_CURVE('',#8803,#8797,#8745,.T.);
#9002=EDGE_CURVE('',#8813,#8799,#8761,.T.);
#9022=EDGE_CURVE('',#8807,#8811,#8765,.T.);
#9024=EDGE_CURVE('',#8811,#8801,#8769,.T.);
#9046=EDGE_CURVE('',#8792,#8811,#8781,.T.);
#9111=CIRCLE('',#9110,1.E-1);
#9120=CIRCLE('',#9119,1.E-1);
#9129=CIRCLE('',#9128,2.725005783228E0);
#9138=CIRCLE('',#9137,2.725005783228E0);
#9171=CIRCLE('',#9170,1.3E-1);
#9180=CIRCLE('',#9179,1.3E-1);
#9189=CIRCLE('',#9188,3.E-1);
#9200=B_SPLINE_CURVE_WITH_KNOTS('',3,(#9194,#9195,#9196,#9197,#9198,#9199),
.UNSPECIFIED.,.F.,.F.,(4,1,1,4),(0.E0,3.333333333333E-1,6.666666666667E-1,1.E0),
.UNSPECIFIED.);
#9207=B_SPLINE_CURVE_WITH_KNOTS('',3,(#9201,#9202,#9203,#9204,#9205,#9206),
.UNSPECIFIED.,.F.,.F.,(4,1,1,4),(0.E0,3.333333333333E-1,6.666666666667E-1,1.E0),
.UNSPECIFIED.);
#9244=CIRCLE('',#9243,1.E-1);
#9274=B_SPLINE_CURVE_WITH_KNOTS('',3,(#9265,#9266,#9267,#9268,#9269,#9270,#9271,
#9272,#9273),.UNSPECIFIED.,.F.,.F.,(4,1,1,1,1,1,4),(0.E0,1.666666666667E-1,
3.333333333333E-1,5.E-1,6.666666666667E-1,8.333333333333E-1,1.E0),
.UNSPECIFIED.);
#9300=B_SPLINE_CURVE_WITH_KNOTS('',3,(#9291,#9292,#9293,#9294,#9295,#9296,#9297,
#9298,#9299),.UNSPECIFIED.,.F.,.F.,(4,1,1,1,1,1,4),(0.E0,1.666666666667E-1,
3.333333333333E-1,5.E-1,6.666666666667E-1,8.333333333333E-1,1.E0),
.UNSPECIFIED.);
#9329=CIRCLE('',#9328,1.E-1);
#9340=B_SPLINE_CURVE_WITH_KNOTS('',3,(#9334,#9335,#9336,#9337,#9338,#9339),
.UNSPECIFIED.,.F.,.F.,(4,1,1,4),(0.E0,3.333333333333E-1,6.666666666667E-1,1.E0),
.UNSPECIFIED.);
#9355=B_SPLINE_CURVE_WITH_KNOTS('',3,(#9349,#9350,#9351,#9352,#9353,#9354),
.UNSPECIFIED.,.F.,.F.,(4,1,1,4),(0.E0,3.333333333333E-1,6.666666666667E-1,1.E0),
.UNSPECIFIED.);
#9372=CIRCLE('',#9371,3.E-1);
#9425=CIRCLE('',#9424,1.E-1);
#9434=CIRCLE('',#9433,1.E-1);
#9548=EDGE_CURVE('',#9514,#9528,#9082,.T.);
#9550=EDGE_CURVE('',#9527,#9528,#9384,.T.);
#9552=EDGE_CURVE('',#9504,#9527,#9376,.T.);
#9554=EDGE_CURVE('',#9504,#9514,#9086,.T.);
#9571=EDGE_CURVE('',#9458,#9460,#9133,.T.);
#9573=EDGE_CURVE('',#9458,#9496,#9090,.T.);
#9575=EDGE_CURVE('',#9496,#9502,#9094,.T.);
#9577=EDGE_CURVE('',#9528,#9502,#9388,.T.);
#9580=EDGE_CURVE('',#9512,#9514,#9248,.T.);
#9582=EDGE_CURVE('',#9512,#9532,#9098,.T.);
#9584=EDGE_CURVE('',#9530,#9532,#9324,.T.);
#9586=EDGE_CURVE('',#9534,#9530,#9333,.T.);
#9588=EDGE_CURVE('',#9534,#9460,#9102,.T.);
#9605=EDGE_CURVE('',#9441,#9442,#9150,.T.);
#9607=EDGE_CURVE('',#9441,#9444,#9106,.T.);
#9609=EDGE_CURVE('',#9444,#9446,#9111,.T.);
#9611=EDGE_CURVE('',#9446,#9448,#9115,.T.);
#9613=EDGE_CURVE('',#9448,#9450,#9120,.T.);
#9615=EDGE_CURVE('',#9450,#9452,#9124,.T.);
#9617=EDGE_CURVE('',#9454,#9452,#9142,.T.);
#9619=EDGE_CURVE('',#9454,#9456,#9129,.T.);
#9621=EDGE_CURVE('',#9458,#9456,#9215,.T.);
#9624=EDGE_CURVE('',#9462,#9460,#9344,.T.);
#9626=EDGE_CURVE('',#9462,#9442,#9138,.T.);
#9643=EDGE_CURVE('',#9454,#9463,#9200,.T.);
#9646=EDGE_CURVE('',#9465,#9452,#9396,.T.);
#9648=EDGE_CURVE('',#9467,#9465,#9416,.T.);
#9650=EDGE_CURVE('',#9467,#9441,#9146,.T.);
#9653=EDGE_CURVE('',#9468,#9442,#9355,.T.);
#9655=EDGE_CURVE('',#9468,#9470,#9154,.T.);
#9657=EDGE_CURVE('',#9470,#9472,#9158,.T.);
#9659=EDGE_CURVE('',#9474,#9472,#9316,.T.);
#9661=EDGE_CURVE('',#9476,#9474,#9308,.T.);
#9663=EDGE_CURVE('',#9476,#9478,#9162,.T.);
#9665=EDGE_CURVE('',#9478,#9480,#9166,.T.);
#9667=EDGE_CURVE('',#9480,#9482,#9171,.T.);
#9669=EDGE_CURVE('',#9482,#9484,#9175,.T.);
#9671=EDGE_CURVE('',#9484,#9486,#9180,.T.);
#9673=EDGE_CURVE('',#9488,#9486,#9252,.T.);
#9675=EDGE_CURVE('',#9488,#9490,#9184,.T.);
#9677=EDGE_CURVE('',#9490,#9492,#9189,.T.);
#9679=EDGE_CURVE('',#9494,#9492,#9219,.T.);
#9681=EDGE_CURVE('',#9494,#9463,#9193,.T.);
#9699=EDGE_CURVE('',#9463,#9456,#9207,.T.);
#9718=EDGE_CURVE('',#9494,#9496,#9211,.T.);
#9739=EDGE_CURVE('',#9498,#9492,#9227,.T.);
#9741=EDGE_CURVE('',#9500,#9498,#9367,.T.);
#9743=EDGE_CURVE('',#9502,#9500,#9392,.T.);
#9763=EDGE_CURVE('',#9490,#9504,#9223,.T.);
#9765=EDGE_CURVE('',#9498,#9504,#9372,.T.);
#9784=EDGE_CURVE('',#9488,#9506,#9231,.T.);
#9786=EDGE_CURVE('',#9506,#9508,#9235,.T.);
#9788=EDGE_CURVE('',#9508,#9478,#9239,.T.);
#9791=EDGE_CURVE('',#9476,#9510,#9244,.T.);
#9793=EDGE_CURVE('',#9512,#9510,#9359,.T.);
#9814=EDGE_CURVE('',#9516,#9486,#9260,.T.);
#9816=EDGE_CURVE('',#9506,#9516,#9286,.T.);
#9835=EDGE_CURVE('',#9484,#9518,#9256,.T.);
#9837=EDGE_CURVE('',#9516,#9518,#9300,.T.);
#9856=EDGE_CURVE('',#9520,#9482,#9278,.T.);
#9858=EDGE_CURVE('',#9518,#9520,#9304,.T.);
#9877=EDGE_CURVE('',#9480,#9522,#9264,.T.);
#9879=EDGE_CURVE('',#9522,#9520,#9274,.T.);
#9899=EDGE_CURVE('',#9508,#9522,#9282,.T.);
#9919=EDGE_CURVE('',#9522,#9516,#9290,.T.);
#9957=EDGE_CURVE('',#9524,#9474,#9329,.T.);
#9959=EDGE_CURVE('',#9524,#9510,#9312,.T.);
#9978=EDGE_CURVE('',#9472,#9530,#9320,.T.);
#9981=EDGE_CURVE('',#9524,#9532,#9363,.T.);
#10000=EDGE_CURVE('',#9534,#9470,#9348,.T.);
#10020=EDGE_CURVE('',#9468,#9462,#9340,.T.);
#10080=EDGE_CURVE('',#9527,#9500,#9380,.T.);
#10118=EDGE_CURVE('',#9536,#9450,#9404,.T.);
#10120=EDGE_CURVE('',#9465,#9536,#9420,.T.);
#10138=EDGE_CURVE('',#9448,#9538,#9400,.T.);
#10140=EDGE_CURVE('',#9536,#9538,#9425,.T.);
#10159=EDGE_CURVE('',#9540,#9446,#9412,.T.);
#10161=EDGE_CURVE('',#9538,#9540,#9429,.T.);
#10180=EDGE_CURVE('',#9444,#9542,#9408,.T.);
#10182=EDGE_CURVE('',#9540,#9542,#9434,.T.);
#10201=EDGE_CURVE('',#9542,#9467,#9438,.T.);
#10255=(LENGTH_UNIT()NAMED_UNIT(*)SI_UNIT(.MILLI.,.METRE.));
#10257=(NAMED_UNIT(*)PLANE_ANGLE_UNIT()SI_UNIT($,.RADIAN.));
#10260=(NAMED_UNIT(*)SI_UNIT($,.STERADIAN.)SOLID_ANGLE_UNIT());
#10263=ADVANCED_BREP_SHAPE_REPRESENTATION('',(#10245),#10262);
#10271=PRODUCT_DEFINITION('design','',#10270,#10267);
#10272=PRODUCT_DEFINITION_SHAPE('','SHAPE FOR PTS645SJX73JSMTR92_LFS.',#10271);
#10273=SHAPE_DEFINITION_REPRESENTATION(#10272,#10263);
ENDSEC;
END-ISO-10303-21;
