ISO-10303-21;
HEADER;
FILE_DESCRIPTION (( 'STEP AP214' ),
    '1' );
FILE_NAME ('DLM0NSN900HY2D.STEP',
    '2022-09-15T12:35:22',
    ( '' ),
    ( '' ),
    'SwSTEP 2.0',
    'SolidWorks 2018',
    '' );
FILE_SCHEMA (( 'AUTOMOTIVE_DESIGN' ));
ENDSEC;

DATA;
#1 = DIRECTION ( 'NONE',  ( 0.000000000000000000, -0.000000000000000000, 1.000000000000000000 ) ) ;
#2 =( LENGTH_UNIT ( ) NAMED_UNIT ( * ) SI_UNIT ( .MILLI., .METRE. ) );
#3 = ORIENTED_EDGE ( 'NONE', *, *, #1786, .T. ) ;
#4 = DIRECTION ( 'NONE',  ( -0.000000000000000000, -1.000000000000000000, -0.000000000000000000 ) ) ;
#5 = DIRECTION ( 'NONE',  ( 5.421010862427519212E-16, 0.000000000000000000, -1.000000000000000000 ) ) ;
#6 = CARTESIAN_POINT ( 'NONE',  ( 0.000000000000000000, 0.4500000000000000111, 0.1250000000000002220 ) ) ;
#7 = DIRECTION ( 'NONE',  ( -1.000000000000000000, 0.000000000000000000, 1.084202172485504040E-15 ) ) ;
#8 = EDGE_LOOP ( 'NONE', ( #245, #1448, #993, #1291 ) ) ;
#9 = DIRECTION ( 'NONE',  ( 1.000000000000000000, 0.000000000000000000, 0.000000000000000000 ) ) ;
#10 = AXIS2_PLACEMENT_3D ( 'NONE', #1652, #836, #981 ) ;
#11 = DIRECTION ( 'NONE',  ( 0.000000000000000000, 0.000000000000000000, 1.000000000000000000 ) ) ;
#12 = LINE ( 'NONE', #912, #1381 ) ;
#13 = AXIS2_PLACEMENT_3D ( 'NONE', #1221, #1362, #417 ) ;
#14 = DIRECTION ( 'NONE',  ( -1.000000000000000000, 0.000000000000000000, 0.000000000000000000 ) ) ;
#15 =( NAMED_UNIT ( * ) SI_UNIT ( $, .STERADIAN. ) SOLID_ANGLE_UNIT ( ) );
#16 = DIRECTION ( 'NONE',  ( 0.000000000000000000, -0.000000000000000000, 1.000000000000000000 ) ) ;
#17 = CARTESIAN_POINT ( 'NONE',  ( -0.4250000000000008771, 0.05000000000000002359, -0.3250000000000001776 ) ) ;
#18 = DIRECTION ( 'NONE',  ( -1.000000000000000000, 0.000000000000000000, 0.000000000000000000 ) ) ;
#19 = AXIS2_PLACEMENT_3D ( 'NONE', #878, #161, #1563 ) ;
#20 = EDGE_CURVE ( 'NONE', #1511, #1455, #1055, .T. ) ;
#21 = ORIENTED_EDGE ( 'NONE', *, *, #1184, .T. ) ;
#22 = CARTESIAN_POINT ( 'NONE',  ( 0.1750000000000000167, 0.4500000000000000111, 0.3249999999999997891 ) ) ;
#23 = VERTEX_POINT ( 'NONE', #1653 ) ;
#24 = EDGE_LOOP ( 'NONE', ( #1175, #521, #1097, #423 ) ) ;
#25 = ORIENTED_EDGE ( 'NONE', *, *, #1414, .T. ) ;
#26 = DIRECTION ( 'NONE',  ( -1.000000000000000000, 0.000000000000000000, 0.000000000000000000 ) ) ;
#27 = ORIENTED_EDGE ( 'NONE', *, *, #719, .F. ) ;
#28 = VERTEX_POINT ( 'NONE', #977 ) ;
#29 = DIRECTION ( 'NONE',  ( 1.000000000000000000, -0.000000000000000000, -0.000000000000000000 ) ) ;
#30 =( NAMED_UNIT ( * ) SI_UNIT ( $, .STERADIAN. ) SOLID_ANGLE_UNIT ( ) );
#31 =( NAMED_UNIT ( * ) SI_UNIT ( $, .STERADIAN. ) SOLID_ANGLE_UNIT ( ) );
#32 = LINE ( 'NONE', #983, #774 ) ;
#33 = FACE_OUTER_BOUND ( 'NONE', #806, .T. ) ;
#34 = UNCERTAINTY_MEASURE_WITH_UNIT (LENGTH_MEASURE( 1.000000000000000082E-05 ), #280, 'distance_accuracy_value', 'NONE');
#35 = PRESENTATION_LAYER_ASSIGNMENT (  '', '', ( #1106 ) ) ;
#36 = SURFACE_SIDE_STYLE ('',( #369 ) ) ;
#37 = DIRECTION ( 'NONE',  ( -1.000000000000000000, 0.000000000000000000, 1.084202172485504040E-15 ) ) ;
#38 = ORIENTED_EDGE ( 'NONE', *, *, #202, .T. ) ;
#39 = FILL_AREA_STYLE_COLOUR ( '', #117 ) ;
#40 = ORIENTED_EDGE ( 'NONE', *, *, #1598, .T. ) ;
#41 = CARTESIAN_POINT ( 'NONE',  ( 0.3250000000000000666, 0.4500000000000000111, -0.2750000000000001887 ) ) ;
#42 = DIRECTION ( 'NONE',  ( 0.000000000000000000, 0.000000000000000000, 1.000000000000000000 ) ) ;
#43 = DIRECTION ( 'NONE',  ( 3.614007241618349264E-16, 0.000000000000000000, -1.000000000000000000 ) ) ;
#44 = ORIENTED_EDGE ( 'NONE', *, *, #1247, .F. ) ;
#45 = EDGE_CURVE ( 'NONE', #1610, #1491, #738, .T. ) ;
#46 = PRESENTATION_STYLE_ASSIGNMENT (( #1078 ) ) ;
#47 = AXIS2_PLACEMENT_3D ( 'NONE', #1521, #1091, #167 ) ;
#48 = CARTESIAN_POINT ( 'NONE',  ( 0.000000000000000000, 0.3999999999999999667, 0.2749999999999997446 ) ) ;
#49 = CARTESIAN_POINT ( 'NONE',  ( 0.1749999999999999611, 0.4500000000000000111, 0.2749999999999997446 ) ) ;
#50 = CARTESIAN_POINT ( 'NONE',  ( 0.000000000000000000, 0.3999999999999999667, -0.2750000000000001887 ) ) ;
#51 = VECTOR ( 'NONE', #1542, 1000.000000000000000 ) ;
#52 = CARTESIAN_POINT ( 'NONE',  ( 0.3749999999999991673, 0.000000000000000000, 0.000000000000000000 ) ) ;
#53 = PRESENTATION_STYLE_ASSIGNMENT (( #1208 ) ) ;
#54 = DIRECTION ( 'NONE',  ( -1.000000000000000000, 0.000000000000000000, 0.000000000000000000 ) ) ;
#55 = VECTOR ( 'NONE', #1444, 1000.000000000000000 ) ;
#56 = DIRECTION ( 'NONE',  ( 0.000000000000000000, 0.000000000000000000, -1.000000000000000000 ) ) ;
#57 = EDGE_CURVE ( 'NONE', #125, #655, #556, .T. ) ;
#58 = UNCERTAINTY_MEASURE_WITH_UNIT (LENGTH_MEASURE( 1.000000000000000082E-05 ), #220, 'distance_accuracy_value', 'NONE');
#59 = VERTEX_POINT ( 'NONE', #1271 ) ;
#60 = CARTESIAN_POINT ( 'NONE',  ( 0.000000000000000000, 0.4500000000000000111, 0.000000000000000000 ) ) ;
#61 = VERTEX_POINT ( 'NONE', #123 ) ;
#62 = VERTEX_POINT ( 'NONE', #1267 ) ;
#63 = ORIENTED_EDGE ( 'NONE', *, *, #454, .F. ) ;
#64 = MECHANICAL_DESIGN_GEOMETRIC_PRESENTATION_REPRESENTATION (  '', ( #1013 ), #1239 ) ;
#65 = PRESENTATION_LAYER_ASSIGNMENT (  '', '', ( #1769 ) ) ;
#66 =( NAMED_UNIT ( * ) SI_UNIT ( $, .STERADIAN. ) SOLID_ANGLE_UNIT ( ) );
#67 = PRESENTATION_LAYER_ASSIGNMENT (  '', '', ( #1760 ) ) ;
#68 = DIRECTION ( 'NONE',  ( -3.614007241618349264E-16, 0.000000000000000000, 1.000000000000000000 ) ) ;
#69 = AXIS2_PLACEMENT_3D ( 'NONE', #1737, #768, #340 ) ;
#70 = LINE ( 'NONE', #236, #1383 ) ;
#71 = VECTOR ( 'NONE', #782, 1000.000000000000000 ) ;
#72 = DIRECTION ( 'NONE',  ( -1.000000000000000000, 0.000000000000000000, -0.000000000000000000 ) ) ;
#73 = STYLED_ITEM ( 'NONE', ( #987 ), #276 ) ;
#74 = CARTESIAN_POINT ( 'NONE',  ( -0.4250000000000008771, 0.05000000000000002359, -0.2750000000000001887 ) ) ;
#75 = LINE ( 'NONE', #706, #1370 ) ;
#76 = VERTEX_POINT ( 'NONE', #1423 ) ;
#77 = AXIS2_PLACEMENT_3D ( 'NONE', #602, #1474, #1360 ) ;
#78 = ORIENTED_EDGE ( 'NONE', *, *, #875, .F. ) ;
#79 = PRODUCT_RELATED_PRODUCT_CATEGORY ( 'part', '', ( #1015 ) ) ;
#80 =( GEOMETRIC_REPRESENTATION_CONTEXT ( 3 ) GLOBAL_UNCERTAINTY_ASSIGNED_CONTEXT ( ( #501 ) ) GLOBAL_UNIT_ASSIGNED_CONTEXT ( ( #1513, #1772, #1207 ) ) REPRESENTATION_CONTEXT ( 'NONE', 'WORKASPACE' ) );
#81 = SHAPE_DEFINITION_REPRESENTATION ( #1363, #886 ) ;
#82 = CARTESIAN_POINT ( 'NONE',  ( -0.4250000000000008771, 0.05000000000000002359, 0.3249999999999997891 ) ) ;
#83 = EDGE_CURVE ( 'NONE', #954, #957, #1607, .T. ) ;
#84 = STYLED_ITEM ( 'NONE', ( #1193 ), #1664 ) ;
#85 = LINE ( 'NONE', #1394, #51 ) ;
#86 = DIRECTION ( 'NONE',  ( 1.000000000000000000, 0.000000000000000000, -0.000000000000000000 ) ) ;
#87 = SURFACE_STYLE_FILL_AREA ( #1335 ) ;
#88 = DIRECTION ( 'NONE',  ( 1.000000000000000000, -1.084202172485504040E-15, 0.000000000000000000 ) ) ;
#89 = VERTEX_POINT ( 'NONE', #281 ) ;
#90 = CARTESIAN_POINT ( 'NONE',  ( 0.4249999999999991562, 0.3999999999999999667, -0.3250000000000001776 ) ) ;
#91 = VERTEX_POINT ( 'NONE', #859 ) ;
#92 = AXIS2_PLACEMENT_3D ( 'NONE', #74, #1169, #641 ) ;
#93 = SURFACE_SIDE_STYLE ('',( #697 ) ) ;
#94 = ADVANCED_FACE ( 'NONE', ( #1258 ), #746, .F. ) ;
#95 = EDGE_CURVE ( 'NONE', #1592, #701, #578, .T. ) ;
#96 = ORIENTED_EDGE ( 'NONE', *, *, #1786, .F. ) ;
#97 = DIRECTION ( 'NONE',  ( -1.000000000000000000, 0.000000000000000000, -0.000000000000000000 ) ) ;
#98 = AXIS2_PLACEMENT_3D ( 'NONE', #190, #1282, #1433 ) ;
#99 = VERTEX_POINT ( 'NONE', #576 ) ;
#100 = ORIENTED_EDGE ( 'NONE', *, *, #1574, .F. ) ;
#101 = SURFACE_SIDE_STYLE ('',( #87 ) ) ;
#102 = ADVANCED_FACE ( 'NONE', ( #1591 ), #970, .T. ) ;
#103 = CARTESIAN_POINT ( 'NONE',  ( -0.2250000000000000611, 0.000000000000000000, 0.1750000000000002665 ) ) ;
#104 = DIRECTION ( 'NONE',  ( -1.000000000000000000, 0.000000000000000000, 0.000000000000000000 ) ) ;
#105 = EDGE_CURVE ( 'NONE', #1354, #917, #448, .T. ) ;
#106 = VECTOR ( 'NONE', #1260, 1000.000000000000000 ) ;
#107 = VECTOR ( 'NONE', #1686, 1000.000000000000000 ) ;
#108 = STYLED_ITEM ( 'NONE', ( #1173 ), #271 ) ;
#109 = LINE ( 'NONE', #1419, #1029 ) ;
#110 = LINE ( 'NONE', #787, #1590 ) ;
#111 = PLANE ( 'NONE',  #391 ) ;
#112 = CARTESIAN_POINT ( 'NONE',  ( -0.4250000000000008771, 0.02071067811865477670, -0.3250000000000001221 ) ) ;
#113 = ORIENTED_EDGE ( 'NONE', *, *, #342, .F. ) ;
#114 = ORIENTED_EDGE ( 'NONE', *, *, #726, .F. ) ;
#115 = ADVANCED_FACE ( 'NONE', ( #307 ), #542, .T. ) ;
#116 = DIRECTION ( 'NONE',  ( 0.000000000000000000, -1.000000000000000000, 0.000000000000000000 ) ) ;
#117 = COLOUR_RGB ( '',0.7529411764705882248, 0.7529411764705882248, 0.7529411764705882248 ) ;
#118 = LINE ( 'NONE', #1316, #1412 ) ;
#119 = CARTESIAN_POINT ( 'NONE',  ( -0.4042893218813461420, 3.208786417561271026E-17, -0.3042893218813454426 ) ) ;
#120 = ADVANCED_FACE ( 'NONE', ( #865 ), #1629, .T. ) ;
#121 = AXIS2_PLACEMENT_3D ( 'NONE', #1386, #599, #331 ) ;
#122 = DIRECTION ( 'NONE',  ( 1.000000000000000000, 0.000000000000000000, 5.421010862427520198E-16 ) ) ;
#123 = CARTESIAN_POINT ( 'NONE',  ( 0.1750000000000000167, 0.3999999999999999667, -0.3250000000000001776 ) ) ;
#124 = CYLINDRICAL_SURFACE ( 'NONE', #1608, 0.05000000000000002359 ) ;
#125 = VERTEX_POINT ( 'NONE', #505 ) ;
#126 = VERTEX_POINT ( 'NONE', #779 ) ;
#127 = CARTESIAN_POINT ( 'NONE',  ( 0.3250000000000000111, 0.3999999999999999667, 0.3249999999999997891 ) ) ;
#128 = ORIENTED_EDGE ( 'NONE', *, *, #196, .F. ) ;
#129 = ORIENTED_EDGE ( 'NONE', *, *, #960, .F. ) ;
#130 = FILL_AREA_STYLE_COLOUR ( '', #552 ) ;
#131 = DIRECTION ( 'NONE',  ( 1.000000000000000000, -0.000000000000000000, 0.000000000000000000 ) ) ;
#132 = LINE ( 'NONE', #273, #380 ) ;
#133 = CARTESIAN_POINT ( 'NONE',  ( -0.1749999999999999611, 0.4500000000000000111, 0.3249999999999997891 ) ) ;
#134 = VERTEX_POINT ( 'NONE', #1628 ) ;
#135 = EDGE_CURVE ( 'NONE', #1724, #635, #318, .T. ) ;
#136 = ORIENTED_EDGE ( 'NONE', *, *, #1141, .T. ) ;
#137 = PLANE ( 'NONE',  #1395 ) ;
#138 = CARTESIAN_POINT ( 'NONE',  ( 0.4249999999999991562, 0.05000000000000002359, -0.3250000000000001776 ) ) ;
#139 = DIRECTION ( 'NONE',  ( -0.000000000000000000, -1.000000000000000000, -0.000000000000000000 ) ) ;
#140 = VECTOR ( 'NONE', #619, 1000.000000000000000 ) ;
#141 = VECTOR ( 'NONE', #1695, 1000.000000000000000 ) ;
#142 = SURFACE_STYLE_USAGE ( .BOTH. , #715 ) ;
#143 = VECTOR ( 'NONE', #1586, 1000.000000000000000 ) ;
#144 = CYLINDRICAL_SURFACE ( 'NONE', #1670, 0.05000000000000002359 ) ;
#145 = EDGE_CURVE ( 'NONE', #317, #126, #1005, .T. ) ;
#146 = DIRECTION ( 'NONE',  ( 0.000000000000000000, 1.000000000000000000, 0.000000000000000000 ) ) ;
#147 = DIRECTION ( 'NONE',  ( 0.000000000000000000, 1.000000000000000000, 0.000000000000000000 ) ) ;
#148 = DIRECTION ( 'NONE',  ( 0.000000000000000000, 0.000000000000000000, -1.000000000000000000 ) ) ;
#149 = COLOUR_RGB ( '',0.7529411764705882248, 0.7529411764705882248, 0.7529411764705882248 ) ;
#150 = ORIENTED_EDGE ( 'NONE', *, *, #904, .T. ) ;
#151 = ORIENTED_EDGE ( 'NONE', *, *, #45, .F. ) ;
#152 = LINE ( 'NONE', #1376, #1315 ) ;
#153 = ADVANCED_FACE ( 'NONE', ( #575 ), #1543, .T. ) ;
#154 = DIRECTION ( 'NONE',  ( 0.000000000000000000, 0.000000000000000000, -1.000000000000000000 ) ) ;
#155 = CARTESIAN_POINT ( 'NONE',  ( -0.4250000000000008771, 0.05000000000000002359, 0.3249999999999997891 ) ) ;
#156 = VERTEX_POINT ( 'NONE', #1283 ) ;
#157 = CARTESIAN_POINT ( 'NONE',  ( 0.000000000000000000, 0.000000000000000000, 0.2749999999999997446 ) ) ;
#158 = STYLED_ITEM ( 'NONE', ( #1561 ), #742 ) ;
#159 = EDGE_CURVE ( 'NONE', #842, #384, #1740, .T. ) ;
#160 = DIRECTION ( 'NONE',  ( 0.000000000000000000, 1.000000000000000000, 0.000000000000000000 ) ) ;
#161 = DIRECTION ( 'NONE',  ( 1.000000000000000000, 0.000000000000000000, 0.000000000000000000 ) ) ;
#162 = CARTESIAN_POINT ( 'NONE',  ( -0.1750000000000000722, 0.000000000000000000, 6.324512672832114540E-17 ) ) ;
#163 = CIRCLE ( 'NONE', #636, 0.05000000000000002359 ) ;
#164 = ADVANCED_FACE ( 'NONE', ( #1257 ), #883, .F. ) ;
#165 = EDGE_CURVE ( 'NONE', #506, #1195, #815, .T. ) ;
#166 = PLANE ( 'NONE',  #958 ) ;
#167 = DIRECTION ( 'NONE',  ( 1.084202172485503251E-15, 0.000000000000000000, 1.000000000000000000 ) ) ;
#168 = CIRCLE ( 'NONE', #939, 0.05000000000000005135 ) ;
#169 = EDGE_CURVE ( 'NONE', #559, #61, #1130, .T. ) ;
#170 = VECTOR ( 'NONE', #562, 1000.000000000000000 ) ;
#171 = VERTEX_POINT ( 'NONE', #375 ) ;
#172 =( GEOMETRIC_REPRESENTATION_CONTEXT ( 3 ) GLOBAL_UNCERTAINTY_ASSIGNED_CONTEXT ( ( #1084 ) ) GLOBAL_UNIT_ASSIGNED_CONTEXT ( ( #311, #329, #633 ) ) REPRESENTATION_CONTEXT ( 'NONE', 'WORKASPACE' ) );
#173 = ORIENTED_EDGE ( 'NONE', *, *, #1382, .F. ) ;
#174 =( LENGTH_UNIT ( ) NAMED_UNIT ( * ) SI_UNIT ( .MILLI., .METRE. ) );
#175 = CARTESIAN_POINT ( 'NONE',  ( 0.000000000000000000, 0.3999999999999999667, 0.2749999999999997446 ) ) ;
#176 = ADVANCED_FACE ( 'NONE', ( #1502 ), #111, .T. ) ;
#177 = DIRECTION ( 'NONE',  ( 0.000000000000000000, 0.000000000000000000, -1.000000000000000000 ) ) ;
#178 = ORIENTED_EDGE ( 'NONE', *, *, #818, .T. ) ;
#179 = CARTESIAN_POINT ( 'NONE',  ( 0.3250000000000000111, 0.05000000000000002359, 0.2749999999999997446 ) ) ;
#180 = ORIENTED_EDGE ( 'NONE', *, *, #1196, .T. ) ;
#181 = CARTESIAN_POINT ( 'NONE',  ( -0.4250000000000008771, 0.05000000000000002359, -0.3250000000000001776 ) ) ;
#182 = ORIENTED_EDGE ( 'NONE', *, *, #1764, .T. ) ;
#183 = EDGE_CURVE ( 'NONE', #954, #1577, #968, .T. ) ;
#184 = CARTESIAN_POINT ( 'NONE',  ( -0.4250000000000008771, 0.05000000000000002359, -0.3250000000000001776 ) ) ;
#185 = FILL_AREA_STYLE_COLOUR ( '', #324 ) ;
#186 = CARTESIAN_POINT ( 'NONE',  ( -0.2749999999999999667, 0.000000000000000000, 0.1750000000000002665 ) ) ;
#187 = FACE_OUTER_BOUND ( 'NONE', #427, .T. ) ;
#188 = DIRECTION ( 'NONE',  ( 1.000000000000000000, -0.000000000000000000, 0.000000000000000000 ) ) ;
#189 = VECTOR ( 'NONE', #544, 1000.000000000000000 ) ;
#190 = CARTESIAN_POINT ( 'NONE',  ( -0.2749999999999999667, 0.4500000000000000111, 0.1750000000000002665 ) ) ;
#191 = EDGE_CURVE ( 'NONE', #296, #1216, #718, .T. ) ;
#192 = PRESENTATION_LAYER_ASSIGNMENT (  '', '', ( #108 ) ) ;
#193 = ORIENTED_EDGE ( 'NONE', *, *, #95, .T. ) ;
#194 = CARTESIAN_POINT ( 'NONE',  ( 0.3749999999999991673, 0.4500000000000000111, -0.2750000000000001887 ) ) ;
#195 = ORIENTED_EDGE ( 'NONE', *, *, #884, .F. ) ;
#196 = EDGE_CURVE ( 'NONE', #701, #89, #75, .T. ) ;
#197 = DIRECTION ( 'NONE',  ( -1.000000000000000000, -1.084202172485504040E-15, 0.000000000000000000 ) ) ;
#198 = VERTEX_POINT ( 'NONE', #710 ) ;
#199 = ORIENTED_EDGE ( 'NONE', *, *, #969, .T. ) ;
#200 = ORIENTED_EDGE ( 'NONE', *, *, #1484, .T. ) ;
#201 = CARTESIAN_POINT ( 'NONE',  ( 0.3250000000000000666, 0.4500000000000000111, 0.2749999999999997446 ) ) ;
#202 = EDGE_CURVE ( 'NONE', #264, #171, #447, .T. ) ;
#203 = AXIS2_PLACEMENT_3D ( 'NONE', #1437, #338, #1457 ) ;
#204 = VECTOR ( 'NONE', #909, 1000.000000000000000 ) ;
#205 = FILL_AREA_STYLE_COLOUR ( '', #1435 ) ;
#206 = EDGE_CURVE ( 'NONE', #59, #1708, #110, .T. ) ;
#207 = FACE_OUTER_BOUND ( 'NONE', #961, .T. ) ;
#208 = DIRECTION ( 'NONE',  ( 1.000000000000000000, -0.000000000000000000, 0.000000000000000000 ) ) ;
#209 = CARTESIAN_POINT ( 'NONE',  ( -0.4250000000000008771, 0.4500000000000000111, -0.3250000000000001776 ) ) ;
#210 = ORIENTED_EDGE ( 'NONE', *, *, #1161, .T. ) ;
#211 = MECHANICAL_DESIGN_GEOMETRIC_PRESENTATION_REPRESENTATION (  '', ( #1246 ), #413 ) ;
#212 = CARTESIAN_POINT ( 'NONE',  ( 0.3749999999999991673, 0.000000000000000000, -0.2750000000000001887 ) ) ;
#213 = DIRECTION ( 'NONE',  ( 1.000000000000000000, -0.000000000000000000, 0.000000000000000000 ) ) ;
#214 = ORIENTED_EDGE ( 'NONE', *, *, #1230, .T. ) ;
#215 = ORIENTED_EDGE ( 'NONE', *, *, #807, .F. ) ;
#216 = EDGE_LOOP ( 'NONE', ( #1092, #765, #357, #1428 ) ) ;
#217 = VERTEX_POINT ( 'NONE', #533 ) ;
#218 = ORIENTED_EDGE ( 'NONE', *, *, #1134, .T. ) ;
#219 = PRODUCT_DEFINITION_CONTEXT ( 'detailed design', #956, 'design' ) ;
#220 =( LENGTH_UNIT ( ) NAMED_UNIT ( * ) SI_UNIT ( .MILLI., .METRE. ) );
#221 = PLANE ( 'NONE',  #1548 ) ;
#222 = ADVANCED_FACE ( 'NONE', ( #1090 ), #949, .F. ) ;
#223 = DIRECTION ( 'NONE',  ( -0.000000000000000000, -1.000000000000000000, -0.000000000000000000 ) ) ;
#224 = CARTESIAN_POINT ( 'NONE',  ( -0.4250000000000008771, 0.05000000000000002359, -0.2750000000000001887 ) ) ;
#225 = COLOUR_RGB ( '',0.7529411764705882248, 0.7529411764705882248, 0.7529411764705882248 ) ;
#226 = UNCERTAINTY_MEASURE_WITH_UNIT (LENGTH_MEASURE( 1.000000000000000082E-05 ), #1727, 'distance_accuracy_value', 'NONE');
#227 = DIRECTION ( 'NONE',  ( 0.000000000000000000, 0.000000000000000000, 1.000000000000000000 ) ) ;
#228 = SURFACE_STYLE_USAGE ( .BOTH. , #906 ) ;
#229 = VECTOR ( 'NONE', #1033, 1000.000000000000000 ) ;
#230 = EDGE_CURVE ( 'NONE', #1680, #800, #777, .T. ) ;
#231 = DIRECTION ( 'NONE',  ( 0.000000000000000000, 0.000000000000000000, 1.000000000000000000 ) ) ;
#232 = CIRCLE ( 'NONE', #234, 0.05000000000000002359 ) ;
#233 = SURFACE_STYLE_FILL_AREA ( #1307 ) ;
#234 = AXIS2_PLACEMENT_3D ( 'NONE', #1369, #122, #5 ) ;
#235 = CYLINDRICAL_SURFACE ( 'NONE', #1186, 0.04999999999999999584 ) ;
#236 = CARTESIAN_POINT ( 'NONE',  ( -0.4250000000000008771, 0.3999999999999999667, 0.3249999999999997891 ) ) ;
#237 = ADVANCED_FACE ( 'NONE', ( #33 ), #1512, .F. ) ;
#238 = ORIENTED_EDGE ( 'NONE', *, *, #1574, .T. ) ;
#239 = ORIENTED_EDGE ( 'NONE', *, *, #429, .T. ) ;
#240 = DIRECTION ( 'NONE',  ( 1.084202172485503251E-15, 0.000000000000000000, 1.000000000000000000 ) ) ;
#241 = AXIS2_PLACEMENT_3D ( 'NONE', #1191, #88, #360 ) ;
#242 = ORIENTED_EDGE ( 'NONE', *, *, #83, .T. ) ;
#243 = ORIENTED_EDGE ( 'NONE', *, *, #305, .F. ) ;
#244 = CARTESIAN_POINT ( 'NONE',  ( 0.1750000000000000167, 0.3999999999999999667, -0.3250000000000001776 ) ) ;
#245 = ORIENTED_EDGE ( 'NONE', *, *, #1277, .T. ) ;
#246 = CARTESIAN_POINT ( 'NONE',  ( -0.4250000000000008771, 0.05000000000000002359, -0.2750000000000001887 ) ) ;
#247 = ORIENTED_EDGE ( 'NONE', *, *, #1559, .T. ) ;
#248 = APPLICATION_PROTOCOL_DEFINITION ( 'draft international standard', 'automotive_design', 1998, #956 ) ;
#249 = CARTESIAN_POINT ( 'NONE',  ( 0.3250000000000000111, 0.3999999999999999667, -0.3250000000000001776 ) ) ;
#250 = EDGE_CURVE ( 'NONE', #1577, #334, #819, .T. ) ;
#251 = DIRECTION ( 'NONE',  ( 0.000000000000000000, 0.000000000000000000, 1.000000000000000000 ) ) ;
#252 = LINE ( 'NONE', #315, #1063 ) ;
#253 = AXIS2_PLACEMENT_3D ( 'NONE', #872, #37, #1002 ) ;
#254 = FACE_OUTER_BOUND ( 'NONE', #1472, .T. ) ;
#255 = EDGE_CURVE ( 'NONE', #785, #821, #1485, .T. ) ;
#256 = DIRECTION ( 'NONE',  ( -1.000000000000000000, 0.000000000000000000, 0.000000000000000000 ) ) ;
#257 = CYLINDRICAL_SURFACE ( 'NONE', #203, 0.04999999999999999584 ) ;
#258 = EDGE_CURVE ( 'NONE', #1576, #635, #284, .T. ) ;
#259 = ORIENTED_EDGE ( 'NONE', *, *, #294, .T. ) ;
#260 = ORIENTED_EDGE ( 'NONE', *, *, #1403, .T. ) ;
#261 = ORIENTED_EDGE ( 'NONE', *, *, #1414, .F. ) ;
#262 = EDGE_CURVE ( 'NONE', #198, #803, #1464, .T. ) ;
#263 = CARTESIAN_POINT ( 'NONE',  ( 0.1749999999999999611, 0.000000000000000000, 6.324512672832109609E-17 ) ) ;
#264 = VERTEX_POINT ( 'NONE', #644 ) ;
#265 = ORIENTED_EDGE ( 'NONE', *, *, #1674, .T. ) ;
#266 =( NAMED_UNIT ( * ) PLANE_ANGLE_UNIT ( ) SI_UNIT ( $, .RADIAN. ) );
#267 = AXIS2_PLACEMENT_3D ( 'NONE', #514, #522, #72 ) ;
#268 = EDGE_LOOP ( 'NONE', ( #720, #292, #931, #766 ) ) ;
#269 = ORIENTED_EDGE ( 'NONE', *, *, #1108, .F. ) ;
#270 = CARTESIAN_POINT ( 'NONE',  ( 0.4249999999999991562, 0.4500000000000000111, 0.3249999999999997891 ) ) ;
#271 = ADVANCED_FACE ( 'NONE', ( #1215 ), #235, .T. ) ;
#272 = LINE ( 'NONE', #1599, #874 ) ;
#273 = CARTESIAN_POINT ( 'NONE',  ( -0.1750000000000000722, 0.4500000000000000111, 6.324512672832114540E-17 ) ) ;
#274 = DIRECTION ( 'NONE',  ( 0.000000000000000000, 0.000000000000000000, 1.000000000000000000 ) ) ;
#275 = CIRCLE ( 'NONE', #1618, 0.05000000000000005135 ) ;
#276 = ADVANCED_FACE ( 'NONE', ( #207 ), #797, .F. ) ;
#277 = CARTESIAN_POINT ( 'NONE',  ( -0.1750000000000000167, 0.4500000000000000111, -0.3250000000000001776 ) ) ;
#278 = STYLED_ITEM ( 'NONE', ( #53 ), #573 ) ;
#279 = LINE ( 'NONE', #451, #1389 ) ;
#280 =( LENGTH_UNIT ( ) NAMED_UNIT ( * ) SI_UNIT ( .MILLI., .METRE. ) );
#281 = CARTESIAN_POINT ( 'NONE',  ( -0.3250000000000000111, 0.000000000000000000, -0.2750000000000001887 ) ) ;
#282 = FACE_OUTER_BOUND ( 'NONE', #268, .T. ) ;
#283 = DIRECTION ( 'NONE',  ( 1.000000000000000000, -0.000000000000000000, -0.000000000000000000 ) ) ;
#284 = LINE ( 'NONE', #90, #911 ) ;
#285 = ORIENTED_EDGE ( 'NONE', *, *, #840, .T. ) ;
#286 = ORIENTED_EDGE ( 'NONE', *, *, #1674, .F. ) ;
#287 = CARTESIAN_POINT ( 'NONE',  ( 0.2749999999999999667, 0.000000000000000000, 0.1250000000000002220 ) ) ;
#288 = CARTESIAN_POINT ( 'NONE',  ( -0.4250000000000008771, 0.05000000000000002359, 0.3249999999999997891 ) ) ;
#289 = EDGE_LOOP ( 'NONE', ( #1613, #520, #400, #617 ) ) ;
#290 = CARTESIAN_POINT ( 'NONE',  ( 0.4249999999999991562, 0.4500000000000000111, -0.3250000000000001776 ) ) ;
#291 = CARTESIAN_POINT ( 'NONE',  ( 0.1750000000000000167, 0.05000000000000002359, 0.3249999999999997891 ) ) ;
#292 = ORIENTED_EDGE ( 'NONE', *, *, #1749, .F. ) ;
#293 = ADVANCED_FACE ( 'NONE', ( #986 ), #144, .T. ) ;
#294 = EDGE_CURVE ( 'NONE', #1511, #957, #1588, .T. ) ;
#295 =( BOUNDED_CURVE ( )  B_SPLINE_CURVE ( 3, ( #1250, #1387, #1706, #1156 ),
 .UNSPECIFIED., .F., .T. ) 
 B_SPLINE_CURVE_WITH_KNOTS ( ( 4, 4 ),
 ( 1.570796326794896558, 3.141592653589793116 ),
 .UNSPECIFIED. ) 
 CURVE ( )  GEOMETRIC_REPRESENTATION_ITEM ( )  RATIONAL_B_SPLINE_CURVE ( ( 1.000000000000000000, 0.8047378541243649375, 0.8047378541243649375, 1.000000000000000000 ) ) 
 REPRESENTATION_ITEM ( '' )  );
#296 = VERTEX_POINT ( 'NONE', #704 ) ;
#297 = FILL_AREA_STYLE ('',( #1110 ) ) ;
#298 = DIRECTION ( 'NONE',  ( 1.000000000000000000, -0.000000000000000000, -0.000000000000000000 ) ) ;
#299 = CARTESIAN_POINT ( 'NONE',  ( 0.1750000000000000167, 0.4500000000000000111, 0.1750000000000002665 ) ) ;
#300 = FILL_AREA_STYLE_COLOUR ( '', #1003 ) ;
#301 = LINE ( 'NONE', #1133, #1645 ) ;
#302 = CARTESIAN_POINT ( 'NONE',  ( -0.4250000000000008771, 0.05000000000000002359, -0.3250000000000001776 ) ) ;
#303 = SURFACE_SIDE_STYLE ('',( #551 ) ) ;
#304 = DIRECTION ( 'NONE',  ( 0.000000000000000000, 0.000000000000000000, 1.000000000000000000 ) ) ;
#305 = EDGE_CURVE ( 'NONE', #1402, #1137, #841, .T. ) ;
#306 = PRESENTATION_LAYER_ASSIGNMENT (  '', '', ( #84 ) ) ;
#307 = FACE_OUTER_BOUND ( 'NONE', #1488, .T. ) ;
#308 = CARTESIAN_POINT ( 'NONE',  ( 0.1749999999999999611, 0.000000000000000000, 0.2749999999999997446 ) ) ;
#309 = ORIENTED_EDGE ( 'NONE', *, *, #783, .T. ) ;
#310 = ORIENTED_EDGE ( 'NONE', *, *, #83, .F. ) ;
#311 =( LENGTH_UNIT ( ) NAMED_UNIT ( * ) SI_UNIT ( .MILLI., .METRE. ) );
#312 = ORIENTED_EDGE ( 'NONE', *, *, #388, .T. ) ;
#313 = STYLED_ITEM ( 'NONE', ( #776 ), #428 ) ;
#314 = DIRECTION ( 'NONE',  ( 0.000000000000000000, 0.000000000000000000, 1.000000000000000000 ) ) ;
#315 = CARTESIAN_POINT ( 'NONE',  ( 0.3249999999999999556, 0.000000000000000000, 1.174552353525963301E-16 ) ) ;
#316 = ADVANCED_FACE ( 'NONE', ( #1345 ), #462, .F. ) ;
#317 = VERTEX_POINT ( 'NONE', #1440 ) ;
#318 =( BOUNDED_CURVE ( )  B_SPLINE_CURVE ( 3, ( #868, #453, #594, #1682 ),
 .UNSPECIFIED., .F., .F. ) 
 B_SPLINE_CURVE_WITH_KNOTS ( ( 4, 4 ),
 ( 1.570796326794896558, 3.141592653589793116 ),
 .UNSPECIFIED. ) 
 CURVE ( )  GEOMETRIC_REPRESENTATION_ITEM ( )  RATIONAL_B_SPLINE_CURVE ( ( 1.000000000000000000, 0.8047378541243649375, 0.8047378541243649375, 1.000000000000000000 ) ) 
 REPRESENTATION_ITEM ( '' )  );
#319 = DIRECTION ( 'NONE',  ( 0.000000000000000000, 1.000000000000000000, 0.000000000000000000 ) ) ;
#320 =( GEOMETRIC_REPRESENTATION_CONTEXT ( 3 ) GLOBAL_UNCERTAINTY_ASSIGNED_CONTEXT ( ( #902 ) ) GLOBAL_UNIT_ASSIGNED_CONTEXT ( ( #1774, #677, #1096 ) ) REPRESENTATION_CONTEXT ( 'NONE', 'WORKASPACE' ) );
#321 =( LENGTH_UNIT ( ) NAMED_UNIT ( * ) SI_UNIT ( .MILLI., .METRE. ) );
#322 = PRESENTATION_STYLE_ASSIGNMENT (( #1582 ) ) ;
#323 = FILL_AREA_STYLE_COLOUR ( '', #1393 ) ;
#324 = COLOUR_RGB ( '',0.7529411764705882248, 0.7529411764705882248, 0.7529411764705882248 ) ;
#325 =( LENGTH_UNIT ( ) NAMED_UNIT ( * ) SI_UNIT ( .MILLI., .METRE. ) );
#326 = MECHANICAL_DESIGN_GEOMETRIC_PRESENTATION_REPRESENTATION (  '', ( #1760 ), #540 ) ;
#327 = EDGE_CURVE ( 'NONE', #914, #317, #1279, .T. ) ;
#328 = CARTESIAN_POINT ( 'NONE',  ( -0.3250000000000000111, 0.4500000000000000111, -0.3250000000000001776 ) ) ;
#329 =( NAMED_UNIT ( * ) PLANE_ANGLE_UNIT ( ) SI_UNIT ( $, .RADIAN. ) );
#330 = EDGE_LOOP ( 'NONE', ( #745, #557, #310, #472 ) ) ;
#331 = DIRECTION ( 'NONE',  ( 1.000000000000000000, 0.000000000000000000, 0.000000000000000000 ) ) ;
#332 = DIRECTION ( 'NONE',  ( 0.000000000000000000, 0.000000000000000000, 1.000000000000000000 ) ) ;
#333 = ORIENTED_EDGE ( 'NONE', *, *, #840, .F. ) ;
#334 = VERTEX_POINT ( 'NONE', #355 ) ;
#335 = ORIENTED_EDGE ( 'NONE', *, *, #818, .F. ) ;
#336 = MECHANICAL_DESIGN_GEOMETRIC_PRESENTATION_REPRESENTATION (  '', ( #1769 ), #537 ) ;
#337 = ORIENTED_EDGE ( 'NONE', *, *, #1306, .T. ) ;
#338 = DIRECTION ( 'NONE',  ( 1.000000000000000000, -0.000000000000000000, 0.000000000000000000 ) ) ;
#339 = EDGE_LOOP ( 'NONE', ( #891, #265, #150, #1287 ) ) ;
#340 = DIRECTION ( 'NONE',  ( 0.000000000000000000, -0.000000000000000000, 1.000000000000000000 ) ) ;
#341 = STYLED_ITEM ( 'NONE', ( #46 ), #1540 ) ;
#342 = EDGE_CURVE ( 'NONE', #1046, #1427, #498, .T. ) ;
#343 = CARTESIAN_POINT ( 'NONE',  ( -0.3250000000000000666, 0.3999999999999999667, 0.3249999999999997891 ) ) ;
#344 = CARTESIAN_POINT ( 'NONE',  ( -0.4250000000000008771, 0.05000000000000002359, 0.2749999999999997446 ) ) ;
#345 = CIRCLE ( 'NONE', #1209, 0.05000000000000005135 ) ;
#346 = LINE ( 'NONE', #133, #1052 ) ;
#347 = FACE_OUTER_BOUND ( 'NONE', #1767, .T. ) ;
#348 = CARTESIAN_POINT ( 'NONE',  ( 0.000000000000000000, 0.000000000000000000, 0.1250000000000002220 ) ) ;
#349 =( LENGTH_UNIT ( ) NAMED_UNIT ( * ) SI_UNIT ( .MILLI., .METRE. ) );
#350 = CIRCLE ( 'NONE', #1671, 0.05000000000000002359 ) ;
#351 = COLOUR_RGB ( '',0.7529411764705882248, 0.7529411764705882248, 0.7529411764705882248 ) ;
#352 = CARTESIAN_POINT ( 'NONE',  ( 0.000000000000000000, 0.4500000000000000111, -0.1250000000000002220 ) ) ;
#353 = VERTEX_POINT ( 'NONE', #1061 ) ;
#354 = ORIENTED_EDGE ( 'NONE', *, *, #1626, .F. ) ;
#355 = CARTESIAN_POINT ( 'NONE',  ( -0.1750000000000000167, 0.05000000000000002359, -0.3250000000000001776 ) ) ;
#356 = EDGE_LOOP ( 'NONE', ( #802, #1197, #44, #337 ) ) ;
#357 = ORIENTED_EDGE ( 'NONE', *, *, #689, .F. ) ;
#358 = CARTESIAN_POINT ( 'NONE',  ( -0.4250000000000008771, 0.4500000000000000111, -0.3250000000000001776 ) ) ;
#359 = MECHANICAL_DESIGN_GEOMETRIC_PRESENTATION_REPRESENTATION (  '', ( #73 ), #80 ) ;
#360 = DIRECTION ( 'NONE',  ( 1.084202172485504434E-15, 1.000000000000000000, 0.000000000000000000 ) ) ;
#361 = DIRECTION ( 'NONE',  ( 0.000000000000000000, -0.000000000000000000, -1.000000000000000000 ) ) ;
#362 = STYLED_ITEM ( 'NONE', ( #642 ), #1337 ) ;
#363 = VECTOR ( 'NONE', #1545, 1000.000000000000000 ) ;
#364 = CARTESIAN_POINT ( 'NONE',  ( 0.2749999999999999667, 0.4500000000000000111, 0.1250000000000002220 ) ) ;
#365 = ADVANCED_FACE ( 'NONE', ( #397 ), #1566, .T. ) ;
#366 = DIRECTION ( 'NONE',  ( 1.000000000000000000, 0.000000000000000000, 0.000000000000000000 ) ) ;
#367 = LINE ( 'NONE', #1136, #1441 ) ;
#368 =( NAMED_UNIT ( * ) PLANE_ANGLE_UNIT ( ) SI_UNIT ( $, .RADIAN. ) );
#369 = SURFACE_STYLE_FILL_AREA ( #565 ) ;
#370 = DIRECTION ( 'NONE',  ( 1.000000000000000000, -0.000000000000000000, 0.000000000000000000 ) ) ;
#371 = EDGE_CURVE ( 'NONE', #894, #334, #232, .T. ) ;
#372 = CARTESIAN_POINT ( 'NONE',  ( -0.1749999999999999611, 0.05000000000000002359, 0.2749999999999997446 ) ) ;
#373 = ORIENTED_EDGE ( 'NONE', *, *, #1473, .T. ) ;
#374 = AXIS2_PLACEMENT_3D ( 'NONE', #1067, #649, #1339 ) ;
#375 = CARTESIAN_POINT ( 'NONE',  ( 0.3250000000000000666, 0.000000000000000000, -0.2750000000000001887 ) ) ;
#376 = ORIENTED_EDGE ( 'NONE', *, *, #504, .T. ) ;
#377 = ORIENTED_EDGE ( 'NONE', *, *, #1484, .F. ) ;
#378 = DIRECTION ( 'NONE',  ( 1.000000000000000000, 0.000000000000000000, -0.000000000000000000 ) ) ;
#379 = ORIENTED_EDGE ( 'NONE', *, *, #1127, .F. ) ;
#380 = VECTOR ( 'NONE', #1504, 1000.000000000000000 ) ;
#381 = FILL_AREA_STYLE ('',( #1308 ) ) ;
#382 = ORIENTED_EDGE ( 'NONE', *, *, #1445, .F. ) ;
#383 = DIRECTION ( 'NONE',  ( -1.000000000000000000, 0.000000000000000000, 0.000000000000000000 ) ) ;
#384 = VERTEX_POINT ( 'NONE', #974 ) ;
#385 = CIRCLE ( 'NONE', #1199, 0.05000000000000005135 ) ;
#386 = ADVANCED_FACE ( 'NONE', ( #1074 ), #518, .T. ) ;
#387 = VECTOR ( 'NONE', #778, 1000.000000000000000 ) ;
#388 = EDGE_CURVE ( 'NONE', #1075, #509, #1392, .T. ) ;
#389 = CARTESIAN_POINT ( 'NONE',  ( -0.2250000000000000611, 0.4500000000000000111, 0.1250000000000002220 ) ) ;
#390 = CYLINDRICAL_SURFACE ( 'NONE', #1528, 0.04999999999999999584 ) ;
#391 = AXIS2_PLACEMENT_3D ( 'NONE', #695, #1615, #804 ) ;
#392 = ADVANCED_FACE ( 'NONE', ( #421 ), #124, .T. ) ;
#393 = DIRECTION ( 'NONE',  ( 1.000000000000000000, -0.000000000000000000, -0.000000000000000000 ) ) ;
#394 = PLANE ( 'NONE',  #1219 ) ;
#395 = DIRECTION ( 'NONE',  ( 1.000000000000000000, -0.000000000000000000, 0.000000000000000000 ) ) ;
#396 = SURFACE_STYLE_FILL_AREA ( #1037 ) ;
#397 = FACE_OUTER_BOUND ( 'NONE', #1329, .T. ) ;
#398 = DIRECTION ( 'NONE',  ( -1.084202172485504434E-15, 1.000000000000000000, 0.000000000000000000 ) ) ;
#399 = VECTOR ( 'NONE', #1668, 1000.000000000000000 ) ;
#400 = ORIENTED_EDGE ( 'NONE', *, *, #1661, .F. ) ;
#401 = EDGE_CURVE ( 'NONE', #559, #1511, #109, .T. ) ;
#402 = EDGE_LOOP ( 'NONE', ( #1159, #851, #913, #740 ) ) ;
#403 = ADVANCED_FACE ( 'NONE', ( #1171 ), #471, .T. ) ;
#404 = SURFACE_STYLE_USAGE ( .BOTH. , #1227 ) ;
#405 = MECHANICAL_DESIGN_GEOMETRIC_PRESENTATION_REPRESENTATION (  '', ( #84 ), #172 ) ;
#406 = ORIENTED_EDGE ( 'NONE', *, *, #875, .T. ) ;
#407 = LINE ( 'NONE', #822, #1425 ) ;
#408 = ORIENTED_EDGE ( 'NONE', *, *, #924, .F. ) ;
#409 = CARTESIAN_POINT ( 'NONE',  ( -0.1749999999999999889, 0.000000000000000000, 3.162256336416055421E-17 ) ) ;
#410 = DIRECTION ( 'NONE',  ( 0.000000000000000000, 0.000000000000000000, -1.000000000000000000 ) ) ;
#411 = DIRECTION ( 'NONE',  ( 1.807003620809174632E-16, -0.000000000000000000, 1.000000000000000000 ) ) ;
#412 = CARTESIAN_POINT ( 'NONE',  ( -0.4250000000000008771, 0.4500000000000000111, -0.2750000000000001887 ) ) ;
#413 =( GEOMETRIC_REPRESENTATION_CONTEXT ( 3 ) GLOBAL_UNCERTAINTY_ASSIGNED_CONTEXT ( ( #1397 ) ) GLOBAL_UNIT_ASSIGNED_CONTEXT ( ( #174, #1712, #895 ) ) REPRESENTATION_CONTEXT ( 'NONE', 'WORKASPACE' ) );
#414 = LINE ( 'NONE', #6, #1051 ) ;
#415 = CIRCLE ( 'NONE', #597, 0.04999999999999999584 ) ;
#416 = EDGE_CURVE ( 'NONE', #1109, #842, #795, .T. ) ;
#417 = DIRECTION ( 'NONE',  ( 0.000000000000000000, 0.000000000000000000, 1.000000000000000000 ) ) ;
#418 = ADVANCED_FACE ( 'NONE', ( #282 ), #1541, .T. ) ;
#419 = FACE_OUTER_BOUND ( 'NONE', #1696, .T. ) ;
#420 = CARTESIAN_POINT ( 'NONE',  ( 0.1750000000000000722, 0.4500000000000000111, 6.324512672832114540E-17 ) ) ;
#421 = FACE_OUTER_BOUND ( 'NONE', #289, .T. ) ;
#422 = ADVANCED_FACE ( 'NONE', ( #757 ), #887, .T. ) ;
#423 = ORIENTED_EDGE ( 'NONE', *, *, #985, .F. ) ;
#424 = DIRECTION ( 'NONE',  ( 1.807003620809174632E-16, -0.000000000000000000, 1.000000000000000000 ) ) ;
#425 = VERTEX_POINT ( 'NONE', #127 ) ;
#426 = CARTESIAN_POINT ( 'NONE',  ( 0.2250000000000000611, 0.4500000000000000111, 0.1750000000000002665 ) ) ;
#427 = EDGE_LOOP ( 'NONE', ( #285, #1493, #1241, #408 ) ) ;
#428 = ADVANCED_FACE ( 'NONE', ( #1499 ), #137, .F. ) ;
#429 = EDGE_CURVE ( 'NONE', #917, #979, #350, .T. ) ;
#430 = ORIENTED_EDGE ( 'NONE', *, *, #1749, .T. ) ;
#431 = LINE ( 'NONE', #138, #1490 ) ;
#432 = DIRECTION ( 'NONE',  ( -1.000000000000000000, 0.000000000000000000, 0.000000000000000000 ) ) ;
#433 = CARTESIAN_POINT ( 'NONE',  ( 0.000000000000000000, 0.4500000000000000111, 0.000000000000000000 ) ) ;
#434 = ORIENTED_EDGE ( 'NONE', *, *, #1500, .T. ) ;
#435 = ORIENTED_EDGE ( 'NONE', *, *, #401, .T. ) ;
#436 = CARTESIAN_POINT ( 'NONE',  ( -0.3750000000000008882, 0.000000000000000000, -0.2750000000000001887 ) ) ;
#437 = VECTOR ( 'NONE', #1766, 1000.000000000000000 ) ;
#438 =( BOUNDED_CURVE ( )  B_SPLINE_CURVE ( 3, ( #436, #119, #112, #1509 ),
 .UNSPECIFIED., .F., .T. ) 
 B_SPLINE_CURVE_WITH_KNOTS ( ( 4, 4 ),
 ( 1.570796326794896558, 3.141592653589793116 ),
 .UNSPECIFIED. ) 
 CURVE ( )  GEOMETRIC_REPRESENTATION_ITEM ( )  RATIONAL_B_SPLINE_CURVE ( ( 1.000000000000000000, 0.8047378541243649375, 0.8047378541243649375, 1.000000000000000000 ) ) 
 REPRESENTATION_ITEM ( '' )  );
#439 = MECHANICAL_DESIGN_GEOMETRIC_PRESENTATION_REPRESENTATION (  '', ( #972 ), #910 ) ;
#440 = LINE ( 'NONE', #157, #488 ) ;
#441 = CARTESIAN_POINT ( 'NONE',  ( -0.3250000000000000666, 0.05000000000000000278, 0.2749999999999997446 ) ) ;
#442 = ADVANCED_FACE ( 'NONE', ( #1344 ), #839, .T. ) ;
#443 = AXIS2_PLACEMENT_3D ( 'NONE', #246, #104, #304 ) ;
#444 = CYLINDRICAL_SURFACE ( 'NONE', #1375, 0.04999999999999999584 ) ;
#445 = AXIS2_PLACEMENT_3D ( 'NONE', #1281, #1570, #465 ) ;
#446 =( NAMED_UNIT ( * ) SI_UNIT ( $, .STERADIAN. ) SOLID_ANGLE_UNIT ( ) );
#447 = CIRCLE ( 'NONE', #843, 0.05000000000000000278 ) ;
#448 = LINE ( 'NONE', #1704, #928 ) ;
#449 =( LENGTH_UNIT ( ) NAMED_UNIT ( * ) SI_UNIT ( .MILLI., .METRE. ) );
#450 = SURFACE_STYLE_USAGE ( .BOTH. , #1129 ) ;
#451 = CARTESIAN_POINT ( 'NONE',  ( 0.3250000000000000111, 0.3999999999999999667, -0.3250000000000001776 ) ) ;
#452 = EDGE_LOOP ( 'NONE', ( #950, #1404, #1657, #615, #1549, #929, #1162, #1045, #247, #1058, #1041, #1451, #373, #1568, #1658, #435, #700, #1349, #1205, #1373, #218, #1157, #1526, #309, #136, #1288, #613, #612 ) ) ;
#453 = CARTESIAN_POINT ( 'NONE',  ( 0.4042893218813443101, 0.4499999999999999556, -0.3042893218813454426 ) ) ;
#454 = EDGE_CURVE ( 'NONE', #1751, #384, #1088, .T. ) ;
#455 = FILL_AREA_STYLE ('',( #39 ) ) ;
#456 = ORIENTED_EDGE ( 'NONE', *, *, #416, .T. ) ;
#457 = ORIENTED_EDGE ( 'NONE', *, *, #1243, .F. ) ;
#458 =( GEOMETRIC_REPRESENTATION_CONTEXT ( 3 ) GLOBAL_UNCERTAINTY_ASSIGNED_CONTEXT ( ( #226 ) ) GLOBAL_UNIT_ASSIGNED_CONTEXT ( ( #1727, #639, #1465 ) ) REPRESENTATION_CONTEXT ( 'NONE', 'WORKASPACE' ) );
#459 = ORIENTED_EDGE ( 'NONE', *, *, #474, .F. ) ;
#460 =( NAMED_UNIT ( * ) SI_UNIT ( $, .STERADIAN. ) SOLID_ANGLE_UNIT ( ) );
#461 = CARTESIAN_POINT ( 'NONE',  ( -0.3250000000000000111, 0.3999999999999999667, -0.3250000000000001776 ) ) ;
#462 = PLANE ( 'NONE',  #1732 ) ;
#463 = LINE ( 'NONE', #358, #1366 ) ;
#464 = DIRECTION ( 'NONE',  ( 0.000000000000000000, 0.000000000000000000, -1.000000000000000000 ) ) ;
#465 = DIRECTION ( 'NONE',  ( -1.626303258728255073E-15, 0.000000000000000000, 1.000000000000000000 ) ) ;
#466 = AXIS2_PLACEMENT_3D ( 'NONE', #1121, #1132, #1672 ) ;
#467 = CARTESIAN_POINT ( 'NONE',  ( 0.000000000000000000, 0.000000000000000000, 0.2749999999999997446 ) ) ;
#468 = EDGE_CURVE ( 'NONE', #1751, #217, #734, .T. ) ;
#469 = MECHANICAL_DESIGN_GEOMETRIC_PRESENTATION_REPRESENTATION (  '', ( #786 ), #966 ) ;
#470 = SURFACE_STYLE_USAGE ( .BOTH. , #901 ) ;
#471 = CYLINDRICAL_SURFACE ( 'NONE', #547, 0.05000000000000002359 ) ;
#472 = ORIENTED_EDGE ( 'NONE', *, *, #1372, .F. ) ;
#473 = ORIENTED_EDGE ( 'NONE', *, *, #924, .T. ) ;
#474 = EDGE_CURVE ( 'NONE', #62, #171, #1787, .T. ) ;
#475 = ORIENTED_EDGE ( 'NONE', *, *, #1117, .F. ) ;
#476 = CARTESIAN_POINT ( 'NONE',  ( 0.4249999999999991562, 0.4292893218813451650, 0.3249999999999997891 ) ) ;
#477 = CARTESIAN_POINT ( 'NONE',  ( 0.4249999999999991562, 0.05000000000000002359, -0.3250000000000001776 ) ) ;
#478 = EDGE_LOOP ( 'NONE', ( #935, #259, #1595, #683, #1042, #1284 ) ) ;
#479 = ORIENTED_EDGE ( 'NONE', *, *, #474, .T. ) ;
#480 = COLOUR_RGB ( '',0.7529411764705882248, 0.7529411764705882248, 0.7529411764705882248 ) ;
#481 = DIRECTION ( 'NONE',  ( -1.000000000000000000, -0.000000000000000000, -0.000000000000000000 ) ) ;
#482 = VERTEX_POINT ( 'NONE', #1450 ) ;
#483 = CARTESIAN_POINT ( 'NONE',  ( 0.4249999999999991562, 0.3999999999999999667, -0.3250000000000001776 ) ) ;
#484 =( GEOMETRIC_REPRESENTATION_CONTEXT ( 3 ) GLOBAL_UNCERTAINTY_ASSIGNED_CONTEXT ( ( #1531 ) ) GLOBAL_UNIT_ASSIGNED_CONTEXT ( ( #1348, #266, #15 ) ) REPRESENTATION_CONTEXT ( 'NONE', 'WORKASPACE' ) );
#485 = ORIENTED_EDGE ( 'NONE', *, *, #255, .T. ) ;
#486 = CARTESIAN_POINT ( 'NONE',  ( -0.3250000000000000666, 0.4500000000000000111, 0.2749999999999997446 ) ) ;
#487 = CARTESIAN_POINT ( 'NONE',  ( -0.4250000000000008771, 0.3999999999999999667, 0.3249999999999997891 ) ) ;
#488 = VECTOR ( 'NONE', #1417, 1000.000000000000000 ) ;
#489 =( LENGTH_UNIT ( ) NAMED_UNIT ( * ) SI_UNIT ( .MILLI., .METRE. ) );
#490 = CARTESIAN_POINT ( 'NONE',  ( -0.1750000000000000444, 0.000000000000000000, -0.2750000000000001887 ) ) ;
#491 = VECTOR ( 'NONE', #1242, 1000.000000000000000 ) ;
#492 = VECTOR ( 'NONE', #975, 1000.000000000000000 ) ;
#493 = CARTESIAN_POINT ( 'NONE',  ( 0.3250000000000000111, 0.000000000000000000, -0.1750000000000002387 ) ) ;
#494 = CARTESIAN_POINT ( 'NONE',  ( -0.4250000000000008771, 0.05000000000000002359, -0.3250000000000001776 ) ) ;
#495 = FACE_OUTER_BOUND ( 'NONE', #1609, .T. ) ;
#496 = CARTESIAN_POINT ( 'NONE',  ( -0.1750000000000000167, 0.4500000000000000111, -0.1750000000000002387 ) ) ;
#497 = AXIS2_PLACEMENT_3D ( 'NONE', #1014, #1275, #1687 ) ;
#498 = LINE ( 'NONE', #1192, #629 ) ;
#499 = VECTOR ( 'NONE', #1660, 1000.000000000000000 ) ;
#500 = CARTESIAN_POINT ( 'NONE',  ( 0.000000000000000000, 0.000000000000000000, 0.000000000000000000 ) ) ;
#501 = UNCERTAINTY_MEASURE_WITH_UNIT (LENGTH_MEASURE( 1.000000000000000082E-05 ), #1513, 'distance_accuracy_value', 'NONE');
#502 = ORIENTED_EDGE ( 'NONE', *, *, #230, .F. ) ;
#503 = EDGE_LOOP ( 'NONE', ( #1453, #587, #1773, #1398, #151, #637 ) ) ;
#504 = EDGE_CURVE ( 'NONE', #582, #1571, #600, .T. ) ;
#505 = CARTESIAN_POINT ( 'NONE',  ( 0.2250000000000000611, 0.000000000000000000, -0.1250000000000002220 ) ) ;
#506 = VERTEX_POINT ( 'NONE', #477 ) ;
#507 = ORIENTED_EDGE ( 'NONE', *, *, #726, .T. ) ;
#508 = DIRECTION ( 'NONE',  ( -1.000000000000000000, -0.000000000000000000, -0.000000000000000000 ) ) ;
#509 = VERTEX_POINT ( 'NONE', #1040 ) ;
#510 = CARTESIAN_POINT ( 'NONE',  ( 0.3250000000000000111, 0.4500000000000000111, -0.1750000000000002387 ) ) ;
#511 = DIRECTION ( 'NONE',  ( -1.000000000000000000, 0.000000000000000000, 0.000000000000000000 ) ) ;
#512 = AXIS2_PLACEMENT_3D ( 'NONE', #60, #1300, #1716 ) ;
#513 = FILL_AREA_STYLE ('',( #659 ) ) ;
#514 = CARTESIAN_POINT ( 'NONE',  ( -0.4250000000000008771, 0.4500000000000000111, 0.3249999999999997891 ) ) ;
#515 = CARTESIAN_POINT ( 'NONE',  ( 0.1750000000000000167, 0.4500000000000000111, 0.2749999999999997446 ) ) ;
#516 = DIRECTION ( 'NONE',  ( -0.000000000000000000, -1.000000000000000000, -0.000000000000000000 ) ) ;
#517 = EDGE_CURVE ( 'NONE', #509, #156, #1752, .T. ) ;
#518 = CYLINDRICAL_SURFACE ( 'NONE', #1538, 0.04999999999999999584 ) ;
#519 = EDGE_CURVE ( 'NONE', #1137, #198, #168, .T. ) ;
#520 = ORIENTED_EDGE ( 'NONE', *, *, #783, .F. ) ;
#521 = ORIENTED_EDGE ( 'NONE', *, *, #1230, .F. ) ;
#522 = DIRECTION ( 'NONE',  ( 0.000000000000000000, 0.000000000000000000, -1.000000000000000000 ) ) ;
#523 = VERTEX_POINT ( 'NONE', #1438 ) ;
#524 = CARTESIAN_POINT ( 'NONE',  ( -0.1749999999999999611, 0.3999999999999999667, 0.3249999999999997891 ) ) ;
#525 = FILL_AREA_STYLE ('',( #657 ) ) ;
#526 = ORIENTED_EDGE ( 'NONE', *, *, #1503, .F. ) ;
#527 = DIRECTION ( 'NONE',  ( -1.000000000000000000, 0.000000000000000000, 0.000000000000000000 ) ) ;
#528 = ORIENTED_EDGE ( 'NONE', *, *, #870, .T. ) ;
#529 = ADVANCED_FACE ( 'NONE', ( #926 ), #755, .T. ) ;
#530 = LINE ( 'NONE', #162, #1517 ) ;
#531 = CARTESIAN_POINT ( 'NONE',  ( -0.3250000000000000111, 0.4500000000000000111, 0.000000000000000000 ) ) ;
#532 = VECTOR ( 'NONE', #1322, 1000.000000000000000 ) ;
#533 = CARTESIAN_POINT ( 'NONE',  ( -0.3250000000000000666, 0.4500000000000000111, 0.2749999999999997446 ) ) ;
#534 = CIRCLE ( 'NONE', #1475, 0.05000000000000005135 ) ;
#535 =( LENGTH_UNIT ( ) NAMED_UNIT ( * ) SI_UNIT ( .MILLI., .METRE. ) );
#536 = VECTOR ( 'NONE', #607, 1000.000000000000000 ) ;
#537 =( GEOMETRIC_REPRESENTATION_CONTEXT ( 3 ) GLOBAL_UNCERTAINTY_ASSIGNED_CONTEXT ( ( #1560 ) ) GLOBAL_UNIT_ASSIGNED_CONTEXT ( ( #321, #1436, #66 ) ) REPRESENTATION_CONTEXT ( 'NONE', 'WORKASPACE' ) );
#538 = DIRECTION ( 'NONE',  ( -0.000000000000000000, -1.000000000000000000, -0.000000000000000000 ) ) ;
#539 = DIRECTION ( 'NONE',  ( 0.000000000000000000, -0.000000000000000000, 1.000000000000000000 ) ) ;
#540 =( GEOMETRIC_REPRESENTATION_CONTEXT ( 3 ) GLOBAL_UNCERTAINTY_ASSIGNED_CONTEXT ( ( #712 ) ) GLOBAL_UNIT_ASSIGNED_CONTEXT ( ( #1273, #1163, #1589 ) ) REPRESENTATION_CONTEXT ( 'NONE', 'WORKASPACE' ) );
#541 = ADVANCED_FACE ( 'NONE', ( #419 ), #554, .T. ) ;
#542 = CYLINDRICAL_SURFACE ( 'NONE', #1572, 0.05000000000000002359 ) ;
#543 = PRESENTATION_LAYER_ASSIGNMENT (  '', '', ( #341 ) ) ;
#544 = DIRECTION ( 'NONE',  ( 3.614007241618349264E-16, 0.000000000000000000, -1.000000000000000000 ) ) ;
#545 = ORIENTED_EDGE ( 'NONE', *, *, #57, .F. ) ;
#546 = ORIENTED_EDGE ( 'NONE', *, *, #1104, .F. ) ;
#547 = AXIS2_PLACEMENT_3D ( 'NONE', #588, #595, #42 ) ;
#548 = AXIS2_PLACEMENT_3D ( 'NONE', #1535, #1409, #1675 ) ;
#549 = LINE ( 'NONE', #461, #566 ) ;
#550 =( NAMED_UNIT ( * ) SI_UNIT ( $, .STERADIAN. ) SOLID_ANGLE_UNIT ( ) );
#551 = SURFACE_STYLE_FILL_AREA ( #455 ) ;
#552 = COLOUR_RGB ( '',0.7529411764705882248, 0.7529411764705882248, 0.7529411764705882248 ) ;
#553 = CARTESIAN_POINT ( 'NONE',  ( -0.4250000000000008771, 0.4500000000000000111, -0.3250000000000001776 ) ) ;
#554 = CYLINDRICAL_SURFACE ( 'NONE', #1714, 0.05000000000000002359 ) ;
#555 = CARTESIAN_POINT ( 'NONE',  ( 0.000000000000000000, 0.4500000000000000111, 0.1250000000000002220 ) ) ;
#556 = CIRCLE ( 'NONE', #466, 0.05000000000000005135 ) ;
#557 = ORIENTED_EDGE ( 'NONE', *, *, #756, .F. ) ;
#558 = CARTESIAN_POINT ( 'NONE',  ( -0.3250000000000000666, 0.3999999999999999667, 0.2749999999999997446 ) ) ;
#559 = VERTEX_POINT ( 'NONE', #1278 ) ;
#560 = CARTESIAN_POINT ( 'NONE',  ( 0.000000000000000000, 0.3999999999999999667, 0.2749999999999997446 ) ) ;
#561 = ORIENTED_EDGE ( 'NONE', *, *, #135, .T. ) ;
#562 = DIRECTION ( 'NONE',  ( -0.000000000000000000, -1.000000000000000000, -0.000000000000000000 ) ) ;
#563 = ORIENTED_EDGE ( 'NONE', *, *, #401, .F. ) ;
#564 = EDGE_LOOP ( 'NONE', ( #1082, #1249, #1654, #180, #682, #193 ) ) ;
#565 = FILL_AREA_STYLE ('',( #1523 ) ) ;
#566 = VECTOR ( 'NONE', #1556, 1000.000000000000000 ) ;
#567 = UNCERTAINTY_MEASURE_WITH_UNIT (LENGTH_MEASURE( 1.000000000000000082E-05 ), #1111, 'distance_accuracy_value', 'NONE');
#568 = MECHANICAL_DESIGN_GEOMETRIC_PRESENTATION_REPRESENTATION (  '', ( #278 ), #484 ) ;
#569 = LINE ( 'NONE', #709, #106 ) ;
#570 = EDGE_CURVE ( 'NONE', #134, #1705, #1054, .T. ) ;
#571 = LINE ( 'NONE', #1268, #141 ) ;
#572 = DIRECTION ( 'NONE',  ( 0.000000000000000000, -1.000000000000000000, 0.000000000000000000 ) ) ;
#573 = ADVANCED_FACE ( 'NONE', ( #964 ), #1026, .T. ) ;
#574 = CARTESIAN_POINT ( 'NONE',  ( 0.000000000000000000, 0.000000000000000000, 0.000000000000000000 ) ) ;
#575 = FACE_OUTER_BOUND ( 'NONE', #330, .T. ) ;
#576 = CARTESIAN_POINT ( 'NONE',  ( 0.3250000000000000111, 0.4500000000000000111, 0.1750000000000002387 ) ) ;
#577 = CARTESIAN_POINT ( 'NONE',  ( 0.3249999999999999556, 0.4500000000000000111, -1.174552353525963301E-16 ) ) ;
#578 = CIRCLE ( 'NONE', #1514, 0.05000000000000005135 ) ;
#579 = EDGE_LOOP ( 'NONE', ( #620, #479, #25, #485, #200, #1244 ) ) ;
#580 = STYLED_ITEM ( 'NONE', ( #696 ), #748 ) ;
#581 = DIRECTION ( 'NONE',  ( -1.000000000000000000, 0.000000000000000000, 0.000000000000000000 ) ) ;
#582 = VERTEX_POINT ( 'NONE', #824 ) ;
#583 =( LENGTH_UNIT ( ) NAMED_UNIT ( * ) SI_UNIT ( .MILLI., .METRE. ) );
#584 = ORIENTED_EDGE ( 'NONE', *, *, #183, .T. ) ;
#585 = CARTESIAN_POINT ( 'NONE',  ( -0.2749999999999999667, 0.000000000000000000, -0.1750000000000002665 ) ) ;
#586 = DIRECTION ( 'NONE',  ( -1.000000000000000000, 0.000000000000000000, 0.000000000000000000 ) ) ;
#587 = ORIENTED_EDGE ( 'NONE', *, *, #729, .T. ) ;
#588 = CARTESIAN_POINT ( 'NONE',  ( 0.000000000000000000, 0.3999999999999999667, 0.2749999999999997446 ) ) ;
#589 = EDGE_CURVE ( 'NONE', #61, #1576, #279, .T. ) ;
#590 = AXIS2_PLACEMENT_3D ( 'NONE', #372, #1623, #1754 ) ;
#591 = CARTESIAN_POINT ( 'NONE',  ( 0.000000000000000000, 0.000000000000000000, 0.000000000000000000 ) ) ;
#592 = VECTOR ( 'NONE', #188, 1000.000000000000000 ) ;
#593 = DIRECTION ( 'NONE',  ( 3.614007241618349264E-16, 0.000000000000000000, -1.000000000000000000 ) ) ;
#594 = CARTESIAN_POINT ( 'NONE',  ( 0.4249999999999991562, 0.4292893218813451650, -0.3250000000000001221 ) ) ;
#595 = DIRECTION ( 'NONE',  ( -1.000000000000000000, 0.000000000000000000, 0.000000000000000000 ) ) ;
#596 = LINE ( 'NONE', #486, #204 ) ;
#597 = AXIS2_PLACEMENT_3D ( 'NONE', #1562, #1702, #618 ) ;
#598 = DIRECTION ( 'NONE',  ( -1.000000000000000000, 0.000000000000000000, 0.000000000000000000 ) ) ;
#599 = DIRECTION ( 'NONE',  ( 0.000000000000000000, -0.000000000000000000, 1.000000000000000000 ) ) ;
#600 = CIRCLE ( 'NONE', #1126, 0.05000000000000005135 ) ;
#601 = CARTESIAN_POINT ( 'NONE',  ( 0.3250000000000000111, 0.3999999999999999667, 0.3249999999999997891 ) ) ;
#602 = CARTESIAN_POINT ( 'NONE',  ( -0.3750000000000008882, 0.3999999999999999667, 0.000000000000000000 ) ) ;
#603 = CARTESIAN_POINT ( 'NONE',  ( -0.1750000000000000167, 0.000000000000000000, 0.1750000000000002387 ) ) ;
#604 = DIRECTION ( 'NONE',  ( 0.000000000000000000, 0.000000000000000000, 1.000000000000000000 ) ) ;
#605 = PRESENTATION_LAYER_ASSIGNMENT (  '', '', ( #1013 ) ) ;
#606 = SURFACE_STYLE_FILL_AREA ( #1756 ) ;
#607 = DIRECTION ( 'NONE',  ( 1.000000000000000000, -0.000000000000000000, 0.000000000000000000 ) ) ;
#608 = DIRECTION ( 'NONE',  ( -1.000000000000000000, -0.000000000000000000, -0.000000000000000000 ) ) ;
#609 = CARTESIAN_POINT ( 'NONE',  ( 0.000000000000000000, 0.000000000000000000, -0.2750000000000001887 ) ) ;
#610 = ORIENTED_EDGE ( 'NONE', *, *, #1127, .T. ) ;
#611 = CARTESIAN_POINT ( 'NONE',  ( -0.4250000000000008771, 0.4500000000000000111, -0.3250000000000001776 ) ) ;
#612 = ORIENTED_EDGE ( 'NONE', *, *, #1525, .T. ) ;
#613 = ORIENTED_EDGE ( 'NONE', *, *, #45, .T. ) ;
#614 = AXIS2_PLACEMENT_3D ( 'NONE', #1707, #9, #1105 ) ;
#615 = ORIENTED_EDGE ( 'NONE', *, *, #1254, .T. ) ;
#616 =( GEOMETRIC_REPRESENTATION_CONTEXT ( 3 ) GLOBAL_UNCERTAINTY_ASSIGNED_CONTEXT ( ( #1149 ) ) GLOBAL_UNIT_ASSIGNED_CONTEXT ( ( #449, #1701, #866 ) ) REPRESENTATION_CONTEXT ( 'NONE', 'WORKASPACE' ) );
#617 = ORIENTED_EDGE ( 'NONE', *, *, #1184, .F. ) ;
#618 = DIRECTION ( 'NONE',  ( 1.084202172485504434E-15, 0.000000000000000000, -1.000000000000000000 ) ) ;
#619 = DIRECTION ( 'NONE',  ( 1.000000000000000000, 0.000000000000000000, 0.000000000000000000 ) ) ;
#620 = ORIENTED_EDGE ( 'NONE', *, *, #1104, .T. ) ;
#621 =( NAMED_UNIT ( * ) SI_UNIT ( $, .STERADIAN. ) SOLID_ANGLE_UNIT ( ) );
#622 = UNCERTAINTY_MEASURE_WITH_UNIT (LENGTH_MEASURE( 1.000000000000000082E-05 ), #1338, 'distance_accuracy_value', 'NONE');
#623 = PLANE ( 'NONE',  #512 ) ;
#624 = PRESENTATION_STYLE_ASSIGNMENT (( #1018 ) ) ;
#625 = CARTESIAN_POINT ( 'NONE',  ( -0.3750000000000008882, 0.05000000000000002359, -0.3250000000000001776 ) ) ;
#626 = LINE ( 'NONE', #412, #908 ) ;
#627 = EDGE_CURVE ( 'NONE', #1195, #156, #670, .T. ) ;
#628 = CARTESIAN_POINT ( 'NONE',  ( 0.4249999999999991562, 0.3999999999999999667, 0.3249999999999997891 ) ) ;
#629 = VECTOR ( 'NONE', #361, 1000.000000000000000 ) ;
#630 = ORIENTED_EDGE ( 'NONE', *, *, #1454, .F. ) ;
#631 = CARTESIAN_POINT ( 'NONE',  ( 0.000000000000000000, 0.000000000000000000, 0.000000000000000000 ) ) ;
#632 = ORIENTED_EDGE ( 'NONE', *, *, #1669, .F. ) ;
#633 =( NAMED_UNIT ( * ) SI_UNIT ( $, .STERADIAN. ) SOLID_ANGLE_UNIT ( ) );
#634 = UNCERTAINTY_MEASURE_WITH_UNIT (LENGTH_MEASURE( 1.000000000000000082E-05 ), #1006, 'distance_accuracy_value', 'NONE');
#635 = VERTEX_POINT ( 'NONE', #483 ) ;
#636 = AXIS2_PLACEMENT_3D ( 'NONE', #1697, #1019, #177 ) ;
#637 = ORIENTED_EDGE ( 'NONE', *, *, #671, .F. ) ;
#638 = CARTESIAN_POINT ( 'NONE',  ( -0.3249999999999999556, 0.4500000000000000111, -1.174552353525963301E-16 ) ) ;
#639 =( NAMED_UNIT ( * ) PLANE_ANGLE_UNIT ( ) SI_UNIT ( $, .RADIAN. ) );
#640 = PLANE ( 'NONE',  #374 ) ;
#641 = DIRECTION ( 'NONE',  ( 0.000000000000000000, 0.000000000000000000, 1.000000000000000000 ) ) ;
#642 = PRESENTATION_STYLE_ASSIGNMENT (( #999 ) ) ;
#643 = UNCERTAINTY_MEASURE_WITH_UNIT (LENGTH_MEASURE( 1.000000000000000082E-05 ), #535, 'distance_accuracy_value', 'NONE');
#644 = CARTESIAN_POINT ( 'NONE',  ( 0.3250000000000000111, 0.05000000000000002359, -0.3250000000000001776 ) ) ;
#645 = DIRECTION ( 'NONE',  ( 3.614007241618349264E-16, 0.000000000000000000, -1.000000000000000000 ) ) ;
#646 = VECTOR ( 'NONE', #1434, 1000.000000000000000 ) ;
#647 = FILL_AREA_STYLE_COLOUR ( '', #1327 ) ;
#648 = CARTESIAN_POINT ( 'NONE',  ( 0.000000000000000000, 0.000000000000000000, -0.2750000000000001887 ) ) ;
#649 = DIRECTION ( 'NONE',  ( 0.000000000000000000, 0.000000000000000000, 1.000000000000000000 ) ) ;
#650 = VECTOR ( 'NONE', #424, 1000.000000000000000 ) ;
#651 = EDGE_LOOP ( 'NONE', ( #1683, #871, #242, #936 ) ) ;
#652 = VERTEX_POINT ( 'NONE', #41 ) ;
#653 = DIRECTION ( 'NONE',  ( 1.000000000000000000, -0.000000000000000000, -0.000000000000000000 ) ) ;
#654 = CARTESIAN_POINT ( 'NONE',  ( 0.000000000000000000, 0.000000000000000000, 0.2749999999999997446 ) ) ;
#655 = VERTEX_POINT ( 'NONE', #1140 ) ;
#656 = CARTESIAN_POINT ( 'NONE',  ( -0.1750000000000000167, 0.3999999999999999667, -0.3250000000000001776 ) ) ;
#657 = FILL_AREA_STYLE_COLOUR ( '', #1554 ) ;
#658 = LINE ( 'NONE', #1328, #387 ) ;
#659 = FILL_AREA_STYLE_COLOUR ( '', #1303 ) ;
#660 = CARTESIAN_POINT ( 'NONE',  ( 0.3250000000000000666, 0.000000000000000000, 0.2749999999999997446 ) ) ;
#661 = DIRECTION ( 'NONE',  ( 0.000000000000000000, 0.000000000000000000, -1.000000000000000000 ) ) ;
#662 = SURFACE_STYLE_FILL_AREA ( #792 ) ;
#663 = PLANE ( 'NONE',  #1183 ) ;
#664 = CARTESIAN_POINT ( 'NONE',  ( 0.2749999999999999667, 0.4500000000000000111, -0.1250000000000002220 ) ) ;
#665 = COLOUR_RGB ( '',0.7529411764705882248, 0.7529411764705882248, 0.7529411764705882248 ) ;
#666 = LINE ( 'NONE', #648, #1759 ) ;
#667 = DIRECTION ( 'NONE',  ( 1.084202172485503251E-15, 0.000000000000000000, 1.000000000000000000 ) ) ;
#668 = UNCERTAINTY_MEASURE_WITH_UNIT (LENGTH_MEASURE( 1.000000000000000082E-05 ), #349, 'distance_accuracy_value', 'NONE');
#669 = CIRCLE ( 'NONE', #548, 0.04999999999999999584 ) ;
#670 = LINE ( 'NONE', #52, #229 ) ;
#671 = EDGE_CURVE ( 'NONE', #1202, #1610, #713, .T. ) ;
#672 = DIRECTION ( 'NONE',  ( 0.000000000000000000, 0.000000000000000000, 1.000000000000000000 ) ) ;
#673 = SURFACE_STYLE_FILL_AREA ( #513 ) ;
#674 = DIRECTION ( 'NONE',  ( -1.000000000000000000, 0.000000000000000000, 0.000000000000000000 ) ) ;
#675 = MECHANICAL_DESIGN_GEOMETRIC_PRESENTATION_REPRESENTATION (  '', ( #773 ), #707 ) ;
#676 = VERTEX_POINT ( 'NONE', #603 ) ;
#677 =( NAMED_UNIT ( * ) PLANE_ANGLE_UNIT ( ) SI_UNIT ( $, .RADIAN. ) );
#678 = SURFACE_SIDE_STYLE ('',( #1621 ) ) ;
#679 = ADVANCED_FACE ( 'NONE', ( #945 ), #899, .T. ) ;
#680 = ORIENTED_EDGE ( 'NONE', *, *, #159, .T. ) ;
#681 =( NAMED_UNIT ( * ) PLANE_ANGLE_UNIT ( ) SI_UNIT ( $, .RADIAN. ) );
#682 = ORIENTED_EDGE ( 'NONE', *, *, #719, .T. ) ;
#683 = ORIENTED_EDGE ( 'NONE', *, *, #1210, .F. ) ;
#684 =( NAMED_UNIT ( * ) PLANE_ANGLE_UNIT ( ) SI_UNIT ( $, .RADIAN. ) );
#685 = VERTEX_POINT ( 'NONE', #1020 ) ;
#686 = ORIENTED_EDGE ( 'NONE', *, *, #1196, .F. ) ;
#687 = MECHANICAL_DESIGN_GEOMETRIC_PRESENTATION_REPRESENTATION (  '', ( #108 ), #743 ) ;
#688 = CARTESIAN_POINT ( 'NONE',  ( 0.3249999999999999556, 0.000000000000000000, -1.174552353525963301E-16 ) ) ;
#689 = EDGE_CURVE ( 'NONE', #23, #61, #1234, .T. ) ;
#690 = PRESENTATION_STYLE_ASSIGNMENT (( #1011 ) ) ;
#691 = ADVANCED_FACE ( 'NONE', ( #1647 ), #640, .F. ) ;
#692 = MANIFOLD_SOLID_BREP ( 'Fillet1', #1294 ) ;
#693 = CARTESIAN_POINT ( 'NONE',  ( -0.2749999999999999667, 0.000000000000000000, -0.1250000000000002220 ) ) ;
#694 = FILL_AREA_STYLE ('',( #823 ) ) ;
#695 = CARTESIAN_POINT ( 'NONE',  ( 0.000000000000000000, 0.4500000000000000111, 0.000000000000000000 ) ) ;
#696 = PRESENTATION_STYLE_ASSIGNMENT (( #228 ) ) ;
#697 = SURFACE_STYLE_FILL_AREA ( #1757 ) ;
#698 = VERTEX_POINT ( 'NONE', #291 ) ;
#699 = DIRECTION ( 'NONE',  ( 1.000000000000000000, -0.000000000000000000, 0.000000000000000000 ) ) ;
#700 = ORIENTED_EDGE ( 'NONE', *, *, #20, .T. ) ;
#701 = VERTEX_POINT ( 'NONE', #1408 ) ;
#702 = ORIENTED_EDGE ( 'NONE', *, *, #1359, .F. ) ;
#703 = ORIENTED_EDGE ( 'NONE', *, *, #1274, .F. ) ;
#704 = CARTESIAN_POINT ( 'NONE',  ( -0.2250000000000000611, 0.4500000000000000111, -0.1250000000000002220 ) ) ;
#705 = ORIENTED_EDGE ( 'NONE', *, *, #814, .F. ) ;
#706 = CARTESIAN_POINT ( 'NONE',  ( -0.3250000000000000111, 0.000000000000000000, 0.000000000000000000 ) ) ;
#707 =( GEOMETRIC_REPRESENTATION_CONTEXT ( 3 ) GLOBAL_UNCERTAINTY_ASSIGNED_CONTEXT ( ( #998 ) ) GLOBAL_UNIT_ASSIGNED_CONTEXT ( ( #2, #368, #31 ) ) REPRESENTATION_CONTEXT ( 'NONE', 'WORKASPACE' ) );
#708 = CARTESIAN_POINT ( 'NONE',  ( -0.4250000000000008771, 0.05000000000000002359, -0.2750000000000001887 ) ) ;
#709 = CARTESIAN_POINT ( 'NONE',  ( 0.3249999999999999556, 0.4500000000000000111, 1.174552353525963301E-16 ) ) ;
#710 = CARTESIAN_POINT ( 'NONE',  ( 0.2250000000000000611, 0.000000000000000000, 0.1250000000000002220 ) ) ;
#711 = SURFACE_STYLE_FILL_AREA ( #953 ) ;
#712 = UNCERTAINTY_MEASURE_WITH_UNIT (LENGTH_MEASURE( 1.000000000000000082E-05 ), #1273, 'distance_accuracy_value', 'NONE');
#713 = CIRCLE ( 'NONE', #98, 0.05000000000000005135 ) ;
#714 = CARTESIAN_POINT ( 'NONE',  ( -0.2749999999999999667, 0.000000000000000000, 0.1250000000000002220 ) ) ;
#715 = SURFACE_SIDE_STYLE ('',( #606 ) ) ;
#716 = SURFACE_STYLE_FILL_AREA ( #694 ) ;
#717 = DIRECTION ( 'NONE',  ( -1.000000000000000000, 0.000000000000000000, 0.000000000000000000 ) ) ;
#718 = LINE ( 'NONE', #1064, #1031 ) ;
#719 = EDGE_CURVE ( 'NONE', #353, #1592, #32, .T. ) ;
#720 = ORIENTED_EDGE ( 'NONE', *, *, #165, .T. ) ;
#721 = ORIENTED_EDGE ( 'NONE', *, *, #1761, .F. ) ;
#722 = CARTESIAN_POINT ( 'NONE',  ( 0.4249999999999991562, 0.02071067811865478711, 0.3249999999999997891 ) ) ;
#723 = FILL_AREA_STYLE_COLOUR ( '', #1522 ) ;
#724 = ORIENTED_EDGE ( 'NONE', *, *, #429, .F. ) ;
#725 = EDGE_CURVE ( 'NONE', #761, #1109, #367, .T. ) ;
#726 = EDGE_CURVE ( 'NONE', #635, #1075, #85, .T. ) ;
#727 = AXIS2_PLACEMENT_3D ( 'NONE', #625, #1004, #1718 ) ;
#728 = VECTOR ( 'NONE', #1665, 1000.000000000000000 ) ;
#729 = EDGE_CURVE ( 'NONE', #217, #979, #1213, .T. ) ;
#730 = DIRECTION ( 'NONE',  ( 0.000000000000000000, 0.000000000000000000, 1.000000000000000000 ) ) ;
#731 = DIRECTION ( 'NONE',  ( 0.000000000000000000, 0.000000000000000000, 1.000000000000000000 ) ) ;
#732 = AXIS2_PLACEMENT_3D ( 'NONE', #48, #997, #1167 ) ;
#733 = DIRECTION ( 'NONE',  ( 0.000000000000000000, 1.000000000000000000, 0.000000000000000000 ) ) ;
#734 = CIRCLE ( 'NONE', #1649, 0.05000000000000002359 ) ;
#735 = EDGE_CURVE ( 'NONE', #914, #698, #1606, .T. ) ;
#736 = VECTOR ( 'NONE', #86, 1000.000000000000000 ) ;
#737 = CARTESIAN_POINT ( 'NONE',  ( -0.4250000000000008771, 0.4500000000000000111, 0.3249999999999997891 ) ) ;
#738 = LINE ( 'NONE', #555, #1631 ) ;
#739 = CARTESIAN_POINT ( 'NONE',  ( 0.2250000000000000611, 0.4500000000000000111, -0.1250000000000002220 ) ) ;
#740 = ORIENTED_EDGE ( 'NONE', *, *, #735, .T. ) ;
#741 =( GEOMETRIC_REPRESENTATION_CONTEXT ( 3 ) GLOBAL_UNCERTAINTY_ASSIGNED_CONTEXT ( ( #567 ) ) GLOBAL_UNIT_ASSIGNED_CONTEXT ( ( #1111, #857, #30 ) ) REPRESENTATION_CONTEXT ( 'NONE', 'WORKASPACE' ) );
#742 = ADVANCED_FACE ( 'NONE', ( #495 ), #166, .F. ) ;
#743 =( GEOMETRIC_REPRESENTATION_CONTEXT ( 3 ) GLOBAL_UNCERTAINTY_ASSIGNED_CONTEXT ( ( #58 ) ) GLOBAL_UNIT_ASSIGNED_CONTEXT ( ( #220, #1466, #920 ) ) REPRESENTATION_CONTEXT ( 'NONE', 'WORKASPACE' ) );
#744 = CARTESIAN_POINT ( 'NONE',  ( 0.000000000000000000, 0.000000000000000000, 0.1250000000000002220 ) ) ;
#745 = ORIENTED_EDGE ( 'NONE', *, *, #794, .T. ) ;
#746 = PLANE ( 'NONE',  #1290 ) ;
#747 = FILL_AREA_STYLE_COLOUR ( '', #788 ) ;
#748 = ADVANCED_FACE ( 'NONE', ( #347 ), #394, .T. ) ;
#749 = CARTESIAN_POINT ( 'NONE',  ( -0.4250000000000008771, 0.05000000000000002359, 0.3249999999999997891 ) ) ;
#750 = EDGE_CURVE ( 'NONE', #1770, #99, #1583, .T. ) ;
#751 = CARTESIAN_POINT ( 'NONE',  ( -0.4250000000000008771, 0.05000000000000002359, -0.3250000000000001776 ) ) ;
#752 = VECTOR ( 'NONE', #411, 1000.000000000000000 ) ;
#753 = STYLED_ITEM ( 'NONE', ( #1367 ), #886 ) ;
#754 = CARTESIAN_POINT ( 'NONE',  ( 0.3749999999999991673, 0.4500000000000000111, 0.2749999999999997446 ) ) ;
#755 = CYLINDRICAL_SURFACE ( 'NONE', #77, 0.05000000000000002359 ) ;
#756 = EDGE_CURVE ( 'NONE', #957, #59, #626, .T. ) ;
#757 = FACE_OUTER_BOUND ( 'NONE', #1494, .T. ) ;
#758 = VECTOR ( 'NONE', #393, 1000.000000000000000 ) ;
#759 = FILL_AREA_STYLE ('',( #885 ) ) ;
#760 = CARTESIAN_POINT ( 'NONE',  ( 0.1750000000000000167, 0.4500000000000000111, -0.3250000000000001776 ) ) ;
#761 = VERTEX_POINT ( 'NONE', #1237 ) ;
#762 = CARTESIAN_POINT ( 'NONE',  ( 0.1750000000000000167, 0.4500000000000000111, -0.1750000000000002387 ) ) ;
#763 = EDGE_LOOP ( 'NONE', ( #848, #100, #781, #1611 ) ) ;
#764 =( GEOMETRIC_REPRESENTATION_CONTEXT ( 3 ) GLOBAL_UNCERTAINTY_ASSIGNED_CONTEXT ( ( #1206 ) ) GLOBAL_UNIT_ASSIGNED_CONTEXT ( ( #1442, #1573, #1498 ) ) REPRESENTATION_CONTEXT ( 'NONE', 'WORKASPACE' ) );
#765 = ORIENTED_EDGE ( 'NONE', *, *, #1229, .T. ) ;
#766 = ORIENTED_EDGE ( 'NONE', *, *, #1694, .F. ) ;
#767 = CARTESIAN_POINT ( 'NONE',  ( 0.000000000000000000, 0.000000000000000000, -0.2750000000000001887 ) ) ;
#768 = DIRECTION ( 'NONE',  ( 0.000000000000000000, 1.000000000000000000, 0.000000000000000000 ) ) ;
#769 = SURFACE_SIDE_STYLE ('',( #396 ) ) ;
#770 = LINE ( 'NONE', #858, #1536 ) ;
#771 = DIRECTION ( 'NONE',  ( -1.000000000000000000, -1.084202172485504040E-15, -0.000000000000000000 ) ) ;
#772 = CARTESIAN_POINT ( 'NONE',  ( 0.1750000000000000167, 0.3999999999999999667, 0.2749999999999997446 ) ) ;
#773 = STYLED_ITEM ( 'NONE', ( #1125 ), #692 ) ;
#774 = VECTOR ( 'NONE', #1410, 1000.000000000000000 ) ;
#775 =( NAMED_UNIT ( * ) SI_UNIT ( $, .STERADIAN. ) SOLID_ANGLE_UNIT ( ) );
#776 = PRESENTATION_STYLE_ASSIGNMENT (( #1123 ) ) ;
#777 = LINE ( 'NONE', #420, #499 ) ;
#778 = DIRECTION ( 'NONE',  ( -0.000000000000000000, 0.000000000000000000, -1.000000000000000000 ) ) ;
#779 = CARTESIAN_POINT ( 'NONE',  ( -0.3250000000000000666, 0.000000000000000000, 0.2749999999999997446 ) ) ;
#780 = ORIENTED_EDGE ( 'NONE', *, *, #853, .F. ) ;
#781 = ORIENTED_EDGE ( 'NONE', *, *, #517, .F. ) ;
#782 = DIRECTION ( 'NONE',  ( -1.000000000000000000, 0.000000000000000000, -0.000000000000000000 ) ) ;
#783 = EDGE_CURVE ( 'NONE', #1708, #217, #596, .T. ) ;
#784 = ORIENTED_EDGE ( 'NONE', *, *, #853, .T. ) ;
#785 = VERTEX_POINT ( 'NONE', #493 ) ;
#786 = STYLED_ITEM ( 'NONE', ( #1297 ), #1763 ) ;
#787 = CARTESIAN_POINT ( 'NONE',  ( -0.3750000000000008882, 0.4500000000000000111, 0.3249999999999997891 ) ) ;
#788 = COLOUR_RGB ( '',0.7529411764705882248, 0.7529411764705882248, 0.7529411764705882248 ) ;
#789 = DIRECTION ( 'NONE',  ( 0.000000000000000000, 0.000000000000000000, 1.000000000000000000 ) ) ;
#790 = CIRCLE ( 'NONE', #1584, 0.05000000000000002359 ) ;
#791 = LINE ( 'NONE', #409, #752 ) ;
#792 = FILL_AREA_STYLE ('',( #205 ) ) ;
#793 = MECHANICAL_DESIGN_GEOMETRIC_PRESENTATION_REPRESENTATION (  '', ( #158 ), #458 ) ;
#794 = EDGE_CURVE ( 'NONE', #1427, #59, #1639, .T. ) ;
#795 = LINE ( 'NONE', #751, #55 ) ;
#796 = CARTESIAN_POINT ( 'NONE',  ( -0.1749999999999999611, 0.4500000000000000111, 0.2749999999999997446 ) ) ;
#797 = PLANE ( 'NONE',  #1379 ) ;
#798 = EDGE_LOOP ( 'NONE', ( #916, #852, #40, #784 ) ) ;
#799 = DIRECTION ( 'NONE',  ( -0.000000000000000000, -1.000000000000000000, -0.000000000000000000 ) ) ;
#800 = VERTEX_POINT ( 'NONE', #299 ) ;
#801 = FILL_AREA_STYLE_COLOUR ( '', #225 ) ;
#802 = ORIENTED_EDGE ( 'NONE', *, *, #388, .F. ) ;
#803 = VERTEX_POINT ( 'NONE', #287 ) ;
#804 = DIRECTION ( 'NONE',  ( 0.000000000000000000, -0.000000000000000000, 1.000000000000000000 ) ) ;
#805 = ORIENTED_EDGE ( 'NONE', *, *, #1077, .T. ) ;
#806 = EDGE_LOOP ( 'NONE', ( #721, #1380, #1118, #1656 ) ) ;
#807 = EDGE_CURVE ( 'NONE', #99, #1748, #1603, .T. ) ;
#808 = CARTESIAN_POINT ( 'NONE',  ( 0.000000000000000000, 0.000000000000000000, -0.1250000000000002220 ) ) ;
#809 = MECHANICAL_DESIGN_GEOMETRIC_PRESENTATION_REPRESENTATION (  '', ( #753 ), #1165 ) ;
#810 = CARTESIAN_POINT ( 'NONE',  ( 0.2749999999999999667, 0.000000000000000000, 0.1750000000000002665 ) ) ;
#811 = VECTOR ( 'NONE', #1790, 1000.000000000000000 ) ;
#812 = VECTOR ( 'NONE', #319, 1000.000000000000000 ) ;
#813 = PRESENTATION_STYLE_ASSIGNMENT (( #1292 ) ) ;
#814 = EDGE_CURVE ( 'NONE', #62, #23, #1738, .T. ) ;
#815 =( BOUNDED_CURVE ( )  B_SPLINE_CURVE ( 3, ( #1198, #1755, #1470, #212 ),
 .UNSPECIFIED., .F., .F. ) 
 B_SPLINE_CURVE_WITH_KNOTS ( ( 4, 4 ),
 ( 3.141592653589793116, 4.712388980384689674 ),
 .UNSPECIFIED. ) 
 CURVE ( )  GEOMETRIC_REPRESENTATION_ITEM ( )  RATIONAL_B_SPLINE_CURVE ( ( 1.000000000000000000, 0.8047378541243649375, 0.8047378541243649375, 1.000000000000000000 ) ) 
 REPRESENTATION_ITEM ( '' )  );
#816 = CARTESIAN_POINT ( 'NONE',  ( -0.2250000000000000611, 0.4500000000000000111, 0.1750000000000002665 ) ) ;
#817 = MECHANICAL_DESIGN_GEOMETRIC_PRESENTATION_REPRESENTATION (  '', ( #341 ), #1495 ) ;
#818 = EDGE_CURVE ( 'NONE', #482, #676, #1272, .T. ) ;
#819 = LINE ( 'NONE', #277, #399 ) ;
#820 = ORIENTED_EDGE ( 'NONE', *, *, #327, .T. ) ;
#821 = VERTEX_POINT ( 'NONE', #1406 ) ;
#822 = CARTESIAN_POINT ( 'NONE',  ( 0.4249999999999991562, 0.4500000000000000111, -0.3250000000000001776 ) ) ;
#823 = FILL_AREA_STYLE_COLOUR ( '', #1214 ) ;
#824 = CARTESIAN_POINT ( 'NONE',  ( -0.3250000000000000111, 0.000000000000000000, 0.1750000000000002109 ) ) ;
#825 = EDGE_LOOP ( 'NONE', ( #354, #1010, #1635, #475 ) ) ;
#826 = PRESENTATION_STYLE_ASSIGNMENT (( #450 ) ) ;
#827 = CARTESIAN_POINT ( 'NONE',  ( 0.1750000000000000722, 0.3999999999999999667, -0.2750000000000001887 ) ) ;
#828 = ORIENTED_EDGE ( 'NONE', *, *, #1698, .T. ) ;
#829 = DIRECTION ( 'NONE',  ( -0.000000000000000000, -1.000000000000000000, -0.000000000000000000 ) ) ;
#830 = DIRECTION ( 'NONE',  ( 0.000000000000000000, 1.000000000000000000, 0.000000000000000000 ) ) ;
#831 = LINE ( 'NONE', #1478, #437 ) ;
#832 = ADVANCED_FACE ( 'NONE', ( #1646 ), #991, .T. ) ;
#833 = PRESENTATION_LAYER_ASSIGNMENT (  '', '', ( #73 ) ) ;
#834 = DIRECTION ( 'NONE',  ( -1.000000000000000000, 0.000000000000000000, 0.000000000000000000 ) ) ;
#835 = FACE_OUTER_BOUND ( 'NONE', #763, .T. ) ;
#836 = DIRECTION ( 'NONE',  ( 0.000000000000000000, 0.000000000000000000, 1.000000000000000000 ) ) ;
#837 = DIRECTION ( 'NONE',  ( 1.000000000000000000, 0.000000000000000000, 0.000000000000000000 ) ) ;
#838 = CARTESIAN_POINT ( 'NONE',  ( -0.2749999999999999667, 0.4500000000000000111, -0.1250000000000002220 ) ) ;
#839 = CYLINDRICAL_SURFACE ( 'NONE', #732, 0.05000000000000002359 ) ;
#840 = EDGE_CURVE ( 'NONE', #652, #1576, #1231, .T. ) ;
#841 = LINE ( 'NONE', #1648, #927 ) ;
#842 = VERTEX_POINT ( 'NONE', #155 ) ;
#843 = AXIS2_PLACEMENT_3D ( 'NONE', #1311, #771, #1340 ) ;
#844 = EDGE_LOOP ( 'NONE', ( #1245, #1160, #1722, #1552 ) ) ;
#845 = ORIENTED_EDGE ( 'NONE', *, *, #255, .F. ) ;
#846 = ORIENTED_EDGE ( 'NONE', *, *, #1661, .T. ) ;
#847 = PRESENTATION_LAYER_ASSIGNMENT (  '', '', ( #972 ) ) ;
#848 = ORIENTED_EDGE ( 'NONE', *, *, #570, .T. ) ;
#849 = VECTOR ( 'NONE', #116, 1000.000000000000000 ) ;
#850 = PLANE ( 'NONE',  #1233 ) ;
#851 = ORIENTED_EDGE ( 'NONE', *, *, #105, .T. ) ;
#852 = ORIENTED_EDGE ( 'NONE', *, *, #589, .T. ) ;
#853 = EDGE_CURVE ( 'NONE', #264, #23, #1323, .T. ) ;
#854 = PRESENTATION_LAYER_ASSIGNMENT (  '', '', ( #278 ) ) ;
#855 = CIRCLE ( 'NONE', #445, 0.05000000000000005135 ) ;
#856 = DIRECTION ( 'NONE',  ( 0.000000000000000000, 0.000000000000000000, -1.000000000000000000 ) ) ;
#857 =( NAMED_UNIT ( * ) PLANE_ANGLE_UNIT ( ) SI_UNIT ( $, .RADIAN. ) );
#858 = CARTESIAN_POINT ( 'NONE',  ( 0.000000000000000000, 0.000000000000000000, -0.2750000000000001887 ) ) ;
#859 = CARTESIAN_POINT ( 'NONE',  ( 0.2250000000000000611, 0.4500000000000000111, 0.1250000000000002220 ) ) ;
#860 = LINE ( 'NONE', #638, #363 ) ;
#861 = LINE ( 'NONE', #654, #71 ) ;
#862 = CARTESIAN_POINT ( 'NONE',  ( 0.3749999999999991673, 0.000000000000000000, 0.2749999999999997446 ) ) ;
#863 = AXIS2_PLACEMENT_3D ( 'NONE', #179, #915, #398 ) ;
#864 = DIRECTION ( 'NONE',  ( 1.000000000000000000, 0.000000000000000000, 0.000000000000000000 ) ) ;
#865 = FACE_OUTER_BOUND ( 'NONE', #1422, .T. ) ;
#866 =( NAMED_UNIT ( * ) SI_UNIT ( $, .STERADIAN. ) SOLID_ANGLE_UNIT ( ) );
#867 = ORIENTED_EDGE ( 'NONE', *, *, #893, .T. ) ;
#868 = CARTESIAN_POINT ( 'NONE',  ( 0.3749999999999991673, 0.4500000000000000111, -0.2750000000000001887 ) ) ;
#869 = ORIENTED_EDGE ( 'NONE', *, *, #517, .T. ) ;
#870 = EDGE_CURVE ( 'NONE', #761, #954, #1025, .T. ) ;
#871 = ORIENTED_EDGE ( 'NONE', *, *, #183, .F. ) ;
#872 = CARTESIAN_POINT ( 'NONE',  ( 0.3250000000000000666, 0.3999999999999999667, -0.2750000000000001887 ) ) ;
#873 = DIRECTION ( 'NONE',  ( 1.000000000000000000, 0.000000000000000000, -0.000000000000000000 ) ) ;
#874 = VECTOR ( 'NONE', #645, 1000.000000000000000 ) ;
#875 = EDGE_CURVE ( 'NONE', #126, #582, #1341, .T. ) ;
#876 = PRESENTATION_LAYER_ASSIGNMENT (  '', '', ( #786 ) ) ;
#877 = VECTOR ( 'NONE', #481, 1000.000000000000000 ) ;
#878 = CARTESIAN_POINT ( 'NONE',  ( 0.000000000000000000, 0.3999999999999999667, -0.2750000000000001887 ) ) ;
#879 = DIRECTION ( 'NONE',  ( 1.000000000000000000, 0.000000000000000000, 0.000000000000000000 ) ) ;
#880 = CYLINDRICAL_SURFACE ( 'NONE', #121, 0.05000000000000002359 ) ;
#881 = VECTOR ( 'NONE', #608, 1000.000000000000000 ) ;
#882 = PLANE ( 'NONE',  #1143 ) ;
#883 = PLANE ( 'NONE',  #1506 ) ;
#884 = EDGE_CURVE ( 'NONE', #1511, #1577, #669, .T. ) ;
#885 = FILL_AREA_STYLE_COLOUR ( '', #1482 ) ;
#886 = ADVANCED_BREP_SHAPE_REPRESENTATION ( 'DLM0NSN900HY2D', ( #692, #1505 ), #1700 ) ;
#887 = CYLINDRICAL_SURFACE ( 'NONE', #888, 0.04999999999999999584 ) ;
#888 = AXIS2_PLACEMENT_3D ( 'NONE', #1324, #213, #410 ) ;
#889 = DIRECTION ( 'NONE',  ( -1.000000000000000000, -0.000000000000000000, -0.000000000000000000 ) ) ;
#890 = ORIENTED_EDGE ( 'NONE', *, *, #1426, .T. ) ;
#891 = ORIENTED_EDGE ( 'NONE', *, *, #1247, .T. ) ;
#892 = PRESENTATION_LAYER_ASSIGNMENT (  '', '', ( #580 ) ) ;
#893 = EDGE_CURVE ( 'NONE', #914, #917, #346, .T. ) ;
#894 = VERTEX_POINT ( 'NONE', #490 ) ;
#895 =( NAMED_UNIT ( * ) SI_UNIT ( $, .STERADIAN. ) SOLID_ANGLE_UNIT ( ) );
#896 = ORIENTED_EDGE ( 'NONE', *, *, #1500, .F. ) ;
#897 = CARTESIAN_POINT ( 'NONE',  ( -0.1750000000000000167, 0.000000000000000000, -0.1750000000000002387 ) ) ;
#898 = ORIENTED_EDGE ( 'NONE', *, *, #1669, .T. ) ;
#899 = PLANE ( 'NONE',  #944 ) ;
#900 = EDGE_LOOP ( 'NONE', ( #1120, #238, #1139, #896, #1530, #976, #243, #1744, #173, #335, #269, #1532, #78, #988, #890, #805, #128, #919, #27, #686, #1095, #610, #546, #545, #377, #845, #261, #430 ) ) ;
#901 = SURFACE_SIDE_STYLE ('',( #233 ) ) ;
#902 = UNCERTAINTY_MEASURE_WITH_UNIT (LENGTH_MEASURE( 1.000000000000000082E-05 ), #1774, 'distance_accuracy_value', 'NONE');
#903 = FACE_OUTER_BOUND ( 'NONE', #579, .T. ) ;
#904 = EDGE_CURVE ( 'NONE', #1354, #698, #942, .T. ) ;
#905 = VECTOR ( 'NONE', #1142, 1000.000000000000000 ) ;
#906 = SURFACE_SIDE_STYLE ('',( #1053 ) ) ;
#907 = SURFACE_STYLE_USAGE ( .BOTH. , #1721 ) ;
#908 = VECTOR ( 'NONE', #834, 1000.000000000000000 ) ;
#909 = DIRECTION ( 'NONE',  ( 1.000000000000000000, -0.000000000000000000, 0.000000000000000000 ) ) ;
#910 =( GEOMETRIC_REPRESENTATION_CONTEXT ( 3 ) GLOBAL_UNCERTAINTY_ASSIGNED_CONTEXT ( ( #34 ) ) GLOBAL_UNIT_ASSIGNED_CONTEXT ( ( #280, #1678, #446 ) ) REPRESENTATION_CONTEXT ( 'NONE', 'WORKASPACE' ) );
#911 = VECTOR ( 'NONE', #29, 1000.000000000000000 ) ;
#912 = CARTESIAN_POINT ( 'NONE',  ( -0.4250000000000008771, 0.4500000000000000111, 0.3249999999999997891 ) ) ;
#913 = ORIENTED_EDGE ( 'NONE', *, *, #893, .F. ) ;
#914 = VERTEX_POINT ( 'NONE', #1776 ) ;
#915 = DIRECTION ( 'NONE',  ( 1.000000000000000000, 1.084202172485504040E-15, -0.000000000000000000 ) ) ;
#916 = ORIENTED_EDGE ( 'NONE', *, *, #689, .T. ) ;
#917 = VERTEX_POINT ( 'NONE', #524 ) ;
#918 = PLANE ( 'NONE',  #267 ) ;
#919 = ORIENTED_EDGE ( 'NONE', *, *, #95, .F. ) ;
#920 =( NAMED_UNIT ( * ) SI_UNIT ( $, .STERADIAN. ) SOLID_ANGLE_UNIT ( ) );
#921 = LINE ( 'NONE', #184, #1185 ) ;
#922 = PRESENTATION_LAYER_ASSIGNMENT (  '', '', ( #158 ) ) ;
#923 = FACE_OUTER_BOUND ( 'NONE', #402, .T. ) ;
#924 = EDGE_CURVE ( 'NONE', #652, #559, #1625, .T. ) ;
#925 = CARTESIAN_POINT ( 'NONE',  ( 0.1750000000000000722, 0.05000000000000000278, -0.2750000000000001887 ) ) ;
#926 = FACE_OUTER_BOUND ( 'NONE', #1251, .T. ) ;
#927 = VECTOR ( 'NONE', #593, 1000.000000000000000 ) ;
#928 = VECTOR ( 'NONE', #889, 1000.000000000000000 ) ;
#929 = ORIENTED_EDGE ( 'NONE', *, *, #750, .T. ) ;
#930 = SURFACE_SIDE_STYLE ('',( #662 ) ) ;
#931 = ORIENTED_EDGE ( 'NONE', *, *, #202, .F. ) ;
#932 = PRESENTATION_LAYER_ASSIGNMENT (  '', '', ( #362 ) ) ;
#933 = CARTESIAN_POINT ( 'NONE',  ( 0.1750000000000000167, 0.000000000000000000, 0.1750000000000002665 ) ) ;
#934 =( NAMED_UNIT ( * ) PLANE_ANGLE_UNIT ( ) SI_UNIT ( $, .RADIAN. ) );
#935 = ORIENTED_EDGE ( 'NONE', *, *, #20, .F. ) ;
#936 = ORIENTED_EDGE ( 'NONE', *, *, #294, .F. ) ;
#937 =( BOUNDED_CURVE ( )  B_SPLINE_CURVE ( 3, ( #754, #1296, #476, #628 ),
 .UNSPECIFIED., .F., .T. ) 
 B_SPLINE_CURVE_WITH_KNOTS ( ( 4, 4 ),
 ( 1.570796326794896558, 3.141592653589793116 ),
 .UNSPECIFIED. ) 
 CURVE ( )  GEOMETRIC_REPRESENTATION_ITEM ( )  RATIONAL_B_SPLINE_CURVE ( ( 1.000000000000000000, 0.8047378541243649375, 0.8047378541243649375, 1.000000000000000000 ) ) 
 REPRESENTATION_ITEM ( '' )  );
#938 = DIRECTION ( 'NONE',  ( 0.000000000000000000, 0.000000000000000000, -1.000000000000000000 ) ) ;
#939 = AXIS2_PLACEMENT_3D ( 'NONE', #1479, #1617, #231 ) ;
#940 = CIRCLE ( 'NONE', #1650, 0.05000000000000005135 ) ;
#941 = EDGE_CURVE ( 'NONE', #1317, #1313, #534, .T. ) ;
#942 = LINE ( 'NONE', #22, #1212 ) ;
#943 = SURFACE_SIDE_STYLE ('',( #1048 ) ) ;
#944 = AXIS2_PLACEMENT_3D ( 'NONE', #1685, #1415, #1594 ) ;
#945 = FACE_OUTER_BOUND ( 'NONE', #503, .T. ) ;
#946 = DIRECTION ( 'NONE',  ( -1.084202172485503842E-15, 0.000000000000000000, -1.000000000000000000 ) ) ;
#947 =( NAMED_UNIT ( * ) PLANE_ANGLE_UNIT ( ) SI_UNIT ( $, .RADIAN. ) );
#948 = CARTESIAN_POINT ( 'NONE',  ( 0.000000000000000000, 0.3999999999999999667, -0.2750000000000001887 ) ) ;
#949 = PLANE ( 'NONE',  #1166 ) ;
#950 = ORIENTED_EDGE ( 'NONE', *, *, #1585, .T. ) ;
#951 = CARTESIAN_POINT ( 'NONE',  ( 0.4249999999999991562, 0.3999999999999999667, 0.3249999999999997891 ) ) ;
#952 = ADVANCED_FACE ( 'NONE', ( #923 ), #663, .F. ) ;
#953 = FILL_AREA_STYLE ('',( #801 ) ) ;
#954 = VERTEX_POINT ( 'NONE', #1073 ) ;
#955 = ORIENTED_EDGE ( 'NONE', *, *, #1164, .T. ) ;
#956 = APPLICATION_CONTEXT ( 'automotive_design' ) ;
#957 = VERTEX_POINT ( 'NONE', #1342 ) ;
#958 = AXIS2_PLACEMENT_3D ( 'NONE', #1201, #1350, #539 ) ;
#959 = ORIENTED_EDGE ( 'NONE', *, *, #1293, .F. ) ;
#960 = EDGE_CURVE ( 'NONE', #1748, #28, #571, .T. ) ;
#961 = EDGE_LOOP ( 'NONE', ( #528, #584, #1034, #214 ) ) ;
#962 = CYLINDRICAL_SURFACE ( 'NONE', #727, 0.05000000000000002359 ) ;
#963 = SURFACE_STYLE_FILL_AREA ( #381 ) ;
#964 = FACE_OUTER_BOUND ( 'NONE', #651, .T. ) ;
#965 = FACE_OUTER_BOUND ( 'NONE', #1637, .T. ) ;
#966 =( GEOMETRIC_REPRESENTATION_CONTEXT ( 3 ) GLOBAL_UNCERTAINTY_ASSIGNED_CONTEXT ( ( #1731 ) ) GLOBAL_UNIT_ASSIGNED_CONTEXT ( ( #1729, #1194, #775 ) ) REPRESENTATION_CONTEXT ( 'NONE', 'WORKASPACE' ) );
#967 = CARTESIAN_POINT ( 'NONE',  ( -0.1749999999999999889, 0.4500000000000000111, 3.162256336416055421E-17 ) ) ;
#968 = LINE ( 'NONE', #656, #758 ) ;
#969 = EDGE_CURVE ( 'NONE', #1705, #1402, #861, .T. ) ;
#970 = CYLINDRICAL_SURFACE ( 'NONE', #1483, 0.05000000000000002359 ) ;
#971 = ORIENTED_EDGE ( 'NONE', *, *, #145, .T. ) ;
#972 = STYLED_ITEM ( 'NONE', ( #1238 ), #386 ) ;
#973 = DIRECTION ( 'NONE',  ( -1.000000000000000000, 0.000000000000000000, -0.000000000000000000 ) ) ;
#974 = CARTESIAN_POINT ( 'NONE',  ( -0.3250000000000000666, 0.05000000000000002359, 0.3249999999999997891 ) ) ;
#975 = DIRECTION ( 'NONE',  ( 1.000000000000000000, -0.000000000000000000, -0.000000000000000000 ) ) ;
#976 = ORIENTED_EDGE ( 'NONE', *, *, #519, .F. ) ;
#977 = CARTESIAN_POINT ( 'NONE',  ( 0.3749999999999991673, 0.4500000000000000111, 0.2749999999999997446 ) ) ;
#978 = ORIENTED_EDGE ( 'NONE', *, *, #1640, .F. ) ;
#979 = VERTEX_POINT ( 'NONE', #796 ) ;
#980 = AXIS2_PLACEMENT_3D ( 'NONE', #925, #1768, #946 ) ;
#981 = DIRECTION ( 'NONE',  ( 1.000000000000000000, 0.000000000000000000, -0.000000000000000000 ) ) ;
#982 = ADVANCED_FACE ( 'NONE', ( #254 ), #444, .T. ) ;
#983 = CARTESIAN_POINT ( 'NONE',  ( 0.000000000000000000, 0.000000000000000000, -0.1250000000000002220 ) ) ;
#984 = SURFACE_STYLE_FILL_AREA ( #1569 ) ;
#985 = EDGE_CURVE ( 'NONE', #89, #894, #1497, .T. ) ;
#986 = FACE_OUTER_BOUND ( 'NONE', #1679, .T. ) ;
#987 = PRESENTATION_STYLE_ASSIGNMENT (( #1368 ) ) ;
#988 = ORIENTED_EDGE ( 'NONE', *, *, #1516, .T. ) ;
#989 = ORIENTED_EDGE ( 'NONE', *, *, #735, .F. ) ;
#990 = CARTESIAN_POINT ( 'NONE',  ( 0.3749999999999991673, 0.05000000000000002359, -0.3250000000000001776 ) ) ;
#991 = PLANE ( 'NONE',  #1785 ) ;
#992 = ORIENTED_EDGE ( 'NONE', *, *, #1229, .F. ) ;
#993 = ORIENTED_EDGE ( 'NONE', *, *, #1161, .F. ) ;
#994 = ADVANCED_FACE ( 'NONE', ( #1299 ), #390, .T. ) ;
#995 = AXIS2_PLACEMENT_3D ( 'NONE', #990, #856, #26 ) ;
#996 = CARTESIAN_POINT ( 'NONE',  ( -0.1749999999999999611, 0.4500000000000000111, 0.2749999999999997446 ) ) ;
#997 = DIRECTION ( 'NONE',  ( -1.000000000000000000, 0.000000000000000000, 0.000000000000000000 ) ) ;
#998 = UNCERTAINTY_MEASURE_WITH_UNIT (LENGTH_MEASURE( 1.000000000000000082E-05 ), #2, 'distance_accuracy_value', 'NONE');
#999 = SURFACE_STYLE_USAGE ( .BOTH. , #303 ) ;
#1000 = LINE ( 'NONE', #288, #1735 ) ;
#1001 = COLOUR_RGB ( '',0.2509803921568627416, 0.2509803921568627416, 0.2509803921568627416 ) ;
#1002 = DIRECTION ( 'NONE',  ( 1.084202172485504434E-15, 0.000000000000000000, 1.000000000000000000 ) ) ;
#1003 = COLOUR_RGB ( '',0.7529411764705882248, 0.7529411764705882248, 0.7529411764705882248 ) ;
#1004 = DIRECTION ( 'NONE',  ( 0.000000000000000000, 0.000000000000000000, 1.000000000000000000 ) ) ;
#1005 = LINE ( 'NONE', #467, #646 ) ;
#1006 =( LENGTH_UNIT ( ) NAMED_UNIT ( * ) SI_UNIT ( .MILLI., .METRE. ) );
#1007 = STYLED_ITEM ( 'NONE', ( #690 ), #994 ) ;
#1008 = ORIENTED_EDGE ( 'NONE', *, *, #941, .F. ) ;
#1009 = UNCERTAINTY_MEASURE_WITH_UNIT (LENGTH_MEASURE( 1.000000000000000082E-05 ), #325, 'distance_accuracy_value', 'NONE');
#1010 = ORIENTED_EDGE ( 'NONE', *, *, #145, .F. ) ;
#1011 = SURFACE_STYLE_USAGE ( .BOTH. , #1555 ) ;
#1012 = ORIENTED_EDGE ( 'NONE', *, *, #750, .F. ) ;
#1013 = STYLED_ITEM ( 'NONE', ( #1673 ), #293 ) ;
#1014 = CARTESIAN_POINT ( 'NONE',  ( 0.000000000000000000, 0.3999999999999999667, -0.2750000000000001887 ) ) ;
#1015 = PRODUCT ( 'DLM0NSN900HY2D', 'DLM0NSN900HY2D', '', ( #1783 ) ) ;
#1016 = EDGE_LOOP ( 'NONE', ( #828, #114, #1079, #1330 ) ) ;
#1017 = DIRECTION ( 'NONE',  ( 1.000000000000000000, -0.000000000000000000, -0.000000000000000000 ) ) ;
#1018 = SURFACE_STYLE_USAGE ( .BOTH. , #1703 ) ;
#1019 = DIRECTION ( 'NONE',  ( 1.000000000000000000, 0.000000000000000000, 0.000000000000000000 ) ) ;
#1020 = CARTESIAN_POINT ( 'NONE',  ( 0.3250000000000000111, 0.000000000000000000, 0.1750000000000002387 ) ) ;
#1021 = SURFACE_STYLE_FILL_AREA ( #1174 ) ;
#1022 = CARTESIAN_POINT ( 'NONE',  ( -0.4042893218813461420, 0.4499999999999999556, 0.3042893218813449985 ) ) ;
#1023 = VECTOR ( 'NONE', #699, 1000.000000000000000 ) ;
#1024 = FILL_AREA_STYLE ('',( #130 ) ) ;
#1025 = LINE ( 'NONE', #328, #812 ) ;
#1026 = CYLINDRICAL_SURFACE ( 'NONE', #614, 0.05000000000000002359 ) ;
#1027 = EDGE_CURVE ( 'NONE', #1469, #1527, #940, .T. ) ;
#1028 = CARTESIAN_POINT ( 'NONE',  ( -0.4250000000000008771, 0.4292893218813451650, 0.3249999999999997891 ) ) ;
#1029 = VECTOR ( 'NONE', #581, 1000.000000000000000 ) ;
#1030 = EDGE_CURVE ( 'NONE', #1680, #1748, #1411, .T. ) ;
#1031 = VECTOR ( 'NONE', #18, 1000.000000000000000 ) ;
#1032 =( NAMED_UNIT ( * ) SI_UNIT ( $, .STERADIAN. ) SOLID_ANGLE_UNIT ( ) );
#1033 = DIRECTION ( 'NONE',  ( -0.000000000000000000, -0.000000000000000000, 1.000000000000000000 ) ) ;
#1034 = ORIENTED_EDGE ( 'NONE', *, *, #250, .T. ) ;
#1035 = PRESENTATION_LAYER_ASSIGNMENT (  '', '', ( #773 ) ) ;
#1036 =( BOUNDED_CURVE ( )  B_SPLINE_CURVE ( 3, ( #487, #1028, #1022, #1286 ),
 .UNSPECIFIED., .F., .T. ) 
 B_SPLINE_CURVE_WITH_KNOTS ( ( 4, 4 ),
 ( 3.141592653589793116, 4.712388980384689674 ),
 .UNSPECIFIED. ) 
 CURVE ( )  GEOMETRIC_REPRESENTATION_ITEM ( )  RATIONAL_B_SPLINE_CURVE ( ( 1.000000000000000000, 0.8047378541243649375, 0.8047378541243649375, 1.000000000000000000 ) ) 
 REPRESENTATION_ITEM ( '' )  );
#1037 = FILL_AREA_STYLE ('',( #723 ) ) ;
#1038 = ORIENTED_EDGE ( 'NONE', *, *, #1027, .F. ) ;
#1039 = DIRECTION ( 'NONE',  ( 0.000000000000000000, 0.000000000000000000, 1.000000000000000000 ) ) ;
#1040 = CARTESIAN_POINT ( 'NONE',  ( 0.4249999999999991562, 0.05000000000000002359, 0.3249999999999997891 ) ) ;
#1041 = ORIENTED_EDGE ( 'NONE', *, *, #1243, .T. ) ;
#1042 = ORIENTED_EDGE ( 'NONE', *, *, #191, .F. ) ;
#1043 = FACE_OUTER_BOUND ( 'NONE', #1262, .T. ) ;
#1044 = SURFACE_SIDE_STYLE ('',( #1021 ) ) ;
#1045 = ORIENTED_EDGE ( 'NONE', *, *, #960, .T. ) ;
#1046 = VERTEX_POINT ( 'NONE', #1131 ) ;
#1047 = CARTESIAN_POINT ( 'NONE',  ( -0.4250000000000008771, 0.3999999999999999667, -0.3250000000000001776 ) ) ;
#1048 = SURFACE_STYLE_FILL_AREA ( #525 ) ;
#1049 =( NAMED_UNIT ( * ) SI_UNIT ( $, .STERADIAN. ) SOLID_ANGLE_UNIT ( ) );
#1050 = MECHANICAL_DESIGN_GEOMETRIC_PRESENTATION_REPRESENTATION (  '', ( #1413 ), #764 ) ;
#1051 = VECTOR ( 'NONE', #1248, 1000.000000000000000 ) ;
#1052 = VECTOR ( 'NONE', #733, 1000.000000000000000 ) ;
#1053 = SURFACE_STYLE_FILL_AREA ( #1644 ) ;
#1054 = CIRCLE ( 'NONE', #863, 0.04999999999999999584 ) ;
#1055 = LINE ( 'NONE', #967, #650 ) ;
#1056 = ORIENTED_EDGE ( 'NONE', *, *, #342, .T. ) ;
#1057 = CIRCLE ( 'NONE', #1086, 0.05000000000000002359 ) ;
#1058 = ORIENTED_EDGE ( 'NONE', *, *, #1546, .T. ) ;
#1059 = CARTESIAN_POINT ( 'NONE',  ( -0.4250000000000008771, 0.05000000000000002359, 0.2749999999999997446 ) ) ;
#1060 = EDGE_LOOP ( 'NONE', ( #260, #630, #724, #1062 ) ) ;
#1061 = CARTESIAN_POINT ( 'NONE',  ( -0.2250000000000000611, 0.000000000000000000, -0.1250000000000002220 ) ) ;
#1062 = ORIENTED_EDGE ( 'NONE', *, *, #105, .F. ) ;
#1063 = VECTOR ( 'NONE', #68, 1000.000000000000000 ) ;
#1064 = CARTESIAN_POINT ( 'NONE',  ( 0.000000000000000000, 0.4500000000000000111, -0.1250000000000002220 ) ) ;
#1065 = SURFACE_SIDE_STYLE ('',( #1418 ) ) ;
#1066 = SURFACE_STYLE_USAGE ( .BOTH. , #930 ) ;
#1067 = CARTESIAN_POINT ( 'NONE',  ( -0.4250000000000008771, 0.4500000000000000111, -0.3250000000000001776 ) ) ;
#1068 = STYLED_ITEM ( 'NONE', ( #1459 ), #832 ) ;
#1069 = LINE ( 'NONE', #688, #811 ) ;
#1070 = LINE ( 'NONE', #181, #1558 ) ;
#1071 =( NAMED_UNIT ( * ) SI_UNIT ( $, .STERADIAN. ) SOLID_ANGLE_UNIT ( ) );
#1072 = SURFACE_STYLE_USAGE ( .BOTH. , #678 ) ;
#1073 = CARTESIAN_POINT ( 'NONE',  ( -0.3250000000000000111, 0.3999999999999999667, -0.3250000000000001776 ) ) ;
#1074 = FACE_OUTER_BOUND ( 'NONE', #844, .T. ) ;
#1075 = VERTEX_POINT ( 'NONE', #951 ) ;
#1076 = DIRECTION ( 'NONE',  ( -1.000000000000000000, 0.000000000000000000, 0.000000000000000000 ) ) ;
#1077 = EDGE_CURVE ( 'NONE', #76, #89, #770, .T. ) ;
#1078 = SURFACE_STYLE_USAGE ( .BOTH. , #943 ) ;
#1079 = ORIENTED_EDGE ( 'NONE', *, *, #135, .F. ) ;
#1080 = ORIENTED_EDGE ( 'NONE', *, *, #1382, .T. ) ;
#1081 = DIRECTION ( 'NONE',  ( 1.000000000000000000, -0.000000000000000000, -0.000000000000000000 ) ) ;
#1082 = ORIENTED_EDGE ( 'NONE', *, *, #196, .T. ) ;
#1083 = FACE_OUTER_BOUND ( 'NONE', #1016, .T. ) ;
#1084 = UNCERTAINTY_MEASURE_WITH_UNIT (LENGTH_MEASURE( 1.000000000000000082E-05 ), #311, 'distance_accuracy_value', 'NONE');
#1085 = CARTESIAN_POINT ( 'NONE',  ( 0.3749999999999991673, 0.4500000000000000111, -0.3250000000000001776 ) ) ;
#1086 = AXIS2_PLACEMENT_3D ( 'NONE', #441, #432, #730 ) ;
#1087 = DIRECTION ( 'NONE',  ( -1.000000000000000000, -0.000000000000000000, -0.000000000000000000 ) ) ;
#1088 = LINE ( 'NONE', #1351, #1326 ) ;
#1089 = DIRECTION ( 'NONE',  ( 0.000000000000000000, 0.000000000000000000, -1.000000000000000000 ) ) ;
#1090 = FACE_OUTER_BOUND ( 'NONE', #900, .T. ) ;
#1091 = DIRECTION ( 'NONE',  ( -0.000000000000000000, -1.000000000000000000, -0.000000000000000000 ) ) ;
#1092 = ORIENTED_EDGE ( 'NONE', *, *, #250, .F. ) ;
#1093 = DIRECTION ( 'NONE',  ( -2.168404344971006501E-15, 0.000000000000000000, 1.000000000000000000 ) ) ;
#1094 = ORIENTED_EDGE ( 'NONE', *, *, #1336, .F. ) ;
#1095 = ORIENTED_EDGE ( 'NONE', *, *, #1172, .F. ) ;
#1096 =( NAMED_UNIT ( * ) SI_UNIT ( $, .STERADIAN. ) SOLID_ANGLE_UNIT ( ) );
#1097 = ORIENTED_EDGE ( 'NONE', *, *, #371, .F. ) ;
#1098 = AXIS2_PLACEMENT_3D ( 'NONE', #103, #1788, #667 ) ;
#1099 = EDGE_CURVE ( 'NONE', #91, #1770, #414, .T. ) ;
#1100 = ADVANCED_FACE ( 'NONE', ( #1083 ), #880, .T. ) ;
#1101 = CIRCLE ( 'NONE', #241, 0.04999999999999999584 ) ;
#1102 = ADVANCED_FACE ( 'NONE', ( #187 ), #1758, .T. ) ;
#1103 = VECTOR ( 'NONE', #1492, 1000.000000000000000 ) ;
#1104 = EDGE_CURVE ( 'NONE', #655, #62, #1519, .T. ) ;
#1105 = DIRECTION ( 'NONE',  ( 0.000000000000000000, 0.000000000000000000, -1.000000000000000000 ) ) ;
#1106 = STYLED_ITEM ( 'NONE', ( #826 ), #1651 ) ;
#1107 = CARTESIAN_POINT ( 'NONE',  ( -0.3750000000000008882, 0.4500000000000000111, -0.2750000000000001887 ) ) ;
#1108 = EDGE_CURVE ( 'NONE', #1571, #482, #1780, .T. ) ;
#1109 = VERTEX_POINT ( 'NONE', #494 ) ;
#1110 = FILL_AREA_STYLE_COLOUR ( '', #480 ) ;
#1111 =( LENGTH_UNIT ( ) NAMED_UNIT ( * ) SI_UNIT ( .MILLI., .METRE. ) );
#1112 = DIRECTION ( 'NONE',  ( 1.000000000000000000, -0.000000000000000000, 0.000000000000000000 ) ) ;
#1113 = MECHANICAL_DESIGN_GEOMETRIC_PRESENTATION_REPRESENTATION (  '', ( #313 ), #616 ) ;
#1114 = DIRECTION ( 'NONE',  ( 0.000000000000000000, 0.000000000000000000, 1.000000000000000000 ) ) ;
#1115 = ORIENTED_EDGE ( 'NONE', *, *, #206, .F. ) ;
#1116 = DIRECTION ( 'NONE',  ( -0.000000000000000000, -1.000000000000000000, -0.000000000000000000 ) ) ;
#1117 = EDGE_CURVE ( 'NONE', #384, #914, #1624, .T. ) ;
#1118 = ORIENTED_EDGE ( 'NONE', *, *, #870, .F. ) ;
#1119 = STYLED_ITEM ( 'NONE', ( #322 ), #1420 ) ;
#1120 = ORIENTED_EDGE ( 'NONE', *, *, #627, .T. ) ;
#1121 = CARTESIAN_POINT ( 'NONE',  ( 0.2250000000000000611, 0.000000000000000000, -0.1750000000000002665 ) ) ;
#1122 = LINE ( 'NONE', #609, #532 ) ;
#1123 = SURFACE_STYLE_USAGE ( .BOTH. , #36 ) ;
#1124 = SURFACE_STYLE_FILL_AREA ( #1024 ) ;
#1125 = PRESENTATION_STYLE_ASSIGNMENT (( #1743 ) ) ;
#1126 = AXIS2_PLACEMENT_3D ( 'NONE', #186, #1487, #1620 ) ;
#1127 = EDGE_CURVE ( 'NONE', #894, #62, #1122, .T. ) ;
#1128 = COLOUR_RGB ( '',0.7529411764705882248, 0.7529411764705882248, 0.7529411764705882248 ) ;
#1129 = SURFACE_SIDE_STYLE ('',( #1681 ) ) ;
#1130 = CIRCLE ( 'NONE', #1726, 0.04999999999999999584 ) ;
#1131 = CARTESIAN_POINT ( 'NONE',  ( -0.4250000000000008771, 0.3999999999999999667, 0.3249999999999997891 ) ) ;
#1132 = DIRECTION ( 'NONE',  ( -0.000000000000000000, -1.000000000000000000, -0.000000000000000000 ) ) ;
#1133 = CARTESIAN_POINT ( 'NONE',  ( -0.4250000000000008771, 0.05000000000000002359, 0.3249999999999997891 ) ) ;
#1134 = EDGE_CURVE ( 'NONE', #1222, #957, #1480, .T. ) ;
#1135 = ORIENTED_EDGE ( 'NONE', *, *, #262, .T. ) ;
#1136 = CARTESIAN_POINT ( 'NONE',  ( -0.4250000000000008771, 0.05000000000000002359, -0.3250000000000001776 ) ) ;
#1137 = VERTEX_POINT ( 'NONE', #933 ) ;
#1138 = LINE ( 'NONE', #1085, #1263 ) ;
#1139 = ORIENTED_EDGE ( 'NONE', *, *, #1164, .F. ) ;
#1140 = CARTESIAN_POINT ( 'NONE',  ( 0.1750000000000000167, 0.000000000000000000, -0.1750000000000002387 ) ) ;
#1141 = EDGE_CURVE ( 'NONE', #217, #1202, #860, .T. ) ;
#1142 = DIRECTION ( 'NONE',  ( 1.000000000000000000, -0.000000000000000000, 0.000000000000000000 ) ) ;
#1143 = AXIS2_PLACEMENT_3D ( 'NONE', #611, #1565, #873 ) ;
#1144 = ADVANCED_FACE ( 'NONE', ( #1168 ), #221, .F. ) ;
#1145 = CIRCLE ( 'NONE', #1518, 0.05000000000000005135 ) ;
#1146 = DIRECTION ( 'NONE',  ( -1.000000000000000000, 0.000000000000000000, 0.000000000000000000 ) ) ;
#1147 = DIRECTION ( 'NONE',  ( 3.614007241618349264E-16, -0.000000000000000000, 1.000000000000000000 ) ) ;
#1148 = VECTOR ( 'NONE', #43, 1000.000000000000000 ) ;
#1149 = UNCERTAINTY_MEASURE_WITH_UNIT (LENGTH_MEASURE( 1.000000000000000082E-05 ), #449, 'distance_accuracy_value', 'NONE');
#1150 = DIRECTION ( 'NONE',  ( -1.000000000000000000, 0.000000000000000000, 0.000000000000000000 ) ) ;
#1151 = SURFACE_SIDE_STYLE ('',( #1301 ) ) ;
#1152 = MECHANICAL_DESIGN_GEOMETRIC_PRESENTATION_REPRESENTATION (  '', ( #1007 ), #1557 ) ;
#1153 = ORIENTED_EDGE ( 'NONE', *, *, #1473, .F. ) ;
#1154 = ORIENTED_EDGE ( 'NONE', *, *, #729, .F. ) ;
#1155 = FILL_AREA_STYLE_COLOUR ( '', #665 ) ;
#1156 = CARTESIAN_POINT ( 'NONE',  ( -0.4250000000000008771, 0.05000000000000002359, 0.3249999999999997891 ) ) ;
#1157 = ORIENTED_EDGE ( 'NONE', *, *, #756, .T. ) ;
#1158 = ORIENTED_EDGE ( 'NONE', *, *, #1761, .T. ) ;
#1159 = ORIENTED_EDGE ( 'NONE', *, *, #904, .F. ) ;
#1160 = ORIENTED_EDGE ( 'NONE', *, *, #969, .F. ) ;
#1161 = EDGE_CURVE ( 'NONE', #76, #1109, #438, .T. ) ;
#1162 = ORIENTED_EDGE ( 'NONE', *, *, #807, .T. ) ;
#1163 =( NAMED_UNIT ( * ) PLANE_ANGLE_UNIT ( ) SI_UNIT ( $, .RADIAN. ) );
#1164 = EDGE_CURVE ( 'NONE', #685, #1705, #1069, .T. ) ;
#1165 =( GEOMETRIC_REPRESENTATION_CONTEXT ( 3 ) GLOBAL_UNCERTAINTY_ASSIGNED_CONTEXT ( ( #622 ) ) GLOBAL_UNIT_ASSIGNED_CONTEXT ( ( #1338, #947, #1779 ) ) REPRESENTATION_CONTEXT ( 'NONE', 'WORKASPACE' ) );
#1166 = AXIS2_PLACEMENT_3D ( 'NONE', #631, #1295, #1476 ) ;
#1167 = DIRECTION ( 'NONE',  ( 0.000000000000000000, 0.000000000000000000, 1.000000000000000000 ) ) ;
#1168 = FACE_OUTER_BOUND ( 'NONE', #1775, .T. ) ;
#1169 = DIRECTION ( 'NONE',  ( -1.000000000000000000, 0.000000000000000000, 0.000000000000000000 ) ) ;
#1170 = DIRECTION ( 'NONE',  ( -0.000000000000000000, -1.000000000000000000, -0.000000000000000000 ) ) ;
#1171 = FACE_OUTER_BOUND ( 'NONE', #1060, .T. ) ;
#1172 = EDGE_CURVE ( 'NONE', #894, #1405, #791, .T. ) ;
#1173 = PRESENTATION_STYLE_ASSIGNMENT (( #1320 ) ) ;
#1174 = FILL_AREA_STYLE ('',( #747 ) ) ;
#1175 = ORIENTED_EDGE ( 'NONE', *, *, #1274, .T. ) ;
#1176 = MECHANICAL_DESIGN_GEOMETRIC_PRESENTATION_REPRESENTATION (  '', ( #362 ), #1429 ) ;
#1177 = VERTEX_POINT ( 'NONE', #1235 ) ;
#1178 = CARTESIAN_POINT ( 'NONE',  ( -0.4250000000000008771, 0.3999999999999999667, -0.3250000000000001776 ) ) ;
#1179 = CARTESIAN_POINT ( 'NONE',  ( -0.4250000000000008771, 0.05000000000000002359, 0.2749999999999997446 ) ) ;
#1180 = APPLICATION_CONTEXT ( 'automotive_design' ) ;
#1181 = VECTOR ( 'NONE', #1462, 1000.000000000000000 ) ;
#1182 =( NAMED_UNIT ( * ) PLANE_ANGLE_UNIT ( ) SI_UNIT ( $, .RADIAN. ) );
#1183 = AXIS2_PLACEMENT_3D ( 'NONE', #1346, #938, #97 ) ;
#1184 = EDGE_CURVE ( 'NONE', #1751, #1046, #70, .T. ) ;
#1185 = VECTOR ( 'NONE', #1150, 1000.000000000000000 ) ;
#1186 = AXIS2_PLACEMENT_3D ( 'NONE', #1179, #370, #1325 ) ;
#1187 = FACE_OUTER_BOUND ( 'NONE', #1407, .T. ) ;
#1188 = DIRECTION ( 'NONE',  ( 0.000000000000000000, 0.000000000000000000, -1.000000000000000000 ) ) ;
#1189 = VECTOR ( 'NONE', #1717, 1000.000000000000000 ) ;
#1190 = UNCERTAINTY_MEASURE_WITH_UNIT (LENGTH_MEASURE( 1.000000000000000082E-05 ), #583, 'distance_accuracy_value', 'NONE');
#1191 = CARTESIAN_POINT ( 'NONE',  ( 0.1750000000000000167, 0.05000000000000002359, 0.2749999999999997446 ) ) ;
#1192 = CARTESIAN_POINT ( 'NONE',  ( -0.4250000000000008771, 0.3999999999999999667, -0.3250000000000001776 ) ) ;
#1193 = PRESENTATION_STYLE_ASSIGNMENT (( #470 ) ) ;
#1194 =( NAMED_UNIT ( * ) PLANE_ANGLE_UNIT ( ) SI_UNIT ( $, .RADIAN. ) );
#1195 = VERTEX_POINT ( 'NONE', #1228 ) ;
#1196 = EDGE_CURVE ( 'NONE', #1405, #353, #275, .T. ) ;
#1197 = ORIENTED_EDGE ( 'NONE', *, *, #1336, .T. ) ;
#1198 = CARTESIAN_POINT ( 'NONE',  ( 0.4249999999999991562, 0.05000000000000002359, -0.3250000000000001776 ) ) ;
#1199 = AXIS2_PLACEMENT_3D ( 'NONE', #816, #1334, #1343 ) ;
#1200 = ORIENTED_EDGE ( 'NONE', *, *, #1640, .T. ) ;
#1201 = CARTESIAN_POINT ( 'NONE',  ( 0.000000000000000000, 0.000000000000000000, 0.000000000000000000 ) ) ;
#1202 = VERTEX_POINT ( 'NONE', #1211 ) ;
#1203 = LINE ( 'NONE', #1641, #849 ) ;
#1204 = CARTESIAN_POINT ( 'NONE',  ( 0.000000000000000000, 0.3999999999999999667, 0.2749999999999997446 ) ) ;
#1205 = ORIENTED_EDGE ( 'NONE', *, *, #191, .T. ) ;
#1206 = UNCERTAINTY_MEASURE_WITH_UNIT (LENGTH_MEASURE( 1.000000000000000082E-05 ), #1442, 'distance_accuracy_value', 'NONE');
#1207 =( NAMED_UNIT ( * ) SI_UNIT ( $, .STERADIAN. ) SOLID_ANGLE_UNIT ( ) );
#1208 = SURFACE_STYLE_USAGE ( .BOTH. , #101 ) ;
#1209 = AXIS2_PLACEMENT_3D ( 'NONE', #426, #139, #1114 ) ;
#1210 = EDGE_CURVE ( 'NONE', #1216, #1222, #1667, .T. ) ;
#1211 = CARTESIAN_POINT ( 'NONE',  ( -0.3250000000000000111, 0.4500000000000000111, 0.1750000000000002109 ) ) ;
#1212 = VECTOR ( 'NONE', #572, 1000.000000000000000 ) ;
#1213 = LINE ( 'NONE', #996, #536 ) ;
#1214 = COLOUR_RGB ( '',0.7529411764705882248, 0.7529411764705882248, 0.7529411764705882248 ) ;
#1215 = FACE_OUTER_BOUND ( 'NONE', #825, .T. ) ;
#1216 = VERTEX_POINT ( 'NONE', #838 ) ;
#1217 = CARTESIAN_POINT ( 'NONE',  ( -0.4250000000000008771, 0.4292893218813451650, -0.3250000000000001221 ) ) ;
#1218 = ORIENTED_EDGE ( 'NONE', *, *, #1516, .F. ) ;
#1219 = AXIS2_PLACEMENT_3D ( 'NONE', #1357, #830, #1 ) ;
#1220 = CARTESIAN_POINT ( 'NONE',  ( -0.1750000000000000167, 0.3999999999999999667, -0.3250000000000001776 ) ) ;
#1221 = CARTESIAN_POINT ( 'NONE',  ( -0.4250000000000008771, 0.05000000000000002359, -0.2750000000000001887 ) ) ;
#1222 = VERTEX_POINT ( 'NONE', #1356 ) ;
#1223 = CARTESIAN_POINT ( 'NONE',  ( 0.3250000000000000111, 0.4500000000000000111, 0.2749999999999997446 ) ) ;
#1224 = VECTOR ( 'NONE', #973, 1000.000000000000000 ) ;
#1225 = PRODUCT_DEFINITION ( 'UNKNOWN', '', #1789, #219 ) ;
#1226 = CARTESIAN_POINT ( 'NONE',  ( -0.2749999999999999667, 0.4500000000000000111, 0.1250000000000002220 ) ) ;
#1227 = SURFACE_SIDE_STYLE ('',( #716 ) ) ;
#1228 = CARTESIAN_POINT ( 'NONE',  ( 0.3749999999999991673, 0.000000000000000000, -0.2750000000000001887 ) ) ;
#1229 = EDGE_CURVE ( 'NONE', #1577, #61, #1715, .T. ) ;
#1230 = EDGE_CURVE ( 'NONE', #334, #761, #1580, .T. ) ;
#1231 = CIRCLE ( 'NONE', #253, 0.04999999999999999584 ) ;
#1232 = LINE ( 'NONE', #1587, #881 ) ;
#1233 = AXIS2_PLACEMENT_3D ( 'NONE', #574, #146, #1691 ) ;
#1234 = LINE ( 'NONE', #760, #1189 ) ;
#1235 = CARTESIAN_POINT ( 'NONE',  ( -0.3750000000000008882, 0.000000000000000000, 0.2749999999999997446 ) ) ;
#1236 = CARTESIAN_POINT ( 'NONE',  ( -0.4250000000000008771, 0.4500000000000000111, -0.3250000000000001776 ) ) ;
#1237 = CARTESIAN_POINT ( 'NONE',  ( -0.3250000000000000111, 0.05000000000000002359, -0.3250000000000001776 ) ) ;
#1238 = PRESENTATION_STYLE_ASSIGNMENT (( #404 ) ) ;
#1239 =( GEOMETRIC_REPRESENTATION_CONTEXT ( 3 ) GLOBAL_UNCERTAINTY_ASSIGNED_CONTEXT ( ( #634 ) ) GLOBAL_UNIT_ASSIGNED_CONTEXT ( ( #1006, #934, #1071 ) ) REPRESENTATION_CONTEXT ( 'NONE', 'WORKASPACE' ) );
#1240 = PRESENTATION_STYLE_ASSIGNMENT (( #142 ) ) ;
#1241 = ORIENTED_EDGE ( 'NONE', *, *, #169, .F. ) ;
#1242 = DIRECTION ( 'NONE',  ( -1.000000000000000000, 0.000000000000000000, 0.000000000000000000 ) ) ;
#1243 = EDGE_CURVE ( 'NONE', #652, #1469, #569, .T. ) ;
#1244 = ORIENTED_EDGE ( 'NONE', *, *, #57, .T. ) ;
#1245 = ORIENTED_EDGE ( 'NONE', *, *, #1503, .T. ) ;
#1246 = STYLED_ITEM ( 'NONE', ( #624 ), #1102 ) ;
#1247 = EDGE_CURVE ( 'NONE', #134, #425, #1458, .T. ) ;
#1248 = DIRECTION ( 'NONE',  ( 1.000000000000000000, 0.000000000000000000, -0.000000000000000000 ) ) ;
#1249 = ORIENTED_EDGE ( 'NONE', *, *, #985, .T. ) ;
#1250 = CARTESIAN_POINT ( 'NONE',  ( -0.3750000000000008882, 0.000000000000000000, 0.2749999999999997446 ) ) ;
#1251 = EDGE_LOOP ( 'NONE', ( #846, #1115, #1333, #113 ) ) ;
#1252 = DIRECTION ( 'NONE',  ( 0.000000000000000000, 0.000000000000000000, -1.000000000000000000 ) ) ;
#1253 = VECTOR ( 'NONE', #383, 1000.000000000000000 ) ;
#1254 = EDGE_CURVE ( 'NONE', #800, #91, #345, .T. ) ;
#1255 = CARTESIAN_POINT ( 'NONE',  ( 0.4249999999999991562, 0.05000000000000002359, 0.3249999999999997891 ) ) ;
#1256 = EDGE_CURVE ( 'NONE', #698, #134, #1000, .T. ) ;
#1257 = FACE_OUTER_BOUND ( 'NONE', #1741, .T. ) ;
#1258 = FACE_OUTER_BOUND ( 'NONE', #1471, .T. ) ;
#1259 = EDGE_LOOP ( 'NONE', ( #1489, #286, #632, #1374 ) ) ;
#1260 = DIRECTION ( 'NONE',  ( -3.614007241618349264E-16, 0.000000000000000000, 1.000000000000000000 ) ) ;
#1261 = CARTESIAN_POINT ( 'NONE',  ( 0.4042893218813443101, 3.926167903384989882E-17, 0.3042893218813449985 ) ) ;
#1262 = EDGE_LOOP ( 'NONE', ( #955, #199, #1332, #1750, #1135, #434 ) ) ;
#1263 = VECTOR ( 'NONE', #1529, 1000.000000000000000 ) ;
#1264 =( GEOMETRIC_REPRESENTATION_CONTEXT ( 3 ) GLOBAL_UNCERTAINTY_ASSIGNED_CONTEXT ( ( #1468 ) ) GLOBAL_UNIT_ASSIGNED_CONTEXT ( ( #489, #1182, #1032 ) ) REPRESENTATION_CONTEXT ( 'NONE', 'WORKASPACE' ) );
#1265 = CARTESIAN_POINT ( 'NONE',  ( -0.4250000000000008771, 0.05000000000000002359, 0.3249999999999997891 ) ) ;
#1266 = ORIENTED_EDGE ( 'NONE', *, *, #1698, .F. ) ;
#1267 = CARTESIAN_POINT ( 'NONE',  ( 0.1750000000000000722, 0.000000000000000000, -0.2750000000000001887 ) ) ;
#1268 = CARTESIAN_POINT ( 'NONE',  ( 0.4249999999999991562, 0.4500000000000000111, 0.2749999999999997446 ) ) ;
#1269 = FACE_OUTER_BOUND ( 'NONE', #339, .T. ) ;
#1270 = CARTESIAN_POINT ( 'NONE',  ( 0.000000000000000000, 0.000000000000000000, -0.2750000000000001887 ) ) ;
#1271 = CARTESIAN_POINT ( 'NONE',  ( -0.3750000000000008882, 0.4500000000000000111, -0.2750000000000001887 ) ) ;
#1272 = CIRCLE ( 'NONE', #1098, 0.05000000000000005135 ) ;
#1273 =( LENGTH_UNIT ( ) NAMED_UNIT ( * ) SI_UNIT ( .MILLI., .METRE. ) );
#1274 = EDGE_CURVE ( 'NONE', #89, #761, #163, .T. ) ;
#1275 = DIRECTION ( 'NONE',  ( 1.000000000000000000, 0.000000000000000000, 0.000000000000000000 ) ) ;
#1276 = PRESENTATION_LAYER_ASSIGNMENT (  '', '', ( #1007 ) ) ;
#1277 = EDGE_CURVE ( 'NONE', #1177, #842, #295, .T. ) ;
#1278 = CARTESIAN_POINT ( 'NONE',  ( 0.1750000000000000722, 0.4500000000000000111, -0.2750000000000001887 ) ) ;
#1279 = CIRCLE ( 'NONE', #590, 0.04999999999999999584 ) ;
#1280 = FILL_AREA_STYLE_COLOUR ( '', #149 ) ;
#1281 = CARTESIAN_POINT ( 'NONE',  ( -0.2250000000000000611, 0.4500000000000000111, -0.1750000000000002665 ) ) ;
#1282 = DIRECTION ( 'NONE',  ( -0.000000000000000000, -1.000000000000000000, -0.000000000000000000 ) ) ;
#1283 = CARTESIAN_POINT ( 'NONE',  ( 0.3749999999999991673, 0.000000000000000000, 0.2749999999999997446 ) ) ;
#1284 = ORIENTED_EDGE ( 'NONE', *, *, #1396, .F. ) ;
#1285 = ADVANCED_FACE ( 'NONE', ( #1601 ), #962, .T. ) ;
#1286 = CARTESIAN_POINT ( 'NONE',  ( -0.3750000000000008882, 0.4500000000000000111, 0.2749999999999997446 ) ) ;
#1287 = ORIENTED_EDGE ( 'NONE', *, *, #1256, .T. ) ;
#1288 = ORIENTED_EDGE ( 'NONE', *, *, #671, .T. ) ;
#1289 = DIRECTION ( 'NONE',  ( -1.000000000000000000, 0.000000000000000000, -0.000000000000000000 ) ) ;
#1290 = AXIS2_PLACEMENT_3D ( 'NONE', #737, #1252, #1539 ) ;
#1291 = ORIENTED_EDGE ( 'NONE', *, *, #1426, .F. ) ;
#1292 = SURFACE_STYLE_USAGE ( .BOTH. , #1151 ) ;
#1293 = EDGE_CURVE ( 'NONE', #23, #334, #921, .T. ) ;
#1294 = CLOSED_SHELL ( 'NONE', ( #176, #222, #316, #952, #748, #1651, #1337, #94, #1361, #691, #679, #742, #237, #1540, #1664, #1420, #164, #276, #1144, #1763, #832, #428, #442, #102, #403, #1100, #293, #541, #392, #1102, #529, #115, #153, #573, #271, #422, #1659, #386, #1285, #1713, #982, #1616, #994, #418, #365, #120 ) ) ;
#1295 = DIRECTION ( 'NONE',  ( 0.000000000000000000, 1.000000000000000000, 0.000000000000000000 ) ) ;
#1296 = CARTESIAN_POINT ( 'NONE',  ( 0.4042893218813443101, 0.4499999999999999556, 0.3042893218813449985 ) ) ;
#1297 = PRESENTATION_STYLE_ASSIGNMENT (( #1066 ) ) ;
#1298 = VECTOR ( 'NONE', #283, 1000.000000000000000 ) ;
#1299 = FACE_OUTER_BOUND ( 'NONE', #24, .T. ) ;
#1300 = DIRECTION ( 'NONE',  ( 0.000000000000000000, 1.000000000000000000, 0.000000000000000000 ) ) ;
#1301 = SURFACE_STYLE_FILL_AREA ( #1709 ) ;
#1302 = PLANE ( 'NONE',  #69 ) ;
#1303 = COLOUR_RGB ( '',0.7529411764705882248, 0.7529411764705882248, 0.7529411764705882248 ) ;
#1304 = CARTESIAN_POINT ( 'NONE',  ( -0.3249999999999999556, 0.000000000000000000, -1.174552353525963301E-16 ) ) ;
#1305 = AXIS2_PLACEMENT_3D ( 'NONE', #1424, #56, #1289 ) ;
#1306 = EDGE_CURVE ( 'NONE', #134, #509, #301, .T. ) ;
#1307 = FILL_AREA_STYLE ('',( #323 ) ) ;
#1308 = FILL_AREA_STYLE_COLOUR ( '', #1001 ) ;
#1309 = ORIENTED_EDGE ( 'NONE', *, *, #371, .T. ) ;
#1310 = FACE_OUTER_BOUND ( 'NONE', #1314, .T. ) ;
#1311 = CARTESIAN_POINT ( 'NONE',  ( 0.3250000000000000111, 0.05000000000000002359, -0.2750000000000001887 ) ) ;
#1312 = DIRECTION ( 'NONE',  ( -1.000000000000000000, 0.000000000000000000, -0.000000000000000000 ) ) ;
#1313 = VERTEX_POINT ( 'NONE', #762 ) ;
#1314 = EDGE_LOOP ( 'NONE', ( #1771, #1430, #1614, #1218 ) ) ;
#1315 = VECTOR ( 'NONE', #256, 1000.000000000000000 ) ;
#1316 = CARTESIAN_POINT ( 'NONE',  ( -0.3250000000000000666, 0.3999999999999999667, 0.3249999999999997891 ) ) ;
#1317 = VERTEX_POINT ( 'NONE', #739 ) ;
#1318 = DIRECTION ( 'NONE',  ( 0.000000000000000000, 0.000000000000000000, -1.000000000000000000 ) ) ;
#1319 = PRESENTATION_LAYER_ASSIGNMENT (  '', '', ( #1068 ) ) ;
#1320 = SURFACE_STYLE_USAGE ( .BOTH. , #93 ) ;
#1321 =( NAMED_UNIT ( * ) PLANE_ANGLE_UNIT ( ) SI_UNIT ( $, .RADIAN. ) );
#1322 = DIRECTION ( 'NONE',  ( 1.000000000000000000, -0.000000000000000000, -0.000000000000000000 ) ) ;
#1323 = LINE ( 'NONE', #302, #1781 ) ;
#1324 = CARTESIAN_POINT ( 'NONE',  ( -0.4250000000000008771, 0.05000000000000002359, 0.2749999999999997446 ) ) ;
#1325 = DIRECTION ( 'NONE',  ( 0.000000000000000000, 0.000000000000000000, -1.000000000000000000 ) ) ;
#1326 = VECTOR ( 'NONE', #1666, 1000.000000000000000 ) ;
#1327 = COLOUR_RGB ( '',0.7529411764705882248, 0.7529411764705882248, 0.7529411764705882248 ) ;
#1328 = CARTESIAN_POINT ( 'NONE',  ( -0.3750000000000008882, 0.000000000000000000, 0.000000000000000000 ) ) ;
#1329 = EDGE_LOOP ( 'NONE', ( #1309, #959, #705, #379 ) ) ;
#1330 = ORIENTED_EDGE ( 'NONE', *, *, #1559, .F. ) ;
#1331 = ORIENTED_EDGE ( 'NONE', *, *, #1694, .T. ) ;
#1332 = ORIENTED_EDGE ( 'NONE', *, *, #305, .T. ) ;
#1333 = ORIENTED_EDGE ( 'NONE', *, *, #794, .F. ) ;
#1334 = DIRECTION ( 'NONE',  ( -0.000000000000000000, -1.000000000000000000, -0.000000000000000000 ) ) ;
#1335 = FILL_AREA_STYLE ('',( #300 ) ) ;
#1336 = EDGE_CURVE ( 'NONE', #1075, #425, #1689, .T. ) ;
#1337 = ADVANCED_FACE ( 'NONE', ( #1269 ), #1693, .F. ) ;
#1338 =( LENGTH_UNIT ( ) NAMED_UNIT ( * ) SI_UNIT ( .MILLI., .METRE. ) );
#1339 = DIRECTION ( 'NONE',  ( 1.000000000000000000, 0.000000000000000000, -0.000000000000000000 ) ) ;
#1340 = DIRECTION ( 'NONE',  ( 1.084202172485504434E-15, -1.000000000000000000, 0.000000000000000000 ) ) ;
#1341 = LINE ( 'NONE', #1304, #189 ) ;
#1342 = CARTESIAN_POINT ( 'NONE',  ( -0.3250000000000000111, 0.4500000000000000111, -0.2750000000000001887 ) ) ;
#1343 = DIRECTION ( 'NONE',  ( 1.084202172485503251E-15, 0.000000000000000000, 1.000000000000000000 ) ) ;
#1344 = FACE_OUTER_BOUND ( 'NONE', #1259, .T. ) ;
#1345 = FACE_OUTER_BOUND ( 'NONE', #356, .T. ) ;
#1346 = CARTESIAN_POINT ( 'NONE',  ( -0.4250000000000008771, 0.4500000000000000111, 0.3249999999999997891 ) ) ;
#1347 = ORIENTED_EDGE ( 'NONE', *, *, #1598, .F. ) ;
#1348 =( LENGTH_UNIT ( ) NAMED_UNIT ( * ) SI_UNIT ( .MILLI., .METRE. ) );
#1349 = ORIENTED_EDGE ( 'NONE', *, *, #1396, .T. ) ;
#1350 = DIRECTION ( 'NONE',  ( 0.000000000000000000, 1.000000000000000000, 0.000000000000000000 ) ) ;
#1351 = CARTESIAN_POINT ( 'NONE',  ( -0.3250000000000000666, 0.4500000000000000111, 0.3249999999999997891 ) ) ;
#1352 = ORIENTED_EDGE ( 'NONE', *, *, #627, .F. ) ;
#1353 = CARTESIAN_POINT ( 'NONE',  ( 0.2250000000000000611, 0.4500000000000000111, -0.1750000000000002665 ) ) ;
#1354 = VERTEX_POINT ( 'NONE', #1578 ) ;
#1355 = DIRECTION ( 'NONE',  ( -2.168404344971006501E-15, 0.000000000000000000, 1.000000000000000000 ) ) ;
#1356 = CARTESIAN_POINT ( 'NONE',  ( -0.3250000000000000111, 0.4500000000000000111, -0.1750000000000002665 ) ) ;
#1357 = CARTESIAN_POINT ( 'NONE',  ( 0.000000000000000000, 0.4500000000000000111, 0.000000000000000000 ) ) ;
#1358 = LINE ( 'NONE', #515, #592 ) ;
#1359 = EDGE_CURVE ( 'NONE', #1402, #317, #440, .T. ) ;
#1360 = DIRECTION ( 'NONE',  ( -1.000000000000000000, 0.000000000000000000, 0.000000000000000000 ) ) ;
#1361 = ADVANCED_FACE ( 'NONE', ( #1579 ), #882, .F. ) ;
#1362 = DIRECTION ( 'NONE',  ( -1.000000000000000000, 0.000000000000000000, 0.000000000000000000 ) ) ;
#1363 = PRODUCT_DEFINITION_SHAPE ( 'NONE', 'NONE',  #1225 ) ;
#1364 = MECHANICAL_DESIGN_GEOMETRIC_PRESENTATION_REPRESENTATION (  '', ( #1106 ), #1463 ) ;
#1365 = CARTESIAN_POINT ( 'NONE',  ( 0.2749999999999999667, 0.4500000000000000111, -0.1750000000000002665 ) ) ;
#1366 = VECTOR ( 'NONE', #516, 1000.000000000000000 ) ;
#1367 = PRESENTATION_STYLE_ASSIGNMENT (( #1072 ) ) ;
#1368 = SURFACE_STYLE_USAGE ( .BOTH. , #1065 ) ;
#1369 = CARTESIAN_POINT ( 'NONE',  ( -0.1750000000000000444, 0.05000000000000000278, -0.2750000000000001887 ) ) ;
#1370 = VECTOR ( 'NONE', #1089, 1000.000000000000000 ) ;
#1371 = CARTESIAN_POINT ( 'NONE',  ( -0.2250000000000000611, 0.000000000000000000, -0.1750000000000002665 ) ) ;
#1372 = EDGE_CURVE ( 'NONE', #1427, #954, #549, .T. ) ;
#1373 = ORIENTED_EDGE ( 'NONE', *, *, #1210, .T. ) ;
#1374 = ORIENTED_EDGE ( 'NONE', *, *, #1030, .F. ) ;
#1375 = AXIS2_PLACEMENT_3D ( 'NONE', #224, #1593, #251 ) ;
#1376 = CARTESIAN_POINT ( 'NONE',  ( 0.3250000000000000111, 0.4500000000000000111, -0.2750000000000001887 ) ) ;
#1377 = DIRECTION ( 'NONE',  ( 1.084202172485504434E-15, 0.000000000000000000, 1.000000000000000000 ) ) ;
#1378 = SURFACE_STYLE_USAGE ( .BOTH. , #1391 ) ;
#1379 = AXIS2_PLACEMENT_3D ( 'NONE', #553, #227, #378 ) ;
#1380 = ORIENTED_EDGE ( 'NONE', *, *, #1372, .T. ) ;
#1381 = VECTOR ( 'NONE', #1170, 1000.000000000000000 ) ;
#1382 = EDGE_CURVE ( 'NONE', #676, #317, #530, .T. ) ;
#1383 = VECTOR ( 'NONE', #1087, 1000.000000000000000 ) ;
#1384 = AXIS2_PLACEMENT_3D ( 'NONE', #1059, #208, #1188 ) ;
#1385 = SURFACE_STYLE_USAGE ( .BOTH. , #1730 ) ;
#1386 = CARTESIAN_POINT ( 'NONE',  ( 0.3749999999999991673, 0.3999999999999999667, 0.000000000000000000 ) ) ;
#1387 = CARTESIAN_POINT ( 'NONE',  ( -0.4042893218813461420, 3.208786417561271026E-17, 0.3042893218813449985 ) ) ;
#1388 = CARTESIAN_POINT ( 'NONE',  ( -0.3250000000000000111, 0.4500000000000000111, -0.2750000000000001887 ) ) ;
#1389 = VECTOR ( 'NONE', #1081, 1000.000000000000000 ) ;
#1390 = DIRECTION ( 'NONE',  ( 1.000000000000000000, 0.000000000000000000, -0.000000000000000000 ) ) ;
#1391 = SURFACE_SIDE_STYLE ('',( #673 ) ) ;
#1392 = LINE ( 'NONE', #270, #170 ) ;
#1393 = COLOUR_RGB ( '',0.7529411764705882248, 0.7529411764705882248, 0.7529411764705882248 ) ;
#1394 = CARTESIAN_POINT ( 'NONE',  ( 0.4249999999999991562, 0.3999999999999999667, 0.3249999999999997891 ) ) ;
#1395 = AXIS2_PLACEMENT_3D ( 'NONE', #591, #160, #1551 ) ;
#1396 = EDGE_CURVE ( 'NONE', #1455, #296, #855, .T. ) ;
#1397 = UNCERTAINTY_MEASURE_WITH_UNIT (LENGTH_MEASURE( 1.000000000000000082E-05 ), #174, 'distance_accuracy_value', 'NONE');
#1398 = ORIENTED_EDGE ( 'NONE', *, *, #1525, .F. ) ;
#1399 = ORIENTED_EDGE ( 'NONE', *, *, #725, .F. ) ;
#1400 = EDGE_LOOP ( 'NONE', ( #898, #1094, #1266, #129 ) ) ;
#1401 = MECHANICAL_DESIGN_GEOMETRIC_PRESENTATION_REPRESENTATION (  '', ( #1119 ), #1264 ) ;
#1402 = VERTEX_POINT ( 'NONE', #308 ) ;
#1403 = EDGE_CURVE ( 'NONE', #1354, #1680, #790, .T. ) ;
#1404 = ORIENTED_EDGE ( 'NONE', *, *, #1454, .T. ) ;
#1405 = VERTEX_POINT ( 'NONE', #897 ) ;
#1406 = CARTESIAN_POINT ( 'NONE',  ( 0.2749999999999999667, 0.000000000000000000, -0.1250000000000002220 ) ) ;
#1407 = EDGE_LOOP ( 'NONE', ( #867, #3, #1575, #1711 ) ) ;
#1408 = CARTESIAN_POINT ( 'NONE',  ( -0.3250000000000000111, 0.000000000000000000, -0.1750000000000002665 ) ) ;
#1409 = DIRECTION ( 'NONE',  ( -1.000000000000000000, 0.000000000000000000, -5.421010862427520198E-16 ) ) ;
#1410 = DIRECTION ( 'NONE',  ( -1.000000000000000000, 0.000000000000000000, 0.000000000000000000 ) ) ;
#1411 = LINE ( 'NONE', #1223, #1023 ) ;
#1412 = VECTOR ( 'NONE', #508, 1000.000000000000000 ) ;
#1413 = STYLED_ITEM ( 'NONE', ( #813 ), #679 ) ;
#1414 = EDGE_CURVE ( 'NONE', #171, #785, #252, .T. ) ;
#1415 = DIRECTION ( 'NONE',  ( 0.000000000000000000, 1.000000000000000000, 0.000000000000000000 ) ) ;
#1416 = VECTOR ( 'NONE', #1017, 1000.000000000000000 ) ;
#1417 = DIRECTION ( 'NONE',  ( -1.000000000000000000, 0.000000000000000000, -0.000000000000000000 ) ) ;
#1418 = SURFACE_STYLE_FILL_AREA ( #1602 ) ;
#1419 = CARTESIAN_POINT ( 'NONE',  ( -0.1750000000000000167, 0.4500000000000000111, -0.2750000000000001887 ) ) ;
#1420 = ADVANCED_FACE ( 'NONE', ( #903 ), #1302, .F. ) ;
#1421 = DIRECTION ( 'NONE',  ( -1.000000000000000000, 0.000000000000000000, 0.000000000000000000 ) ) ;
#1422 = EDGE_LOOP ( 'NONE', ( #38, #459, #1452, #780 ) ) ;
#1423 = CARTESIAN_POINT ( 'NONE',  ( -0.3750000000000008882, 0.000000000000000000, -0.2750000000000001887 ) ) ;
#1424 = CARTESIAN_POINT ( 'NONE',  ( -0.4250000000000008771, 0.4500000000000000111, 0.3249999999999997891 ) ) ;
#1425 = VECTOR ( 'NONE', #4, 1000.000000000000000 ) ;
#1426 = EDGE_CURVE ( 'NONE', #1177, #76, #658, .T. ) ;
#1427 = VERTEX_POINT ( 'NONE', #1178 ) ;
#1428 = ORIENTED_EDGE ( 'NONE', *, *, #1293, .T. ) ;
#1429 =( GEOMETRIC_REPRESENTATION_CONTEXT ( 3 ) GLOBAL_UNCERTAINTY_ASSIGNED_CONTEXT ( ( #1009 ) ) GLOBAL_UNIT_ASSIGNED_CONTEXT ( ( #325, #1447, #621 ) ) REPRESENTATION_CONTEXT ( 'NONE', 'WORKASPACE' ) );
#1430 = ORIENTED_EDGE ( 'NONE', *, *, #159, .F. ) ;
#1431 = ORIENTED_EDGE ( 'NONE', *, *, #258, .T. ) ;
#1432 = CARTESIAN_POINT ( 'NONE',  ( -0.4250000000000008771, 0.4500000000000000111, 0.3249999999999997891 ) ) ;
#1433 = DIRECTION ( 'NONE',  ( 0.000000000000000000, 0.000000000000000000, 1.000000000000000000 ) ) ;
#1434 = DIRECTION ( 'NONE',  ( -1.000000000000000000, 0.000000000000000000, -0.000000000000000000 ) ) ;
#1435 = COLOUR_RGB ( '',0.7529411764705882248, 0.7529411764705882248, 0.7529411764705882248 ) ;
#1436 =( NAMED_UNIT ( * ) PLANE_ANGLE_UNIT ( ) SI_UNIT ( $, .RADIAN. ) );
#1437 = CARTESIAN_POINT ( 'NONE',  ( -0.4250000000000008771, 0.05000000000000002359, 0.2749999999999997446 ) ) ;
#1438 = CARTESIAN_POINT ( 'NONE',  ( -0.1750000000000000167, 0.4500000000000000111, 0.1750000000000002387 ) ) ;
#1439 = PRESENTATION_LAYER_ASSIGNMENT (  '', '', ( #313 ) ) ;
#1440 = CARTESIAN_POINT ( 'NONE',  ( -0.1749999999999999611, 0.000000000000000000, 0.2749999999999997446 ) ) ;
#1441 = VECTOR ( 'NONE', #598, 1000.000000000000000 ) ;
#1442 =( LENGTH_UNIT ( ) NAMED_UNIT ( * ) SI_UNIT ( .MILLI., .METRE. ) );
#1443 = PRESENTATION_LAYER_ASSIGNMENT (  '', '', ( #1413 ) ) ;
#1444 = DIRECTION ( 'NONE',  ( 0.000000000000000000, 0.000000000000000000, 1.000000000000000000 ) ) ;
#1445 = EDGE_CURVE ( 'NONE', #1313, #559, #272, .T. ) ;
#1446 = VECTOR ( 'NONE', #1710, 1000.000000000000000 ) ;
#1447 =( NAMED_UNIT ( * ) PLANE_ANGLE_UNIT ( ) SI_UNIT ( $, .RADIAN. ) );
#1448 = ORIENTED_EDGE ( 'NONE', *, *, #416, .F. ) ;
#1449 = ORIENTED_EDGE ( 'NONE', *, *, #1077, .F. ) ;
#1450 = CARTESIAN_POINT ( 'NONE',  ( -0.2250000000000000611, 0.000000000000000000, 0.1250000000000002220 ) ) ;
#1451 = ORIENTED_EDGE ( 'NONE', *, *, #1027, .T. ) ;
#1452 = ORIENTED_EDGE ( 'NONE', *, *, #814, .T. ) ;
#1453 = ORIENTED_EDGE ( 'NONE', *, *, #1141, .F. ) ;
#1454 = EDGE_CURVE ( 'NONE', #979, #1680, #1358, .T. ) ;
#1455 = VERTEX_POINT ( 'NONE', #496 ) ;
#1456 = AXIS2_PLACEMENT_3D ( 'NONE', #1655, #1116, #1355 ) ;
#1457 = DIRECTION ( 'NONE',  ( 0.000000000000000000, 0.000000000000000000, -1.000000000000000000 ) ) ;
#1458 = LINE ( 'NONE', #1524, #728 ) ;
#1459 = PRESENTATION_STYLE_ASSIGNMENT (( #1385 ) ) ;
#1460 = AXIS2_PLACEMENT_3D ( 'NONE', #1692, #1112, #148 ) ;
#1461 =( LENGTH_UNIT ( ) NAMED_UNIT ( * ) SI_UNIT ( .MILLI., .METRE. ) );
#1462 = DIRECTION ( 'NONE',  ( -1.000000000000000000, 0.000000000000000000, 0.000000000000000000 ) ) ;
#1463 =( GEOMETRIC_REPRESENTATION_CONTEXT ( 3 ) GLOBAL_UNCERTAINTY_ASSIGNED_CONTEXT ( ( #1190 ) ) GLOBAL_UNIT_ASSIGNED_CONTEXT ( ( #583, #1537, #460 ) ) REPRESENTATION_CONTEXT ( 'NONE', 'WORKASPACE' ) );
#1464 = LINE ( 'NONE', #348, #736 ) ;
#1465 =( NAMED_UNIT ( * ) SI_UNIT ( $, .STERADIAN. ) SOLID_ANGLE_UNIT ( ) );
#1466 =( NAMED_UNIT ( * ) PLANE_ANGLE_UNIT ( ) SI_UNIT ( $, .RADIAN. ) );
#1467 =( NAMED_UNIT ( * ) SI_UNIT ( $, .STERADIAN. ) SOLID_ANGLE_UNIT ( ) );
#1468 = UNCERTAINTY_MEASURE_WITH_UNIT (LENGTH_MEASURE( 1.000000000000000082E-05 ), #489, 'distance_accuracy_value', 'NONE');
#1469 = VERTEX_POINT ( 'NONE', #510 ) ;
#1470 = CARTESIAN_POINT ( 'NONE',  ( 0.4042893218813443101, 3.926167903384989882E-17, -0.3042893218813454426 ) ) ;
#1471 = EDGE_LOOP ( 'NONE', ( #63, #21, #182, #680 ) ) ;
#1472 = EDGE_LOOP ( 'NONE', ( #210, #1399, #703, #1449 ) ) ;
#1473 = EDGE_CURVE ( 'NONE', #1527, #1317, #1643, .T. ) ;
#1474 = DIRECTION ( 'NONE',  ( 0.000000000000000000, 0.000000000000000000, -1.000000000000000000 ) ) ;
#1475 = AXIS2_PLACEMENT_3D ( 'NONE', #1353, #799, #672 ) ;
#1476 = DIRECTION ( 'NONE',  ( 0.000000000000000000, -0.000000000000000000, 1.000000000000000000 ) ) ;
#1477 = SURFACE_STYLE_USAGE ( .BOTH. , #769 ) ;
#1478 = CARTESIAN_POINT ( 'NONE',  ( 0.000000000000000000, 0.000000000000000000, 0.2749999999999997446 ) ) ;
#1479 = CARTESIAN_POINT ( 'NONE',  ( 0.2250000000000000611, 0.000000000000000000, 0.1750000000000002665 ) ) ;
#1480 = LINE ( 'NONE', #531, #1103 ) ;
#1481 = CARTESIAN_POINT ( 'NONE',  ( -0.3750000000000008882, 0.4500000000000000111, 0.2749999999999997446 ) ) ;
#1482 = COLOUR_RGB ( '',0.7529411764705882248, 0.7529411764705882248, 0.7529411764705882248 ) ;
#1483 = AXIS2_PLACEMENT_3D ( 'NONE', #175, #1146, #314 ) ;
#1484 = EDGE_CURVE ( 'NONE', #821, #125, #1733, .T. ) ;
#1485 = CIRCLE ( 'NONE', #1456, 0.05000000000000005135 ) ;
#1486 = ORIENTED_EDGE ( 'NONE', *, *, #1600, .F. ) ;
#1487 = DIRECTION ( 'NONE',  ( -0.000000000000000000, -1.000000000000000000, -0.000000000000000000 ) ) ;
#1488 = EDGE_LOOP ( 'NONE', ( #1633, #992, #195, #563 ) ) ;
#1489 = ORIENTED_EDGE ( 'NONE', *, *, #1403, .F. ) ;
#1490 = VECTOR ( 'NONE', #154, 1000.000000000000000 ) ;
#1491 = VERTEX_POINT ( 'NONE', #389 ) ;
#1492 = DIRECTION ( 'NONE',  ( 0.000000000000000000, 0.000000000000000000, -1.000000000000000000 ) ) ;
#1493 = ORIENTED_EDGE ( 'NONE', *, *, #589, .F. ) ;
#1494 = EDGE_LOOP ( 'NONE', ( #820, #702, #526, #989 ) ) ;
#1495 =( GEOMETRIC_REPRESENTATION_CONTEXT ( 3 ) GLOBAL_UNCERTAINTY_ASSIGNED_CONTEXT ( ( #643 ) ) GLOBAL_UNIT_ASSIGNED_CONTEXT ( ( #535, #681, #550 ) ) REPRESENTATION_CONTEXT ( 'NONE', 'WORKASPACE' ) );
#1496 = DIRECTION ( 'NONE',  ( 0.000000000000000000, 0.000000000000000000, 1.000000000000000000 ) ) ;
#1497 = LINE ( 'NONE', #1270, #492 ) ;
#1498 =( NAMED_UNIT ( * ) SI_UNIT ( $, .STERADIAN. ) SOLID_ANGLE_UNIT ( ) );
#1499 = FACE_OUTER_BOUND ( 'NONE', #564, .T. ) ;
#1500 = EDGE_CURVE ( 'NONE', #803, #685, #1145, .T. ) ;
#1501 = FILL_AREA_STYLE_COLOUR ( '', #1736 ) ;
#1502 = FACE_OUTER_BOUND ( 'NONE', #452, .T. ) ;
#1503 = EDGE_CURVE ( 'NONE', #698, #1402, #1101, .T. ) ;
#1504 = DIRECTION ( 'NONE',  ( 3.614007241618349264E-16, -0.000000000000000000, 1.000000000000000000 ) ) ;
#1505 = AXIS2_PLACEMENT_3D ( 'NONE', #500, #1496, #1632 ) ;
#1506 = AXIS2_PLACEMENT_3D ( 'NONE', #290, #511, #789 ) ;
#1507 = ORIENTED_EDGE ( 'NONE', *, *, #1254, .F. ) ;
#1508 = CARTESIAN_POINT ( 'NONE',  ( -0.2749999999999999667, 0.4500000000000000111, -0.1750000000000002665 ) ) ;
#1509 = CARTESIAN_POINT ( 'NONE',  ( -0.4250000000000008771, 0.05000000000000002359, -0.3250000000000001776 ) ) ;
#1510 = FILL_AREA_STYLE ('',( #1501 ) ) ;
#1511 = VERTEX_POINT ( 'NONE', #1634 ) ;
#1512 = PLANE ( 'NONE',  #1630 ) ;
#1513 =( LENGTH_UNIT ( ) NAMED_UNIT ( * ) SI_UNIT ( .MILLI., .METRE. ) );
#1514 = AXIS2_PLACEMENT_3D ( 'NONE', #585, #1544, #731 ) ;
#1515 = VECTOR ( 'NONE', #674, 1000.000000000000000 ) ;
#1516 = EDGE_CURVE ( 'NONE', #126, #1177, #831, .T. ) ;
#1517 = VECTOR ( 'NONE', #1147, 1000.000000000000000 ) ;
#1518 = AXIS2_PLACEMENT_3D ( 'NONE', #810, #223, #240 ) ;
#1519 = LINE ( 'NONE', #263, #1148 ) ;
#1520 = DIRECTION ( 'NONE',  ( 0.000000000000000000, 0.000000000000000000, 1.000000000000000000 ) ) ;
#1521 = CARTESIAN_POINT ( 'NONE',  ( 0.2749999999999999667, 0.4500000000000000111, 0.1750000000000002665 ) ) ;
#1522 = COLOUR_RGB ( '',0.7529411764705882248, 0.7529411764705882248, 0.7529411764705882248 ) ;
#1523 = FILL_AREA_STYLE_COLOUR ( '', #1128 ) ;
#1524 = CARTESIAN_POINT ( 'NONE',  ( 0.3250000000000000111, 0.4500000000000000111, 0.3249999999999997891 ) ) ;
#1525 = EDGE_CURVE ( 'NONE', #1491, #523, #385, .T. ) ;
#1526 = ORIENTED_EDGE ( 'NONE', *, *, #206, .T. ) ;
#1527 = VERTEX_POINT ( 'NONE', #664 ) ;
#1528 = AXIS2_PLACEMENT_3D ( 'NONE', #708, #586, #332 ) ;
#1529 = DIRECTION ( 'NONE',  ( 0.000000000000000000, 0.000000000000000000, -1.000000000000000000 ) ) ;
#1530 = ORIENTED_EDGE ( 'NONE', *, *, #262, .F. ) ;
#1531 = UNCERTAINTY_MEASURE_WITH_UNIT (LENGTH_MEASURE( 1.000000000000000082E-05 ), #1348, 'distance_accuracy_value', 'NONE');
#1532 = ORIENTED_EDGE ( 'NONE', *, *, #504, .F. ) ;
#1533 = EDGE_LOOP ( 'NONE', ( #1347, #1431, #1746, #1331 ) ) ;
#1534 = ORIENTED_EDGE ( 'NONE', *, *, #1108, .T. ) ;
#1535 = CARTESIAN_POINT ( 'NONE',  ( -0.1750000000000000444, 0.3999999999999999667, -0.2750000000000001887 ) ) ;
#1536 = VECTOR ( 'NONE', #298, 1000.000000000000000 ) ;
#1537 =( NAMED_UNIT ( * ) PLANE_ANGLE_UNIT ( ) SI_UNIT ( $, .RADIAN. ) );
#1538 = AXIS2_PLACEMENT_3D ( 'NONE', #344, #395, #661 ) ;
#1539 = DIRECTION ( 'NONE',  ( -1.000000000000000000, 0.000000000000000000, -0.000000000000000000 ) ) ;
#1540 = ADVANCED_FACE ( 'NONE', ( #1619 ), #1753, .F. ) ;
#1541 = CYLINDRICAL_SURFACE ( 'NONE', #92, 0.04999999999999999584 ) ;
#1542 = DIRECTION ( 'NONE',  ( -0.000000000000000000, -0.000000000000000000, 1.000000000000000000 ) ) ;
#1543 = CYLINDRICAL_SURFACE ( 'NONE', #497, 0.05000000000000002359 ) ;
#1544 = DIRECTION ( 'NONE',  ( -0.000000000000000000, -1.000000000000000000, -0.000000000000000000 ) ) ;
#1545 = DIRECTION ( 'NONE',  ( 3.614007241618349264E-16, 0.000000000000000000, -1.000000000000000000 ) ) ;
#1546 = EDGE_CURVE ( 'NONE', #1724, #652, #152, .T. ) ;
#1547 = ORIENTED_EDGE ( 'NONE', *, *, #165, .F. ) ;
#1548 = AXIS2_PLACEMENT_3D ( 'NONE', #209, #366, #1765 ) ;
#1549 = ORIENTED_EDGE ( 'NONE', *, *, #1099, .T. ) ;
#1550 = FACE_OUTER_BOUND ( 'NONE', #1728, .T. ) ;
#1551 = DIRECTION ( 'NONE',  ( 0.000000000000000000, -0.000000000000000000, 1.000000000000000000 ) ) ;
#1552 = ORIENTED_EDGE ( 'NONE', *, *, #1256, .F. ) ;
#1553 = DIRECTION ( 'NONE',  ( 1.000000000000000000, -0.000000000000000000, 0.000000000000000000 ) ) ;
#1554 = COLOUR_RGB ( '',0.7529411764705882248, 0.7529411764705882248, 0.7529411764705882248 ) ;
#1555 = SURFACE_SIDE_STYLE ('',( #1124 ) ) ;
#1556 = DIRECTION ( 'NONE',  ( 1.000000000000000000, -0.000000000000000000, -0.000000000000000000 ) ) ;
#1557 =( GEOMETRIC_REPRESENTATION_CONTEXT ( 3 ) GLOBAL_UNCERTAINTY_ASSIGNED_CONTEXT ( ( #1720 ) ) GLOBAL_UNIT_ASSIGNED_CONTEXT ( ( #1461, #684, #1049 ) ) REPRESENTATION_CONTEXT ( 'NONE', 'WORKASPACE' ) );
#1558 = VECTOR ( 'NONE', #54, 1000.000000000000000 ) ;
#1559 = EDGE_CURVE ( 'NONE', #28, #1724, #1138, .T. ) ;
#1560 = UNCERTAINTY_MEASURE_WITH_UNIT (LENGTH_MEASURE( 1.000000000000000082E-05 ), #321, 'distance_accuracy_value', 'NONE');
#1561 = PRESENTATION_STYLE_ASSIGNMENT (( #1477 ) ) ;
#1562 = CARTESIAN_POINT ( 'NONE',  ( 0.3250000000000000666, 0.3999999999999999667, 0.2749999999999997446 ) ) ;
#1563 = DIRECTION ( 'NONE',  ( 0.000000000000000000, 0.000000000000000000, -1.000000000000000000 ) ) ;
#1564 = PRESENTATION_STYLE_ASSIGNMENT (( #907 ) ) ;
#1565 = DIRECTION ( 'NONE',  ( 0.000000000000000000, 0.000000000000000000, 1.000000000000000000 ) ) ;
#1566 = CYLINDRICAL_SURFACE ( 'NONE', #13, 0.04999999999999999584 ) ;
#1567 = ORIENTED_EDGE ( 'NONE', *, *, #1099, .F. ) ;
#1568 = ORIENTED_EDGE ( 'NONE', *, *, #941, .T. ) ;
#1569 = FILL_AREA_STYLE ('',( #1155 ) ) ;
#1570 = DIRECTION ( 'NONE',  ( -0.000000000000000000, -1.000000000000000000, -0.000000000000000000 ) ) ;
#1571 = VERTEX_POINT ( 'NONE', #714 ) ;
#1572 = AXIS2_PLACEMENT_3D ( 'NONE', #50, #879, #464 ) ;
#1573 =( NAMED_UNIT ( * ) PLANE_ANGLE_UNIT ( ) SI_UNIT ( $, .RADIAN. ) );
#1574 = EDGE_CURVE ( 'NONE', #156, #1705, #1636, .T. ) ;
#1575 = ORIENTED_EDGE ( 'NONE', *, *, #454, .T. ) ;
#1576 = VERTEX_POINT ( 'NONE', #249 ) ;
#1577 = VERTEX_POINT ( 'NONE', #1220 ) ;
#1578 = CARTESIAN_POINT ( 'NONE',  ( 0.1750000000000000167, 0.3999999999999999667, 0.3249999999999997891 ) ) ;
#1579 = FACE_OUTER_BOUND ( 'NONE', #216, .T. ) ;
#1580 = LINE ( 'NONE', #17, #491 ) ;
#1581 = CYLINDRICAL_SURFACE ( 'NONE', #1384, 0.04999999999999999584 ) ;
#1582 = SURFACE_STYLE_USAGE ( .BOTH. , #1044 ) ;
#1583 = CIRCLE ( 'NONE', #47, 0.05000000000000005135 ) ;
#1584 = AXIS2_PLACEMENT_3D ( 'NONE', #772, #197, #1596 ) ;
#1585 = EDGE_CURVE ( 'NONE', #523, #979, #132, .T. ) ;
#1586 = DIRECTION ( 'NONE',  ( 1.000000000000000000, -0.000000000000000000, 0.000000000000000000 ) ) ;
#1587 = CARTESIAN_POINT ( 'NONE',  ( 0.1750000000000000167, 0.3999999999999999667, 0.3249999999999997891 ) ) ;
#1588 = LINE ( 'NONE', #1388, #1719 ) ;
#1589 =( NAMED_UNIT ( * ) SI_UNIT ( $, .STERADIAN. ) SOLID_ANGLE_UNIT ( ) );
#1590 = VECTOR ( 'NONE', #1745, 1000.000000000000000 ) ;
#1591 = FACE_OUTER_BOUND ( 'NONE', #1400, .T. ) ;
#1592 = VERTEX_POINT ( 'NONE', #693 ) ;
#1593 = DIRECTION ( 'NONE',  ( -1.000000000000000000, 0.000000000000000000, 0.000000000000000000 ) ) ;
#1594 = DIRECTION ( 'NONE',  ( 0.000000000000000000, -0.000000000000000000, 1.000000000000000000 ) ) ;
#1595 = ORIENTED_EDGE ( 'NONE', *, *, #1134, .F. ) ;
#1596 = DIRECTION ( 'NONE',  ( 1.084202172485503842E-15, -1.000000000000000000, 0.000000000000000000 ) ) ;
#1597 = MECHANICAL_DESIGN_GEOMETRIC_PRESENTATION_REPRESENTATION (  '', ( #580 ), #320 ) ;
#1598 = EDGE_CURVE ( 'NONE', #1576, #264, #1203, .T. ) ;
#1599 = CARTESIAN_POINT ( 'NONE',  ( 0.1749999999999999611, 0.4500000000000000111, 6.324512672832109609E-17 ) ) ;
#1600 = EDGE_CURVE ( 'NONE', #635, #506, #407, .T. ) ;
#1601 = FACE_OUTER_BOUND ( 'NONE', #8, .T. ) ;
#1602 = FILL_AREA_STYLE ('',( #647 ) ) ;
#1603 = LINE ( 'NONE', #577, #107 ) ;
#1604 = APPLICATION_PROTOCOL_DEFINITION ( 'draft international standard', 'automotive_design', 1998, #1180 ) ;
#1605 = SURFACE_SIDE_STYLE ('',( #963 ) ) ;
#1606 = LINE ( 'NONE', #1265, #143 ) ;
#1607 = CIRCLE ( 'NONE', #1460, 0.05000000000000002359 ) ;
#1608 = AXIS2_PLACEMENT_3D ( 'NONE', #1204, #1076, #604 ) ;
#1609 = EDGE_LOOP ( 'NONE', ( #1080, #971, #406, #376, #1534, #178 ) ) ;
#1610 = VERTEX_POINT ( 'NONE', #1226 ) ;
#1611 = ORIENTED_EDGE ( 'NONE', *, *, #1306, .F. ) ;
#1612 = FILL_AREA_STYLE_COLOUR ( '', #351 ) ;
#1613 = ORIENTED_EDGE ( 'NONE', *, *, #468, .T. ) ;
#1614 = ORIENTED_EDGE ( 'NONE', *, *, #1277, .F. ) ;
#1615 = DIRECTION ( 'NONE',  ( 0.000000000000000000, 1.000000000000000000, 0.000000000000000000 ) ) ;
#1616 = ADVANCED_FACE ( 'NONE', ( #1550 ), #1725, .T. ) ;
#1617 = DIRECTION ( 'NONE',  ( -0.000000000000000000, -1.000000000000000000, -0.000000000000000000 ) ) ;
#1618 = AXIS2_PLACEMENT_3D ( 'NONE', #1371, #538, #1638 ) ;
#1619 = FACE_OUTER_BOUND ( 'NONE', #798, .T. ) ;
#1620 = DIRECTION ( 'NONE',  ( 0.000000000000000000, 0.000000000000000000, 1.000000000000000000 ) ) ;
#1621 = SURFACE_STYLE_FILL_AREA ( #1510 ) ;
#1622 = CARTESIAN_POINT ( 'NONE',  ( 0.000000000000000000, 0.000000000000000000, 0.2749999999999997446 ) ) ;
#1623 = DIRECTION ( 'NONE',  ( 1.000000000000000000, 0.000000000000000000, -0.000000000000000000 ) ) ;
#1624 = LINE ( 'NONE', #82, #905 ) ;
#1625 = LINE ( 'NONE', #1762, #1253 ) ;
#1626 = EDGE_CURVE ( 'NONE', #126, #384, #1057, .T. ) ;
#1627 = SURFACE_STYLE_FILL_AREA ( #759 ) ;
#1628 = CARTESIAN_POINT ( 'NONE',  ( 0.3250000000000000111, 0.05000000000000002359, 0.3249999999999997891 ) ) ;
#1629 = CYLINDRICAL_SURFACE ( 'NONE', #443, 0.04999999999999999584 ) ;
#1630 = AXIS2_PLACEMENT_3D ( 'NONE', #1236, #1520, #1390 ) ;
#1631 = VECTOR ( 'NONE', #837, 1000.000000000000000 ) ;
#1632 = DIRECTION ( 'NONE',  ( 1.000000000000000000, 0.000000000000000000, 0.000000000000000000 ) ) ;
#1633 = ORIENTED_EDGE ( 'NONE', *, *, #169, .T. ) ;
#1634 = CARTESIAN_POINT ( 'NONE',  ( -0.1750000000000000444, 0.4500000000000000111, -0.2750000000000001887 ) ) ;
#1635 = ORIENTED_EDGE ( 'NONE', *, *, #327, .F. ) ;
#1636 = LINE ( 'NONE', #1622, #1224 ) ;
#1637 = EDGE_LOOP ( 'NONE', ( #457, #473, #382, #1008, #1153, #1038 ) ) ;
#1638 = DIRECTION ( 'NONE',  ( -1.626303258728255073E-15, 0.000000000000000000, 1.000000000000000000 ) ) ;
#1639 =( BOUNDED_CURVE ( )  B_SPLINE_CURVE ( 3, ( #1047, #1217, #1677, #1107 ),
 .UNSPECIFIED., .F., .T. ) 
 B_SPLINE_CURVE_WITH_KNOTS ( ( 4, 4 ),
 ( 3.141592653589793116, 4.712388980384689674 ),
 .UNSPECIFIED. ) 
 CURVE ( )  GEOMETRIC_REPRESENTATION_ITEM ( )  RATIONAL_B_SPLINE_CURVE ( ( 1.000000000000000000, 0.8047378541243649375, 0.8047378541243649375, 1.000000000000000000 ) ) 
 REPRESENTATION_ITEM ( '' )  );
#1640 = EDGE_CURVE ( 'NONE', #509, #506, #431, .T. ) ;
#1641 = CARTESIAN_POINT ( 'NONE',  ( 0.3250000000000000111, 0.4500000000000000111, -0.3250000000000001776 ) ) ;
#1642 = DIRECTION ( 'NONE',  ( -0.000000000000000000, -1.000000000000000000, -0.000000000000000000 ) ) ;
#1643 = LINE ( 'NONE', #352, #1181 ) ;
#1644 = FILL_AREA_STYLE ('',( #1782 ) ) ;
#1645 = VECTOR ( 'NONE', #1553, 1000.000000000000000 ) ;
#1646 = FACE_OUTER_BOUND ( 'NONE', #478, .T. ) ;
#1647 = FACE_OUTER_BOUND ( 'NONE', #1533, .T. ) ;
#1648 = CARTESIAN_POINT ( 'NONE',  ( 0.1750000000000000722, 0.000000000000000000, 6.324512672832114540E-17 ) ) ;
#1649 = AXIS2_PLACEMENT_3D ( 'NONE', #558, #14, #1662 ) ;
#1650 = AXIS2_PLACEMENT_3D ( 'NONE', #1365, #1642, #1093 ) ;
#1651 = ADVANCED_FACE ( 'NONE', ( #1043 ), #850, .F. ) ;
#1652 = CARTESIAN_POINT ( 'NONE',  ( -0.4250000000000008771, 0.4500000000000000111, -0.3250000000000001776 ) ) ;
#1653 = CARTESIAN_POINT ( 'NONE',  ( 0.1750000000000000167, 0.05000000000000002359, -0.3250000000000001776 ) ) ;
#1654 = ORIENTED_EDGE ( 'NONE', *, *, #1172, .T. ) ;
#1655 = CARTESIAN_POINT ( 'NONE',  ( 0.2749999999999999667, 0.000000000000000000, -0.1750000000000002665 ) ) ;
#1656 = ORIENTED_EDGE ( 'NONE', *, *, #725, .T. ) ;
#1657 = ORIENTED_EDGE ( 'NONE', *, *, #230, .T. ) ;
#1658 = ORIENTED_EDGE ( 'NONE', *, *, #1445, .T. ) ;
#1659 = ADVANCED_FACE ( 'NONE', ( #1310 ), #257, .T. ) ;
#1660 = DIRECTION ( 'NONE',  ( 3.614007241618349264E-16, 0.000000000000000000, -1.000000000000000000 ) ) ;
#1661 = EDGE_CURVE ( 'NONE', #1046, #1708, #1036, .T. ) ;
#1662 = DIRECTION ( 'NONE',  ( 0.000000000000000000, 0.000000000000000000, 1.000000000000000000 ) ) ;
#1663 = PRESENTATION_LAYER_ASSIGNMENT (  '', '', ( #753 ) ) ;
#1664 = ADVANCED_FACE ( 'NONE', ( #965 ), #623, .T. ) ;
#1665 = DIRECTION ( 'NONE',  ( 0.000000000000000000, 1.000000000000000000, 0.000000000000000000 ) ) ;
#1666 = DIRECTION ( 'NONE',  ( 0.000000000000000000, -1.000000000000000000, 0.000000000000000000 ) ) ;
#1667 = CIRCLE ( 'NONE', #1777, 0.05000000000000005135 ) ;
#1668 = DIRECTION ( 'NONE',  ( 0.000000000000000000, -1.000000000000000000, 0.000000000000000000 ) ) ;
#1669 = EDGE_CURVE ( 'NONE', #1748, #425, #415, .T. ) ;
#1670 = AXIS2_PLACEMENT_3D ( 'NONE', #560, #527, #11 ) ;
#1671 = AXIS2_PLACEMENT_3D ( 'NONE', #1690, #1421, #1039 ) ;
#1672 = DIRECTION ( 'NONE',  ( 0.000000000000000000, 0.000000000000000000, 1.000000000000000000 ) ) ;
#1673 = PRESENTATION_STYLE_ASSIGNMENT (( #1378 ) ) ;
#1674 = EDGE_CURVE ( 'NONE', #425, #1354, #1232, .T. ) ;
#1675 = DIRECTION ( 'NONE',  ( -5.421010862427522170E-16, 0.000000000000000000, 1.000000000000000000 ) ) ;
#1676 = ORIENTED_EDGE ( 'NONE', *, *, #1546, .F. ) ;
#1677 = CARTESIAN_POINT ( 'NONE',  ( -0.4042893218813461420, 0.4499999999999999556, -0.3042893218813454426 ) ) ;
#1678 =( NAMED_UNIT ( * ) PLANE_ANGLE_UNIT ( ) SI_UNIT ( $, .RADIAN. ) );
#1679 = EDGE_LOOP ( 'NONE', ( #239, #1154, #1778, #96 ) ) ;
#1680 = VERTEX_POINT ( 'NONE', #49 ) ;
#1681 = SURFACE_STYLE_FILL_AREA ( #297 ) ;
#1682 = CARTESIAN_POINT ( 'NONE',  ( 0.4249999999999991562, 0.3999999999999999667, -0.3250000000000001776 ) ) ;
#1683 = ORIENTED_EDGE ( 'NONE', *, *, #884, .T. ) ;
#1684 = DIRECTION ( 'NONE',  ( -1.000000000000000000, 0.000000000000000000, 0.000000000000000000 ) ) ;
#1685 = CARTESIAN_POINT ( 'NONE',  ( 0.000000000000000000, 0.4500000000000000111, 0.000000000000000000 ) ) ;
#1686 = DIRECTION ( 'NONE',  ( 3.614007241618349264E-16, -0.000000000000000000, 1.000000000000000000 ) ) ;
#1687 = DIRECTION ( 'NONE',  ( 0.000000000000000000, 0.000000000000000000, -1.000000000000000000 ) ) ;
#1688 = MECHANICAL_DESIGN_GEOMETRIC_PRESENTATION_REPRESENTATION (  '', ( #1068 ), #741 ) ;
#1689 = LINE ( 'NONE', #601, #877 ) ;
#1690 = CARTESIAN_POINT ( 'NONE',  ( -0.1749999999999999611, 0.3999999999999999667, 0.2749999999999997446 ) ) ;
#1691 = DIRECTION ( 'NONE',  ( 0.000000000000000000, -0.000000000000000000, 1.000000000000000000 ) ) ;
#1692 = CARTESIAN_POINT ( 'NONE',  ( -0.3250000000000000111, 0.3999999999999999667, -0.2750000000000001887 ) ) ;
#1693 = PLANE ( 'NONE',  #1305 ) ;
#1694 = EDGE_CURVE ( 'NONE', #506, #264, #1070, .T. ) ;
#1695 = DIRECTION ( 'NONE',  ( 1.000000000000000000, -0.000000000000000000, 0.000000000000000000 ) ) ;
#1696 = EDGE_LOOP ( 'NONE', ( #561, #1723, #333, #1676 ) ) ;
#1697 = CARTESIAN_POINT ( 'NONE',  ( -0.3250000000000000111, 0.05000000000000000278, -0.2750000000000001887 ) ) ;
#1698 = EDGE_CURVE ( 'NONE', #28, #1075, #937, .T. ) ;
#1699 = ORIENTED_EDGE ( 'NONE', *, *, #1764, .F. ) ;
#1700 =( GEOMETRIC_REPRESENTATION_CONTEXT ( 3 ) GLOBAL_UNCERTAINTY_ASSIGNED_CONTEXT ( ( #668 ) ) GLOBAL_UNIT_ASSIGNED_CONTEXT ( ( #349, #1321, #1467 ) ) REPRESENTATION_CONTEXT ( 'NONE', 'WORKASPACE' ) );
#1701 =( NAMED_UNIT ( * ) PLANE_ANGLE_UNIT ( ) SI_UNIT ( $, .RADIAN. ) );
#1702 = DIRECTION ( 'NONE',  ( 1.000000000000000000, -0.000000000000000000, 1.084202172485504040E-15 ) ) ;
#1703 = SURFACE_SIDE_STYLE ('',( #984 ) ) ;
#1704 = CARTESIAN_POINT ( 'NONE',  ( -0.1749999999999999611, 0.3999999999999999667, 0.3249999999999997891 ) ) ;
#1705 = VERTEX_POINT ( 'NONE', #660 ) ;
#1706 = CARTESIAN_POINT ( 'NONE',  ( -0.4250000000000008771, 0.02071067811865477670, 0.3249999999999997891 ) ) ;
#1707 = CARTESIAN_POINT ( 'NONE',  ( 0.000000000000000000, 0.3999999999999999667, -0.2750000000000001887 ) ) ;
#1708 = VERTEX_POINT ( 'NONE', #1481 ) ;
#1709 = FILL_AREA_STYLE ('',( #185 ) ) ;
#1710 = DIRECTION ( 'NONE',  ( 1.000000000000000000, -0.000000000000000000, 0.000000000000000000 ) ) ;
#1711 = ORIENTED_EDGE ( 'NONE', *, *, #1117, .T. ) ;
#1712 =( NAMED_UNIT ( * ) PLANE_ANGLE_UNIT ( ) SI_UNIT ( $, .RADIAN. ) );
#1713 = ADVANCED_FACE ( 'NONE', ( #835 ), #1581, .T. ) ;
#1714 = AXIS2_PLACEMENT_3D ( 'NONE', #948, #864, #1734 ) ;
#1715 = LINE ( 'NONE', #244, #1298 ) ;
#1716 = DIRECTION ( 'NONE',  ( 0.000000000000000000, -0.000000000000000000, 1.000000000000000000 ) ) ;
#1717 = DIRECTION ( 'NONE',  ( 0.000000000000000000, 1.000000000000000000, -0.000000000000000000 ) ) ;
#1718 = DIRECTION ( 'NONE',  ( 1.000000000000000000, 0.000000000000000000, 0.000000000000000000 ) ) ;
#1719 = VECTOR ( 'NONE', #717, 1000.000000000000000 ) ;
#1720 = UNCERTAINTY_MEASURE_WITH_UNIT (LENGTH_MEASURE( 1.000000000000000082E-05 ), #1461, 'distance_accuracy_value', 'NONE');
#1721 = SURFACE_SIDE_STYLE ('',( #1627 ) ) ;
#1722 = ORIENTED_EDGE ( 'NONE', *, *, #570, .F. ) ;
#1723 = ORIENTED_EDGE ( 'NONE', *, *, #258, .F. ) ;
#1724 = VERTEX_POINT ( 'NONE', #194 ) ;
#1725 = CYLINDRICAL_SURFACE ( 'NONE', #995, 0.05000000000000002359 ) ;
#1726 = AXIS2_PLACEMENT_3D ( 'NONE', #827, #7, #1377 ) ;
#1727 =( LENGTH_UNIT ( ) NAMED_UNIT ( * ) SI_UNIT ( .MILLI., .METRE. ) );
#1728 = EDGE_LOOP ( 'NONE', ( #869, #1352, #1547, #978 ) ) ;
#1729 =( LENGTH_UNIT ( ) NAMED_UNIT ( * ) SI_UNIT ( .MILLI., .METRE. ) );
#1730 = SURFACE_SIDE_STYLE ('',( #711 ) ) ;
#1731 = UNCERTAINTY_MEASURE_WITH_UNIT (LENGTH_MEASURE( 1.000000000000000082E-05 ), #1729, 'distance_accuracy_value', 'NONE');
#1732 = AXIS2_PLACEMENT_3D ( 'NONE', #1432, #1318, #1312 ) ;
#1733 = LINE ( 'NONE', #808, #1515 ) ;
#1734 = DIRECTION ( 'NONE',  ( 0.000000000000000000, 0.000000000000000000, -1.000000000000000000 ) ) ;
#1735 = VECTOR ( 'NONE', #131, 1000.000000000000000 ) ;
#1736 = COLOUR_RGB ( '',0.7921568627450980005, 0.8196078431372548767, 0.9333333333333333481 ) ;
#1737 = CARTESIAN_POINT ( 'NONE',  ( 0.000000000000000000, 0.000000000000000000, 0.000000000000000000 ) ) ;
#1738 = CIRCLE ( 'NONE', #980, 0.05000000000000002359 ) ;
#1739 = PRESENTATION_LAYER_ASSIGNMENT (  '', '', ( #1119 ) ) ;
#1740 = LINE ( 'NONE', #749, #1446 ) ;
#1741 = EDGE_LOOP ( 'NONE', ( #1486, #507, #312, #1200 ) ) ;
#1742 = ORIENTED_EDGE ( 'NONE', *, *, #1030, .T. ) ;
#1743 = SURFACE_STYLE_USAGE ( .BOTH. , #1605 ) ;
#1744 = ORIENTED_EDGE ( 'NONE', *, *, #1359, .T. ) ;
#1745 = DIRECTION ( 'NONE',  ( -0.000000000000000000, 0.000000000000000000, 1.000000000000000000 ) ) ;
#1746 = ORIENTED_EDGE ( 'NONE', *, *, #1600, .T. ) ;
#1747 = PRESENTATION_LAYER_ASSIGNMENT (  '', '', ( #1246 ) ) ;
#1748 = VERTEX_POINT ( 'NONE', #201 ) ;
#1749 = EDGE_CURVE ( 'NONE', #171, #1195, #666, .T. ) ;
#1750 = ORIENTED_EDGE ( 'NONE', *, *, #519, .T. ) ;
#1751 = VERTEX_POINT ( 'NONE', #343 ) ;
#1752 =( BOUNDED_CURVE ( )  B_SPLINE_CURVE ( 3, ( #1255, #722, #1261, #862 ),
 .UNSPECIFIED., .F., .F. ) 
 B_SPLINE_CURVE_WITH_KNOTS ( ( 4, 4 ),
 ( 3.141592653589793116, 4.712388980384689674 ),
 .UNSPECIFIED. ) 
 CURVE ( )  GEOMETRIC_REPRESENTATION_ITEM ( )  RATIONAL_B_SPLINE_CURVE ( ( 1.000000000000000000, 0.8047378541243649375, 0.8047378541243649375, 1.000000000000000000 ) ) 
 REPRESENTATION_ITEM ( '' )  );
#1753 = PLANE ( 'NONE',  #10 ) ;
#1754 = DIRECTION ( 'NONE',  ( 0.000000000000000000, 0.000000000000000000, -1.000000000000000000 ) ) ;
#1755 = CARTESIAN_POINT ( 'NONE',  ( 0.4249999999999991562, 0.02071067811865478711, -0.3250000000000001221 ) ) ;
#1756 = FILL_AREA_STYLE ('',( #1280 ) ) ;
#1757 = FILL_AREA_STYLE ('',( #1612 ) ) ;
#1758 = CYLINDRICAL_SURFACE ( 'NONE', #19, 0.05000000000000002359 ) ;
#1759 = VECTOR ( 'NONE', #653, 1000.000000000000000 ) ;
#1760 = STYLED_ITEM ( 'NONE', ( #1240 ), #120 ) ;
#1761 = EDGE_CURVE ( 'NONE', #1427, #1109, #463, .T. ) ;
#1762 = CARTESIAN_POINT ( 'NONE',  ( 0.1750000000000000167, 0.4500000000000000111, -0.2750000000000001887 ) ) ;
#1763 = ADVANCED_FACE ( 'NONE', ( #1187 ), #918, .F. ) ;
#1764 = EDGE_CURVE ( 'NONE', #1046, #842, #12, .T. ) ;
#1765 = DIRECTION ( 'NONE',  ( 0.000000000000000000, 0.000000000000000000, -1.000000000000000000 ) ) ;
#1766 = DIRECTION ( 'NONE',  ( -1.000000000000000000, 0.000000000000000000, -0.000000000000000000 ) ) ;
#1767 = EDGE_LOOP ( 'NONE', ( #502, #1742, #215, #1012, #1567, #1507 ) ) ;
#1768 = DIRECTION ( 'NONE',  ( 1.000000000000000000, 0.000000000000000000, -1.084202172485504040E-15 ) ) ;
#1769 = STYLED_ITEM ( 'NONE', ( #1564 ), #442 ) ;
#1770 = VERTEX_POINT ( 'NONE', #364 ) ;
#1771 = ORIENTED_EDGE ( 'NONE', *, *, #1626, .T. ) ;
#1772 =( NAMED_UNIT ( * ) PLANE_ANGLE_UNIT ( ) SI_UNIT ( $, .RADIAN. ) );
#1773 = ORIENTED_EDGE ( 'NONE', *, *, #1585, .F. ) ;
#1774 =( LENGTH_UNIT ( ) NAMED_UNIT ( * ) SI_UNIT ( .MILLI., .METRE. ) );
#1775 = EDGE_LOOP ( 'NONE', ( #1699, #1056, #1158, #456 ) ) ;
#1776 = CARTESIAN_POINT ( 'NONE',  ( -0.1749999999999999611, 0.05000000000000002359, 0.3249999999999997891 ) ) ;
#1777 = AXIS2_PLACEMENT_3D ( 'NONE', #1508, #829, #274 ) ;
#1778 = ORIENTED_EDGE ( 'NONE', *, *, #468, .F. ) ;
#1779 =( NAMED_UNIT ( * ) SI_UNIT ( $, .STERADIAN. ) SOLID_ANGLE_UNIT ( ) );
#1780 = LINE ( 'NONE', #744, #140 ) ;
#1781 = VECTOR ( 'NONE', #1684, 1000.000000000000000 ) ;
#1782 = FILL_AREA_STYLE_COLOUR ( '', #1784 ) ;
#1783 = PRODUCT_CONTEXT ( 'NONE', #1180, 'mechanical' ) ;
#1784 = COLOUR_RGB ( '',0.7529411764705882248, 0.7529411764705882248, 0.7529411764705882248 ) ;
#1785 = AXIS2_PLACEMENT_3D ( 'NONE', #433, #147, #16 ) ;
#1786 = EDGE_CURVE ( 'NONE', #917, #1751, #118, .T. ) ;
#1787 = LINE ( 'NONE', #767, #1416 ) ;
#1788 = DIRECTION ( 'NONE',  ( -0.000000000000000000, -1.000000000000000000, -0.000000000000000000 ) ) ;
#1789 = PRODUCT_DEFINITION_FORMATION_WITH_SPECIFIED_SOURCE ( 'ANY', '', #1015, .NOT_KNOWN. ) ;
#1790 = DIRECTION ( 'NONE',  ( 3.614007241618349264E-16, -0.000000000000000000, 1.000000000000000000 ) ) ;
ENDSEC;
END-ISO-10303-21;
