ISO-10303-21;
HEADER;
FILE_DESCRIPTION (( 'STEP AP214' ),
    '1' );
FILE_NAME ('AP7583Q-50FDZW-7.STEP',
    '2026-02-21T09:58:32',
    ( '' ),
    ( '' ),
    'SwSTEP 2.0',
    'SolidWorks 2023',
    '' );
FILE_SCHEMA (( 'AUTOMOTIVE_DESIGN' ));
ENDSEC;

DATA;
#1 =( LENGTH_UNIT ( ) NAMED_UNIT ( * ) SI_UNIT ( .MILLI., .METRE. ) );
#2 = EDGE_CURVE ( 'NONE', #1331, #1131, #1112, .T. ) ;
#3 = FACE_OUTER_BOUND ( 'NONE', #495, .T. ) ;
#4 = SURFACE_SIDE_STYLE ('',( #2372 ) ) ;
#5 = DIRECTION ( 'NONE',  ( -0.7071067811855430429, 0.7071067811875521025, 0.000000000000000000 ) ) ;
#6 = ORIENTED_EDGE ( 'NONE', *, *, #1745, .T. ) ;
#7 = ORIENTED_EDGE ( 'NONE', *, *, #576, .F. ) ;
#8 = SURFACE_STYLE_FILL_AREA ( #3707 ) ;
#9 = FILL_AREA_STYLE_COLOUR ( '', #3079 ) ;
#10 =( NAMED_UNIT ( * ) SI_UNIT ( $, .STERADIAN. ) SOLID_ANGLE_UNIT ( ) );
#11 = EDGE_CURVE ( 'NONE', #25, #5541, #5978, .T. ) ;
#12 =( LENGTH_UNIT ( ) NAMED_UNIT ( * ) SI_UNIT ( .MILLI., .METRE. ) );
#13 = FACE_OUTER_BOUND ( 'NONE', #5988, .T. ) ;
#14 = CARTESIAN_POINT ( 'NONE',  ( 2.000000537725100003, 1.590000296195630103, 0.1000000000000000056 ) ) ;
#15 = ORIENTED_EDGE ( 'NONE', *, *, #6336, .F. ) ;
#16 = DIRECTION ( 'NONE',  ( -0.000000000000000000, -1.000000000000000000, 0.000000000000000000 ) ) ;
#17 = DIRECTION ( 'NONE',  ( -0.000000000000000000, -0.000000000000000000, -1.000000000000000000 ) ) ;
#18 = ORIENTED_EDGE ( 'NONE', *, *, #2771, .F. ) ;
#19 = LINE ( 'NONE', #5325, #6175 ) ;
#20 = STYLED_ITEM ( 'NONE', ( #5762 ), #2726 ) ;
#21 = UNCERTAINTY_MEASURE_WITH_UNIT (LENGTH_MEASURE( 1.000000000000000082E-05 ), #6845, 'distance_accuracy_value', 'NONE');
#22 = EDGE_CURVE ( 'NONE', #2157, #1478, #3015, .T. ) ;
#23 = SURFACE_STYLE_FILL_AREA ( #2427 ) ;
#24 = CARTESIAN_POINT ( 'NONE',  ( 0.3100005377250449889, 0.3500002962467679835, 0.2030000000000000415 ) ) ;
#25 = VERTEX_POINT ( 'NONE', #4802 ) ;
#26 = VERTEX_POINT ( 'NONE', #5376 ) ;
#27 = CARTESIAN_POINT ( 'NONE',  ( 0.2000005377251450334, 0.4900002914941750110, 0.1000000000000000056 ) ) ;
#28 = LINE ( 'NONE', #653, #1464 ) ;
#29 = DIRECTION ( 'NONE',  ( -0.000000000000000000, -0.000000000000000000, -1.000000000000000000 ) ) ;
#30 = FACE_OUTER_BOUND ( 'NONE', #3576, .T. ) ;
#31 =( NAMED_UNIT ( * ) PLANE_ANGLE_UNIT ( ) SI_UNIT ( $, .RADIAN. ) );
#32 = ORIENTED_EDGE ( 'NONE', *, *, #5781, .T. ) ;
#33 = CARTESIAN_POINT ( 'NONE',  ( 0.7150011077279719851, 0.7025008911961240221, 0.4062000000000000055 ) ) ;
#34 = SURFACE_STYLE_FILL_AREA ( #619 ) ;
#35 = APPLICATION_CONTEXT ( 'automotive_design' ) ;
#36 = PLANE ( 'NONE',  #3579 ) ;
#37 = UNCERTAINTY_MEASURE_WITH_UNIT (LENGTH_MEASURE( 1.000000000000000082E-05 ), #4010, 'distance_accuracy_value', 'NONE');
#38 =( LENGTH_UNIT ( ) NAMED_UNIT ( * ) SI_UNIT ( .MILLI., .METRE. ) );
#39 =( GEOMETRIC_REPRESENTATION_CONTEXT ( 3 ) GLOBAL_UNCERTAINTY_ASSIGNED_CONTEXT ( ( #6977 ) ) GLOBAL_UNIT_ASSIGNED_CONTEXT ( ( #7193, #89, #1227 ) ) REPRESENTATION_CONTEXT ( 'NONE', 'WORKASPACE' ) );
#40 = ORIENTED_EDGE ( 'NONE', *, *, #5065, .T. ) ;
#41 = STYLED_ITEM ( 'NONE', ( #2964 ), #3733 ) ;
#42 =( NAMED_UNIT ( * ) PLANE_ANGLE_UNIT ( ) SI_UNIT ( $, .RADIAN. ) );
#43 = LINE ( 'NONE', #2857, #6641 ) ;
#44 = CYLINDRICAL_SURFACE ( 'NONE', #4268, 0.1000000000000000472 ) ;
#45 = PRESENTATION_LAYER_ASSIGNMENT (  '', '', ( #180 ) ) ;
#46 = LINE ( 'NONE', #4807, #3035 ) ;
#47 = ORIENTED_EDGE ( 'NONE', *, *, #1972, .F. ) ;
#48 = LINE ( 'NONE', #135, #6794 ) ;
#49 =( NAMED_UNIT ( * ) PLANE_ANGLE_UNIT ( ) SI_UNIT ( $, .RADIAN. ) );
#50 = FILL_AREA_STYLE_COLOUR ( '', #4060 ) ;
#51 = MECHANICAL_DESIGN_GEOMETRIC_PRESENTATION_REPRESENTATION (  '', ( #1055 ), #3167 ) ;
#52 = PRESENTATION_STYLE_ASSIGNMENT (( #7232 ) ) ;
#53 = ORIENTED_EDGE ( 'NONE', *, *, #6568, .T. ) ;
#54 = EDGE_CURVE ( 'NONE', #827, #4042, #43, .T. ) ;
#55 = CARTESIAN_POINT ( 'NONE',  ( 0.9100005377251819683, 1.690000296195879992, 0.000000000000000000 ) ) ;
#56 = PLANE ( 'NONE',  #6182 ) ;
#57 = PRESENTATION_LAYER_ASSIGNMENT (  '', '', ( #4531 ) ) ;
#58 = VERTEX_POINT ( 'NONE', #3480 ) ;
#59 = EDGE_CURVE ( 'NONE', #4852, #6085, #7663, .T. ) ;
#60 =( LENGTH_UNIT ( ) NAMED_UNIT ( * ) SI_UNIT ( .MILLI., .METRE. ) );
#61 = VECTOR ( 'NONE', #7287, 1000.000000000000000 ) ;
#62 = ORIENTED_EDGE ( 'NONE', *, *, #4728, .T. ) ;
#63 = UNCERTAINTY_MEASURE_WITH_UNIT (LENGTH_MEASURE( 1.000000000000000082E-05 ), #4480, 'distance_accuracy_value', 'NONE');
#64 = CLOSED_SHELL ( 'NONE', ( #6425, #2082, #3155, #3708, #4147, #4304, #6110, #1538, #6853, #367, #3903, #4927, #359, #3072 ) ) ;
#65 =( NAMED_UNIT ( * ) PLANE_ANGLE_UNIT ( ) SI_UNIT ( $, .RADIAN. ) );
#66 = DIRECTION ( 'NONE',  ( -1.000000000000000000, -0.000000000000000000, 0.000000000000000000 ) ) ;
#67 = LINE ( 'NONE', #7686, #4454 ) ;
#68 = SURFACE_SIDE_STYLE ('',( #3610 ) ) ;
#69 = PRESENTATION_STYLE_ASSIGNMENT (( #656 ) ) ;
#70 =( GEOMETRIC_REPRESENTATION_CONTEXT ( 3 ) GLOBAL_UNCERTAINTY_ASSIGNED_CONTEXT ( ( #514 ) ) GLOBAL_UNIT_ASSIGNED_CONTEXT ( ( #4789, #6635, #4864 ) ) REPRESENTATION_CONTEXT ( 'NONE', 'WORKASPACE' ) );
#71 = MECHANICAL_DESIGN_GEOMETRIC_PRESENTATION_REPRESENTATION (  '', ( #698 ), #4159 ) ;
#72 = ORIENTED_EDGE ( 'NONE', *, *, #7047, .T. ) ;
#73 = SURFACE_STYLE_FILL_AREA ( #158 ) ;
#74 = DIRECTION ( 'NONE',  ( 0.000000000000000000, 0.000000000000000000, 1.000000000000000000 ) ) ;
#75 = STYLED_ITEM ( 'NONE', ( #7515 ), #5602 ) ;
#76 = VECTOR ( 'NONE', #1342, 1000.000000000000114 ) ;
#77 = STYLED_ITEM ( 'NONE', ( #5427 ), #4863 ) ;
#78 = PRESENTATION_LAYER_ASSIGNMENT (  '', '', ( #7405 ) ) ;
#79 = FILL_AREA_STYLE_COLOUR ( '', #3347 ) ;
#80 = PLANE ( 'NONE',  #3871 ) ;
#81 = VERTEX_POINT ( 'NONE', #5860 ) ;
#82 = AXIS2_PLACEMENT_3D ( 'NONE', #1703, #7589, #2280 ) ;
#83 = CARTESIAN_POINT ( 'NONE',  ( 0.7150011077279719851, 1.000000296195939997, 0.2030000000000000415 ) ) ;
#84 = AXIS2_PLACEMENT_3D ( 'NONE', #3713, #3221, #3750 ) ;
#85 = SURFACE_SIDE_STYLE ('',( #5489 ) ) ;
#86 = SURFACE_SIDE_STYLE ('',( #3051 ) ) ;
#87 =( GEOMETRIC_REPRESENTATION_CONTEXT ( 3 ) GLOBAL_UNCERTAINTY_ASSIGNED_CONTEXT ( ( #6790 ) ) GLOBAL_UNIT_ASSIGNED_CONTEXT ( ( #3546, #5305, #4193 ) ) REPRESENTATION_CONTEXT ( 'NONE', 'WORKASPACE' ) );
#88 =( LENGTH_UNIT ( ) NAMED_UNIT ( * ) SI_UNIT ( .MILLI., .METRE. ) );
#89 =( NAMED_UNIT ( * ) PLANE_ANGLE_UNIT ( ) SI_UNIT ( $, .RADIAN. ) );
#90 = ORIENTED_EDGE ( 'NONE', *, *, #1393, .T. ) ;
#91 =( NAMED_UNIT ( * ) SI_UNIT ( $, .STERADIAN. ) SOLID_ANGLE_UNIT ( ) );
#92 = ORIENTED_EDGE ( 'NONE', *, *, #6761, .T. ) ;
#93 = EDGE_CURVE ( 'NONE', #7215, #2459, #1741, .T. ) ;
#94 = PLANE ( 'NONE',  #3686 ) ;
#95 = FILL_AREA_STYLE ('',( #725 ) ) ;
#96 = ORIENTED_EDGE ( 'NONE', *, *, #2764, .T. ) ;
#97 = LINE ( 'NONE', #7279, #5549 ) ;
#98 = CARTESIAN_POINT ( 'NONE',  ( 1.870000537724990197, 0.1500003025424800074, 0.1000000000000000056 ) ) ;
#99 = EDGE_CURVE ( 'NONE', #1174, #411, #1189, .T. ) ;
#100 = AXIS2_PLACEMENT_3D ( 'NONE', #5805, #6891, #5114 ) ;
#101 = CARTESIAN_POINT ( 'NONE',  ( 0.1300005377252090033, 1.510000300897559988, 0.2030000000000000415 ) ) ;
#102 = STYLED_ITEM ( 'NONE', ( #4640 ), #874 ) ;
#103 = ORIENTED_EDGE ( 'NONE', *, *, #3044, .F. ) ;
#104 =( NAMED_UNIT ( * ) SI_UNIT ( $, .STERADIAN. ) SOLID_ANGLE_UNIT ( ) );
#105 = CARTESIAN_POINT ( 'NONE',  ( 5.377251000090868086E-07, 1.060000296195650060, 0.1000000000000000056 ) ) ;
#106 = DIRECTION ( 'NONE',  ( 1.000000000000000000, 0.000000000000000000, 0.000000000000000000 ) ) ;
#107 = PLANE ( 'NONE',  #5952 ) ;
#108 = VERTEX_POINT ( 'NONE', #7264 ) ;
#109 =( GEOMETRIC_REPRESENTATION_CONTEXT ( 3 ) GLOBAL_UNCERTAINTY_ASSIGNED_CONTEXT ( ( #5705 ) ) GLOBAL_UNIT_ASSIGNED_CONTEXT ( ( #2506, #263, #849 ) ) REPRESENTATION_CONTEXT ( 'NONE', 'WORKASPACE' ) );
#110 = EDGE_CURVE ( 'NONE', #913, #218, #1922, .T. ) ;
#111 = PLANE ( 'NONE',  #1865 ) ;
#112 = UNCERTAINTY_MEASURE_WITH_UNIT (LENGTH_MEASURE( 1.000000000000000082E-05 ), #3306, 'distance_accuracy_value', 'NONE');
#113 = ORIENTED_EDGE ( 'NONE', *, *, #1972, .T. ) ;
#114 = LINE ( 'NONE', #1248, #7444 ) ;
#115 = VECTOR ( 'NONE', #5097, 1000.000000000000000 ) ;
#116 = ORIENTED_EDGE ( 'NONE', *, *, #7642, .F. ) ;
#117 = SURFACE_STYLE_USAGE ( .BOTH. , #6694 ) ;
#118 = LINE ( 'NONE', #7110, #2556 ) ;
#119 = AXIS2_PLACEMENT_3D ( 'NONE', #6600, #1791, #5392 ) ;
#120 = AXIS2_PLACEMENT_3D ( 'NONE', #6424, #5728, #7038 ) ;
#121 = EDGE_CURVE ( 'NONE', #288, #6968, #7305, .T. ) ;
#122 =( NAMED_UNIT ( * ) SI_UNIT ( $, .STERADIAN. ) SOLID_ANGLE_UNIT ( ) );
#123 = UNCERTAINTY_MEASURE_WITH_UNIT (LENGTH_MEASURE( 1.000000000000000082E-05 ), #3482, 'distance_accuracy_value', 'NONE');
#124 = FACE_OUTER_BOUND ( 'NONE', #2618, .T. ) ;
#125 = ORIENTED_EDGE ( 'NONE', *, *, #4774, .T. ) ;
#126 =( GEOMETRIC_REPRESENTATION_CONTEXT ( 3 ) GLOBAL_UNCERTAINTY_ASSIGNED_CONTEXT ( ( #21 ) ) GLOBAL_UNIT_ASSIGNED_CONTEXT ( ( #6845, #6275, #6960 ) ) REPRESENTATION_CONTEXT ( 'NONE', 'WORKASPACE' ) );
#127 = CARTESIAN_POINT ( 'NONE',  ( 0.3100005377250449889, 0.5500002899657370214, 0.1000000000000000056 ) ) ;
#128 = CARTESIAN_POINT ( 'NONE',  ( 1.700000537725049998, 1.690000291494129891, 0.000000000000000000 ) ) ;
#129 = SURFACE_STYLE_USAGE ( .BOTH. , #86 ) ;
#130 = CARTESIAN_POINT ( 'NONE',  ( 1.870000537724990197, 1.450000302542429953, 0.1000000000000000056 ) ) ;
#131 = VECTOR ( 'NONE', #6720, 1000.000000000000000 ) ;
#132 = FACE_OUTER_BOUND ( 'NONE', #5674, .T. ) ;
#133 = CARTESIAN_POINT ( 'NONE',  ( 0.3000005377251450112, 0.3900002914941749776, 0.1000000000000000056 ) ) ;
#134 = ORIENTED_EDGE ( 'NONE', *, *, #1706, .F. ) ;
#135 = CARTESIAN_POINT ( 'NONE',  ( 0.1812143443952660138, 0.2900002961956720249, 0.2030000000000000415 ) ) ;
#136 = ORIENTED_EDGE ( 'NONE', *, *, #2736, .T. ) ;
#137 = MECHANICAL_DESIGN_GEOMETRIC_PRESENTATION_REPRESENTATION (  '', ( #1014 ), #6360 ) ;
#138 = ORIENTED_EDGE ( 'NONE', *, *, #7522, .F. ) ;
#139 = CARTESIAN_POINT ( 'NONE',  ( 0.3000005377251451222, 1.690000291494129891, 0.1000000000000000056 ) ) ;
#140 = DIRECTION ( 'NONE',  ( 0.000000000000000000, 0.000000000000000000, 1.000000000000000000 ) ) ;
#141 = COLOUR_RGB ( '',0.7490196078431372584, 0.7490196078431372584, 0.7490196078431372584 ) ;
#142 = COLOUR_RGB ( '',0.7490196078431372584, 0.7490196078431372584, 0.7490196078431372584 ) ;
#143 = ADVANCED_FACE ( 'NONE', ( #4843 ), #3093, .T. ) ;
#144 = CARTESIAN_POINT ( 'NONE',  ( 1.690000537725149909, 0.5500002899657370214, 0.1000000000000000056 ) ) ;
#145 = SURFACE_SIDE_STYLE ('',( #3571 ) ) ;
#146 = CARTESIAN_POINT ( 'NONE',  ( 1.818786731054929939, 0.4100002961956760728, 0.2030000000000000415 ) ) ;
#147 = SURFACE_STYLE_USAGE ( .BOTH. , #5994 ) ;
#148 = ORIENTED_EDGE ( 'NONE', *, *, #7413, .F. ) ;
#149 = UNCERTAINTY_MEASURE_WITH_UNIT (LENGTH_MEASURE( 1.000000000000000082E-05 ), #2770, 'distance_accuracy_value', 'NONE');
#150 = VECTOR ( 'NONE', #6954, 1000.000000000000000 ) ;
#151 =( NAMED_UNIT ( * ) SI_UNIT ( $, .STERADIAN. ) SOLID_ANGLE_UNIT ( ) );
#153 = VERTEX_POINT ( 'NONE', #785 ) ;
#152 = DIRECTION ( 'NONE',  ( -0.7071067811855450413, -0.7071067811875499931, 0.000000000000000000 ) ) ;
#154 = MANIFOLD_SOLID_BREP ( 'AP7347DQ_3D_15-1-solid1', #5665 ) ;
#155 =( NAMED_UNIT ( * ) SI_UNIT ( $, .STERADIAN. ) SOLID_ANGLE_UNIT ( ) );
#156 = PLANE ( 'NONE',  #6838 ) ;
#157 = ORIENTED_EDGE ( 'NONE', *, *, #301, .F. ) ;
#158 = FILL_AREA_STYLE ('',( #1948 ) ) ;
#159 = EDGE_CURVE ( 'NONE', #7278, #7436, #2000, .T. ) ;
#160 = FILL_AREA_STYLE ('',( #3586 ) ) ;
#161 = VECTOR ( 'NONE', #1231, 1000.000000000000000 ) ;
#162 = SURFACE_STYLE_FILL_AREA ( #199 ) ;
#163 = FILL_AREA_STYLE_COLOUR ( '', #1238 ) ;
#164 = VECTOR ( 'NONE', #4196, 1000.000000000000000 ) ;
#165 = VERTEX_POINT ( 'NONE', #6737 ) ;
#166 = EDGE_CURVE ( 'NONE', #1164, #4000, #5578, .T. ) ;
#167 =( LENGTH_UNIT ( ) NAMED_UNIT ( * ) SI_UNIT ( .MILLI., .METRE. ) );
#168 = FACE_OUTER_BOUND ( 'NONE', #1425, .T. ) ;
#169 = LINE ( 'NONE', #4399, #3573 ) ;
#170 = VECTOR ( 'NONE', #5474, 1000.000000000000000 ) ;
#171 = ORIENTED_EDGE ( 'NONE', *, *, #6359, .T. ) ;
#172 = DIRECTION ( 'NONE',  ( -0.000000000000000000, 1.000000000000000000, 0.000000000000000000 ) ) ;
#173 =( GEOMETRIC_REPRESENTATION_CONTEXT ( 3 ) GLOBAL_UNCERTAINTY_ASSIGNED_CONTEXT ( ( #7514 ) ) GLOBAL_UNIT_ASSIGNED_CONTEXT ( ( #185, #6404, #2317 ) ) REPRESENTATION_CONTEXT ( 'NONE', 'WORKASPACE' ) );
#174 = SURFACE_SIDE_STYLE ('',( #1344 ) ) ;
#175 = EDGE_LOOP ( 'NONE', ( #3370, #7585, #5900, #4110 ) ) ;
#176 = LINE ( 'NONE', #4364, #3819 ) ;
#177 = SURFACE_STYLE_USAGE ( .BOTH. , #4851 ) ;
#178 = ORIENTED_EDGE ( 'NONE', *, *, #1163, .T. ) ;
#179 = SURFACE_SIDE_STYLE ('',( #1350 ) ) ;
#180 = STYLED_ITEM ( 'NONE', ( #5656 ), #1369 ) ;
#181 =( NAMED_UNIT ( * ) SI_UNIT ( $, .STERADIAN. ) SOLID_ANGLE_UNIT ( ) );
#182 = MANIFOLD_SOLID_BREP ( 'AP7347DQ_3D_12-1-solid1', #6910 ) ;
#183 = VECTOR ( 'NONE', #1416, 1000.000000000000000 ) ;
#184 = ORIENTED_EDGE ( 'NONE', *, *, #2575, .T. ) ;
#185 =( LENGTH_UNIT ( ) NAMED_UNIT ( * ) SI_UNIT ( .MILLI., .METRE. ) );
#186 = FACE_OUTER_BOUND ( 'NONE', #1547, .T. ) ;
#187 = AXIS2_PLACEMENT_3D ( 'NONE', #1247, #3001, #152 ) ;
#188 = EDGE_CURVE ( 'NONE', #4868, #1460, #2614, .T. ) ;
#189 = CARTESIAN_POINT ( 'NONE',  ( 2.000000537725100003, 1.140000291494180029, 0.000000000000000000 ) ) ;
#190 = EDGE_LOOP ( 'NONE', ( #1429, #1997, #233, #6527 ) ) ;
#191 = VECTOR ( 'NONE', #214, 1000.000000000000000 ) ;
#192 = DIRECTION ( 'NONE',  ( 1.000000000000000000, 0.000000000000000000, -0.000000000000000000 ) ) ;
#193 = ORIENTED_EDGE ( 'NONE', *, *, #2967, .T. ) ;
#194 = PLANE ( 'NONE',  #5358 ) ;
#195 =( NAMED_UNIT ( * ) PLANE_ANGLE_UNIT ( ) SI_UNIT ( $, .RADIAN. ) );
#196 = ORIENTED_EDGE ( 'NONE', *, *, #6525, .T. ) ;
#197 = EDGE_CURVE ( 'NONE', #7126, #258, #3894, .T. ) ;
#198 = PRESENTATION_STYLE_ASSIGNMENT (( #1410 ) ) ;
#199 = FILL_AREA_STYLE ('',( #6577 ) ) ;
#200 = CARTESIAN_POINT ( 'NONE',  ( 0.3100005377250449889, 0.8000003025424580194, 0.1000000000000000056 ) ) ;
#201 = STYLED_ITEM ( 'NONE', ( #7221 ), #154 ) ;
#202 = STYLED_ITEM ( 'NONE', ( #2405 ), #4615 ) ;
#203 = PRESENTATION_LAYER_ASSIGNMENT (  '', '', ( #947 ) ) ;
#204 = ADVANCED_FACE ( 'NONE', ( #5616 ), #282, .T. ) ;
#205 = UNCERTAINTY_MEASURE_WITH_UNIT (LENGTH_MEASURE( 1.000000000000000082E-05 ), #3655, 'distance_accuracy_value', 'NONE');
#206 = LINE ( 'NONE', #3780, #6849 ) ;
#207 = ORIENTED_EDGE ( 'NONE', *, *, #5387, .T. ) ;
#208 = MANIFOLD_SOLID_BREP ( 'AP7347DQ_3D_2-1-solid1', #64 ) ;
#209 =( NAMED_UNIT ( * ) SI_UNIT ( $, .STERADIAN. ) SOLID_ANGLE_UNIT ( ) );
#210 = AXIS2_PLACEMENT_3D ( 'NONE', #1315, #2470, #5993 ) ;
#211 = CARTESIAN_POINT ( 'NONE',  ( 1.800000537725050309, 1.690000291494129891, 0.1000000000000000056 ) ) ;
#212 = DIRECTION ( 'NONE',  ( 1.000000000000000000, 0.000000000000000000, 0.000000000000000000 ) ) ;
#213 = ADVANCED_FACE ( 'NONE', ( #3692 ), #3608, .T. ) ;
#214 = DIRECTION ( 'NONE',  ( 0.000000000000000000, -0.000000000000000000, -1.000000000000000000 ) ) ;
#215 = CARTESIAN_POINT ( 'NONE',  ( 0.6000005377252359828, 2.000000296195940219, 0.2030000000000000415 ) ) ;
#216 = ORIENTED_EDGE ( 'NONE', *, *, #6752, .T. ) ;
#217 = STYLED_ITEM ( 'NONE', ( #5668 ), #5566 ) ;
#218 = VERTEX_POINT ( 'NONE', #1209 ) ;
#219 = DIRECTION ( 'NONE',  ( 0.7071067811860450858, 0.7071067811870500597, 0.000000000000000000 ) ) ;
#220 = LINE ( 'NONE', #5625, #3022 ) ;
#221 = VERTEX_POINT ( 'NONE', #3732 ) ;
#222 = DIRECTION ( 'NONE',  ( 1.000000000000000000, 0.000000000000000000, -0.000000000000000000 ) ) ;
#223 = MECHANICAL_DESIGN_GEOMETRIC_PRESENTATION_REPRESENTATION (  '', ( #843 ), #6676 ) ;
#224 = SURFACE_SIDE_STYLE ('',( #1273 ) ) ;
#225 = VECTOR ( 'NONE', #2863, 1000.000000000000000 ) ;
#226 = LINE ( 'NONE', #2094, #3746 ) ;
#227 = ADVANCED_FACE ( 'NONE', ( #30 ), #6031, .F. ) ;
#228 = CARTESIAN_POINT ( 'NONE',  ( 5.377251000157276528E-07, 0.3500002962467679835, 0.2030000000000000415 ) ) ;
#229 = DIRECTION ( 'NONE',  ( 0.000000000000000000, -1.000000000000000000, -0.000000000000000000 ) ) ;
#230 = VECTOR ( 'NONE', #4436, 1000.000000000000000 ) ;
#231 = SURFACE_SIDE_STYLE ('',( #890 ) ) ;
#232 = PRESENTATION_STYLE_ASSIGNMENT (( #1316 ) ) ;
#233 = ORIENTED_EDGE ( 'NONE', *, *, #269, .F. ) ;
#234 = VECTOR ( 'NONE', #2365, 1000.000000000000000 ) ;
#235 = FILL_AREA_STYLE_COLOUR ( '', #4164 ) ;
#236 = ORIENTED_EDGE ( 'NONE', *, *, #2287, .F. ) ;
#237 = ORIENTED_EDGE ( 'NONE', *, *, #2967, .F. ) ;
#238 = VECTOR ( 'NONE', #6883, 1000.000000000000000 ) ;
#239 = DIRECTION ( 'NONE',  ( 1.000000000000000000, 0.000000000000000000, -0.000000000000000000 ) ) ;
#240 = CARTESIAN_POINT ( 'NONE',  ( 1.284999967722169956, 1.297499701195750088, 0.4062000000000000055 ) ) ;
#241 = EDGE_CURVE ( 'NONE', #2848, #5966, #4344, .T. ) ;
#242 = PLANE ( 'NONE',  #2669 ) ;
#243 = SURFACE_SIDE_STYLE ('',( #1373 ) ) ;
#244 = SURFACE_SIDE_STYLE ('',( #3928 ) ) ;
#245 =( NAMED_UNIT ( * ) SI_UNIT ( $, .STERADIAN. ) SOLID_ANGLE_UNIT ( ) );
#246 = DIRECTION ( 'NONE',  ( 0.7071067811860440866, -0.7071067811870510589, 0.000000000000000000 ) ) ;
#247 = VERTEX_POINT ( 'NONE', #5643 ) ;
#248 = DIRECTION ( 'NONE',  ( -0.000000000000000000, -0.000000000000000000, 1.000000000000000000 ) ) ;
#249 = SURFACE_STYLE_FILL_AREA ( #830 ) ;
#250 = EDGE_CURVE ( 'NONE', #3377, #6968, #5516, .T. ) ;
#251 = CARTESIAN_POINT ( 'NONE',  ( 2.000000537725100003, 0.9400002961956489544, 0.1000000000000000056 ) ) ;
#252 = FACE_OUTER_BOUND ( 'NONE', #5496, .T. ) ;
#253 = ORIENTED_EDGE ( 'NONE', *, *, #4739, .T. ) ;
#254 = VECTOR ( 'NONE', #2876, 1000.000000000000000 ) ;
#255 = SURFACE_STYLE_USAGE ( .BOTH. , #6662 ) ;
#256 = EDGE_LOOP ( 'NONE', ( #157, #7113, #4291, #5010 ) ) ;
#257 = PRESENTATION_STYLE_ASSIGNMENT (( #4365 ) ) ;
#258 = VERTEX_POINT ( 'NONE', #4379 ) ;
#259 = EDGE_CURVE ( 'NONE', #455, #2252, #2144, .T. ) ;
#260 = MECHANICAL_DESIGN_GEOMETRIC_PRESENTATION_REPRESENTATION (  '', ( #7191 ), #6842 ) ;
#261 = DIRECTION ( 'NONE',  ( -0.000000000000000000, 1.000000000000000000, 0.000000000000000000 ) ) ;
#262 = DIRECTION ( 'NONE',  ( 1.000000000000000000, 0.000000000000000000, -0.000000000000000000 ) ) ;
#263 =( NAMED_UNIT ( * ) PLANE_ANGLE_UNIT ( ) SI_UNIT ( $, .RADIAN. ) );
#264 = FILL_AREA_STYLE_COLOUR ( '', #7029 ) ;
#265 = VERTEX_POINT ( 'NONE', #7369 ) ;
#266 = SURFACE_STYLE_USAGE ( .BOTH. , #2058 ) ;
#267 = CARTESIAN_POINT ( 'NONE',  ( 0.7150011077279719851, 1.297499701195750088, 0.2283999999999999919 ) ) ;
#268 = ORIENTED_EDGE ( 'NONE', *, *, #6344, .T. ) ;
#269 = EDGE_CURVE ( 'NONE', #7171, #5206, #812, .T. ) ;
#270 = LINE ( 'NONE', #5969, #1700 ) ;
#271 = ORIENTED_EDGE ( 'NONE', *, *, #4372, .T. ) ;
#272 = COLOUR_RGB ( '',0.7490196078431372584, 0.7490196078431372584, 0.7490196078431372584 ) ;
#273 = CARTESIAN_POINT ( 'NONE',  ( 1.690000537725149909, 0.1500003025424800074, 0.1000000000000000056 ) ) ;
#274 = ORIENTED_EDGE ( 'NONE', *, *, #1785, .T. ) ;
#275 = PRESENTATION_STYLE_ASSIGNMENT (( #6815 ) ) ;
#276 = FACE_OUTER_BOUND ( 'NONE', #3344, .T. ) ;
#277 = FACE_OUTER_BOUND ( 'NONE', #6964, .T. ) ;
#278 = SURFACE_SIDE_STYLE ('',( #5115 ) ) ;
#279 = UNCERTAINTY_MEASURE_WITH_UNIT (LENGTH_MEASURE( 1.000000000000000082E-05 ), #6467, 'distance_accuracy_value', 'NONE');
#280 = SURFACE_STYLE_USAGE ( .BOTH. , #3816 ) ;
#281 = ORIENTED_EDGE ( 'NONE', *, *, #5144, .T. ) ;
#282 = PLANE ( 'NONE',  #2940 ) ;
#283 = CARTESIAN_POINT ( 'NONE',  ( 1.970000533023269940, 0.9400002961956489544, 0.1000000000000000056 ) ) ;
#284 = FILL_AREA_STYLE_COLOUR ( '', #5687 ) ;
#285 = PRESENTATION_STYLE_ASSIGNMENT (( #6209 ) ) ;
#286 = LINE ( 'NONE', #7390, #5164 ) ;
#287 = CARTESIAN_POINT ( 'NONE',  ( 0.1300005377252088923, 0.8000003025424580194, 0.2030000000000000415 ) ) ;
#288 = VERTEX_POINT ( 'NONE', #1490 ) ;
#289 = FILL_AREA_STYLE_COLOUR ( '', #5419 ) ;
#290 = EDGE_LOOP ( 'NONE', ( #4793, #53, #7323, #6072 ) ) ;
#291 = PRESENTATION_LAYER_ASSIGNMENT (  '', '', ( #1911 ) ) ;
#292 = CARTESIAN_POINT ( 'NONE',  ( 1.800000537725050309, 0.2100003008976280006, 0.000000000000000000 ) ) ;
#293 = ORIENTED_EDGE ( 'NONE', *, *, #3330, .T. ) ;
#294 = CARTESIAN_POINT ( 'NONE',  ( 1.700000537725049998, 1.610000300897524994, 0.1000000000000000056 ) ) ;
#295 = FILL_AREA_STYLE_COLOUR ( '', #2879 ) ;
#296 = ORIENTED_EDGE ( 'NONE', *, *, #3357, .F. ) ;
#297 = MANIFOLD_SOLID_BREP ( 'AP7347DQ_3D_7-1-solid1', #7018 ) ;
#298 = CARTESIAN_POINT ( 'NONE',  ( 2.000000537725100003, 0.8600003008975967145, 0.1000000000000000056 ) ) ;
#299 = SURFACE_SIDE_STYLE ('',( #2096 ) ) ;
#300 =( LENGTH_UNIT ( ) NAMED_UNIT ( * ) SI_UNIT ( .MILLI., .METRE. ) );
#301 = EDGE_CURVE ( 'NONE', #2593, #4156, #3103, .T. ) ;
#302 = ORIENTED_EDGE ( 'NONE', *, *, #497, .F. ) ;
#303 = CARTESIAN_POINT ( 'NONE',  ( 1.890000537725309959, 1.510000300897559988, 0.1000000000000000056 ) ) ;
#304 = COLOUR_RGB ( '',0.7490196078431372584, 0.7490196078431372584, 0.7490196078431372584 ) ;
#305 = DIRECTION ( 'NONE',  ( -0.000000000000000000, -0.000000000000000000, -1.000000000000000000 ) ) ;
#306 = ORIENTED_EDGE ( 'NONE', *, *, #7563, .F. ) ;
#307 = CARTESIAN_POINT ( 'NONE',  ( 0.1300005377252090033, 1.450000302542429953, 0.1000000000000000056 ) ) ;
#308 = MECHANICAL_DESIGN_GEOMETRIC_PRESENTATION_REPRESENTATION (  '', ( #7004 ), #1307 ) ;
#309 = CARTESIAN_POINT ( 'NONE',  ( 0.1100005377252279981, 0.4900002914941979926, 0.1000000000000000056 ) ) ;
#310 = EDGE_CURVE ( 'NONE', #4203, #6329, #5561, .T. ) ;
#311 = VERTEX_POINT ( 'NONE', #1789 ) ;
#312 = CARTESIAN_POINT ( 'NONE',  ( 1.700000537725049998, 1.040000291494149964, 0.000000000000000000 ) ) ;
#313 = ADVANCED_FACE ( 'NONE', ( #2389 ), #4780, .T. ) ;
#314 = ORIENTED_EDGE ( 'NONE', *, *, #3362, .F. ) ;
#315 = CARTESIAN_POINT ( 'NONE',  ( 1.870000537724990197, 0.5500002899657370214, 0.1000000000000000056 ) ) ;
#316 = COLOUR_RGB ( '',0.7490196078431372584, 0.7490196078431372584, 0.7490196078431372584 ) ;
#317 = COLOUR_RGB ( '',0.7490196078431372584, 0.7490196078431372584, 0.7490196078431372584 ) ;
#318 = DIRECTION ( 'NONE',  ( 0.000000000000000000, 1.000000000000000000, 0.000000000000000000 ) ) ;
#320 = EDGE_CURVE ( 'NONE', #5432, #6774, #769, .T. ) ;
#319 = FILL_AREA_STYLE ('',( #5650 ) ) ;
#321 = FACE_OUTER_BOUND ( 'NONE', #1323, .T. ) ;
#322 = CLOSED_SHELL ( 'NONE', ( #6585, #3733, #1756, #3585, #874, #1635, #3401, #2760 ) ) ;
#323 = EDGE_LOOP ( 'NONE', ( #2327, #6745, #7114, #7593 ) ) ;
#324 = FILL_AREA_STYLE_COLOUR ( '', #5052 ) ;
#325 =( LENGTH_UNIT ( ) NAMED_UNIT ( * ) SI_UNIT ( .MILLI., .METRE. ) );
#326 = PRESENTATION_LAYER_ASSIGNMENT (  '', '', ( #3916 ) ) ;
#327 = PRESENTATION_STYLE_ASSIGNMENT (( #5654 ) ) ;
#328 = PRESENTATION_LAYER_ASSIGNMENT (  '', '', ( #5801 ) ) ;
#329 = LINE ( 'NONE', #7617, #6889 ) ;
#330 = ORIENTED_EDGE ( 'NONE', *, *, #6806, .F. ) ;
#331 = SURFACE_STYLE_FILL_AREA ( #6392 ) ;
#332 = ORIENTED_EDGE ( 'NONE', *, *, #6070, .F. ) ;
#333 = DIRECTION ( 'NONE',  ( 0.000000000000000000, 1.000000000000000000, -0.000000000000000000 ) ) ;
#334 = LINE ( 'NONE', #292, #7480 ) ;
#335 = VECTOR ( 'NONE', #2046, 1000.000000000000000 ) ;
#336 = ORIENTED_EDGE ( 'NONE', *, *, #2068, .F. ) ;
#337 = COLOUR_RGB ( '',0.7490196078431372584, 0.7490196078431372584, 0.7490196078431372584 ) ;
#338 = VECTOR ( 'NONE', #1387, 1000.000000000000000 ) ;
#339 = LINE ( 'NONE', #7355, #6193 ) ;
#340 = UNCERTAINTY_MEASURE_WITH_UNIT (LENGTH_MEASURE( 1.000000000000000082E-05 ), #5963, 'distance_accuracy_value', 'NONE');
#341 = FACE_OUTER_BOUND ( 'NONE', #3638, .T. ) ;
#342 = SURFACE_STYLE_FILL_AREA ( #7477 ) ;
#343 = MANIFOLD_SOLID_BREP ( 'AP7347DQ_3D_4-1-solid1', #6162 ) ;
#344 = PRESENTATION_LAYER_ASSIGNMENT (  '', '', ( #959 ) ) ;
#345 = COLOUR_RGB ( '',0.7490196078431372584, 0.7490196078431372584, 0.7490196078431372584 ) ;
#346 = PRESENTATION_LAYER_ASSIGNMENT (  '', '', ( #3205 ) ) ;
#347 = EDGE_CURVE ( 'NONE', #4868, #7620, #2248, .T. ) ;
#348 = DIRECTION ( 'NONE',  ( 0.000000000000000000, -0.000000000000000000, 1.000000000000000000 ) ) ;
#349 = SURFACE_STYLE_USAGE ( .BOTH. , #2670 ) ;
#350 = LINE ( 'NONE', #2551, #554 ) ;
#351 =( NAMED_UNIT ( * ) SI_UNIT ( $, .STERADIAN. ) SOLID_ANGLE_UNIT ( ) );
#352 = COLOUR_RGB ( '',0.7490196078431372584, 0.7490196078431372584, 0.7490196078431372584 ) ;
#353 = FILL_AREA_STYLE_COLOUR ( '', #2168 ) ;
#354 = FILL_AREA_STYLE_COLOUR ( '', #3868 ) ;
#355 = MECHANICAL_DESIGN_GEOMETRIC_PRESENTATION_REPRESENTATION (  '', ( #1089 ), #2962 ) ;
#356 = ORIENTED_EDGE ( 'NONE', *, *, #6870, .T. ) ;
#357 =( GEOMETRIC_REPRESENTATION_CONTEXT ( 3 ) GLOBAL_UNCERTAINTY_ASSIGNED_CONTEXT ( ( #4182 ) ) GLOBAL_UNIT_ASSIGNED_CONTEXT ( ( #5189, #2272, #6431 ) ) REPRESENTATION_CONTEXT ( 'NONE', 'WORKASPACE' ) );
#358 = FACE_OUTER_BOUND ( 'NONE', #2242, .T. ) ;
#359 = ADVANCED_FACE ( 'NONE', ( #3233 ), #2864, .T. ) ;
#360 = SURFACE_SIDE_STYLE ('',( #5680 ) ) ;
#361 = AXIS2_PLACEMENT_3D ( 'NONE', #7424, #5688, #3397 ) ;
#362 = ORIENTED_EDGE ( 'NONE', *, *, #4363, .F. ) ;
#363 = SURFACE_SIDE_STYLE ('',( #7565 ) ) ;
#364 = DIRECTION ( 'NONE',  ( -0.000000000000000000, -0.000000000000000000, -1.000000000000000000 ) ) ;
#365 = PRESENTATION_LAYER_ASSIGNMENT (  '', '', ( #2220 ) ) ;
#366 = STYLED_ITEM ( 'NONE', ( #2476 ), #6432 ) ;
#367 = ADVANCED_FACE ( 'NONE', ( #7015 ), #1036, .T. ) ;
#368 = CARTESIAN_POINT ( 'NONE',  ( 0.3100005377250449889, 1.200000289965710287, 0.1000000000000000056 ) ) ;
#369 = SURFACE_STYLE_FILL_AREA ( #6353 ) ;
#370 = CARTESIAN_POINT ( 'NONE',  ( 2.000000537725100003, 0.2100003008976203400, 0.1000000000000000056 ) ) ;
#371 = UNCERTAINTY_MEASURE_WITH_UNIT (LENGTH_MEASURE( 1.000000000000000082E-05 ), #7608, 'distance_accuracy_value', 'NONE');
#372 = DIRECTION ( 'NONE',  ( 1.000000000000000000, 0.000000000000000000, 0.000000000000000000 ) ) ;
#373 = VECTOR ( 'NONE', #5140, 1000.000000000000000 ) ;
#374 = VERTEX_POINT ( 'NONE', #5382 ) ;
#375 = EDGE_CURVE ( 'NONE', #4142, #2157, #48, .T. ) ;
#376 = CARTESIAN_POINT ( 'NONE',  ( 1.870000537724990197, 1.200000289965710287, 0.2030000000000000415 ) ) ;
#377 = CARTESIAN_POINT ( 'NONE',  ( 1.400000537725190064, 2.000000296195940219, 0.1000000000000000056 ) ) ;
#378 = VERTEX_POINT ( 'NONE', #3787 ) ;
#379 = PRESENTATION_STYLE_ASSIGNMENT (( #4562 ) ) ;
#380 = ORIENTED_EDGE ( 'NONE', *, *, #197, .F. ) ;
#381 =( GEOMETRIC_REPRESENTATION_CONTEXT ( 3 ) GLOBAL_UNCERTAINTY_ASSIGNED_CONTEXT ( ( #6408 ) ) GLOBAL_UNIT_ASSIGNED_CONTEXT ( ( #2441, #7178, #5887 ) ) REPRESENTATION_CONTEXT ( 'NONE', 'WORKASPACE' ) );
#382 = FILL_AREA_STYLE ('',( #3945 ) ) ;
#383 = CARTESIAN_POINT ( 'NONE',  ( 1.818786731054929939, 1.000000296246740028, 0.1000000000000000056 ) ) ;
#384 = ORIENTED_EDGE ( 'NONE', *, *, #475, .T. ) ;
#385 = LINE ( 'NONE', #4367, #1844 ) ;
#386 =( NAMED_UNIT ( * ) SI_UNIT ( $, .STERADIAN. ) SOLID_ANGLE_UNIT ( ) );
#387 = DIRECTION ( 'NONE',  ( 0.000000000000000000, 1.000000000000000000, 0.000000000000000000 ) ) ;
#388 =( GEOMETRIC_REPRESENTATION_CONTEXT ( 3 ) GLOBAL_UNCERTAINTY_ASSIGNED_CONTEXT ( ( #4018 ) ) GLOBAL_UNIT_ASSIGNED_CONTEXT ( ( #5992, #692, #1201 ) ) REPRESENTATION_CONTEXT ( 'NONE', 'WORKASPACE' ) );
#389 = STYLED_ITEM ( 'NONE', ( #7455 ), #7479 ) ;
#390 =( LENGTH_UNIT ( ) NAMED_UNIT ( * ) SI_UNIT ( .MILLI., .METRE. ) );
#391 = SURFACE_STYLE_FILL_AREA ( #2282 ) ;
#392 =( NAMED_UNIT ( * ) SI_UNIT ( $, .STERADIAN. ) SOLID_ANGLE_UNIT ( ) );
#393 = DIRECTION ( 'NONE',  ( 1.480297366168220066E-15, -1.000000000000000000, 0.000000000000000000 ) ) ;
#394 = PRESENTATION_LAYER_ASSIGNMENT (  '', '', ( #5354 ) ) ;
#395 = CARTESIAN_POINT ( 'NONE',  ( 1.690000537725149909, 1.200000289965710287, 0.1000000000000000056 ) ) ;
#396 = ORIENTED_EDGE ( 'NONE', *, *, #7057, .T. ) ;
#397 = DIRECTION ( 'NONE',  ( -1.000000000000000000, -0.000000000000000000, 0.000000000000000000 ) ) ;
#398 =( LENGTH_UNIT ( ) NAMED_UNIT ( * ) SI_UNIT ( .MILLI., .METRE. ) );
#399 = VECTOR ( 'NONE', #6177, 1000.000000000000000 ) ;
#400 = SURFACE_SIDE_STYLE ('',( #3287 ) ) ;
#401 = LINE ( 'NONE', #2763, #2100 ) ;
#402 = SURFACE_SIDE_STYLE ('',( #6894 ) ) ;
#403 = ORIENTED_EDGE ( 'NONE', *, *, #6622, .T. ) ;
#404 = EDGE_CURVE ( 'NONE', #4884, #4362, #6168, .T. ) ;
#405 = STYLED_ITEM ( 'NONE', ( #3512 ), #2715 ) ;
#406 =( NAMED_UNIT ( * ) SI_UNIT ( $, .STERADIAN. ) SOLID_ANGLE_UNIT ( ) );
#407 = SURFACE_STYLE_FILL_AREA ( #6327 ) ;
#408 = EDGE_LOOP ( 'NONE', ( #15, #3119, #1015, #3396 ) ) ;
#409 = EDGE_CURVE ( 'NONE', #4384, #5658, #835, .T. ) ;
#410 = LINE ( 'NONE', #6395, #7294 ) ;
#411 = VERTEX_POINT ( 'NONE', #6095 ) ;
#412 = CARTESIAN_POINT ( 'NONE',  ( 1.970000533023268385, 0.2900002961956736902, 0.2030000000000000415 ) ) ;
#413 = UNCERTAINTY_MEASURE_WITH_UNIT (LENGTH_MEASURE( 1.000000000000000082E-05 ), #6218, 'distance_accuracy_value', 'NONE');
#414 = FILL_AREA_STYLE ('',( #3308 ) ) ;
#415 = FILL_AREA_STYLE_COLOUR ( '', #2812 ) ;
#416 = PLANE ( 'NONE',  #3055 ) ;
#417 =( NAMED_UNIT ( * ) SI_UNIT ( $, .STERADIAN. ) SOLID_ANGLE_UNIT ( ) );
#418 = FACE_OUTER_BOUND ( 'NONE', #5772, .T. ) ;
#419 = STYLED_ITEM ( 'NONE', ( #5901 ), #4304 ) ;
#420 = STYLED_ITEM ( 'NONE', ( #6215 ), #3408 ) ;
#421 = DIRECTION ( 'NONE',  ( 1.000000000000000000, 0.000000000000000000, -0.000000000000000000 ) ) ;
#422 =( NAMED_UNIT ( * ) SI_UNIT ( $, .STERADIAN. ) SOLID_ANGLE_UNIT ( ) );
#423 = EDGE_LOOP ( 'NONE', ( #4466, #1152, #5285, #2145 ) ) ;
#424 = FACE_OUTER_BOUND ( 'NONE', #1515, .T. ) ;
#425 = SURFACE_STYLE_FILL_AREA ( #5110 ) ;
#426 = CARTESIAN_POINT ( 'NONE',  ( 0.2000005377251450056, 0.8600003008975930507, 0.000000000000000000 ) ) ;
#427 = EDGE_LOOP ( 'NONE', ( #2368, #2892, #4373, #5328 ) ) ;
#428 = VECTOR ( 'NONE', #6973, 1000.000000000000000 ) ;
#429 = CARTESIAN_POINT ( 'NONE',  ( 1.800000537725050309, 1.690000291494129891, 0.000000000000000000 ) ) ;
#430 = PRESENTATION_STYLE_ASSIGNMENT (( #3398 ) ) ;
#431 =( LENGTH_UNIT ( ) NAMED_UNIT ( * ) SI_UNIT ( .MILLI., .METRE. ) );
#432 = LINE ( 'NONE', #4629, #5971 ) ;
#433 = EDGE_CURVE ( 'NONE', #4542, #4246, #7228, .T. ) ;
#434 = ORIENTED_EDGE ( 'NONE', *, *, #541, .F. ) ;
#435 = DIRECTION ( 'NONE',  ( 0.000000000000000000, -0.000000000000000000, -1.000000000000000000 ) ) ;
#436 = EDGE_CURVE ( 'NONE', #6256, #4219, #1926, .T. ) ;
#437 = CARTESIAN_POINT ( 'NONE',  ( 5.377250997806730453E-07, 0.9400002961956489544, 0.1000000000000000056 ) ) ;
#438 = DIRECTION ( 'NONE',  ( 0.000000000000000000, 0.000000000000000000, -1.000000000000000000 ) ) ;
#439 = DIRECTION ( 'NONE',  ( -1.000000000000000000, -0.000000000000000000, 0.000000000000000000 ) ) ;
#440 = ORIENTED_EDGE ( 'NONE', *, *, #1225, .F. ) ;
#441 = CIRCLE ( 'NONE', #7021, 0.09999999999999990841 ) ;
#442 = ORIENTED_EDGE ( 'NONE', *, *, #2104, .F. ) ;
#443 = CLOSED_SHELL ( 'NONE', ( #4783, #6917, #143, #2955, #3667, #5213, #4715, #583, #7352, #1792, #4892, #4615, #7479, #1919 ) ) ;
#444 =( GEOMETRIC_REPRESENTATION_CONTEXT ( 3 ) GLOBAL_UNCERTAINTY_ASSIGNED_CONTEXT ( ( #1293 ) ) GLOBAL_UNIT_ASSIGNED_CONTEXT ( ( #5013, #2675, #855 ) ) REPRESENTATION_CONTEXT ( 'NONE', 'WORKASPACE' ) );
#445 = DIRECTION ( 'NONE',  ( 0.000000000000000000, 0.000000000000000000, 1.000000000000000000 ) ) ;
#446 = CARTESIAN_POINT ( 'NONE',  ( 1.890000537724970009, 1.790000291494149964, 0.1000000000000000056 ) ) ;
#447 = EDGE_CURVE ( 'NONE', #1588, #6197, #1380, .T. ) ;
#448 = PLANE ( 'NONE',  #5934 ) ;
#449 = PRESENTATION_LAYER_ASSIGNMENT (  '', '', ( #1584 ) ) ;
#450 =( NAMED_UNIT ( * ) PLANE_ANGLE_UNIT ( ) SI_UNIT ( $, .RADIAN. ) );
#451 = SURFACE_STYLE_USAGE ( .BOTH. , #3414 ) ;
#452 = PLANE ( 'NONE',  #5471 ) ;
#453 =( NAMED_UNIT ( * ) SI_UNIT ( $, .STERADIAN. ) SOLID_ANGLE_UNIT ( ) );
#454 = FACE_OUTER_BOUND ( 'NONE', #5926, .T. ) ;
#455 = VERTEX_POINT ( 'NONE', #2619 ) ;
#456 = LINE ( 'NONE', #4328, #1455 ) ;
#457 = PRESENTATION_LAYER_ASSIGNMENT (  '', '', ( #3806 ) ) ;
#458 = COLOUR_RGB ( '',0.2509803921568627416, 0.2509803921568627416, 0.2509803921568627416 ) ;
#459 = ADVANCED_FACE ( 'NONE', ( #7393 ), #4276, .T. ) ;
#460 = FILL_AREA_STYLE_COLOUR ( '', #4581 ) ;
#461 = CARTESIAN_POINT ( 'NONE',  ( 0.1300005377252090033, 0.1500003025424800074, 0.2030000000000000415 ) ) ;
#462 = ORIENTED_EDGE ( 'NONE', *, *, #1642, .F. ) ;
#463 = AXIS2_PLACEMENT_3D ( 'NONE', #4850, #1306, #2502 ) ;
#464 = MECHANICAL_DESIGN_GEOMETRIC_PRESENTATION_REPRESENTATION (  '', ( #7035 ), #1210 ) ;
#465 = FILL_AREA_STYLE_COLOUR ( '', #7227 ) ;
#466 = SURFACE_SIDE_STYLE ('',( #4080 ) ) ;
#467 = AXIS2_PLACEMENT_3D ( 'NONE', #4521, #7504, #4012 ) ;
#468 = MECHANICAL_DESIGN_GEOMETRIC_PRESENTATION_REPRESENTATION (  '', ( #6931 ), #4820 ) ;
#469 = COLOUR_RGB ( '',0.7921568627450980005, 0.8196078431372548767, 0.9333333333333333481 ) ;
#470 =( LENGTH_UNIT ( ) NAMED_UNIT ( * ) SI_UNIT ( .MILLI., .METRE. ) );
#471 = ORIENTED_EDGE ( 'NONE', *, *, #1840, .F. ) ;
#472 = PRESENTATION_LAYER_ASSIGNMENT (  '', '', ( #4302 ) ) ;
#473 = FILL_AREA_STYLE ('',( #989 ) ) ;
#474 = SURFACE_STYLE_FILL_AREA ( #3438 ) ;
#475 = EDGE_CURVE ( 'NONE', #816, #5127, #761, .T. ) ;
#476 = STYLED_ITEM ( 'NONE', ( #775 ), #6443 ) ;
#477 = SURFACE_SIDE_STYLE ('',( #6900 ) ) ;
#478 = CARTESIAN_POINT ( 'NONE',  ( 0.6000005377252359828, 2.961959353342540141E-07, 0.1000000000000000056 ) ) ;
#479 = VERTEX_POINT ( 'NONE', #2540 ) ;
#480 = ORIENTED_EDGE ( 'NONE', *, *, #2745, .F. ) ;
#481 = VERTEX_POINT ( 'NONE', #7311 ) ;
#482 = EDGE_CURVE ( 'NONE', #4523, #770, #1965, .T. ) ;
#483 = DIRECTION ( 'NONE',  ( 1.000000000000000000, 0.000000000000000000, -0.000000000000000000 ) ) ;
#484 = STYLED_ITEM ( 'NONE', ( #976 ), #6585 ) ;
#485 = CARTESIAN_POINT ( 'NONE',  ( 0.3100005377250449889, 1.200000289965710287, 0.1000000000000000056 ) ) ;
#486 = FILL_AREA_STYLE_COLOUR ( '', #4290 ) ;
#487 = DIRECTION ( 'NONE',  ( 1.000000000000000000, 0.000000000000000000, 0.000000000000000000 ) ) ;
#488 = ORIENTED_EDGE ( 'NONE', *, *, #3278, .F. ) ;
#489 = CARTESIAN_POINT ( 'NONE',  ( 2.000000537725100003, 1.650000296246720177, 0.2030000000000000415 ) ) ;
#490 = EDGE_CURVE ( 'NONE', #3506, #977, #792, .T. ) ;
#491 = LINE ( 'NONE', #6407, #4041 ) ;
#492 = VECTOR ( 'NONE', #2734, 1000.000000000000000 ) ;
#493 = CARTESIAN_POINT ( 'NONE',  ( 0.3100005377250449889, 1.850000289965689992, 0.1000000000000000056 ) ) ;
#494 = LINE ( 'NONE', #3528, #551 ) ;
#495 = EDGE_LOOP ( 'NONE', ( #2504, #2085, #762, #7671, #1885, #6902, #6944, #3990, #702, #3529, #4485, #2838 ) ) ;
#496 = COLOUR_RGB ( '',0.7490196078431372584, 0.7490196078431372584, 0.7490196078431372584 ) ;
#497 = EDGE_CURVE ( 'NONE', #6197, #3242, #2579, .T. ) ;
#498 = DIRECTION ( 'NONE',  ( -0.000000000000000000, -0.000000000000000000, 1.000000000000000000 ) ) ;
#499 = VERTEX_POINT ( 'NONE', #7506 ) ;
#500 = FACE_OUTER_BOUND ( 'NONE', #6551, .T. ) ;
#501 = CARTESIAN_POINT ( 'NONE',  ( 2.000000537725100003, 0.8600003008975819485, 0.000000000000000000 ) ) ;
#502 = CARTESIAN_POINT ( 'NONE',  ( 5.377251000027170150E-07, 0.2100003008976049912, 0.000000000000000000 ) ) ;
#503 = FILL_AREA_STYLE_COLOUR ( '', #2379 ) ;
#504 = ORIENTED_EDGE ( 'NONE', *, *, #4493, .T. ) ;
#505 = VECTOR ( 'NONE', #6935, 1000.000000000000000 ) ;
#506 = FILL_AREA_STYLE_COLOUR ( '', #6323 ) ;
#507 = STYLED_ITEM ( 'NONE', ( #3839 ), #3155 ) ;
#508 = VERTEX_POINT ( 'NONE', #2274 ) ;
#509 = EDGE_CURVE ( 'NONE', #6106, #4021, #2705, .T. ) ;
#510 = LINE ( 'NONE', #6007, #6834 ) ;
#511 = CARTESIAN_POINT ( 'NONE',  ( 0.03000054242693269910, 1.060000296195650060, 0.1000000000000000056 ) ) ;
#512 = CARTESIAN_POINT ( 'NONE',  ( 0.6000005377252359828, 2.961959353342540141E-07, 0.1000000000000000056 ) ) ;
#513 =( NAMED_UNIT ( * ) SI_UNIT ( $, .STERADIAN. ) SOLID_ANGLE_UNIT ( ) );
#514 = UNCERTAINTY_MEASURE_WITH_UNIT (LENGTH_MEASURE( 1.000000000000000082E-05 ), #4789, 'distance_accuracy_value', 'NONE');
#515 = SURFACE_STYLE_USAGE ( .BOTH. , #6013 ) ;
#516 = ADVANCED_FACE ( 'NONE', ( #993 ), #1064, .T. ) ;
#517 = CARTESIAN_POINT ( 'NONE',  ( 1.870000537724990197, 0.1500003025424800074, 0.2030000000000000415 ) ) ;
#518 = LINE ( 'NONE', #3520, #7210 ) ;
#519 = ORIENTED_EDGE ( 'NONE', *, *, #1840, .T. ) ;
#520 =( LENGTH_UNIT ( ) NAMED_UNIT ( * ) SI_UNIT ( .MILLI., .METRE. ) );
#521 = VECTOR ( 'NONE', #683, 1000.000000000000000 ) ;
#522 = EDGE_CURVE ( 'NONE', #4000, #3137, #2126, .T. ) ;
#523 = FILL_AREA_STYLE_COLOUR ( '', #3471 ) ;
#524 = LINE ( 'NONE', #6492, #7631 ) ;
#525 = ORIENTED_EDGE ( 'NONE', *, *, #5738, .T. ) ;
#526 = STYLED_ITEM ( 'NONE', ( #745 ), #3619 ) ;
#527 = SURFACE_STYLE_USAGE ( .BOTH. , #2840 ) ;
#528 = EDGE_LOOP ( 'NONE', ( #4381, #306, #3861, #3979 ) ) ;
#529 = MECHANICAL_DESIGN_GEOMETRIC_PRESENTATION_REPRESENTATION (  '', ( #6878 ), #7603 ) ;
#530 = FILL_AREA_STYLE_COLOUR ( '', #7331 ) ;
#531 = PLANE ( 'NONE',  #3337 ) ;
#532 = ADVANCED_FACE ( 'NONE', ( #6861 ), #3023, .T. ) ;
#533 = STYLED_ITEM ( 'NONE', ( #3073 ), #3870 ) ;
#534 = SURFACE_SIDE_STYLE ('',( #1019 ) ) ;
#535 = SURFACE_STYLE_USAGE ( .BOTH. , #1141 ) ;
#536 = DIRECTION ( 'NONE',  ( 0.000000000000000000, 1.000000000000000000, 0.000000000000000000 ) ) ;
#537 = SURFACE_STYLE_FILL_AREA ( #6032 ) ;
#538 = ORIENTED_EDGE ( 'NONE', *, *, #3723, .F. ) ;
#539 = DIRECTION ( 'NONE',  ( -0.000000000000000000, 0.000000000000000000, -1.000000000000000000 ) ) ;
#540 = DIRECTION ( 'NONE',  ( 1.000000000000000000, 0.000000000000000000, -0.000000000000000000 ) ) ;
#541 = EDGE_CURVE ( 'NONE', #1579, #4221, #4166, .T. ) ;
#542 = MECHANICAL_DESIGN_GEOMETRIC_PRESENTATION_REPRESENTATION (  '', ( #1929 ), #5396 ) ;
#543 = LINE ( 'NONE', #7657, #7167 ) ;
#544 = FILL_AREA_STYLE_COLOUR ( '', #2886 ) ;
#545 = CARTESIAN_POINT ( 'NONE',  ( 1.870000537724990197, 1.140000291494180029, 0.1000000000000000056 ) ) ;
#546 = ORIENTED_EDGE ( 'NONE', *, *, #188, .F. ) ;
#547 = ORIENTED_EDGE ( 'NONE', *, *, #7456, .F. ) ;
#548 = SURFACE_STYLE_FILL_AREA ( #7189 ) ;
#549 = EDGE_LOOP ( 'NONE', ( #434, #356, #6884, #864 ) ) ;
#550 =( LENGTH_UNIT ( ) NAMED_UNIT ( * ) SI_UNIT ( .MILLI., .METRE. ) );
#551 = VECTOR ( 'NONE', #2873, 1000.000000000000000 ) ;
#552 = PLANE ( 'NONE',  #3110 ) ;
#553 = CARTESIAN_POINT ( 'NONE',  ( 0.1300005377252090033, 1.650000296246720177, 0.2030000000000000415 ) ) ;
#554 = VECTOR ( 'NONE', #4930, 1000.000000000000000 ) ;
#555 = EDGE_LOOP ( 'NONE', ( #3769, #3939, #3966, #7050 ) ) ;
#556 = SURFACE_SIDE_STYLE ('',( #3597 ) ) ;
#557 = COLOUR_RGB ( '',0.7490196078431372584, 0.7490196078431372584, 0.7490196078431372584 ) ;
#558 = ORIENTED_EDGE ( 'NONE', *, *, #7209, .T. ) ;
#559 = PLANE ( 'NONE',  #6183 ) ;
#560 = FILL_AREA_STYLE_COLOUR ( '', #1838 ) ;
#561 = VECTOR ( 'NONE', #4974, 1000.000000000000000 ) ;
#562 = EDGE_CURVE ( 'NONE', #5224, #4024, #6017, .T. ) ;
#563 = STYLED_ITEM ( 'NONE', ( #1580 ), #204 ) ;
#564 = VECTOR ( 'NONE', #2443, 1000.000000000000000 ) ;
#565 = COLOUR_RGB ( '',0.7490196078431372584, 0.7490196078431372584, 0.7490196078431372584 ) ;
#566 =( NAMED_UNIT ( * ) SI_UNIT ( $, .STERADIAN. ) SOLID_ANGLE_UNIT ( ) );
#567 = CARTESIAN_POINT ( 'NONE',  ( 1.550000537725050087, 2.961959355562979837E-07, 0.1000000000000000056 ) ) ;
#568 = EDGE_LOOP ( 'NONE', ( #5933, #3117, #6782, #5248 ) ) ;
#569 = PLANE ( 'NONE',  #7567 ) ;
#570 = FACE_OUTER_BOUND ( 'NONE', #7195, .T. ) ;
#571 = VECTOR ( 'NONE', #5609, 1000.000000000000000 ) ;
#572 = ORIENTED_EDGE ( 'NONE', *, *, #1914, .F. ) ;
#573 = STYLED_ITEM ( 'NONE', ( #2718 ), #343 ) ;
#574 = COLOUR_RGB ( '',0.7490196078431372584, 0.7490196078431372584, 0.7490196078431372584 ) ;
#575 = VECTOR ( 'NONE', #5386, 1000.000000000000114 ) ;
#576 = EDGE_CURVE ( 'NONE', #1437, #1579, #1230, .T. ) ;
#577 = UNCERTAINTY_MEASURE_WITH_UNIT (LENGTH_MEASURE( 1.000000000000000082E-05 ), #5183, 'distance_accuracy_value', 'NONE');
#578 = FACE_OUTER_BOUND ( 'NONE', #7507, .T. ) ;
#579 = DIRECTION ( 'NONE',  ( -0.000000000000000000, -0.000000000000000000, -1.000000000000000000 ) ) ;
#580 = SURFACE_SIDE_STYLE ('',( #1686 ) ) ;
#581 = ORIENTED_EDGE ( 'NONE', *, *, #447, .F. ) ;
#582 = CARTESIAN_POINT ( 'NONE',  ( 0.7100005377251360494, 0.3100002961958809866, 0.000000000000000000 ) ) ;
#583 = ADVANCED_FACE ( 'NONE', ( #1750 ), #94, .T. ) ;
#584 = FILL_AREA_STYLE_COLOUR ( '', #2686 ) ;
#585 = VECTOR ( 'NONE', #718, 1000.000000000000000 ) ;
#586 = VECTOR ( 'NONE', #4227, 1000.000000000000000 ) ;
#587 = CARTESIAN_POINT ( 'NONE',  ( 1.000000537725070027, 1.000000296195939997, 0.2283999999999999919 ) ) ;
#588 =( GEOMETRIC_REPRESENTATION_CONTEXT ( 3 ) GLOBAL_UNCERTAINTY_ASSIGNED_CONTEXT ( ( #3703 ) ) GLOBAL_UNIT_ASSIGNED_CONTEXT ( ( #6925, #2146, #5683 ) ) REPRESENTATION_CONTEXT ( 'NONE', 'WORKASPACE' ) );
#589 =( LENGTH_UNIT ( ) NAMED_UNIT ( * ) SI_UNIT ( .MILLI., .METRE. ) );
#590 = DIRECTION ( 'NONE',  ( -0.000000000000000000, -0.000000000000000000, -1.000000000000000000 ) ) ;
#591 = STYLED_ITEM ( 'NONE', ( #2342 ), #6104 ) ;
#592 = ORIENTED_EDGE ( 'NONE', *, *, #404, .F. ) ;
#593 = EDGE_LOOP ( 'NONE', ( #877, #1448, #6722, #5488 ) ) ;
#594 = EDGE_CURVE ( 'NONE', #4641, #5773, #4104, .T. ) ;
#595 = CARTESIAN_POINT ( 'NONE',  ( 0.3000005377251450112, 0.3100003008976269792, 0.000000000000000000 ) ) ;
#596 = CARTESIAN_POINT ( 'NONE',  ( 0.1812143443952660138, 1.650000296246720177, 0.1000000000000000056 ) ) ;
#597 = COLOUR_RGB ( '',0.7490196078431372584, 0.7490196078431372584, 0.7490196078431372584 ) ;
#598 = UNCERTAINTY_MEASURE_WITH_UNIT (LENGTH_MEASURE( 1.000000000000000082E-05 ), #4013, 'distance_accuracy_value', 'NONE');
#599 = PRESENTATION_STYLE_ASSIGNMENT (( #6091 ) ) ;
#600 =( LENGTH_UNIT ( ) NAMED_UNIT ( * ) SI_UNIT ( .MILLI., .METRE. ) );
#601 = FILL_AREA_STYLE ('',( #5460 ) ) ;
#602 = VERTEX_POINT ( 'NONE', #7096 ) ;
#603 = VECTOR ( 'NONE', #3280, 1000.000000000000000 ) ;
#604 = CARTESIAN_POINT ( 'NONE',  ( 2.000000537725100003, 0.8600003008975678487, 0.000000000000000000 ) ) ;
#605 = ORIENTED_EDGE ( 'NONE', *, *, #4954, .F. ) ;
#606 =( NAMED_UNIT ( * ) SI_UNIT ( $, .STERADIAN. ) SOLID_ANGLE_UNIT ( ) );
#607 = MECHANICAL_DESIGN_GEOMETRIC_PRESENTATION_REPRESENTATION (  '', ( #4708 ), #1743 ) ;
#608 = PLANE ( 'NONE',  #1229 ) ;
#609 =( LENGTH_UNIT ( ) NAMED_UNIT ( * ) SI_UNIT ( .MILLI., .METRE. ) );
#610 = ORIENTED_EDGE ( 'NONE', *, *, #828, .T. ) ;
#611 = CARTESIAN_POINT ( 'NONE',  ( 0.3100005377250449889, 0.1500003025424800074, 0.1000000000000000056 ) ) ;
#612 = AXIS2_PLACEMENT_3D ( 'NONE', #5350, #5977, #2307 ) ;
#613 = LINE ( 'NONE', #6566, #7607 ) ;
#614 = ORIENTED_EDGE ( 'NONE', *, *, #1717, .F. ) ;
#615 = CARTESIAN_POINT ( 'NONE',  ( 1.970000533023269940, 1.710000296195629987, 0.1000000000000000056 ) ) ;
#616 = PRESENTATION_STYLE_ASSIGNMENT (( #6461 ) ) ;
#617 = EDGE_LOOP ( 'NONE', ( #3752, #4862, #6562, #442 ) ) ;
#618 = DIRECTION ( 'NONE',  ( 0.000000000000000000, 0.000000000000000000, -1.000000000000000000 ) ) ;
#619 = FILL_AREA_STYLE ('',( #584 ) ) ;
#620 = VECTOR ( 'NONE', #5710, 1000.000000000000000 ) ;
#621 = LINE ( 'NONE', #665, #2968 ) ;
#622 = ADVANCED_FACE ( 'NONE', ( #3519 ), #3057, .T. ) ;
#623 = DIRECTION ( 'NONE',  ( 2.775557887810709895E-15, 1.000000000000000000, 0.000000000000000000 ) ) ;
#624 =( NAMED_UNIT ( * ) PLANE_ANGLE_UNIT ( ) SI_UNIT ( $, .RADIAN. ) );
#625 = FILL_AREA_STYLE_COLOUR ( '', #4323 ) ;
#626 = ORIENTED_EDGE ( 'NONE', *, *, #3826, .F. ) ;
#627 = ORIENTED_EDGE ( 'NONE', *, *, #7083, .T. ) ;
#628 = DIRECTION ( 'NONE',  ( 3.235507100339109776E-13, 1.000000000000000000, 0.000000000000000000 ) ) ;
#629 = FILL_AREA_STYLE ('',( #6124 ) ) ;
#630 = FACE_OUTER_BOUND ( 'NONE', #6016, .T. ) ;
#631 = EDGE_CURVE ( 'NONE', #4219, #2613, #176, .T. ) ;
#632 = CARTESIAN_POINT ( 'NONE',  ( 1.873321717579730095, 0.8600003008976040419, 0.1000000000000000056 ) ) ;
#633 =( LENGTH_UNIT ( ) NAMED_UNIT ( * ) SI_UNIT ( .MILLI., .METRE. ) );
#634 =( GEOMETRIC_REPRESENTATION_CONTEXT ( 3 ) GLOBAL_UNCERTAINTY_ASSIGNED_CONTEXT ( ( #2261 ) ) GLOBAL_UNIT_ASSIGNED_CONTEXT ( ( #1748, #1162, #1121 ) ) REPRESENTATION_CONTEXT ( 'NONE', 'WORKASPACE' ) );
#635 = ORIENTED_EDGE ( 'NONE', *, *, #3311, .T. ) ;
#636 = FILL_AREA_STYLE_COLOUR ( '', #4796 ) ;
#637 =( NAMED_UNIT ( * ) SI_UNIT ( $, .STERADIAN. ) SOLID_ANGLE_UNIT ( ) );
#638 = ORIENTED_EDGE ( 'NONE', *, *, #4677, .T. ) ;
#639 = PRODUCT_CONTEXT ( 'NONE', #7095, 'mechanical' ) ;
#640 = CARTESIAN_POINT ( 'NONE',  ( 0.3000005377251455108, 1.040000291494149964, 0.000000000000000000 ) ) ;
#641 = ORIENTED_EDGE ( 'NONE', *, *, #5476, .T. ) ;
#642 = VECTOR ( 'NONE', #1751, 1000.000000000000000 ) ;
#643 = LINE ( 'NONE', #4247, #3681 ) ;
#644 = CARTESIAN_POINT ( 'NONE',  ( 0.2000005377251450334, 0.3100003008976269792, 0.000000000000000000 ) ) ;
#645 = DIRECTION ( 'NONE',  ( -0.000000000000000000, 1.000000000000000000, 0.000000000000000000 ) ) ;
#646 = EDGE_LOOP ( 'NONE', ( #103, #193, #856, #2598 ) ) ;
#647 = LINE ( 'NONE', #5878, #4205 ) ;
#648 = SURFACE_STYLE_USAGE ( .BOTH. , #7241 ) ;
#649 = LINE ( 'NONE', #3684, #6511 ) ;
#650 = ORIENTED_EDGE ( 'NONE', *, *, #7422, .T. ) ;
#651 = VECTOR ( 'NONE', #3790, 1000.000000000000114 ) ;
#652 = PRESENTATION_STYLE_ASSIGNMENT (( #3831 ) ) ;
#653 = CARTESIAN_POINT ( 'NONE',  ( 5.377251000157276528E-07, 1.650000296195859972, 0.1000000000000000056 ) ) ;
#654 = FILL_AREA_STYLE_COLOUR ( '', #6326 ) ;
#655 = CARTESIAN_POINT ( 'NONE',  ( 0.1300005377252090033, 1.790000291494149964, 0.1000000000000000056 ) ) ;
#656 = SURFACE_STYLE_USAGE ( .BOTH. , #3611 ) ;
#657 = ORIENTED_EDGE ( 'NONE', *, *, #436, .F. ) ;
#658 = CARTESIAN_POINT ( 'NONE',  ( 5.377251000157276528E-07, 1.650000296246720177, 0.2030000000000000415 ) ) ;
#659 = CARTESIAN_POINT ( 'NONE',  ( 1.970000533023269940, 0.9400002961956489544, 0.1000000000000000056 ) ) ;
#660 = FILL_AREA_STYLE ('',( #6574 ) ) ;
#661 = VECTOR ( 'NONE', #5957, 1000.000000000000000 ) ;
#662 = COLOUR_RGB ( '',0.7490196078431372584, 0.7490196078431372584, 0.7490196078431372584 ) ;
#663 = EDGE_CURVE ( 'NONE', #153, #4261, #2543, .T. ) ;
#664 =( NAMED_UNIT ( * ) SI_UNIT ( $, .STERADIAN. ) SOLID_ANGLE_UNIT ( ) );
#665 = CARTESIAN_POINT ( 'NONE',  ( 1.400000537725190064, 0.1500002961959130132, 0.1000000000000000056 ) ) ;
#666 = UNCERTAINTY_MEASURE_WITH_UNIT (LENGTH_MEASURE( 1.000000000000000082E-05 ), #857, 'distance_accuracy_value', 'NONE');
#667 =( NAMED_UNIT ( * ) PLANE_ANGLE_UNIT ( ) SI_UNIT ( $, .RADIAN. ) );
#668 = EDGE_LOOP ( 'NONE', ( #2743, #3135, #5265, #3407 ) ) ;
#669 = VECTOR ( 'NONE', #3532, 1000.000000000000000 ) ;
#670 = DIRECTION ( 'NONE',  ( -1.000000000000000000, -0.000000000000000000, 0.000000000000000000 ) ) ;
#671 = DIRECTION ( 'NONE',  ( 0.000000000000000000, 1.000000000000000000, 0.000000000000000000 ) ) ;
#672 = FILL_AREA_STYLE ('',( #6010 ) ) ;
#673 = EDGE_CURVE ( 'NONE', #1759, #374, #840, .T. ) ;
#674 = MECHANICAL_DESIGN_GEOMETRIC_PRESENTATION_REPRESENTATION (  '', ( #2177 ), #3162 ) ;
#675 = UNCERTAINTY_MEASURE_WITH_UNIT (LENGTH_MEASURE( 1.000000000000000082E-05 ), #2647, 'distance_accuracy_value', 'NONE');
#676 = SURFACE_STYLE_FILL_AREA ( #6012 ) ;
#677 = DIRECTION ( 'NONE',  ( 0.000000000000000000, 0.000000000000000000, 1.000000000000000000 ) ) ;
#678 = CARTESIAN_POINT ( 'NONE',  ( 2.000000537725100003, 1.710000296195629987, 0.1000000000000000056 ) ) ;
#679 = VERTEX_POINT ( 'NONE', #3263 ) ;
#680 = SURFACE_STYLE_USAGE ( .BOTH. , #3634 ) ;
#681 = FILL_AREA_STYLE ('',( #723 ) ) ;
#682 =( NAMED_UNIT ( * ) SI_UNIT ( $, .STERADIAN. ) SOLID_ANGLE_UNIT ( ) );
#683 = DIRECTION ( 'NONE',  ( 0.000000000000000000, -1.000000000000000000, -0.000000000000000000 ) ) ;
#684 = ORIENTED_EDGE ( 'NONE', *, *, #6285, .F. ) ;
#685 = VECTOR ( 'NONE', #1105, 1000.000000000000000 ) ;
#686 = EDGE_CURVE ( 'NONE', #2563, #2899, #3789, .T. ) ;
#687 = CARTESIAN_POINT ( 'NONE',  ( 0.03000054242693269910, 0.2900002961956720249, 0.1000000000000000056 ) ) ;
#688 = PRESENTATION_LAYER_ASSIGNMENT (  '', '', ( #3424 ) ) ;
#689 = DIRECTION ( 'NONE',  ( 0.000000000000000000, -1.000000000000000000, -0.000000000000000000 ) ) ;
#690 = ORIENTED_EDGE ( 'NONE', *, *, #5724, .T. ) ;
#691 = LINE ( 'NONE', #4656, #7080 ) ;
#692 =( NAMED_UNIT ( * ) PLANE_ANGLE_UNIT ( ) SI_UNIT ( $, .RADIAN. ) );
#693 = LINE ( 'NONE', #3070, #7523 ) ;
#694 = CIRCLE ( 'NONE', #1938, 0.09999999999999990841 ) ;
#695 = ORIENTED_EDGE ( 'NONE', *, *, #7091, .T. ) ;
#696 = EDGE_CURVE ( 'NONE', #265, #4810, #4918, .T. ) ;
#697 = UNCERTAINTY_MEASURE_WITH_UNIT (LENGTH_MEASURE( 1.000000000000000082E-05 ), #6843, 'distance_accuracy_value', 'NONE');
#698 = STYLED_ITEM ( 'NONE', ( #3542 ), #4658 ) ;
#699 = CARTESIAN_POINT ( 'NONE',  ( 1.800000537725050309, 0.9600003008976040197, 0.1000000000000000056 ) ) ;
#700 = VECTOR ( 'NONE', #248, 1000.000000000000000 ) ;
#701 = VECTOR ( 'NONE', #7630, 1000.000000000000000 ) ;
#702 = ORIENTED_EDGE ( 'NONE', *, *, #375, .T. ) ;
#703 = PRESENTATION_STYLE_ASSIGNMENT (( #3154 ) ) ;
#704 = FACE_OUTER_BOUND ( 'NONE', #1511, .T. ) ;
#705 = DIRECTION ( 'NONE',  ( 0.000000000000000000, -0.000000000000000000, 1.000000000000000000 ) ) ;
#706 =( GEOMETRIC_REPRESENTATION_CONTEXT ( 3 ) GLOBAL_UNCERTAINTY_ASSIGNED_CONTEXT ( ( #5778 ) ) GLOBAL_UNIT_ASSIGNED_CONTEXT ( ( #2749, #3985, #7625 ) ) REPRESENTATION_CONTEXT ( 'NONE', 'WORKASPACE' ) );
#707 = MECHANICAL_DESIGN_GEOMETRIC_PRESENTATION_REPRESENTATION (  '', ( #2079 ), #2087 ) ;
#708 =( GEOMETRIC_REPRESENTATION_CONTEXT ( 3 ) GLOBAL_UNCERTAINTY_ASSIGNED_CONTEXT ( ( #1516 ) ) GLOBAL_UNIT_ASSIGNED_CONTEXT ( ( #1352, #6022, #799 ) ) REPRESENTATION_CONTEXT ( 'NONE', 'WORKASPACE' ) );
#709 = SURFACE_STYLE_USAGE ( .BOTH. , #6612 ) ;
#710 =( NAMED_UNIT ( * ) PLANE_ANGLE_UNIT ( ) SI_UNIT ( $, .RADIAN. ) );
#711 = VERTEX_POINT ( 'NONE', #881 ) ;
#712 = PRESENTATION_LAYER_ASSIGNMENT (  '', '', ( #2704 ) ) ;
#713 = DIRECTION ( 'NONE',  ( 0.000000000000000000, 0.000000000000000000, -1.000000000000000000 ) ) ;
#714 = FILL_AREA_STYLE ('',( #6045 ) ) ;
#715 = AXIS2_PLACEMENT_3D ( 'NONE', #3095, #4877, #3128 ) ;
#716 = EDGE_CURVE ( 'NONE', #6006, #6190, #6170, .T. ) ;
#717 =( NAMED_UNIT ( * ) PLANE_ANGLE_UNIT ( ) SI_UNIT ( $, .RADIAN. ) );
#719 = AXIS2_PLACEMENT_3D ( 'NONE', #4598, #6472, #5151 ) ;
#718 = DIRECTION ( 'NONE',  ( 0.000000000000000000, 1.000000000000000000, -0.000000000000000000 ) ) ;
#720 = DIRECTION ( 'NONE',  ( -1.000000000000000000, 0.000000000000000000, 0.000000000000000000 ) ) ;
#721 = ORIENTED_EDGE ( 'NONE', *, *, #4669, .T. ) ;
#722 = PRESENTATION_LAYER_ASSIGNMENT (  '', '', ( #7052 ) ) ;
#723 = FILL_AREA_STYLE_COLOUR ( '', #142 ) ;
#724 = EDGE_CURVE ( 'NONE', #481, #1365, #4450, .T. ) ;
#725 = FILL_AREA_STYLE_COLOUR ( '', #2277 ) ;
#726 = EDGE_LOOP ( 'NONE', ( #7008, #1822, #2672, #6267 ) ) ;
#727 = DIRECTION ( 'NONE',  ( -0.000000000000000000, 0.000000000000000000, -1.000000000000000000 ) ) ;
#728 = PRESENTATION_LAYER_ASSIGNMENT (  '', '', ( #2973 ) ) ;
#729 = DIRECTION ( 'NONE',  ( 0.7071067811860450858, -0.7071067811870500597, 0.000000000000000000 ) ) ;
#730 = UNCERTAINTY_MEASURE_WITH_UNIT (LENGTH_MEASURE( 1.000000000000000082E-05 ), #1875, 'distance_accuracy_value', 'NONE');
#731 = SURFACE_STYLE_USAGE ( .BOTH. , #145 ) ;
#732 = EDGE_CURVE ( 'NONE', #5368, #913, #2660, .T. ) ;
#733 = ORIENTED_EDGE ( 'NONE', *, *, #782, .T. ) ;
#734 = FILL_AREA_STYLE ('',( #6630 ) ) ;
#735 = FILL_AREA_STYLE_COLOUR ( '', #6920 ) ;
#736 = ORIENTED_EDGE ( 'NONE', *, *, #6359, .F. ) ;
#737 =( GEOMETRIC_REPRESENTATION_CONTEXT ( 3 ) GLOBAL_UNCERTAINTY_ASSIGNED_CONTEXT ( ( #7548 ) ) GLOBAL_UNIT_ASSIGNED_CONTEXT ( ( #3682, #6066, #2936 ) ) REPRESENTATION_CONTEXT ( 'NONE', 'WORKASPACE' ) );
#738 =( NAMED_UNIT ( * ) PLANE_ANGLE_UNIT ( ) SI_UNIT ( $, .RADIAN. ) );
#739 = FILL_AREA_STYLE ('',( #1908 ) ) ;
#740 = EDGE_CURVE ( 'NONE', #6329, #4933, #1967, .T. ) ;
#741 = ORIENTED_EDGE ( 'NONE', *, *, #3577, .T. ) ;
#742 =( NAMED_UNIT ( * ) PLANE_ANGLE_UNIT ( ) SI_UNIT ( $, .RADIAN. ) );
#743 = VECTOR ( 'NONE', #2453, 1000.000000000000000 ) ;
#744 = ORIENTED_EDGE ( 'NONE', *, *, #3784, .F. ) ;
#745 = PRESENTATION_STYLE_ASSIGNMENT (( #117 ) ) ;
#746 = SURFACE_SIDE_STYLE ('',( #6082 ) ) ;
#747 = VECTOR ( 'NONE', #1277, 1000.000000000000000 ) ;
#748 = COLOUR_RGB ( '',0.7490196078431372584, 0.7490196078431372584, 0.7490196078431372584 ) ;
#749 = LINE ( 'NONE', #6005, #7124 ) ;
#750 = DIRECTION ( 'NONE',  ( -1.000000000000000000, -0.000000000000000000, 0.000000000000000000 ) ) ;
#751 = SURFACE_STYLE_FILL_AREA ( #5026 ) ;
#752 = UNCERTAINTY_MEASURE_WITH_UNIT (LENGTH_MEASURE( 1.000000000000000082E-05 ), #6187, 'distance_accuracy_value', 'NONE');
#753 = ORIENTED_EDGE ( 'NONE', *, *, #3199, .T. ) ;
#754 = DIRECTION ( 'NONE',  ( -0.000000000000000000, -1.000000000000000000, 0.000000000000000000 ) ) ;
#755 = DIRECTION ( 'NONE',  ( 0.000000000000000000, 0.000000000000000000, 1.000000000000000000 ) ) ;
#756 = FILL_AREA_STYLE_COLOUR ( '', #345 ) ;
#757 =( GEOMETRIC_REPRESENTATION_CONTEXT ( 3 ) GLOBAL_UNCERTAINTY_ASSIGNED_CONTEXT ( ( #1825 ) ) GLOBAL_UNIT_ASSIGNED_CONTEXT ( ( #2217, #3988, #6264 ) ) REPRESENTATION_CONTEXT ( 'NONE', 'WORKASPACE' ) );
#758 = CYLINDRICAL_SURFACE ( 'NONE', #7280, 0.1000000000000000472 ) ;
#759 =( NAMED_UNIT ( * ) SI_UNIT ( $, .STERADIAN. ) SOLID_ANGLE_UNIT ( ) );
#760 = ORIENTED_EDGE ( 'NONE', *, *, #1688, .F. ) ;
#761 = LINE ( 'NONE', #5497, #7647 ) ;
#762 = ORIENTED_EDGE ( 'NONE', *, *, #5528, .T. ) ;
#763 = CARTESIAN_POINT ( 'NONE',  ( 1.690000537725149909, 1.850000289965689992, 0.1000000000000000056 ) ) ;
#764 = ORIENTED_EDGE ( 'NONE', *, *, #3909, .T. ) ;
#765 = LINE ( 'NONE', #5465, #4423 ) ;
#766 = STYLED_ITEM ( 'NONE', ( #2871 ), #3060 ) ;
#767 = EDGE_CURVE ( 'NONE', #2459, #2047, #7353, .T. ) ;
#768 = LINE ( 'NONE', #7321, #2975 ) ;
#769 = LINE ( 'NONE', #1394, #5303 ) ;
#770 = VERTEX_POINT ( 'NONE', #3222 ) ;
#771 = AXIS2_PLACEMENT_3D ( 'NONE', #4312, #6266, #3264 ) ;
#772 =( GEOMETRIC_REPRESENTATION_CONTEXT ( 3 ) GLOBAL_UNCERTAINTY_ASSIGNED_CONTEXT ( ( #1489 ) ) GLOBAL_UNIT_ASSIGNED_CONTEXT ( ( #6506, #7259, #245 ) ) REPRESENTATION_CONTEXT ( 'NONE', 'WORKASPACE' ) );
#773 = CARTESIAN_POINT ( 'NONE',  ( 2.000000537725100003, 1.060000296195650060, 0.2030000000000000415 ) ) ;
#774 = EDGE_CURVE ( 'NONE', #2563, #4523, #1928, .T. ) ;
#775 = PRESENTATION_STYLE_ASSIGNMENT (( #6111 ) ) ;
#776 = DIRECTION ( 'NONE',  ( -0.000000000000000000, -0.000000000000000000, -1.000000000000000000 ) ) ;
#777 =( NAMED_UNIT ( * ) PLANE_ANGLE_UNIT ( ) SI_UNIT ( $, .RADIAN. ) );
#778 = SURFACE_STYLE_FILL_AREA ( #3736 ) ;
#779 = ORIENTED_EDGE ( 'NONE', *, *, #4272, .F. ) ;
#780 =( LENGTH_UNIT ( ) NAMED_UNIT ( * ) SI_UNIT ( .MILLI., .METRE. ) );
#781 = CARTESIAN_POINT ( 'NONE',  ( 0.3000005377251450112, 0.9600003008976044638, 0.000000000000000000 ) ) ;
#782 = EDGE_CURVE ( 'NONE', #4961, #3477, #3863, .T. ) ;
#783 = VECTOR ( 'NONE', #1428, 1000.000000000000000 ) ;
#784 = EDGE_LOOP ( 'NONE', ( #1213, #5607, #929, #5880 ) ) ;
#785 = CARTESIAN_POINT ( 'NONE',  ( 1.284999967722169956, 0.7025008911961240221, 0.2283999999999999919 ) ) ;
#786 = COLOUR_RGB ( '',0.7490196078431372584, 0.7490196078431372584, 0.7490196078431372584 ) ;
#787 = CARTESIAN_POINT ( 'NONE',  ( 2.000000537725100003, 1.510000300897545111, 0.000000000000000000 ) ) ;
#788 = CARTESIAN_POINT ( 'NONE',  ( 1.870000537724990197, 1.200000289965710287, 0.1000000000000000056 ) ) ;
#789 = EDGE_CURVE ( 'NONE', #1386, #1812, #6098, .T. ) ;
#790 = LINE ( 'NONE', #1963, #3940 ) ;
#791 = DIRECTION ( 'NONE',  ( 0.000000000000000000, 0.000000000000000000, 1.000000000000000000 ) ) ;
#792 = LINE ( 'NONE', #3171, #7528 ) ;
#793 = CIRCLE ( 'NONE', #3412, 0.09999999999999990841 ) ;
#794 = ORIENTED_EDGE ( 'NONE', *, *, #2300, .T. ) ;
#795 = CARTESIAN_POINT ( 'NONE',  ( 1.400000537725190064, 2.000000296195940219, 0.1000000000000000056 ) ) ;
#796 = SURFACE_STYLE_FILL_AREA ( #6830 ) ;
#797 = VERTEX_POINT ( 'NONE', #6130 ) ;
#798 = CARTESIAN_POINT ( 'NONE',  ( 1.284999967722169956, 1.297499701195750088, 0.2283999999999999919 ) ) ;
#799 =( NAMED_UNIT ( * ) SI_UNIT ( $, .STERADIAN. ) SOLID_ANGLE_UNIT ( ) );
#800 = CARTESIAN_POINT ( 'NONE',  ( 1.970000533023269940, 1.060000296195650060, 0.2030000000000000415 ) ) ;
#801 = CARTESIAN_POINT ( 'NONE',  ( 2.000000537725100003, 0.4900002914941979926, 0.000000000000000000 ) ) ;
#802 = CARTESIAN_POINT ( 'NONE',  ( 2.000000537725100003, 2.961959353342540141E-07, 0.02000000000000000042 ) ) ;
#803 = VECTOR ( 'NONE', #6356, 1000.000000000000000 ) ;
#804 = PLANE ( 'NONE',  #3913 ) ;
#805 = ORIENTED_EDGE ( 'NONE', *, *, #7091, .F. ) ;
#806 = CARTESIAN_POINT ( 'NONE',  ( 1.284999967722169956, 0.7025008911961240221, 0.2283999999999999919 ) ) ;
#807 = FILL_AREA_STYLE ('',( #5435 ) ) ;
#808 =( NAMED_UNIT ( * ) SI_UNIT ( $, .STERADIAN. ) SOLID_ANGLE_UNIT ( ) );
#809 = VERTEX_POINT ( 'NONE', #795 ) ;
#810 = EDGE_CURVE ( 'NONE', #2881, #1715, #2581, .T. ) ;
#811 = DIRECTION ( 'NONE',  ( 1.000000000000000000, 0.000000000000000000, -0.000000000000000000 ) ) ;
#812 = LINE ( 'NONE', #6234, #7641 ) ;
#813 = EDGE_LOOP ( 'NONE', ( #3961, #2532, #6742, #2163 ) ) ;
#814 = FACE_OUTER_BOUND ( 'NONE', #3184, .T. ) ;
#815 = COLOUR_RGB ( '',0.7490196078431372584, 0.7490196078431372584, 0.7490196078431372584 ) ;
#816 = VERTEX_POINT ( 'NONE', #2008 ) ;
#817 = EDGE_CURVE ( 'NONE', #1386, #3625, #5587, .T. ) ;
#818 = SURFACE_STYLE_FILL_AREA ( #7336 ) ;
#819 =( NAMED_UNIT ( * ) SI_UNIT ( $, .STERADIAN. ) SOLID_ANGLE_UNIT ( ) );
#820 =( NAMED_UNIT ( * ) PLANE_ANGLE_UNIT ( ) SI_UNIT ( $, .RADIAN. ) );
#821 = CARTESIAN_POINT ( 'NONE',  ( 5.377250999788645672E-07, 2.961959353836933155E-07, 0.02000000000000000042 ) ) ;
#822 = AXIS2_PLACEMENT_3D ( 'NONE', #655, #3650, #2437 ) ;
#823 = VECTOR ( 'NONE', #6269, 1000.000000000000000 ) ;
#824 = UNCERTAINTY_MEASURE_WITH_UNIT (LENGTH_MEASURE( 1.000000000000000082E-05 ), #520, 'distance_accuracy_value', 'NONE');
#825 = DIRECTION ( 'NONE',  ( -1.000000000000000000, -0.000000000000000000, 0.000000000000000000 ) ) ;
#826 = DIRECTION ( 'NONE',  ( -0.000000000000000000, -0.000000000000000000, -1.000000000000000000 ) ) ;
#827 = VERTEX_POINT ( 'NONE', #7508 ) ;
#828 = EDGE_CURVE ( 'NONE', #4655, #2283, #4486, .T. ) ;
#829 = FILL_AREA_STYLE_COLOUR ( '', #557 ) ;
#830 = FILL_AREA_STYLE ('',( #943 ) ) ;
#831 = VECTOR ( 'NONE', #3603, 1000.000000000000000 ) ;
#832 =( GEOMETRIC_REPRESENTATION_CONTEXT ( 3 ) GLOBAL_UNCERTAINTY_ASSIGNED_CONTEXT ( ( #1318 ) ) GLOBAL_UNIT_ASSIGNED_CONTEXT ( ( #3227, #5093, #7442 ) ) REPRESENTATION_CONTEXT ( 'NONE', 'WORKASPACE' ) );
#833 = ORIENTED_EDGE ( 'NONE', *, *, #5836, .T. ) ;
#834 = VECTOR ( 'NONE', #4529, 1000.000000000000000 ) ;
#835 = LINE ( 'NONE', #4960, #6921 ) ;
#836 = PRESENTATION_LAYER_ASSIGNMENT (  '', '', ( #2566 ) ) ;
#837 =( GEOMETRIC_REPRESENTATION_CONTEXT ( 3 ) GLOBAL_UNCERTAINTY_ASSIGNED_CONTEXT ( ( #6649 ) ) GLOBAL_UNIT_ASSIGNED_CONTEXT ( ( #3904, #3378, #4966 ) ) REPRESENTATION_CONTEXT ( 'NONE', 'WORKASPACE' ) );
#838 = VERTEX_POINT ( 'NONE', #1660 ) ;
#839 = EDGE_CURVE ( 'NONE', #4965, #6529, #410, .T. ) ;
#840 = LINE ( 'NONE', #2620, #4310 ) ;
#841 = ORIENTED_EDGE ( 'NONE', *, *, #5377, .F. ) ;
#842 = DIRECTION ( 'NONE',  ( 0.000000000000000000, -1.000000000000000000, -0.000000000000000000 ) ) ;
#843 = STYLED_ITEM ( 'NONE', ( #4645 ), #2511 ) ;
#844 = PRESENTATION_STYLE_ASSIGNMENT (( #5159 ) ) ;
#845 = MECHANICAL_DESIGN_GEOMETRIC_PRESENTATION_REPRESENTATION (  '', ( #2704 ), #5066 ) ;
#846 = VECTOR ( 'NONE', #2446, 1000.000000000000000 ) ;
#847 = AXIS2_PLACEMENT_3D ( 'NONE', #5796, #6346, #3322 ) ;
#848 = PRESENTATION_STYLE_ASSIGNMENT (( #5134 ) ) ;
#849 =( NAMED_UNIT ( * ) SI_UNIT ( $, .STERADIAN. ) SOLID_ANGLE_UNIT ( ) );
#850 = CARTESIAN_POINT ( 'NONE',  ( 5.377251000027170150E-07, 2.961959353342540141E-07, 0.02000000000000000042 ) ) ;
#851 = ORIENTED_EDGE ( 'NONE', *, *, #5906, .F. ) ;
#852 = DIRECTION ( 'NONE',  ( 1.000000000000000000, 0.000000000000000000, 0.000000000000000000 ) ) ;
#853 = DIRECTION ( 'NONE',  ( -1.000000000000000000, 0.000000000000000000, 0.000000000000000000 ) ) ;
#854 = FILL_AREA_STYLE_COLOUR ( '', #6488 ) ;
#855 =( NAMED_UNIT ( * ) SI_UNIT ( $, .STERADIAN. ) SOLID_ANGLE_UNIT ( ) );
#856 = ORIENTED_EDGE ( 'NONE', *, *, #5395, .T. ) ;
#857 =( LENGTH_UNIT ( ) NAMED_UNIT ( * ) SI_UNIT ( .MILLI., .METRE. ) );
#858 =( GEOMETRIC_REPRESENTATION_CONTEXT ( 3 ) GLOBAL_UNCERTAINTY_ASSIGNED_CONTEXT ( ( #957 ) ) GLOBAL_UNIT_ASSIGNED_CONTEXT ( ( #7534, #5220, #4472 ) ) REPRESENTATION_CONTEXT ( 'NONE', 'WORKASPACE' ) );
#859 = FILL_AREA_STYLE_COLOUR ( '', #6205 ) ;
#860 = CARTESIAN_POINT ( 'NONE',  ( 1.000000537725070027, 1.000000296195939997, 0.2283999999999999919 ) ) ;
#861 = ORIENTED_EDGE ( 'NONE', *, *, #1601, .T. ) ;
#862 = DIRECTION ( 'NONE',  ( 0.000000000000000000, 0.000000000000000000, 1.000000000000000000 ) ) ;
#863 =( NAMED_UNIT ( * ) SI_UNIT ( $, .STERADIAN. ) SOLID_ANGLE_UNIT ( ) );
#864 = ORIENTED_EDGE ( 'NONE', *, *, #2266, .T. ) ;
#865 = PLANE ( 'NONE',  #2560 ) ;
#866 = PRESENTATION_LAYER_ASSIGNMENT (  '', '', ( #6335 ) ) ;
#867 = DIRECTION ( 'NONE',  ( -0.000000000000000000, -1.000000000000000000, 0.000000000000000000 ) ) ;
#868 =( NAMED_UNIT ( * ) PLANE_ANGLE_UNIT ( ) SI_UNIT ( $, .RADIAN. ) );
#869 =( NAMED_UNIT ( * ) SI_UNIT ( $, .STERADIAN. ) SOLID_ANGLE_UNIT ( ) );
#870 = EDGE_LOOP ( 'NONE', ( #2981, #6076, #1531, #5118, #3423, #6783 ) ) ;
#871 = FILL_AREA_STYLE_COLOUR ( '', #2258 ) ;
#872 = STYLED_ITEM ( 'NONE', ( #4254 ), #1023 ) ;
#873 = VECTOR ( 'NONE', #5117, 1000.000000000000000 ) ;
#874 = ADVANCED_FACE ( 'NONE', ( #954 ), #6905, .T. ) ;
#875 = DIRECTION ( 'NONE',  ( -0.000000000000000000, 0.000000000000000000, -1.000000000000000000 ) ) ;
#876 = DIRECTION ( 'NONE',  ( 0.000000000000000000, -0.000000000000000000, 1.000000000000000000 ) ) ;
#877 = ORIENTED_EDGE ( 'NONE', *, *, #1610, .F. ) ;
#878 = VECTOR ( 'NONE', #5433, 1000.000000000000000 ) ;
#879 =( LENGTH_UNIT ( ) NAMED_UNIT ( * ) SI_UNIT ( .MILLI., .METRE. ) );
#880 = EDGE_LOOP ( 'NONE', ( #4195, #6904, #5271, #592, #1656, #362, #684, #3943, #2490, #3198, #4322, #841 ) ) ;
#881 = CARTESIAN_POINT ( 'NONE',  ( 0.2000005377251450056, 0.8600003008975930507, 0.1000000000000000056 ) ) ;
#882 = ORIENTED_EDGE ( 'NONE', *, *, #5689, .F. ) ;
#883 = UNCERTAINTY_MEASURE_WITH_UNIT (LENGTH_MEASURE( 1.000000000000000082E-05 ), #2196, 'distance_accuracy_value', 'NONE');
#884 = LINE ( 'NONE', #2133, #1713 ) ;
#885 = PRESENTATION_LAYER_ASSIGNMENT (  '', '', ( #4343 ) ) ;
#886 = ADVANCED_FACE ( 'NONE', ( #5774 ), #5859, .T. ) ;
#887 = EDGE_CURVE ( 'NONE', #4524, #1396, #3663, .T. ) ;
#888 = CARTESIAN_POINT ( 'NONE',  ( 1.870000537724990197, 1.510000300897559988, 0.1000000000000000056 ) ) ;
#889 = DIRECTION ( 'NONE',  ( 0.000000000000000000, 0.000000000000000000, 1.000000000000000000 ) ) ;
#890 = SURFACE_STYLE_FILL_AREA ( #6800 ) ;
#891 = DIRECTION ( 'NONE',  ( 0.000000000000000000, -0.000000000000000000, -1.000000000000000000 ) ) ;
#892 = STYLED_ITEM ( 'NONE', ( #5726 ), #2955 ) ;
#893 = LINE ( 'NONE', #5169, #7634 ) ;
#894 = ORIENTED_EDGE ( 'NONE', *, *, #1785, .F. ) ;
#895 = SURFACE_STYLE_FILL_AREA ( #4984 ) ;
#896 =( NAMED_UNIT ( * ) PLANE_ANGLE_UNIT ( ) SI_UNIT ( $, .RADIAN. ) );
#897 = ORIENTED_EDGE ( 'NONE', *, *, #3826, .T. ) ;
#898 = CARTESIAN_POINT ( 'NONE',  ( 1.290000537725060070, 0.3100002961958809311, 0.1000000000000000056 ) ) ;
#899 = FILL_AREA_STYLE ('',( #5022 ) ) ;
#900 = ORIENTED_EDGE ( 'NONE', *, *, #22, .F. ) ;
#901 = AXIS2_PLACEMENT_3D ( 'NONE', #2637, #2517, #1101 ) ;
#902 = CARTESIAN_POINT ( 'NONE',  ( 1.970000533023269940, 1.060000296195650060, 0.2030000000000000415 ) ) ;
#903 = DIRECTION ( 'NONE',  ( 0.000000000000000000, 0.000000000000000000, 1.000000000000000000 ) ) ;
#904 = UNCERTAINTY_MEASURE_WITH_UNIT (LENGTH_MEASURE( 1.000000000000000082E-05 ), #1761, 'distance_accuracy_value', 'NONE');
#905 =( NAMED_UNIT ( * ) PLANE_ANGLE_UNIT ( ) SI_UNIT ( $, .RADIAN. ) );
#906 = VECTOR ( 'NONE', #6135, 1000.000000000000000 ) ;
#907 = ORIENTED_EDGE ( 'NONE', *, *, #2980, .F. ) ;
#908 = COLOUR_RGB ( '',0.7490196078431372584, 0.7490196078431372584, 0.7490196078431372584 ) ;
#909 = STYLED_ITEM ( 'NONE', ( #2545 ), #3320 ) ;
#910 = EDGE_CURVE ( 'NONE', #6536, #6625, #1811, .T. ) ;
#911 = DIRECTION ( 'NONE',  ( 0.000000000000000000, -1.000000000000000000, -0.000000000000000000 ) ) ;
#912 = SURFACE_SIDE_STYLE ('',( #4401 ) ) ;
#913 = VERTEX_POINT ( 'NONE', #5899 ) ;
#914 = MECHANICAL_DESIGN_GEOMETRIC_PRESENTATION_REPRESENTATION (  '', ( #420 ), #1665 ) ;
#915 =( LENGTH_UNIT ( ) NAMED_UNIT ( * ) SI_UNIT ( .MILLI., .METRE. ) );
#916 = ORIENTED_EDGE ( 'NONE', *, *, #159, .T. ) ;
#917 = DIRECTION ( 'NONE',  ( 0.000000000000000000, -0.000000000000000000, -1.000000000000000000 ) ) ;
#918 = CARTESIAN_POINT ( 'NONE',  ( 0.3100005377250449889, 0.8000003025424580194, 0.1000000000000000056 ) ) ;
#919 = VECTOR ( 'NONE', #4914, 1000.000000000000000 ) ;
#920 = SURFACE_SIDE_STYLE ('',( #5005 ) ) ;
#921 = ORIENTED_EDGE ( 'NONE', *, *, #6023, .T. ) ;
#922 = PRESENTATION_LAYER_ASSIGNMENT (  '', '', ( #1672 ) ) ;
#923 = SURFACE_SIDE_STYLE ('',( #6836 ) ) ;
#924 = CARTESIAN_POINT ( 'NONE',  ( 0.03000054242693269216, 0.2900002961956720249, 0.2030000000000000415 ) ) ;
#925 = PLANE ( 'NONE',  #4635 ) ;
#926 = CIRCLE ( 'NONE', #5030, 0.1000000000000000472 ) ;
#927 = ADVANCED_FACE ( 'NONE', ( #4722 ), #1222, .T. ) ;
#928 = CARTESIAN_POINT ( 'NONE',  ( 1.400000537725190064, 1.850000296195840166, 0.1000000000000000056 ) ) ;
#929 = ORIENTED_EDGE ( 'NONE', *, *, #5372, .T. ) ;
#930 = DIRECTION ( 'NONE',  ( 0.000000000000000000, -0.000000000000000000, -1.000000000000000000 ) ) ;
#931 = PLANE ( 'NONE',  #6330 ) ;
#932 = VERTEX_POINT ( 'NONE', #3014 ) ;
#933 = FILL_AREA_STYLE ('',( #5173 ) ) ;
#934 = CARTESIAN_POINT ( 'NONE',  ( 2.000000537725100003, 0.2100003008975906693, 0.000000000000000000 ) ) ;
#935 = EDGE_CURVE ( 'NONE', #499, #4157, #7152, .T. ) ;
#936 = VECTOR ( 'NONE', #1540, 1000.000000000000000 ) ;
#937 = SURFACE_STYLE_FILL_AREA ( #6277 ) ;
#938 =( LENGTH_UNIT ( ) NAMED_UNIT ( * ) SI_UNIT ( .MILLI., .METRE. ) );
#939 = SURFACE_STYLE_USAGE ( .BOTH. , #244 ) ;
#940 =( NAMED_UNIT ( * ) SI_UNIT ( $, .STERADIAN. ) SOLID_ANGLE_UNIT ( ) );
#941 = CARTESIAN_POINT ( 'NONE',  ( 1.970000533023269940, 1.590000296195630103, 0.1000000000000000056 ) ) ;
#942 = EDGE_LOOP ( 'NONE', ( #6633, #6246, #4336, #5584, #1795, #6599 ) ) ;
#943 = FILL_AREA_STYLE_COLOUR ( '', #4136 ) ;
#944 = MECHANICAL_DESIGN_GEOMETRIC_PRESENTATION_REPRESENTATION (  '', ( #1447 ), #4538 ) ;
#945 = SURFACE_STYLE_FILL_AREA ( #7307 ) ;
#946 = MECHANICAL_DESIGN_GEOMETRIC_PRESENTATION_REPRESENTATION (  '', ( #563 ), #6301 ) ;
#947 = STYLED_ITEM ( 'NONE', ( #6918 ), #3944 ) ;
#948 = PRESENTATION_STYLE_ASSIGNMENT (( #1027 ) ) ;
#949 =( NAMED_UNIT ( * ) SI_UNIT ( $, .STERADIAN. ) SOLID_ANGLE_UNIT ( ) );
#950 = ORIENTED_EDGE ( 'NONE', *, *, #5679, .T. ) ;
#951 = VERTEX_POINT ( 'NONE', #1260 ) ;
#952 = EDGE_CURVE ( 'NONE', #2348, #5464, #510, .T. ) ;
#953 = STYLED_ITEM ( 'NONE', ( #616 ), #5415 ) ;
#954 = FACE_OUTER_BOUND ( 'NONE', #7471, .T. ) ;
#955 =( GEOMETRIC_REPRESENTATION_CONTEXT ( 3 ) GLOBAL_UNCERTAINTY_ASSIGNED_CONTEXT ( ( #1069 ) ) GLOBAL_UNIT_ASSIGNED_CONTEXT ( ( #300, #3794, #5596 ) ) REPRESENTATION_CONTEXT ( 'NONE', 'WORKASPACE' ) );
#956 = ORIENTED_EDGE ( 'NONE', *, *, #1828, .F. ) ;
#957 = UNCERTAINTY_MEASURE_WITH_UNIT (LENGTH_MEASURE( 1.000000000000000082E-05 ), #7534, 'distance_accuracy_value', 'NONE');
#958 = DIRECTION ( 'NONE',  ( -0.000000000000000000, -1.000000000000000000, 0.000000000000000000 ) ) ;
#959 = STYLED_ITEM ( 'NONE', ( #6751 ), #5513 ) ;
#960 = PRESENTATION_LAYER_ASSIGNMENT (  '', '', ( #2323 ) ) ;
#962 = COLOUR_RGB ( '',0.7490196078431372584, 0.7490196078431372584, 0.7490196078431372584 ) ;
#961 = DIRECTION ( 'NONE',  ( -1.000000000000000000, -0.000000000000000000, 0.000000000000000000 ) ) ;
#963 = SURFACE_SIDE_STYLE ('',( #4494 ) ) ;
#964 = CARTESIAN_POINT ( 'NONE',  ( 0.2000005377251450334, 1.610000300897580283, 0.000000000000000000 ) ) ;
#965 = ORIENTED_EDGE ( 'NONE', *, *, #2309, .F. ) ;
#966 = AXIS2_PLACEMENT_3D ( 'NONE', #4768, #6054, #3714 ) ;
#967 = CARTESIAN_POINT ( 'NONE',  ( 1.800000537725050309, 0.2100003008976280006, 0.000000000000000000 ) ) ;
#968 = PLANE ( 'NONE',  #6856 ) ;
#969 = PRESENTATION_STYLE_ASSIGNMENT (( #5600 ) ) ;
#970 = VECTOR ( 'NONE', #212, 1000.000000000000000 ) ;
#971 = STYLED_ITEM ( 'NONE', ( #3936 ), #5053 ) ;
#972 = FILL_AREA_STYLE_COLOUR ( '', #5178 ) ;
#973 = COLOUR_RGB ( '',0.7490196078431372584, 0.7490196078431372584, 0.7490196078431372584 ) ;
#974 = EDGE_CURVE ( 'NONE', #2458, #5623, #5412, .T. ) ;
#975 = VECTOR ( 'NONE', #4091, 1000.000000000000000 ) ;
#976 = PRESENTATION_STYLE_ASSIGNMENT (( #5107 ) ) ;
#977 = VERTEX_POINT ( 'NONE', #4842 ) ;
#978 = CARTESIAN_POINT ( 'NONE',  ( 0.7100005377251360494, 0.3100002961958809311, 0.1000000000000000056 ) ) ;
#979 = CIRCLE ( 'NONE', #4697, 0.1000000000000000472 ) ;
#980 =( NAMED_UNIT ( * ) PLANE_ANGLE_UNIT ( ) SI_UNIT ( $, .RADIAN. ) );
#981 = EDGE_CURVE ( 'NONE', #5240, #4021, #4236, .T. ) ;
#982 =( NAMED_UNIT ( * ) PLANE_ANGLE_UNIT ( ) SI_UNIT ( $, .RADIAN. ) );
#983 = PRESENTATION_STYLE_ASSIGNMENT (( #3888 ) ) ;
#984 =( NAMED_UNIT ( * ) PLANE_ANGLE_UNIT ( ) SI_UNIT ( $, .RADIAN. ) );
#985 = CARTESIAN_POINT ( 'NONE',  ( 0.1100005377252279981, 0.4900002914941979926, 0.2030000000000000415 ) ) ;
#986 = CARTESIAN_POINT ( 'NONE',  ( 1.870000537724990197, 1.790000291494149964, 0.1000000000000000056 ) ) ;
#987 = PRESENTATION_LAYER_ASSIGNMENT (  '', '', ( #6946 ) ) ;
#988 = ORIENTED_EDGE ( 'NONE', *, *, #475, .F. ) ;
#989 = FILL_AREA_STYLE_COLOUR ( '', #2142 ) ;
#990 = MECHANICAL_DESIGN_GEOMETRIC_PRESENTATION_REPRESENTATION (  '', ( #3099 ), #6454 ) ;
#991 =( NAMED_UNIT ( * ) SI_UNIT ( $, .STERADIAN. ) SOLID_ANGLE_UNIT ( ) );
#992 =( LENGTH_UNIT ( ) NAMED_UNIT ( * ) SI_UNIT ( .MILLI., .METRE. ) );
#993 = FACE_OUTER_BOUND ( 'NONE', #1154, .T. ) ;
#994 = VERTEX_POINT ( 'NONE', #127 ) ;
#995 = COLOUR_RGB ( '',0.2509803921568627416, 0.2509803921568627416, 0.2509803921568627416 ) ;
#996 = DIRECTION ( 'NONE',  ( 0.000000000000000000, 0.000000000000000000, 1.000000000000000000 ) ) ;
#997 = ORIENTED_EDGE ( 'NONE', *, *, #509, .F. ) ;
#998 = FACE_OUTER_BOUND ( 'NONE', #784, .T. ) ;
#999 = PLANE ( 'NONE',  #2700 ) ;
#1000 = LINE ( 'NONE', #2170, #4813 ) ;
#1001 = VECTOR ( 'NONE', #6990, 1000.000000000000000 ) ;
#1002 = DIRECTION ( 'NONE',  ( -0.000000000000000000, -0.000000000000000000, -1.000000000000000000 ) ) ;
#1003 = DIRECTION ( 'NONE',  ( 1.000000000000000000, 0.000000000000000000, 0.000000000000000000 ) ) ;
#1004 = CARTESIAN_POINT ( 'NONE',  ( 0.1100005377248859939, 1.510000300897559988, 0.1000000000000000056 ) ) ;
#1005 = CARTESIAN_POINT ( 'NONE',  ( 1.800000537725050309, 0.3900002914941749776, 0.000000000000000000 ) ) ;
#1006 = VECTOR ( 'NONE', #3838, 1000.000000000000000 ) ;
#1007 = DIRECTION ( 'NONE',  ( 0.000000000000000000, 0.000000000000000000, 1.000000000000000000 ) ) ;
#1008 = SURFACE_STYLE_USAGE ( .BOTH. , #3418 ) ;
#1009 = FILL_AREA_STYLE ('',( #5209 ) ) ;
#1010 = FILL_AREA_STYLE_COLOUR ( '', #3991 ) ;
#1011 = ORIENTED_EDGE ( 'NONE', *, *, #3071, .F. ) ;
#1012 = CARTESIAN_POINT ( 'NONE',  ( 0.6000005377252359828, 0.1500002961959130132, 0.1000000000000000056 ) ) ;
#1013 = DIRECTION ( 'NONE',  ( 0.000000000000000000, 0.000000000000000000, 1.000000000000000000 ) ) ;
#1014 = STYLED_ITEM ( 'NONE', ( #4702 ), #2527 ) ;
#1015 = ORIENTED_EDGE ( 'NONE', *, *, #1496, .T. ) ;
#1016 = EDGE_CURVE ( 'NONE', #5512, #3315, #2492, .T. ) ;
#1017 = VECTOR ( 'NONE', #7572, 1000.000000000000000 ) ;
#1018 = SURFACE_SIDE_STYLE ('',( #3971 ) ) ;
#1019 = SURFACE_STYLE_FILL_AREA ( #5884 ) ;
#1020 = DIRECTION ( 'NONE',  ( 1.000000000000000000, 0.000000000000000000, 0.000000000000000000 ) ) ;
#1021 = PRESENTATION_STYLE_ASSIGNMENT (( #4007 ) ) ;
#1022 = ORIENTED_EDGE ( 'NONE', *, *, #6993, .F. ) ;
#1023 = ADVANCED_FACE ( 'NONE', ( #3092 ), #6682, .F. ) ;
#1024 = CARTESIAN_POINT ( 'NONE',  ( 1.970000533023269940, 1.710000296195629987, 0.2030000000000000415 ) ) ;
#1025 = SURFACE_SIDE_STYLE ('',( #3976 ) ) ;
#1026 = STYLED_ITEM ( 'NONE', ( #1021 ), #2922 ) ;
#1027 = SURFACE_STYLE_USAGE ( .BOTH. , #4636 ) ;
#1028 = DIRECTION ( 'NONE',  ( -0.000000000000000000, 0.000000000000000000, -1.000000000000000000 ) ) ;
#1029 =( GEOMETRIC_REPRESENTATION_CONTEXT ( 3 ) GLOBAL_UNCERTAINTY_ASSIGNED_CONTEXT ( ( #3252 ) ) GLOBAL_UNIT_ASSIGNED_CONTEXT ( ( #5530, #6738, #209 ) ) REPRESENTATION_CONTEXT ( 'NONE', 'WORKASPACE' ) );
#1030 = ORIENTED_EDGE ( 'NONE', *, *, #1960, .F. ) ;
#1031 = VERTEX_POINT ( 'NONE', #105 ) ;
#1032 = EDGE_CURVE ( 'NONE', #3020, #4841, #2431, .T. ) ;
#1033 = UNCERTAINTY_MEASURE_WITH_UNIT (LENGTH_MEASURE( 1.000000000000000082E-05 ), #2530, 'distance_accuracy_value', 'NONE');
#1034 =( NAMED_UNIT ( * ) SI_UNIT ( $, .STERADIAN. ) SOLID_ANGLE_UNIT ( ) );
#1035 = SURFACE_STYLE_USAGE ( .BOTH. , #7478 ) ;
#1036 = PLANE ( 'NONE',  #5806 ) ;
#1037 = DIRECTION ( 'NONE',  ( 1.000000000000000000, 4.336808689942016947E-15, 0.000000000000000000 ) ) ;
#1038 = DIRECTION ( 'NONE',  ( -0.000000000000000000, 1.000000000000000000, 0.000000000000000000 ) ) ;
#1039 = DIRECTION ( 'NONE',  ( 1.000000000000000000, 0.000000000000000000, 0.000000000000000000 ) ) ;
#1040 = ORIENTED_EDGE ( 'NONE', *, *, #3165, .F. ) ;
#1041 = SURFACE_SIDE_STYLE ('',( #1786 ) ) ;
#1042 = SURFACE_SIDE_STYLE ('',( #6375 ) ) ;
#1043 = MECHANICAL_DESIGN_GEOMETRIC_PRESENTATION_REPRESENTATION (  '', ( #4139 ), #2041 ) ;
#1044 = ORIENTED_EDGE ( 'NONE', *, *, #3026, .T. ) ;
#1045 = CARTESIAN_POINT ( 'NONE',  ( 5.377251000090868086E-07, 0.4100002961956760728, 0.1000000000000000056 ) ) ;
#1046 = LINE ( 'NONE', #4544, #7448 ) ;
#1047 = EDGE_CURVE ( 'NONE', #2390, #6272, #3602, .T. ) ;
#1048 = CARTESIAN_POINT ( 'NONE',  ( 1.690000537725149909, 1.450000302542429953, 0.1000000000000000056 ) ) ;
#1049 = ORIENTED_EDGE ( 'NONE', *, *, #3230, .F. ) ;
#1050 = CARTESIAN_POINT ( 'NONE',  ( 1.000000537725100003, 2.961959354001730826E-07, 0.02000000000000000042 ) ) ;
#1051 =( LENGTH_UNIT ( ) NAMED_UNIT ( * ) SI_UNIT ( .MILLI., .METRE. ) );
#1052 = ADVANCED_FACE ( 'NONE', ( #570 ), #2360, .T. ) ;
#1053 = SURFACE_STYLE_USAGE ( .BOTH. , #534 ) ;
#1054 = LINE ( 'NONE', #986, #492 ) ;
#1055 = STYLED_ITEM ( 'NONE', ( #1817 ), #1756 ) ;
#1056 = EDGE_LOOP ( 'NONE', ( #4566, #7165, #384, #4874 ) ) ;
#1057 = CARTESIAN_POINT ( 'NONE',  ( 1.890000537724969787, 1.140000291494179807, 0.1000000000000000056 ) ) ;
#1058 = FILL_AREA_STYLE_COLOUR ( '', #3213 ) ;
#1059 = MECHANICAL_DESIGN_GEOMETRIC_PRESENTATION_REPRESENTATION (  '', ( #4531 ), #7626 ) ;
#1060 = FILL_AREA_STYLE_COLOUR ( '', #3211 ) ;
#1061 = EDGE_CURVE ( 'NONE', #5436, #4189, #5956, .T. ) ;
#1062 = CARTESIAN_POINT ( 'NONE',  ( 0.6000005377252359828, 2.000000296195940219, 0.1000000000000000056 ) ) ;
#1063 = ORIENTED_EDGE ( 'NONE', *, *, #981, .F. ) ;
#1064 = PLANE ( 'NONE',  #6429 ) ;
#1065 = VERTEX_POINT ( 'NONE', #1832 ) ;
#1066 = COLOUR_RGB ( '',0.7490196078431372584, 0.7490196078431372584, 0.7490196078431372584 ) ;
#1067 = PLANE ( 'NONE',  #3406 ) ;
#1068 = CARTESIAN_POINT ( 'NONE',  ( 0.1300005377252090033, 1.200000289965710287, 0.2030000000000000415 ) ) ;
#1069 = UNCERTAINTY_MEASURE_WITH_UNIT (LENGTH_MEASURE( 1.000000000000000082E-05 ), #300, 'distance_accuracy_value', 'NONE');
#1070 = LINE ( 'NONE', #3454, #225 ) ;
#1071 = EDGE_CURVE ( 'NONE', #2744, #4961, #3248, .T. ) ;
#1072 = PRESENTATION_LAYER_ASSIGNMENT (  '', '', ( #7660 ) ) ;
#1073 =( LENGTH_UNIT ( ) NAMED_UNIT ( * ) SI_UNIT ( .MILLI., .METRE. ) );
#1074 = MECHANICAL_DESIGN_GEOMETRIC_PRESENTATION_REPRESENTATION (  '', ( #5801 ), #1319 ) ;
#1075 = CARTESIAN_POINT ( 'NONE',  ( 5.377251000056986768E-07, 1.060000296195650060, 0.2030000000000000415 ) ) ;
#1076 = EDGE_LOOP ( 'NONE', ( #5700, #2037, #6699, #6831, #5597, #2007 ) ) ;
#1077 =( NAMED_UNIT ( * ) PLANE_ANGLE_UNIT ( ) SI_UNIT ( $, .RADIAN. ) );
#1078 = SURFACE_STYLE_USAGE ( .BOTH. , #7484 ) ;
#1079 =( NAMED_UNIT ( * ) PLANE_ANGLE_UNIT ( ) SI_UNIT ( $, .RADIAN. ) );
#1080 = ORIENTED_EDGE ( 'NONE', *, *, #1610, .T. ) ;
#1081 = DIRECTION ( 'NONE',  ( 0.000000000000000000, -1.000000000000000000, 0.000000000000000000 ) ) ;
#1082 = MECHANICAL_DESIGN_GEOMETRIC_PRESENTATION_REPRESENTATION (  '', ( #573 ), #1712 ) ;
#1083 = AXIS2_PLACEMENT_3D ( 'NONE', #7064, #4169, #4070 ) ;
#1084 = STYLED_ITEM ( 'NONE', ( #2778 ), #4243 ) ;
#1085 = DIRECTION ( 'NONE',  ( -0.000000000000000000, -0.000000000000000000, -1.000000000000000000 ) ) ;
#1086 = SURFACE_STYLE_USAGE ( .BOTH. , #4028 ) ;
#1087 = ORIENTED_EDGE ( 'NONE', *, *, #5592, .F. ) ;
#1088 = CARTESIAN_POINT ( 'NONE',  ( 1.284999967722169956, 0.7025008911961240221, 0.4062000000000000055 ) ) ;
#1089 = STYLED_ITEM ( 'NONE', ( #599 ), #5770 ) ;
#1090 = UNCERTAINTY_MEASURE_WITH_UNIT (LENGTH_MEASURE( 1.000000000000000082E-05 ), #2249, 'distance_accuracy_value', 'NONE');
#1091 = PRESENTATION_LAYER_ASSIGNMENT (  '', '', ( #1327 ) ) ;
#1092 = CARTESIAN_POINT ( 'NONE',  ( 5.377251000092223339E-07, 2.000000296195940219, 0.02000000000000000042 ) ) ;
#1093 = ORIENTED_EDGE ( 'NONE', *, *, #6210, .F. ) ;
#1094 = AXIS2_PLACEMENT_3D ( 'NONE', #4990, #318, #5523 ) ;
#1095 = VECTOR ( 'NONE', #3173, 1000.000000000000000 ) ;
#1096 =( LENGTH_UNIT ( ) NAMED_UNIT ( * ) SI_UNIT ( .MILLI., .METRE. ) );
#1097 = PRESENTATION_STYLE_ASSIGNMENT (( #2887 ) ) ;
#1098 = PLANE ( 'NONE',  #7460 ) ;
#1099 = PLANE ( 'NONE',  #4404 ) ;
#1100 = CARTESIAN_POINT ( 'NONE',  ( 1.870000537724990197, 1.850000289965689992, 0.1000000000000000056 ) ) ;
#1101 = DIRECTION ( 'NONE',  ( 0.000000000000000000, -0.000000000000000000, 1.000000000000000000 ) ) ;
#1102 = EDGE_LOOP ( 'NONE', ( #2605, #3056, #2841, #1551 ) ) ;
#1103 = STYLED_ITEM ( 'NONE', ( #7646 ), #6304 ) ;
#1104 = DIRECTION ( 'NONE',  ( 1.000000000000000000, 0.000000000000000000, -0.000000000000000000 ) ) ;
#1105 = DIRECTION ( 'NONE',  ( 1.000000000000000000, 0.000000000000000000, -0.000000000000000000 ) ) ;
#1106 = CIRCLE ( 'NONE', #3090, 0.1000000000000000472 ) ;
#1107 = EDGE_CURVE ( 'NONE', #3033, #153, #3876, .T. ) ;
#1108 = DIRECTION ( 'NONE',  ( -0.000000000000000000, -0.000000000000000000, -1.000000000000000000 ) ) ;
#1109 = DIRECTION ( 'NONE',  ( 1.000000000000000000, 0.000000000000000000, 0.000000000000000000 ) ) ;
#1110 = VERTEX_POINT ( 'NONE', #3237 ) ;
#1111 = ORIENTED_EDGE ( 'NONE', *, *, #3461, .T. ) ;
#1112 = LINE ( 'NONE', #511, #3318 ) ;
#1113 = FILL_AREA_STYLE ('',( #1742 ) ) ;
#1114 = VECTOR ( 'NONE', #5718, 1000.000000000000000 ) ;
#1115 = EDGE_CURVE ( 'NONE', #1567, #6595, #5599, .T. ) ;
#1116 = PRESENTATION_STYLE_ASSIGNMENT (( #6975 ) ) ;
#1117 = CARTESIAN_POINT ( 'NONE',  ( 0.7150011077279719851, 1.297499701195750088, 0.2030000000000000415 ) ) ;
#1118 = CARTESIAN_POINT ( 'NONE',  ( 1.800000537725050309, 0.3900002914941749776, 0.1000000000000000056 ) ) ;
#1119 = SURFACE_STYLE_FILL_AREA ( #7552 ) ;
#1120 = SURFACE_STYLE_USAGE ( .BOTH. , #5204 ) ;
#1121 =( NAMED_UNIT ( * ) SI_UNIT ( $, .STERADIAN. ) SOLID_ANGLE_UNIT ( ) );
#1122 = ORIENTED_EDGE ( 'NONE', *, *, #5868, .F. ) ;
#1123 = DIRECTION ( 'NONE',  ( 0.000000000000000000, 0.000000000000000000, 1.000000000000000000 ) ) ;
#1124 =( NAMED_UNIT ( * ) PLANE_ANGLE_UNIT ( ) SI_UNIT ( $, .RADIAN. ) );
#1125 = EDGE_CURVE ( 'NONE', #2047, #4588, #4977, .T. ) ;
#1126 = CARTESIAN_POINT ( 'NONE',  ( 1.873321717579730095, 0.4900002914941979926, 0.1000000000000000056 ) ) ;
#1127 =( GEOMETRIC_REPRESENTATION_CONTEXT ( 3 ) GLOBAL_UNCERTAINTY_ASSIGNED_CONTEXT ( ( #3524 ) ) GLOBAL_UNIT_ASSIGNED_CONTEXT ( ( #2927, #1912, #1801 ) ) REPRESENTATION_CONTEXT ( 'NONE', 'WORKASPACE' ) );
#1128 = UNCERTAINTY_MEASURE_WITH_UNIT (LENGTH_MEASURE( 1.000000000000000082E-05 ), #2508, 'distance_accuracy_value', 'NONE');
#1129 = PRESENTATION_STYLE_ASSIGNMENT (( #6526 ) ) ;
#1130 = DIRECTION ( 'NONE',  ( 1.000000000000000000, 0.000000000000000000, -0.000000000000000000 ) ) ;
#1131 = VERTEX_POINT ( 'NONE', #3186 ) ;
#1132 = LINE ( 'NONE', #7024, #7685 ) ;
#1133 = FILL_AREA_STYLE ('',( #4113 ) ) ;
#1134 = EDGE_LOOP ( 'NONE', ( #3825, #3028, #2338, #7263 ) ) ;
#1135 = EDGE_CURVE ( 'NONE', #2613, #6959, #7408, .T. ) ;
#1136 = FACE_OUTER_BOUND ( 'NONE', #4761, .T. ) ;
#1137 =( GEOMETRIC_REPRESENTATION_CONTEXT ( 3 ) GLOBAL_UNCERTAINTY_ASSIGNED_CONTEXT ( ( #1128 ) ) GLOBAL_UNIT_ASSIGNED_CONTEXT ( ( #2508, #6756, #6067 ) ) REPRESENTATION_CONTEXT ( 'NONE', 'WORKASPACE' ) );
#1138 = UNCERTAINTY_MEASURE_WITH_UNIT (LENGTH_MEASURE( 1.000000000000000082E-05 ), #3088, 'distance_accuracy_value', 'NONE');
#1139 = LINE ( 'NONE', #3536, #1970 ) ;
#1140 = DIRECTION ( 'NONE',  ( -1.000000000000000000, -0.000000000000000000, 0.000000000000000000 ) ) ;
#1141 = SURFACE_SIDE_STYLE ('',( #4251 ) ) ;
#1142 = CARTESIAN_POINT ( 'NONE',  ( 1.818786731054929939, 0.1500003025424800074, 0.2030000000000000415 ) ) ;
#1143 = CARTESIAN_POINT ( 'NONE',  ( 0.3000005377251460104, 1.040000291494149964, 0.000000000000000000 ) ) ;
#1144 = ORIENTED_EDGE ( 'NONE', *, *, #3017, .T. ) ;
#1145 = FACE_OUTER_BOUND ( 'NONE', #4817, .T. ) ;
#1146 = SURFACE_STYLE_USAGE ( .BOTH. , #2271 ) ;
#1147 = FILL_AREA_STYLE ('',( #2895 ) ) ;
#1148 = MECHANICAL_DESIGN_GEOMETRIC_PRESENTATION_REPRESENTATION (  '', ( #2494 ), #3616 ) ;
#1149 = FACE_OUTER_BOUND ( 'NONE', #7275, .T. ) ;
#1150 = SURFACE_SIDE_STYLE ('',( #5451 ) ) ;
#1151 = CARTESIAN_POINT ( 'NONE',  ( 0.03000054242693268522, 0.2900002961956720249, 0.1000000000000000056 ) ) ;
#1152 = ORIENTED_EDGE ( 'NONE', *, *, #5669, .T. ) ;
#1153 =( LENGTH_UNIT ( ) NAMED_UNIT ( * ) SI_UNIT ( .MILLI., .METRE. ) );
#1154 = EDGE_LOOP ( 'NONE', ( #894, #4849, #7253, #1561 ) ) ;
#1155 = DIRECTION ( 'NONE',  ( -1.000000000000000000, -0.000000000000000000, -0.000000000000000000 ) ) ;
#1156 = ADVANCED_FACE ( 'NONE', ( #6227 ), #925, .T. ) ;
#1157 = FILL_AREA_STYLE ('',( #5235 ) ) ;
#1158 = PRESENTATION_LAYER_ASSIGNMENT (  '', '', ( #7211 ) ) ;
#1159 = UNCERTAINTY_MEASURE_WITH_UNIT (LENGTH_MEASURE( 1.000000000000000082E-05 ), #2402, 'distance_accuracy_value', 'NONE');
#1160 = CARTESIAN_POINT ( 'NONE',  ( 2.000000537725100003, 1.710000296195629987, 0.2030000000000000415 ) ) ;
#1161 = SURFACE_STYLE_USAGE ( .BOTH. , #4732 ) ;
#1162 =( NAMED_UNIT ( * ) PLANE_ANGLE_UNIT ( ) SI_UNIT ( $, .RADIAN. ) );
#1163 = EDGE_CURVE ( 'NONE', #2856, #81, #3312, .T. ) ;
#1164 = VERTEX_POINT ( 'NONE', #5048 ) ;
#1165 = VECTOR ( 'NONE', #5526, 1000.000000000000000 ) ;
#1166 = EDGE_LOOP ( 'NONE', ( #4033, #5453, #6393, #3685 ) ) ;
#1167 = PRESENTATION_LAYER_ASSIGNMENT (  '', '', ( #909 ) ) ;
#1168 = CARTESIAN_POINT ( 'NONE',  ( 1.400000537725190064, 2.961959353701407883E-07, 0.1000000000000000056 ) ) ;
#1169 = DIRECTION ( 'NONE',  ( 1.000000000000000000, 0.000000000000000000, -0.000000000000000000 ) ) ;
#1170 = ADVANCED_FACE ( 'NONE', ( #5673 ), #4498, .T. ) ;
#1171 = ORIENTED_EDGE ( 'NONE', *, *, #1451, .F. ) ;
#1172 = DIRECTION ( 'NONE',  ( 0.000000000000000000, -0.000000000000000000, -1.000000000000000000 ) ) ;
#1173 = LINE ( 'NONE', #4178, #669 ) ;
#1174 = VERTEX_POINT ( 'NONE', #517 ) ;
#1175 = PRESENTATION_STYLE_ASSIGNMENT (( #4624 ) ) ;
#1176 = AXIS2_PLACEMENT_3D ( 'NONE', #4471, #3501, #2331 ) ;
#1177 = LINE ( 'NONE', #1798, #6940 ) ;
#1178 =( GEOMETRIC_REPRESENTATION_CONTEXT ( 3 ) GLOBAL_UNCERTAINTY_ASSIGNED_CONTEXT ( ( #2944 ) ) GLOBAL_UNIT_ASSIGNED_CONTEXT ( ( #6915, #5711, #453 ) ) REPRESENTATION_CONTEXT ( 'NONE', 'WORKASPACE' ) );
#1179 = EDGE_CURVE ( 'NONE', #58, #711, #793, .T. ) ;
#1180 = DIRECTION ( 'NONE',  ( 0.000000000000000000, 1.000000000000000000, 0.000000000000000000 ) ) ;
#1181 = EDGE_LOOP ( 'NONE', ( #7028, #1705, #3447, #5695 ) ) ;
#1182 = DIRECTION ( 'NONE',  ( 0.000000000000000000, -0.000000000000000000, -1.000000000000000000 ) ) ;
#1183 = MECHANICAL_DESIGN_GEOMETRIC_PRESENTATION_REPRESENTATION (  '', ( #180 ), #4395 ) ;
#1184 = DIRECTION ( 'NONE',  ( 1.000000000000000000, 0.000000000000000000, 0.000000000000000000 ) ) ;
#1185 = STYLED_ITEM ( 'NONE', ( #3652 ), #1250 ) ;
#1186 = ORIENTED_EDGE ( 'NONE', *, *, #4363, .T. ) ;
#1187 = VECTOR ( 'NONE', #5414, 1000.000000000000000 ) ;
#1188 =( NAMED_UNIT ( * ) SI_UNIT ( $, .STERADIAN. ) SOLID_ANGLE_UNIT ( ) );
#1189 = LINE ( 'NONE', #3551, #2935 ) ;
#1190 =( NAMED_UNIT ( * ) PLANE_ANGLE_UNIT ( ) SI_UNIT ( $, .RADIAN. ) );
#1191 = SURFACE_STYLE_FILL_AREA ( #5983 ) ;
#1192 = CARTESIAN_POINT ( 'NONE',  ( 1.870000537724990197, 0.2100003008976049912, 0.1000000000000000056 ) ) ;
#1193 = PRESENTATION_STYLE_ASSIGNMENT (( #1866 ) ) ;
#1194 = CYLINDRICAL_SURFACE ( 'NONE', #2032, 0.1000000000000000194 ) ;
#1195 = VECTOR ( 'NONE', #2768, 1000.000000000000000 ) ;
#1196 = MECHANICAL_DESIGN_GEOMETRIC_PRESENTATION_REPRESENTATION (  '', ( #1584 ), #5925 ) ;
#1197 = LINE ( 'NONE', #2959, #3231 ) ;
#1198 = FILL_AREA_STYLE ('',( #7491 ) ) ;
#1199 = VERTEX_POINT ( 'NONE', #6369 ) ;
#1200 =( LENGTH_UNIT ( ) NAMED_UNIT ( * ) SI_UNIT ( .MILLI., .METRE. ) );
#1201 =( NAMED_UNIT ( * ) SI_UNIT ( $, .STERADIAN. ) SOLID_ANGLE_UNIT ( ) );
#1202 = CARTESIAN_POINT ( 'NONE',  ( 0.3000005377251450112, 1.610000300897580283, 0.000000000000000000 ) ) ;
#1203 = STYLED_ITEM ( 'NONE', ( #3760 ), #5259 ) ;
#1204 = ORIENTED_EDGE ( 'NONE', *, *, #5207, .F. ) ;
#1205 = COLOUR_RGB ( '',0.7490196078431372584, 0.7490196078431372584, 0.7490196078431372584 ) ;
#1206 = ADVANCED_FACE ( 'NONE', ( #3955 ), #6340, .T. ) ;
#1207 = SURFACE_SIDE_STYLE ('',( #5252 ) ) ;
#1208 = MECHANICAL_DESIGN_GEOMETRIC_PRESENTATION_REPRESENTATION (  '', ( #5804 ), #6661 ) ;
#1209 = CARTESIAN_POINT ( 'NONE',  ( 1.700000537725049998, 1.610000300897524994, 0.000000000000000000 ) ) ;
#1210 =( GEOMETRIC_REPRESENTATION_CONTEXT ( 3 ) GLOBAL_UNCERTAINTY_ASSIGNED_CONTEXT ( ( #1594 ) ) GLOBAL_UNIT_ASSIGNED_CONTEXT ( ( #1744, #3984, #4100 ) ) REPRESENTATION_CONTEXT ( 'NONE', 'WORKASPACE' ) );
#1211 = SURFACE_STYLE_FILL_AREA ( #6571 ) ;
#1212 = MECHANICAL_DESIGN_GEOMETRIC_PRESENTATION_REPRESENTATION (  '', ( #3465 ), #2716 ) ;
#1213 = ORIENTED_EDGE ( 'NONE', *, *, #4994, .F. ) ;
#1214 = LINE ( 'NONE', #3507, #3641 ) ;
#1215 = CARTESIAN_POINT ( 'NONE',  ( 0.1300005377252090033, 1.140000291494180029, 0.1000000000000000056 ) ) ;
#1216 = STYLED_ITEM ( 'NONE', ( #285 ), #5930 ) ;
#1217 = PRESENTATION_LAYER_ASSIGNMENT (  '', '', ( #3574 ) ) ;
#1218 = CARTESIAN_POINT ( 'NONE',  ( 2.000000537725100003, 0.4900002914941979926, 0.000000000000000000 ) ) ;
#1219 = EDGE_CURVE ( 'NONE', #479, #5569, #2827, .T. ) ;
#1220 = FILL_AREA_STYLE ('',( #625 ) ) ;
#1221 = ORIENTED_EDGE ( 'NONE', *, *, #347, .T. ) ;
#1222 = PLANE ( 'NONE',  #612 ) ;
#1223 = ORIENTED_EDGE ( 'NONE', *, *, #4141, .T. ) ;
#1224 = PRESENTATION_STYLE_ASSIGNMENT (( #3127 ) ) ;
#1225 = EDGE_CURVE ( 'NONE', #3013, #5958, #1799, .T. ) ;
#1226 =( NAMED_UNIT ( * ) PLANE_ANGLE_UNIT ( ) SI_UNIT ( $, .RADIAN. ) );
#1227 =( NAMED_UNIT ( * ) SI_UNIT ( $, .STERADIAN. ) SOLID_ANGLE_UNIT ( ) );
#1228 = ORIENTED_EDGE ( 'NONE', *, *, #7431, .T. ) ;
#1229 = AXIS2_PLACEMENT_3D ( 'NONE', #1873, #4207, #2388 ) ;
#1230 = LINE ( 'NONE', #7123, #4814 ) ;
#1231 = DIRECTION ( 'NONE',  ( -0.000000000000000000, 0.000000000000000000, -1.000000000000000000 ) ) ;
#1232 = ORIENTED_EDGE ( 'NONE', *, *, #1688, .T. ) ;
#1233 = FILL_AREA_STYLE_COLOUR ( '', #1952 ) ;
#1234 = MECHANICAL_DESIGN_GEOMETRIC_PRESENTATION_REPRESENTATION (  '', ( #2466 ), #1982 ) ;
#1235 = CARTESIAN_POINT ( 'NONE',  ( 2.000000537725100003, 2.000000296195940219, 0.02000000000000000042 ) ) ;
#1236 = ORIENTED_EDGE ( 'NONE', *, *, #5152, .T. ) ;
#1237 = LINE ( 'NONE', #5393, #1589 ) ;
#1238 = COLOUR_RGB ( '',0.7490196078431372584, 0.7490196078431372584, 0.7490196078431372584 ) ;
#1239 = FILL_AREA_STYLE_COLOUR ( '', #5149 ) ;
#1240 = ORIENTED_EDGE ( 'NONE', *, *, #54, .F. ) ;
#1241 = UNCERTAINTY_MEASURE_WITH_UNIT (LENGTH_MEASURE( 1.000000000000000082E-05 ), #1, 'distance_accuracy_value', 'NONE');
#1242 = ADVANCED_FACE ( 'NONE', ( #6980 ), #2786, .T. ) ;
#1243 = CARTESIAN_POINT ( 'NONE',  ( 0.1100005377252270128, 1.790000291494149964, 0.2030000000000000415 ) ) ;
#1244 = COLOUR_RGB ( '',0.7490196078431372584, 0.7490196078431372584, 0.7490196078431372584 ) ;
#1245 = PLANE ( 'NONE',  #3954 ) ;
#1246 =( NAMED_UNIT ( * ) SI_UNIT ( $, .STERADIAN. ) SOLID_ANGLE_UNIT ( ) );
#1247 = CARTESIAN_POINT ( 'NONE',  ( 0.1100005377252279981, 0.4900002914941979926, 0.1000000000000000056 ) ) ;
#1248 = CARTESIAN_POINT ( 'NONE',  ( 5.377251000027170150E-07, 1.710000296195629987, 0.1000000000000000056 ) ) ;
#1249 = VERTEX_POINT ( 'NONE', #1909 ) ;
#1250 = ADVANCED_FACE ( 'NONE', ( #3039 ), #7247, .T. ) ;
#1251 = LINE ( 'NONE', #658, #2166 ) ;
#1252 = DIRECTION ( 'NONE',  ( 0.000000000000000000, 0.000000000000000000, -1.000000000000000000 ) ) ;
#1253 = VECTOR ( 'NONE', #6265, 1000.000000000000000 ) ;
#1254 = COLOUR_RGB ( '',0.7490196078431372584, 0.7490196078431372584, 0.7490196078431372584 ) ;
#1255 =( NAMED_UNIT ( * ) SI_UNIT ( $, .STERADIAN. ) SOLID_ANGLE_UNIT ( ) );
#1256 = SURFACE_SIDE_STYLE ('',( #6581 ) ) ;
#1257 = SURFACE_STYLE_USAGE ( .BOTH. , #4675 ) ;
#1258 = ORIENTED_EDGE ( 'NONE', *, *, #7462, .T. ) ;
#1259 = EDGE_CURVE ( 'NONE', #7691, #288, #2970, .T. ) ;
#1260 = CARTESIAN_POINT ( 'NONE',  ( 0.6000005377252359828, 0.1500002961959130132, 0.1000000000000000056 ) ) ;
#1261 = DIRECTION ( 'NONE',  ( 0.000000000000000000, -1.000000000000000000, -0.000000000000000000 ) ) ;
#1262 = STYLED_ITEM ( 'NONE', ( #652 ), #2599 ) ;
#1263 = DIRECTION ( 'NONE',  ( 0.000000000000000000, 0.000000000000000000, 1.000000000000000000 ) ) ;
#1264 = FACE_OUTER_BOUND ( 'NONE', #4639, .T. ) ;
#1265 = COLOUR_RGB ( '',0.7490196078431372584, 0.7490196078431372584, 0.7490196078431372584 ) ;
#1266 =( LENGTH_UNIT ( ) NAMED_UNIT ( * ) SI_UNIT ( .MILLI., .METRE. ) );
#1267 = CARTESIAN_POINT ( 'NONE',  ( 1.800000537725033656, 0.2100003008976280006, 0.000000000000000000 ) ) ;
#1268 = ORIENTED_EDGE ( 'NONE', *, *, #3389, .F. ) ;
#1269 = EDGE_CURVE ( 'NONE', #3694, #2207, #1364, .T. ) ;
#1270 = ORIENTED_EDGE ( 'NONE', *, *, #54, .T. ) ;
#1271 = VECTOR ( 'NONE', #4650, 1000.000000000000000 ) ;
#1272 = DIRECTION ( 'NONE',  ( -0.000000000000000000, 1.000000000000000000, 0.000000000000000000 ) ) ;
#1273 = SURFACE_STYLE_FILL_AREA ( #3640 ) ;
#1274 = FACE_OUTER_BOUND ( 'NONE', #3282, .T. ) ;
#1275 = ORIENTED_EDGE ( 'NONE', *, *, #347, .F. ) ;
#1276 = DIRECTION ( 'NONE',  ( 5.551115775613539858E-15, -1.000000000000000000, 0.000000000000000000 ) ) ;
#1277 = DIRECTION ( 'NONE',  ( -1.000000000000000000, -0.000000000000000000, 0.000000000000000000 ) ) ;
#1278 = DIRECTION ( 'NONE',  ( 0.000000000000000000, -1.000000000000000000, -0.000000000000000000 ) ) ;
#1279 =( GEOMETRIC_REPRESENTATION_CONTEXT ( 3 ) GLOBAL_UNCERTAINTY_ASSIGNED_CONTEXT ( ( #3016 ) ) GLOBAL_UNIT_ASSIGNED_CONTEXT ( ( #3798, #1484, #5011 ) ) REPRESENTATION_CONTEXT ( 'NONE', 'WORKASPACE' ) );
#1280 = DIRECTION ( 'NONE',  ( 0.7071067811860450858, -0.7071067811870500597, 0.000000000000000000 ) ) ;
#1281 = EDGE_LOOP ( 'NONE', ( #3487, #627, #1426, #4267 ) ) ;
#1282 = UNCERTAINTY_MEASURE_WITH_UNIT (LENGTH_MEASURE( 1.000000000000000082E-05 ), #1681, 'distance_accuracy_value', 'NONE');
#1283 = DIRECTION ( 'NONE',  ( 0.000000000000000000, -0.000000000000000000, 1.000000000000000000 ) ) ;
#1284 =( NAMED_UNIT ( * ) PLANE_ANGLE_UNIT ( ) SI_UNIT ( $, .RADIAN. ) );
#1285 = CARTESIAN_POINT ( 'NONE',  ( 0.7100005377251349392, 1.490000296195830964, 0.1000000000000000472 ) ) ;
#1286 = EDGE_CURVE ( 'NONE', #3762, #3801, #6113, .T. ) ;
#1287 = ORIENTED_EDGE ( 'NONE', *, *, #4132, .T. ) ;
#1288 = SURFACE_STYLE_FILL_AREA ( #6608 ) ;
#1289 = DIRECTION ( 'NONE',  ( 0.000000000000000000, 1.000000000000000000, 0.000000000000000000 ) ) ;
#1290 = COLOUR_RGB ( '',0.7490196078431372584, 0.7490196078431372584, 0.7490196078431372584 ) ;
#1291 = ADVANCED_FACE ( 'NONE', ( #2538 ), #5984, .T. ) ;
#1292 = SURFACE_STYLE_USAGE ( .BOTH. , #1150 ) ;
#1293 = UNCERTAINTY_MEASURE_WITH_UNIT (LENGTH_MEASURE( 1.000000000000000082E-05 ), #5013, 'distance_accuracy_value', 'NONE');
#1294 = SURFACE_STYLE_USAGE ( .BOTH. , #1256 ) ;
#1295 = ORIENTED_EDGE ( 'NONE', *, *, #2771, .T. ) ;
#1296 =( NAMED_UNIT ( * ) SI_UNIT ( $, .STERADIAN. ) SOLID_ANGLE_UNIT ( ) );
#1297 = DIRECTION ( 'NONE',  ( 0.000000000000000000, -0.000000000000000000, 1.000000000000000000 ) ) ;
#1298 = LINE ( 'NONE', #3628, #1187 ) ;
#1299 = PRESENTATION_STYLE_ASSIGNMENT (( #3709 ) ) ;
#1300 = EDGE_CURVE ( 'NONE', #1065, #1856, #46, .T. ) ;
#1301 = CARTESIAN_POINT ( 'NONE',  ( 1.284999967722169956, 0.7025008911961240221, 0.2030000000000000415 ) ) ;
#1302 = MECHANICAL_DESIGN_GEOMETRIC_PRESENTATION_REPRESENTATION (  '', ( #1185 ), #5766 ) ;
#1303 = DIRECTION ( 'NONE',  ( 1.000000000000000000, 0.000000000000000000, 0.000000000000000000 ) ) ;
#1304 = VERTEX_POINT ( 'NONE', #133 ) ;
#1305 = ORIENTED_EDGE ( 'NONE', *, *, #740, .T. ) ;
#1306 = DIRECTION ( 'NONE',  ( -1.000000000000000000, 0.000000000000000000, 0.000000000000000000 ) ) ;
#1307 =( GEOMETRIC_REPRESENTATION_CONTEXT ( 3 ) GLOBAL_UNCERTAINTY_ASSIGNED_CONTEXT ( ( #6587 ) ) GLOBAL_UNIT_ASSIGNED_CONTEXT ( ( #6040, #624, #6648 ) ) REPRESENTATION_CONTEXT ( 'NONE', 'WORKASPACE' ) );
#1308 = ORIENTED_EDGE ( 'NONE', *, *, #2745, .T. ) ;
#1309 = SURFACE_SIDE_STYLE ('',( #5466 ) ) ;
#1310 = ADVANCED_FACE ( 'NONE', ( #7226 ), #3632, .T. ) ;
#1311 = VECTOR ( 'NONE', #192, 1000.000000000000000 ) ;
#1312 = DIRECTION ( 'NONE',  ( -0.7071067811855757945, 0.7071067811875192399, 0.000000000000000000 ) ) ;
#1313 = VERTEX_POINT ( 'NONE', #215 ) ;
#1314 = FILL_AREA_STYLE ('',( #4287 ) ) ;
#1315 = CARTESIAN_POINT ( 'NONE',  ( 5.377250997806730453E-07, 0.9400002961956489544, 0.1000000000000000056 ) ) ;
#1316 = SURFACE_STYLE_USAGE ( .BOTH. , #1399 ) ;
#1317 = VERTEX_POINT ( 'NONE', #678 ) ;
#1318 = UNCERTAINTY_MEASURE_WITH_UNIT (LENGTH_MEASURE( 1.000000000000000082E-05 ), #3227, 'distance_accuracy_value', 'NONE');
#1319 =( GEOMETRIC_REPRESENTATION_CONTEXT ( 3 ) GLOBAL_UNCERTAINTY_ASSIGNED_CONTEXT ( ( #4873 ) ) GLOBAL_UNIT_ASSIGNED_CONTEXT ( ( #7487, #3912, #5789 ) ) REPRESENTATION_CONTEXT ( 'NONE', 'WORKASPACE' ) );
#1320 = AXIS2_PLACEMENT_3D ( 'NONE', #928, #1441, #1563 ) ;
#1321 = SURFACE_SIDE_STYLE ('',( #5515 ) ) ;
#1322 = LINE ( 'NONE', #1658, #5522 ) ;
#1323 = EDGE_LOOP ( 'NONE', ( #7392, #7349, #5155, #5024, #5288, #7314, #988, #2621, #2773, #6328, #6765, #3021 ) ) ;
#1324 = STYLED_ITEM ( 'NONE', ( #2097 ), #313 ) ;
#1325 = ORIENTED_EDGE ( 'NONE', *, *, #2309, .T. ) ;
#1326 = AXIS2_PLACEMENT_3D ( 'NONE', #6480, #2945, #2213 ) ;
#1327 = STYLED_ITEM ( 'NONE', ( #5322 ), #583 ) ;
#1328 =( GEOMETRIC_REPRESENTATION_CONTEXT ( 3 ) GLOBAL_UNCERTAINTY_ASSIGNED_CONTEXT ( ( #6258 ) ) GLOBAL_UNIT_ASSIGNED_CONTEXT ( ( #5417, #717, #1961 ) ) REPRESENTATION_CONTEXT ( 'NONE', 'WORKASPACE' ) );
#1329 = CARTESIAN_POINT ( 'NONE',  ( 2.000000537725100003, 0.4100002961956760728, 0.1000000000000000056 ) ) ;
#1330 = FILL_AREA_STYLE_COLOUR ( '', #5740 ) ;
#1331 = VERTEX_POINT ( 'NONE', #3054 ) ;
#1332 = AXIS2_PLACEMENT_3D ( 'NONE', #1118, #1263, #4806 ) ;
#1333 = PRESENTATION_LAYER_ASSIGNMENT (  '', '', ( #4686 ) ) ;
#1334 =( LENGTH_UNIT ( ) NAMED_UNIT ( * ) SI_UNIT ( .MILLI., .METRE. ) );
#1335 =( NAMED_UNIT ( * ) PLANE_ANGLE_UNIT ( ) SI_UNIT ( $, .RADIAN. ) );
#1336 = EDGE_CURVE ( 'NONE', #5156, #6595, #5124, .T. ) ;
#1337 = VECTOR ( 'NONE', #2861, 1000.000000000000000 ) ;
#1338 =( GEOMETRIC_REPRESENTATION_CONTEXT ( 3 ) GLOBAL_UNCERTAINTY_ASSIGNED_CONTEXT ( ( #5996 ) ) GLOBAL_UNIT_ASSIGNED_CONTEXT ( ( #2976, #710, #2486 ) ) REPRESENTATION_CONTEXT ( 'NONE', 'WORKASPACE' ) );
#1340 = PRESENTATION_LAYER_ASSIGNMENT (  '', '', ( #1203 ) ) ;
#1339 = CARTESIAN_POINT ( 'NONE',  ( 0.1300005377252090033, 1.510000300897559988, 0.1000000000000000056 ) ) ;
#1341 =( NAMED_UNIT ( * ) PLANE_ANGLE_UNIT ( ) SI_UNIT ( $, .RADIAN. ) );
#1342 = DIRECTION ( 'NONE',  ( -0.7071067811855458185, -0.7071067811875493270, 0.000000000000000000 ) ) ;
#1343 = VECTOR ( 'NONE', #5109, 1000.000000000000000 ) ;
#1344 = SURFACE_STYLE_FILL_AREA ( #681 ) ;
#1345 = ORIENTED_EDGE ( 'NONE', *, *, #121, .T. ) ;
#1346 = CARTESIAN_POINT ( 'NONE',  ( 1.700000537725049998, 0.3900002914941749776, 0.000000000000000000 ) ) ;
#1347 = PLANE ( 'NONE',  #6611 ) ;
#1348 = VERTEX_POINT ( 'NONE', #1586 ) ;
#1349 = EDGE_CURVE ( 'NONE', #809, #1831, #2617, .T. ) ;
#1350 = SURFACE_STYLE_FILL_AREA ( #6670 ) ;
#1351 = PRESENTATION_LAYER_ASSIGNMENT (  '', '', ( #366 ) ) ;
#1352 =( LENGTH_UNIT ( ) NAMED_UNIT ( * ) SI_UNIT ( .MILLI., .METRE. ) );
#1353 = PRESENTATION_LAYER_ASSIGNMENT (  '', '', ( #3465 ) ) ;
#1354 = AXIS2_PLACEMENT_3D ( 'NONE', #2872, #7635, #2993 ) ;
#1355 = VECTOR ( 'NONE', #5660, 1000.000000000000000 ) ;
#1356 =( LENGTH_UNIT ( ) NAMED_UNIT ( * ) SI_UNIT ( .MILLI., .METRE. ) );
#1357 = PRESENTATION_STYLE_ASSIGNMENT (( #731 ) ) ;
#1358 = LINE ( 'NONE', #4413, #6108 ) ;
#1359 = SURFACE_STYLE_FILL_AREA ( #807 ) ;
#1360 = ADVANCED_FACE ( 'NONE', ( #252 ), #6252, .T. ) ;
#1361 =( LENGTH_UNIT ( ) NAMED_UNIT ( * ) SI_UNIT ( .MILLI., .METRE. ) );
#1362 = ORIENTED_EDGE ( 'NONE', *, *, #1300, .T. ) ;
#1363 = FILL_AREA_STYLE_COLOUR ( '', #3325 ) ;
#1365 = VERTEX_POINT ( 'NONE', #6901 ) ;
#1364 = LINE ( 'NONE', #6689, #1555 ) ;
#1366 = FILL_AREA_STYLE_COLOUR ( '', #973 ) ;
#1367 = MECHANICAL_DESIGN_GEOMETRIC_PRESENTATION_REPRESENTATION (  '', ( #3106 ), #7682 ) ;
#1368 = ORIENTED_EDGE ( 'NONE', *, *, #490, .T. ) ;
#1369 = ADVANCED_FACE ( 'NONE', ( #1510 ), #3219, .T. ) ;
#1370 = PLANE ( 'NONE',  #5820 ) ;
#1371 = MECHANICAL_DESIGN_GEOMETRIC_PRESENTATION_REPRESENTATION (  '', ( #4855 ), #3726 ) ;
#1372 = PRESENTATION_STYLE_ASSIGNMENT (( #6696 ) ) ;
#1373 = SURFACE_STYLE_FILL_AREA ( #4840 ) ;
#1374 = UNCERTAINTY_MEASURE_WITH_UNIT (LENGTH_MEASURE( 1.000000000000000082E-05 ), #5070, 'distance_accuracy_value', 'NONE');
#1375 = CARTESIAN_POINT ( 'NONE',  ( 0.1300005377252090033, 0.8600003008975819485, 0.1000000000000000056 ) ) ;
#1376 = ORIENTED_EDGE ( 'NONE', *, *, #3659, .F. ) ;
#1377 = FILL_AREA_STYLE ('',( #871 ) ) ;
#1378 = LINE ( 'NONE', #6972, #6549 ) ;
#1379 = ORIENTED_EDGE ( 'NONE', *, *, #5065, .F. ) ;
#1380 = LINE ( 'NONE', #5001, #76 ) ;
#1381 = PLANE ( 'NONE',  #2362 ) ;
#1382 = VERTEX_POINT ( 'NONE', #287 ) ;
#1383 = EDGE_CURVE ( 'NONE', #5541, #81, #2655, .T. ) ;
#1384 = DIRECTION ( 'NONE',  ( -0.000000000000000000, -0.000000000000000000, -1.000000000000000000 ) ) ;
#1385 = DIRECTION ( 'NONE',  ( -0.000000000000000000, -0.000000000000000000, -1.000000000000000000 ) ) ;
#1386 = VERTEX_POINT ( 'NONE', #6825 ) ;
#1387 = DIRECTION ( 'NONE',  ( -1.000000000000000000, -0.000000000000000000, 0.000000000000000000 ) ) ;
#1388 = FILL_AREA_STYLE_COLOUR ( '', #1205 ) ;
#1389 = VECTOR ( 'NONE', #6933, 1000.000000000000000 ) ;
#1390 = LINE ( 'NONE', #800, #4112 ) ;
#1391 = FILL_AREA_STYLE ('',( #3605 ) ) ;
#1392 = DIRECTION ( 'NONE',  ( 1.000000000000000000, 0.000000000000000000, 0.000000000000000000 ) ) ;
#1393 = EDGE_CURVE ( 'NONE', #4157, #3003, #329, .T. ) ;
#1394 = CARTESIAN_POINT ( 'NONE',  ( 1.890000537725309959, 0.8600003008975819485, 0.2030000000000000415 ) ) ;
#1395 = CARTESIAN_POINT ( 'NONE',  ( 1.970000533023269940, 0.4100002961956760728, 0.1000000000000000056 ) ) ;
#1396 = VERTEX_POINT ( 'NONE', #545 ) ;
#1397 = VECTOR ( 'NONE', #3376, 1000.000000000000000 ) ;
#1398 = AXIS2_PLACEMENT_3D ( 'NONE', #4083, #6464, #6423 ) ;
#1399 = SURFACE_SIDE_STYLE ('',( #6071 ) ) ;
#1400 = ORIENTED_EDGE ( 'NONE', *, *, #2118, .T. ) ;
#1401 = VECTOR ( 'NONE', #4736, 1000.000000000000000 ) ;
#1402 = ADVANCED_FACE ( 'NONE', ( #5856 ), #1692, .T. ) ;
#1403 = FACE_OUTER_BOUND ( 'NONE', #7100, .T. ) ;
#1404 = DIRECTION ( 'NONE',  ( 0.000000000000000000, -0.000000000000000000, 1.000000000000000000 ) ) ;
#1405 = EDGE_LOOP ( 'NONE', ( #5036, #2683, #833, #1943 ) ) ;
#1406 = PRESENTATION_STYLE_ASSIGNMENT (( #5478 ) ) ;
#1407 = PLANE ( 'NONE',  #4721 ) ;
#1408 = ORIENTED_EDGE ( 'NONE', *, *, #7209, .F. ) ;
#1409 =( NAMED_UNIT ( * ) PLANE_ANGLE_UNIT ( ) SI_UNIT ( $, .RADIAN. ) );
#1410 = SURFACE_STYLE_USAGE ( .BOTH. , #5572 ) ;
#1411 = EDGE_CURVE ( 'NONE', #4841, #951, #4092, .T. ) ;
#1412 = VECTOR ( 'NONE', #4167, 1000.000000000000000 ) ;
#1413 =( LENGTH_UNIT ( ) NAMED_UNIT ( * ) SI_UNIT ( .MILLI., .METRE. ) );
#1414 = SURFACE_STYLE_FILL_AREA ( #1452 ) ;
#1415 = LINE ( 'NONE', #7381, #4752 ) ;
#1416 = DIRECTION ( 'NONE',  ( -0.000000000000000000, 1.000000000000000000, 0.000000000000000000 ) ) ;
#1417 = CARTESIAN_POINT ( 'NONE',  ( 0.6000005377252359828, 2.961959353507337812E-07, 0.2030000000000000415 ) ) ;
#1418 = ORIENTED_EDGE ( 'NONE', *, *, #2330, .T. ) ;
#1419 = PRESENTATION_LAYER_ASSIGNMENT (  '', '', ( #419 ) ) ;
#1420 = MECHANICAL_DESIGN_GEOMETRIC_PRESENTATION_REPRESENTATION (  '', ( #5641 ), #7600 ) ;
#1421 = LINE ( 'NONE', #6123, #4870 ) ;
#1422 =( LENGTH_UNIT ( ) NAMED_UNIT ( * ) SI_UNIT ( .MILLI., .METRE. ) );
#1423 =( NAMED_UNIT ( * ) PLANE_ANGLE_UNIT ( ) SI_UNIT ( $, .RADIAN. ) );
#1424 = DIRECTION ( 'NONE',  ( 0.000000000000000000, 1.000000000000000000, 0.000000000000000000 ) ) ;
#1425 = EDGE_LOOP ( 'NONE', ( #4257, #293, #5606, #2676 ) ) ;
#1426 = ORIENTED_EDGE ( 'NONE', *, *, #696, .T. ) ;
#1427 = DIRECTION ( 'NONE',  ( 0.000000000000000000, -1.000000000000000000, -0.000000000000000000 ) ) ;
#1428 = DIRECTION ( 'NONE',  ( 0.000000000000000000, -1.000000000000000000, -0.000000000000000000 ) ) ;
#1429 = ORIENTED_EDGE ( 'NONE', *, *, #3570, .F. ) ;
#1430 = PRESENTATION_STYLE_ASSIGNMENT (( #2623 ) ) ;
#1431 = CARTESIAN_POINT ( 'NONE',  ( 0.6000005377252359828, 2.961959353672135484E-07, 0.1000000000000000056 ) ) ;
#1432 = CARTESIAN_POINT ( 'NONE',  ( 0.1100005377252279981, 1.140000291494180029, 0.1000000000000000056 ) ) ;
#1433 = LINE ( 'NONE', #4826, #6242 ) ;
#1434 = CARTESIAN_POINT ( 'NONE',  ( 1.700000537725050220, 0.3100003008975710239, 0.1000000000000000056 ) ) ;
#1435 = VECTOR ( 'NONE', #4435, 1000.000000000000000 ) ;
#1436 = FILL_AREA_STYLE ('',( #1830 ) ) ;
#1437 = VERTEX_POINT ( 'NONE', #5818 ) ;
#1438 = DIRECTION ( 'NONE',  ( -1.000000000000000000, 0.000000000000000000, 0.000000000000000000 ) ) ;
#1439 = DIRECTION ( 'NONE',  ( 0.000000000000000000, 0.000000000000000000, 1.000000000000000000 ) ) ;
#1440 = DIRECTION ( 'NONE',  ( 0.000000000000000000, -0.000000000000000000, -1.000000000000000000 ) ) ;
#1441 = DIRECTION ( 'NONE',  ( 0.000000000000000000, 1.000000000000000000, 0.000000000000000000 ) ) ;
#1442 = VERTEX_POINT ( 'NONE', #1625 ) ;
#1443 = PRESENTATION_LAYER_ASSIGNMENT (  '', '', ( #6638 ) ) ;
#1444 = DIRECTION ( 'NONE',  ( 0.000000000000000000, 0.000000000000000000, -1.000000000000000000 ) ) ;
#1445 = ORIENTED_EDGE ( 'NONE', *, *, #5824, .T. ) ;
#1446 =( NAMED_UNIT ( * ) PLANE_ANGLE_UNIT ( ) SI_UNIT ( $, .RADIAN. ) );
#1447 = STYLED_ITEM ( 'NONE', ( #4200 ), #2371 ) ;
#1448 = ORIENTED_EDGE ( 'NONE', *, *, #6768, .T. ) ;
#1449 =( LENGTH_UNIT ( ) NAMED_UNIT ( * ) SI_UNIT ( .MILLI., .METRE. ) );
#1450 = PRESENTATION_LAYER_ASSIGNMENT (  '', '', ( #4798 ) ) ;
#1451 = EDGE_CURVE ( 'NONE', #3696, #2563, #926, .T. ) ;
#1452 = FILL_AREA_STYLE ('',( #6771 ) ) ;
#1453 =( GEOMETRIC_REPRESENTATION_CONTEXT ( 3 ) GLOBAL_UNCERTAINTY_ASSIGNED_CONTEXT ( ( #2312 ) ) GLOBAL_UNIT_ASSIGNED_CONTEXT ( ( #4314, #6086, #6700 ) ) REPRESENTATION_CONTEXT ( 'NONE', 'WORKASPACE' ) );
#1454 = VECTOR ( 'NONE', #4502, 1000.000000000000000 ) ;
#1455 = VECTOR ( 'NONE', #3138, 1000.000000000000000 ) ;
#1456 = SURFACE_STYLE_USAGE ( .BOTH. , #2034 ) ;
#1457 = CARTESIAN_POINT ( 'NONE',  ( 1.290000537725060070, 0.3100002961958809866, 0.000000000000000000 ) ) ;
#1458 = UNCERTAINTY_MEASURE_WITH_UNIT (LENGTH_MEASURE( 1.000000000000000082E-05 ), #167, 'distance_accuracy_value', 'NONE');
#1459 = DIRECTION ( 'NONE',  ( 0.000000000000000000, 0.000000000000000000, 1.000000000000000000 ) ) ;
#1460 = VERTEX_POINT ( 'NONE', #3978 ) ;
#1461 = SURFACE_STYLE_FILL_AREA ( #7344 ) ;
#1462 = EDGE_CURVE ( 'NONE', #2458, #2298, #4674, .T. ) ;
#1463 = PRESENTATION_STYLE_ASSIGNMENT (( #2159 ) ) ;
#1464 = VECTOR ( 'NONE', #4036, 1000.000000000000000 ) ;
#1465 = VECTOR ( 'NONE', #4742, 1000.000000000000000 ) ;
#1466 = STYLED_ITEM ( 'NONE', ( #4854 ), #4856 ) ;
#1467 = DIRECTION ( 'NONE',  ( -1.000000000000000000, 0.000000000000000000, 0.000000000000000000 ) ) ;
#1468 = SURFACE_SIDE_STYLE ('',( #7346 ) ) ;
#1469 = ORIENTED_EDGE ( 'NONE', *, *, #1071, .T. ) ;
#1470 = STYLED_ITEM ( 'NONE', ( #1116 ), #4945 ) ;
#1471 = VERTEX_POINT ( 'NONE', #4600 ) ;
#1472 = CARTESIAN_POINT ( 'NONE',  ( 1.870000537724990197, 0.8600003008975819485, 0.1000000000000000056 ) ) ;
#1473 = ORIENTED_EDGE ( 'NONE', *, *, #5618, .T. ) ;
#1474 = COLOUR_RGB ( '',0.7490196078431372584, 0.7490196078431372584, 0.7490196078431372584 ) ;
#1475 = VECTOR ( 'NONE', #6433, 1000.000000000000000 ) ;
#1476 =( GEOMETRIC_REPRESENTATION_CONTEXT ( 3 ) GLOBAL_UNCERTAINTY_ASSIGNED_CONTEXT ( ( #4456 ) ) GLOBAL_UNIT_ASSIGNED_CONTEXT ( ( #1422, #3215, #5579 ) ) REPRESENTATION_CONTEXT ( 'NONE', 'WORKASPACE' ) );
#1477 = CARTESIAN_POINT ( 'NONE',  ( 5.377251000092223339E-07, 2.000000296195940219, 0.7500000000000000000 ) ) ;
#1478 = VERTEX_POINT ( 'NONE', #1151 ) ;
#1479 = AXIS2_PLACEMENT_3D ( 'NONE', #6851, #3368, #2192 ) ;
#1480 = DIRECTION ( 'NONE',  ( 0.000000000000000000, -1.000000000000000000, 0.000000000000000000 ) ) ;
#1481 =( NAMED_UNIT ( * ) PLANE_ANGLE_UNIT ( ) SI_UNIT ( $, .RADIAN. ) );
#1482 =( NAMED_UNIT ( * ) PLANE_ANGLE_UNIT ( ) SI_UNIT ( $, .RADIAN. ) );
#1483 = VECTOR ( 'NONE', #6731, 1000.000000000000000 ) ;
#1484 =( NAMED_UNIT ( * ) PLANE_ANGLE_UNIT ( ) SI_UNIT ( $, .RADIAN. ) );
#1485 = SURFACE_STYLE_USAGE ( .BOTH. , #4415 ) ;
#1486 = FILL_AREA_STYLE ('',( #3800 ) ) ;
#1487 = ORIENTED_EDGE ( 'NONE', *, *, #7469, .F. ) ;
#1488 = COLOUR_RGB ( '',0.7490196078431372584, 0.7490196078431372584, 0.7490196078431372584 ) ;
#1489 = UNCERTAINTY_MEASURE_WITH_UNIT (LENGTH_MEASURE( 1.000000000000000082E-05 ), #6506, 'distance_accuracy_value', 'NONE');
#1490 = CARTESIAN_POINT ( 'NONE',  ( 0.4500005377251449779, 2.000000296195940219, 0.1000000000000000056 ) ) ;
#1491 = SURFACE_STYLE_USAGE ( .BOTH. , #6810 ) ;
#1492 = ORIENTED_EDGE ( 'NONE', *, *, #5300, .T. ) ;
#1493 = FILL_AREA_STYLE ('',( #6149 ) ) ;
#1494 = ORIENTED_EDGE ( 'NONE', *, *, #4191, .T. ) ;
#1495 = VECTOR ( 'NONE', #3027, 1000.000000000000000 ) ;
#1496 = EDGE_CURVE ( 'NONE', #770, #7492, #1804, .T. ) ;
#1497 = CARTESIAN_POINT ( 'NONE',  ( 1.873321717579730095, 1.140000291494180029, 0.1000000000000000056 ) ) ;
#1498 = AXIS2_PLACEMENT_3D ( 'NONE', #7445, #5308, #348 ) ;
#1499 = EDGE_CURVE ( 'NONE', #2403, #288, #5345, .T. ) ;
#1500 = SURFACE_STYLE_FILL_AREA ( #3890 ) ;
#1501 = CARTESIAN_POINT ( 'NONE',  ( 0.2000005377251450334, 0.3900002914941749776, 0.1000000000000000056 ) ) ;
#1502 = SURFACE_STYLE_FILL_AREA ( #3253 ) ;
#1503 = VERTEX_POINT ( 'NONE', #3442 ) ;
#1504 = LINE ( 'NONE', #7432, #2882 ) ;
#1505 = PRESENTATION_LAYER_ASSIGNMENT (  '', '', ( #5714 ) ) ;
#1506 = VECTOR ( 'NONE', #2156, 1000.000000000000000 ) ;
#1507 =( LENGTH_UNIT ( ) NAMED_UNIT ( * ) SI_UNIT ( .MILLI., .METRE. ) );
#1508 = DIRECTION ( 'NONE',  ( 1.000000000000000000, 0.000000000000000000, 0.000000000000000000 ) ) ;
#1509 = EDGE_CURVE ( 'NONE', #6216, #4213, #6507, .T. ) ;
#1510 = FACE_OUTER_BOUND ( 'NONE', #6510, .T. ) ;
#1511 = EDGE_LOOP ( 'NONE', ( #1275, #7543, #6001, #5589 ) ) ;
#1512 = VECTOR ( 'NONE', #4987, 1000.000000000000000 ) ;
#1513 = ORIENTED_EDGE ( 'NONE', *, *, #320, .T. ) ;
#1514 = CARTESIAN_POINT ( 'NONE',  ( 1.700000537725049998, 1.000000296195880045, 0.1000000000000000056 ) ) ;
#1515 = EDGE_LOOP ( 'NONE', ( #3133, #6238, #1802, #148 ) ) ;
#1516 = UNCERTAINTY_MEASURE_WITH_UNIT (LENGTH_MEASURE( 1.000000000000000082E-05 ), #1352, 'distance_accuracy_value', 'NONE');
#1517 = FILL_AREA_STYLE_COLOUR ( '', #337 ) ;
#1518 = VECTOR ( 'NONE', #1524, 1000.000000000000000 ) ;
#1519 =( NAMED_UNIT ( * ) PLANE_ANGLE_UNIT ( ) SI_UNIT ( $, .RADIAN. ) );
#1520 = VERTEX_POINT ( 'NONE', #2977 ) ;
#1521 = EDGE_CURVE ( 'NONE', #508, #5534, #2201, .T. ) ;
#1522 = DIRECTION ( 'NONE',  ( 0.000000000000000000, 0.000000000000000000, -1.000000000000000000 ) ) ;
#1523 =( NAMED_UNIT ( * ) PLANE_ANGLE_UNIT ( ) SI_UNIT ( $, .RADIAN. ) );
#1524 = DIRECTION ( 'NONE',  ( 0.000000000000000000, -0.000000000000000000, -1.000000000000000000 ) ) ;
#1525 = DIRECTION ( 'NONE',  ( 1.000000000000000000, 0.000000000000000000, 0.000000000000000000 ) ) ;
#1526 = FACE_OUTER_BOUND ( 'NONE', #4078, .T. ) ;
#1527 = EDGE_LOOP ( 'NONE', ( #4114, #1236, #5031, #6666 ) ) ;
#1528 = COLOUR_RGB ( '',0.7490196078431372584, 0.7490196078431372584, 0.7490196078431372584 ) ;
#1529 = PRESENTATION_LAYER_ASSIGNMENT (  '', '', ( #1644 ) ) ;
#1530 = DIRECTION ( 'NONE',  ( 1.000000000000000000, 0.000000000000000000, 0.000000000000000000 ) ) ;
#1531 = ORIENTED_EDGE ( 'NONE', *, *, #490, .F. ) ;
#1532 = MECHANICAL_DESIGN_GEOMETRIC_PRESENTATION_REPRESENTATION (  '', ( #20 ), #4491 ) ;
#1533 = SURFACE_STYLE_USAGE ( .BOTH. , #5754 ) ;
#1534 = VERTEX_POINT ( 'NONE', #1655 ) ;
#1535 =( NAMED_UNIT ( * ) SI_UNIT ( $, .STERADIAN. ) SOLID_ANGLE_UNIT ( ) );
#1536 = COLOUR_RGB ( '',0.7490196078431372584, 0.7490196078431372584, 0.7490196078431372584 ) ;
#1537 = DIRECTION ( 'NONE',  ( 1.000000000000000000, 0.000000000000000000, 0.000000000000000000 ) ) ;
#1538 = ADVANCED_FACE ( 'NONE', ( #3405 ), #5771, .T. ) ;
#1539 = FILL_AREA_STYLE_COLOUR ( '', #5953 ) ;
#1540 = DIRECTION ( 'NONE',  ( 1.000000000000000000, 0.000000000000000000, -0.000000000000000000 ) ) ;
#1541 = UNCERTAINTY_MEASURE_WITH_UNIT (LENGTH_MEASURE( 1.000000000000000082E-05 ), #7366, 'distance_accuracy_value', 'NONE');
#1542 = DIRECTION ( 'NONE',  ( -0.7071067811855666907, 0.7071067811875283438, 0.000000000000000000 ) ) ;
#1543 = ORIENTED_EDGE ( 'NONE', *, *, #5638, .T. ) ;
#1544 = CARTESIAN_POINT ( 'NONE',  ( 1.800000537725050309, 1.040000291494149964, 0.000000000000000000 ) ) ;
#1545 = ORIENTED_EDGE ( 'NONE', *, *, #6387, .T. ) ;
#1546 =( NAMED_UNIT ( * ) SI_UNIT ( $, .STERADIAN. ) SOLID_ANGLE_UNIT ( ) );
#1547 = EDGE_LOOP ( 'NONE', ( #336, #5256, #1186, #882 ) ) ;
#1548 = MECHANICAL_DESIGN_GEOMETRIC_PRESENTATION_REPRESENTATION (  '', ( #526 ), #7488 ) ;
#1549 = SURFACE_STYLE_FILL_AREA ( #382 ) ;
#1550 = CARTESIAN_POINT ( 'NONE',  ( 5.377251001241478701E-07, 2.000000296195940219, 0.02000000000000000042 ) ) ;
#1551 = ORIENTED_EDGE ( 'NONE', *, *, #1509, .F. ) ;
#1552 = FACE_OUTER_BOUND ( 'NONE', #1980, .T. ) ;
#1553 = EDGE_CURVE ( 'NONE', #4203, #7350, #3011, .T. ) ;
#1554 = LINE ( 'NONE', #918, #5678 ) ;
#1555 = VECTOR ( 'NONE', #3734, 1000.000000000000000 ) ;
#1556 =( LENGTH_UNIT ( ) NAMED_UNIT ( * ) SI_UNIT ( .MILLI., .METRE. ) );
#1557 = ORIENTED_EDGE ( 'NONE', *, *, #1411, .T. ) ;
#1558 = VECTOR ( 'NONE', #5648, 1000.000000000000000 ) ;
#1559 =( NAMED_UNIT ( * ) SI_UNIT ( $, .STERADIAN. ) SOLID_ANGLE_UNIT ( ) );
#1560 = LINE ( 'NONE', #3874, #115 ) ;
#1561 = ORIENTED_EDGE ( 'NONE', *, *, #1016, .F. ) ;
#1562 = SURFACE_STYLE_FILL_AREA ( #6916 ) ;
#1563 = DIRECTION ( 'NONE',  ( 0.000000000000000000, -0.000000000000000000, 1.000000000000000000 ) ) ;
#1564 = EDGE_CURVE ( 'NONE', #1460, #3694, #2610, .T. ) ;
#1565 = LINE ( 'NONE', #6923, #603 ) ;
#1566 =( GEOMETRIC_REPRESENTATION_CONTEXT ( 3 ) GLOBAL_UNCERTAINTY_ASSIGNED_CONTEXT ( ( #4571 ) ) GLOBAL_UNIT_ASSIGNED_CONTEXT ( ( #5241, #5870, #392 ) ) REPRESENTATION_CONTEXT ( 'NONE', 'WORKASPACE' ) );
#1567 = VERTEX_POINT ( 'NONE', #4392 ) ;
#1568 = CARTESIAN_POINT ( 'NONE',  ( 2.000000537725100003, 1.590000296195630103, 0.1000000000000000056 ) ) ;
#1569 = DIRECTION ( 'NONE',  ( 1.000000000000000000, 0.000000000000000000, 0.000000000000000000 ) ) ;
#1570 =( LENGTH_UNIT ( ) NAMED_UNIT ( * ) SI_UNIT ( .MILLI., .METRE. ) );
#1571 =( GEOMETRIC_REPRESENTATION_CONTEXT ( 3 ) GLOBAL_UNCERTAINTY_ASSIGNED_CONTEXT ( ( #577 ) ) GLOBAL_UNIT_ASSIGNED_CONTEXT ( ( #5183, #4552, #3331 ) ) REPRESENTATION_CONTEXT ( 'NONE', 'WORKASPACE' ) );
#1572 = DIRECTION ( 'NONE',  ( 1.000000000000000000, 0.000000000000000000, -0.000000000000000000 ) ) ;
#1573 = PLANE ( 'NONE',  #7458 ) ;
#1574 = PRESENTATION_LAYER_ASSIGNMENT (  '', '', ( #5043 ) ) ;
#1575 = CARTESIAN_POINT ( 'NONE',  ( 0.1300005377252090033, 0.4900002914941979926, 0.1000000000000000056 ) ) ;
#1576 = CARTESIAN_POINT ( 'NONE',  ( 1.000000537725110217, 0.1500002961959130132, 0.2030000000000000415 ) ) ;
#1577 = DIRECTION ( 'NONE',  ( -1.000000000000000000, -0.000000000000000000, 0.000000000000000000 ) ) ;
#1578 = VECTOR ( 'NONE', #4015, 1000.000000000000000 ) ;
#1579 = VERTEX_POINT ( 'NONE', #370 ) ;
#1580 = PRESENTATION_STYLE_ASSIGNMENT (( #7466 ) ) ;
#1581 = PRESENTATION_STYLE_ASSIGNMENT (( #6896 ) ) ;
#1582 =( NAMED_UNIT ( * ) SI_UNIT ( $, .STERADIAN. ) SOLID_ANGLE_UNIT ( ) );
#1583 = STYLED_ITEM ( 'NONE', ( #3201 ), #208 ) ;
#1584 = STYLED_ITEM ( 'NONE', ( #1581 ), #4576 ) ;
#1585 = CARTESIAN_POINT ( 'NONE',  ( 1.818786731054929939, 1.450000302542429953, 0.2030000000000000415 ) ) ;
#1586 = CARTESIAN_POINT ( 'NONE',  ( 2.000000537725100003, 1.790000291494149964, 0.1000000000000000056 ) ) ;
#1587 = DIRECTION ( 'NONE',  ( -3.235507100339109776E-13, -1.000000000000000000, 0.000000000000000000 ) ) ;
#1588 = VERTEX_POINT ( 'NONE', #985 ) ;
#1589 = VECTOR ( 'NONE', #3644, 1000.000000000000000 ) ;
#1590 =( NAMED_UNIT ( * ) SI_UNIT ( $, .STERADIAN. ) SOLID_ANGLE_UNIT ( ) );
#1591 = ORIENTED_EDGE ( 'NONE', *, *, #5431, .T. ) ;
#1592 = AXIS2_PLACEMENT_3D ( 'NONE', #644, #140, #3062 ) ;
#1593 = EDGE_CURVE ( 'NONE', #1715, #2238, #4437, .T. ) ;
#1594 = UNCERTAINTY_MEASURE_WITH_UNIT (LENGTH_MEASURE( 1.000000000000000082E-05 ), #1744, 'distance_accuracy_value', 'NONE');
#1595 =( NAMED_UNIT ( * ) SI_UNIT ( $, .STERADIAN. ) SOLID_ANGLE_UNIT ( ) );
#1596 = COLOUR_RGB ( '',0.7490196078431372584, 0.7490196078431372584, 0.7490196078431372584 ) ;
#1597 = STYLED_ITEM ( 'NONE', ( #379 ), #516 ) ;
#1598 =( NAMED_UNIT ( * ) PLANE_ANGLE_UNIT ( ) SI_UNIT ( $, .RADIAN. ) );
#1599 =( NAMED_UNIT ( * ) PLANE_ANGLE_UNIT ( ) SI_UNIT ( $, .RADIAN. ) );
#1600 = FACE_OUTER_BOUND ( 'NONE', #2023, .T. ) ;
#1601 = EDGE_CURVE ( 'NONE', #5211, #3290, #5072, .T. ) ;
#1602 =( NAMED_UNIT ( * ) PLANE_ANGLE_UNIT ( ) SI_UNIT ( $, .RADIAN. ) );
#1603 =( GEOMETRIC_REPRESENTATION_CONTEXT ( 3 ) GLOBAL_UNCERTAINTY_ASSIGNED_CONTEXT ( ( #2515 ) ) GLOBAL_UNIT_ASSIGNED_CONTEXT ( ( #1556, #5094, #1034 ) ) REPRESENTATION_CONTEXT ( 'NONE', 'WORKASPACE' ) );
#1604 = DIRECTION ( 'NONE',  ( -0.000000000000000000, -0.000000000000000000, -1.000000000000000000 ) ) ;
#1605 = SURFACE_SIDE_STYLE ('',( #2101 ) ) ;
#1606 = AXIS2_PLACEMENT_3D ( 'NONE', #3823, #5082, #3168 ) ;
#1607 = MECHANICAL_DESIGN_GEOMETRIC_PRESENTATION_REPRESENTATION (  '', ( #7052 ), #4299 ) ;
#1608 = DIRECTION ( 'NONE',  ( -0.000000000000000000, 0.000000000000000000, -1.000000000000000000 ) ) ;
#1609 = CARTESIAN_POINT ( 'NONE',  ( 0.1300005377252090033, 1.140000291494180029, 0.2030000000000000415 ) ) ;
#1610 = EDGE_CURVE ( 'NONE', #1304, #2557, #5520, .T. ) ;
#1611 = ORIENTED_EDGE ( 'NONE', *, *, #7615, .T. ) ;
#1612 = DIRECTION ( 'NONE',  ( 1.000000000000000000, 0.000000000000000000, -0.000000000000000000 ) ) ;
#1613 = SURFACE_SIDE_STYLE ('',( #1640 ) ) ;
#1614 = VECTOR ( 'NONE', #1384, 1000.000000000000000 ) ;
#1615 = FACE_OUTER_BOUND ( 'NONE', #6679, .T. ) ;
#1617 = ADVANCED_FACE ( 'NONE', ( #5693 ), #4351, .T. ) ;
#1616 = FILL_AREA_STYLE ('',( #3815 ) ) ;
#1618 = LINE ( 'NONE', #5763, #803 ) ;
#1619 = CARTESIAN_POINT ( 'NONE',  ( 0.1812143443952660138, 1.510000300897559988, 0.2030000000000000415 ) ) ;
#1620 = VECTOR ( 'NONE', #4027, 1000.000000000000000 ) ;
#1621 = ORIENTED_EDGE ( 'NONE', *, *, #4260, .F. ) ;
#1622 = CARTESIAN_POINT ( 'NONE',  ( 1.818786731054929939, 0.4900002914941979926, 0.2030000000000000415 ) ) ;
#1623 = DIRECTION ( 'NONE',  ( 0.000000000000000000, 0.000000000000000000, 1.000000000000000000 ) ) ;
#1624 = VECTOR ( 'NONE', #2136, 1000.000000000000000 ) ;
#1625 = CARTESIAN_POINT ( 'NONE',  ( 0.1100005377252279981, 1.140000291494180029, 0.2030000000000000415 ) ) ;
#1626 = ORIENTED_EDGE ( 'NONE', *, *, #3525, .T. ) ;
#1627 = VECTOR ( 'NONE', #2890, 1000.000000000000000 ) ;
#1628 = VERTEX_POINT ( 'NONE', #1727 ) ;
#1629 = SURFACE_STYLE_FILL_AREA ( #6945 ) ;
#1630 = COLOUR_RGB ( '',0.7490196078431372584, 0.7490196078431372584, 0.7490196078431372584 ) ;
#1631 = EDGE_CURVE ( 'NONE', #1567, #5351, #1618, .T. ) ;
#1632 = DIRECTION ( 'NONE',  ( 0.000000000000000000, 0.000000000000000000, 1.000000000000000000 ) ) ;
#1633 = LINE ( 'NONE', #5242, #150 ) ;
#1634 = FILL_AREA_STYLE ('',( #972 ) ) ;
#1635 = ADVANCED_FACE ( 'NONE', ( #7536 ), #2447, .T. ) ;
#1636 =( NAMED_UNIT ( * ) SI_UNIT ( $, .STERADIAN. ) SOLID_ANGLE_UNIT ( ) );
#1637 = DIRECTION ( 'NONE',  ( 0.000000000000000000, 0.000000000000000000, 1.000000000000000000 ) ) ;
#1638 = LINE ( 'NONE', #5794, #5401 ) ;
#1639 = FILL_AREA_STYLE_COLOUR ( '', #469 ) ;
#1640 = SURFACE_STYLE_FILL_AREA ( #2761 ) ;
#1641 = ORIENTED_EDGE ( 'NONE', *, *, #4260, .T. ) ;
#1642 = EDGE_CURVE ( 'NONE', #5623, #4261, #1918, .T. ) ;
#1643 = SURFACE_STYLE_FILL_AREA ( #4589 ) ;
#1644 = STYLED_ITEM ( 'NONE', ( #4999 ), #3072 ) ;
#1645 = AXIS2_PLACEMENT_3D ( 'NONE', #2666, #3269, #6260 ) ;
#1646 = FACE_OUTER_BOUND ( 'NONE', #555, .T. ) ;
#1647 =( NAMED_UNIT ( * ) SI_UNIT ( $, .STERADIAN. ) SOLID_ANGLE_UNIT ( ) );
#1648 = DIRECTION ( 'NONE',  ( -0.7071067811855450413, -0.7071067811875499931, 0.000000000000000000 ) ) ;
#1649 = FACE_OUTER_BOUND ( 'NONE', #5056, .T. ) ;
#1650 = FILL_AREA_STYLE_COLOUR ( '', #1536 ) ;
#1651 = ORIENTED_EDGE ( 'NONE', *, *, #22, .T. ) ;
#1652 =( LENGTH_UNIT ( ) NAMED_UNIT ( * ) SI_UNIT ( .MILLI., .METRE. ) );
#1653 =( NAMED_UNIT ( * ) SI_UNIT ( $, .STERADIAN. ) SOLID_ANGLE_UNIT ( ) );
#1654 = EDGE_CURVE ( 'NONE', #5577, #2382, #4903, .T. ) ;
#1655 = CARTESIAN_POINT ( 'NONE',  ( 1.550000537725050087, 2.961959355172671290E-07, 0.2030000000000000415 ) ) ;
#1656 = ORIENTED_EDGE ( 'NONE', *, *, #5960, .F. ) ;
#1657 = SURFACE_SIDE_STYLE ('',( #331 ) ) ;
#1658 = CARTESIAN_POINT ( 'NONE',  ( 1.818786731054929939, 1.200000289965710287, 0.2030000000000000415 ) ) ;
#1659 = VERTEX_POINT ( 'NONE', #4305 ) ;
#1660 = CARTESIAN_POINT ( 'NONE',  ( 5.377251000113907382E-07, 0.4900002914941826160, 0.1000000000000000056 ) ) ;
#1661 = CARTESIAN_POINT ( 'NONE',  ( 1.870000537724990197, 1.000000296246740028, 0.2030000000000000415 ) ) ;
#1662 = LINE ( 'NONE', #5776, #6620 ) ;
#1663 = PRESENTATION_STYLE_ASSIGNMENT (( #2243 ) ) ;
#1664 =( NAMED_UNIT ( * ) SI_UNIT ( $, .STERADIAN. ) SOLID_ANGLE_UNIT ( ) );
#1665 =( GEOMETRIC_REPRESENTATION_CONTEXT ( 3 ) GLOBAL_UNCERTAINTY_ASSIGNED_CONTEXT ( ( #2075 ) ) GLOBAL_UNIT_ASSIGNED_CONTEXT ( ( #915, #6864, #6131 ) ) REPRESENTATION_CONTEXT ( 'NONE', 'WORKASPACE' ) );
#1666 =( NAMED_UNIT ( * ) SI_UNIT ( $, .STERADIAN. ) SOLID_ANGLE_UNIT ( ) );
#1667 = FILL_AREA_STYLE ('',( #5833 ) ) ;
#1668 = ORIENTED_EDGE ( 'NONE', *, *, #4537, .F. ) ;
#1669 = UNCERTAINTY_MEASURE_WITH_UNIT (LENGTH_MEASURE( 1.000000000000000082E-05 ), #2751, 'distance_accuracy_value', 'NONE');
#1670 =( LENGTH_UNIT ( ) NAMED_UNIT ( * ) SI_UNIT ( .MILLI., .METRE. ) );
#1671 =( NAMED_UNIT ( * ) SI_UNIT ( $, .STERADIAN. ) SOLID_ANGLE_UNIT ( ) );
#1672 = STYLED_ITEM ( 'NONE', ( #5287 ), #3810 ) ;
#1673 = PRESENTATION_LAYER_ASSIGNMENT (  '', '', ( #3774 ) ) ;
#1674 =( NAMED_UNIT ( * ) PLANE_ANGLE_UNIT ( ) SI_UNIT ( $, .RADIAN. ) );
#1675 = CARTESIAN_POINT ( 'NONE',  ( 0.1266793578704640266, 1.000000296195880045, 0.1000000000000000056 ) ) ;
#1676 = EDGE_LOOP ( 'NONE', ( #3375, #6982, #1345, #3582 ) ) ;
#1677 =( NAMED_UNIT ( * ) PLANE_ANGLE_UNIT ( ) SI_UNIT ( $, .RADIAN. ) );
#1678 =( LENGTH_UNIT ( ) NAMED_UNIT ( * ) SI_UNIT ( .MILLI., .METRE. ) );
#1679 = ORIENTED_EDGE ( 'NONE', *, *, #696, .F. ) ;
#1680 = VECTOR ( 'NONE', #1028, 1000.000000000000000 ) ;
#1681 =( LENGTH_UNIT ( ) NAMED_UNIT ( * ) SI_UNIT ( .MILLI., .METRE. ) );
#1682 = DIRECTION ( 'NONE',  ( 0.000000000000000000, 0.000000000000000000, 1.000000000000000000 ) ) ;
#1683 =( NAMED_UNIT ( * ) SI_UNIT ( $, .STERADIAN. ) SOLID_ANGLE_UNIT ( ) );
#1684 = LINE ( 'NONE', #1142, #5913 ) ;
#1685 = CARTESIAN_POINT ( 'NONE',  ( 0.7150011077279719851, 0.7025008911961240221, 0.2283999999999999919 ) ) ;
#1686 = SURFACE_STYLE_FILL_AREA ( #5296 ) ;
#1687 = VERTEX_POINT ( 'NONE', #6083 ) ;
#1688 = EDGE_CURVE ( 'NONE', #3145, #7171, #749, .T. ) ;
#1689 = CARTESIAN_POINT ( 'NONE',  ( 1.690000537725149909, 0.1500003025424800074, 0.1000000000000000056 ) ) ;
#1690 = CARTESIAN_POINT ( 'NONE',  ( 1.873321717579730095, 1.000000296195880045, 0.000000000000000000 ) ) ;
#1691 = VECTOR ( 'NONE', #1648, 1000.000000000000000 ) ;
#1692 = PLANE ( 'NONE',  #5153 ) ;
#1693 = ORIENTED_EDGE ( 'NONE', *, *, #2351, .F. ) ;
#1694 = ADVANCED_FACE ( 'NONE', ( #7338 ), #242, .T. ) ;
#1695 = EDGE_CURVE ( 'NONE', #3562, #5773, #4839, .T. ) ;
#1696 = FILL_AREA_STYLE_COLOUR ( '', #1474 ) ;
#1697 = VECTOR ( 'NONE', #7627, 1000.000000000000000 ) ;
#1698 = VERTEX_POINT ( 'NONE', #4513 ) ;
#1699 = MECHANICAL_DESIGN_GEOMETRIC_PRESENTATION_REPRESENTATION (  '', ( #7257 ), #3553 ) ;
#1700 = VECTOR ( 'NONE', #1805, 1000.000000000000000 ) ;
#1701 = SURFACE_STYLE_USAGE ( .BOTH. , #7624 ) ;
#1702 = FACE_OUTER_BOUND ( 'NONE', #3589, .T. ) ;
#1703 = CARTESIAN_POINT ( 'NONE',  ( 0.2000005377251450334, 0.9600003008976040197, 0.000000000000000000 ) ) ;
#1704 = MECHANICAL_DESIGN_GEOMETRIC_PRESENTATION_REPRESENTATION (  '', ( #1466 ), #3448 ) ;
#1705 = ORIENTED_EDGE ( 'NONE', *, *, #4837, .T. ) ;
#1706 = EDGE_CURVE ( 'NONE', #5498, #1628, #3250, .T. ) ;
#1707 = FILL_AREA_STYLE ('',( #4022 ) ) ;
#1708 = CARTESIAN_POINT ( 'NONE',  ( 5.377251000056986768E-07, 0.4100002961956760728, 0.2030000000000000415 ) ) ;
#1709 = DIRECTION ( 'NONE',  ( 0.000000000000000000, 1.000000000000000000, 0.000000000000000000 ) ) ;
#1710 = FILL_AREA_STYLE_COLOUR ( '', #7267 ) ;
#1711 = MECHANICAL_DESIGN_GEOMETRIC_PRESENTATION_REPRESENTATION (  '', ( #75 ), #2698 ) ;
#1712 =( GEOMETRIC_REPRESENTATION_CONTEXT ( 3 ) GLOBAL_UNCERTAINTY_ASSIGNED_CONTEXT ( ( #4161 ) ) GLOBAL_UNIT_ASSIGNED_CONTEXT ( ( #1356, #4574, #4495 ) ) REPRESENTATION_CONTEXT ( 'NONE', 'WORKASPACE' ) );
#1713 = VECTOR ( 'NONE', #2665, 1000.000000000000000 ) ;
#1714 = CARTESIAN_POINT ( 'NONE',  ( 0.1812143443952660138, 1.790000291494149964, 0.2030000000000000415 ) ) ;
#1715 = VERTEX_POINT ( 'NONE', #5069 ) ;
#1716 = SURFACE_SIDE_STYLE ('',( #3029 ) ) ;
#1717 = EDGE_CURVE ( 'NONE', #7087, #2298, #5943, .T. ) ;
#1718 = VECTOR ( 'NONE', #6391, 1000.000000000000000 ) ;
#1719 = UNCERTAINTY_MEASURE_WITH_UNIT (LENGTH_MEASURE( 1.000000000000000082E-05 ), #2587, 'distance_accuracy_value', 'NONE');
#1720 = AXIS2_PLACEMENT_3D ( 'NONE', #6325, #1467, #4995 ) ;
#1721 = ORIENTED_EDGE ( 'NONE', *, *, #3083, .F. ) ;
#1722 = FILL_AREA_STYLE ('',( #530 ) ) ;
#1723 = VECTOR ( 'NONE', #750, 1000.000000000000000 ) ;
#1724 = MECHANICAL_DESIGN_GEOMETRIC_PRESENTATION_REPRESENTATION (  '', ( #6435 ), #6069 ) ;
#1725 = SURFACE_STYLE_USAGE ( .BOTH. , #6420 ) ;
#1726 = DIRECTION ( 'NONE',  ( 1.000000000000000000, 0.000000000000000000, 0.000000000000000000 ) ) ;
#1727 = CARTESIAN_POINT ( 'NONE',  ( 0.1100005377248864380, 1.510000300897560432, 0.1000000000000000056 ) ) ;
#1728 = LINE ( 'NONE', #7498, #4970 ) ;
#1729 = EDGE_CURVE ( 'NONE', #1396, #4979, #4163, .T. ) ;
#1730 = EDGE_LOOP ( 'NONE', ( #4014, #4889, #1557, #6686 ) ) ;
#1731 = AXIS2_PLACEMENT_3D ( 'NONE', #1575, #6319, #3367 ) ;
#1732 = LINE ( 'NONE', #6427, #5260 ) ;
#1733 = PLANE ( 'NONE',  #5297 ) ;
#1734 = PRESENTATION_STYLE_ASSIGNMENT (( #4632 ) ) ;
#1735 = EDGE_CURVE ( 'NONE', #6813, #4075, #7119, .T. ) ;
#1736 = STYLED_ITEM ( 'NONE', ( #4250 ), #6726 ) ;
#1737 = CARTESIAN_POINT ( 'NONE',  ( 0.7150011077279719851, 1.000000296195939997, 0.2283999999999999919 ) ) ;
#1738 = SURFACE_SIDE_STYLE ('',( #2809 ) ) ;
#1739 = LINE ( 'NONE', #5163, #1624 ) ;
#1740 = ORIENTED_EDGE ( 'NONE', *, *, #1509, .T. ) ;
#1741 = LINE ( 'NONE', #4097, #4271 ) ;
#1742 = FILL_AREA_STYLE_COLOUR ( '', #2436 ) ;
#1743 =( GEOMETRIC_REPRESENTATION_CONTEXT ( 3 ) GLOBAL_UNCERTAINTY_ASSIGNED_CONTEXT ( ( #5438 ) ) GLOBAL_UNIT_ASSIGNED_CONTEXT ( ( #38, #667, #1772 ) ) REPRESENTATION_CONTEXT ( 'NONE', 'WORKASPACE' ) );
#1744 =( LENGTH_UNIT ( ) NAMED_UNIT ( * ) SI_UNIT ( .MILLI., .METRE. ) );
#1745 = EDGE_CURVE ( 'NONE', #7372, #827, #6623, .T. ) ;
#1746 = CARTESIAN_POINT ( 'NONE',  ( 2.000000537725100003, 0.4100002961956760728, 0.1000000000000000056 ) ) ;
#1747 = MECHANICAL_DESIGN_GEOMETRIC_PRESENTATION_REPRESENTATION (  '', ( #4095 ), #381 ) ;
#1748 =( LENGTH_UNIT ( ) NAMED_UNIT ( * ) SI_UNIT ( .MILLI., .METRE. ) );
#1749 = ORIENTED_EDGE ( 'NONE', *, *, #6080, .T. ) ;
#1750 = FACE_OUTER_BOUND ( 'NONE', #1056, .T. ) ;
#1751 = DIRECTION ( 'NONE',  ( -0.000000000000000000, 1.000000000000000000, 0.000000000000000000 ) ) ;
#1752 = DIRECTION ( 'NONE',  ( 0.000000000000000000, -0.000000000000000000, 1.000000000000000000 ) ) ;
#1753 =( LENGTH_UNIT ( ) NAMED_UNIT ( * ) SI_UNIT ( .MILLI., .METRE. ) );
#1754 = MECHANICAL_DESIGN_GEOMETRIC_PRESENTATION_REPRESENTATION (  '', ( #5227 ), #7569 ) ;
#1755 = UNCERTAINTY_MEASURE_WITH_UNIT (LENGTH_MEASURE( 1.000000000000000082E-05 ), #5964, 'distance_accuracy_value', 'NONE');
#1756 = ADVANCED_FACE ( 'NONE', ( #1264 ), #4730, .T. ) ;
#1757 = STYLED_ITEM ( 'NONE', ( #2923 ), #2521 ) ;
#1758 = FACE_OUTER_BOUND ( 'NONE', #6895, .T. ) ;
#1759 = VERTEX_POINT ( 'NONE', #7093 ) ;
#1760 = FACE_OUTER_BOUND ( 'NONE', #256, .T. ) ;
#1761 =( LENGTH_UNIT ( ) NAMED_UNIT ( * ) SI_UNIT ( .MILLI., .METRE. ) );
#1762 = ORIENTED_EDGE ( 'NONE', *, *, #6004, .T. ) ;
#1763 = FILL_AREA_STYLE ('',( #2399 ) ) ;
#1764 = DIRECTION ( 'NONE',  ( -0.000000000000000000, -0.000000000000000000, -1.000000000000000000 ) ) ;
#1765 = SURFACE_STYLE_USAGE ( .BOTH. , #6499 ) ;
#1766 = DIRECTION ( 'NONE',  ( 1.000000000000000000, 0.000000000000000000, -0.000000000000000000 ) ) ;
#1767 = ORIENTED_EDGE ( 'NONE', *, *, #2631, .T. ) ;
#1768 = CARTESIAN_POINT ( 'NONE',  ( 1.870000537724990197, 0.4900002914941979926, 0.1000000000000000056 ) ) ;
#1769 = CARTESIAN_POINT ( 'NONE',  ( 1.870000537724990197, 0.2100003008976049912, 0.1000000000000000056 ) ) ;
#1770 = DIRECTION ( 'NONE',  ( 0.000000000000000000, -1.000000000000000000, 0.000000000000000000 ) ) ;
#1771 = PRESENTATION_LAYER_ASSIGNMENT (  '', '', ( #3129 ) ) ;
#1772 =( NAMED_UNIT ( * ) SI_UNIT ( $, .STERADIAN. ) SOLID_ANGLE_UNIT ( ) );
#1773 = ORIENTED_EDGE ( 'NONE', *, *, #2440, .F. ) ;
#1774 = CARTESIAN_POINT ( 'NONE',  ( 1.400000537725190064, 2.961959353342540141E-07, 0.1000000000000000056 ) ) ;
#1775 = EDGE_LOOP ( 'NONE', ( #1939, #6, #1270, #7611 ) ) ;
#1776 = MECHANICAL_DESIGN_GEOMETRIC_PRESENTATION_REPRESENTATION (  '', ( #7211 ), #4368 ) ;
#1777 =( LENGTH_UNIT ( ) NAMED_UNIT ( * ) SI_UNIT ( .MILLI., .METRE. ) );
#1778 = UNCERTAINTY_MEASURE_WITH_UNIT (LENGTH_MEASURE( 1.000000000000000082E-05 ), #4218, 'distance_accuracy_value', 'NONE');
#1779 = DIRECTION ( 'NONE',  ( -0.000000000000000000, -0.000000000000000000, -1.000000000000000000 ) ) ;
#1780 = LINE ( 'NONE', #632, #3660 ) ;
#1781 =( LENGTH_UNIT ( ) NAMED_UNIT ( * ) SI_UNIT ( .MILLI., .METRE. ) );
#1782 = FILL_AREA_STYLE_COLOUR ( '', #1528 ) ;
#1783 = PRESENTATION_STYLE_ASSIGNMENT (( #3385 ) ) ;
#1784 = ORIENTED_EDGE ( 'NONE', *, *, #3631, .F. ) ;
#1785 = EDGE_CURVE ( 'NONE', #3444, #5512, #1780, .T. ) ;
#1786 = SURFACE_STYLE_FILL_AREA ( #6371 ) ;
#1787 = LINE ( 'NONE', #1126, #6655 ) ;
#1788 = PRESENTATION_LAYER_ASSIGNMENT (  '', '', ( #2641 ) ) ;
#1789 = CARTESIAN_POINT ( 'NONE',  ( 1.890000537724971119, 1.790000291494150853, 0.1000000000000000056 ) ) ;
#1790 = VECTOR ( 'NONE', #1155, 1000.000000000000000 ) ;
#1791 = DIRECTION ( 'NONE',  ( 0.000000000000000000, 0.000000000000000000, 1.000000000000000000 ) ) ;
#1792 = ADVANCED_FACE ( 'NONE', ( #13 ), #6517, .T. ) ;
#1793 = VECTOR ( 'NONE', #5686, 1000.000000000000000 ) ;
#1794 = FACE_OUTER_BOUND ( 'NONE', #3900, .T. ) ;
#1795 = ORIENTED_EDGE ( 'NONE', *, *, #5761, .F. ) ;
#1796 =( NAMED_UNIT ( * ) PLANE_ANGLE_UNIT ( ) SI_UNIT ( $, .RADIAN. ) );
#1797 = AXIS2_PLACEMENT_3D ( 'NONE', #7135, #6992, #2880 ) ;
#1798 = CARTESIAN_POINT ( 'NONE',  ( 0.1300005377252090033, 0.8000003025424580194, 0.1000000000000000056 ) ) ;
#1799 = CIRCLE ( 'NONE', #7359, 0.09999999999999990841 ) ;
#1800 = CARTESIAN_POINT ( 'NONE',  ( 1.818786731054929939, 0.3500002962467679835, 0.1000000000000000056 ) ) ;
#1801 =( NAMED_UNIT ( * ) SI_UNIT ( $, .STERADIAN. ) SOLID_ANGLE_UNIT ( ) );
#1802 = ORIENTED_EDGE ( 'NONE', *, *, #2421, .T. ) ;
#1803 = CARTESIAN_POINT ( 'NONE',  ( 1.970000533023269940, 1.060000296195650060, 0.1000000000000000056 ) ) ;
#1804 = CIRCLE ( 'NONE', #7116, 0.1000000000000000472 ) ;
#1805 = DIRECTION ( 'NONE',  ( 0.000000000000000000, 0.000000000000000000, 1.000000000000000000 ) ) ;
#1806 =( NAMED_UNIT ( * ) PLANE_ANGLE_UNIT ( ) SI_UNIT ( $, .RADIAN. ) );
#1807 = STYLED_ITEM ( 'NONE', ( #1372 ), #1694 ) ;
#1808 =( NAMED_UNIT ( * ) SI_UNIT ( $, .STERADIAN. ) SOLID_ANGLE_UNIT ( ) );
#1809 = PLANE ( 'NONE',  #5965 ) ;
#1810 = EDGE_LOOP ( 'NONE', ( #2898, #4286, #7039, #5631 ) ) ;
#1811 = LINE ( 'NONE', #1774, #3365 ) ;
#1812 = VERTEX_POINT ( 'NONE', #4958 ) ;
#1813 =( NAMED_UNIT ( * ) PLANE_ANGLE_UNIT ( ) SI_UNIT ( $, .RADIAN. ) );
#1814 = AXIS2_PLACEMENT_3D ( 'NONE', #5692, #2732, #903 ) ;
#1815 = CARTESIAN_POINT ( 'NONE',  ( 0.9100005377251819683, 1.690000296195879992, 0.000000000000000000 ) ) ;
#1816 = LINE ( 'NONE', #1339, #2086 ) ;
#1817 = PRESENTATION_STYLE_ASSIGNMENT (( #515 ) ) ;
#1818 = CARTESIAN_POINT ( 'NONE',  ( 1.970000533023269940, 0.4100002961956760728, 0.1000000000000000056 ) ) ;
#1819 = EDGE_CURVE ( 'NONE', #6567, #3220, #286, .T. ) ;
#1820 = CARTESIAN_POINT ( 'NONE',  ( 0.2000005377251450334, 0.3900002914941749776, 0.000000000000000000 ) ) ;
#1821 = CLOSED_SHELL ( 'NONE', ( #6956, #3320, #5930, #4863, #2542, #5987, #2815, #6259 ) ) ;
#1822 = ORIENTED_EDGE ( 'NONE', *, *, #5689, .T. ) ;
#1823 = PLANE ( 'NONE',  #3569 ) ;
#1824 = PLANE ( 'NONE',  #6309 ) ;
#1825 = UNCERTAINTY_MEASURE_WITH_UNIT (LENGTH_MEASURE( 1.000000000000000082E-05 ), #2217, 'distance_accuracy_value', 'NONE');
#1826 = PRESENTATION_LAYER_ASSIGNMENT (  '', '', ( #5177 ) ) ;
#1827 = VECTOR ( 'NONE', #930, 1000.000000000000000 ) ;
#1828 = EDGE_CURVE ( 'NONE', #2029, #2593, #3169, .T. ) ;
#1829 = DIRECTION ( 'NONE',  ( -1.000000000000000000, -0.000000000000000000, 0.000000000000000000 ) ) ;
#1830 = FILL_AREA_STYLE_COLOUR ( '', #458 ) ;
#1831 = VERTEX_POINT ( 'NONE', #7347 ) ;
#1832 = CARTESIAN_POINT ( 'NONE',  ( 1.870000537724990197, 0.8000003025424580194, 0.1000000000000000056 ) ) ;
#1833 = CARTESIAN_POINT ( 'NONE',  ( 0.7100005377251360494, 0.3100002961958809866, 0.000000000000000000 ) ) ;
#1834 = CARTESIAN_POINT ( 'NONE',  ( 2.000000537725100003, 1.710000296195629987, 0.1000000000000000056 ) ) ;
#1835 = COLOUR_RGB ( '',0.7490196078431372584, 0.7490196078431372584, 0.7490196078431372584 ) ;
#1836 = ORIENTED_EDGE ( 'NONE', *, *, #1872, .F. ) ;
#1837 = AXIS2_PLACEMENT_3D ( 'NONE', #5743, #7591, #4647 ) ;
#1838 = COLOUR_RGB ( '',0.7490196078431372584, 0.7490196078431372584, 0.7490196078431372584 ) ;
#1839 = CARTESIAN_POINT ( 'NONE',  ( 0.1300005377252090033, 0.1500003025424800074, 0.1000000000000000056 ) ) ;
#1840 = EDGE_CURVE ( 'NONE', #2639, #3506, #3711, .T. ) ;
#1841 = VECTOR ( 'NONE', #4659, 1000.000000000000000 ) ;
#1842 = CARTESIAN_POINT ( 'NONE',  ( 1.890000537725309959, 0.8600003008975819485, 0.1000000000000000056 ) ) ;
#1843 = STYLED_ITEM ( 'NONE', ( #2455 ), #5009 ) ;
#1844 = VECTOR ( 'NONE', #842, 1000.000000000000000 ) ;
#1845 = FILL_AREA_STYLE ('',( #4790 ) ) ;
#1846 = DIRECTION ( 'NONE',  ( 1.000000000000000000, 0.000000000000000000, -0.000000000000000000 ) ) ;
#1847 = EDGE_LOOP ( 'NONE', ( #3075, #6109, #4921, #5086 ) ) ;
#1848 = LINE ( 'NONE', #1689, #6881 ) ;
#1849 = DIRECTION ( 'NONE',  ( 1.000000000000000000, 0.000000000000000000, 0.000000000000000000 ) ) ;
#1850 =( GEOMETRIC_REPRESENTATION_CONTEXT ( 3 ) GLOBAL_UNCERTAINTY_ASSIGNED_CONTEXT ( ( #7427 ) ) GLOBAL_UNIT_ASSIGNED_CONTEXT ( ( #7345, #3855, #3336 ) ) REPRESENTATION_CONTEXT ( 'NONE', 'WORKASPACE' ) );
#1851 =( GEOMETRIC_REPRESENTATION_CONTEXT ( 3 ) GLOBAL_UNCERTAINTY_ASSIGNED_CONTEXT ( ( #3109 ) ) GLOBAL_UNIT_ASSIGNED_CONTEXT ( ( #5404, #3615, #5970 ) ) REPRESENTATION_CONTEXT ( 'NONE', 'WORKASPACE' ) );
#1852 = EDGE_CURVE ( 'NONE', #1534, #2184, #6164, .T. ) ;
#1853 = UNCERTAINTY_MEASURE_WITH_UNIT (LENGTH_MEASURE( 1.000000000000000082E-05 ), #2731, 'distance_accuracy_value', 'NONE');
#1854 = FILL_AREA_STYLE_COLOUR ( '', #5707 ) ;
#1855 = COLOUR_RGB ( '',0.7490196078431372584, 0.7490196078431372584, 0.7490196078431372584 ) ;
#1856 = VERTEX_POINT ( 'NONE', #4358 ) ;
#1857 = CARTESIAN_POINT ( 'NONE',  ( 1.000000537725110217, 1.850000296195840166, 0.2030000000000000415 ) ) ;
#1858 = FILL_AREA_STYLE_COLOUR ( '', #7397 ) ;
#1859 = CARTESIAN_POINT ( 'NONE',  ( 0.1300005377252090033, 1.510000300897559988, 0.1000000000000000056 ) ) ;
#1860 = COLOUR_RGB ( '',0.2509803921568627416, 0.2509803921568627416, 0.2509803921568627416 ) ;
#1861 = UNCERTAINTY_MEASURE_WITH_UNIT (LENGTH_MEASURE( 1.000000000000000082E-05 ), #3296, 'distance_accuracy_value', 'NONE');
#1862 = DIRECTION ( 'NONE',  ( 1.000000000000000000, 0.000000000000000000, 0.000000000000000000 ) ) ;
#1863 = ORIENTED_EDGE ( 'NONE', *, *, #5756, .T. ) ;
#1864 = APPLICATION_PROTOCOL_DEFINITION ( 'draft international standard', 'automotive_design', 1998, #35 ) ;
#1865 = AXIS2_PLACEMENT_3D ( 'NONE', #6075, #2514, #4897 ) ;
#1866 = SURFACE_STYLE_USAGE ( .BOTH. , #2950 ) ;
#1867 = DIRECTION ( 'NONE',  ( 1.000000000000000000, 0.000000000000000000, 0.000000000000000000 ) ) ;
#1868 = FILL_AREA_STYLE_COLOUR ( '', #3065 ) ;
#1869 = FILL_AREA_STYLE_COLOUR ( '', #574 ) ;
#1870 = MECHANICAL_DESIGN_GEOMETRIC_PRESENTATION_REPRESENTATION (  '', ( #3768 ), #1850 ) ;
#1871 = STYLED_ITEM ( 'NONE', ( #2783 ), #6917 ) ;
#1872 = EDGE_CURVE ( 'NONE', #7568, #3059, #3218, .T. ) ;
#1873 = CARTESIAN_POINT ( 'NONE',  ( 0.1300005377252090033, 0.8000003025424580194, 0.1000000000000000056 ) ) ;
#1874 = ORIENTED_EDGE ( 'NONE', *, *, #789, .F. ) ;
#1875 =( LENGTH_UNIT ( ) NAMED_UNIT ( * ) SI_UNIT ( .MILLI., .METRE. ) );
#1876 = SURFACE_STYLE_FILL_AREA ( #4176 ) ;
#1877 = MECHANICAL_DESIGN_GEOMETRIC_PRESENTATION_REPRESENTATION (  '', ( #872 ), #3478 ) ;
#1878 = VECTOR ( 'NONE', #825, 1000.000000000000000 ) ;
#1879 = ORIENTED_EDGE ( 'NONE', *, *, #2688, .F. ) ;
#1880 = EDGE_CURVE ( 'NONE', #6006, #5498, #2043, .T. ) ;
#1881 = UNCERTAINTY_MEASURE_WITH_UNIT (LENGTH_MEASURE( 1.000000000000000082E-05 ), #5573, 'distance_accuracy_value', 'NONE');
#1882 = PLANE ( 'NONE',  #3862 ) ;
#1883 = AXIS2_PLACEMENT_3D ( 'NONE', #4076, #6457, #6528 ) ;
#1884 = ORIENTED_EDGE ( 'NONE', *, *, #5537, .F. ) ;
#1885 = ORIENTED_EDGE ( 'NONE', *, *, #2225, .T. ) ;
#1886 =( NAMED_UNIT ( * ) PLANE_ANGLE_UNIT ( ) SI_UNIT ( $, .RADIAN. ) );
#1887 = EDGE_CURVE ( 'NONE', #6417, #3654, #4400, .T. ) ;
#1888 = DIRECTION ( 'NONE',  ( 0.000000000000000000, 0.000000000000000000, -1.000000000000000000 ) ) ;
#1889 = CARTESIAN_POINT ( 'NONE',  ( 0.2000005377251450334, 1.790000291494129980, 0.000000000000000000 ) ) ;
#1890 = ORIENTED_EDGE ( 'NONE', *, *, #4030, .F. ) ;
#1891 = DIRECTION ( 'NONE',  ( 1.000000000000000000, 0.000000000000000000, -0.000000000000000000 ) ) ;
#1892 = ADVANCED_FACE ( 'NONE', ( #6781 ), #3259, .T. ) ;
#1893 = AXIS2_PLACEMENT_3D ( 'NONE', #7139, #6792, #5546 ) ;
#1894 =( NAMED_UNIT ( * ) PLANE_ANGLE_UNIT ( ) SI_UNIT ( $, .RADIAN. ) );
#1895 = ORIENTED_EDGE ( 'NONE', *, *, #7335, .F. ) ;
#1896 = LINE ( 'NONE', #1192, #6167 ) ;
#1897 =( NAMED_UNIT ( * ) SI_UNIT ( $, .STERADIAN. ) SOLID_ANGLE_UNIT ( ) );
#1898 = ORIENTED_EDGE ( 'NONE', *, *, #2575, .F. ) ;
#1899 = DIRECTION ( 'NONE',  ( -0.000000000000000000, -0.000000000000000000, -1.000000000000000000 ) ) ;
#1900 = ORIENTED_EDGE ( 'NONE', *, *, #7590, .F. ) ;
#1901 = VECTOR ( 'NONE', #5731, 1000.000000000000000 ) ;
#1902 = LINE ( 'NONE', #2547, #6788 ) ;
#1903 = PLANE ( 'NONE',  #3197 ) ;
#1904 = VERTEX_POINT ( 'NONE', #3851 ) ;
#1905 = CARTESIAN_POINT ( 'NONE',  ( 5.377251000027170150E-07, 1.140000291494180029, 0.000000000000000000 ) ) ;
#1906 = CARTESIAN_POINT ( 'NONE',  ( 0.3100005377250449889, 0.1500003025424800074, 0.1000000000000000056 ) ) ;
#1907 = DIRECTION ( 'NONE',  ( 0.000000000000000000, 0.000000000000000000, 1.000000000000000000 ) ) ;
#1908 = FILL_AREA_STYLE_COLOUR ( '', #4666 ) ;
#1910 = ORIENTED_EDGE ( 'NONE', *, *, #4905, .F. ) ;
#1909 = CARTESIAN_POINT ( 'NONE',  ( 0.1100005377252279981, 1.140000291494180029, 0.1000000000000000056 ) ) ;
#1911 = STYLED_ITEM ( 'NONE', ( #3473 ), #3433 ) ;
#1912 =( NAMED_UNIT ( * ) PLANE_ANGLE_UNIT ( ) SI_UNIT ( $, .RADIAN. ) );
#1913 = ORIENTED_EDGE ( 'NONE', *, *, #2343, .F. ) ;
#1914 = EDGE_CURVE ( 'NONE', #6230, #1687, #2153, .T. ) ;
#1915 =( NAMED_UNIT ( * ) SI_UNIT ( $, .STERADIAN. ) SOLID_ANGLE_UNIT ( ) );
#1916 = MECHANICAL_DESIGN_GEOMETRIC_PRESENTATION_REPRESENTATION (  '', ( #6388 ), #7001 ) ;
#1917 = SURFACE_STYLE_USAGE ( .BOTH. , #2484 ) ;
#1918 = LINE ( 'NONE', #6644, #6398 ) ;
#1919 = ADVANCED_FACE ( 'NONE', ( #321 ), #2646, .F. ) ;
#1920 = UNCERTAINTY_MEASURE_WITH_UNIT (LENGTH_MEASURE( 1.000000000000000082E-05 ), #431, 'distance_accuracy_value', 'NONE');
#1921 = VERTEX_POINT ( 'NONE', #4754 ) ;
#1922 = LINE ( 'NONE', #128, #7511 ) ;
#1923 = FACE_OUTER_BOUND ( 'NONE', #2452, .T. ) ;
#1924 = SURFACE_SIDE_STYLE ('',( #676 ) ) ;
#1925 = EDGE_CURVE ( 'NONE', #1110, #1174, #1684, .T. ) ;
#1926 = LINE ( 'NONE', #2499, #335 ) ;
#1927 = ORIENTED_EDGE ( 'NONE', *, *, #1061, .T. ) ;
#1928 = LINE ( 'NONE', #1514, #2843 ) ;
#1929 = STYLED_ITEM ( 'NONE', ( #5484 ), #1635 ) ;
#1930 = ORIENTED_EDGE ( 'NONE', *, *, #782, .F. ) ;
#1931 = DIRECTION ( 'NONE',  ( -0.000000000000000000, 0.000000000000000000, -1.000000000000000000 ) ) ;
#1932 = FILL_AREA_STYLE_COLOUR ( '', #5420 ) ;
#1933 = ADVANCED_FACE ( 'NONE', ( #5294 ), #1099, .T. ) ;
#1934 = CARTESIAN_POINT ( 'NONE',  ( 2.000000537725100003, 1.140000291494180029, 0.1000000000000000056 ) ) ;
#1935 = ORIENTED_EDGE ( 'NONE', *, *, #4633, .F. ) ;
#1936 = CARTESIAN_POINT ( 'NONE',  ( 1.800000537725050309, 0.9600003008976040197, 0.000000000000000000 ) ) ;
#1937 = FILL_AREA_STYLE_COLOUR ( '', #5269 ) ;
#1938 = AXIS2_PLACEMENT_3D ( 'NONE', #964, #1632, #1003 ) ;
#1939 = ORIENTED_EDGE ( 'NONE', *, *, #7367, .T. ) ;
#1940 = AXIS2_PLACEMENT_3D ( 'NONE', #6618, #671, #1297 ) ;
#1941 = MECHANICAL_DESIGN_GEOMETRIC_PRESENTATION_REPRESENTATION (  '', ( #5044 ), #4546 ) ;
#1942 =( GEOMETRIC_REPRESENTATION_CONTEXT ( 3 ) GLOBAL_UNCERTAINTY_ASSIGNED_CONTEXT ( ( #6893 ) ) GLOBAL_UNIT_ASSIGNED_CONTEXT ( ( #2632, #1124, #5872 ) ) REPRESENTATION_CONTEXT ( 'NONE', 'WORKASPACE' ) );
#1943 = ORIENTED_EDGE ( 'NONE', *, *, #2859, .F. ) ;
#1944 = FILL_AREA_STYLE ('',( #1366 ) ) ;
#1945 = PRESENTATION_LAYER_ASSIGNMENT (  '', '', ( #573 ) ) ;
#1946 = VECTOR ( 'NONE', #4886, 1000.000000000000000 ) ;
#1947 = ORIENTED_EDGE ( 'NONE', *, *, #6394, .T. ) ;
#1948 = FILL_AREA_STYLE_COLOUR ( '', #786 ) ;
#1949 = VECTOR ( 'NONE', #1002, 1000.000000000000000 ) ;
#1950 = VECTOR ( 'NONE', #16, 1000.000000000000000 ) ;
#1951 = MECHANICAL_DESIGN_GEOMETRIC_PRESENTATION_REPRESENTATION (  '', ( #1470 ), #3204 ) ;
#1952 = COLOUR_RGB ( '',0.7490196078431372584, 0.7490196078431372584, 0.7490196078431372584 ) ;
#1953 = ADVANCED_FACE ( 'NONE', ( #6465 ), #5366, .T. ) ;
#1954 = CARTESIAN_POINT ( 'NONE',  ( 0.1300005377252090033, 0.5500002899657370214, 0.1000000000000000056 ) ) ;
#1955 = EDGE_LOOP ( 'NONE', ( #253, #5232, #6555, #2971, #6500, #1641, #5073, #4657, #4366, #1513, #1988, #2233 ) ) ;
#1956 = VECTOR ( 'NONE', #7159, 1000.000000000000000 ) ;
#1957 = SURFACE_STYLE_FILL_AREA ( #714 ) ;
#1958 = STYLED_ITEM ( 'NONE', ( #4443 ), #5080 ) ;
#1959 = STYLED_ITEM ( 'NONE', ( #1406 ), #2874 ) ;
#1960 = EDGE_CURVE ( 'NONE', #1382, #1659, #3116, .T. ) ;
#1961 =( NAMED_UNIT ( * ) SI_UNIT ( $, .STERADIAN. ) SOLID_ANGLE_UNIT ( ) );
#1962 = COLOUR_RGB ( '',0.7490196078431372584, 0.7490196078431372584, 0.7490196078431372584 ) ;
#1963 = CARTESIAN_POINT ( 'NONE',  ( 1.818786731054929939, 1.510000300897559988, 0.2030000000000000415 ) ) ;
#1964 = PRESENTATION_STYLE_ASSIGNMENT (( #6093 ) ) ;
#1965 = LINE ( 'NONE', #4320, #6191 ) ;
#1966 = DIRECTION ( 'NONE',  ( -1.000000000000000000, 3.235507100339109776E-13, 0.000000000000000000 ) ) ;
#1967 = LINE ( 'NONE', #5037, #5327 ) ;
#1968 =( LENGTH_UNIT ( ) NAMED_UNIT ( * ) SI_UNIT ( .MILLI., .METRE. ) );
#1969 = ORIENTED_EDGE ( 'NONE', *, *, #686, .F. ) ;
#1970 = VECTOR ( 'NONE', #579, 1000.000000000000000 ) ;
#1971 = VECTOR ( 'NONE', #7313, 1000.000000000000000 ) ;
#1972 = EDGE_CURVE ( 'NONE', #1317, #5014, #2477, .T. ) ;
#1973 = LINE ( 'NONE', #98, #7524 ) ;
#1974 = DIRECTION ( 'NONE',  ( -0.000000000000000000, 1.000000000000000000, 0.000000000000000000 ) ) ;
#1975 = VECTOR ( 'NONE', #4973, 1000.000000000000000 ) ;
#1976 = LINE ( 'NONE', #1395, #3324 ) ;
#1977 = FACE_OUTER_BOUND ( 'NONE', #2774, .T. ) ;
#1978 = SURFACE_SIDE_STYLE ('',( #6144 ) ) ;
#1979 = FILL_AREA_STYLE ('',( #1239 ) ) ;
#1980 = EDGE_LOOP ( 'NONE', ( #657, #7343, #3973, #2442 ) ) ;
#1981 = EDGE_CURVE ( 'NONE', #6085, #3245, #1322, .T. ) ;
#1982 =( GEOMETRIC_REPRESENTATION_CONTEXT ( 3 ) GLOBAL_UNCERTAINTY_ASSIGNED_CONTEXT ( ( #7476 ) ) GLOBAL_UNIT_ASSIGNED_CONTEXT ( ( #3704, #5525, #4308 ) ) REPRESENTATION_CONTEXT ( 'NONE', 'WORKASPACE' ) );
#1983 = FILL_AREA_STYLE ('',( #5560 ) ) ;
#1984 = ORIENTED_EDGE ( 'NONE', *, *, #974, .F. ) ;
#1985 = FACE_OUTER_BOUND ( 'NONE', #6380, .T. ) ;
#1986 = FILL_AREA_STYLE_COLOUR ( '', #2357 ) ;
#1987 = STYLED_ITEM ( 'NONE', ( #6534 ), #7268 ) ;
#1988 = ORIENTED_EDGE ( 'NONE', *, *, #3293, .T. ) ;
#1989 = DIRECTION ( 'NONE',  ( 0.000000000000000000, -0.000000000000000000, -1.000000000000000000 ) ) ;
#1990 = STYLED_ITEM ( 'NONE', ( #3695 ), #7352 ) ;
#1991 = DIRECTION ( 'NONE',  ( 1.000000000000000000, 0.000000000000000000, -0.000000000000000000 ) ) ;
#1992 = CARTESIAN_POINT ( 'NONE',  ( 0.03000054242693269910, 1.710000296195629987, 0.1000000000000000056 ) ) ;
#1993 = DIRECTION ( 'NONE',  ( -0.7071067811875499931, 0.7071067811855450413, 0.000000000000000000 ) ) ;
#1994 = UNCERTAINTY_MEASURE_WITH_UNIT (LENGTH_MEASURE( 1.000000000000000082E-05 ), #60, 'distance_accuracy_value', 'NONE');
#1995 = PRESENTATION_STYLE_ASSIGNMENT (( #2612 ) ) ;
#1996 = LINE ( 'NONE', #3209, #6723 ) ;
#1997 = ORIENTED_EDGE ( 'NONE', *, *, #7367, .F. ) ;
#1998 = VECTOR ( 'NONE', #2595, 1000.000000000000000 ) ;
#1999 =( GEOMETRIC_REPRESENTATION_CONTEXT ( 3 ) GLOBAL_UNCERTAINTY_ASSIGNED_CONTEXT ( ( #6491 ) ) GLOBAL_UNIT_ASSIGNED_CONTEXT ( ( #2137, #1602, #351 ) ) REPRESENTATION_CONTEXT ( 'NONE', 'WORKASPACE' ) );
#2000 = LINE ( 'NONE', #4354, #4279 ) ;
#2001 = FACE_OUTER_BOUND ( 'NONE', #2979, .T. ) ;
#2002 = EDGE_CURVE ( 'NONE', #5958, #6989, #6903, .T. ) ;
#2003 = SURFACE_STYLE_FILL_AREA ( #7468 ) ;
#2004 = FILL_AREA_STYLE_COLOUR ( '', #4175 ) ;
#2005 = DIRECTION ( 'NONE',  ( 0.000000000000000000, 0.000000000000000000, -1.000000000000000000 ) ) ;
#2006 = DIRECTION ( 'NONE',  ( 0.7071067811860746177, 0.7071067811870205277, 0.000000000000000000 ) ) ;
#2007 = ORIENTED_EDGE ( 'NONE', *, *, #7182, .F. ) ;
#2008 = CARTESIAN_POINT ( 'NONE',  ( 1.870000537724990197, 0.1500003025424800074, 0.1000000000000000056 ) ) ;
#2009 = DIRECTION ( 'NONE',  ( -1.000000000000000000, 3.700743516871580010E-15, 0.000000000000000000 ) ) ;
#2010 = ORIENTED_EDGE ( 'NONE', *, *, #3044, .T. ) ;
#2011 = LINE ( 'NONE', #2131, #5188 ) ;
#2012 = SURFACE_STYLE_FILL_AREA ( #7317 ) ;
#2013 =( GEOMETRIC_REPRESENTATION_CONTEXT ( 3 ) GLOBAL_UNCERTAINTY_ASSIGNED_CONTEXT ( ( #752 ) ) GLOBAL_UNIT_ASSIGNED_CONTEXT ( ( #6187, #2178, #6228 ) ) REPRESENTATION_CONTEXT ( 'NONE', 'WORKASPACE' ) );
#2014 = CARTESIAN_POINT ( 'NONE',  ( 0.3100005377250449889, 0.1500003025424800074, 0.2030000000000000415 ) ) ;
#2015 =( GEOMETRIC_REPRESENTATION_CONTEXT ( 3 ) GLOBAL_UNCERTAINTY_ASSIGNED_CONTEXT ( ( #2878 ) ) GLOBAL_UNIT_ASSIGNED_CONTEXT ( ( #3561, #49, #1897 ) ) REPRESENTATION_CONTEXT ( 'NONE', 'WORKASPACE' ) );
#2016 = LINE ( 'NONE', #6184, #1975 ) ;
#2017 = CARTESIAN_POINT ( 'NONE',  ( 1.690000537725149909, 0.8000003025424580194, 0.1000000000000000056 ) ) ;
#2018 = EDGE_CURVE ( 'NONE', #4213, #3506, #494, .T. ) ;
#2019 = ORIENTED_EDGE ( 'NONE', *, *, #4905, .T. ) ;
#2020 = CARTESIAN_POINT ( 'NONE',  ( 1.400000537725190064, 0.1500002961959130132, 0.2030000000000000415 ) ) ;
#2021 = PRESENTATION_LAYER_ASSIGNMENT (  '', '', ( #5365 ) ) ;
#2022 = DIRECTION ( 'NONE',  ( -0.000000000000000000, 1.000000000000000000, 0.000000000000000000 ) ) ;
#2023 = EDGE_LOOP ( 'NONE', ( #302, #2937, #96, #4614 ) ) ;
#2024 = SURFACE_STYLE_FILL_AREA ( #4225 ) ;
#2025 = EDGE_CURVE ( 'NONE', #3137, #809, #1638, .T. ) ;
#2026 = ORIENTED_EDGE ( 'NONE', *, *, #1336, .F. ) ;
#2027 = DIRECTION ( 'NONE',  ( 0.000000000000000000, -0.000000000000000000, -1.000000000000000000 ) ) ;
#2028 = CARTESIAN_POINT ( 'NONE',  ( 2.000000537725100003, 0.3500002962467679835, 0.2030000000000000415 ) ) ;
#2029 = VERTEX_POINT ( 'NONE', #461 ) ;
#2030 = DIRECTION ( 'NONE',  ( 0.000000000000000000, 0.000000000000000000, 1.000000000000000000 ) ) ;
#2031 = CARTESIAN_POINT ( 'NONE',  ( 1.550000537725050087, 2.000000296195940219, 0.1000000000000000056 ) ) ;
#2032 = AXIS2_PLACEMENT_3D ( 'NONE', #1820, #7125, #1867 ) ;
#2033 = CARTESIAN_POINT ( 'NONE',  ( 5.377251000027170150E-07, 0.2100003008976050189, 0.000000000000000000 ) ) ;
#2034 = SURFACE_SIDE_STYLE ('',( #1500 ) ) ;
#2035 = CARTESIAN_POINT ( 'NONE',  ( 1.870000537724990197, 0.4900002914941979926, 0.1000000000000000056 ) ) ;
#2036 = PLANE ( 'NONE',  #6955 ) ;
#2037 = ORIENTED_EDGE ( 'NONE', *, *, #5659, .F. ) ;
#2038 = MECHANICAL_DESIGN_GEOMETRIC_PRESENTATION_REPRESENTATION (  '', ( #2775 ), #3037 ) ;
#2039 = STYLED_ITEM ( 'NONE', ( #6448 ), #1206 ) ;
#2040 = SURFACE_STYLE_USAGE ( .BOTH. , #6739 ) ;
#2041 =( GEOMETRIC_REPRESENTATION_CONTEXT ( 3 ) GLOBAL_UNCERTAINTY_ASSIGNED_CONTEXT ( ( #6515 ) ) GLOBAL_UNIT_ASSIGNED_CONTEXT ( ( #633, #1341, #759 ) ) REPRESENTATION_CONTEXT ( 'NONE', 'WORKASPACE' ) );
#2042 = CARTESIAN_POINT ( 'NONE',  ( 1.870000537724990197, 1.790000291494149964, 0.2030000000000000415 ) ) ;
#2043 = LINE ( 'NONE', #3131, #3427 ) ;
#2044 = FILL_AREA_STYLE_COLOUR ( '', #4140 ) ;
#2045 = ORIENTED_EDGE ( 'NONE', *, *, #6137, .F. ) ;
#2046 = DIRECTION ( 'NONE',  ( -1.000000000000000000, -0.000000000000000000, -0.000000000000000000 ) ) ;
#2047 = VERTEX_POINT ( 'NONE', #1609 ) ;
#2048 = SURFACE_SIDE_STYLE ('',( #796 ) ) ;
#2049 = ORIENTED_EDGE ( 'NONE', *, *, #5756, .F. ) ;
#2050 = UNCERTAINTY_MEASURE_WITH_UNIT (LENGTH_MEASURE( 1.000000000000000082E-05 ), #7383, 'distance_accuracy_value', 'NONE');
#2051 = SURFACE_STYLE_FILL_AREA ( #6296 ) ;
#2052 = DIRECTION ( 'NONE',  ( 0.000000000000000000, -0.000000000000000000, 1.000000000000000000 ) ) ;
#2053 = FILL_AREA_STYLE_COLOUR ( '', #1596 ) ;
#2054 = ADVANCED_FACE ( 'NONE', ( #2917 ), #2793, .T. ) ;
#2055 = LINE ( 'NONE', #6598, #3958 ) ;
#2056 = AXIS2_PLACEMENT_3D ( 'NONE', #6156, #4475, #6852 ) ;
#2057 = VERTEX_POINT ( 'NONE', #4618 ) ;
#2058 = SURFACE_SIDE_STYLE ('',( #3105 ) ) ;
#2059 = CARTESIAN_POINT ( 'NONE',  ( 1.400000537725190064, 0.1500002961959130132, 0.1000000000000000056 ) ) ;
#2060 = SURFACE_SIDE_STYLE ('',( #2788 ) ) ;
#2061 = ORIENTED_EDGE ( 'NONE', *, *, #4900, .T. ) ;
#2062 = CARTESIAN_POINT ( 'NONE',  ( 1.890000537725309959, 1.510000300897559988, 0.1000000000000000056 ) ) ;
#2063 = ADVANCED_FACE ( 'NONE', ( #5841 ), #7067, .T. ) ;
#2064 = ORIENTED_EDGE ( 'NONE', *, *, #5967, .T. ) ;
#2065 = CARTESIAN_POINT ( 'NONE',  ( 0.1300005377252090033, 0.1500003025424800074, 0.1000000000000000056 ) ) ;
#2066 = MECHANICAL_DESIGN_GEOMETRIC_PRESENTATION_REPRESENTATION (  '', ( #947 ), #1942 ) ;
#2067 = DIRECTION ( 'NONE',  ( 0.7071067811860450858, 0.7071067811870500597, 0.000000000000000000 ) ) ;
#2068 = EDGE_CURVE ( 'NONE', #2108, #2810, #524, .T. ) ;
#2069 = MECHANICAL_DESIGN_GEOMETRIC_PRESENTATION_REPRESENTATION (  '', ( #7027 ), #2811 ) ;
#2070 = PRESENTATION_STYLE_ASSIGNMENT (( #2608 ) ) ;
#2071 = AXIS2_PLACEMENT_3D ( 'NONE', #860, #6311, #3804 ) ;
#2072 = LINE ( 'NONE', #1576, #2894 ) ;
#2073 = SURFACE_STYLE_USAGE ( .BOTH. , #7382 ) ;
#2074 = DIRECTION ( 'NONE',  ( -0.000000000000000000, 1.000000000000000000, 0.000000000000000000 ) ) ;
#2075 = UNCERTAINTY_MEASURE_WITH_UNIT (LENGTH_MEASURE( 1.000000000000000082E-05 ), #915, 'distance_accuracy_value', 'NONE');
#2076 = EDGE_LOOP ( 'NONE', ( #3409, #5332, #7575, #2987 ) ) ;
#2077 =( NAMED_UNIT ( * ) SI_UNIT ( $, .STERADIAN. ) SOLID_ANGLE_UNIT ( ) );
#2078 = VECTOR ( 'NONE', #66, 1000.000000000000000 ) ;
#2079 = STYLED_ITEM ( 'NONE', ( #6212 ), #459 ) ;
#2080 = PRESENTATION_LAYER_ASSIGNMENT (  '', '', ( #2948 ) ) ;
#2081 = SURFACE_STYLE_USAGE ( .BOTH. , #7388 ) ;
#2082 = ADVANCED_FACE ( 'NONE', ( #2756 ), #5141, .T. ) ;
#2083 =( NAMED_UNIT ( * ) SI_UNIT ( $, .STERADIAN. ) SOLID_ANGLE_UNIT ( ) );
#2084 = DIRECTION ( 'NONE',  ( 0.7071067811860296537, -0.7071067811870653808, 0.000000000000000000 ) ) ;
#2085 = ORIENTED_EDGE ( 'NONE', *, *, #301, .T. ) ;
#2086 = VECTOR ( 'NONE', #7668, 1000.000000000000000 ) ;
#2087 =( GEOMETRIC_REPRESENTATION_CONTEXT ( 3 ) GLOBAL_UNCERTAINTY_ASSIGNED_CONTEXT ( ( #3483 ) ) GLOBAL_UNIT_ASSIGNED_CONTEXT ( ( #879, #7273, #6254 ) ) REPRESENTATION_CONTEXT ( 'NONE', 'WORKASPACE' ) );
#2088 = ORIENTED_EDGE ( 'NONE', *, *, #1219, .T. ) ;
#2089 = CARTESIAN_POINT ( 'NONE',  ( 0.03000054242693300094, 1.590000296195630103, 0.1000000000000000056 ) ) ;
#2090 = FACE_OUTER_BOUND ( 'NONE', #5279, .T. ) ;
#2091 = EDGE_LOOP ( 'NONE', ( #6741, #2088, #6572, #92, #5176, #3915, #1325, #4143, #921, #6811, #6477, #3749 ) ) ;
#2092 = COLOUR_RGB ( '',0.7490196078431372584, 0.7490196078431372584, 0.7490196078431372584 ) ;
#2093 = PRESENTATION_LAYER_ASSIGNMENT (  '', '', ( #6674 ) ) ;
#2094 = CARTESIAN_POINT ( 'NONE',  ( 1.284999967722169956, 1.000000296195939997, 0.2030000000000000415 ) ) ;
#2095 = SURFACE_STYLE_USAGE ( .BOTH. , #6181 ) ;
#2096 = SURFACE_STYLE_FILL_AREA ( #414 ) ;
#2097 = PRESENTATION_STYLE_ASSIGNMENT (( #6797 ) ) ;
#2098 = CARTESIAN_POINT ( 'NONE',  ( 5.377250998394364854E-07, 0.9400002961956489544, 0.2030000000000000415 ) ) ;
#2099 = FACE_OUTER_BOUND ( 'NONE', #2539, .T. ) ;
#2100 = VECTOR ( 'NONE', #6383, 1000.000000000000000 ) ;
#2101 = SURFACE_STYLE_FILL_AREA ( #7364 ) ;
#2102 = VERTEX_POINT ( 'NONE', #4285 ) ;
#2103 = DIRECTION ( 'NONE',  ( 0.000000000000000000, -0.000000000000000000, -1.000000000000000000 ) ) ;
#2104 = EDGE_CURVE ( 'NONE', #6603, #311, #6678, .T. ) ;
#2105 = VECTOR ( 'NONE', #1312, 1000.000000000000000 ) ;
#2106 = VECTOR ( 'NONE', #3901, 1000.000000000000000 ) ;
#2107 = FILL_AREA_STYLE ('',( #460 ) ) ;
#2108 = VERTEX_POINT ( 'NONE', #2098 ) ;
#2109 = FILL_AREA_STYLE ('',( #3194 ) ) ;
#2110 = ORIENTED_EDGE ( 'NONE', *, *, #1411, .F. ) ;
#2111 = EDGE_CURVE ( 'NONE', #3220, #1065, #3836, .T. ) ;
#2112 = AXIS2_PLACEMENT_3D ( 'NONE', #3722, #3757, #6138 ) ;
#2113 = STYLED_ITEM ( 'NONE', ( #2450 ), #6956 ) ;
#2114 = SURFACE_SIDE_STYLE ('',( #5179 ) ) ;
#2115 = FILL_AREA_STYLE ('',( #5849 ) ) ;
#2116 = CARTESIAN_POINT ( 'NONE',  ( 1.970000533023269940, 0.4100002961956760728, 0.2030000000000000415 ) ) ;
#2117 = ORIENTED_EDGE ( 'NONE', *, *, #1219, .F. ) ;
#2118 = EDGE_CURVE ( 'NONE', #25, #2856, #6754, .T. ) ;
#2119 = DIRECTION ( 'NONE',  ( 0.000000000000000000, -0.000000000000000000, 1.000000000000000000 ) ) ;
#2120 = MECHANICAL_DESIGN_GEOMETRIC_PRESENTATION_REPRESENTATION (  '', ( #5714 ), #3969 ) ;
#2121 = AXIS2_PLACEMENT_3D ( 'NONE', #4867, #6606, #1846 ) ;
#2122 = DIRECTION ( 'NONE',  ( 0.000000000000000000, -0.000000000000000000, -1.000000000000000000 ) ) ;
#2123 = CARTESIAN_POINT ( 'NONE',  ( 0.2000005377251450334, 1.140000291494150053, 0.000000000000000000 ) ) ;
#2124 = ORIENTED_EDGE ( 'NONE', *, *, #6614, .F. ) ;
#2125 =( GEOMETRIC_REPRESENTATION_CONTEXT ( 3 ) GLOBAL_UNCERTAINTY_ASSIGNED_CONTEXT ( ( #2914 ) ) GLOBAL_UNIT_ASSIGNED_CONTEXT ( ( #5797, #1677, #5249 ) ) REPRESENTATION_CONTEXT ( 'NONE', 'WORKASPACE' ) );
#2126 = LINE ( 'NONE', #4484, #4170 ) ;
#2127 = ORIENTED_EDGE ( 'NONE', *, *, #4623, .T. ) ;
#2128 = ADVANCED_FACE ( 'NONE', ( #5045 ), #804, .T. ) ;
#2129 = CARTESIAN_POINT ( 'NONE',  ( 0.2000005377251460048, 1.690000291494129891, 0.000000000000000000 ) ) ;
#2130 = ORIENTED_EDGE ( 'NONE', *, *, #4222, .F. ) ;
#2131 = CARTESIAN_POINT ( 'NONE',  ( 1.818786731054929939, 0.2900002961956720249, 0.2030000000000000415 ) ) ;
#2132 = UNCERTAINTY_MEASURE_WITH_UNIT (LENGTH_MEASURE( 1.000000000000000082E-05 ), #2182, 'distance_accuracy_value', 'NONE');
#2133 = CARTESIAN_POINT ( 'NONE',  ( 1.400000537725190064, 1.850000296195840166, 0.1000000000000000056 ) ) ;
#2134 = VECTOR ( 'NONE', #3384, 1000.000000000000000 ) ;
#2135 = LINE ( 'NONE', #6297, #7041 ) ;
#2136 = DIRECTION ( 'NONE',  ( 0.000000000000000000, -1.000000000000000000, -0.000000000000000000 ) ) ;
#2137 =( LENGTH_UNIT ( ) NAMED_UNIT ( * ) SI_UNIT ( .MILLI., .METRE. ) );
#2138 = SURFACE_STYLE_FILL_AREA ( #5099 ) ;
#2139 = DIRECTION ( 'NONE',  ( 0.000000000000000000, -1.000000000000000000, 0.000000000000000000 ) ) ;
#2140 = ORIENTED_EDGE ( 'NONE', *, *, #2208, .T. ) ;
#2141 = LINE ( 'NONE', #5015, #1454 ) ;
#2142 = COLOUR_RGB ( '',0.7490196078431372584, 0.7490196078431372584, 0.7490196078431372584 ) ;
#2143 = CARTESIAN_POINT ( 'NONE',  ( 0.2000005377251450056, 0.2100003008976160102, 0.1000000000000000056 ) ) ;
#2144 = LINE ( 'NONE', #6725, #3679 ) ;
#2145 = ORIENTED_EDGE ( 'NONE', *, *, #6541, .F. ) ;
#2146 =( NAMED_UNIT ( * ) PLANE_ANGLE_UNIT ( ) SI_UNIT ( $, .RADIAN. ) );
#2147 = LINE ( 'NONE', #1088, #1001 ) ;
#2148 = FILL_AREA_STYLE_COLOUR ( '', #1290 ) ;
#2149 = CARTESIAN_POINT ( 'NONE',  ( 0.3000005377251450112, 1.610000300897580283, 0.000000000000000000 ) ) ;
#2150 =( NAMED_UNIT ( * ) SI_UNIT ( $, .STERADIAN. ) SOLID_ANGLE_UNIT ( ) );
#2151 = PRODUCT ( 'AP7583Q-50FDZW-7', 'AP7583Q-50FDZW-7', '', ( #639 ) ) ;
#2152 =( NAMED_UNIT ( * ) PLANE_ANGLE_UNIT ( ) SI_UNIT ( $, .RADIAN. ) );
#2153 = LINE ( 'NONE', #4515, #1691 ) ;
#2154 = UNCERTAINTY_MEASURE_WITH_UNIT (LENGTH_MEASURE( 1.000000000000000082E-05 ), #1361, 'distance_accuracy_value', 'NONE');
#2155 = PRESENTATION_LAYER_ASSIGNMENT (  '', '', ( #4996 ) ) ;
#2156 = DIRECTION ( 'NONE',  ( 1.000000000000000000, 1.480297366168220066E-15, 0.000000000000000000 ) ) ;
#2157 = VERTEX_POINT ( 'NONE', #924 ) ;
#2158 =( NAMED_UNIT ( * ) PLANE_ANGLE_UNIT ( ) SI_UNIT ( $, .RADIAN. ) );
#2159 = SURFACE_STYLE_USAGE ( .BOTH. , #2651 ) ;
#2160 = FACE_OUTER_BOUND ( 'NONE', #6519, .T. ) ;
#2161 = EDGE_CURVE ( 'NONE', #3033, #2361, #3310, .T. ) ;
#2162 =( NAMED_UNIT ( * ) PLANE_ANGLE_UNIT ( ) SI_UNIT ( $, .RADIAN. ) );
#2163 = ORIENTED_EDGE ( 'NONE', *, *, #2025, .F. ) ;
#2164 = DIRECTION ( 'NONE',  ( -0.000000000000000000, 1.000000000000000000, 0.000000000000000000 ) ) ;
#2165 = ORIENTED_EDGE ( 'NONE', *, *, #2, .T. ) ;
#2166 = VECTOR ( 'NONE', #2299, 1000.000000000000000 ) ;
#2167 = ORIENTED_EDGE ( 'NONE', *, *, #7182, .T. ) ;
#2168 = COLOUR_RGB ( '',0.7490196078431372584, 0.7490196078431372584, 0.7490196078431372584 ) ;
#2169 = CARTESIAN_POINT ( 'NONE',  ( 0.1100005377248860078, 0.2100003008976050189, 0.2030000000000000415 ) ) ;
#2170 = CARTESIAN_POINT ( 'NONE',  ( 1.690000537725149909, 1.850000289965689992, 0.1000000000000000056 ) ) ;
#2171 = UNCERTAINTY_MEASURE_WITH_UNIT (LENGTH_MEASURE( 1.000000000000000082E-05 ), #7194, 'distance_accuracy_value', 'NONE');
#2172 = EDGE_CURVE ( 'NONE', #6085, #4979, #350, .T. ) ;
#2173 = AXIS2_PLACEMENT_3D ( 'NONE', #4534, #7017, #4649 ) ;
#2174 = FILL_AREA_STYLE_COLOUR ( '', #5586 ) ;
#2175 = FILL_AREA_STYLE_COLOUR ( '', #5060 ) ;
#2176 = CARTESIAN_POINT ( 'NONE',  ( 0.1812143443952660138, 0.4900002914941979926, 0.2030000000000000415 ) ) ;
#2177 = STYLED_ITEM ( 'NONE', ( #6941 ), #1402 ) ;
#2178 =( NAMED_UNIT ( * ) PLANE_ANGLE_UNIT ( ) SI_UNIT ( $, .RADIAN. ) );
#2179 = FILL_AREA_STYLE ('',( #3957 ) ) ;
#2180 = EDGE_CURVE ( 'NONE', #2382, #455, #1976, .T. ) ;
#2181 = VECTOR ( 'NONE', #2985, 1000.000000000000000 ) ;
#2182 =( LENGTH_UNIT ( ) NAMED_UNIT ( * ) SI_UNIT ( .MILLI., .METRE. ) );
#2183 = FILL_AREA_STYLE_COLOUR ( '', #3666 ) ;
#2184 = VERTEX_POINT ( 'NONE', #2784 ) ;
#2185 = CARTESIAN_POINT ( 'NONE',  ( 0.2000005377251450334, 0.3900002914941749776, 0.000000000000000000 ) ) ;
#2186 = SURFACE_STYLE_FILL_AREA ( #5145 ) ;
#2187 = STYLED_ITEM ( 'NONE', ( #2837 ), #2054 ) ;
#2188 =( LENGTH_UNIT ( ) NAMED_UNIT ( * ) SI_UNIT ( .MILLI., .METRE. ) );
#2189 = LINE ( 'NONE', #6318, #1389 ) ;
#2190 = CIRCLE ( 'NONE', #2419, 0.1000000000000000194 ) ;
#2191 = FILL_AREA_STYLE_COLOUR ( '', #5081 ) ;
#2192 = DIRECTION ( 'NONE',  ( 0.000000000000000000, -0.000000000000000000, 1.000000000000000000 ) ) ;
#2193 = DIRECTION ( 'NONE',  ( 0.000000000000000000, -0.000000000000000000, -1.000000000000000000 ) ) ;
#2194 = ORIENTED_EDGE ( 'NONE', *, *, #3217, .F. ) ;
#2195 = DIRECTION ( 'NONE',  ( 0.000000000000000000, 1.000000000000000000, 0.000000000000000000 ) ) ;
#2196 =( LENGTH_UNIT ( ) NAMED_UNIT ( * ) SI_UNIT ( .MILLI., .METRE. ) );
#2197 = EDGE_CURVE ( 'NONE', #1534, #4000, #5276, .T. ) ;
#2198 = PRESENTATION_LAYER_ASSIGNMENT (  '', '', ( #563 ) ) ;
#2199 = COLOUR_RGB ( '',0.7490196078431372584, 0.7490196078431372584, 0.7490196078431372584 ) ;
#2200 = PLANE ( 'NONE',  #467 ) ;
#2201 = LINE ( 'NONE', #4560, #1680 ) ;
#2202 = CARTESIAN_POINT ( 'NONE',  ( 1.800000537725050309, 0.8600003008976040419, 0.000000000000000000 ) ) ;
#2203 = ORIENTED_EDGE ( 'NONE', *, *, #7441, .T. ) ;
#2204 = VECTOR ( 'NONE', #3887, 1000.000000000000114 ) ;
#2205 =( NAMED_UNIT ( * ) PLANE_ANGLE_UNIT ( ) SI_UNIT ( $, .RADIAN. ) );
#2206 = STYLED_ITEM ( 'NONE', ( #3382 ), #359 ) ;
#2207 = VERTEX_POINT ( 'NONE', #4609 ) ;
#2208 = EDGE_CURVE ( 'NONE', #6595, #5701, #2190, .T. ) ;
#2209 = FACE_OUTER_BOUND ( 'NONE', #5557, .T. ) ;
#2210 = UNCERTAINTY_MEASURE_WITH_UNIT (LENGTH_MEASURE( 1.000000000000000082E-05 ), #4530, 'distance_accuracy_value', 'NONE');
#2211 = PRESENTATION_STYLE_ASSIGNMENT (( #7513 ) ) ;
#2212 =( GEOMETRIC_REPRESENTATION_CONTEXT ( 3 ) GLOBAL_UNCERTAINTY_ASSIGNED_CONTEXT ( ( #2814 ) ) GLOBAL_UNIT_ASSIGNED_CONTEXT ( ( #4333, #2589, #1559 ) ) REPRESENTATION_CONTEXT ( 'NONE', 'WORKASPACE' ) );
#2214 = MECHANICAL_DESIGN_GEOMETRIC_PRESENTATION_REPRESENTATION (  '', ( #7411 ), #6430 ) ;
#2213 = DIRECTION ( 'NONE',  ( 1.000000000000000000, 0.000000000000000000, 0.000000000000000000 ) ) ;
#2215 = CARTESIAN_POINT ( 'NONE',  ( 0.1100005377248859939, 0.8600003008975819485, 0.2030000000000000415 ) ) ;
#2216 = LINE ( 'NONE', #2176, #1697 ) ;
#2217 =( LENGTH_UNIT ( ) NAMED_UNIT ( * ) SI_UNIT ( .MILLI., .METRE. ) );
#2218 = ADVANCED_FACE ( 'NONE', ( #1600 ), #416, .T. ) ;
#2219 = VECTOR ( 'NONE', #911, 1000.000000000000000 ) ;
#2220 = STYLED_ITEM ( 'NONE', ( #2765 ), #2815 ) ;
#2221 = PRESENTATION_LAYER_ASSIGNMENT (  '', '', ( #2717 ) ) ;
#2222 = LINE ( 'NONE', #7453, #373 ) ;
#2223 = ORIENTED_EDGE ( 'NONE', *, *, #5919, .T. ) ;
#2224 =( LENGTH_UNIT ( ) NAMED_UNIT ( * ) SI_UNIT ( .MILLI., .METRE. ) );
#2225 = EDGE_CURVE ( 'NONE', #4641, #1588, #2216, .T. ) ;
#2226 = LINE ( 'NONE', #4430, #6389 ) ;
#2227 = ORIENTED_EDGE ( 'NONE', *, *, #3330, .F. ) ;
#2228 =( NAMED_UNIT ( * ) SI_UNIT ( $, .STERADIAN. ) SOLID_ANGLE_UNIT ( ) );
#2229 = CARTESIAN_POINT ( 'NONE',  ( 0.1300005377252090033, 1.850000289965689992, 0.2030000000000000415 ) ) ;
#2230 = PLANE ( 'NONE',  #1731 ) ;
#2231 = CARTESIAN_POINT ( 'NONE',  ( 0.1300005377252090033, 0.1500003025424800074, 0.1000000000000000056 ) ) ;
#2232 = PRESENTATION_LAYER_ASSIGNMENT (  '', '', ( #1736 ) ) ;
#2233 = ORIENTED_EDGE ( 'NONE', *, *, #6453, .T. ) ;
#2234 =( NAMED_UNIT ( * ) SI_UNIT ( $, .STERADIAN. ) SOLID_ANGLE_UNIT ( ) );
#2235 = MECHANICAL_DESIGN_GEOMETRIC_PRESENTATION_REPRESENTATION (  '', ( #1871 ), #7434 ) ;
#2236 =( NAMED_UNIT ( * ) PLANE_ANGLE_UNIT ( ) SI_UNIT ( $, .RADIAN. ) );
#2237 =( NAMED_UNIT ( * ) SI_UNIT ( $, .STERADIAN. ) SOLID_ANGLE_UNIT ( ) );
#2238 = VERTEX_POINT ( 'NONE', #4020 ) ;
#2239 = VECTOR ( 'NONE', #713, 1000.000000000000000 ) ;
#2240 = CIRCLE ( 'NONE', #6576, 0.1000000000000000194 ) ;
#2241 = SURFACE_SIDE_STYLE ('',( #1549 ) ) ;
#2242 = EDGE_LOOP ( 'NONE', ( #5147, #1400, #178, #7628 ) ) ;
#2243 = SURFACE_STYLE_USAGE ( .BOTH. , #2816 ) ;
#2244 = FILL_AREA_STYLE_COLOUR ( '', #352 ) ;
#2245 = UNCERTAINTY_MEASURE_WITH_UNIT (LENGTH_MEASURE( 1.000000000000000082E-05 ), #4052, 'distance_accuracy_value', 'NONE');
#2246 = PRESENTATION_LAYER_ASSIGNMENT (  '', '', ( #4855 ) ) ;
#2247 = LINE ( 'NONE', #4019, #5685 ) ;
#2248 = LINE ( 'NONE', #2750, #3559 ) ;
#2249 =( LENGTH_UNIT ( ) NAMED_UNIT ( * ) SI_UNIT ( .MILLI., .METRE. ) );
#2250 = CARTESIAN_POINT ( 'NONE',  ( 5.377251000027170150E-07, 0.8600003008975819485, 0.000000000000000000 ) ) ;
#2251 = CARTESIAN_POINT ( 'NONE',  ( 1.970000533023269940, 1.060000296195650060, 0.1000000000000000056 ) ) ;
#2252 = VERTEX_POINT ( 'NONE', #2823 ) ;
#2253 = PLANE ( 'NONE',  #3795 ) ;
#2254 = SURFACE_STYLE_USAGE ( .BOTH. , #2387 ) ;
#2255 = EDGE_CURVE ( 'NONE', #3859, #3059, #2315, .T. ) ;
#2256 = CARTESIAN_POINT ( 'NONE',  ( 0.3000005377251450112, 0.9600003008976050189, 0.000000000000000000 ) ) ;
#2257 = CARTESIAN_POINT ( 'NONE',  ( 0.7150011077279719851, 1.297499701195750088, 0.2030000000000000415 ) ) ;
#2258 = COLOUR_RGB ( '',0.7490196078431372584, 0.7490196078431372584, 0.7490196078431372584 ) ;
#2259 = EDGE_LOOP ( 'NONE', ( #3805, #1080, #1494, #3853, #6844, #4467 ) ) ;
#2260 = CARTESIAN_POINT ( 'NONE',  ( 1.000000537725110217, 2.000000296195940219, 0.2030000000000000415 ) ) ;
#2261 = UNCERTAINTY_MEASURE_WITH_UNIT (LENGTH_MEASURE( 1.000000000000000082E-05 ), #1748, 'distance_accuracy_value', 'NONE');
#2262 = SURFACE_STYLE_USAGE ( .BOTH. , #6415 ) ;
#2263 = ORIENTED_EDGE ( 'NONE', *, *, #6350, .F. ) ;
#2264 = AXIS2_PLACEMENT_3D ( 'NONE', #6757, #2139, #891 ) ;
#2265 = PLANE ( 'NONE',  #361 ) ;
#2266 = EDGE_CURVE ( 'NONE', #3521, #4221, #3908, .T. ) ;
#2267 = VECTOR ( 'NONE', #4716, 1000.000000000000000 ) ;
#2268 = LINE ( 'NONE', #2231, #5593 ) ;
#2269 = EDGE_LOOP ( 'NONE', ( #3466, #6755, #3764, #1221, #2319, #6126, #4917, #6426, #525, #6652, #5857, #4564 ) ) ;
#2270 =( NAMED_UNIT ( * ) SI_UNIT ( $, .STERADIAN. ) SOLID_ANGLE_UNIT ( ) );
#2271 = SURFACE_SIDE_STYLE ('',( #7577 ) ) ;
#2272 =( NAMED_UNIT ( * ) PLANE_ANGLE_UNIT ( ) SI_UNIT ( $, .RADIAN. ) );
#2273 = FACE_OUTER_BOUND ( 'NONE', #7450, .T. ) ;
#2274 = CARTESIAN_POINT ( 'NONE',  ( 0.2000005377251455052, 1.790000291494129980, 0.1000000000000000056 ) ) ;
#2275 = ORIENTED_EDGE ( 'NONE', *, *, #4327, .F. ) ;
#2276 = ORIENTED_EDGE ( 'NONE', *, *, #4482, .F. ) ;
#2277 = COLOUR_RGB ( '',0.7490196078431372584, 0.7490196078431372584, 0.7490196078431372584 ) ;
#2278 = DIRECTION ( 'NONE',  ( -0.000000000000000000, -0.000000000000000000, -1.000000000000000000 ) ) ;
#2279 = SURFACE_STYLE_USAGE ( .BOTH. , #7588 ) ;
#2280 = DIRECTION ( 'NONE',  ( 1.000000000000000000, 0.000000000000000000, 0.000000000000000000 ) ) ;
#2281 = VECTOR ( 'NONE', #5299, 1000.000000000000000 ) ;
#2282 = FILL_AREA_STYLE ('',( #3455 ) ) ;
#2283 = VERTEX_POINT ( 'NONE', #4532 ) ;
#2284 = ORIENTED_EDGE ( 'NONE', *, *, #4272, .T. ) ;
#2285 = DIRECTION ( 'NONE',  ( -0.000000000000000000, 0.000000000000000000, -1.000000000000000000 ) ) ;
#2286 = DIRECTION ( 'NONE',  ( 0.000000000000000000, -0.000000000000000000, -1.000000000000000000 ) ) ;
#2287 = EDGE_CURVE ( 'NONE', #6106, #5348, #6303, .T. ) ;
#2288 = FACE_OUTER_BOUND ( 'NONE', #6456, .T. ) ;
#2289 = ORIENTED_EDGE ( 'NONE', *, *, #2172, .T. ) ;
#2290 = FACE_OUTER_BOUND ( 'NONE', #7122, .T. ) ;
#2291 = ORIENTED_EDGE ( 'NONE', *, *, #3773, .T. ) ;
#2292 = PLANE ( 'NONE',  #1645 ) ;
#2293 =( NAMED_UNIT ( * ) SI_UNIT ( $, .STERADIAN. ) SOLID_ANGLE_UNIT ( ) );
#2294 = DIRECTION ( 'NONE',  ( 0.000000000000000000, -1.000000000000000000, 0.000000000000000000 ) ) ;
#2295 = PLANE ( 'NONE',  #4500 ) ;
#2296 = LINE ( 'NONE', #1143, #5105 ) ;
#2297 = MECHANICAL_DESIGN_GEOMETRIC_PRESENTATION_REPRESENTATION (  '', ( #4398 ), #4526 ) ;
#2298 = VERTEX_POINT ( 'NONE', #6951 ) ;
#2299 = DIRECTION ( 'NONE',  ( 0.000000000000000000, -1.000000000000000000, -0.000000000000000000 ) ) ;
#2300 = EDGE_CURVE ( 'NONE', #977, #5348, #694, .T. ) ;
#2301 = CARTESIAN_POINT ( 'NONE',  ( 1.700000537725049998, 0.9600003008975475094, 0.1000000000000000056 ) ) ;
#2302 = CYLINDRICAL_SURFACE ( 'NONE', #7417, 0.09999999999999982514 ) ;
#2303 = DIRECTION ( 'NONE',  ( 0.000000000000000000, -0.000000000000000000, -1.000000000000000000 ) ) ;
#2304 = CLOSED_SHELL ( 'NONE', ( #4137, #4576, #516, #7571, #1156, #5803, #7025, #4568 ) ) ;
#2305 = FILL_AREA_STYLE_COLOUR ( '', #3779 ) ;
#2306 = ORIENTED_EDGE ( 'NONE', *, *, #2104, .T. ) ;
#2307 = DIRECTION ( 'NONE',  ( 0.000000000000000000, 0.000000000000000000, -1.000000000000000000 ) ) ;
#2308 = CARTESIAN_POINT ( 'NONE',  ( 1.890000537725309959, 1.510000300897559988, 0.2030000000000000415 ) ) ;
#2309 = EDGE_CURVE ( 'NONE', #5038, #1386, #3352, .T. ) ;
#2310 = LINE ( 'NONE', #3449, #1790 ) ;
#2311 = PRESENTATION_STYLE_ASSIGNMENT (( #1701 ) ) ;
#2312 = UNCERTAINTY_MEASURE_WITH_UNIT (LENGTH_MEASURE( 1.000000000000000082E-05 ), #4314, 'distance_accuracy_value', 'NONE');
#2313 = VECTOR ( 'NONE', #2687, 1000.000000000000000 ) ;
#2314 =( GEOMETRIC_REPRESENTATION_CONTEXT ( 3 ) GLOBAL_UNCERTAINTY_ASSIGNED_CONTEXT ( ( #7117 ) ) GLOBAL_UNIT_ASSIGNED_CONTEXT ( ( #3883, #5681, #566 ) ) REPRESENTATION_CONTEXT ( 'NONE', 'WORKASPACE' ) );
#2315 = LINE ( 'NONE', #4688, #7387 ) ;
#2316 = APPLICATION_PROTOCOL_DEFINITION ( 'draft international standard', 'automotive_design', 1998, #7095 ) ;
#2317 =( NAMED_UNIT ( * ) SI_UNIT ( $, .STERADIAN. ) SOLID_ANGLE_UNIT ( ) );
#2318 = CYLINDRICAL_SURFACE ( 'NONE', #4622, 0.1000000000000000472 ) ;
#2319 = ORIENTED_EDGE ( 'NONE', *, *, #5647, .T. ) ;
#2320 = FACE_OUTER_BOUND ( 'NONE', #5552, .T. ) ;
#2321 = DIRECTION ( 'NONE',  ( -2.775557887810709895E-15, -1.000000000000000000, -0.000000000000000000 ) ) ;
#2322 = PRESENTATION_LAYER_ASSIGNMENT (  '', '', ( #217 ) ) ;
#2323 = STYLED_ITEM ( 'NONE', ( #3624 ), #532 ) ;
#2324 = PRESENTATION_LAYER_ASSIGNMENT (  '', '', ( #7274 ) ) ;
#2325 = CARTESIAN_POINT ( 'NONE',  ( 1.890000537724972007, 1.790000291494151741, 0.2030000000000000415 ) ) ;
#2326 = FILL_AREA_STYLE ('',( #3392 ) ) ;
#2327 = ORIENTED_EDGE ( 'NONE', *, *, #4473, .F. ) ;
#2328 = PRESENTATION_LAYER_ASSIGNMENT (  '', '', ( #1089 ) ) ;
#2329 = PRESENTATION_LAYER_ASSIGNMENT (  '', '', ( #971 ) ) ;
#2330 = EDGE_CURVE ( 'NONE', #7482, #816, #7016, .T. ) ;
#2331 = DIRECTION ( 'NONE',  ( 0.000000000000000000, 0.000000000000000000, 1.000000000000000000 ) ) ;
#2332 = VERTEX_POINT ( 'NONE', #1075 ) ;
#2333 = SURFACE_STYLE_USAGE ( .BOTH. , #4002 ) ;
#2334 = PRESENTATION_LAYER_ASSIGNMENT (  '', '', ( #2451 ) ) ;
#2335 = VECTOR ( 'NONE', #6028, 1000.000000000000000 ) ;
#2336 = DIRECTION ( 'NONE',  ( 1.000000000000000000, 0.000000000000000000, -0.000000000000000000 ) ) ;
#2337 = SURFACE_SIDE_STYLE ('',( #1211 ) ) ;
#2338 = ORIENTED_EDGE ( 'NONE', *, *, #2722, .T. ) ;
#2339 = VECTOR ( 'NONE', #3299, 1000.000000000000000 ) ;
#2340 = FILL_AREA_STYLE_COLOUR ( '', #6302 ) ;
#2341 = VECTOR ( 'NONE', #7237, 1000.000000000000000 ) ;
#2342 = PRESENTATION_STYLE_ASSIGNMENT (( #4125 ) ) ;
#2343 = EDGE_CURVE ( 'NONE', #1520, #6106, #441, .T. ) ;
#2344 = DIRECTION ( 'NONE',  ( 0.000000000000000000, 0.000000000000000000, 1.000000000000000000 ) ) ;
#2345 = ORIENTED_EDGE ( 'NONE', *, *, #1259, .F. ) ;
#2346 = ORIENTED_EDGE ( 'NONE', *, *, #7604, .T. ) ;
#2347 =( LENGTH_UNIT ( ) NAMED_UNIT ( * ) SI_UNIT ( .MILLI., .METRE. ) );
#2348 = VERTEX_POINT ( 'NONE', #2865 ) ;
#2349 = PRESENTATION_STYLE_ASSIGNMENT (( #4726 ) ) ;
#2350 = SURFACE_STYLE_FILL_AREA ( #4879 ) ;
#2351 = EDGE_CURVE ( 'NONE', #1698, #2952, #6445, .T. ) ;
#2352 = CARTESIAN_POINT ( 'NONE',  ( 1.284999967722169956, 0.7025008911961240221, 0.2283999999999999919 ) ) ;
#2353 = FILL_AREA_STYLE ('',( #636 ) ) ;
#2354 = CARTESIAN_POINT ( 'NONE',  ( 0.1100005377248859939, 0.2100003008976049912, 0.1000000000000000056 ) ) ;
#2355 = SURFACE_SIDE_STYLE ('',( #5911 ) ) ;
#2356 = LINE ( 'NONE', #7020, #4550 ) ;
#2357 = COLOUR_RGB ( '',0.7490196078431372584, 0.7490196078431372584, 0.7490196078431372584 ) ;
#2358 = UNCERTAINTY_MEASURE_WITH_UNIT (LENGTH_MEASURE( 1.000000000000000082E-05 ), #6107, 'distance_accuracy_value', 'NONE');
#2359 = ORIENTED_EDGE ( 'NONE', *, *, #4816, .F. ) ;
#2360 = PLANE ( 'NONE',  #6961 ) ;
#2361 = VERTEX_POINT ( 'NONE', #5383 ) ;
#2362 = AXIS2_PLACEMENT_3D ( 'NONE', #3620, #7085, #623 ) ;
#2363 = FILL_AREA_STYLE ('',( #7031 ) ) ;
#2364 = UNCERTAINTY_MEASURE_WITH_UNIT (LENGTH_MEASURE( 1.000000000000000082E-05 ), #5751, 'distance_accuracy_value', 'NONE');
#2365 = DIRECTION ( 'NONE',  ( 0.000000000000000000, -0.000000000000000000, -1.000000000000000000 ) ) ;
#2366 = FILL_AREA_STYLE ('',( #5400 ) ) ;
#2367 = SURFACE_STYLE_USAGE ( .BOTH. , #3539 ) ;
#2368 = ORIENTED_EDGE ( 'NONE', *, *, #1179, .T. ) ;
#2369 = DIRECTION ( 'NONE',  ( -0.000000000000000000, -1.000000000000000000, 0.000000000000000000 ) ) ;
#2370 = MECHANICAL_DESIGN_GEOMETRIC_PRESENTATION_REPRESENTATION (  '', ( #6482 ), #2015 ) ;
#2371 = MANIFOLD_SOLID_BREP ( 'AP7347DQ_3D_1_1-1-solid1', #3434 ) ;
#2372 = SURFACE_STYLE_FILL_AREA ( #4154 ) ;
#2373 = FILL_AREA_STYLE ('',( #6042 ) ) ;
#2374 = ORIENTED_EDGE ( 'NONE', *, *, #4876, .T. ) ;
#2375 = VECTOR ( 'NONE', #1140, 1000.000000000000000 ) ;
#2376 = EDGE_LOOP ( 'NONE', ( #6626, #4120, #558, #641, #7544, #1492 ) ) ;
#2377 = CARTESIAN_POINT ( 'NONE',  ( 0.1300005377252090033, 0.8600003008975819485, 0.1000000000000000056 ) ) ;
#2378 = EDGE_CURVE ( 'NONE', #411, #5127, #1896, .T. ) ;
#2379 = COLOUR_RGB ( '',0.7921568627450980005, 0.8196078431372548767, 0.9333333333333333481 ) ;
#2380 = DIRECTION ( 'NONE',  ( 1.000000000000000000, 0.000000000000000000, -0.000000000000000000 ) ) ;
#2381 = CARTESIAN_POINT ( 'NONE',  ( 1.870000537724990197, 1.140000291494180029, 0.1000000000000000056 ) ) ;
#2382 = VERTEX_POINT ( 'NONE', #1818 ) ;
#2383 = DIRECTION ( 'NONE',  ( 0.000000000000000000, 0.000000000000000000, -1.000000000000000000 ) ) ;
#2384 = CARTESIAN_POINT ( 'NONE',  ( 0.1300005377252090033, 1.510000300897559988, 0.1000000000000000056 ) ) ;
#2385 = FACE_OUTER_BOUND ( 'NONE', #2510, .T. ) ;
#2386 = ADVANCED_FACE ( 'NONE', ( #3098 ), #5320, .F. ) ;
#2387 = SURFACE_SIDE_STYLE ('',( #5326 ) ) ;
#2388 = DIRECTION ( 'NONE',  ( 0.000000000000000000, -0.000000000000000000, -1.000000000000000000 ) ) ;
#2389 = FACE_OUTER_BOUND ( 'NONE', #7430, .T. ) ;
#2390 = VERTEX_POINT ( 'NONE', #6665 ) ;
#2391 = SURFACE_STYLE_USAGE ( .BOTH. , #1716 ) ;
#2392 =( NAMED_UNIT ( * ) SI_UNIT ( $, .STERADIAN. ) SOLID_ANGLE_UNIT ( ) );
#2393 = AXIS2_PLACEMENT_3D ( 'NONE', #383, #3175, #5539 ) ;
#2394 = SURFACE_STYLE_FILL_AREA ( #5845 ) ;
#2395 = ADVANCED_FACE ( 'NONE', ( #5605 ), #6976, .T. ) ;
#2396 = UNCERTAINTY_MEASURE_WITH_UNIT (LENGTH_MEASURE( 1.000000000000000082E-05 ), #12, 'distance_accuracy_value', 'NONE');
#2397 = PLANE ( 'NONE',  #1893 ) ;
#2398 = PRESENTATION_LAYER_ASSIGNMENT (  '', '', ( #5896 ) ) ;
#2399 = FILL_AREA_STYLE_COLOUR ( '', #2956 ) ;
#2400 = AXIS2_PLACEMENT_3D ( 'NONE', #7242, #3107, #1280 ) ;
#2401 = DIRECTION ( 'NONE',  ( 0.000000000000000000, 0.000000000000000000, 1.000000000000000000 ) ) ;
#2402 =( LENGTH_UNIT ( ) NAMED_UNIT ( * ) SI_UNIT ( .MILLI., .METRE. ) );
#2403 = VERTEX_POINT ( 'NONE', #3951 ) ;
#2404 = CARTESIAN_POINT ( 'NONE',  ( 0.1300005377252090033, 0.2100003008976049912, 0.1000000000000000056 ) ) ;
#2405 = PRESENTATION_STYLE_ASSIGNMENT (( #6003 ) ) ;
#2406 = CARTESIAN_POINT ( 'NONE',  ( 0.2000005377251455052, 1.140000291494150053, 0.000000000000000000 ) ) ;
#2407 = DIRECTION ( 'NONE',  ( 0.000000000000000000, 0.000000000000000000, 1.000000000000000000 ) ) ;
#2408 = DIRECTION ( 'NONE',  ( 1.000000000000000000, 0.000000000000000000, -0.000000000000000000 ) ) ;
#2409 = ORIENTED_EDGE ( 'NONE', *, *, #4669, .F. ) ;
#2410 = SURFACE_STYLE_USAGE ( .BOTH. , #7051 ) ;
#2411 = DIRECTION ( 'NONE',  ( -0.000000000000000000, 1.000000000000000000, 0.000000000000000000 ) ) ;
#2412 = CARTESIAN_POINT ( 'NONE',  ( 0.2000005377251450334, 1.140000291494150275, 0.000000000000000000 ) ) ;
#2413 = EDGE_CURVE ( 'NONE', #3837, #247, #2135, .T. ) ;
#2414 =( GEOMETRIC_REPRESENTATION_CONTEXT ( 3 ) GLOBAL_UNCERTAINTY_ASSIGNED_CONTEXT ( ( #7644 ) ) GLOBAL_UNIT_ASSIGNED_CONTEXT ( ( #5222, #4707, #7077 ) ) REPRESENTATION_CONTEXT ( 'NONE', 'WORKASPACE' ) );
#2415 = CARTESIAN_POINT ( 'NONE',  ( 0.3000005377251456218, 1.040000291494149742, 0.1000000000000000056 ) ) ;
#2416 = SURFACE_STYLE_FILL_AREA ( #6550 ) ;
#2417 = SURFACE_STYLE_FILL_AREA ( #6704 ) ;
#2418 = ORIENTED_EDGE ( 'NONE', *, *, #2180, .T. ) ;
#2419 = AXIS2_PLACEMENT_3D ( 'NONE', #4575, #7553, #1037 ) ;
#2420 =( NAMED_UNIT ( * ) PLANE_ANGLE_UNIT ( ) SI_UNIT ( $, .RADIAN. ) );
#2421 = EDGE_CURVE ( 'NONE', #1812, #3662, #1000, .T. ) ;
#2422 = ORIENTED_EDGE ( 'NONE', *, *, #663, .F. ) ;
#2423 = DIRECTION ( 'NONE',  ( 1.000000000000000000, 0.000000000000000000, -0.000000000000000000 ) ) ;
#2424 = UNCERTAINTY_MEASURE_WITH_UNIT (LENGTH_MEASURE( 1.000000000000000082E-05 ), #3673, 'distance_accuracy_value', 'NONE');
#2425 = DIRECTION ( 'NONE',  ( -0.000000000000000000, 1.000000000000000000, 0.000000000000000000 ) ) ;
#2426 = PRESENTATION_LAYER_ASSIGNMENT (  '', '', ( #202 ) ) ;
#2427 = FILL_AREA_STYLE ('',( #3600 ) ) ;
#2428 = ADVANCED_FACE ( 'NONE', ( #1702 ), #5706, .T. ) ;
#2429 = ORIENTED_EDGE ( 'NONE', *, *, #4141, .F. ) ;
#2430 = PLANE ( 'NONE',  #3255 ) ;
#2431 = LINE ( 'NONE', #5472, #7443 ) ;
#2432 =( NAMED_UNIT ( * ) PLANE_ANGLE_UNIT ( ) SI_UNIT ( $, .RADIAN. ) );
#2433 =( NAMED_UNIT ( * ) PLANE_ANGLE_UNIT ( ) SI_UNIT ( $, .RADIAN. ) );
#2434 = PRESENTATION_LAYER_ASSIGNMENT (  '', '', ( #7402 ) ) ;
#2435 = ORIENTED_EDGE ( 'NONE', *, *, #2888, .F. ) ;
#2436 = COLOUR_RGB ( '',0.2509803921568627416, 0.2509803921568627416, 0.2509803921568627416 ) ;
#2437 = DIRECTION ( 'NONE',  ( 0.000000000000000000, -0.000000000000000000, 1.000000000000000000 ) ) ;
#2438 = VECTOR ( 'NONE', #2942, 1000.000000000000000 ) ;
#2439 = UNCERTAINTY_MEASURE_WITH_UNIT (LENGTH_MEASURE( 1.000000000000000082E-05 ), #1777, 'distance_accuracy_value', 'NONE');
#2440 = EDGE_CURVE ( 'NONE', #4219, #6255, #4490, .T. ) ;
#2441 =( LENGTH_UNIT ( ) NAMED_UNIT ( * ) SI_UNIT ( .MILLI., .METRE. ) );
#2442 = ORIENTED_EDGE ( 'NONE', *, *, #631, .F. ) ;
#2443 = DIRECTION ( 'NONE',  ( 1.000000000000000000, 0.000000000000000000, 0.000000000000000000 ) ) ;
#2444 = COLOUR_RGB ( '',0.7490196078431372584, 0.7490196078431372584, 0.7490196078431372584 ) ;
#2445 = MECHANICAL_DESIGN_GEOMETRIC_PRESENTATION_REPRESENTATION (  '', ( #1084 ), #6984 ) ;
#2446 = DIRECTION ( 'NONE',  ( -0.000000000000000000, 0.000000000000000000, -1.000000000000000000 ) ) ;
#2447 = PLANE ( 'NONE',  #6767 ) ;
#2448 = SURFACE_SIDE_STYLE ('',( #5343 ) ) ;
#2449 = UNCERTAINTY_MEASURE_WITH_UNIT (LENGTH_MEASURE( 1.000000000000000082E-05 ), #1753, 'distance_accuracy_value', 'NONE');
#2450 = PRESENTATION_STYLE_ASSIGNMENT (( #6508 ) ) ;
#2451 = STYLED_ITEM ( 'NONE', ( #7217 ), #6110 ) ;
#2452 = EDGE_LOOP ( 'NONE', ( #3126, #760, #3712, #1693 ) ) ;
#2453 = DIRECTION ( 'NONE',  ( 0.000000000000000000, -1.000000000000000000, -0.000000000000000000 ) ) ;
#2454 = FILL_AREA_STYLE ('',( #829 ) ) ;
#2455 = PRESENTATION_STYLE_ASSIGNMENT (( #4160 ) ) ;
#2456 = UNCERTAINTY_MEASURE_WITH_UNIT (LENGTH_MEASURE( 1.000000000000000082E-05 ), #1449, 'distance_accuracy_value', 'NONE');
#2457 = DIRECTION ( 'NONE',  ( 0.000000000000000000, 0.000000000000000000, -1.000000000000000000 ) ) ;
#2458 = VERTEX_POINT ( 'NONE', #1117 ) ;
#2459 = VERTEX_POINT ( 'NONE', #1068 ) ;
#2460 = PRESENTATION_LAYER_ASSIGNMENT (  '', '', ( #484 ) ) ;
#2461 = FILL_AREA_STYLE ('',( #50 ) ) ;
#2462 = DIRECTION ( 'NONE',  ( 0.000000000000000000, -1.000000000000000000, 0.000000000000000000 ) ) ;
#2463 = ORIENTED_EDGE ( 'NONE', *, *, #774, .F. ) ;
#2464 = LINE ( 'NONE', #5425, #6055 ) ;
#2465 = DIRECTION ( 'NONE',  ( 0.000000000000000000, 0.000000000000000000, -1.000000000000000000 ) ) ;
#2466 = STYLED_ITEM ( 'NONE', ( #3661 ), #6967 ) ;
#2467 = ORIENTED_EDGE ( 'NONE', *, *, #7103, .F. ) ;
#2468 = CARTESIAN_POINT ( 'NONE',  ( 5.377251000157276528E-07, 1.000000296246740028, 0.2030000000000000415 ) ) ;
#2469 = SURFACE_STYLE_FILL_AREA ( #3069 ) ;
#2470 = DIRECTION ( 'NONE',  ( 0.000000000000000000, -1.000000000000000000, 0.000000000000000000 ) ) ;
#2471 = AXIS2_PLACEMENT_3D ( 'NONE', #3040, #7649, #3081 ) ;
#2472 = CARTESIAN_POINT ( 'NONE',  ( 0.2000005377251612149, 0.4900002914941750110, 0.000000000000000000 ) ) ;
#2473 = ORIENTED_EDGE ( 'NONE', *, *, #6822, .F. ) ;
#2474 = UNCERTAINTY_MEASURE_WITH_UNIT (LENGTH_MEASURE( 1.000000000000000082E-05 ), #5389, 'distance_accuracy_value', 'NONE');
#2475 = EDGE_CURVE ( 'NONE', #4554, #5014, #5200, .T. ) ;
#2476 = PRESENTATION_STYLE_ASSIGNMENT (( #2636 ) ) ;
#2477 = LINE ( 'NONE', #6727, #2928 ) ;
#2478 = ORIENTED_EDGE ( 'NONE', *, *, #1914, .T. ) ;
#2479 = DIRECTION ( 'NONE',  ( -0.000000000000000000, -0.000000000000000000, -1.000000000000000000 ) ) ;
#2480 = ORIENTED_EDGE ( 'NONE', *, *, #6487, .T. ) ;
#2481 = SURFACE_STYLE_USAGE ( .BOTH. , #4833 ) ;
#2482 = CARTESIAN_POINT ( 'NONE',  ( 1.690000537725149909, 1.200000289965710287, 0.1000000000000000056 ) ) ;
#2483 = PRESENTATION_LAYER_ASSIGNMENT (  '', '', ( #7191 ) ) ;
#2484 = SURFACE_SIDE_STYLE ('',( #5371 ) ) ;
#2485 = EDGE_CURVE ( 'NONE', #6529, #26, #6195, .T. ) ;
#2486 =( NAMED_UNIT ( * ) SI_UNIT ( $, .STERADIAN. ) SOLID_ANGLE_UNIT ( ) );
#2487 = FACE_OUTER_BOUND ( 'NONE', #646, .T. ) ;
#2488 = SURFACE_STYLE_FILL_AREA ( #1220 ) ;
#2489 = PRESENTATION_LAYER_ASSIGNMENT (  '', '', ( #4214 ) ) ;
#2490 = ORIENTED_EDGE ( 'NONE', *, *, #5395, .F. ) ;
#2491 = VECTOR ( 'NONE', #1974, 1000.000000000000000 ) ;
#2492 = LINE ( 'NONE', #6044, #2239 ) ;
#2493 = PRESENTATION_STYLE_ASSIGNMENT (( #5413 ) ) ;
#2494 = STYLED_ITEM ( 'NONE', ( #3869 ), #2542 ) ;
#2495 = EDGE_CURVE ( 'NONE', #6349, #7215, #5826, .T. ) ;
#2496 = VECTOR ( 'NONE', #5644, 1000.000000000000000 ) ;
#2497 = FILL_AREA_STYLE_COLOUR ( '', #2444 ) ;
#2498 = SURFACE_STYLE_USAGE ( .BOTH. , #7161 ) ;
#2499 = CARTESIAN_POINT ( 'NONE',  ( 5.377251000027170150E-07, 2.961959353342540141E-07, 0.7500000000000000000 ) ) ;
#2500 = PLANE ( 'NONE',  #6364 ) ;
#2501 = ORIENTED_EDGE ( 'NONE', *, *, #6525, .F. ) ;
#2502 = DIRECTION ( 'NONE',  ( 0.000000000000000000, 0.000000000000000000, 1.000000000000000000 ) ) ;
#2503 =( NAMED_UNIT ( * ) SI_UNIT ( $, .STERADIAN. ) SOLID_ANGLE_UNIT ( ) );
#2504 = ORIENTED_EDGE ( 'NONE', *, *, #1828, .T. ) ;
#2505 = CARTESIAN_POINT ( 'NONE',  ( 0.03000054242693269910, 0.4100002961956760728, 0.1000000000000000056 ) ) ;
#2506 =( LENGTH_UNIT ( ) NAMED_UNIT ( * ) SI_UNIT ( .MILLI., .METRE. ) );
#2507 = CARTESIAN_POINT ( 'NONE',  ( 0.1100005377248859939, 0.2100003008976049912, 0.1000000000000000056 ) ) ;
#2508 =( LENGTH_UNIT ( ) NAMED_UNIT ( * ) SI_UNIT ( .MILLI., .METRE. ) );
#2509 = PRESENTATION_STYLE_ASSIGNMENT (( #5330 ) ) ;
#2510 = EDGE_LOOP ( 'NONE', ( #274, #5783, #7233, #4630, #5954, #6363 ) ) ;
#2511 = MANIFOLD_SOLID_BREP ( 'AP7347DQ_3D_14-1-solid1', #2304 ) ;
#2512 = AXIS2_PLACEMENT_3D ( 'NONE', #2354, #2462, #6018 ) ;
#2513 = ADVANCED_FACE ( 'NONE', ( #6479 ), #552, .T. ) ;
#2514 = DIRECTION ( 'NONE',  ( 0.000000000000000000, -1.000000000000000000, 0.000000000000000000 ) ) ;
#2515 = UNCERTAINTY_MEASURE_WITH_UNIT (LENGTH_MEASURE( 1.000000000000000082E-05 ), #1556, 'distance_accuracy_value', 'NONE');
#2516 = ORIENTED_EDGE ( 'NONE', *, *, #310, .F. ) ;
#2517 = DIRECTION ( 'NONE',  ( 0.000000000000000000, 1.000000000000000000, 0.000000000000000000 ) ) ;
#2518 =( GEOMETRIC_REPRESENTATION_CONTEXT ( 3 ) GLOBAL_UNCERTAINTY_ASSIGNED_CONTEXT ( ( #3852 ) ) GLOBAL_UNIT_ASSIGNED_CONTEXT ( ( #3697, #1886, #6151 ) ) REPRESENTATION_CONTEXT ( 'NONE', 'WORKASPACE' ) );
#2519 = DIRECTION ( 'NONE',  ( 0.000000000000000000, -1.000000000000000000, 0.000000000000000000 ) ) ;
#2520 = ORIENTED_EDGE ( 'NONE', *, *, #2440, .T. ) ;
#2521 = ADVANCED_FACE ( 'NONE', ( #1136 ), #5961, .T. ) ;
#2522 =( GEOMETRIC_REPRESENTATION_CONTEXT ( 3 ) GLOBAL_UNCERTAINTY_ASSIGNED_CONTEXT ( ( #6204 ) ) GLOBAL_UNIT_ASSIGNED_CONTEXT ( ( #1334, #7223, #5352 ) ) REPRESENTATION_CONTEXT ( 'NONE', 'WORKASPACE' ) );
#2523 = COLOUR_RGB ( '',0.7490196078431372584, 0.7490196078431372584, 0.7490196078431372584 ) ;
#2524 = PRESENTATION_STYLE_ASSIGNMENT (( #1917 ) ) ;
#2525 = PRESENTATION_LAYER_ASSIGNMENT (  '', '', ( #6015 ) ) ;
#2526 = STYLED_ITEM ( 'NONE', ( #3724 ), #1170 ) ;
#2527 = MANIFOLD_SOLID_BREP ( 'AP7347DQ_3D_9-1-solid1', #322 ) ;
#2528 =( NAMED_UNIT ( * ) SI_UNIT ( $, .STERADIAN. ) SOLID_ANGLE_UNIT ( ) );
#2529 = UNCERTAINTY_MEASURE_WITH_UNIT (LENGTH_MEASURE( 1.000000000000000082E-05 ), #3877, 'distance_accuracy_value', 'NONE');
#2530 =( LENGTH_UNIT ( ) NAMED_UNIT ( * ) SI_UNIT ( .MILLI., .METRE. ) );
#2531 = CARTESIAN_POINT ( 'NONE',  ( 5.377251000092223339E-07, 1.590000296195630103, 0.1000000000000000056 ) ) ;
#2532 = ORIENTED_EDGE ( 'NONE', *, *, #166, .F. ) ;
#2533 = ADVANCED_FACE ( 'NONE', ( #500 ), #2292, .T. ) ;
#2534 = DIRECTION ( 'NONE',  ( -3.700743516871580010E-15, -1.000000000000000000, 0.000000000000000000 ) ) ;
#2535 = SURFACE_SIDE_STYLE ('',( #4315 ) ) ;
#2536 = VECTOR ( 'NONE', #2074, 1000.000000000000000 ) ;
#2537 = DIRECTION ( 'NONE',  ( 0.7071067811860440866, -0.7071067811870510589, 0.000000000000000000 ) ) ;
#2538 = FACE_OUTER_BOUND ( 'NONE', #2076, .T. ) ;
#2539 = EDGE_LOOP ( 'NONE', ( #4610, #610, #6288, #6122 ) ) ;
#2540 = CARTESIAN_POINT ( 'NONE',  ( 2.000000537725100003, 1.590000296195630103, 0.2030000000000000415 ) ) ;
#2541 = VERTEX_POINT ( 'NONE', #1839 ) ;
#2542 = ADVANCED_FACE ( 'NONE', ( #4330 ), #2397, .T. ) ;
#2543 = LINE ( 'NONE', #7231, #1095 ) ;
#2544 = VECTOR ( 'NONE', #5494, 1000.000000000000000 ) ;
#2545 = PRESENTATION_STYLE_ASSIGNMENT (( #177 ) ) ;
#2546 = ORIENTED_EDGE ( 'NONE', *, *, #4739, .F. ) ;
#2547 = CARTESIAN_POINT ( 'NONE',  ( 1.284999967722169956, 1.297499701195750088, 0.2283999999999999919 ) ) ;
#2548 = FILL_AREA_STYLE ('',( #1388 ) ) ;
#2549 = PLANE ( 'NONE',  #6240 ) ;
#2550 = STYLED_ITEM ( 'NONE', ( #3413 ), #2218 ) ;
#2551 = CARTESIAN_POINT ( 'NONE',  ( 1.870000537724990197, 1.200000289965710287, 0.1000000000000000056 ) ) ;
#2552 = ORIENTED_EDGE ( 'NONE', *, *, #3959, .T. ) ;
#2553 = SURFACE_STYLE_FILL_AREA ( #1314 ) ;
#2554 =( NAMED_UNIT ( * ) SI_UNIT ( $, .STERADIAN. ) SOLID_ANGLE_UNIT ( ) );
#2555 = DIRECTION ( 'NONE',  ( -0.7071067811870510589, -0.7071067811860440866, 0.000000000000000000 ) ) ;
#2556 = VECTOR ( 'NONE', #6538, 1000.000000000000000 ) ;
#2557 = VERTEX_POINT ( 'NONE', #27 ) ;
#2558 = CARTESIAN_POINT ( 'NONE',  ( 5.377251000027170150E-07, 0.8600003008975819485, 0.000000000000000000 ) ) ;
#2559 = DIRECTION ( 'NONE',  ( 0.000000000000000000, -0.000000000000000000, -1.000000000000000000 ) ) ;
#2560 = AXIS2_PLACEMENT_3D ( 'NONE', #4387, #7375, #2067 ) ;
#2561 = PRESENTATION_LAYER_ASSIGNMENT (  '', '', ( #4808 ) ) ;
#2562 = PRESENTATION_LAYER_ASSIGNMENT (  '', '', ( #6795 ) ) ;
#2563 = VERTEX_POINT ( 'NONE', #5630 ) ;
#2564 = DIRECTION ( 'NONE',  ( 0.000000000000000000, 0.000000000000000000, 1.000000000000000000 ) ) ;
#2565 =( GEOMETRIC_REPRESENTATION_CONTEXT ( 3 ) GLOBAL_UNCERTAINTY_ASSIGNED_CONTEXT ( ( #4527 ) ) GLOBAL_UNIT_ASSIGNED_CONTEXT ( ( #1096, #1796, #2293 ) ) REPRESENTATION_CONTEXT ( 'NONE', 'WORKASPACE' ) );
#2566 = STYLED_ITEM ( 'NONE', ( #1299 ), #4980 ) ;
#2567 = DIRECTION ( 'NONE',  ( 1.000000000000000000, 0.000000000000000000, 0.000000000000000000 ) ) ;
#2568 = DIRECTION ( 'NONE',  ( -1.000000000000000000, 0.000000000000000000, 0.000000000000000000 ) ) ;
#2569 = LINE ( 'NONE', #4951, #5610 ) ;
#2570 = ORIENTED_EDGE ( 'NONE', *, *, #6137, .T. ) ;
#2571 = VECTOR ( 'NONE', #3295, 1000.000000000000000 ) ;
#2572 = COLOUR_RGB ( '',0.7490196078431372584, 0.7490196078431372584, 0.7490196078431372584 ) ;
#2573 = FACE_OUTER_BOUND ( 'NONE', #4975, .T. ) ;
#2574 = SURFACE_SIDE_STYLE ('',( #5456 ) ) ;
#2575 = EDGE_CURVE ( 'NONE', #4261, #2361, #226, .T. ) ;
#2576 = PRESENTATION_LAYER_ASSIGNMENT (  '', '', ( #4185 ) ) ;
#2577 = CARTESIAN_POINT ( 'NONE',  ( 5.377251000027170150E-07, 1.590000296195630103, 0.1000000000000000056 ) ) ;
#2578 = CARTESIAN_POINT ( 'NONE',  ( 1.550000537725050087, 2.961959355562979837E-07, 0.1000000000000000056 ) ) ;
#2579 = LINE ( 'NONE', #2855, #2820 ) ;
#2580 = VECTOR ( 'NONE', #5556, 1000.000000000000000 ) ;
#2581 = LINE ( 'NONE', #4963, #1971 ) ;
#2582 = LINE ( 'NONE', #3865, #651 ) ;
#2583 = ORIENTED_EDGE ( 'NONE', *, *, #1631, .T. ) ;
#2584 = CYLINDRICAL_SURFACE ( 'NONE', #4428, 0.1000000000000000472 ) ;
#2585 = FACE_OUTER_BOUND ( 'NONE', #2910, .T. ) ;
#2586 = LINE ( 'NONE', #5545, #2491 ) ;
#2587 =( LENGTH_UNIT ( ) NAMED_UNIT ( * ) SI_UNIT ( .MILLI., .METRE. ) );
#2588 = EDGE_CURVE ( 'NONE', #1659, #3417, #1433, .T. ) ;
#2589 =( NAMED_UNIT ( * ) PLANE_ANGLE_UNIT ( ) SI_UNIT ( $, .RADIAN. ) );
#2590 = VECTOR ( 'NONE', #1085, 1000.000000000000000 ) ;
#2591 = SURFACE_STYLE_USAGE ( .BOTH. , #5468 ) ;
#2592 = CARTESIAN_POINT ( 'NONE',  ( 1.890000537725309959, 1.510000300897559988, 0.1000000000000000056 ) ) ;
#2593 = VERTEX_POINT ( 'NONE', #2014 ) ;
#2594 = CARTESIAN_POINT ( 'NONE',  ( 1.700000537725050442, 0.3100003008975140695, 0.000000000000000000 ) ) ;
#2595 = DIRECTION ( 'NONE',  ( 1.000000000000000000, -3.235507100339109776E-13, -0.000000000000000000 ) ) ;
#2596 = PLANE ( 'NONE',  #3386 ) ;
#2597 = CARTESIAN_POINT ( 'NONE',  ( 1.870000537724990197, 1.650000296246720177, 0.2030000000000000415 ) ) ;
#2598 = ORIENTED_EDGE ( 'NONE', *, *, #2, .F. ) ;
#2599 = ADVANCED_FACE ( 'NONE', ( #6714 ), #1882, .T. ) ;
#2600 =( NAMED_UNIT ( * ) SI_UNIT ( $, .STERADIAN. ) SOLID_ANGLE_UNIT ( ) );
#2601 = ORIENTED_EDGE ( 'NONE', *, *, #7376, .F. ) ;
#2602 = DIRECTION ( 'NONE',  ( 0.000000000000000000, 0.000000000000000000, 1.000000000000000000 ) ) ;
#2603 = VECTOR ( 'NONE', #6584, 1000.000000000000000 ) ;
#2604 = VECTOR ( 'NONE', #2847, 1000.000000000000000 ) ;
#2605 = ORIENTED_EDGE ( 'NONE', *, *, #5476, .F. ) ;
#2606 = PRESENTATION_LAYER_ASSIGNMENT (  '', '', ( #6583 ) ) ;
#2607 = CARTESIAN_POINT ( 'NONE',  ( 1.700000537725049998, 1.690000291494129891, 0.000000000000000000 ) ) ;
#2608 = SURFACE_STYLE_USAGE ( .BOTH. , #243 ) ;
#2609 = DIRECTION ( 'NONE',  ( -1.000000000000000000, -0.000000000000000000, 0.000000000000000000 ) ) ;
#2610 = LINE ( 'NONE', #2035, #5283 ) ;
#2611 = UNCERTAINTY_MEASURE_WITH_UNIT (LENGTH_MEASURE( 1.000000000000000082E-05 ), #1670, 'distance_accuracy_value', 'NONE');
#2612 = SURFACE_STYLE_USAGE ( .BOTH. , #7261 ) ;
#2613 = VERTEX_POINT ( 'NONE', #1477 ) ;
#2614 = LINE ( 'NONE', #7386, #1195 ) ;
#2615 = SURFACE_STYLE_FILL_AREA ( #3821 ) ;
#2616 = CARTESIAN_POINT ( 'NONE',  ( 0.1300005377252090033, 0.3500002962467679835, 0.2030000000000000415 ) ) ;
#2617 = LINE ( 'NONE', #377, #4644 ) ;
#2618 = EDGE_LOOP ( 'NONE', ( #6207, #3261, #4770, #5822 ) ) ;
#2619 = CARTESIAN_POINT ( 'NONE',  ( 1.890000537724970675, 0.4900002914941987697, 0.1000000000000000056 ) ) ;
#2620 = CARTESIAN_POINT ( 'NONE',  ( 1.890000537725309959, 0.8600003008975819485, 0.1000000000000000056 ) ) ;
#2621 = ORIENTED_EDGE ( 'NONE', *, *, #2330, .F. ) ;
#2622 = EDGE_CURVE ( 'NONE', #2238, #5102, #6219, .T. ) ;
#2623 = SURFACE_STYLE_USAGE ( .BOTH. , #6746 ) ;
#2624 = CARTESIAN_POINT ( 'NONE',  ( 0.2000005377251616867, 1.790000291494129980, 0.000000000000000000 ) ) ;
#2625 = DIRECTION ( 'NONE',  ( 0.000000000000000000, 0.000000000000000000, -1.000000000000000000 ) ) ;
#2626 = FILL_AREA_STYLE ('',( #264 ) ) ;
#2627 = EDGE_LOOP ( 'NONE', ( #4603, #6869, #1044, #2467 ) ) ;
#2628 = PRESENTATION_STYLE_ASSIGNMENT (( #266 ) ) ;
#2629 = FILL_AREA_STYLE_COLOUR ( '', #3120 ) ;
#2630 = CARTESIAN_POINT ( 'NONE',  ( 1.400000537725190064, 2.961959353342540141E-07, 0.1000000000000000056 ) ) ;
#2631 = EDGE_CURVE ( 'NONE', #2361, #2458, #4039, .T. ) ;
#2632 =( LENGTH_UNIT ( ) NAMED_UNIT ( * ) SI_UNIT ( .MILLI., .METRE. ) );
#2633 = ORIENTED_EDGE ( 'NONE', *, *, #7198, .T. ) ;
#2634 = DIRECTION ( 'NONE',  ( 0.7071067811870500597, -0.7071067811860450858, 0.000000000000000000 ) ) ;
#2635 = MANIFOLD_SOLID_BREP ( 'AP7347DQ_3D_8-1-solid1', #6779 ) ;
#2636 = SURFACE_STYLE_USAGE ( .BOTH. , #4983 ) ;
#2637 = CARTESIAN_POINT ( 'NONE',  ( 0.1300005377252090033, 1.140000291494180029, 0.1000000000000000056 ) ) ;
#2638 = FACE_OUTER_BOUND ( 'NONE', #190, .T. ) ;
#2639 = VERTEX_POINT ( 'NONE', #7670 ) ;
#2640 = ADVANCED_FACE ( 'NONE', ( #5830 ), #1098, .T. ) ;
#2641 = STYLED_ITEM ( 'NONE', ( #257 ), #3401 ) ;
#2642 = DIRECTION ( 'NONE',  ( 0.000000000000000000, 0.000000000000000000, 1.000000000000000000 ) ) ;
#2643 = AXIS2_PLACEMENT_3D ( 'NONE', #1803, #7612, #7692 ) ;
#2644 = FACE_OUTER_BOUND ( 'NONE', #5765, .T. ) ;
#2645 =( NAMED_UNIT ( * ) PLANE_ANGLE_UNIT ( ) SI_UNIT ( $, .RADIAN. ) );
#2646 = PLANE ( 'NONE',  #6291 ) ;
#2647 =( LENGTH_UNIT ( ) NAMED_UNIT ( * ) SI_UNIT ( .MILLI., .METRE. ) );
#2648 = DIRECTION ( 'NONE',  ( 0.000000000000000000, -0.000000000000000000, -1.000000000000000000 ) ) ;
#2649 = ORIENTED_EDGE ( 'NONE', *, *, #5876, .F. ) ;
#2650 =( GEOMETRIC_REPRESENTATION_CONTEXT ( 3 ) GLOBAL_UNCERTAINTY_ASSIGNED_CONTEXT ( ( #7185 ) ) GLOBAL_UNIT_ASSIGNED_CONTEXT ( ( #1678, #7026, #5798 ) ) REPRESENTATION_CONTEXT ( 'NONE', 'WORKASPACE' ) );
#2651 = SURFACE_SIDE_STYLE ('',( #249 ) ) ;
#2652 =( NAMED_UNIT ( * ) PLANE_ANGLE_UNIT ( ) SI_UNIT ( $, .RADIAN. ) );
#2653 = FILL_AREA_STYLE ('',( #5810 ) ) ;
#2654 = FACE_OUTER_BOUND ( 'NONE', #7219, .T. ) ;
#2655 = LINE ( 'NONE', #7391, #4896 ) ;
#2656 = VERTEX_POINT ( 'NONE', #1267 ) ;
#2657 = DIRECTION ( 'NONE',  ( 1.000000000000000000, 0.000000000000000000, 0.000000000000000000 ) ) ;
#2658 = ORIENTED_EDGE ( 'NONE', *, *, #3371, .F. ) ;
#2659 = ADVANCED_FACE ( 'NONE', ( #6518 ), #2500, .T. ) ;
#2660 = LINE ( 'NONE', #5538, #2339 ) ;
#2661 = CARTESIAN_POINT ( 'NONE',  ( 0.4500005377251449779, 2.961959353836933155E-07, 0.2030000000000000415 ) ) ;
#2662 = ORIENTED_EDGE ( 'NONE', *, *, #320, .F. ) ;
#2663 = CARTESIAN_POINT ( 'NONE',  ( 5.377250999550122253E-07, 2.961959353836933155E-07, 0.7500000000000000000 ) ) ;
#2664 = UNCERTAINTY_MEASURE_WITH_UNIT (LENGTH_MEASURE( 1.000000000000000082E-05 ), #1507, 'distance_accuracy_value', 'NONE');
#2665 = DIRECTION ( 'NONE',  ( -1.000000000000000000, -0.000000000000000000, 0.000000000000000000 ) ) ;
#2666 = CARTESIAN_POINT ( 'NONE',  ( 1.890000537725309959, 0.8600003008975819485, 0.1000000000000000056 ) ) ;
#2667 = EDGE_CURVE ( 'NONE', #5534, #4213, #4321, .T. ) ;
#2668 = FACE_OUTER_BOUND ( 'NONE', #427, .T. ) ;
#2669 = AXIS2_PLACEMENT_3D ( 'NONE', #2607, #3617, #5406 ) ;
#2670 = SURFACE_SIDE_STYLE ('',( #6224 ) ) ;
#2671 = SURFACE_STYLE_USAGE ( .BOTH. , #3272 ) ;
#2672 = ORIENTED_EDGE ( 'NONE', *, *, #5960, .T. ) ;
#2673 = PRESENTATION_STYLE_ASSIGNMENT (( #7555 ) ) ;
#2674 = DIRECTION ( 'NONE',  ( 0.7071067811860450858, 0.7071067811870500597, 0.000000000000000000 ) ) ;
#2675 =( NAMED_UNIT ( * ) PLANE_ANGLE_UNIT ( ) SI_UNIT ( $, .RADIAN. ) );
#2676 = ORIENTED_EDGE ( 'NONE', *, *, #4009, .F. ) ;
#2677 =( GEOMETRIC_REPRESENTATION_CONTEXT ( 3 ) GLOBAL_UNCERTAINTY_ASSIGNED_CONTEXT ( ( #4703 ) ) GLOBAL_UNIT_ASSIGNED_CONTEXT ( ( #2889, #3537, #4627 ) ) REPRESENTATION_CONTEXT ( 'NONE', 'WORKASPACE' ) );
#2678 = ADVANCED_FACE ( 'NONE', ( #6706 ), #1381, .T. ) ;
#2679 = DIRECTION ( 'NONE',  ( 0.000000000000000000, 0.000000000000000000, -1.000000000000000000 ) ) ;
#2680 = ORIENTED_EDGE ( 'NONE', *, *, #3008, .F. ) ;
#2681 = PRESENTATION_STYLE_ASSIGNMENT (( #5564 ) ) ;
#2682 = VECTOR ( 'NONE', #5744, 1000.000000000000000 ) ;
#2683 = ORIENTED_EDGE ( 'NONE', *, *, #1383, .T. ) ;
#2684 = LINE ( 'NONE', #7373, #5893 ) ;
#2685 = PRESENTATION_LAYER_ASSIGNMENT (  '', '', ( #3064 ) ) ;
#2686 = COLOUR_RGB ( '',0.7490196078431372584, 0.7490196078431372584, 0.7490196078431372584 ) ;
#2687 = DIRECTION ( 'NONE',  ( -0.7071067811855450413, -0.7071067811875499931, 0.000000000000000000 ) ) ;
#2688 = EDGE_CURVE ( 'NONE', #7304, #1317, #5306, .T. ) ;
#2689 = VECTOR ( 'NONE', #3202, 1000.000000000000000 ) ;
#2690 = DIRECTION ( 'NONE',  ( 1.000000000000000000, 0.000000000000000000, -0.000000000000000000 ) ) ;
#2691 = SURFACE_SIDE_STYLE ('',( #751 ) ) ;
#2692 = FILL_AREA_STYLE ('',( #6245 ) ) ;
#2693 = UNCERTAINTY_MEASURE_WITH_UNIT (LENGTH_MEASURE( 1.000000000000000082E-05 ), #325, 'distance_accuracy_value', 'NONE');
#2694 = CARTESIAN_POINT ( 'NONE',  ( 0.1812143443952660138, 1.850000289965689992, 0.2030000000000000415 ) ) ;
#2695 = ORIENTED_EDGE ( 'NONE', *, *, #910, .F. ) ;
#2696 = SURFACE_SIDE_STYLE ('',( #1461 ) ) ;
#2697 =( NAMED_UNIT ( * ) PLANE_ANGLE_UNIT ( ) SI_UNIT ( $, .RADIAN. ) );
#2698 =( GEOMETRIC_REPRESENTATION_CONTEXT ( 3 ) GLOBAL_UNCERTAINTY_ASSIGNED_CONTEXT ( ( #3379 ) ) GLOBAL_UNIT_ASSIGNED_CONTEXT ( ( #5827, #7056, #4572 ) ) REPRESENTATION_CONTEXT ( 'NONE', 'WORKASPACE' ) );
#2699 = AXIS2_PLACEMENT_3D ( 'NONE', #1472, #4278, #6667 ) ;
#2700 = AXIS2_PLACEMENT_3D ( 'NONE', #4725, #7092, #3516 ) ;
#2701 = COLOUR_RGB ( '',0.7490196078431372584, 0.7490196078431372584, 0.7490196078431372584 ) ;
#2702 = DIRECTION ( 'NONE',  ( 1.000000000000000000, -2.775557887806780184E-15, 0.000000000000000000 ) ) ;
#2703 = ORIENTED_EDGE ( 'NONE', *, *, #7672, .F. ) ;
#2704 = STYLED_ITEM ( 'NONE', ( #5699 ), #5987 ) ;
#2705 = LINE ( 'NONE', #2742, #7034 ) ;
#2706 =( GEOMETRIC_REPRESENTATION_CONTEXT ( 3 ) GLOBAL_UNCERTAINTY_ASSIGNED_CONTEXT ( ( #5904 ) ) GLOBAL_UNIT_ASSIGNED_CONTEXT ( ( #7619, #5347, #6651 ) ) REPRESENTATION_CONTEXT ( 'NONE', 'WORKASPACE' ) );
#2707 = ORIENTED_EDGE ( 'NONE', *, *, #3491, .T. ) ;
#2708 = PRODUCT_DEFINITION_SHAPE ( 'NONE', 'NONE',  #6249 ) ;
#2709 = SURFACE_STYLE_FILL_AREA ( #7576 ) ;
#2710 = EDGE_LOOP ( 'NONE', ( #116, #2875, #2570, #2695 ) ) ;
#2711 =( LENGTH_UNIT ( ) NAMED_UNIT ( * ) SI_UNIT ( .MILLI., .METRE. ) );
#2712 = VECTOR ( 'NONE', #6441, 1000.000000000000000 ) ;
#2713 = SURFACE_STYLE_USAGE ( .BOTH. , #7168 ) ;
#2714 = VECTOR ( 'NONE', #5032, 1000.000000000000000 ) ;
#2715 = ADVANCED_FACE ( 'NONE', ( #2487 ), #80, .T. ) ;
#2716 =( GEOMETRIC_REPRESENTATION_CONTEXT ( 3 ) GLOBAL_UNCERTAINTY_ASSIGNED_CONTEXT ( ( #1374 ) ) GLOBAL_UNIT_ASSIGNED_CONTEXT ( ( #5070, #2645, #6354 ) ) REPRESENTATION_CONTEXT ( 'NONE', 'WORKASPACE' ) );
#2717 = STYLED_ITEM ( 'NONE', ( #6839 ), #3903 ) ;
#2718 = PRESENTATION_STYLE_ASSIGNMENT (( #349 ) ) ;
#2719 = STYLED_ITEM ( 'NONE', ( #983 ), #6268 ) ;
#2720 = SURFACE_STYLE_USAGE ( .BOTH. , #5050 ) ;
#2721 = ORIENTED_EDGE ( 'NONE', *, *, #1735, .F. ) ;
#2722 = EDGE_CURVE ( 'NONE', #4577, #4588, #1415, .T. ) ;
#2723 = LINE ( 'NONE', #5793, #4079 ) ;
#2724 = ORIENTED_EDGE ( 'NONE', *, *, #3230, .T. ) ;
#2725 = LINE ( 'NONE', #6926, #254 ) ;
#2726 = ADVANCED_FACE ( 'NONE', ( #5574 ), #4706, .T. ) ;
#2727 = DIRECTION ( 'NONE',  ( -1.000000000000000000, -0.000000000000000000, 0.000000000000000000 ) ) ;
#2728 = SURFACE_SIDE_STYLE ('',( #369 ) ) ;
#2729 = STYLED_ITEM ( 'NONE', ( #2509 ), #1052 ) ;
#2730 = VECTOR ( 'NONE', #1766, 1000.000000000000000 ) ;
#2731 =( LENGTH_UNIT ( ) NAMED_UNIT ( * ) SI_UNIT ( .MILLI., .METRE. ) );
#2732 = DIRECTION ( 'NONE',  ( -1.000000000000000000, 0.000000000000000000, 0.000000000000000000 ) ) ;
#2733 = DIRECTION ( 'NONE',  ( 1.000000000000000000, 0.000000000000000000, 0.000000000000000000 ) ) ;
#2734 = DIRECTION ( 'NONE',  ( 0.000000000000000000, 0.000000000000000000, -1.000000000000000000 ) ) ;
#2735 = ORIENTED_EDGE ( 'NONE', *, *, #6898, .T. ) ;
#2736 = EDGE_CURVE ( 'NONE', #2102, #5577, #5293, .T. ) ;
#2737 = CARTESIAN_POINT ( 'NONE',  ( 1.800000537725050309, 1.510000300897579972, 0.1000000000000000056 ) ) ;
#2738 = VECTOR ( 'NONE', #1612, 1000.000000000000000 ) ;
#2739 = FILL_AREA_STYLE ('',( #506 ) ) ;
#2740 = MECHANICAL_DESIGN_GEOMETRIC_PRESENTATION_REPRESENTATION (  '', ( #5120 ), #1279 ) ;
#2741 = ORIENTED_EDGE ( 'NONE', *, *, #5377, .T. ) ;
#2742 = CARTESIAN_POINT ( 'NONE',  ( 0.3000005377251450112, 1.650000296195859972, 0.1000000000000000056 ) ) ;
#2743 = ORIENTED_EDGE ( 'NONE', *, *, #3499, .F. ) ;
#2744 = VERTEX_POINT ( 'NONE', #3469 ) ;
#2745 = EDGE_CURVE ( 'NONE', #311, #265, #4004, .T. ) ;
#2746 = UNCERTAINTY_MEASURE_WITH_UNIT (LENGTH_MEASURE( 1.000000000000000082E-05 ), #390, 'distance_accuracy_value', 'NONE');
#2747 = PRESENTATION_LAYER_ASSIGNMENT (  '', '', ( #5120 ) ) ;
#2748 = CARTESIAN_POINT ( 'NONE',  ( 1.970000533023269940, 1.710000296195629987, 0.1000000000000000056 ) ) ;
#2749 =( LENGTH_UNIT ( ) NAMED_UNIT ( * ) SI_UNIT ( .MILLI., .METRE. ) );
#2750 = CARTESIAN_POINT ( 'NONE',  ( 1.870000537724990197, 0.3500002962467679835, 0.2030000000000000415 ) ) ;
#2751 =( LENGTH_UNIT ( ) NAMED_UNIT ( * ) SI_UNIT ( .MILLI., .METRE. ) );
#2752 = LINE ( 'NONE', #1004, #6351 ) ;
#2753 = DIRECTION ( 'NONE',  ( 1.000000000000000000, 1.480297366168220066E-15, 0.000000000000000000 ) ) ;
#2754 = MECHANICAL_DESIGN_GEOMETRIC_PRESENTATION_REPRESENTATION (  '', ( #766 ), #4224 ) ;
#2755 = COLOUR_RGB ( '',0.7921568627450980005, 0.8196078431372548767, 0.9333333333333333481 ) ;
#2756 = FACE_OUTER_BOUND ( 'NONE', #4952, .T. ) ;
#2757 = ORIENTED_EDGE ( 'NONE', *, *, #2111, .F. ) ;
#2758 = SURFACE_STYLE_USAGE ( .BOTH. , #363 ) ;
#2759 = LINE ( 'NONE', #4508, #6229 ) ;
#2760 = ADVANCED_FACE ( 'NONE', ( #4662 ), #2295, .F. ) ;
#2761 = FILL_AREA_STYLE ('',( #6848 ) ) ;
#2762 = SURFACE_STYLE_USAGE ( .BOTH. , #400 ) ;
#2763 = CARTESIAN_POINT ( 'NONE',  ( 5.377251000027170150E-07, 1.060000296195650060, 0.1000000000000000056 ) ) ;
#2764 = EDGE_CURVE ( 'NONE', #1687, #2848, #7425, .T. ) ;
#2765 = PRESENTATION_STYLE_ASSIGNMENT (( #5691 ) ) ;
#2766 = FILL_AREA_STYLE ('',( #4517 ) ) ;
#2767 = ORIENTED_EDGE ( 'NONE', *, *, #4408, .T. ) ;
#2768 = DIRECTION ( 'NONE',  ( 0.000000000000000000, 0.000000000000000000, -1.000000000000000000 ) ) ;
#2769 = PLANE ( 'NONE',  #7258 ) ;
#2770 =( LENGTH_UNIT ( ) NAMED_UNIT ( * ) SI_UNIT ( .MILLI., .METRE. ) );
#2771 = EDGE_CURVE ( 'NONE', #7164, #7618, #2072, .T. ) ;
#2772 = SURFACE_SIDE_STYLE ('',( #7505 ) ) ;
#2773 = ORIENTED_EDGE ( 'NONE', *, *, #6778, .F. ) ;
#2774 = EDGE_LOOP ( 'NONE', ( #4908, #2583, #4749, #2703 ) ) ;
#2775 = STYLED_ITEM ( 'NONE', ( #275 ), #3667 ) ;
#2776 = SURFACE_STYLE_USAGE ( .BOTH. , #2241 ) ;
#2777 = ORIENTED_EDGE ( 'NONE', *, *, #6387, .F. ) ;
#2778 = PRESENTATION_STYLE_ASSIGNMENT (( #4098 ) ) ;
#2779 = CARTESIAN_POINT ( 'NONE',  ( 1.870000537724990197, 0.5500002899657370214, 0.1000000000000000056 ) ) ;
#2780 = AXIS2_PLACEMENT_3D ( 'NONE', #4318, #6014, #3170 ) ;
#2781 = UNCERTAINTY_MEASURE_WITH_UNIT (LENGTH_MEASURE( 1.000000000000000082E-05 ), #1153, 'distance_accuracy_value', 'NONE');
#2782 = ADVANCED_FACE ( 'NONE', ( #277 ), #6818, .T. ) ;
#2783 = PRESENTATION_STYLE_ASSIGNMENT (( #6873 ) ) ;
#2784 = CARTESIAN_POINT ( 'NONE',  ( 1.550000537725050087, 2.961959354782356920E-07, 0.1000000000000000056 ) ) ;
#2785 = CARTESIAN_POINT ( 'NONE',  ( 0.4500005377251449779, 2.000000296195940219, 0.2030000000000000415 ) ) ;
#2786 = PLANE ( 'NONE',  #187 ) ;
#2787 = FILL_AREA_STYLE_COLOUR ( '', #5746 ) ;
#2788 = SURFACE_STYLE_FILL_AREA ( #1486 ) ;
#2789 = MANIFOLD_SOLID_BREP ( 'AP7347DQ_3D_11-1-solid1', #1821 ) ;
#2790 = PRESENTATION_LAYER_ASSIGNMENT (  '', '', ( #1929 ) ) ;
#2791 =( NAMED_UNIT ( * ) PLANE_ANGLE_UNIT ( ) SI_UNIT ( $, .RADIAN. ) );
#2792 = DIRECTION ( 'NONE',  ( -0.000000000000000000, 1.000000000000000000, 0.000000000000000000 ) ) ;
#2793 = PLANE ( 'NONE',  #7014 ) ;
#2794 = ORIENTED_EDGE ( 'NONE', *, *, #7011, .F. ) ;
#2795 = PLANE ( 'NONE',  #4696 ) ;
#2796 = DIRECTION ( 'NONE',  ( 0.000000000000000000, 0.000000000000000000, 1.000000000000000000 ) ) ;
#2797 = MECHANICAL_DESIGN_GEOMETRIC_PRESENTATION_REPRESENTATION (  '', ( #5661 ), #2677 ) ;
#2798 = ORIENTED_EDGE ( 'NONE', *, *, #5618, .F. ) ;
#2799 = LINE ( 'NONE', #368, #5676 ) ;
#2800 = PRESENTATION_LAYER_ASSIGNMENT (  '', '', ( #2550 ) ) ;
#2801 = FILL_AREA_STYLE ('',( #1539 ) ) ;
#2802 = SURFACE_SIDE_STYLE ('',( #7497 ) ) ;
#2803 = CARTESIAN_POINT ( 'NONE',  ( 0.2000005377251460048, 1.040000291494149964, 0.000000000000000000 ) ) ;
#2804 = VECTOR ( 'NONE', #6159, 1000.000000000000000 ) ;
#2805 = PRESENTATION_LAYER_ASSIGNMENT (  '', '', ( #4922 ) ) ;
#2806 = ORIENTED_EDGE ( 'NONE', *, *, #5314, .F. ) ;
#2807 = MECHANICAL_DESIGN_GEOMETRIC_PRESENTATION_REPRESENTATION (  '', ( #6174 ), #4667 ) ;
#2808 = FILL_AREA_STYLE ('',( #1060 ) ) ;
#2809 = SURFACE_STYLE_FILL_AREA ( #4049 ) ;
#2810 = VERTEX_POINT ( 'NONE', #3208 ) ;
#2811 =( GEOMETRIC_REPRESENTATION_CONTEXT ( 3 ) GLOBAL_UNCERTAINTY_ASSIGNED_CONTEXT ( ( #4258 ) ) GLOBAL_UNIT_ASSIGNED_CONTEXT ( ( #3772, #7337, #819 ) ) REPRESENTATION_CONTEXT ( 'NONE', 'WORKASPACE' ) );
#2812 = COLOUR_RGB ( '',0.7490196078431372584, 0.7490196078431372584, 0.7490196078431372584 ) ;
#2813 = ORIENTED_EDGE ( 'NONE', *, *, #6908, .F. ) ;
#2814 = UNCERTAINTY_MEASURE_WITH_UNIT (LENGTH_MEASURE( 1.000000000000000082E-05 ), #4333, 'distance_accuracy_value', 'NONE');
#2815 = ADVANCED_FACE ( 'NONE', ( #4474 ), #6377, .T. ) ;
#2816 = SURFACE_SIDE_STYLE ('',( #5825 ) ) ;
#2817 = CARTESIAN_POINT ( 'NONE',  ( 5.377251000027170150E-07, 2.961959353342540141E-07, 0.02000000000000000042 ) ) ;
#2818 = ORIENTED_EDGE ( 'NONE', *, *, #2197, .F. ) ;
#2819 = VECTOR ( 'NONE', #5997, 1000.000000000000000 ) ;
#2820 = VECTOR ( 'NONE', #439, 1000.000000000000000 ) ;
#2821 = CARTESIAN_POINT ( 'NONE',  ( 1.700000537725049998, 0.3900002914941749776, 0.000000000000000000 ) ) ;
#2822 = AXIS2_PLACEMENT_3D ( 'NONE', #6133, #3061, #3025 ) ;
#2823 = CARTESIAN_POINT ( 'NONE',  ( 1.890000537724970675, 0.4900002914941987697, 0.2030000000000000415 ) ) ;
#2824 = PRESENTATION_STYLE_ASSIGNMENT (( #451 ) ) ;
#2825 = ORIENTED_EDGE ( 'NONE', *, *, #6532, .F. ) ;
#2826 = CARTESIAN_POINT ( 'NONE',  ( 1.870000537724990197, 1.510000300897559988, 0.1000000000000000056 ) ) ;
#2827 = LINE ( 'NONE', #489, #5150 ) ;
#2828 = PRESENTATION_STYLE_ASSIGNMENT (( #6981 ) ) ;
#2829 = ORIENTED_EDGE ( 'NONE', *, *, #7198, .F. ) ;
#2830 = FILL_AREA_STYLE ('',( #5280 ) ) ;
#2831 =( GEOMETRIC_REPRESENTATION_CONTEXT ( 3 ) GLOBAL_UNCERTAINTY_ASSIGNED_CONTEXT ( ( #2245 ) ) GLOBAL_UNIT_ASSIGNED_CONTEXT ( ( #4052, #2205, #1590 ) ) REPRESENTATION_CONTEXT ( 'NONE', 'WORKASPACE' ) );
#2832 = EDGE_CURVE ( 'NONE', #7164, #951, #3962, .T. ) ;
#2833 = DIRECTION ( 'NONE',  ( 0.000000000000000000, -0.000000000000000000, 1.000000000000000000 ) ) ;
#2834 = MANIFOLD_SOLID_BREP ( 'AP7347DQ_3D_1-1-solid1', #6530 ) ;
#2835 = MECHANICAL_DESIGN_GEOMETRIC_PRESENTATION_REPRESENTATION (  '', ( #2451 ), #87 ) ;
#2836 = SURFACE_STYLE_USAGE ( .BOTH. , #1042 ) ;
#2837 = PRESENTATION_STYLE_ASSIGNMENT (( #5284 ) ) ;
#2838 = ORIENTED_EDGE ( 'NONE', *, *, #6966, .T. ) ;
#2839 = DIRECTION ( 'NONE',  ( 0.000000000000000000, 0.000000000000000000, -1.000000000000000000 ) ) ;
#2840 = SURFACE_SIDE_STYLE ('',( #5879 ) ) ;
#2841 = ORIENTED_EDGE ( 'NONE', *, *, #2667, .T. ) ;
#2842 = PRESENTATION_LAYER_ASSIGNMENT (  '', '', ( #4190 ) ) ;
#2843 = VECTOR ( 'NONE', #6708, 1000.000000000000000 ) ;
#2844 =( NAMED_UNIT ( * ) SI_UNIT ( $, .STERADIAN. ) SOLID_ANGLE_UNIT ( ) );
#2845 = FILL_AREA_STYLE_COLOUR ( '', #4283 ) ;
#2846 = DIRECTION ( 'NONE',  ( 0.000000000000000000, 0.000000000000000000, 1.000000000000000000 ) ) ;
#2847 = DIRECTION ( 'NONE',  ( -0.000000000000000000, -0.000000000000000000, -1.000000000000000000 ) ) ;
#2848 = VERTEX_POINT ( 'NONE', #1045 ) ;
#2849 = CARTESIAN_POINT ( 'NONE',  ( 5.377251000157276528E-07, 0.3500002961959020054, 0.1000000000000000056 ) ) ;
#2850 = CARTESIAN_POINT ( 'NONE',  ( 2.000000537725100003, 0.2900002961956720249, 0.2030000000000000415 ) ) ;
#2851 = COLOUR_RGB ( '',0.7490196078431372584, 0.7490196078431372584, 0.7490196078431372584 ) ;
#2852 = CARTESIAN_POINT ( 'NONE',  ( 0.2000005377251450334, 0.4900002914941750110, 0.000000000000000000 ) ) ;
#2853 = FILL_AREA_STYLE ('',( #5192 ) ) ;
#2854 = ORIENTED_EDGE ( 'NONE', *, *, #2688, .T. ) ;
#2855 = CARTESIAN_POINT ( 'NONE',  ( 0.1812143443952660138, 0.4100002961956760728, 0.2030000000000000415 ) ) ;
#2856 = VERTEX_POINT ( 'NONE', #6273 ) ;
#2857 = CARTESIAN_POINT ( 'NONE',  ( 1.284999967722169956, 1.000000296195939997, 0.2283999999999999919 ) ) ;
#2858 = FILL_AREA_STYLE ('',( #7586 ) ) ;
#2859 = EDGE_CURVE ( 'NONE', #479, #7304, #3394, .T. ) ;
#2860 = CARTESIAN_POINT ( 'NONE',  ( 1.000000537725070027, 0.7025008911961240221, 0.2283999999999999919 ) ) ;
#2861 = DIRECTION ( 'NONE',  ( -0.000000000000000000, -0.000000000000000000, 1.000000000000000000 ) ) ;
#2862 = VECTOR ( 'NONE', #397, 1000.000000000000000 ) ;
#2863 = DIRECTION ( 'NONE',  ( -1.000000000000000000, -0.000000000000000000, 0.000000000000000000 ) ) ;
#2864 = PLANE ( 'NONE',  #1837 ) ;
#2865 = CARTESIAN_POINT ( 'NONE',  ( 0.03000054242693309808, 1.710000296195629765, 0.2030000000000000415 ) ) ;
#2866 = ADVANCED_FACE ( 'NONE', ( #424 ), #2795, .T. ) ;
#2867 = CARTESIAN_POINT ( 'NONE',  ( 0.2000005377251450334, 0.9600003008976040197, 0.1000000000000000056 ) ) ;
#2868 =( NAMED_UNIT ( * ) SI_UNIT ( $, .STERADIAN. ) SOLID_ANGLE_UNIT ( ) );
#2869 = ORIENTED_EDGE ( 'NONE', *, *, #673, .F. ) ;
#2870 = CARTESIAN_POINT ( 'NONE',  ( 1.970000533023269940, 0.4100002961956760728, 0.1000000000000000056 ) ) ;
#2871 = PRESENTATION_STYLE_ASSIGNMENT (( #5716 ) ) ;
#2872 = CARTESIAN_POINT ( 'NONE',  ( 1.800000537725050309, 0.3100003008976279784, 0.1000000000000000056 ) ) ;
#2873 = DIRECTION ( 'NONE',  ( -0.000000000000000000, -1.000000000000000000, 0.000000000000000000 ) ) ;
#2874 = ADVANCED_FACE ( 'NONE', ( #6691 ), #194, .T. ) ;
#2875 = ORIENTED_EDGE ( 'NONE', *, *, #3111, .T. ) ;
#2877 = PRESENTATION_LAYER_ASSIGNMENT (  '', '', ( #892 ) ) ;
#2876 = DIRECTION ( 'NONE',  ( -0.000000000000000000, -0.000000000000000000, -1.000000000000000000 ) ) ;
#2878 = UNCERTAINTY_MEASURE_WITH_UNIT (LENGTH_MEASURE( 1.000000000000000082E-05 ), #3561, 'distance_accuracy_value', 'NONE');
#2879 = COLOUR_RGB ( '',0.7490196078431372584, 0.7490196078431372584, 0.7490196078431372584 ) ;
#2880 = DIRECTION ( 'NONE',  ( 2.775557887810709895E-15, 1.000000000000000000, 0.000000000000000000 ) ) ;
#2881 = VERTEX_POINT ( 'NONE', #898 ) ;
#2882 = VECTOR ( 'NONE', #3256, 1000.000000000000000 ) ;
#2883 =( NAMED_UNIT ( * ) SI_UNIT ( $, .STERADIAN. ) SOLID_ANGLE_UNIT ( ) );
#2884 = VECTOR ( 'NONE', #1440, 1000.000000000000000 ) ;
#2885 = CARTESIAN_POINT ( 'NONE',  ( 5.377251000056986768E-07, 1.710000296195629987, 0.2030000000000000415 ) ) ;
#2886 = COLOUR_RGB ( '',0.7490196078431372584, 0.7490196078431372584, 0.7490196078431372584 ) ;
#2887 = SURFACE_STYLE_USAGE ( .BOTH. , #2114 ) ;
#2888 = EDGE_CURVE ( 'NONE', #2238, #5195, #7297, .T. ) ;
#2889 =( LENGTH_UNIT ( ) NAMED_UNIT ( * ) SI_UNIT ( .MILLI., .METRE. ) );
#2890 = DIRECTION ( 'NONE',  ( -0.000000000000000000, -1.000000000000000000, 0.000000000000000000 ) ) ;
#2891 = SURFACE_SIDE_STYLE ('',( #7650 ) ) ;
#2892 = ORIENTED_EDGE ( 'NONE', *, *, #4282, .T. ) ;
#2893 = SURFACE_SIDE_STYLE ('',( #6469 ) ) ;
#2894 = VECTOR ( 'NONE', #2690, 1000.000000000000000 ) ;
#2895 = FILL_AREA_STYLE_COLOUR ( '', #5077 ) ;
#2896 = CARTESIAN_POINT ( 'NONE',  ( 0.7150011077279719851, 0.7025008911961240221, 0.2030000000000000415 ) ) ;
#2897 = DIRECTION ( 'NONE',  ( 0.000000000000000000, 0.000000000000000000, 1.000000000000000000 ) ) ;
#2898 = ORIENTED_EDGE ( 'NONE', *, *, #1047, .F. ) ;
#2899 = VERTEX_POINT ( 'NONE', #312 ) ;
#2900 = MECHANICAL_DESIGN_GEOMETRIC_PRESENTATION_REPRESENTATION (  '', ( #909 ), #5633 ) ;
#2901 = CARTESIAN_POINT ( 'NONE',  ( 1.800000537725050309, 0.8600003008976040419, 0.000000000000000000 ) ) ;
#2902 = FILL_AREA_STYLE ('',( #5316 ) ) ;
#2903 = FILL_AREA_STYLE ('',( #5667 ) ) ;
#2904 = DIRECTION ( 'NONE',  ( -1.000000000000000000, -0.000000000000000000, 0.000000000000000000 ) ) ;
#2905 = FILL_AREA_STYLE_COLOUR ( '', #6521 ) ;
#2906 = ADVANCED_FACE ( 'NONE', ( #1985 ), #4345, .T. ) ;
#2907 = DIRECTION ( 'NONE',  ( 0.000000000000000000, -0.000000000000000000, -1.000000000000000000 ) ) ;
#2908 = DIRECTION ( 'NONE',  ( 1.000000000000000000, -3.298948416032040199E-13, 0.000000000000000000 ) ) ;
#2909 = LINE ( 'NONE', #6405, #642 ) ;
#2910 = EDGE_LOOP ( 'NONE', ( #4439, #3893, #5003, #6406 ) ) ;
#2911 = CARTESIAN_POINT ( 'NONE',  ( 0.03000054242693301829, 0.9400002961956489544, 0.1000000000000000056 ) ) ;
#2912 = MANIFOLD_SOLID_BREP ( 'AP7347DQ_3D_5-1-solid1', #443 ) ;
#2913 = MECHANICAL_DESIGN_GEOMETRIC_PRESENTATION_REPRESENTATION (  '', ( #6274 ), #5768 ) ;
#2914 = UNCERTAINTY_MEASURE_WITH_UNIT (LENGTH_MEASURE( 1.000000000000000082E-05 ), #5797, 'distance_accuracy_value', 'NONE');
#2915 = MECHANICAL_DESIGN_GEOMETRIC_PRESENTATION_REPRESENTATION (  '', ( #2526 ), #173 ) ;
#2916 = FILL_AREA_STYLE ('',( #523 ) ) ;
#2917 = FACE_OUTER_BOUND ( 'NONE', #1166, .T. ) ;
#2918 = EDGE_LOOP ( 'NONE', ( #744, #805, #2045, #3716, #2110, #2825, #5915, #3436, #5663, #1910, #5424, #1204 ) ) ;
#2919 = CARTESIAN_POINT ( 'NONE',  ( 0.3100005377250449889, 0.1500003025424800074, 0.1000000000000000056 ) ) ;
#2920 = ORIENTED_EDGE ( 'NONE', *, *, #1225, .T. ) ;
#2921 = MECHANICAL_DESIGN_GEOMETRIC_PRESENTATION_REPRESENTATION (  '', ( #1807 ), #6634 ) ;
#2922 = ADVANCED_FACE ( 'NONE', ( #5812 ), #1573, .T. ) ;
#2923 = PRESENTATION_STYLE_ASSIGNMENT (( #2998 ) ) ;
#2924 = UNCERTAINTY_MEASURE_WITH_UNIT (LENGTH_MEASURE( 1.000000000000000082E-05 ), #600, 'distance_accuracy_value', 'NONE');
#2925 = FILL_AREA_STYLE_COLOUR ( '', #5874 ) ;
#2926 = PRESENTATION_STYLE_ASSIGNMENT (( #1765 ) ) ;
#2927 =( LENGTH_UNIT ( ) NAMED_UNIT ( * ) SI_UNIT ( .MILLI., .METRE. ) );
#2928 = VECTOR ( 'NONE', #6148, 1000.000000000000000 ) ;
#2929 = ORIENTED_EDGE ( 'NONE', *, *, #6160, .F. ) ;
#2930 = CARTESIAN_POINT ( 'NONE',  ( 0.1300005377252090033, 0.5500002899657370214, 0.1000000000000000056 ) ) ;
#2931 = PRESENTATION_STYLE_ASSIGNMENT (( #1146 ) ) ;
#2932 = FACE_OUTER_BOUND ( 'NONE', #6637, .T. ) ;
#2933 = EDGE_CURVE ( 'NONE', #6529, #3013, #2189, .T. ) ;
#2934 = SURFACE_SIDE_STYLE ('',( #5450 ) ) ;
#2935 = VECTOR ( 'NONE', #5937, 1000.000000000000000 ) ;
#2936 =( NAMED_UNIT ( * ) SI_UNIT ( $, .STERADIAN. ) SOLID_ANGLE_UNIT ( ) );
#2937 = ORIENTED_EDGE ( 'NONE', *, *, #4038, .T. ) ;
#2938 = DIRECTION ( 'NONE',  ( -1.000000000000000000, -0.000000000000000000, 0.000000000000000000 ) ) ;
#2939 = VERTEX_POINT ( 'NONE', #5690 ) ;
#2940 = AXIS2_PLACEMENT_3D ( 'NONE', #5076, #2195, #2119 ) ;
#2941 = AXIS2_PLACEMENT_3D ( 'NONE', #2953, #1709, #1752 ) ;
#2942 = DIRECTION ( 'NONE',  ( -0.000000000000000000, -0.000000000000000000, -1.000000000000000000 ) ) ;
#2943 = SURFACE_STYLE_FILL_AREA ( #2903 ) ;
#2944 = UNCERTAINTY_MEASURE_WITH_UNIT (LENGTH_MEASURE( 1.000000000000000082E-05 ), #6915, 'distance_accuracy_value', 'NONE');
#2945 = DIRECTION ( 'NONE',  ( 0.000000000000000000, 0.000000000000000000, 1.000000000000000000 ) ) ;
#2946 =( NAMED_UNIT ( * ) PLANE_ANGLE_UNIT ( ) SI_UNIT ( $, .RADIAN. ) );
#2947 = COLOUR_RGB ( '',0.7490196078431372584, 0.7490196078431372584, 0.7490196078431372584 ) ;
#2948 = STYLED_ITEM ( 'NONE', ( #5951 ), #4783 ) ;
#2949 = EDGE_LOOP ( 'NONE', ( #3633, #6485, #6591, #1890, #2435 ) ) ;
#2950 = SURFACE_SIDE_STYLE ('',( #6520 ) ) ;
#2951 = CARTESIAN_POINT ( 'NONE',  ( 1.690000537725149909, 0.8000003025424580194, 0.1000000000000000056 ) ) ;
#2952 = VERTEX_POINT ( 'NONE', #4512 ) ;
#2953 = CARTESIAN_POINT ( 'NONE',  ( 0.3100005377250449889, 1.850000289965689992, 0.1000000000000000056 ) ) ;
#2954 = FILL_AREA_STYLE ('',( #560 ) ) ;
#2955 = ADVANCED_FACE ( 'NONE', ( #1615 ), #2549, .T. ) ;
#2956 = COLOUR_RGB ( '',0.7490196078431372584, 0.7490196078431372584, 0.7490196078431372584 ) ;
#2957 = PRESENTATION_LAYER_ASSIGNMENT (  '', '', ( #7035 ) ) ;
#2958 = MECHANICAL_DESIGN_GEOMETRIC_PRESENTATION_REPRESENTATION (  '', ( #4683 ), #1603 ) ;
#2959 = CARTESIAN_POINT ( 'NONE',  ( 0.3100005377250449889, 0.1500003025424800074, 0.1000000000000000056 ) ) ;
#2960 = ORIENTED_EDGE ( 'NONE', *, *, #6473, .T. ) ;
#2961 = FILL_AREA_STYLE ('',( #7101 ) ) ;
#2962 =( GEOMETRIC_REPRESENTATION_CONTEXT ( 3 ) GLOBAL_UNCERTAINTY_ASSIGNED_CONTEXT ( ( #7400 ) ) GLOBAL_UNIT_ASSIGNED_CONTEXT ( ( #5378, #4273, #6621 ) ) REPRESENTATION_CONTEXT ( 'NONE', 'WORKASPACE' ) );
#2963 = CARTESIAN_POINT ( 'NONE',  ( 5.377251000027170150E-07, 2.000000296195940219, 0.02000000000000000042 ) ) ;
#2964 = PRESENTATION_STYLE_ASSIGNMENT (( #2262 ) ) ;
#2965 = ORIENTED_EDGE ( 'NONE', *, *, #5144, .F. ) ;
#2966 = PRESENTATION_LAYER_ASSIGNMENT (  '', '', ( #1959 ) ) ;
#2967 = EDGE_CURVE ( 'NONE', #1442, #1249, #6713, .T. ) ;
#2968 = VECTOR ( 'NONE', #3009, 1000.000000000000000 ) ;
#2969 = CARTESIAN_POINT ( 'NONE',  ( 0.1100005377248859939, 1.510000300897559988, 0.1000000000000000056 ) ) ;
#2970 = LINE ( 'NONE', #5922, #5267 ) ;
#2971 = ORIENTED_EDGE ( 'NONE', *, *, #59, .T. ) ;
#2972 = EDGE_CURVE ( 'NONE', #6213, #6607, #1390, .T. ) ;
#2973 = STYLED_ITEM ( 'NONE', ( #6688 ), #6425 ) ;
#2974 = DIRECTION ( 'NONE',  ( 1.000000000000000000, 0.000000000000000000, -0.000000000000000000 ) ) ;
#2975 = VECTOR ( 'NONE', #5595, 1000.000000000000000 ) ;
#2976 =( LENGTH_UNIT ( ) NAMED_UNIT ( * ) SI_UNIT ( .MILLI., .METRE. ) );
#2977 = CARTESIAN_POINT ( 'NONE',  ( 0.2000005377251450056, 1.510000300897570202, 0.1000000000000000056 ) ) ;
#2978 = FACE_OUTER_BOUND ( 'NONE', #7683, .T. ) ;
#2979 = EDGE_LOOP ( 'NONE', ( #7207, #1927, #6413, #4403 ) ) ;
#2980 = EDGE_CURVE ( 'NONE', #26, #1304, #2586, .T. ) ;
#2981 = ORIENTED_EDGE ( 'NONE', *, *, #3773, .F. ) ;
#2982 = VECTOR ( 'NONE', #1522, 1000.000000000000000 ) ;
#2983 = CARTESIAN_POINT ( 'NONE',  ( 1.700000537725049998, 0.3900002914941747001, 0.000000000000000000 ) ) ;
#2984 = LINE ( 'NONE', #7118, #5819 ) ;
#2985 = DIRECTION ( 'NONE',  ( 0.000000000000000000, -1.000000000000000000, -0.000000000000000000 ) ) ;
#2986 = SURFACE_STYLE_FILL_AREA ( #2353 ) ;
#2987 = ORIENTED_EDGE ( 'NONE', *, *, #2622, .T. ) ;
#2988 = EDGE_CURVE ( 'NONE', #2390, #5577, #7318, .T. ) ;
#2989 = SURFACE_STYLE_FILL_AREA ( #5501 ) ;
#2990 = UNCERTAINTY_MEASURE_WITH_UNIT (LENGTH_MEASURE( 1.000000000000000082E-05 ), #4496, 'distance_accuracy_value', 'NONE');
#2991 = VECTOR ( 'NONE', #364, 1000.000000000000000 ) ;
#2992 = UNCERTAINTY_MEASURE_WITH_UNIT (LENGTH_MEASURE( 1.000000000000000082E-05 ), #6729, 'distance_accuracy_value', 'NONE');
#2993 = DIRECTION ( 'NONE',  ( 1.000000000000000000, 0.000000000000000000, 0.000000000000000000 ) ) ;
#2994 = ORIENTED_EDGE ( 'NONE', *, *, #2588, .F. ) ;
#2995 =( NAMED_UNIT ( * ) SI_UNIT ( $, .STERADIAN. ) SOLID_ANGLE_UNIT ( ) );
#2996 =( LENGTH_UNIT ( ) NAMED_UNIT ( * ) SI_UNIT ( .MILLI., .METRE. ) );
#2997 = ORIENTED_EDGE ( 'NONE', *, *, #3302, .F. ) ;
#2998 = SURFACE_STYLE_USAGE ( .BOTH. , #1207 ) ;
#2999 = UNCERTAINTY_MEASURE_WITH_UNIT (LENGTH_MEASURE( 1.000000000000000082E-05 ), #88, 'distance_accuracy_value', 'NONE');
#3000 = CARTESIAN_POINT ( 'NONE',  ( 0.6000005377252359828, 1.850000296195840166, 0.1000000000000000056 ) ) ;
#3001 = DIRECTION ( 'NONE',  ( -0.7071067811875499931, 0.7071067811855450413, 0.000000000000000000 ) ) ;
#3002 = EDGE_CURVE ( 'NONE', #4362, #797, #4907, .T. ) ;
#3003 = VERTEX_POINT ( 'NONE', #4352 ) ;
#3004 = CARTESIAN_POINT ( 'NONE',  ( 1.700000537725050442, 0.3100003008975707464, 0.000000000000000000 ) ) ;
#3005 = MECHANICAL_DESIGN_GEOMETRIC_PRESENTATION_REPRESENTATION (  '', ( #507 ), #5364 ) ;
#3006 = FACE_OUTER_BOUND ( 'NONE', #2091, .T. ) ;
#3007 = VECTOR ( 'NONE', #1966, 1000.000000000000000 ) ;
#3008 = EDGE_CURVE ( 'NONE', #6386, #6006, #2569, .T. ) ;
#3009 = DIRECTION ( 'NONE',  ( -0.000000000000000000, -1.000000000000000000, 0.000000000000000000 ) ) ;
#3010 = PRESENTATION_STYLE_ASSIGNMENT (( #6579 ) ) ;
#3011 = LINE ( 'NONE', #6772, #936 ) ;
#3012 =( GEOMETRIC_REPRESENTATION_CONTEXT ( 3 ) GLOBAL_UNCERTAINTY_ASSIGNED_CONTEXT ( ( #1920 ) ) GLOBAL_UNIT_ASSIGNED_CONTEXT ( ( #431, #5221, #1647 ) ) REPRESENTATION_CONTEXT ( 'NONE', 'WORKASPACE' ) );
#3013 = VERTEX_POINT ( 'NONE', #3742 ) ;
#3014 = CARTESIAN_POINT ( 'NONE',  ( 2.000000537725100003, 1.510000300897573311, 0.1000000000000000056 ) ) ;
#3015 = LINE ( 'NONE', #3515, #3547 ) ;
#3016 = UNCERTAINTY_MEASURE_WITH_UNIT (LENGTH_MEASURE( 1.000000000000000082E-05 ), #3798, 'distance_accuracy_value', 'NONE');
#3017 = EDGE_CURVE ( 'NONE', #3880, #3562, #3163, .T. ) ;
#3018 = DIRECTION ( 'NONE',  ( 1.000000000000000000, 0.000000000000000000, -0.000000000000000000 ) ) ;
#3019 = SURFACE_SIDE_STYLE ('',( #2416 ) ) ;
#3020 = VERTEX_POINT ( 'NONE', #1417 ) ;
#3021 = ORIENTED_EDGE ( 'NONE', *, *, #4016, .F. ) ;
#3022 = VECTOR ( 'NONE', #4964, 1000.000000000000000 ) ;
#3023 = PLANE ( 'NONE',  #463 ) ;
#3024 = FACE_OUTER_BOUND ( 'NONE', #593, .T. ) ;
#3025 = DIRECTION ( 'NONE',  ( 1.000000000000000000, 0.000000000000000000, -0.000000000000000000 ) ) ;
#3026 = EDGE_CURVE ( 'NONE', #5127, #481, #206, .T. ) ;
#3027 = DIRECTION ( 'NONE',  ( -0.000000000000000000, 0.000000000000000000, -1.000000000000000000 ) ) ;
#3028 = ORIENTED_EDGE ( 'NONE', *, *, #6350, .T. ) ;
#3029 = SURFACE_STYLE_FILL_AREA ( #3068 ) ;
#3030 = SURFACE_STYLE_USAGE ( .BOTH. , #7172 ) ;
#3031 = LINE ( 'NONE', #6565, #3557 ) ;
#3032 = STYLED_ITEM ( 'NONE', ( #703 ), #3591 ) ;
#3033 = VERTEX_POINT ( 'NONE', #6157 ) ;
#3034 = UNCERTAINTY_MEASURE_WITH_UNIT (LENGTH_MEASURE( 1.000000000000000082E-05 ), #938, 'distance_accuracy_value', 'NONE');
#3035 = VECTOR ( 'NONE', #3671, 1000.000000000000000 ) ;
#3036 = CARTESIAN_POINT ( 'NONE',  ( 0.1266793578704640266, 1.790000291494129980, 0.1000000000000000056 ) ) ;
#3037 =( GEOMETRIC_REPRESENTATION_CONTEXT ( 3 ) GLOBAL_UNCERTAINTY_ASSIGNED_CONTEXT ( ( #5410 ) ) GLOBAL_UNIT_ASSIGNED_CONTEXT ( ( #1570, #6239, #1535 ) ) REPRESENTATION_CONTEXT ( 'NONE', 'WORKASPACE' ) );
#3038 = FILL_AREA_STYLE ('',( #654 ) ) ;
#3039 = FACE_OUTER_BOUND ( 'NONE', #1847, .T. ) ;
#3040 = CARTESIAN_POINT ( 'NONE',  ( 5.377251000027170150E-07, 1.590000296195630103, 0.1000000000000000056 ) ) ;
#3041 = ORIENTED_EDGE ( 'NONE', *, *, #4063, .F. ) ;
#3042 = VECTOR ( 'NONE', #6324, 1000.000000000000000 ) ;
#3043 = SURFACE_STYLE_USAGE ( .BOTH. , #6502 ) ;
#3044 = EDGE_CURVE ( 'NONE', #1442, #1331, #1996, .T. ) ;
#3045 = PRESENTATION_LAYER_ASSIGNMENT (  '', '', ( #1807 ) ) ;
#3046 = FACE_OUTER_BOUND ( 'NONE', #4360, .T. ) ;
#3047 = PRESENTATION_STYLE_ASSIGNMENT (( #4637 ) ) ;
#3048 = DIRECTION ( 'NONE',  ( 0.7071067811875521025, 0.7071067811855430429, 0.000000000000000000 ) ) ;
#3049 = VERTEX_POINT ( 'NONE', #2531 ) ;
#3050 = PRESENTATION_STYLE_ASSIGNMENT (( #2410 ) ) ;
#3051 = SURFACE_STYLE_FILL_AREA ( #672 ) ;
#3052 = PRESENTATION_LAYER_ASSIGNMENT (  '', '', ( #6033 ) ) ;
#3053 = DIRECTION ( 'NONE',  ( 0.000000000000000000, 0.000000000000000000, 1.000000000000000000 ) ) ;
#3054 = CARTESIAN_POINT ( 'NONE',  ( 0.03000054242693068682, 1.060000296195652059, 0.2030000000000000415 ) ) ;
#3055 = AXIS2_PLACEMENT_3D ( 'NONE', #3953, #5867, #3383 ) ;
#3056 = ORIENTED_EDGE ( 'NONE', *, *, #1521, .T. ) ;
#3057 = PLANE ( 'NONE',  #2699 ) ;
#3058 = CARTESIAN_POINT ( 'NONE',  ( 0.6000005377252359828, 2.000000296195940219, 0.1000000000000000056 ) ) ;
#3059 = VERTEX_POINT ( 'NONE', #7262 ) ;
#3060 = ADVANCED_FACE ( 'NONE', ( #4311 ), #5075, .T. ) ;
#3061 = DIRECTION ( 'NONE',  ( 0.000000000000000000, 0.000000000000000000, 1.000000000000000000 ) ) ;
#3062 = DIRECTION ( 'NONE',  ( 1.000000000000000000, 0.000000000000000000, 0.000000000000000000 ) ) ;
#3063 =( GEOMETRIC_REPRESENTATION_CONTEXT ( 3 ) GLOBAL_UNCERTAINTY_ASSIGNED_CONTEXT ( ( #6073 ) ) GLOBAL_UNIT_ASSIGNED_CONTEXT ( ( #6684, #2432, #2554 ) ) REPRESENTATION_CONTEXT ( 'NONE', 'WORKASPACE' ) );
#3064 = STYLED_ITEM ( 'NONE', ( #2493 ), #143 ) ;
#3065 = COLOUR_RGB ( '',0.7490196078431372584, 0.7490196078431372584, 0.7490196078431372584 ) ;
#3066 = CARTESIAN_POINT ( 'NONE',  ( 5.377251000070538237E-07, 0.4900002914942119814, 0.000000000000000000 ) ) ;
#3067 = ORIENTED_EDGE ( 'NONE', *, *, #1745, .F. ) ;
#3068 = FILL_AREA_STYLE ('',( #5286 ) ) ;
#3069 = FILL_AREA_STYLE ('',( #4819 ) ) ;
#3070 = CARTESIAN_POINT ( 'NONE',  ( 5.377251000027170150E-07, 1.590000296195630103, 0.1000000000000000056 ) ) ;
#3071 = EDGE_CURVE ( 'NONE', #3801, #2613, #3864, .T. ) ;
#3072 = ADVANCED_FACE ( 'NONE', ( #4582 ), #2596, .F. ) ;
#3073 = PRESENTATION_STYLE_ASSIGNMENT (( #147 ) ) ;
#3074 = MECHANICAL_DESIGN_GEOMETRIC_PRESENTATION_REPRESENTATION (  '', ( #959 ), #3203 ) ;
#3075 = ORIENTED_EDGE ( 'NONE', *, *, #1135, .T. ) ;
#3076 = PRESENTATION_LAYER_ASSIGNMENT (  '', '', ( #77 ) ) ;
#3077 = CARTESIAN_POINT ( 'NONE',  ( 1.290000537725060070, 0.9765644598023180967, 0.1000000000000000056 ) ) ;
#3078 = MECHANICAL_DESIGN_GEOMETRIC_PRESENTATION_REPRESENTATION (  '', ( #1327 ), #7410 ) ;
#3079 = COLOUR_RGB ( '',0.7921568627450980005, 0.8196078431372548767, 0.9333333333333333481 ) ;
#3080 = UNCERTAINTY_MEASURE_WITH_UNIT (LENGTH_MEASURE( 1.000000000000000082E-05 ), #6381, 'distance_accuracy_value', 'NONE');
#3081 = DIRECTION ( 'NONE',  ( 0.000000000000000000, -0.000000000000000000, -1.000000000000000000 ) ) ;
#3082 = ORIENTED_EDGE ( 'NONE', *, *, #6882, .F. ) ;
#3083 = EDGE_CURVE ( 'NONE', #7680, #1856, #6341, .T. ) ;
#3084 = CARTESIAN_POINT ( 'NONE',  ( 2.000000537725100003, 0.8600003008975819485, 0.000000000000000000 ) ) ;
#3085 = PRESENTATION_LAYER_ASSIGNMENT (  '', '', ( #4069 ) ) ;
#3086 = MECHANICAL_DESIGN_GEOMETRIC_PRESENTATION_REPRESENTATION (  '', ( #1958 ), #5942 ) ;
#3087 = FACE_OUTER_BOUND ( 'NONE', #6079, .T. ) ;
#3088 =( LENGTH_UNIT ( ) NAMED_UNIT ( * ) SI_UNIT ( .MILLI., .METRE. ) );
#3089 = UNCERTAINTY_MEASURE_WITH_UNIT (LENGTH_MEASURE( 1.000000000000000082E-05 ), #2711, 'distance_accuracy_value', 'NONE');
#3090 = AXIS2_PLACEMENT_3D ( 'NONE', #699, #2401, #4788 ) ;
#3091 = ORIENTED_EDGE ( 'NONE', *, *, #166, .T. ) ;
#3092 = FACE_OUTER_BOUND ( 'NONE', #880, .T. ) ;
#3093 = PLANE ( 'NONE',  #1940 ) ;
#3094 = PLANE ( 'NONE',  #6486 ) ;
#3095 = CARTESIAN_POINT ( 'NONE',  ( 0.1100005377248859939, 0.8600003008975819485, 0.1000000000000000056 ) ) ;
#3096 = MECHANICAL_DESIGN_GEOMETRIC_PRESENTATION_REPRESENTATION (  '', ( #1736 ), #109 ) ;
#3097 = CARTESIAN_POINT ( 'NONE',  ( 0.1300005377252090033, 0.4900002914941979926, 0.1000000000000000056 ) ) ;
#3098 = FACE_OUTER_BOUND ( 'NONE', #2949, .T. ) ;
#3099 = STYLED_ITEM ( 'NONE', ( #7406 ), #6855 ) ;
#3100 = ORIENTED_EDGE ( 'NONE', *, *, #375, .F. ) ;
#3101 = CARTESIAN_POINT ( 'NONE',  ( 2.000000537725100003, 1.510000300897559988, 0.000000000000000000 ) ) ;
#3102 = EDGE_CURVE ( 'NONE', #1503, #3049, #3187, .T. ) ;
#3103 = LINE ( 'NONE', #24, #3196 ) ;
#3104 = ORIENTED_EDGE ( 'NONE', *, *, #2622, .F. ) ;
#3105 = SURFACE_STYLE_FILL_AREA ( #734 ) ;
#3106 = STYLED_ITEM ( 'NONE', ( #1995 ), #7025 ) ;
#3107 = DIRECTION ( 'NONE',  ( -0.7071067811870500597, -0.7071067811860450858, 0.000000000000000000 ) ) ;
#3108 = VERTEX_POINT ( 'NONE', #4535 ) ;
#3109 = UNCERTAINTY_MEASURE_WITH_UNIT (LENGTH_MEASURE( 1.000000000000000082E-05 ), #5404, 'distance_accuracy_value', 'NONE');
#3110 = AXIS2_PLACEMENT_3D ( 'NONE', #615, #4034, #5920 ) ;
#3111 = EDGE_CURVE ( 'NONE', #7618, #1471, #3799, .T. ) ;
#3112 = MECHANICAL_DESIGN_GEOMETRIC_PRESENTATION_REPRESENTATION (  '', ( #2729 ), #388 ) ;
#3113 = MECHANICAL_DESIGN_GEOMETRIC_PRESENTATION_REPRESENTATION (  '', ( #1990 ), #5976 ) ;
#3114 =( NAMED_UNIT ( * ) SI_UNIT ( $, .STERADIAN. ) SOLID_ANGLE_UNIT ( ) );
#3115 = SURFACE_STYLE_FILL_AREA ( #739 ) ;
#3116 = LINE ( 'NONE', #3651, #1311 ) ;
#3117 = ORIENTED_EDGE ( 'NONE', *, *, #5581, .T. ) ;
#3118 = SURFACE_STYLE_USAGE ( .BOTH. , #6115 ) ;
#3119 = ORIENTED_EDGE ( 'NONE', *, *, #482, .T. ) ;
#3120 = COLOUR_RGB ( '',0.7490196078431372584, 0.7490196078431372584, 0.7490196078431372584 ) ;
#3121 = SURFACE_STYLE_USAGE ( .BOTH. , #746 ) ;
#3122 = ADVANCED_FACE ( 'NONE', ( #5012 ), #5555, .T. ) ;
#3123 = SURFACE_SIDE_STYLE ('',( #162 ) ) ;
#3124 =( LENGTH_UNIT ( ) NAMED_UNIT ( * ) SI_UNIT ( .MILLI., .METRE. ) );
#3125 = DIRECTION ( 'NONE',  ( 0.000000000000000000, -1.000000000000000000, -0.000000000000000000 ) ) ;
#3126 = ORIENTED_EDGE ( 'NONE', *, *, #7690, .T. ) ;
#3127 = SURFACE_STYLE_USAGE ( .BOTH. , #6088 ) ;
#3128 = DIRECTION ( 'NONE',  ( 0.000000000000000000, -0.000000000000000000, -1.000000000000000000 ) ) ;
#3129 = STYLED_ITEM ( 'NONE', ( #6877 ), #3122 ) ;
#3130 = LINE ( 'NONE', #7435, #6428 ) ;
#3131 = CARTESIAN_POINT ( 'NONE',  ( 0.03000054242693301135, 1.590000296195630103, 0.2030000000000000415 ) ) ;
#3132 = PRESENTATION_LAYER_ASSIGNMENT (  '', '', ( #20 ) ) ;
#3133 = ORIENTED_EDGE ( 'NONE', *, *, #817, .F. ) ;
#3134 = SURFACE_STYLE_FILL_AREA ( #4916 ) ;
#3135 = ORIENTED_EDGE ( 'NONE', *, *, #732, .T. ) ;
#3136 = CARTESIAN_POINT ( 'NONE',  ( 0.1300005377252090033, 1.850000289965689992, 0.1000000000000000056 ) ) ;
#3137 = VERTEX_POINT ( 'NONE', #7485 ) ;
#3138 = DIRECTION ( 'NONE',  ( -0.000000000000000000, -0.000000000000000000, -1.000000000000000000 ) ) ;
#3139 = CARTESIAN_POINT ( 'NONE',  ( 0.1100005377248859939, 0.8600003008975819485, 0.1000000000000000056 ) ) ;
#3140 = SURFACE_STYLE_USAGE ( .BOTH. , #7200 ) ;
#3141 = DIRECTION ( 'NONE',  ( 0.000000000000000000, 0.000000000000000000, 1.000000000000000000 ) ) ;
#3142 = DIRECTION ( 'NONE',  ( -0.000000000000000000, -0.000000000000000000, 1.000000000000000000 ) ) ;
#3143 = SURFACE_SIDE_STYLE ('',( #2138 ) ) ;
#3144 = CARTESIAN_POINT ( 'NONE',  ( 0.1300005377252090033, 0.5500002899657370214, 0.2030000000000000415 ) ) ;
#3145 = VERTEX_POINT ( 'NONE', #267 ) ;
#3146 = DIRECTION ( 'NONE',  ( 2.775557887806780184E-15, 1.000000000000000000, 0.000000000000000000 ) ) ;
#3147 = AXIS2_PLACEMENT_3D ( 'NONE', #2412, #628, #7190 ) ;
#3149 = ORIENTED_EDGE ( 'NONE', *, *, #409, .T. ) ;
#3148 = CARTESIAN_POINT ( 'NONE',  ( 1.000000537725100003, 2.000000296195940219, 0.02000000000000000042 ) ) ;
#3150 = VECTOR ( 'NONE', #4670, 1000.000000000000000 ) ;
#3151 = SURFACE_SIDE_STYLE ('',( #778 ) ) ;
#3152 = AXIS2_PLACEMENT_3D ( 'NONE', #6284, #7467, #3214 ) ;
#3153 = ORIENTED_EDGE ( 'NONE', *, *, #7522, .T. ) ;
#3154 = SURFACE_STYLE_USAGE ( .BOTH. , #3770 ) ;
#3155 = ADVANCED_FACE ( 'NONE', ( #4464 ), #968, .T. ) ;
#3156 = MECHANICAL_DESIGN_GEOMETRIC_PRESENTATION_REPRESENTATION (  '', ( #5896 ), #39 ) ;
#3157 = FILL_AREA_STYLE_COLOUR ( '', #2947 ) ;
#3158 = PRESENTATION_LAYER_ASSIGNMENT (  '', '', ( #6274 ) ) ;
#3159 = PLANE ( 'NONE',  #4827 ) ;
#3160 = DIRECTION ( 'NONE',  ( 0.000000000000000000, 0.000000000000000000, 1.000000000000000000 ) ) ;
#3161 = UNCERTAINTY_MEASURE_WITH_UNIT (LENGTH_MEASURE( 1.000000000000000082E-05 ), #7439, 'distance_accuracy_value', 'NONE');
#3162 =( GEOMETRIC_REPRESENTATION_CONTEXT ( 3 ) GLOBAL_UNCERTAINTY_ASSIGNED_CONTEXT ( ( #598 ) ) GLOBAL_UNIT_ASSIGNED_CONTEXT ( ( #4013, #3476, #2237 ) ) REPRESENTATION_CONTEXT ( 'NONE', 'WORKASPACE' ) );
#3163 = LINE ( 'NONE', #1954, #7197 ) ;
#3164 = ORIENTED_EDGE ( 'NONE', *, *, #3545, .F. ) ;
#3165 = EDGE_CURVE ( 'NONE', #3137, #499, #5138, .T. ) ;
#3166 = PRESENTATION_STYLE_ASSIGNMENT (( #6775 ) ) ;
#3167 =( GEOMETRIC_REPRESENTATION_CONTEXT ( 3 ) GLOBAL_UNCERTAINTY_ASSIGNED_CONTEXT ( ( #2924 ) ) GLOBAL_UNIT_ASSIGNED_CONTEXT ( ( #600, #2946, #7669 ) ) REPRESENTATION_CONTEXT ( 'NONE', 'WORKASPACE' ) );
#3168 = DIRECTION ( 'NONE',  ( 1.000000000000000000, 0.000000000000000000, 0.000000000000000000 ) ) ;
#3169 = LINE ( 'NONE', #5533, #6154 ) ;
#3170 = DIRECTION ( 'NONE',  ( 0.000000000000000000, 0.000000000000000000, -1.000000000000000000 ) ) ;
#3171 = CARTESIAN_POINT ( 'NONE',  ( 5.377251000027170150E-07, 1.510000300897559988, 0.000000000000000000 ) ) ;
#3172 = ORIENTED_EDGE ( 'NONE', *, *, #6532, .T. ) ;
#3173 = DIRECTION ( 'NONE',  ( 0.000000000000000000, 0.000000000000000000, -1.000000000000000000 ) ) ;
#3174 = COLOUR_RGB ( '',0.7490196078431372584, 0.7490196078431372584, 0.7490196078431372584 ) ;
#3175 = DIRECTION ( 'NONE',  ( 0.000000000000000000, 0.000000000000000000, 1.000000000000000000 ) ) ;
#3176 = ORIENTED_EDGE ( 'NONE', *, *, #6768, .F. ) ;
#3177 = LINE ( 'NONE', #2505, #4551 ) ;
#3178 = CARTESIAN_POINT ( 'NONE',  ( 1.870000537724990197, 1.140000291494180029, 0.2030000000000000415 ) ) ;
#3179 = CARTESIAN_POINT ( 'NONE',  ( 2.000000537725100003, 0.2900002961956720249, 0.1000000000000000056 ) ) ;
#3180 =( NAMED_UNIT ( * ) SI_UNIT ( $, .STERADIAN. ) SOLID_ANGLE_UNIT ( ) );
#3181 = CARTESIAN_POINT ( 'NONE',  ( 1.818786731054929939, 1.590000296195630103, 0.2030000000000000415 ) ) ;
#3182 = LINE ( 'NONE', #228, #5091 ) ;
#3183 = CLOSED_SHELL ( 'NONE', ( #886, #2395, #1170, #5106, #7554, #3257, #2599, #6573 ) ) ;
#3184 = EDGE_LOOP ( 'NONE', ( #7144, #3266, #1418, #4822 ) ) ;
#3185 = DIRECTION ( 'NONE',  ( 0.000000000000000000, 0.000000000000000000, 1.000000000000000000 ) ) ;
#3186 = CARTESIAN_POINT ( 'NONE',  ( 0.03000054242693169643, 1.060000296195651170, 0.1000000000000000056 ) ) ;
#3187 = LINE ( 'NONE', #4499, #5615 ) ;
#3188 = ORIENTED_EDGE ( 'NONE', *, *, #2413, .T. ) ;
#3189 = STYLED_ITEM ( 'NONE', ( #969 ), #3917 ) ;
#3190 =( LENGTH_UNIT ( ) NAMED_UNIT ( * ) SI_UNIT ( .MILLI., .METRE. ) );
#3191 = DIRECTION ( 'NONE',  ( 1.000000000000000000, 0.000000000000000000, -0.000000000000000000 ) ) ;
#3192 = ORIENTED_EDGE ( 'NONE', *, *, #5975, .T. ) ;
#3193 = CARTESIAN_POINT ( 'NONE',  ( 1.290000537725060070, 1.690000296195879992, 0.000000000000000000 ) ) ;
#3194 = FILL_AREA_STYLE_COLOUR ( '', #496 ) ;
#3195 =( GEOMETRIC_REPRESENTATION_CONTEXT ( 3 ) GLOBAL_UNCERTAINTY_ASSIGNED_CONTEXT ( ( #6947 ) ) GLOBAL_UNIT_ASSIGNED_CONTEXT ( ( #2188, #980, #6352 ) ) REPRESENTATION_CONTEXT ( 'NONE', 'WORKASPACE' ) );
#3196 = VECTOR ( 'NONE', #5469, 1000.000000000000000 ) ;
#3197 = AXIS2_PLACEMENT_3D ( 'NONE', #687, #6596, #729 ) ;
#3198 = ORIENTED_EDGE ( 'NONE', *, *, #3802, .F. ) ;
#3199 = EDGE_CURVE ( 'NONE', #6959, #6256, #518, .T. ) ;
#3200 = CARTESIAN_POINT ( 'NONE',  ( 0.1812143443952660138, 1.000000296246740028, 0.2030000000000000415 ) ) ;
#3201 = PRESENTATION_STYLE_ASSIGNMENT (( #5570 ) ) ;
#3202 = DIRECTION ( 'NONE',  ( -1.000000000000000000, -0.000000000000000000, 0.000000000000000000 ) ) ;
#3203 =( GEOMETRIC_REPRESENTATION_CONTEXT ( 3 ) GLOBAL_UNCERTAINTY_ASSIGNED_CONTEXT ( ( #5363 ) ) GLOBAL_UNIT_ASSIGNED_CONTEXT ( ( #6871, #4410, #4971 ) ) REPRESENTATION_CONTEXT ( 'NONE', 'WORKASPACE' ) );
#3204 =( GEOMETRIC_REPRESENTATION_CONTEXT ( 3 ) GLOBAL_UNCERTAINTY_ASSIGNED_CONTEXT ( ( #5629 ) ) GLOBAL_UNIT_ASSIGNED_CONTEXT ( ( #6514, #7665, #513 ) ) REPRESENTATION_CONTEXT ( 'NONE', 'WORKASPACE' ) );
#3205 = STYLED_ITEM ( 'NONE', ( #6257 ), #4147 ) ;
#3206 =( NAMED_UNIT ( * ) PLANE_ANGLE_UNIT ( ) SI_UNIT ( $, .RADIAN. ) );
#3207 = EDGE_CURVE ( 'NONE', #3374, #4988, #1633, .T. ) ;
#3208 = CARTESIAN_POINT ( 'NONE',  ( 0.03000054242693301135, 0.9400002961956489544, 0.2030000000000000415 ) ) ;
#3209 = CARTESIAN_POINT ( 'NONE',  ( 0.1100005377252279981, 1.140000291494180029, 0.2030000000000000415 ) ) ;
#3210 = ORIENTED_EDGE ( 'NONE', *, *, #3440, .T. ) ;
#3211 = COLOUR_RGB ( '',0.7490196078431372584, 0.7490196078431372584, 0.7490196078431372584 ) ;
#3212 = CARTESIAN_POINT ( 'NONE',  ( 1.550000537725050087, 2.000000296195940219, 0.1000000000000000056 ) ) ;
#3213 = COLOUR_RGB ( '',0.7490196078431372584, 0.7490196078431372584, 0.7490196078431372584 ) ;
#3214 = DIRECTION ( 'NONE',  ( -0.7071067811855441532, -0.7071067811875509923, 0.000000000000000000 ) ) ;
#3215 =( NAMED_UNIT ( * ) PLANE_ANGLE_UNIT ( ) SI_UNIT ( $, .RADIAN. ) );
#3216 = DIRECTION ( 'NONE',  ( 2.775557887806780184E-15, 1.000000000000000000, 0.000000000000000000 ) ) ;
#3217 = EDGE_CURVE ( 'NONE', #3334, #4524, #3989, .T. ) ;
#3218 = LINE ( 'NONE', #251, #4032 ) ;
#3219 = PLANE ( 'NONE',  #5514 ) ;
#3220 = VERTEX_POINT ( 'NONE', #2951 ) ;
#3221 = DIRECTION ( 'NONE',  ( 0.000000000000000000, 0.000000000000000000, 1.000000000000000000 ) ) ;
#3222 = CARTESIAN_POINT ( 'NONE',  ( 1.700000537725049998, 0.9600003008975475094, 0.000000000000000000 ) ) ;
#3223 =( NAMED_UNIT ( * ) PLANE_ANGLE_UNIT ( ) SI_UNIT ( $, .RADIAN. ) );
#3224 = ORIENTED_EDGE ( 'NONE', *, *, #7036, .F. ) ;
#3225 = CARTESIAN_POINT ( 'NONE',  ( 0.6000005377252359828, 1.850000296195840166, 0.2030000000000000415 ) ) ;
#3226 =( GEOMETRIC_REPRESENTATION_CONTEXT ( 3 ) GLOBAL_UNCERTAINTY_ASSIGNED_CONTEXT ( ( #5092 ) ) GLOBAL_UNIT_ASSIGNED_CONTEXT ( ( #7245, #6724, #151 ) ) REPRESENTATION_CONTEXT ( 'NONE', 'WORKASPACE' ) );
#3227 =( LENGTH_UNIT ( ) NAMED_UNIT ( * ) SI_UNIT ( .MILLI., .METRE. ) );
#3228 =( NAMED_UNIT ( * ) PLANE_ANGLE_UNIT ( ) SI_UNIT ( $, .RADIAN. ) );
#3229 = FACE_OUTER_BOUND ( 'NONE', #4668, .T. ) ;
#3230 = EDGE_CURVE ( 'NONE', #1659, #7215, #2909, .T. ) ;
#3231 = VECTOR ( 'NONE', #645, 1000.000000000000000 ) ;
#3232 = LINE ( 'NONE', #3793, #2105 ) ;
#3233 = FACE_OUTER_BOUND ( 'NONE', #813, .T. ) ;
#3234 = SURFACE_STYLE_FILL_AREA ( #5008 ) ;
#3235 = ORIENTED_EDGE ( 'NONE', *, *, #2197, .T. ) ;
#3236 = DIRECTION ( 'NONE',  ( 1.000000000000000000, -3.235507100339109776E-13, 0.000000000000000000 ) ) ;
#3237 = CARTESIAN_POINT ( 'NONE',  ( 1.690000537725149909, 0.1500003025424800074, 0.2030000000000000415 ) ) ;
#3238 = ORIENTED_EDGE ( 'NONE', *, *, #3545, .T. ) ;
#3239 = AXIS2_PLACEMENT_3D ( 'NONE', #6734, #2568, #1459 ) ;
#3240 = SURFACE_SIDE_STYLE ('',( #4215 ) ) ;
#3241 = CARTESIAN_POINT ( 'NONE',  ( 5.377251000027170150E-07, 0.4100002961956760728, 0.1000000000000000056 ) ) ;
#3242 = VERTEX_POINT ( 'NONE', #1708 ) ;
#3243 = SURFACE_STYLE_FILL_AREA ( #1493 ) ;
#3244 = PRESENTATION_LAYER_ASSIGNMENT (  '', '', ( #6220 ) ) ;
#3245 = VERTEX_POINT ( 'NONE', #3416 ) ;
#3246 = FILL_AREA_STYLE_COLOUR ( '', #5380 ) ;
#3247 = CARTESIAN_POINT ( 'NONE',  ( 1.818786731054929939, 1.650000296246720177, 0.1000000000000000056 ) ) ;
#3248 = CIRCLE ( 'NONE', #4204, 0.1000000000000000472 ) ;
#3249 = EDGE_CURVE ( 'NONE', #5846, #5038, #4613, .T. ) ;
#3250 = LINE ( 'NONE', #7377, #1435 ) ;
#3251 = CARTESIAN_POINT ( 'NONE',  ( 2.000000537725100003, 2.961959353672135484E-07, 0.7500000000000000000 ) ) ;
#3252 = UNCERTAINTY_MEASURE_WITH_UNIT (LENGTH_MEASURE( 1.000000000000000082E-05 ), #5530, 'distance_accuracy_value', 'NONE');
#3253 = FILL_AREA_STYLE ('',( #5613 ) ) ;
#3254 = ORIENTED_EDGE ( 'NONE', *, *, #3362, .T. ) ;
#3255 = AXIS2_PLACEMENT_3D ( 'NONE', #6027, #4209, #1276 ) ;
#3256 = DIRECTION ( 'NONE',  ( -1.000000000000000000, -0.000000000000000000, 0.000000000000000000 ) ) ;
#3257 = ADVANCED_FACE ( 'NONE', ( #418 ), #2318, .T. ) ;
#3258 = CARTESIAN_POINT ( 'NONE',  ( 0.3100005377250449889, 1.650000296246720177, 0.2030000000000000415 ) ) ;
#3259 = PLANE ( 'NONE',  #1814 ) ;
#3260 = ORIENTED_EDGE ( 'NONE', *, *, #1016, .T. ) ;
#3261 = ORIENTED_EDGE ( 'NONE', *, *, #3302, .T. ) ;
#3262 = PRESENTATION_LAYER_ASSIGNMENT (  '', '', ( #3994 ) ) ;
#3263 = CARTESIAN_POINT ( 'NONE',  ( 2.000000537725100003, 0.9400002961956489544, 0.2030000000000000415 ) ) ;
#3264 = DIRECTION ( 'NONE',  ( 0.000000000000000000, 0.000000000000000000, -1.000000000000000000 ) ) ;
#3265 = SURFACE_SIDE_STYLE ('',( #2709 ) ) ;
#3266 = ORIENTED_EDGE ( 'NONE', *, *, #3535, .T. ) ;
#3267 = SURFACE_STYLE_FILL_AREA ( #3598 ) ;
#3268 = ADVANCED_FACE ( 'NONE', ( #454 ), #6450, .T. ) ;
#3269 = DIRECTION ( 'NONE',  ( 0.7071067811870500597, -0.7071067811860450858, 0.000000000000000000 ) ) ;
#3270 = PLANE ( 'NONE',  #4556 ) ;
#3271 = FILL_AREA_STYLE ('',( #2174 ) ) ;
#3272 = SURFACE_SIDE_STYLE ('',( #3234 ) ) ;
#3273 = ORIENTED_EDGE ( 'NONE', *, *, #981, .T. ) ;
#3274 = SURFACE_SIDE_STYLE ('',( #6226 ) ) ;
#3275 = SURFACE_STYLE_USAGE ( .BOTH. , #1605 ) ;
#3276 = CARTESIAN_POINT ( 'NONE',  ( 0.7100005377251360494, 1.490000296195830076, 0.000000000000000000 ) ) ;
#3277 = ORIENTED_EDGE ( 'NONE', *, *, #2485, .F. ) ;
#3278 = EDGE_CURVE ( 'NONE', #378, #1382, #5948, .T. ) ;
#3279 = SURFACE_STYLE_FILL_AREA ( #5139 ) ;
#3280 = DIRECTION ( 'NONE',  ( 0.000000000000000000, 0.000000000000000000, -1.000000000000000000 ) ) ;
#3281 = SURFACE_STYLE_USAGE ( .BOTH. , #7332 ) ;
#3282 = EDGE_LOOP ( 'NONE', ( #2601, #635, #6468, #2345 ) ) ;
#3283 = SURFACE_SIDE_STYLE ('',( #3243 ) ) ;
#3284 = ORIENTED_EDGE ( 'NONE', *, *, #3083, .T. ) ;
#3285 = STYLED_ITEM ( 'NONE', ( #52 ), #3351 ) ;
#3286 = FACE_OUTER_BOUND ( 'NONE', #5042, .T. ) ;
#3287 = SURFACE_STYLE_FILL_AREA ( #7489 ) ;
#3288 = PRESENTATION_STYLE_ASSIGNMENT (( #7301 ) ) ;
#3289 = CARTESIAN_POINT ( 'NONE',  ( 0.3000005377251451222, 0.3900002914941748666, 0.000000000000000000 ) ) ;
#3290 = VERTEX_POINT ( 'NONE', #640 ) ;
#3291 =( GEOMETRIC_REPRESENTATION_CONTEXT ( 3 ) GLOBAL_UNCERTAINTY_ASSIGNED_CONTEXT ( ( #904 ) ) GLOBAL_UNIT_ASSIGNED_CONTEXT ( ( #1761, #5362, #4748 ) ) REPRESENTATION_CONTEXT ( 'NONE', 'WORKASPACE' ) );
#3292 = PLANE ( 'NONE',  #4035 ) ;
#3293 = EDGE_CURVE ( 'NONE', #6774, #679, #4202, .T. ) ;
#3294 = PLANE ( 'NONE',  #4294 ) ;
#3295 = DIRECTION ( 'NONE',  ( 0.000000000000000000, -0.000000000000000000, -1.000000000000000000 ) ) ;
#3296 =( LENGTH_UNIT ( ) NAMED_UNIT ( * ) SI_UNIT ( .MILLI., .METRE. ) );
#3297 = ORIENTED_EDGE ( 'NONE', *, *, #6828, .F. ) ;
#3298 = ORIENTED_EDGE ( 'NONE', *, *, #4528, .F. ) ;
#3299 = DIRECTION ( 'NONE',  ( -0.000000000000000000, -0.000000000000000000, -1.000000000000000000 ) ) ;
#3300 = ORIENTED_EDGE ( 'NONE', *, *, #594, .F. ) ;
#3301 = DIRECTION ( 'NONE',  ( -1.000000000000000000, -0.000000000000000000, 0.000000000000000000 ) ) ;
#3302 = EDGE_CURVE ( 'NONE', #5381, #3359, #7277, .T. ) ;
#3303 = VECTOR ( 'NONE', #4717, 1000.000000000000000 ) ;
#3304 = UNCERTAINTY_MEASURE_WITH_UNIT (LENGTH_MEASURE( 1.000000000000000082E-05 ), #4957, 'distance_accuracy_value', 'NONE');
#3305 = FILL_AREA_STYLE ('',( #4489 ) ) ;
#3306 =( LENGTH_UNIT ( ) NAMED_UNIT ( * ) SI_UNIT ( .MILLI., .METRE. ) );
#3307 = SURFACE_STYLE_USAGE ( .BOTH. , #923 ) ;
#3308 = FILL_AREA_STYLE_COLOUR ( '', #3843 ) ;
#3309 = VECTOR ( 'NONE', #867, 1000.000000000000000 ) ;
#3310 = LINE ( 'NONE', #6225, #5917 ) ;
#3311 = EDGE_CURVE ( 'NONE', #1313, #2403, #6554, .T. ) ;
#3312 = LINE ( 'NONE', #303, #3889 ) ;
#3313 =( NAMED_UNIT ( * ) PLANE_ANGLE_UNIT ( ) SI_UNIT ( $, .RADIAN. ) );
#3314 = FILL_AREA_STYLE ('',( #4465 ) ) ;
#3315 = VERTEX_POINT ( 'NONE', #604 ) ;
#3316 = SURFACE_SIDE_STYLE ('',( #6372 ) ) ;
#3317 = MECHANICAL_DESIGN_GEOMETRIC_PRESENTATION_REPRESENTATION (  '', ( #6033 ), #2414 ) ;
#3318 = VECTOR ( 'NONE', #5312, 1000.000000000000000 ) ;
#3319 = FILL_AREA_STYLE_COLOUR ( '', #4460 ) ;
#3320 = ADVANCED_FACE ( 'NONE', ( #3024 ), #1194, .T. ) ;
#3321 = ORIENTED_EDGE ( 'NONE', *, *, #4016, .T. ) ;
#3322 = DIRECTION ( 'NONE',  ( -1.000000000000000000, 3.235507100339109776E-13, 0.000000000000000000 ) ) ;
#3323 = CARTESIAN_POINT ( 'NONE',  ( 1.000000537725110217, 2.961959354001730826E-07, 0.2030000000000000415 ) ) ;
#3324 = VECTOR ( 'NONE', #5551, 999.9999999999998863 ) ;
#3325 = COLOUR_RGB ( '',0.7490196078431372584, 0.7490196078431372584, 0.7490196078431372584 ) ;
#3326 = AXIS2_PLACEMENT_3D ( 'NONE', #3276, #4416, #1007 ) ;
#3327 = DIRECTION ( 'NONE',  ( 0.000000000000000000, 1.000000000000000000, 0.000000000000000000 ) ) ;
#3328 = MECHANICAL_DESIGN_GEOMETRIC_PRESENTATION_REPRESENTATION (  '', ( #1203 ), #4923 ) ;
#3329 = PRESENTATION_LAYER_ASSIGNMENT (  '', '', ( #1466 ) ) ;
#3330 = EDGE_CURVE ( 'NONE', #221, #5195, #5423, .T. ) ;
#3331 =( NAMED_UNIT ( * ) SI_UNIT ( $, .STERADIAN. ) SOLID_ANGLE_UNIT ( ) );
#3332 = UNCERTAINTY_MEASURE_WITH_UNIT (LENGTH_MEASURE( 1.000000000000000082E-05 ), #7099, 'distance_accuracy_value', 'NONE');
#3333 = DIRECTION ( 'NONE',  ( 0.000000000000000000, -1.000000000000000000, 0.000000000000000000 ) ) ;
#3334 = VERTEX_POINT ( 'NONE', #3637 ) ;
#3335 = DIRECTION ( 'NONE',  ( 1.000000000000000000, 0.000000000000000000, 0.000000000000000000 ) ) ;
#3336 =( NAMED_UNIT ( * ) SI_UNIT ( $, .STERADIAN. ) SOLID_ANGLE_UNIT ( ) );
#3337 = AXIS2_PLACEMENT_3D ( 'NONE', #5291, #7645, #2336 ) ;
#3338 = LINE ( 'NONE', #1585, #975 ) ;
#3339 = CARTESIAN_POINT ( 'NONE',  ( 2.000000537725100003, 1.710000296195629987, 0.1000000000000000056 ) ) ;
#3340 = MECHANICAL_DESIGN_GEOMETRIC_PRESENTATION_REPRESENTATION (  '', ( #4686 ), #1851 ) ;
#3341 = ORIENTED_EDGE ( 'NONE', *, *, #1032, .F. ) ;
#3342 = PRESENTATION_LAYER_ASSIGNMENT (  '', '', ( #7420 ) ) ;
#3343 = FACE_OUTER_BOUND ( 'NONE', #4406, .T. ) ;
#3344 = EDGE_LOOP ( 'NONE', ( #6690, #7370, #6438, #1784 ) ) ;
#3345 = CARTESIAN_POINT ( 'NONE',  ( 0.1266793578704679957, 0.4900002914941750110, 0.1000000000000000056 ) ) ;
#3346 =( NAMED_UNIT ( * ) PLANE_ANGLE_UNIT ( ) SI_UNIT ( $, .RADIAN. ) );
#3347 = COLOUR_RGB ( '',0.7490196078431372584, 0.7490196078431372584, 0.7490196078431372584 ) ;
#3348 = VECTOR ( 'NONE', #1572, 1000.000000000000000 ) ;
#3349 = DIRECTION ( 'NONE',  ( 0.000000000000000000, -0.000000000000000000, 1.000000000000000000 ) ) ;
#3350 = FILL_AREA_STYLE ('',( #4492 ) ) ;
#3351 = ADVANCED_FACE ( 'NONE', ( #3564 ), #1347, .T. ) ;
#3352 = LINE ( 'NONE', #3987, #6036 ) ;
#3353 = VERTEX_POINT ( 'NONE', #5662 ) ;
#3354 = SURFACE_SIDE_STYLE ('',( #6914 ) ) ;
#3355 =( GEOMETRIC_REPRESENTATION_CONTEXT ( 3 ) GLOBAL_UNCERTAINTY_ASSIGNED_CONTEXT ( ( #3648 ) ) GLOBAL_UNIT_ASSIGNED_CONTEXT ( ( #1051, #4626, #5335 ) ) REPRESENTATION_CONTEXT ( 'NONE', 'WORKASPACE' ) );
#3356 = CARTESIAN_POINT ( 'NONE',  ( 0.2000005377251450334, 0.3100003008976269792, 0.000000000000000000 ) ) ;
#3357 = EDGE_CURVE ( 'NONE', #4042, #3145, #220, .T. ) ;
#3358 = PRESENTATION_LAYER_ASSIGNMENT (  '', '', ( #7546 ) ) ;
#3359 = VERTEX_POINT ( 'NONE', #4405 ) ;
#3360 = CARTESIAN_POINT ( 'NONE',  ( 1.800000537725050309, 0.3100003008976279784, 0.000000000000000000 ) ) ;
#3361 = DIRECTION ( 'NONE',  ( -1.000000000000000000, 0.000000000000000000, 0.000000000000000000 ) ) ;
#3362 = EDGE_CURVE ( 'NONE', #1437, #2656, #334, .T. ) ;
#3363 =( NAMED_UNIT ( * ) SI_UNIT ( $, .STERADIAN. ) SOLID_ANGLE_UNIT ( ) );
#3364 = SURFACE_STYLE_USAGE ( .BOTH. , #2728 ) ;
#3365 = VECTOR ( 'NONE', #6545, 1000.000000000000000 ) ;
#3366 = VECTOR ( 'NONE', #1542, 1000.000000000000114 ) ;
#3367 = DIRECTION ( 'NONE',  ( 0.000000000000000000, -0.000000000000000000, 1.000000000000000000 ) ) ;
#3368 = DIRECTION ( 'NONE',  ( 0.000000000000000000, 1.000000000000000000, 0.000000000000000000 ) ) ;
#3369 = DIRECTION ( 'NONE',  ( -0.000000000000000000, -1.000000000000000000, 0.000000000000000000 ) ) ;
#3370 = ORIENTED_EDGE ( 'NONE', *, *, #839, .F. ) ;
#3371 = EDGE_CURVE ( 'NONE', #838, #4965, #6171, .T. ) ;
#3372 = DIRECTION ( 'NONE',  ( -1.000000000000000000, -0.000000000000000000, 0.000000000000000000 ) ) ;
#3373 = DIRECTION ( 'NONE',  ( 0.000000000000000000, 0.000000000000000000, 1.000000000000000000 ) ) ;
#3374 = VERTEX_POINT ( 'NONE', #5225 ) ;
#3375 = ORIENTED_EDGE ( 'NONE', *, *, #6898, .F. ) ;
#3376 = DIRECTION ( 'NONE',  ( 0.000000000000000000, -0.000000000000000000, 1.000000000000000000 ) ) ;
#3377 = VERTEX_POINT ( 'NONE', #2661 ) ;
#3378 =( NAMED_UNIT ( * ) PLANE_ANGLE_UNIT ( ) SI_UNIT ( $, .RADIAN. ) );
#3379 = UNCERTAINTY_MEASURE_WITH_UNIT (LENGTH_MEASURE( 1.000000000000000082E-05 ), #5827, 'distance_accuracy_value', 'NONE');
#3380 = SURFACE_STYLE_FILL_AREA ( #5160 ) ;
#3381 = LINE ( 'NONE', #4685, #5310 ) ;
#3382 = PRESENTATION_STYLE_ASSIGNMENT (( #6874 ) ) ;
#3383 = DIRECTION ( 'NONE',  ( 0.000000000000000000, -0.000000000000000000, 1.000000000000000000 ) ) ;
#3384 = DIRECTION ( 'NONE',  ( 0.000000000000000000, 1.000000000000000000, -0.000000000000000000 ) ) ;
#3385 = SURFACE_STYLE_USAGE ( .BOTH. , #4067 ) ;
#3386 = AXIS2_PLACEMENT_3D ( 'NONE', #7326, #5049, #3956 ) ;
#3387 =( LENGTH_UNIT ( ) NAMED_UNIT ( * ) SI_UNIT ( .MILLI., .METRE. ) );
#3388 =( NAMED_UNIT ( * ) PLANE_ANGLE_UNIT ( ) SI_UNIT ( $, .RADIAN. ) );
#3389 = EDGE_CURVE ( 'NONE', #2157, #4203, #2582, .T. ) ;
#3390 = MECHANICAL_DESIGN_GEOMETRIC_PRESENTATION_REPRESENTATION (  '', ( #1644 ), #5131 ) ;
#3391 = CARTESIAN_POINT ( 'NONE',  ( 2.000000537725100003, 1.000000296246740028, 0.2030000000000000415 ) ) ;
#3392 = FILL_AREA_STYLE_COLOUR ( '', #6899 ) ;
#3393 = ORIENTED_EDGE ( 'NONE', *, *, #7441, .F. ) ;
#3394 = LINE ( 'NONE', #1568, #7535 ) ;
#3395 = FILL_AREA_STYLE_COLOUR ( '', #4597 ) ;
#3396 = ORIENTED_EDGE ( 'NONE', *, *, #4264, .F. ) ;
#3397 = DIRECTION ( 'NONE',  ( 0.000000000000000000, -0.000000000000000000, 1.000000000000000000 ) ) ;
#3398 = SURFACE_STYLE_USAGE ( .BOTH. , #1018 ) ;
#3399 = PRESENTATION_STYLE_ASSIGNMENT (( #1053 ) ) ;
#3400 = LINE ( 'NONE', #4040, #1506 ) ;
#3401 = ADVANCED_FACE ( 'NONE', ( #3343 ), #7396, .T. ) ;
#3402 = SURFACE_SIDE_STYLE ('',( #4555 ) ) ;
#3403 = FILL_AREA_STYLE_COLOUR ( '', #4441 ) ;
#3404 = SURFACE_STYLE_FILL_AREA ( #2739 ) ;
#3405 = FACE_OUTER_BOUND ( 'NONE', #1676, .T. ) ;
#3406 = AXIS2_PLACEMENT_3D ( 'NONE', #512, #5198, #5823 ) ;
#3407 = ORIENTED_EDGE ( 'NONE', *, *, #7422, .F. ) ;
#3408 = ADVANCED_FACE ( 'NONE', ( #2090 ), #4451, .F. ) ;
#3409 = ORIENTED_EDGE ( 'NONE', *, *, #6312, .F. ) ;
#3410 = CARTESIAN_POINT ( 'NONE',  ( 2.000000537725100003, 0.2100003008976049912, 0.000000000000000000 ) ) ;
#3411 = FILL_AREA_STYLE ('',( #486 ) ) ;
#3412 = AXIS2_PLACEMENT_3D ( 'NONE', #2867, #1604, #5137 ) ;
#3413 = PRESENTATION_STYLE_ASSIGNMENT (( #1120 ) ) ;
#3414 = SURFACE_SIDE_STYLE ('',( #5166 ) ) ;
#3415 = FILL_AREA_STYLE ('',( #5098 ) ) ;
#3416 = CARTESIAN_POINT ( 'NONE',  ( 1.690000537725149909, 1.200000289965710287, 0.2030000000000000415 ) ) ;
#3417 = VERTEX_POINT ( 'NONE', #3584 ) ;
#3418 = SURFACE_SIDE_STYLE ('',( #3279 ) ) ;
#3419 = AXIS2_PLACEMENT_3D ( 'NONE', #1501, #6203, #2733 ) ;
#3420 = SURFACE_STYLE_FILL_AREA ( #6374 ) ;
#3421 = LINE ( 'NONE', #7415, #5838 ) ;
#3422 =( LENGTH_UNIT ( ) NAMED_UNIT ( * ) SI_UNIT ( .MILLI., .METRE. ) );
#3423 = ORIENTED_EDGE ( 'NONE', *, *, #2667, .F. ) ;
#3424 = STYLED_ITEM ( 'NONE', ( #3665 ), #4377 ) ;
#3425 = DIRECTION ( 'NONE',  ( 0.000000000000000000, 0.000000000000000000, 1.000000000000000000 ) ) ;
#3426 = DIRECTION ( 'NONE',  ( -1.000000000000000000, -0.000000000000000000, 0.000000000000000000 ) ) ;
#3427 = VECTOR ( 'NONE', #2084, 1000.000000000000114 ) ;
#3428 = EDGE_LOOP ( 'NONE', ( #4103, #741, #5309, #3796 ) ) ;
#3429 = CARTESIAN_POINT ( 'NONE',  ( 0.9100005377251819683, 1.690000296195879992, 0.1000000000000000056 ) ) ;
#3430 = MECHANICAL_DESIGN_GEOMETRIC_PRESENTATION_REPRESENTATION (  '', ( #5043 ), #6298 ) ;
#3431 =( NAMED_UNIT ( * ) PLANE_ANGLE_UNIT ( ) SI_UNIT ( $, .RADIAN. ) );
#3432 = PLANE ( 'NONE',  #2471 ) ;
#3433 = ADVANCED_FACE ( 'NONE', ( #5968 ), #5257, .T. ) ;
#3434 = CLOSED_SHELL ( 'NONE', ( #6928, #2922, #5770, #4442, #2054, #5128 ) ) ;
#3435 =( GEOMETRIC_REPRESENTATION_CONTEXT ( 3 ) GLOBAL_UNCERTAINTY_ASSIGNED_CONTEXT ( ( #4231 ) ) GLOBAL_UNIT_ASSIGNED_CONTEXT ( ( #3387, #6879, #5101 ) ) REPRESENTATION_CONTEXT ( 'NONE', 'WORKASPACE' ) );
#3436 = ORIENTED_EDGE ( 'NONE', *, *, #1499, .F. ) ;
#3437 = CARTESIAN_POINT ( 'NONE',  ( 0.1812143443952660138, 0.8600003008975819485, 0.2030000000000000415 ) ) ;
#3438 = FILL_AREA_STYLE ('',( #1058 ) ) ;
#3439 = MECHANICAL_DESIGN_GEOMETRIC_PRESENTATION_REPRESENTATION (  '', ( #202 ), #7518 ) ;
#3440 = EDGE_CURVE ( 'NONE', #5206, #4042, #1214, .T. ) ;
#3441 = LINE ( 'NONE', #437, #7659 ) ;
#3442 = CARTESIAN_POINT ( 'NONE',  ( 5.377251000090868086E-07, 1.710000296195629987, 0.1000000000000000056 ) ) ;
#3443 = EDGE_LOOP ( 'NONE', ( #7, #3254, #4602, #4342 ) ) ;
#3444 = VERTEX_POINT ( 'NONE', #4150 ) ;
#3445 = AXIS2_PLACEMENT_3D ( 'NONE', #6715, #1392, #7358 ) ;
#3446 = VECTOR ( 'NONE', #2006, 999.9999999999998863 ) ;
#3447 = ORIENTED_EDGE ( 'NONE', *, *, #404, .T. ) ;
#3448 =( GEOMETRIC_REPRESENTATION_CONTEXT ( 3 ) GLOBAL_UNCERTAINTY_ASSIGNED_CONTEXT ( ( #4799 ) ) GLOBAL_UNIT_ASSIGNED_CONTEXT ( ( #3678, #6102, #3721 ) ) REPRESENTATION_CONTEXT ( 'NONE', 'WORKASPACE' ) );
#3449 = CARTESIAN_POINT ( 'NONE',  ( 0.7150011077279719851, 0.7025008911961240221, 0.2283999999999999919 ) ) ;
#3450 = DIRECTION ( 'NONE',  ( 0.000000000000000000, 0.000000000000000000, 1.000000000000000000 ) ) ;
#3451 = EDGE_CURVE ( 'NONE', #4933, #2541, #4711, .T. ) ;
#3452 = VECTOR ( 'NONE', #6588, 1000.000000000000000 ) ;
#3453 = COLOUR_RGB ( '',0.7490196078431372584, 0.7490196078431372584, 0.7490196078431372584 ) ;
#3454 = CARTESIAN_POINT ( 'NONE',  ( 1.818786731054929939, 0.5500002899657370214, 0.2030000000000000415 ) ) ;
#3455 = FILL_AREA_STYLE_COLOUR ( '', #815 ) ;
#3456 =( NAMED_UNIT ( * ) PLANE_ANGLE_UNIT ( ) SI_UNIT ( $, .RADIAN. ) );
#3457 = CARTESIAN_POINT ( 'NONE',  ( 1.870000537724990197, 0.8600003008975819485, 0.2030000000000000415 ) ) ;
#3458 = ORIENTED_EDGE ( 'NONE', *, *, #1887, .T. ) ;
#3459 =( NAMED_UNIT ( * ) PLANE_ANGLE_UNIT ( ) SI_UNIT ( $, .RADIAN. ) );
#3460 = PRESENTATION_STYLE_ASSIGNMENT (( #2254 ) ) ;
#3461 = EDGE_CURVE ( 'NONE', #932, #4425, #6537, .T. ) ;
#3462 = DIRECTION ( 'NONE',  ( -0.7071067811855430429, 0.7071067811875521025, 0.000000000000000000 ) ) ;
#3463 = PRESENTATION_STYLE_ASSIGNMENT (( #1086 ) ) ;
#3464 = ORIENTED_EDGE ( 'NONE', *, *, #4038, .F. ) ;
#3465 = STYLED_ITEM ( 'NONE', ( #7340 ), #2782 ) ;
#3466 = ORIENTED_EDGE ( 'NONE', *, *, #1047, .T. ) ;
#3467 = VECTOR ( 'NONE', #6743, 1000.000000000000000 ) ;
#3468 = PLANE ( 'NONE',  #4950 ) ;
#3469 = CARTESIAN_POINT ( 'NONE',  ( 1.800000537725050309, 0.4900002914941865018, 0.000000000000000000 ) ) ;
#3470 = LINE ( 'NONE', #7537, #2604 ) ;
#3471 = COLOUR_RGB ( '',0.7490196078431372584, 0.7490196078431372584, 0.7490196078431372584 ) ;
#3472 = ORIENTED_EDGE ( 'NONE', *, *, #7175, .F. ) ;
#3473 = PRESENTATION_STYLE_ASSIGNMENT (( #6501 ) ) ;
#3474 = CARTESIAN_POINT ( 'NONE',  ( 1.818786731054929939, 0.8000003025424580194, 0.2030000000000000415 ) ) ;
#3475 = EDGE_CURVE ( 'NONE', #5464, #6386, #1251, .T. ) ;
#3476 =( NAMED_UNIT ( * ) PLANE_ANGLE_UNIT ( ) SI_UNIT ( $, .RADIAN. ) );
#3477 = VERTEX_POINT ( 'NONE', #3004 ) ;
#3478 =( GEOMETRIC_REPRESENTATION_CONTEXT ( 3 ) GLOBAL_UNCERTAINTY_ASSIGNED_CONTEXT ( ( #7667 ) ) GLOBAL_UNIT_ASSIGNED_CONTEXT ( ( #2996, #6068, #4211 ) ) REPRESENTATION_CONTEXT ( 'NONE', 'WORKASPACE' ) );
#3479 = CIRCLE ( 'NONE', #4090, 0.1000000000000000194 ) ;
#3480 = CARTESIAN_POINT ( 'NONE',  ( 0.3000005377251450112, 0.9600003008976043528, 0.1000000000000000056 ) ) ;
#3481 = PRODUCT_RELATED_PRODUCT_CATEGORY ( 'part', '', ( #2151 ) ) ;
#3482 =( LENGTH_UNIT ( ) NAMED_UNIT ( * ) SI_UNIT ( .MILLI., .METRE. ) );
#3483 = UNCERTAINTY_MEASURE_WITH_UNIT (LENGTH_MEASURE( 1.000000000000000082E-05 ), #879, 'distance_accuracy_value', 'NONE');
#3484 = DIRECTION ( 'NONE',  ( 0.000000000000000000, 0.000000000000000000, 1.000000000000000000 ) ) ;
#3485 = FILL_AREA_STYLE ('',( #415 ) ) ;
#3486 = CARTESIAN_POINT ( 'NONE',  ( 0.7150011077279719851, 0.7025008911961240221, 0.2283999999999999919 ) ) ;
#3487 = ORIENTED_EDGE ( 'NONE', *, *, #3249, .F. ) ;
#3488 = SURFACE_SIDE_STYLE ('',( #5167 ) ) ;
#3489 = SURFACE_SIDE_STYLE ('',( #5785 ) ) ;
#3490 = EDGE_LOOP ( 'NONE', ( #6114, #3210, #5251, #1232 ) ) ;
#3491 = EDGE_CURVE ( 'NONE', #711, #1921, #7078, .T. ) ;
#3492 = STYLED_ITEM ( 'NONE', ( #2673 ), #7652 ) ;
#3493 = PRESENTATION_STYLE_ASSIGNMENT (( #6451 ) ) ;
#3494 = FILL_AREA_STYLE ('',( #1710 ) ) ;
#3495 = PLANE ( 'NONE',  #2112 ) ;
#3496 = SURFACE_STYLE_FILL_AREA ( #2326 ) ;
#3497 = ORIENTED_EDGE ( 'NONE', *, *, #7615, .F. ) ;
#3498 = PRESENTATION_STYLE_ASSIGNMENT (( #2391 ) ) ;
#3499 = EDGE_CURVE ( 'NONE', #5368, #4168, #4122, .T. ) ;
#3500 =( GEOMETRIC_REPRESENTATION_CONTEXT ( 3 ) GLOBAL_UNCERTAINTY_ASSIGNED_CONTEXT ( ( #1090 ) ) GLOBAL_UNIT_ASSIGNED_CONTEXT ( ( #2249, #3456, #637 ) ) REPRESENTATION_CONTEXT ( 'NONE', 'WORKASPACE' ) );
#3501 = DIRECTION ( 'NONE',  ( -1.000000000000000000, 0.000000000000000000, 0.000000000000000000 ) ) ;
#3502 = ORIENTED_EDGE ( 'NONE', *, *, #7115, .T. ) ;
#3503 = SURFACE_SIDE_STYLE ('',( #5292 ) ) ;
#3504 =( NAMED_UNIT ( * ) SI_UNIT ( $, .STERADIAN. ) SOLID_ANGLE_UNIT ( ) );
#3505 = DIRECTION ( 'NONE',  ( 1.000000000000000000, 0.000000000000000000, -0.000000000000000000 ) ) ;
#3506 = VERTEX_POINT ( 'NONE', #7109 ) ;
#3507 = CARTESIAN_POINT ( 'NONE',  ( 1.284999967722169956, 1.297499701195750088, 0.2283999999999999919 ) ) ;
#3508 =( NAMED_UNIT ( * ) PLANE_ANGLE_UNIT ( ) SI_UNIT ( $, .RADIAN. ) );
#3509 = SURFACE_SIDE_STYLE ('',( #4713 ) ) ;
#3510 = MECHANICAL_DESIGN_GEOMETRIC_PRESENTATION_REPRESENTATION (  '', ( #892 ), #4503 ) ;
#3511 = DIRECTION ( 'NONE',  ( 0.000000000000000000, -1.000000000000000000, 0.000000000000000000 ) ) ;
#3512 = PRESENTATION_STYLE_ASSIGNMENT (( #1292 ) ) ;
#3513 = CARTESIAN_POINT ( 'NONE',  ( 0.1300005377252090033, 1.450000302542429953, 0.1000000000000000056 ) ) ;
#3514 = ORIENTED_EDGE ( 'NONE', *, *, #1336, .T. ) ;
#3515 = CARTESIAN_POINT ( 'NONE',  ( 0.03000054242693269910, 0.2900002961956720249, 0.1000000000000000056 ) ) ;
#3516 = DIRECTION ( 'NONE',  ( 0.000000000000000000, 0.000000000000000000, 1.000000000000000000 ) ) ;
#3517 = SURFACE_SIDE_STYLE ('',( #4102 ) ) ;
#3518 =( NAMED_UNIT ( * ) SI_UNIT ( $, .STERADIAN. ) SOLID_ANGLE_UNIT ( ) );
#3519 = FACE_OUTER_BOUND ( 'NONE', #4242, .T. ) ;
#3520 = CARTESIAN_POINT ( 'NONE',  ( 2.000000537725100003, 2.961959353342540141E-07, 0.7500000000000000000 ) ) ;
#3521 = VERTEX_POINT ( 'NONE', #5369 ) ;
#3522 = FACE_OUTER_BOUND ( 'NONE', #6639, .T. ) ;
#3523 = COLOUR_RGB ( '',0.7490196078431372584, 0.7490196078431372584, 0.7490196078431372584 ) ;
#3524 = UNCERTAINTY_MEASURE_WITH_UNIT (LENGTH_MEASURE( 1.000000000000000082E-05 ), #2927, 'distance_accuracy_value', 'NONE');
#3525 = EDGE_CURVE ( 'NONE', #1365, #2102, #3541, .T. ) ;
#3526 = SURFACE_SIDE_STYLE ('',( #23 ) ) ;
#3527 = PRESENTATION_LAYER_ASSIGNMENT (  '', '', ( #2177 ) ) ;
#3528 = CARTESIAN_POINT ( 'NONE',  ( 5.377251000027170150E-07, 1.790000291494149964, 0.000000000000000000 ) ) ;
#3529 = ORIENTED_EDGE ( 'NONE', *, *, #3389, .T. ) ;
#3530 =( GEOMETRIC_REPRESENTATION_CONTEXT ( 3 ) GLOBAL_UNCERTAINTY_ASSIGNED_CONTEXT ( ( #2154 ) ) GLOBAL_UNIT_ASSIGNED_CONTEXT ( ( #1361, #2433, #4341 ) ) REPRESENTATION_CONTEXT ( 'NONE', 'WORKASPACE' ) );
#3531 = CARTESIAN_POINT ( 'NONE',  ( 1.800000537725034100, 0.8600003008976040419, 0.000000000000000000 ) ) ;
#3532 = DIRECTION ( 'NONE',  ( 1.000000000000000000, 0.000000000000000000, 0.000000000000000000 ) ) ;
#3533 = COLOUR_RGB ( '',0.7490196078431372584, 0.7490196078431372584, 0.7490196078431372584 ) ;
#3534 =( NAMED_UNIT ( * ) PLANE_ANGLE_UNIT ( ) SI_UNIT ( $, .RADIAN. ) );
#3535 = EDGE_CURVE ( 'NONE', #1110, #7482, #1848, .T. ) ;
#3536 = CARTESIAN_POINT ( 'NONE',  ( 0.2000005377251450056, 1.510000300897580416, 0.000000000000000000 ) ) ;
#3537 =( NAMED_UNIT ( * ) PLANE_ANGLE_UNIT ( ) SI_UNIT ( $, .RADIAN. ) );
#3538 = DIRECTION ( 'NONE',  ( 0.000000000000000000, -0.000000000000000000, 1.000000000000000000 ) ) ;
#3539 = SURFACE_SIDE_STYLE ('',( #7142 ) ) ;
#3540 = ORIENTED_EDGE ( 'NONE', *, *, #5581, .F. ) ;
#3541 = LINE ( 'NONE', #5339, #4382 ) ;
#3542 = PRESENTATION_STYLE_ASSIGNMENT (( #3043 ) ) ;
#3543 = PLANE ( 'NONE',  #7049 ) ;
#3544 = VECTOR ( 'NONE', #2907, 1000.000000000000000 ) ;
#3545 = EDGE_CURVE ( 'NONE', #4384, #932, #1732, .T. ) ;
#3546 =( LENGTH_UNIT ( ) NAMED_UNIT ( * ) SI_UNIT ( .MILLI., .METRE. ) );
#3547 = VECTOR ( 'NONE', #6512, 1000.000000000000000 ) ;
#3548 = CARTESIAN_POINT ( 'NONE',  ( 5.377251000027170150E-07, 1.790000291494149964, 0.000000000000000000 ) ) ;
#3549 = PLANE ( 'NONE',  #3593 ) ;
#3550 = ORIENTED_EDGE ( 'NONE', *, *, #3688, .T. ) ;
#3551 = CARTESIAN_POINT ( 'NONE',  ( 1.870000537724990197, 0.3500002962467679835, 0.2030000000000000415 ) ) ;
#3552 = DIRECTION ( 'NONE',  ( 1.000000000000000000, 0.000000000000000000, 0.000000000000000000 ) ) ;
#3553 =( GEOMETRIC_REPRESENTATION_CONTEXT ( 3 ) GLOBAL_UNCERTAINTY_ASSIGNED_CONTEXT ( ( #6442 ) ) GLOBAL_UNIT_ASSIGNED_CONTEXT ( ( #7501, #5122, #4992 ) ) REPRESENTATION_CONTEXT ( 'NONE', 'WORKASPACE' ) );
#3554 = PRESENTATION_LAYER_ASSIGNMENT (  '', '', ( #698 ) ) ;
#3555 = UNCERTAINTY_MEASURE_WITH_UNIT (LENGTH_MEASURE( 1.000000000000000082E-05 ), #992, 'distance_accuracy_value', 'NONE');
#3556 = DIRECTION ( 'NONE',  ( -0.000000000000000000, 1.000000000000000000, 0.000000000000000000 ) ) ;
#3557 = VECTOR ( 'NONE', #1278, 1000.000000000000000 ) ;
#3558 = SURFACE_STYLE_USAGE ( .BOTH. , #3517 ) ;
#3559 = VECTOR ( 'NONE', #5165, 1000.000000000000000 ) ;
#3560 =( GEOMETRIC_REPRESENTATION_CONTEXT ( 3 ) GLOBAL_UNCERTAINTY_ASSIGNED_CONTEXT ( ( #2449 ) ) GLOBAL_UNIT_ASSIGNED_CONTEXT ( ( #1753, #4738, #7595 ) ) REPRESENTATION_CONTEXT ( 'NONE', 'WORKASPACE' ) );
#3561 =( LENGTH_UNIT ( ) NAMED_UNIT ( * ) SI_UNIT ( .MILLI., .METRE. ) );
#3562 = VERTEX_POINT ( 'NONE', #2930 ) ;
#3563 = FILL_AREA_STYLE_COLOUR ( '', #3453 ) ;
#3564 = FACE_OUTER_BOUND ( 'NONE', #6253, .T. ) ;
#3565 = CARTESIAN_POINT ( 'NONE',  ( 0.3100005377250449889, 1.200000289965710287, 0.1000000000000000056 ) ) ;
#3566 = PRESENTATION_LAYER_ASSIGNMENT (  '', '', ( #6317 ) ) ;
#3567 = VECTOR ( 'NONE', #6261, 1000.000000000000000 ) ;
#3568 = COLOUR_RGB ( '',0.7490196078431372584, 0.7490196078431372584, 0.7490196078431372584 ) ;
#3569 = AXIS2_PLACEMENT_3D ( 'NONE', #7475, #6909, #917 ) ;
#3570 = EDGE_CURVE ( 'NONE', #7372, #1698, #7000, .T. ) ;
#3571 = SURFACE_STYLE_FILL_AREA ( #1198 ) ;
#3572 = ORIENTED_EDGE ( 'NONE', *, *, #1115, .T. ) ;
#3573 = VECTOR ( 'NONE', #2122, 1000.000000000000000 ) ;
#3574 = STYLED_ITEM ( 'NONE', ( #2524 ), #5190 ) ;
#3575 = PLANE ( 'NONE',  #5898 ) ;
#3576 = EDGE_LOOP ( 'NONE', ( #1240, #605, #7229, #296 ) ) ;
#3577 = EDGE_CURVE ( 'NONE', #7436, #4024, #5927, .T. ) ;
#3578 = AXIS2_PLACEMENT_3D ( 'NONE', #4017, #3450, #5132 ) ;
#3579 = AXIS2_PLACEMENT_3D ( 'NONE', #3618, #3511, #5894 ) ;
#3580 = FILL_AREA_STYLE ('',( #7073 ) ) ;
#3581 = SURFACE_STYLE_USAGE ( .BOTH. , #3503 ) ;
#3582 = ORIENTED_EDGE ( 'NONE', *, *, #250, .F. ) ;
#3583 = MECHANICAL_DESIGN_GEOMETRIC_PRESENTATION_REPRESENTATION (  '', ( #2973 ), #4072 ) ;
#3584 = CARTESIAN_POINT ( 'NONE',  ( 0.3100005377250449889, 0.8000003025424580194, 0.1000000000000000056 ) ) ;
#3585 = ADVANCED_FACE ( 'NONE', ( #1145 ), #4794, .T. ) ;
#3586 = FILL_AREA_STYLE_COLOUR ( '', #3693 ) ;
#3587 = CARTESIAN_POINT ( 'NONE',  ( 0.2000005377251460048, 1.040000291494149964, 0.000000000000000000 ) ) ;
#3588 = CARTESIAN_POINT ( 'NONE',  ( 1.000000537725070027, 1.000000296195939997, 0.2030000000000000415 ) ) ;
#3589 = EDGE_LOOP ( 'NONE', ( #2130, #2306, #1308, #5657 ) ) ;
#3590 = ORIENTED_EDGE ( 'NONE', *, *, #4106, .F. ) ;
#3591 = ADVANCED_FACE ( 'NONE', ( #4901 ), #4262, .T. ) ;
#3592 = PRESENTATION_STYLE_ASSIGNMENT (( #5938 ) ) ;
#3593 = AXIS2_PLACEMENT_3D ( 'NONE', #7186, #4266, #2408 ) ;
#3594 = DIRECTION ( 'NONE',  ( -0.7071067811865474617, -0.7071067811865474617, 0.000000000000000000 ) ) ;
#3595 = CARTESIAN_POINT ( 'NONE',  ( 0.6000005377252359828, 1.850000296195840166, 0.1000000000000000056 ) ) ;
#3596 = DIRECTION ( 'NONE',  ( 1.000000000000000000, 0.000000000000000000, 0.000000000000000000 ) ) ;
#3597 = SURFACE_STYLE_FILL_AREA ( #7674 ) ;
#3598 = FILL_AREA_STYLE ('',( #1233 ) ) ;
#3599 = VECTOR ( 'NONE', #7133, 1000.000000000000000 ) ;
#3600 = FILL_AREA_STYLE_COLOUR ( '', #4701 ) ;
#3601 = ORIENTED_EDGE ( 'NONE', *, *, #2859, .T. ) ;
#3602 = LINE ( 'NONE', #146, #747 ) ;
#3603 = DIRECTION ( 'NONE',  ( 1.000000000000000000, 0.000000000000000000, 0.000000000000000000 ) ) ;
#3604 = ORIENTED_EDGE ( 'NONE', *, *, #887, .T. ) ;
#3605 = FILL_AREA_STYLE_COLOUR ( '', #1265 ) ;
#3606 = CARTESIAN_POINT ( 'NONE',  ( 2.000000537725100003, 1.000000296195880045, 0.1000000000000000056 ) ) ;
#3607 = FILL_AREA_STYLE ('',( #6498 ) ) ;
#3608 = PLANE ( 'NONE',  #822 ) ;
#3609 = UNCERTAINTY_MEASURE_WITH_UNIT (LENGTH_MEASURE( 1.000000000000000082E-05 ), #6868, 'distance_accuracy_value', 'NONE');
#3610 = SURFACE_STYLE_FILL_AREA ( #2366 ) ;
#3611 = SURFACE_SIDE_STYLE ('',( #537 ) ) ;
#3612 = ORIENTED_EDGE ( 'NONE', *, *, #6718, .T. ) ;
#3613 =( LENGTH_UNIT ( ) NAMED_UNIT ( * ) SI_UNIT ( .MILLI., .METRE. ) );
#3614 = CARTESIAN_POINT ( 'NONE',  ( 1.700000537725049998, 0.3500002961959000070, 0.1000000000000000056 ) ) ;
#3615 =( NAMED_UNIT ( * ) PLANE_ANGLE_UNIT ( ) SI_UNIT ( $, .RADIAN. ) );
#3616 =( GEOMETRIC_REPRESENTATION_CONTEXT ( 3 ) GLOBAL_UNCERTAINTY_ASSIGNED_CONTEXT ( ( #112 ) ) GLOBAL_UNIT_ASSIGNED_CONTEXT ( ( #3306, #1519, #3180 ) ) REPRESENTATION_CONTEXT ( 'NONE', 'WORKASPACE' ) );
#3617 = DIRECTION ( 'NONE',  ( -1.000000000000000000, 0.000000000000000000, 0.000000000000000000 ) ) ;
#3618 = CARTESIAN_POINT ( 'NONE',  ( 0.4500005377251449779, 2.961959353342540141E-07, 0.1000000000000000056 ) ) ;
#3619 = ADVANCED_FACE ( 'NONE', ( #7181 ), #4223, .T. ) ;
#3620 = CARTESIAN_POINT ( 'NONE',  ( 0.3000005377251450112, 0.9600003008976050189, 0.000000000000000000 ) ) ;
#3621 = UNCERTAINTY_MEASURE_WITH_UNIT (LENGTH_MEASURE( 1.000000000000000082E-05 ), #1968, 'distance_accuracy_value', 'NONE');
#3622 = SURFACE_SIDE_STYLE ('',( #5932 ) ) ;
#3623 = COLOUR_RGB ( '',0.7490196078431372584, 0.7490196078431372584, 0.7490196078431372584 ) ;
#3624 = PRESENTATION_STYLE_ASSIGNMENT (( #1257 ) ) ;
#3625 = VERTEX_POINT ( 'NONE', #6379 ) ;
#3626 = PRESENTATION_STYLE_ASSIGNMENT (( #6476 ) ) ;
#3627 = FILL_AREA_STYLE ('',( #1858 ) ) ;
#3628 = CARTESIAN_POINT ( 'NONE',  ( 1.890000537724968677, 1.140000291494178697, 0.1000000000000000056 ) ) ;
#3629 = MECHANICAL_DESIGN_GEOMETRIC_PRESENTATION_REPRESENTATION (  '', ( #1026 ), #5881 ) ;
#3630 = FILL_AREA_STYLE_COLOUR ( '', #6930 ) ;
#3631 = EDGE_CURVE ( 'NONE', #4246, #1365, #3965, .T. ) ;
#3632 = PLANE ( 'NONE',  #2780 ) ;
#3633 = ORIENTED_EDGE ( 'NONE', *, *, #1593, .F. ) ;
#3634 = SURFACE_SIDE_STYLE ('',( #6590 ) ) ;
#3635 = ORIENTED_EDGE ( 'NONE', *, *, #1300, .F. ) ;
#3636 = COLOUR_RGB ( '',0.7490196078431372584, 0.7490196078431372584, 0.7490196078431372584 ) ;
#3637 = CARTESIAN_POINT ( 'NONE',  ( 1.970000533023269940, 1.060000296195650060, 0.1000000000000000056 ) ) ;
#3638 = EDGE_LOOP ( 'NONE', ( #1040, #5918, #4201, #5752 ) ) ;
#3639 = SURFACE_STYLE_USAGE ( .BOTH. , #179 ) ;
#3640 = FILL_AREA_STYLE ('',( #1932 ) ) ;
#3641 = VECTOR ( 'NONE', #539, 1000.000000000000000 ) ;
#3642 = FILL_AREA_STYLE_COLOUR ( '', #2851 ) ;
#3643 = DIRECTION ( 'NONE',  ( 0.000000000000000000, 0.000000000000000000, -1.000000000000000000 ) ) ;
#3644 = DIRECTION ( 'NONE',  ( 1.000000000000000000, 0.000000000000000000, -0.000000000000000000 ) ) ;
#3645 = SURFACE_STYLE_FILL_AREA ( #1979 ) ;
#3646 = ORIENTED_EDGE ( 'NONE', *, *, #6494, .T. ) ;
#3647 = PRESENTATION_LAYER_ASSIGNMENT (  '', '', ( #2039 ) ) ;
#3648 = UNCERTAINTY_MEASURE_WITH_UNIT (LENGTH_MEASURE( 1.000000000000000082E-05 ), #1051, 'distance_accuracy_value', 'NONE');
#3649 = LINE ( 'NONE', #1842, #234 ) ;
#3650 = DIRECTION ( 'NONE',  ( 0.000000000000000000, 1.000000000000000000, 0.000000000000000000 ) ) ;
#3651 = CARTESIAN_POINT ( 'NONE',  ( 0.1812143443952660138, 0.8000003025424580194, 0.2030000000000000415 ) ) ;
#3652 = PRESENTATION_STYLE_ASSIGNMENT (( #7688 ) ) ;
#3653 = FACE_OUTER_BOUND ( 'NONE', #3675, .T. ) ;
#3654 = VERTEX_POINT ( 'NONE', #426 ) ;
#3655 =( LENGTH_UNIT ( ) NAMED_UNIT ( * ) SI_UNIT ( .MILLI., .METRE. ) );
#3656 = PRESENTATION_LAYER_ASSIGNMENT (  '', '', ( #7004 ) ) ;
#3657 =( NAMED_UNIT ( * ) PLANE_ANGLE_UNIT ( ) SI_UNIT ( $, .RADIAN. ) );
#3658 = COLOUR_RGB ( '',0.2509803921568627416, 0.2509803921568627416, 0.2509803921568627416 ) ;
#3659 = EDGE_CURVE ( 'NONE', #5966, #1478, #2684, .T. ) ;
#3660 = VECTOR ( 'NONE', #4687, 1000.000000000000000 ) ;
#3661 = PRESENTATION_STYLE_ASSIGNMENT (( #1294 ) ) ;
#3662 = VERTEX_POINT ( 'NONE', #1048 ) ;
#3663 = LINE ( 'NONE', #7088, #5104 ) ;
#3664 = SURFACE_STYLE_FILL_AREA ( #3627 ) ;
#3665 = PRESENTATION_STYLE_ASSIGNMENT (( #129 ) ) ;
#3666 = COLOUR_RGB ( '',0.7490196078431372584, 0.7490196078431372584, 0.7490196078431372584 ) ;
#3667 = ADVANCED_FACE ( 'NONE', ( #3286 ), #6888, .T. ) ;
#3668 =( NAMED_UNIT ( * ) PLANE_ANGLE_UNIT ( ) SI_UNIT ( $, .RADIAN. ) );
#3669 = VECTOR ( 'NONE', #7053, 1000.000000000000000 ) ;
#3670 = CARTESIAN_POINT ( 'NONE',  ( 0.03000054242693300094, 0.9400002961956489544, 0.1000000000000000056 ) ) ;
#3671 = DIRECTION ( 'NONE',  ( -0.000000000000000000, 1.000000000000000000, 0.000000000000000000 ) ) ;
#3672 = STYLED_ITEM ( 'NONE', ( #1357 ), #2082 ) ;
#3673 =( LENGTH_UNIT ( ) NAMED_UNIT ( * ) SI_UNIT ( .MILLI., .METRE. ) );
#3674 =( NAMED_UNIT ( * ) PLANE_ANGLE_UNIT ( ) SI_UNIT ( $, .RADIAN. ) );
#3675 = EDGE_LOOP ( 'NONE', ( #2124, #3472, #5897, #6493, #7465, #1376, #3728, #6322, #572, #1093, #7446, #7676 ) ) ;
#3676 = COLOUR_RGB ( '',0.7490196078431372584, 0.7490196078431372584, 0.7490196078431372584 ) ;
#3677 = EDGE_CURVE ( 'NONE', #2332, #1031, #2226, .T. ) ;
#3678 =( LENGTH_UNIT ( ) NAMED_UNIT ( * ) SI_UNIT ( .MILLI., .METRE. ) );
#3679 = VECTOR ( 'NONE', #1404, 1000.000000000000000 ) ;
#3680 = AXIS2_PLACEMENT_3D ( 'NONE', #3906, #5666, #7401 ) ;
#3681 = VECTOR ( 'NONE', #1931, 1000.000000000000000 ) ;
#3682 =( LENGTH_UNIT ( ) NAMED_UNIT ( * ) SI_UNIT ( .MILLI., .METRE. ) );
#3683 =( NAMED_UNIT ( * ) PLANE_ANGLE_UNIT ( ) SI_UNIT ( $, .RADIAN. ) );
#3684 = CARTESIAN_POINT ( 'NONE',  ( 2.000000537725100003, 1.650000296195849980, 0.1000000000000000056 ) ) ;
#3685 = ORIENTED_EDGE ( 'NONE', *, *, #6004, .F. ) ;
#3686 = AXIS2_PLACEMENT_3D ( 'NONE', #4811, #4735, #2383 ) ;
#3687 =( GEOMETRIC_REPRESENTATION_CONTEXT ( 3 ) GLOBAL_UNCERTAINTY_ASSIGNED_CONTEXT ( ( #4948 ) ) GLOBAL_UNIT_ASSIGNED_CONTEXT ( ( #5989, #6627, #4776 ) ) REPRESENTATION_CONTEXT ( 'NONE', 'WORKASPACE' ) );
#3688 = EDGE_CURVE ( 'NONE', #5156, #5351, #3886, .T. ) ;
#3689 =( GEOMETRIC_REPRESENTATION_CONTEXT ( 3 ) GLOBAL_UNCERTAINTY_ASSIGNED_CONTEXT ( ( #3910 ) ) GLOBAL_UNIT_ASSIGNED_CONTEXT ( ( #6235, #896, #1664 ) ) REPRESENTATION_CONTEXT ( 'NONE', 'WORKASPACE' ) );
#3690 = CIRCLE ( 'NONE', #82, 0.09999999999999990841 ) ;
#3691 = SURFACE_STYLE_FILL_AREA ( #1983 ) ;
#3692 = FACE_OUTER_BOUND ( 'NONE', #1527, .T. ) ;
#3693 = COLOUR_RGB ( '',0.7490196078431372584, 0.7490196078431372584, 0.7490196078431372584 ) ;
#3694 = VERTEX_POINT ( 'NONE', #315 ) ;
#3695 = PRESENTATION_STYLE_ASSIGNMENT (( #3118 ) ) ;
#3696 = VERTEX_POINT ( 'NONE', #5722 ) ;
#3697 =( LENGTH_UNIT ( ) NAMED_UNIT ( * ) SI_UNIT ( .MILLI., .METRE. ) );
#3698 = VECTOR ( 'NONE', #1108, 1000.000000000000000 ) ;
#3699 = AXIS2_PLACEMENT_3D ( 'NONE', #587, #74, #2974 ) ;
#3700 = CARTESIAN_POINT ( 'NONE',  ( 0.1812143443952660138, 1.060000296195650060, 0.2030000000000000415 ) ) ;
#3701 = DIRECTION ( 'NONE',  ( -1.000000000000000000, -0.000000000000000000, 0.000000000000000000 ) ) ;
#3702 = LINE ( 'NONE', #3849, #3950 ) ;
#3703 = UNCERTAINTY_MEASURE_WITH_UNIT (LENGTH_MEASURE( 1.000000000000000082E-05 ), #6925, 'distance_accuracy_value', 'NONE');
#3704 =( LENGTH_UNIT ( ) NAMED_UNIT ( * ) SI_UNIT ( .MILLI., .METRE. ) );
#3705 = VECTOR ( 'NONE', #6030, 1000.000000000000000 ) ;
#3706 = ORIENTED_EDGE ( 'NONE', *, *, #3102, .F. ) ;
#3707 = FILL_AREA_STYLE ('',( #4269 ) ) ;
#3708 = ADVANCED_FACE ( 'NONE', ( #5608 ), #4587, .T. ) ;
#3709 = SURFACE_STYLE_USAGE ( .BOTH. , #2535 ) ;
#3710 = LINE ( 'NONE', #3670, #5940 ) ;
#3711 = LINE ( 'NONE', #6740, #191 ) ;
#3712 = ORIENTED_EDGE ( 'NONE', *, *, #6000, .T. ) ;
#3713 = CARTESIAN_POINT ( 'NONE',  ( 1.873321717579730095, 1.650000296195849980, 0.1000000000000000056 ) ) ;
#3714 = DIRECTION ( 'NONE',  ( 1.000000000000000000, 0.000000000000000000, -0.000000000000000000 ) ) ;
#3715 = SURFACE_STYLE_USAGE ( .BOTH. , #174 ) ;
#3716 = ORIENTED_EDGE ( 'NONE', *, *, #3959, .F. ) ;
#3717 = PRESENTATION_LAYER_ASSIGNMENT (  '', '', ( #3099 ) ) ;
#3718 = DIRECTION ( 'NONE',  ( 5.551115775613539858E-15, -1.000000000000000000, 0.000000000000000000 ) ) ;
#3719 = CARTESIAN_POINT ( 'NONE',  ( 0.1300005377252090033, 1.000000296246740028, 0.2030000000000000415 ) ) ;
#3720 = ORIENTED_EDGE ( 'NONE', *, *, #6908, .T. ) ;
#3721 =( NAMED_UNIT ( * ) SI_UNIT ( $, .STERADIAN. ) SOLID_ANGLE_UNIT ( ) );
#3722 = CARTESIAN_POINT ( 'NONE',  ( 1.800000537725050309, 1.510000300897579972, 0.000000000000000000 ) ) ;
#3723 = EDGE_CURVE ( 'NONE', #1317, #5569, #5250, .T. ) ;
#3724 = PRESENTATION_STYLE_ASSIGNMENT (( #6876 ) ) ;
#3725 = PRESENTATION_STYLE_ASSIGNMENT (( #5473 ) ) ;
#3726 =( GEOMETRIC_REPRESENTATION_CONTEXT ( 3 ) GLOBAL_UNCERTAINTY_ASSIGNED_CONTEXT ( ( #2992 ) ) GLOBAL_UNIT_ASSIGNED_CONTEXT ( ( #6729, #195, #863 ) ) REPRESENTATION_CONTEXT ( 'NONE', 'WORKASPACE' ) );
#3727 = LINE ( 'NONE', #3761, #2580 ) ;
#3728 = ORIENTED_EDGE ( 'NONE', *, *, #241, .F. ) ;
#3729 = CARTESIAN_POINT ( 'NONE',  ( 0.3000005377251450112, 0.3100003008976269792, 0.000000000000000000 ) ) ;
#3730 = AXIS2_PLACEMENT_3D ( 'NONE', #1936, #3185, #852 ) ;
#3731 = FILL_AREA_STYLE ('',( #859 ) ) ;
#3732 = CARTESIAN_POINT ( 'NONE',  ( 0.9100005377251819683, 1.690000296195879992, 0.1000000000000000194 ) ) ;
#3733 = ADVANCED_FACE ( 'NONE', ( #2290 ), #4077, .T. ) ;
#3734 = DIRECTION ( 'NONE',  ( -1.000000000000000000, -0.000000000000000000, 0.000000000000000000 ) ) ;
#3735 = CARTESIAN_POINT ( 'NONE',  ( 1.690000537725149909, 1.850000289965689992, 0.1000000000000000056 ) ) ;
#3736 = FILL_AREA_STYLE ('',( #1986 ) ) ;
#3737 = ORIENTED_EDGE ( 'NONE', *, *, #1819, .T. ) ;
#3738 =( NAMED_UNIT ( * ) PLANE_ANGLE_UNIT ( ) SI_UNIT ( $, .RADIAN. ) );
#3739 =( NAMED_UNIT ( * ) SI_UNIT ( $, .STERADIAN. ) SOLID_ANGLE_UNIT ( ) );
#3740 = DIRECTION ( 'NONE',  ( -1.000000000000000000, 0.000000000000000000, 0.000000000000000000 ) ) ;
#3741 =( NAMED_UNIT ( * ) PLANE_ANGLE_UNIT ( ) SI_UNIT ( $, .RADIAN. ) );
#3742 = CARTESIAN_POINT ( 'NONE',  ( 0.2000005377251449501, 0.2100003008976158714, 0.000000000000000000 ) ) ;
#3743 = MECHANICAL_DESIGN_GEOMETRIC_PRESENTATION_REPRESENTATION (  '', ( #4214 ), #7112 ) ;
#3744 = ORIENTED_EDGE ( 'NONE', *, *, #3763, .T. ) ;
#3745 =( LENGTH_UNIT ( ) NAMED_UNIT ( * ) SI_UNIT ( .MILLI., .METRE. ) );
#3746 = VECTOR ( 'NONE', #261, 1000.000000000000000 ) ;
#3747 = PLANE ( 'NONE',  #715 ) ;
#3748 = PRESENTATION_STYLE_ASSIGNMENT (( #2498 ) ) ;
#3749 = ORIENTED_EDGE ( 'NONE', *, *, #11, .T. ) ;
#3750 = DIRECTION ( 'NONE',  ( 1.000000000000000000, 0.000000000000000000, -0.000000000000000000 ) ) ;
#3751 = CARTESIAN_POINT ( 'NONE',  ( 0.2000005377251450334, 1.790000291494129980, 0.000000000000000000 ) ) ;
#3752 = ORIENTED_EDGE ( 'NONE', *, *, #6761, .F. ) ;
#3753 = DIRECTION ( 'NONE',  ( -0.000000000000000000, -0.000000000000000000, -1.000000000000000000 ) ) ;
#3754 = FILL_AREA_STYLE_COLOUR ( '', #3636 ) ;
#3755 = EDGE_LOOP ( 'NONE', ( #5735, #5652, #3720, #134 ) ) ;
#3756 = CARTESIAN_POINT ( 'NONE',  ( 5.377251000059696215E-07, 0.2900002961956720249, 0.2030000000000000415 ) ) ;
#3757 = DIRECTION ( 'NONE',  ( -3.235507100339109776E-13, -1.000000000000000000, 0.000000000000000000 ) ) ;
#3758 = ORIENTED_EDGE ( 'NONE', *, *, #1642, .T. ) ;
#3759 = CARTESIAN_POINT ( 'NONE',  ( 1.800000537725050309, 0.3900002914941749776, 0.000000000000000000 ) ) ;
#3760 = PRESENTATION_STYLE_ASSIGNMENT (( #648 ) ) ;
#3761 = CARTESIAN_POINT ( 'NONE',  ( 1.011113246775940055, 1.690000296195879992, 0.1000000000000000056 ) ) ;
#3762 = VERTEX_POINT ( 'NONE', #7638 ) ;
#3763 = EDGE_CURVE ( 'NONE', #1856, #1759, #1173, .T. ) ;
#3764 = ORIENTED_EDGE ( 'NONE', *, *, #4482, .T. ) ;
#3765 = DIRECTION ( 'NONE',  ( 0.000000000000000000, -1.000000000000000000, 0.000000000000000000 ) ) ;
#3766 = PRESENTATION_LAYER_ASSIGNMENT (  '', '', ( #2775 ) ) ;
#3767 = DIRECTION ( 'NONE',  ( 1.000000000000000000, 0.000000000000000000, -0.000000000000000000 ) ) ;
#3768 = STYLED_ITEM ( 'NONE', ( #1463 ), #4442 ) ;
#3769 = ORIENTED_EDGE ( 'NONE', *, *, #2225, .F. ) ;
#3770 = SURFACE_SIDE_STYLE ('',( #73 ) ) ;
#3771 = AXIS2_PLACEMENT_3D ( 'NONE', #3339, #1424, #6165 ) ;
#3772 =( LENGTH_UNIT ( ) NAMED_UNIT ( * ) SI_UNIT ( .MILLI., .METRE. ) );
#3773 = EDGE_CURVE ( 'NONE', #5348, #5240, #7070, .T. ) ;
#3774 = STYLED_ITEM ( 'NONE', ( #4692 ), #1242 ) ;
#3775 = DIRECTION ( 'NONE',  ( 0.000000000000000000, -0.000000000000000000, 1.000000000000000000 ) ) ;
#3776 = CARTESIAN_POINT ( 'NONE',  ( 0.1300005377252090033, 1.790000291494149964, 0.2030000000000000415 ) ) ;
#3777 = UNCERTAINTY_MEASURE_WITH_UNIT (LENGTH_MEASURE( 1.000000000000000082E-05 ), #2224, 'distance_accuracy_value', 'NONE');
#3778 = FACE_OUTER_BOUND ( 'NONE', #1405, .T. ) ;
#3779 = COLOUR_RGB ( '',0.7490196078431372584, 0.7490196078431372584, 0.7490196078431372584 ) ;
#3780 = CARTESIAN_POINT ( 'NONE',  ( 1.870000537724990197, 0.2100003008976049912, 0.1000000000000000056 ) ) ;
#3781 = EDGE_LOOP ( 'NONE', ( #4801, #5527, #4375, #851 ) ) ;
#3782 = CARTESIAN_POINT ( 'NONE',  ( 0.4500005377251449779, 2.000000296195940219, 0.1000000000000000056 ) ) ;
#3783 = SURFACE_STYLE_FILL_AREA ( #1377 ) ;
#3784 = EDGE_CURVE ( 'NONE', #2184, #1164, #6459, .T. ) ;
#3785 = CARTESIAN_POINT ( 'NONE',  ( 0.3000005377251450112, 0.3100003008976269792, 0.000000000000000000 ) ) ;
#3786 = ORIENTED_EDGE ( 'NONE', *, *, #2475, .F. ) ;
#3787 = CARTESIAN_POINT ( 'NONE',  ( 0.1300005377252090033, 0.8600003008975819485, 0.2030000000000000415 ) ) ;
#3788 = ORIENTED_EDGE ( 'NONE', *, *, #6453, .F. ) ;
#3789 = LINE ( 'NONE', #4883, #3467 ) ;
#3790 = DIRECTION ( 'NONE',  ( 0.7071067811860446417, -0.7071067811870502817, 0.000000000000000000 ) ) ;
#3791 = ORIENTED_EDGE ( 'NONE', *, *, #3802, .T. ) ;
#3792 = AXIS2_PLACEMENT_3D ( 'NONE', #1675, #4109, #1130 ) ;
#3793 = CARTESIAN_POINT ( 'NONE',  ( 1.970000533023269940, 1.710000296195629987, 0.2030000000000000415 ) ) ;
#3794 =( NAMED_UNIT ( * ) PLANE_ANGLE_UNIT ( ) SI_UNIT ( $, .RADIAN. ) );
#3795 = AXIS2_PLACEMENT_3D ( 'NONE', #5243, #4737, #5788 ) ;
#3796 = ORIENTED_EDGE ( 'NONE', *, *, #810, .F. ) ;
#3797 = LINE ( 'NONE', #6305, #620 ) ;
#3798 =( LENGTH_UNIT ( ) NAMED_UNIT ( * ) SI_UNIT ( .MILLI., .METRE. ) );
#3799 = LINE ( 'NONE', #2059, #7204 ) ;
#3800 = FILL_AREA_STYLE_COLOUR ( '', #6039 ) ;
#3801 = VERTEX_POINT ( 'NONE', #1092 ) ;
#3802 = EDGE_CURVE ( 'NONE', #4588, #1249, #613, .T. ) ;
#3803 = PRESENTATION_LAYER_ASSIGNMENT (  '', '', ( #201 ) ) ;
#3804 = DIRECTION ( 'NONE',  ( 1.000000000000000000, 0.000000000000000000, -0.000000000000000000 ) ) ;
#3805 = ORIENTED_EDGE ( 'NONE', *, *, #2980, .T. ) ;
#3806 = STYLED_ITEM ( 'NONE', ( #6994 ), #5331 ) ;
#3807 = STYLED_ITEM ( 'NONE', ( #6948 ), #4892 ) ;
#3808 = VECTOR ( 'NONE', #1272, 1000.000000000000000 ) ;
#3809 = EDGE_LOOP ( 'NONE', ( #6166, #5034, #2741, #2263 ) ) ;
#3810 = ADVANCED_FACE ( 'NONE', ( #1794 ), #3575, .T. ) ;
#3811 = SURFACE_STYLE_FILL_AREA ( #5521 ) ;
#3812 = VECTOR ( 'NONE', #961, 1000.000000000000000 ) ;
#3813 = MECHANICAL_DESIGN_GEOMETRIC_PRESENTATION_REPRESENTATION (  '', ( #2323 ), #2706 ) ;
#3814 = MECHANICAL_DESIGN_GEOMETRIC_PRESENTATION_REPRESENTATION (  '', ( #7405 ), #4809 ) ;
#3815 = FILL_AREA_STYLE_COLOUR ( '', #3878 ) ;
#3816 = SURFACE_SIDE_STYLE ('',( #1502 ) ) ;
#3817 = VERTEX_POINT ( 'NONE', #2472 ) ;
#3818 = EDGE_CURVE ( 'NONE', #3374, #4655, #4256, .T. ) ;
#3819 = VECTOR ( 'NONE', #333, 1000.000000000000000 ) ;
#3820 = PRESENTATION_LAYER_ASSIGNMENT (  '', '', ( #6931 ) ) ;
#3821 = FILL_AREA_STYLE ('',( #4357 ) ) ;
#3822 =( GEOMETRIC_REPRESENTATION_CONTEXT ( 3 ) GLOBAL_UNCERTAINTY_ASSIGNED_CONTEXT ( ( #6604 ) ) GLOBAL_UNIT_ASSIGNED_CONTEXT ( ( #3124, #7379, #6645 ) ) REPRESENTATION_CONTEXT ( 'NONE', 'WORKASPACE' ) );
#3823 = CARTESIAN_POINT ( 'NONE',  ( 1.800000537725050309, 1.610000300897580283, 0.000000000000000000 ) ) ;
#3824 = EDGE_LOOP ( 'NONE', ( #7394, #1611, #2203, #314 ) ) ;
#3825 = ORIENTED_EDGE ( 'NONE', *, *, #767, .F. ) ;
#3826 = EDGE_CURVE ( 'NONE', #932, #1348, #649, .T. ) ;
#3827 = SURFACE_STYLE_USAGE ( .BOTH. , #2048 ) ;
#3828 = ORIENTED_EDGE ( 'NONE', *, *, #6023, .F. ) ;
#3829 = VECTOR ( 'NONE', #3718, 1000.000000000000000 ) ;
#3830 = UNCERTAINTY_MEASURE_WITH_UNIT (LENGTH_MEASURE( 1.000000000000000082E-05 ), #3190, 'distance_accuracy_value', 'NONE');
#3831 = SURFACE_STYLE_USAGE ( .BOTH. , #920 ) ;
#3832 = ORIENTED_EDGE ( 'NONE', *, *, #952, .T. ) ;
#3833 = LINE ( 'NONE', #888, #3567 ) ;
#3834 = VECTOR ( 'NONE', #1829, 1000.000000000000000 ) ;
#3835 =( NAMED_UNIT ( * ) SI_UNIT ( $, .STERADIAN. ) SOLID_ANGLE_UNIT ( ) );
#3836 = LINE ( 'NONE', #2017, #561 ) ;
#3837 = VERTEX_POINT ( 'NONE', #189 ) ;
#3838 = DIRECTION ( 'NONE',  ( 0.000000000000000000, -1.000000000000000000, -0.000000000000000000 ) ) ;
#3839 = PRESENTATION_STYLE_ASSIGNMENT (( #1485 ) ) ;
#3840 = DIRECTION ( 'NONE',  ( 0.7071067811860450858, -0.7071067811870500597, 0.000000000000000000 ) ) ;
#3841 = ORIENTED_EDGE ( 'NONE', *, *, #4728, .F. ) ;
#3842 = PLANE ( 'NONE',  #7399 ) ;
#3843 = COLOUR_RGB ( '',0.7490196078431372584, 0.7490196078431372584, 0.7490196078431372584 ) ;
#3844 = ORIENTED_EDGE ( 'NONE', *, *, #2421, .F. ) ;
#3845 = PRESENTATION_LAYER_ASSIGNMENT (  '', '', ( #3106 ) ) ;
#3846 = EDGE_LOOP ( 'NONE', ( #2649, #1144, #6865, #3300 ) ) ;
#3847 = CARTESIAN_POINT ( 'NONE',  ( 1.970000533023269940, 0.2900002961956720249, 0.1000000000000000056 ) ) ;
#3848 = PRESENTATION_LAYER_ASSIGNMENT (  '', '', ( #4340 ) ) ;
#3849 = CARTESIAN_POINT ( 'NONE',  ( 1.870000537724990197, 1.140000291494180029, 0.1000000000000000056 ) ) ;
#3850 =( NAMED_UNIT ( * ) SI_UNIT ( $, .STERADIAN. ) SOLID_ANGLE_UNIT ( ) );
#3851 = CARTESIAN_POINT ( 'NONE',  ( 1.800000537725050309, 1.790000291494139972, 0.000000000000000000 ) ) ;
#3852 = UNCERTAINTY_MEASURE_WITH_UNIT (LENGTH_MEASURE( 1.000000000000000082E-05 ), #3697, 'distance_accuracy_value', 'NONE');
#3853 = ORIENTED_EDGE ( 'NONE', *, *, #3371, .T. ) ;
#3854 = MECHANICAL_DESIGN_GEOMETRIC_PRESENTATION_REPRESENTATION (  '', ( #5354 ), #1999 ) ;
#3855 =( NAMED_UNIT ( * ) PLANE_ANGLE_UNIT ( ) SI_UNIT ( $, .RADIAN. ) );
#3856 = CARTESIAN_POINT ( 'NONE',  ( 1.870000537724990197, 1.850000289965689992, 0.2030000000000000415 ) ) ;
#3857 = ADVANCED_FACE ( 'NONE', ( #6602 ), #4289, .T. ) ;
#3858 = FILL_AREA_STYLE ('',( #2004 ) ) ;
#3859 = VERTEX_POINT ( 'NONE', #773 ) ;
#3860 = DIRECTION ( 'NONE',  ( -0.000000000000000000, -0.000000000000000000, -1.000000000000000000 ) ) ;
#3861 = ORIENTED_EDGE ( 'NONE', *, *, #5730, .T. ) ;
#3862 = AXIS2_PLACEMENT_3D ( 'NONE', #801, #7356, #2052 ) ;
#3863 = LINE ( 'NONE', #1346, #3829 ) ;
#3864 = LINE ( 'NONE', #1550, #1397 ) ;
#3865 = CARTESIAN_POINT ( 'NONE',  ( 0.03000054242693271297, 0.2900002961956720249, 0.2030000000000000415 ) ) ;
#3866 = ORIENTED_EDGE ( 'NONE', *, *, #6643, .F. ) ;
#3867 = SURFACE_STYLE_USAGE ( .BOTH. , #5004 ) ;
#3868 = COLOUR_RGB ( '',0.7490196078431372584, 0.7490196078431372584, 0.7490196078431372584 ) ;
#3869 = PRESENTATION_STYLE_ASSIGNMENT (( #6833 ) ) ;
#3870 = ADVANCED_FACE ( 'NONE', ( #6685 ), #107, .T. ) ;
#3871 = AXIS2_PLACEMENT_3D ( 'NONE', #4947, #1993, #6732 ) ;
#3872 = EDGE_CURVE ( 'NONE', #5102, #221, #3727, .T. ) ;
#3873 = SURFACE_STYLE_FILL_AREA ( #3350 ) ;
#3874 = CARTESIAN_POINT ( 'NONE',  ( 0.1812143443952660138, 1.140000291494180029, 0.2030000000000000415 ) ) ;
#3875 = CARTESIAN_POINT ( 'NONE',  ( 0.7150011077279719851, 1.297499701195750088, 0.4062000000000000055 ) ) ;
#3876 = LINE ( 'NONE', #806, #1006 ) ;
#3877 =( LENGTH_UNIT ( ) NAMED_UNIT ( * ) SI_UNIT ( .MILLI., .METRE. ) );
#3878 = COLOUR_RGB ( '',0.7490196078431372584, 0.7490196078431372584, 0.7490196078431372584 ) ;
#3879 = PLANE ( 'NONE',  #2941 ) ;
#3880 = VERTEX_POINT ( 'NONE', #3144 ) ;
#3881 = LINE ( 'NONE', #307, #1827 ) ;
#3882 = EDGE_CURVE ( 'NONE', #5240, #5534, #5568, .T. ) ;
#3883 =( LENGTH_UNIT ( ) NAMED_UNIT ( * ) SI_UNIT ( .MILLI., .METRE. ) );
#3884 = ORIENTED_EDGE ( 'NONE', *, *, #93, .T. ) ;
#3885 = COLOUR_RGB ( '',0.7490196078431372584, 0.7490196078431372584, 0.7490196078431372584 ) ;
#3886 = LINE ( 'NONE', #4545, #1558 ) ;
#3887 = DIRECTION ( 'NONE',  ( -0.7071067811865404673, -0.7071067811865546782, 0.000000000000000000 ) ) ;
#3888 = SURFACE_STYLE_USAGE ( .BOTH. , #7461 ) ;
#3889 = VECTOR ( 'NONE', #2674, 1000.000000000000000 ) ;
#3890 = FILL_AREA_STYLE ('',( #6934 ) ) ;
#3891 = CARTESIAN_POINT ( 'NONE',  ( 0.3000005377251450112, 1.000000296195880045, 0.000000000000000000 ) ) ;
#3892 = PLANE ( 'NONE',  #120 ) ;
#3893 = ORIENTED_EDGE ( 'NONE', *, *, #7512, .T. ) ;
#3894 = LINE ( 'NONE', #6248, #7633 ) ;
#3895 = PLANE ( 'NONE',  #3152 ) ;
#3896 = EDGE_CURVE ( 'NONE', #4149, #1348, #7291, .T. ) ;
#3897 =( NAMED_UNIT ( * ) SI_UNIT ( $, .STERADIAN. ) SOLID_ANGLE_UNIT ( ) );
#3898 = ORIENTED_EDGE ( 'NONE', *, *, #562, .T. ) ;
#3899 =( LENGTH_UNIT ( ) NAMED_UNIT ( * ) SI_UNIT ( .MILLI., .METRE. ) );
#3900 = EDGE_LOOP ( 'NONE', ( #626, #1111, #5626, #6129 ) ) ;
#3901 = DIRECTION ( 'NONE',  ( 0.000000000000000000, -1.000000000000000000, -0.000000000000000000 ) ) ;
#3902 = ORIENTED_EDGE ( 'NONE', *, *, #5314, .T. ) ;
#3903 = ADVANCED_FACE ( 'NONE', ( #5712 ), #6188, .T. ) ;
#3904 =( LENGTH_UNIT ( ) NAMED_UNIT ( * ) SI_UNIT ( .MILLI., .METRE. ) );
#3905 = UNCERTAINTY_MEASURE_WITH_UNIT (LENGTH_MEASURE( 1.000000000000000082E-05 ), #6932, 'distance_accuracy_value', 'NONE');
#3906 = CARTESIAN_POINT ( 'NONE',  ( 5.377251000027170150E-07, 1.060000296195650060, 0.1000000000000000056 ) ) ;
#3907 = VECTOR ( 'NONE', #2005, 1000.000000000000000 ) ;
#3908 = LINE ( 'NONE', #6338, #4037 ) ;
#3909 = EDGE_CURVE ( 'NONE', #1478, #6329, #893, .T. ) ;
#3910 = UNCERTAINTY_MEASURE_WITH_UNIT (LENGTH_MEASURE( 1.000000000000000082E-05 ), #6235, 'distance_accuracy_value', 'NONE');
#3911 = SURFACE_STYLE_USAGE ( .BOTH. , #7449 ) ;
#3912 =( NAMED_UNIT ( * ) PLANE_ANGLE_UNIT ( ) SI_UNIT ( $, .RADIAN. ) );
#3913 = AXIS2_PLACEMENT_3D ( 'NONE', #7322, #3141, #5507 ) ;
#3914 =( NAMED_UNIT ( * ) SI_UNIT ( $, .STERADIAN. ) SOLID_ANGLE_UNIT ( ) );
#3915 = ORIENTED_EDGE ( 'NONE', *, *, #3249, .T. ) ;
#3916 = STYLED_ITEM ( 'NONE', ( #3463 ), #2063 ) ;
#3917 = ADVANCED_FACE ( 'NONE', ( #5639 ), #7486, .T. ) ;
#3918 = DIRECTION ( 'NONE',  ( 0.000000000000000000, -0.000000000000000000, -1.000000000000000000 ) ) ;
#3919 = MECHANICAL_DESIGN_GEOMETRIC_PRESENTATION_REPRESENTATION (  '', ( #3064 ), #5800 ) ;
#3920 = PRESENTATION_LAYER_ASSIGNMENT (  '', '', ( #5044 ) ) ;
#3921 = VECTOR ( 'NONE', #2285, 1000.000000000000000 ) ;
#3922 = LINE ( 'NONE', #3429, #2204 ) ;
#3923 = DIRECTION ( 'NONE',  ( 0.000000000000000000, -0.000000000000000000, 1.000000000000000000 ) ) ;
#3924 = MECHANICAL_DESIGN_GEOMETRIC_PRESENTATION_REPRESENTATION (  '', ( #7660 ), #3063 ) ;
#3925 = PLANE ( 'NONE',  #100 ) ;
#3926 = VECTOR ( 'NONE', #5604, 1000.000000000000000 ) ;
#3927 = MECHANICAL_DESIGN_GEOMETRIC_PRESENTATION_REPRESENTATION (  '', ( #6047 ), #5548 ) ;
#3928 = SURFACE_STYLE_FILL_AREA ( #1616 ) ;
#3929 = PRESENTATION_STYLE_ASSIGNMENT (( #6819 ) ) ;
#3930 = LINE ( 'NONE', #6321, #4848 ) ;
#3931 = ORIENTED_EDGE ( 'NONE', *, *, #59, .F. ) ;
#3932 =( NAMED_UNIT ( * ) SI_UNIT ( $, .STERADIAN. ) SOLID_ANGLE_UNIT ( ) );
#3933 = LINE ( 'NONE', #1622, #1901 ) ;
#3934 = VECTOR ( 'NONE', #6553, 1000.000000000000000 ) ;
#3935 = MECHANICAL_DESIGN_GEOMETRIC_PRESENTATION_REPRESENTATION (  '', ( #4673 ), #7529 ) ;
#3936 = PRESENTATION_STYLE_ASSIGNMENT (( #2040 ) ) ;
#3937 = LINE ( 'NONE', #5263, #3698 ) ;
#3938 = FILL_AREA_STYLE ('',( #2044 ) ) ;
#3939 = ORIENTED_EDGE ( 'NONE', *, *, #594, .T. ) ;
#3940 = VECTOR ( 'NONE', #4481, 1000.000000000000000 ) ;
#3941 = FILL_AREA_STYLE_COLOUR ( '', #5816 ) ;
#3942 = MECHANICAL_DESIGN_GEOMETRIC_PRESENTATION_REPRESENTATION (  '', ( #6674 ), #357 ) ;
#3943 = ORIENTED_EDGE ( 'NONE', *, *, #6487, .F. ) ;
#3944 = ADVANCED_FACE ( 'NONE', ( #1526 ), #3879, .T. ) ;
#3945 = FILL_AREA_STYLE_COLOUR ( '', #1488 ) ;
#3946 = ORIENTED_EDGE ( 'NONE', *, *, #1107, .T. ) ;
#3947 = LINE ( 'NONE', #3345, #4681 ) ;
#3948 = STYLED_ITEM ( 'NONE', ( #2349 ), #2513 ) ;
#3949 = SURFACE_STYLE_FILL_AREA ( #3305 ) ;
#3950 = VECTOR ( 'NONE', #6155, 1000.000000000000000 ) ;
#3951 = CARTESIAN_POINT ( 'NONE',  ( 0.6000005377252359828, 2.000000296195940219, 0.1000000000000000056 ) ) ;
#3952 = DIRECTION ( 'NONE',  ( 0.000000000000000000, 1.000000000000000000, 0.000000000000000000 ) ) ;
#3953 = CARTESIAN_POINT ( 'NONE',  ( 0.03000054242693269910, 0.4100002961956760728, 0.1000000000000000056 ) ) ;
#3954 = AXIS2_PLACEMENT_3D ( 'NONE', #7295, #6233, #811 ) ;
#3955 = FACE_OUTER_BOUND ( 'NONE', #7150, .T. ) ;
#3956 = DIRECTION ( 'NONE',  ( 1.000000000000000000, 0.000000000000000000, -0.000000000000000000 ) ) ;
#3957 = FILL_AREA_STYLE_COLOUR ( '', #5408 ) ;
#3958 = VECTOR ( 'NONE', #4928, 999.9999999999998863 ) ;
#3959 = EDGE_CURVE ( 'NONE', #951, #1471, #19, .T. ) ;
#3960 = PRESENTATION_STYLE_ASSIGNMENT (( #2836 ) ) ;
#3961 = ORIENTED_EDGE ( 'NONE', *, *, #522, .F. ) ;
#3962 = LINE ( 'NONE', #1012, #1343 ) ;
#3963 = LINE ( 'NONE', #5684, #2991 ) ;
#3964 = AXIS2_PLACEMENT_3D ( 'NONE', #5670, #3048, #5 ) ;
#3965 = LINE ( 'NONE', #4510, #1793 ) ;
#3966 = ORIENTED_EDGE ( 'NONE', *, *, #6210, .T. ) ;
#3967 = EDGE_CURVE ( 'NONE', #6272, #2382, #3992, .T. ) ;
#3968 = FILL_AREA_STYLE_COLOUR ( '', #6609 ) ;
#3969 =( GEOMETRIC_REPRESENTATION_CONTEXT ( 3 ) GLOBAL_UNCERTAINTY_ASSIGNED_CONTEXT ( ( #4805 ) ) GLOBAL_UNIT_ASSIGNED_CONTEXT ( ( #2347, #4096, #1188 ) ) REPRESENTATION_CONTEXT ( 'NONE', 'WORKASPACE' ) );
#3970 = VECTOR ( 'NONE', #4346, 1000.000000000000000 ) ;
#3971 = SURFACE_STYLE_FILL_AREA ( #4548 ) ;
#3972 = DIRECTION ( 'NONE',  ( 1.000000000000000000, 0.000000000000000000, -0.000000000000000000 ) ) ;
#3973 = ORIENTED_EDGE ( 'NONE', *, *, #1135, .F. ) ;
#3974 = SURFACE_SIDE_STYLE ('',( #3664 ) ) ;
#3975 = PRESENTATION_LAYER_ASSIGNMENT (  '', '', ( #389 ) ) ;
#3976 = SURFACE_STYLE_FILL_AREA ( #1147 ) ;
#3977 = LINE ( 'NONE', #7542, #7540 ) ;
#3978 = CARTESIAN_POINT ( 'NONE',  ( 1.870000537724990197, 0.4900002914941979926, 0.1000000000000000056 ) ) ;
#3979 = ORIENTED_EDGE ( 'NONE', *, *, #3017, .F. ) ;
#3980 = DIRECTION ( 'NONE',  ( -1.000000000000000000, 0.000000000000000000, 0.000000000000000000 ) ) ;
#3981 = ORIENTED_EDGE ( 'NONE', *, *, #1960, .T. ) ;
#3982 = CARTESIAN_POINT ( 'NONE',  ( 1.000000537725100003, 1.000000296195939997, 0.7500000000000000000 ) ) ;
#3983 = UNCERTAINTY_MEASURE_WITH_UNIT (LENGTH_MEASURE( 1.000000000000000082E-05 ), #7046, 'distance_accuracy_value', 'NONE');
#3984 =( NAMED_UNIT ( * ) PLANE_ANGLE_UNIT ( ) SI_UNIT ( $, .RADIAN. ) );
#3985 =( NAMED_UNIT ( * ) PLANE_ANGLE_UNIT ( ) SI_UNIT ( $, .RADIAN. ) );
#3986 = STYLED_ITEM ( 'NONE', ( #1175 ), #2533 ) ;
#3987 = CARTESIAN_POINT ( 'NONE',  ( 1.818786731054929939, 1.850000289965689992, 0.2030000000000000415 ) ) ;
#3988 =( NAMED_UNIT ( * ) PLANE_ANGLE_UNIT ( ) SI_UNIT ( $, .RADIAN. ) );
#3989 = LINE ( 'NONE', #2251, #4121 ) ;
#3990 = ORIENTED_EDGE ( 'NONE', *, *, #6806, .T. ) ;
#3991 = COLOUR_RGB ( '',0.7490196078431372584, 0.7490196078431372584, 0.7490196078431372584 ) ;
#3992 = LINE ( 'NONE', #2870, #3921 ) ;
#3993 = PLANE ( 'NONE',  #6647 ) ;
#3994 = STYLED_ITEM ( 'NONE', ( #3010 ), #2678 ) ;
#3995 = ADVANCED_FACE ( 'NONE', ( #2320 ), #2253, .T. ) ;
#3996 = CARTESIAN_POINT ( 'NONE',  ( 0.03000054242693269910, 1.060000296195650060, 0.1000000000000000056 ) ) ;
#3997 = ORIENTED_EDGE ( 'NONE', *, *, #4607, .T. ) ;
#3998 = LINE ( 'NONE', #3323, #2738 ) ;
#3999 = DIRECTION ( 'NONE',  ( -0.000000000000000000, -0.000000000000000000, -1.000000000000000000 ) ) ;
#4000 = VERTEX_POINT ( 'NONE', #7063 ) ;
#4001 = ADVANCED_FACE ( 'NONE', ( #4068 ), #559, .T. ) ;
#4002 = SURFACE_SIDE_STYLE ('',( #1643 ) ) ;
#4003 = FILL_AREA_STYLE_COLOUR ( '', #5434 ) ;
#4004 = LINE ( 'NONE', #4591, #2375 ) ;
#4005 = SURFACE_STYLE_FILL_AREA ( #2692 ) ;
#4006 = CARTESIAN_POINT ( 'NONE',  ( 0.7150011077279719851, 1.297499701195750088, 0.4062000000000000055 ) ) ;
#4007 = SURFACE_STYLE_USAGE ( .BOTH. , #580 ) ;
#4008 = ORIENTED_EDGE ( 'NONE', *, *, #6160, .T. ) ;
#4009 = EDGE_CURVE ( 'NONE', #7278, #5224, #456, .T. ) ;
#4010 =( LENGTH_UNIT ( ) NAMED_UNIT ( * ) SI_UNIT ( .MILLI., .METRE. ) );
#4011 = PLANE ( 'NONE',  #3699 ) ;
#4012 = DIRECTION ( 'NONE',  ( 0.000000000000000000, 0.000000000000000000, 1.000000000000000000 ) ) ;
#4013 =( LENGTH_UNIT ( ) NAMED_UNIT ( * ) SI_UNIT ( .MILLI., .METRE. ) );
#4014 = ORIENTED_EDGE ( 'NONE', *, *, #4876, .F. ) ;
#4015 = DIRECTION ( 'NONE',  ( -0.000000000000000000, 1.000000000000000000, 0.000000000000000000 ) ) ;
#4016 = EDGE_CURVE ( 'NONE', #455, #1460, #6061, .T. ) ;
#4017 = CARTESIAN_POINT ( 'NONE',  ( 0.2000005377251450334, 0.3100003008976269792, 0.1000000000000000056 ) ) ;
#4018 = UNCERTAINTY_MEASURE_WITH_UNIT (LENGTH_MEASURE( 1.000000000000000082E-05 ), #5992, 'distance_accuracy_value', 'NONE');
#4019 = CARTESIAN_POINT ( 'NONE',  ( 2.000000537725100003, 1.790000291494149964, 0.000000000000000000 ) ) ;
#4020 = CARTESIAN_POINT ( 'NONE',  ( 1.290000537725060070, 1.690000296195879992, 0.000000000000000000 ) ) ;
#4021 = VERTEX_POINT ( 'NONE', #139 ) ;
#4022 = FILL_AREA_STYLE_COLOUR ( '', #662 ) ;
#4023 = FILL_AREA_STYLE_COLOUR ( '', #6866 ) ;
#4024 = VERTEX_POINT ( 'NONE', #6556 ) ;
#4025 = CARTESIAN_POINT ( 'NONE',  ( 0.3100005377250447669, 1.850000289965689992, 0.1000000000000000056 ) ) ;
#4026 = PRESENTATION_LAYER_ASSIGNMENT (  '', '', ( #1055 ) ) ;
#4027 = DIRECTION ( 'NONE',  ( -0.000000000000000000, -0.000000000000000000, -1.000000000000000000 ) ) ;
#4028 = SURFACE_SIDE_STYLE ('',( #7526 ) ) ;
#4029 = ORIENTED_EDGE ( 'NONE', *, *, #6559, .F. ) ;
#4030 = EDGE_CURVE ( 'NONE', #5195, #5224, #6101, .T. ) ;
#4031 = DIRECTION ( 'NONE',  ( -0.000000000000000000, 1.000000000000000000, 0.000000000000000000 ) ) ;
#4032 = VECTOR ( 'NONE', #6092, 1000.000000000000000 ) ;
#4033 = ORIENTED_EDGE ( 'NONE', *, *, #1717, .T. ) ;
#4034 = DIRECTION ( 'NONE',  ( 0.7071067811875521025, 0.7071067811855430429, 0.000000000000000000 ) ) ;
#4035 = AXIS2_PLACEMENT_3D ( 'NONE', #7502, #5186, #435 ) ;
#4036 = DIRECTION ( 'NONE',  ( 0.000000000000000000, -1.000000000000000000, -0.000000000000000000 ) ) ;
#4037 = VECTOR ( 'NONE', #7592, 1000.000000000000000 ) ;
#4038 = EDGE_CURVE ( 'NONE', #6197, #1687, #3177, .T. ) ;
#4039 = LINE ( 'NONE', #5808, #1017 ) ;
#4040 = CARTESIAN_POINT ( 'NONE',  ( 1.400000537725190064, 2.961959353342540141E-07, 0.1000000000000000056 ) ) ;
#4041 = VECTOR ( 'NONE', #5208, 1000.000000000000000 ) ;
#4042 = VERTEX_POINT ( 'NONE', #798 ) ;
#4043 = CARTESIAN_POINT ( 'NONE',  ( 2.000000537725100003, 1.000000296195939997, 0.02000000000000000042 ) ) ;
#4044 = CARTESIAN_POINT ( 'NONE',  ( 1.290000537725060070, 1.690000296195879992, 0.1000000000000000056 ) ) ;
#4045 = MECHANICAL_DESIGN_GEOMETRIC_PRESENTATION_REPRESENTATION (  '', ( #201 ), #1453 ) ;
#4046 = VECTOR ( 'NONE', #2833, 1000.000000000000000 ) ;
#4047 = PRESENTATION_LAYER_ASSIGNMENT (  '', '', ( #6419 ) ) ;
#4048 = EDGE_CURVE ( 'NONE', #4425, #4149, #7166, .T. ) ;
#4049 = FILL_AREA_STYLE ('',( #2305 ) ) ;
#4050 = ORIENTED_EDGE ( 'NONE', *, *, #663, .T. ) ;
#4051 = MECHANICAL_DESIGN_GEOMETRIC_PRESENTATION_REPRESENTATION (  '', ( #217 ), #706 ) ;
#4052 =( LENGTH_UNIT ( ) NAMED_UNIT ( * ) SI_UNIT ( .MILLI., .METRE. ) );
#4053 = PRESENTATION_LAYER_ASSIGNMENT (  '', '', ( #2079 ) ) ;
#4054 = ORIENTED_EDGE ( 'NONE', *, *, #5868, .T. ) ;
#4055 = MECHANICAL_DESIGN_GEOMETRIC_PRESENTATION_REPRESENTATION (  '', ( #77 ), #708 ) ;
#4056 = LINE ( 'NONE', #6439, #6509 ) ;
#4057 = CARTESIAN_POINT ( 'NONE',  ( 1.800000537725050309, 0.4900002914941750110, 0.000000000000000000 ) ) ;
#4058 = DIRECTION ( 'NONE',  ( 1.000000000000000000, 0.000000000000000000, 0.000000000000000000 ) ) ;
#4059 = CIRCLE ( 'NONE', #1332, 0.1000000000000000472 ) ;
#4060 = COLOUR_RGB ( '',0.7490196078431372584, 0.7490196078431372584, 0.7490196078431372584 ) ;
#4062 = MECHANICAL_DESIGN_GEOMETRIC_PRESENTATION_REPRESENTATION (  '', ( #1843 ), #4558 ) ;
#4061 = DIRECTION ( 'NONE',  ( 0.000000000000000000, -0.000000000000000000, 1.000000000000000000 ) ) ;
#4063 = EDGE_CURVE ( 'NONE', #2298, #3033, #1902, .T. ) ;
#4064 = ORIENTED_EDGE ( 'NONE', *, *, #482, .F. ) ;
#4065 = DIRECTION ( 'NONE',  ( 0.000000000000000000, 0.000000000000000000, 1.000000000000000000 ) ) ;
#4066 = SURFACE_STYLE_USAGE ( .BOTH. , #3488 ) ;
#4067 = SURFACE_SIDE_STYLE ('',( #5323 ) ) ;
#4068 = FACE_OUTER_BOUND ( 'NONE', #3809, .T. ) ;
#4069 = STYLED_ITEM ( 'NONE', ( #1097 ), #6259 ) ;
#4070 = DIRECTION ( 'NONE',  ( 1.000000000000000000, 0.000000000000000000, -0.000000000000000000 ) ) ;
#4071 = COLOUR_RGB ( '',0.7921568627450980005, 0.8196078431372548767, 0.9333333333333333481 ) ;
#4072 =( GEOMETRIC_REPRESENTATION_CONTEXT ( 3 ) GLOBAL_UNCERTAINTY_ASSIGNED_CONTEXT ( ( #5158 ) ) GLOBAL_UNIT_ASSIGNED_CONTEXT ( ( #7368, #738, #3114 ) ) REPRESENTATION_CONTEXT ( 'NONE', 'WORKASPACE' ) );
#4073 =( NAMED_UNIT ( * ) SI_UNIT ( $, .STERADIAN. ) SOLID_ANGLE_UNIT ( ) );
#4074 =( NAMED_UNIT ( * ) SI_UNIT ( $, .STERADIAN. ) SOLID_ANGLE_UNIT ( ) );
#4075 = VERTEX_POINT ( 'NONE', #4885 ) ;
#4076 = CARTESIAN_POINT ( 'NONE',  ( 1.890000537724970009, 0.4900002914941979926, 0.1000000000000000056 ) ) ;
#4077 = PLANE ( 'NONE',  #1797 ) ;
#4078 = EDGE_LOOP ( 'NONE', ( #1022, #3841, #3612, #2997 ) ) ;
#4079 = VECTOR ( 'NONE', #1608, 1000.000000000000000 ) ;
#4080 = SURFACE_STYLE_FILL_AREA ( #1722 ) ;
#4081 =( LENGTH_UNIT ( ) NAMED_UNIT ( * ) SI_UNIT ( .MILLI., .METRE. ) );
#4082 = DIRECTION ( 'NONE',  ( 0.000000000000000000, 0.000000000000000000, -1.000000000000000000 ) ) ;
#4083 = CARTESIAN_POINT ( 'NONE',  ( 0.1300005377252090033, 0.5500002899657370214, 0.1000000000000000056 ) ) ;
#4084 = PRESENTATION_LAYER_ASSIGNMENT (  '', '', ( #4708 ) ) ;
#4085 = ORIENTED_EDGE ( 'NONE', *, *, #2888, .T. ) ;
#4086 = DIRECTION ( 'NONE',  ( 0.000000000000000000, -0.000000000000000000, -1.000000000000000000 ) ) ;
#4087 = DIRECTION ( 'NONE',  ( 0.000000000000000000, 0.000000000000000000, 1.000000000000000000 ) ) ;
#4088 = DIRECTION ( 'NONE',  ( 0.000000000000000000, -0.000000000000000000, -1.000000000000000000 ) ) ;
#4089 = COLOUR_RGB ( '',0.2509803921568627416, 0.2509803921568627416, 0.2509803921568627416 ) ;
#4090 = AXIS2_PLACEMENT_3D ( 'NONE', #5255, #4664, #7573 ) ;
#4091 = DIRECTION ( 'NONE',  ( 1.000000000000000000, 0.000000000000000000, -0.000000000000000000 ) ) ;
#4092 = LINE ( 'NONE', #478, #6147 ) ;
#4093 = FACE_OUTER_BOUND ( 'NONE', #6763, .T. ) ;
#4094 = ORIENTED_EDGE ( 'NONE', *, *, #3008, .T. ) ;
#4095 = STYLED_ITEM ( 'NONE', ( #69 ), #7282 ) ;
#4096 =( NAMED_UNIT ( * ) PLANE_ANGLE_UNIT ( ) SI_UNIT ( $, .RADIAN. ) );
#4097 = CARTESIAN_POINT ( 'NONE',  ( 0.1812143443952660138, 1.200000289965710287, 0.2030000000000000415 ) ) ;
#4098 = SURFACE_STYLE_USAGE ( .BOTH. , #4131 ) ;
#4099 = EDGE_CURVE ( 'NONE', #5436, #2348, #765, .T. ) ;
#4100 =( NAMED_UNIT ( * ) SI_UNIT ( $, .STERADIAN. ) SOLID_ANGLE_UNIT ( ) );
#4101 = LINE ( 'NONE', #5741, #834 ) ;
#4102 = SURFACE_STYLE_FILL_AREA ( #3485 ) ;
#4103 = ORIENTED_EDGE ( 'NONE', *, *, #7230, .F. ) ;
#4104 = LINE ( 'NONE', #4138, #4934 ) ;
#4105 =( LENGTH_UNIT ( ) NAMED_UNIT ( * ) SI_UNIT ( .MILLI., .METRE. ) );
#4106 = EDGE_CURVE ( 'NONE', #7365, #3521, #97, .T. ) ;
#4107 = SURFACE_SIDE_STYLE ('',( #5244 ) ) ;
#4108 =( NAMED_UNIT ( * ) PLANE_ANGLE_UNIT ( ) SI_UNIT ( $, .RADIAN. ) );
#4109 = DIRECTION ( 'NONE',  ( 0.000000000000000000, 0.000000000000000000, 1.000000000000000000 ) ) ;
#4110 = ORIENTED_EDGE ( 'NONE', *, *, #2933, .F. ) ;
#4112 = VECTOR ( 'NONE', #7281, 1000.000000000000114 ) ;
#4111 =( NAMED_UNIT ( * ) PLANE_ANGLE_UNIT ( ) SI_UNIT ( $, .RADIAN. ) );
#4113 = FILL_AREA_STYLE_COLOUR ( '', #3523 ) ;
#4114 = ORIENTED_EDGE ( 'NONE', *, *, #6622, .F. ) ;
#4115 = EDGE_CURVE ( 'NONE', #4157, #1313, #4812, .T. ) ;
#4116 = DIRECTION ( 'NONE',  ( 0.000000000000000000, -1.000000000000000000, 0.000000000000000000 ) ) ;
#4117 = SURFACE_STYLE_FILL_AREA ( #3580 ) ;
#4118 = PRESENTATION_LAYER_ASSIGNMENT (  '', '', ( #405 ) ) ;
#4119 = PRESENTATION_STYLE_ASSIGNMENT (( #5921 ) ) ;
#4120 = ORIENTED_EDGE ( 'NONE', *, *, #509, .T. ) ;
#4121 = VECTOR ( 'NONE', #5834, 999.9999999999998863 ) ;
#4122 = LINE ( 'NONE', #7145, #4767 ) ;
#4123 = PLANE ( 'NONE',  #6787 ) ;
#4124 = SURFACE_STYLE_USAGE ( .BOTH. , #7003 ) ;
#4125 = SURFACE_STYLE_USAGE ( .BOTH. , #2448 ) ;
#4126 = DIRECTION ( 'NONE',  ( 1.000000000000000000, 0.000000000000000000, 0.000000000000000000 ) ) ;
#4127 = FACE_OUTER_BOUND ( 'NONE', #2259, .T. ) ;
#4128 = ORIENTED_EDGE ( 'NONE', *, *, #5344, .T. ) ;
#4129 = DIRECTION ( 'NONE',  ( -1.000000000000000000, -0.000000000000000000, 0.000000000000000000 ) ) ;
#4130 = MECHANICAL_DESIGN_GEOMETRIC_PRESENTATION_REPRESENTATION (  '', ( #3285 ), #5755 ) ;
#4131 = SURFACE_SIDE_STYLE ('',( #6366 ) ) ;
#4132 = EDGE_CURVE ( 'NONE', #499, #1831, #643, .T. ) ;
#4133 = FACE_OUTER_BOUND ( 'NONE', #6365, .T. ) ;
#4134 = PRESENTATION_STYLE_ASSIGNMENT (( #5941 ) ) ;
#4135 = AXIS2_PLACEMENT_3D ( 'NONE', #6929, #3361, #2642 ) ;
#4136 = COLOUR_RGB ( '',0.7490196078431372584, 0.7490196078431372584, 0.7490196078431372584 ) ;
#4137 = ADVANCED_FACE ( 'NONE', ( #2385 ), #4853, .T. ) ;
#4138 = CARTESIAN_POINT ( 'NONE',  ( 0.1300005377252090033, 0.4900002914941979926, 0.1000000000000000056 ) ) ;
#4139 = STYLED_ITEM ( 'NONE', ( #3748 ), #1310 ) ;
#4140 = COLOUR_RGB ( '',0.7490196078431372584, 0.7490196078431372584, 0.7490196078431372584 ) ;
#4141 = EDGE_CURVE ( 'NONE', #1348, #108, #2464, .T. ) ;
#4142 = VERTEX_POINT ( 'NONE', #3756 ) ;
#4143 = ORIENTED_EDGE ( 'NONE', *, *, #817, .T. ) ;
#4144 = PRESENTATION_LAYER_ASSIGNMENT (  '', '', ( #4398 ) ) ;
#4145 = DIRECTION ( 'NONE',  ( 0.000000000000000000, 0.000000000000000000, 1.000000000000000000 ) ) ;
#4146 = FILL_AREA_STYLE ('',( #1363 ) ) ;
#4147 = ADVANCED_FACE ( 'NONE', ( #7127 ), #1823, .T. ) ;
#4148 = MECHANICAL_DESIGN_GEOMETRIC_PRESENTATION_REPRESENTATION (  '', ( #2187 ), #7378 ) ;
#4149 = VERTEX_POINT ( 'NONE', #6176 ) ;
#4150 = CARTESIAN_POINT ( 'NONE',  ( 1.800000537725050309, 0.8600003008976040419, 0.1000000000000000056 ) ) ;
#4151 = FILL_AREA_STYLE_COLOUR ( '', #2199 ) ;
#4152 = MECHANICAL_DESIGN_GEOMETRIC_PRESENTATION_REPRESENTATION (  '', ( #2550 ), #5405 ) ;
#4153 = DIRECTION ( 'NONE',  ( 0.000000000000000000, 0.000000000000000000, 1.000000000000000000 ) ) ;
#4154 = FILL_AREA_STYLE ('',( #6128 ) ) ;
#4155 = DIRECTION ( 'NONE',  ( 0.000000000000000000, 0.000000000000000000, 1.000000000000000000 ) ) ;
#4156 = VERTEX_POINT ( 'NONE', #5628 ) ;
#4157 = VERTEX_POINT ( 'NONE', #3225 ) ;
#4158 = FACE_OUTER_BOUND ( 'NONE', #423, .T. ) ;
#4159 =( GEOMETRIC_REPRESENTATION_CONTEXT ( 3 ) GLOBAL_UNCERTAINTY_ASSIGNED_CONTEXT ( ( #6280 ) ) GLOBAL_UNIT_ASSIGNED_CONTEXT ( ( #5928, #3657, #4580 ) ) REPRESENTATION_CONTEXT ( 'NONE', 'WORKASPACE' ) );
#4160 = SURFACE_STYLE_USAGE ( .BOTH. , #2574 ) ;
#4161 = UNCERTAINTY_MEASURE_WITH_UNIT (LENGTH_MEASURE( 1.000000000000000082E-05 ), #1356, 'distance_accuracy_value', 'NONE');
#4162 = CARTESIAN_POINT ( 'NONE',  ( 0.3100005377250449889, 0.5500002899657370214, 0.1000000000000000056 ) ) ;
#4163 = LINE ( 'NONE', #2381, #5777 ) ;
#4164 = COLOUR_RGB ( '',0.7921568627450980005, 0.8196078431372548767, 0.9333333333333333481 ) ;
#4165 = VECTOR ( 'NONE', #4329, 1000.000000000000000 ) ;
#4166 = LINE ( 'NONE', #5463, #3934 ) ;
#4167 = DIRECTION ( 'NONE',  ( 1.000000000000000000, 0.000000000000000000, -0.000000000000000000 ) ) ;
#4168 = VERTEX_POINT ( 'NONE', #294 ) ;
#4169 = DIRECTION ( 'NONE',  ( 0.000000000000000000, 0.000000000000000000, 1.000000000000000000 ) ) ;
#4170 = VECTOR ( 'NONE', #7472, 1000.000000000000000 ) ;
#4171 = MECHANICAL_DESIGN_GEOMETRIC_PRESENTATION_REPRESENTATION (  '', ( #7274 ), #4680 ) ;
#4172 = DIRECTION ( 'NONE',  ( 1.000000000000000000, 0.000000000000000000, -0.000000000000000000 ) ) ;
#4173 = ORIENTED_EDGE ( 'NONE', *, *, #1107, .F. ) ;
#4174 = LINE ( 'NONE', #2919, #878 ) ;
#4175 = COLOUR_RGB ( '',0.7490196078431372584, 0.7490196078431372584, 0.7490196078431372584 ) ;
#4176 = FILL_AREA_STYLE ('',( #6564 ) ) ;
#4177 = CARTESIAN_POINT ( 'NONE',  ( 1.800000537725050309, 0.2100003008976280006, 0.000000000000000000 ) ) ;
#4178 = CARTESIAN_POINT ( 'NONE',  ( 1.870000537724990197, 0.8600003008975819485, 0.1000000000000000056 ) ) ;
#4179 = ORIENTED_EDGE ( 'NONE', *, *, #5679, .F. ) ;
#4180 = PRESENTATION_LAYER_ASSIGNMENT (  '', '', ( #7162 ) ) ;
#4181 = MECHANICAL_DESIGN_GEOMETRIC_PRESENTATION_REPRESENTATION (  '', ( #2717 ), #3435 ) ;
#4182 = UNCERTAINTY_MEASURE_WITH_UNIT (LENGTH_MEASURE( 1.000000000000000082E-05 ), #5189, 'distance_accuracy_value', 'NONE');
#4183 = EDGE_CURVE ( 'NONE', #4246, #4478, #2011, .T. ) ;
#4184 = SURFACE_STYLE_FILL_AREA ( #4458 ) ;
#4185 = STYLED_ITEM ( 'NONE', ( #948 ), #6097 ) ;
#4186 = LINE ( 'NONE', #501, #1841 ) ;
#4187 = CARTESIAN_POINT ( 'NONE',  ( 2.000000537725100003, 2.961959353342540141E-07, 0.02000000000000000042 ) ) ;
#4188 = CARTESIAN_POINT ( 'NONE',  ( 1.011113246775940055, 0.3100002961958809311, 0.1000000000000000056 ) ) ;
#4189 = VERTEX_POINT ( 'NONE', #4407 ) ;
#4190 = STYLED_ITEM ( 'NONE', ( #430 ), #6294 ) ;
#4191 = EDGE_CURVE ( 'NONE', #2557, #838, #3947, .T. ) ;
#4192 = VECTOR ( 'NONE', #3462, 999.9999999999998863 ) ;
#4193 =( NAMED_UNIT ( * ) SI_UNIT ( $, .STERADIAN. ) SOLID_ANGLE_UNIT ( ) );
#4194 = FILL_AREA_STYLE ('',( #1854 ) ) ;
#4195 = ORIENTED_EDGE ( 'NONE', *, *, #4900, .F. ) ;
#4196 = DIRECTION ( 'NONE',  ( 0.000000000000000000, -0.000000000000000000, -1.000000000000000000 ) ) ;
#4197 = COLOUR_RGB ( '',0.7490196078431372584, 0.7490196078431372584, 0.7490196078431372584 ) ;
#4198 = EDGE_CURVE ( 'NONE', #3801, #6255, #385, .T. ) ;
#4199 = DIRECTION ( 'NONE',  ( 0.000000000000000000, 0.000000000000000000, -1.000000000000000000 ) ) ;
#4200 = PRESENTATION_STYLE_ASSIGNMENT (( #1161 ) ) ;
#4201 = ORIENTED_EDGE ( 'NONE', *, *, #1349, .T. ) ;
#4202 = LINE ( 'NONE', #6099, #1412 ) ;
#4203 = VERTEX_POINT ( 'NONE', #2169 ) ;
#4204 = AXIS2_PLACEMENT_3D ( 'NONE', #3759, #4338, #1525 ) ;
#4205 = VECTOR ( 'NONE', #1172, 1000.000000000000000 ) ;
#4206 = UNCERTAINTY_MEASURE_WITH_UNIT (LENGTH_MEASURE( 1.000000000000000082E-05 ), #4578, 'distance_accuracy_value', 'NONE');
#4207 = DIRECTION ( 'NONE',  ( 0.000000000000000000, -1.000000000000000000, 0.000000000000000000 ) ) ;
#4208 = ORIENTED_EDGE ( 'NONE', *, *, #2172, .F. ) ;
#4209 = DIRECTION ( 'NONE',  ( -1.000000000000000000, -5.551115775613539858E-15, 0.000000000000000000 ) ) ;
#4210 = COLOUR_RGB ( '',0.7490196078431372584, 0.7490196078431372584, 0.7490196078431372584 ) ;
#4211 =( NAMED_UNIT ( * ) SI_UNIT ( $, .STERADIAN. ) SOLID_ANGLE_UNIT ( ) );
#4212 = CARTESIAN_POINT ( 'NONE',  ( 0.3000005377251452332, 1.690000291494129669, 0.000000000000000000 ) ) ;
#4213 = VERTEX_POINT ( 'NONE', #5664 ) ;
#4214 = STYLED_ITEM ( 'NONE', ( #3166 ), #4431 ) ;
#4215 = SURFACE_STYLE_FILL_AREA ( #3038 ) ;
#4216 = SURFACE_SIDE_STYLE ('',( #5399 ) ) ;
#4217 = UNCERTAINTY_MEASURE_WITH_UNIT (LENGTH_MEASURE( 1.000000000000000082E-05 ), #4750, 'distance_accuracy_value', 'NONE');
#4219 = VERTEX_POINT ( 'NONE', #2663 ) ;
#4218 =( LENGTH_UNIT ( ) NAMED_UNIT ( * ) SI_UNIT ( .MILLI., .METRE. ) );
#4220 = STYLED_ITEM ( 'NONE', ( #6913 ), #2635 ) ;
#4221 = VERTEX_POINT ( 'NONE', #4488 ) ;
#4222 = EDGE_CURVE ( 'NONE', #6603, #5846, #339, .T. ) ;
#4223 = PLANE ( 'NONE',  #4135 ) ;
#4224 =( GEOMETRIC_REPRESENTATION_CONTEXT ( 3 ) GLOBAL_UNCERTAINTY_ASSIGNED_CONTEXT ( ( #6120 ) ) GLOBAL_UNIT_ASSIGNED_CONTEXT ( ( #4539, #2791, #1636 ) ) REPRESENTATION_CONTEXT ( 'NONE', 'WORKASPACE' ) );
#4225 = FILL_AREA_STYLE ('',( #4151 ) ) ;
#4226 = PRESENTATION_LAYER_ASSIGNMENT (  '', '', ( #7581 ) ) ;
#4227 = DIRECTION ( 'NONE',  ( -1.000000000000000000, -0.000000000000000000, 0.000000000000000000 ) ) ;
#4228 = MECHANICAL_DESIGN_GEOMETRIC_PRESENTATION_REPRESENTATION (  '', ( #405 ), #772 ) ;
#4229 = DIRECTION ( 'NONE',  ( 1.000000000000000000, 0.000000000000000000, -0.000000000000000000 ) ) ;
#4230 =( NAMED_UNIT ( * ) PLANE_ANGLE_UNIT ( ) SI_UNIT ( $, .RADIAN. ) );
#4231 = UNCERTAINTY_MEASURE_WITH_UNIT (LENGTH_MEASURE( 1.000000000000000082E-05 ), #3387, 'distance_accuracy_value', 'NONE');
#4232 = CARTESIAN_POINT ( 'NONE',  ( 2.000000537725100003, 2.000000296195940219, 0.7500000000000000000 ) ) ;
#4233 = VECTOR ( 'NONE', #2609, 1000.000000000000000 ) ;
#4234 = ORIENTED_EDGE ( 'NONE', *, *, #6201, .T. ) ;
#4235 = ADVANCED_FACE ( 'NONE', ( #998 ), #2584, .T. ) ;
#4236 = LINE ( 'NONE', #6617, #6575 ) ;
#4237 = UNCERTAINTY_MEASURE_WITH_UNIT (LENGTH_MEASURE( 1.000000000000000082E-05 ), #3745, 'distance_accuracy_value', 'NONE');
#4238 = PLANE ( 'NONE',  #4684 ) ;
#4239 = SURFACE_STYLE_FILL_AREA ( #4959 ) ;
#4240 =( NAMED_UNIT ( * ) SI_UNIT ( $, .STERADIAN. ) SOLID_ANGLE_UNIT ( ) );
#4241 = PRESENTATION_STYLE_ASSIGNMENT (( #680 ) ) ;
#4242 = EDGE_LOOP ( 'NONE', ( #5852, #3284, #3744, #2777 ) ) ;
#4243 = ADVANCED_FACE ( 'NONE', ( #1552 ), #5272, .T. ) ;
#4244 = PRESENTATION_LAYER_ASSIGNMENT (  '', '', ( #6373 ) ) ;
#4245 =( LENGTH_UNIT ( ) NAMED_UNIT ( * ) SI_UNIT ( .MILLI., .METRE. ) );
#4246 = VERTEX_POINT ( 'NONE', #412 ) ;
#4247 = CARTESIAN_POINT ( 'NONE',  ( 1.400000537725190064, 1.850000296195840166, 0.1000000000000000056 ) ) ;
#4248 = SURFACE_STYLE_USAGE ( .BOTH. , #224 ) ;
#4249 = MECHANICAL_DESIGN_GEOMETRIC_PRESENTATION_REPRESENTATION (  '', ( #3032 ), #2518 ) ;
#4250 = PRESENTATION_STYLE_ASSIGNMENT (( #2591 ) ) ;
#4251 = SURFACE_STYLE_FILL_AREA ( #2115 ) ;
#4252 = CARTESIAN_POINT ( 'NONE',  ( 1.870000537724990197, 0.5500002899657370214, 0.2030000000000000415 ) ) ;
#4253 = MECHANICAL_DESIGN_GEOMETRIC_PRESENTATION_REPRESENTATION (  '', ( #419 ), #6748 ) ;
#4254 = PRESENTATION_STYLE_ASSIGNMENT (( #3030 ) ) ;
#4255 = AXIS2_PLACEMENT_3D ( 'NONE', #3847, #7457, #3918 ) ;
#4256 = LINE ( 'NONE', #2597, #170 ) ;
#4257 = ORIENTED_EDGE ( 'NONE', *, *, #5344, .F. ) ;
#4258 = UNCERTAINTY_MEASURE_WITH_UNIT (LENGTH_MEASURE( 1.000000000000000082E-05 ), #3772, 'distance_accuracy_value', 'NONE');
#4259 = ORIENTED_EDGE ( 'NONE', *, *, #6752, .F. ) ;
#4260 = EDGE_CURVE ( 'NONE', #3245, #6567, #4056, .T. ) ;
#4261 = VERTEX_POINT ( 'NONE', #6513 ) ;
#4262 = PLANE ( 'NONE',  #6009 ) ;
#4263 =( LENGTH_UNIT ( ) NAMED_UNIT ( * ) SI_UNIT ( .MILLI., .METRE. ) );
#4264 = EDGE_CURVE ( 'NONE', #3444, #7492, #5234, .T. ) ;
#4265 = MECHANICAL_DESIGN_GEOMETRIC_PRESENTATION_REPRESENTATION (  '', ( #4654 ), #4792 ) ;
#4266 = DIRECTION ( 'NONE',  ( 0.000000000000000000, 0.000000000000000000, 1.000000000000000000 ) ) ;
#4267 = ORIENTED_EDGE ( 'NONE', *, *, #4759, .F. ) ;
#4268 = AXIS2_PLACEMENT_3D ( 'NONE', #6619, #755, #4909 ) ;
#4269 = FILL_AREA_STYLE_COLOUR ( '', #7483 ) ;
#4270 = PLANE ( 'NONE',  #1720 ) ;
#4271 = VECTOR ( 'NONE', #4129, 1000.000000000000000 ) ;
#4272 = EDGE_CURVE ( 'NONE', #153, #7087, #2310, .T. ) ;
#4273 =( NAMED_UNIT ( * ) PLANE_ANGLE_UNIT ( ) SI_UNIT ( $, .RADIAN. ) );
#4274 = DIRECTION ( 'NONE',  ( 0.000000000000000000, -0.000000000000000000, -1.000000000000000000 ) ) ;
#4275 = PRESENTATION_LAYER_ASSIGNMENT (  '', '', ( #1447 ) ) ;
#4276 = PLANE ( 'NONE',  #84 ) ;
#4277 = DIRECTION ( 'NONE',  ( -1.000000000000000000, 0.000000000000000000, 0.000000000000000000 ) ) ;
#4278 = DIRECTION ( 'NONE',  ( 0.000000000000000000, -1.000000000000000000, 0.000000000000000000 ) ) ;
#4279 = VECTOR ( 'NONE', #1261, 1000.000000000000000 ) ;
#4280 = ORIENTED_EDGE ( 'NONE', *, *, #6718, .F. ) ;
#4281 = DIRECTION ( 'NONE',  ( -1.000000000000000000, -0.000000000000000000, 0.000000000000000000 ) ) ;
#4282 = EDGE_CURVE ( 'NONE', #711, #3654, #1662, .T. ) ;
#4283 = COLOUR_RGB ( '',0.7490196078431372584, 0.7490196078431372584, 0.7490196078431372584 ) ;
#4284 = MECHANICAL_DESIGN_GEOMETRIC_PRESENTATION_REPRESENTATION (  '', ( #2948 ), #3560 ) ;
#4285 = CARTESIAN_POINT ( 'NONE',  ( 2.000000537725100003, 0.2900002961956720249, 0.1000000000000000056 ) ) ;
#4286 = ORIENTED_EDGE ( 'NONE', *, *, #2988, .T. ) ;
#4287 = FILL_AREA_STYLE_COLOUR ( '', #5121 ) ;
#4288 =( LENGTH_UNIT ( ) NAMED_UNIT ( * ) SI_UNIT ( .MILLI., .METRE. ) );
#4289 = PLANE ( 'NONE',  #2400 ) ;
#4290 = COLOUR_RGB ( '',0.7490196078431372584, 0.7490196078431372584, 0.7490196078431372584 ) ;
#4291 = ORIENTED_EDGE ( 'NONE', *, *, #6614, .T. ) ;
#4292 = VECTOR ( 'NONE', #7549, 1000.000000000000000 ) ;
#4293 =( NAMED_UNIT ( * ) SI_UNIT ( $, .STERADIAN. ) SOLID_ANGLE_UNIT ( ) );
#4294 = AXIS2_PLACEMENT_3D ( 'NONE', #6208, #4397, #7433 ) ;
#4296 = EDGE_LOOP ( 'NONE', ( #5795, #6693, #7136, #5470 ) ) ;
#4295 = CARTESIAN_POINT ( 'NONE',  ( 2.000000537725100003, 2.000000296195940219, 0.02000000000000000042 ) ) ;
#4297 =( NAMED_UNIT ( * ) SI_UNIT ( $, .STERADIAN. ) SOLID_ANGLE_UNIT ( ) );
#4298 = DIRECTION ( 'NONE',  ( 0.000000000000000000, 0.000000000000000000, 1.000000000000000000 ) ) ;
#4299 =( GEOMETRIC_REPRESENTATION_CONTEXT ( 3 ) GLOBAL_UNCERTAINTY_ASSIGNED_CONTEXT ( ( #6733 ) ) GLOBAL_UNIT_ASSIGNED_CONTEXT ( ( #6892, #984, #3850 ) ) REPRESENTATION_CONTEXT ( 'NONE', 'WORKASPACE' ) );
#4300 = EDGE_LOOP ( 'NONE', ( #6974, #5729, #695, #6116 ) ) ;
#4301 = COLOUR_RGB ( '',0.7490196078431372584, 0.7490196078431372584, 0.7490196078431372584 ) ;
#4302 = STYLED_ITEM ( 'NONE', ( #2070 ), #6153 ) ;
#4303 = LINE ( 'NONE', #3700, #586 ) ;
#4304 = ADVANCED_FACE ( 'NONE', ( #6397 ), #1067, .T. ) ;
#4305 = CARTESIAN_POINT ( 'NONE',  ( 0.3100005377250449889, 0.8000003025424580194, 0.2030000000000000415 ) ) ;
#4306 = CARTESIAN_POINT ( 'NONE',  ( 0.1300005377252090033, 0.4900002914941979926, 0.1000000000000000056 ) ) ;
#4307 = UNCERTAINTY_MEASURE_WITH_UNIT (LENGTH_MEASURE( 1.000000000000000082E-05 ), #4105, 'distance_accuracy_value', 'NONE');
#4308 =( NAMED_UNIT ( * ) SI_UNIT ( $, .STERADIAN. ) SOLID_ANGLE_UNIT ( ) );
#4309 = VECTOR ( 'NONE', #1764, 1000.000000000000000 ) ;
#4310 = VECTOR ( 'NONE', #5500, 1000.000000000000000 ) ;
#4311 = FACE_OUTER_BOUND ( 'NONE', #6140, .T. ) ;
#4312 = CARTESIAN_POINT ( 'NONE',  ( 1.870000537724990197, 0.8000003025424580194, 0.1000000000000000056 ) ) ;
#4313 = ORIENTED_EDGE ( 'NONE', *, *, #7469, .T. ) ;
#4314 =( LENGTH_UNIT ( ) NAMED_UNIT ( * ) SI_UNIT ( .MILLI., .METRE. ) );
#4315 = SURFACE_STYLE_FILL_AREA ( #4911 ) ;
#4316 = ADVANCED_FACE ( 'NONE', ( #2209 ), #4567, .T. ) ;
#4317 = CARTESIAN_POINT ( 'NONE',  ( 1.870000537724990197, 1.450000302542429953, 0.1000000000000000056 ) ) ;
#4318 = CARTESIAN_POINT ( 'NONE',  ( 1.870000537724990197, 1.790000291494149964, 0.1000000000000000056 ) ) ;
#4319 = ORIENTED_EDGE ( 'NONE', *, *, #4115, .F. ) ;
#4320 = CARTESIAN_POINT ( 'NONE',  ( 1.700000537725050220, 0.9600003008974909990, 0.000000000000000000 ) ) ;
#4321 = LINE ( 'NONE', #3751, #3007 ) ;
#4322 = ORIENTED_EDGE ( 'NONE', *, *, #2722, .F. ) ;
#4323 = COLOUR_RGB ( '',0.7490196078431372584, 0.7490196078431372584, 0.7490196078431372584 ) ;
#4324 = CARTESIAN_POINT ( 'NONE',  ( 0.1300005377252090033, 1.000000296246740028, 0.2030000000000000415 ) ) ;
#4325 = DIRECTION ( 'NONE',  ( 0.000000000000000000, 0.000000000000000000, 1.000000000000000000 ) ) ;
#4326 = ORIENTED_EDGE ( 'NONE', *, *, #7590, .T. ) ;
#4327 = EDGE_CURVE ( 'NONE', #4710, #7126, #5490, .T. ) ;
#4328 = CARTESIAN_POINT ( 'NONE',  ( 0.7100005377251360494, 1.490000296195830076, 0.000000000000000000 ) ) ;
#4329 = DIRECTION ( 'NONE',  ( -0.000000000000000000, 1.000000000000000000, 0.000000000000000000 ) ) ;
#4330 = FACE_OUTER_BOUND ( 'NONE', #175, .T. ) ;
#4331 = COLOUR_RGB ( '',0.7490196078431372584, 0.7490196078431372584, 0.7490196078431372584 ) ;
#4332 = VECTOR ( 'NONE', #1577, 1000.000000000000000 ) ;
#4333 =( LENGTH_UNIT ( ) NAMED_UNIT ( * ) SI_UNIT ( .MILLI., .METRE. ) );
#4334 = PLANE ( 'NONE',  #1498 ) ;
#4335 = SURFACE_STYLE_FILL_AREA ( #1436 ) ;
#4336 = ORIENTED_EDGE ( 'NONE', *, *, #2208, .F. ) ;
#4337 = PRESENTATION_STYLE_ASSIGNMENT (( #6798 ) ) ;
#4338 = DIRECTION ( 'NONE',  ( 0.000000000000000000, 0.000000000000000000, 1.000000000000000000 ) ) ;
#4339 = EDGE_CURVE ( 'NONE', #26, #5958, #6548, .T. ) ;
#4340 = STYLED_ITEM ( 'NONE', ( #3498 ), #7520 ) ;
#4341 =( NAMED_UNIT ( * ) SI_UNIT ( $, .STERADIAN. ) SOLID_ANGLE_UNIT ( ) );
#4342 = ORIENTED_EDGE ( 'NONE', *, *, #6870, .F. ) ;
#4343 = STYLED_ITEM ( 'NONE', ( #2628 ), #7571 ) ;
#4344 = LINE ( 'NONE', #3241, #3926 ) ;
#4345 = PLANE ( 'NONE',  #901 ) ;
#4346 = DIRECTION ( 'NONE',  ( 0.000000000000000000, -0.000000000000000000, -1.000000000000000000 ) ) ;
#4347 = EDGE_LOOP ( 'NONE', ( #753, #216, #5858, #3866 ) ) ;
#4348 = ADVANCED_FACE ( 'NONE', ( #5979 ), #44, .T. ) ;
#4349 = LINE ( 'NONE', #2031, #2689 ) ;
#4350 = LINE ( 'NONE', #1992, #1483 ) ;
#4351 = PLANE ( 'NONE',  #2056 ) ;
#4352 = CARTESIAN_POINT ( 'NONE',  ( 0.6000005377252359828, 1.850000296195840166, 0.1000000000000000056 ) ) ;
#4353 = ORIENTED_EDGE ( 'NONE', *, *, #5289, .F. ) ;
#4354 = CARTESIAN_POINT ( 'NONE',  ( 0.7100005377251360494, 0.9765644598023180967, 0.1000000000000000056 ) ) ;
#4355 = MECHANICAL_DESIGN_GEOMETRIC_PRESENTATION_REPRESENTATION (  '', ( #1262 ), #5238 ) ;
#4356 = DIRECTION ( 'NONE',  ( -0.000000000000000000, -1.000000000000000000, 0.000000000000000000 ) ) ;
#4357 = FILL_AREA_STYLE_COLOUR ( '', #6065 ) ;
#4358 = CARTESIAN_POINT ( 'NONE',  ( 1.870000537724990197, 0.8600003008975819485, 0.1000000000000000056 ) ) ;
#4359 = SURFACE_STYLE_USAGE ( .BOTH. , #2772 ) ;
#4360 = EDGE_LOOP ( 'NONE', ( #2429, #4700, #1473, #4029 ) ) ;
#4361 = DIRECTION ( 'NONE',  ( 1.000000000000000000, 0.000000000000000000, -0.000000000000000000 ) ) ;
#4362 = VERTEX_POINT ( 'NONE', #2377 ) ;
#4363 = EDGE_CURVE ( 'NONE', #2939, #4718, #7155, .T. ) ;
#4364 = CARTESIAN_POINT ( 'NONE',  ( 5.377251000027170150E-07, 2.000000296195940219, 0.7500000000000000000 ) ) ;
#4365 = SURFACE_STYLE_USAGE ( .BOTH. , #3265 ) ;
#4366 = ORIENTED_EDGE ( 'NONE', *, *, #4584, .T. ) ;
#4367 = CARTESIAN_POINT ( 'NONE',  ( 5.377250999073074356E-07, 1.000000296195939997, 0.02000000000000000042 ) ) ;
#4368 =( GEOMETRIC_REPRESENTATION_CONTEXT ( 3 ) GLOBAL_UNCERTAINTY_ASSIGNED_CONTEXT ( ( #5116 ) ) GLOBAL_UNIT_ASSIGNED_CONTEXT ( ( #7538, #5924, #7574 ) ) REPRESENTATION_CONTEXT ( 'NONE', 'WORKASPACE' ) );
#4369 = LINE ( 'NONE', #6747, #4165 ) ;
#4370 = DIRECTION ( 'NONE',  ( 0.000000000000000000, 0.000000000000000000, -1.000000000000000000 ) ) ;
#4371 = DIRECTION ( 'NONE',  ( 0.000000000000000000, -0.000000000000000000, -1.000000000000000000 ) ) ;
#4372 = EDGE_CURVE ( 'NONE', #4524, #6607, #1298, .T. ) ;
#4373 = ORIENTED_EDGE ( 'NONE', *, *, #5659, .T. ) ;
#4374 = FILL_AREA_STYLE ('',( #7324 ) ) ;
#4375 = ORIENTED_EDGE ( 'NONE', *, *, #3102, .T. ) ;
#4376 = MECHANICAL_DESIGN_GEOMETRIC_PRESENTATION_REPRESENTATION (  '', ( #6373 ), #6872 ) ;
#4377 = ADVANCED_FACE ( 'NONE', ( #4158 ), #3094, .T. ) ;
#4378 = SURFACE_STYLE_USAGE ( .BOTH. , #3240 ) ;
#4379 = CARTESIAN_POINT ( 'NONE',  ( 0.3100005377250449889, 1.450000302542429953, 0.1000000000000000056 ) ) ;
#4380 = SURFACE_STYLE_FILL_AREA ( #4424 ) ;
#4381 = ORIENTED_EDGE ( 'NONE', *, *, #5528, .F. ) ;
#4382 = VECTOR ( 'NONE', #4631, 1000.000000000000000 ) ;
#4383 = PRESENTATION_STYLE_ASSIGNMENT (( #6764 ) ) ;
#4384 = VERTEX_POINT ( 'NONE', #2737 ) ;
#4385 = FILL_AREA_STYLE_COLOUR ( '', #7222 ) ;
#4386 = PRESENTATION_LAYER_ASSIGNMENT (  '', '', ( #4139 ) ) ;
#4387 = CARTESIAN_POINT ( 'NONE',  ( 1.890000537725309959, 0.2100003008976049912, 0.1000000000000000056 ) ) ;
#4388 = EDGE_CURVE ( 'NONE', #6607, #4852, #1504, .T. ) ;
#4389 = CARTESIAN_POINT ( 'NONE',  ( 0.03000054242693301829, 1.590000296195630103, 0.1000000000000000056 ) ) ;
#4390 = CARTESIAN_POINT ( 'NONE',  ( 0.03000054242693269910, 0.4100002961956760728, 0.1000000000000000056 ) ) ;
#4391 = DIRECTION ( 'NONE',  ( -0.000000000000000000, -1.000000000000000000, 0.000000000000000000 ) ) ;
#4392 = CARTESIAN_POINT ( 'NONE',  ( 5.377251000070538237E-07, 1.140000291494191798, 0.1000000000000000056 ) ) ;
#4393 = UNCERTAINTY_MEASURE_WITH_UNIT (LENGTH_MEASURE( 1.000000000000000082E-05 ), #398, 'distance_accuracy_value', 'NONE');
#4394 = CARTESIAN_POINT ( 'NONE',  ( 1.700000537725049998, 0.3900002914941749776, 0.1000000000000000056 ) ) ;
#4395 =( GEOMETRIC_REPRESENTATION_CONTEXT ( 3 ) GLOBAL_UNCERTAINTY_ASSIGNED_CONTEXT ( ( #3555 ) ) GLOBAL_UNIT_ASSIGNED_CONTEXT ( ( #992, #5733, #5083 ) ) REPRESENTATION_CONTEXT ( 'NONE', 'WORKASPACE' ) );
#4396 = ORIENTED_EDGE ( 'NONE', *, *, #3818, .F. ) ;
#4397 = DIRECTION ( 'NONE',  ( 0.000000000000000000, 0.000000000000000000, 1.000000000000000000 ) ) ;
#4398 = STYLED_ITEM ( 'NONE', ( #5524 ), #1617 ) ;
#4399 = CARTESIAN_POINT ( 'NONE',  ( 5.377251000027170150E-07, 0.2900002961956720249, 0.1000000000000000056 ) ) ;
#4400 = LINE ( 'NONE', #4446, #2544 ) ;
#4401 = SURFACE_STYLE_FILL_AREA ( #3938 ) ;
#4402 = EDGE_LOOP ( 'NONE', ( #1379, #1445, #72, #62 ) ) ;
#4403 = ORIENTED_EDGE ( 'NONE', *, *, #6568, .F. ) ;
#4404 = AXIS2_PLACEMENT_3D ( 'NONE', #5254, #5886, #6996 ) ;
#4405 = CARTESIAN_POINT ( 'NONE',  ( 0.1300005377252090033, 1.850000289965689992, 0.1000000000000000056 ) ) ;
#4406 = EDGE_LOOP ( 'NONE', ( #1408, #1063, #5871, #4449 ) ) ;
#4407 = CARTESIAN_POINT ( 'NONE',  ( 0.1100005377252270128, 1.790000291494149964, 0.1000000000000000056 ) ) ;
#4408 = EDGE_CURVE ( 'NONE', #4619, #3220, #1421, .T. ) ;
#4409 = PRESENTATION_LAYER_ASSIGNMENT (  '', '', ( #3672 ) ) ;
#4410 =( NAMED_UNIT ( * ) PLANE_ANGLE_UNIT ( ) SI_UNIT ( $, .RADIAN. ) );
#4411 = DIRECTION ( 'NONE',  ( -0.000000000000000000, 0.000000000000000000, -1.000000000000000000 ) ) ;
#4412 = PRESENTATION_LAYER_ASSIGNMENT (  '', '', ( #3189 ) ) ;
#4413 = CARTESIAN_POINT ( 'NONE',  ( 1.800000537725050309, 1.510000300897579972, 0.000000000000000000 ) ) ;
#4414 = CARTESIAN_POINT ( 'NONE',  ( 0.1300005377252090033, 1.140000291494180029, 0.1000000000000000056 ) ) ;
#4415 = SURFACE_SIDE_STYLE ('',( #1562 ) ) ;
#4416 = DIRECTION ( 'NONE',  ( -1.000000000000000000, 0.000000000000000000, 0.000000000000000000 ) ) ;
#4417 = COLOUR_RGB ( '',0.7490196078431372584, 0.7490196078431372584, 0.7490196078431372584 ) ;
#4418 = ORIENTED_EDGE ( 'NONE', *, *, #2255, .T. ) ;
#4419 = CARTESIAN_POINT ( 'NONE',  ( 0.1300005377252090033, 1.510000300897559988, 0.1000000000000000056 ) ) ;
#4420 = PRESENTATION_LAYER_ASSIGNMENT (  '', '', ( #953 ) ) ;
#4421 = PRESENTATION_LAYER_ASSIGNMENT (  '', '', ( #1583 ) ) ;
#4422 = PRESENTATION_LAYER_ASSIGNMENT (  '', '', ( #6174 ) ) ;
#4423 = VECTOR ( 'NONE', #5503, 1000.000000000000114 ) ;
#4424 = FILL_AREA_STYLE ('',( #5055 ) ) ;
#4425 = VERTEX_POINT ( 'NONE', #787 ) ;
#4426 = MECHANICAL_DESIGN_GEOMETRIC_PRESENTATION_REPRESENTATION (  '', ( #7402 ), #2212 ) ;
#4427 = VECTOR ( 'NONE', #6809, 1000.000000000000000 ) ;
#4428 = AXIS2_PLACEMENT_3D ( 'NONE', #4453, #6293, #5090 ) ;
#4429 = ORIENTED_EDGE ( 'NONE', *, *, #241, .T. ) ;
#4430 = CARTESIAN_POINT ( 'NONE',  ( 5.377251000027170150E-07, 1.060000296195650060, 0.1000000000000000056 ) ) ;
#4431 = ADVANCED_FACE ( 'NONE', ( #2001 ), #3895, .T. ) ;
#4432 = CARTESIAN_POINT ( 'NONE',  ( 1.870000537724990197, 0.8000003025424580194, 0.2030000000000000415 ) ) ;
#4433 = VECTOR ( 'NONE', #2380, 1000.000000000000000 ) ;
#4434 = CIRCLE ( 'NONE', #5429, 0.1000000000000000472 ) ;
#4435 = DIRECTION ( 'NONE',  ( 0.000000000000000000, -0.000000000000000000, -1.000000000000000000 ) ) ;
#4436 = DIRECTION ( 'NONE',  ( -0.000000000000000000, -0.000000000000000000, -1.000000000000000000 ) ) ;
#4437 = LINE ( 'NONE', #1457, #183 ) ;
#4438 = LINE ( 'NONE', #2694, #1878 ) ;
#4439 = ORIENTED_EDGE ( 'NONE', *, *, #5647, .F. ) ;
#4440 = MECHANICAL_DESIGN_GEOMETRIC_PRESENTATION_REPRESENTATION (  '', ( #4185 ), #6557 ) ;
#4441 = COLOUR_RGB ( '',0.7490196078431372584, 0.7490196078431372584, 0.7490196078431372584 ) ;
#4442 = ADVANCED_FACE ( 'NONE', ( #2573 ), #3292, .T. ) ;
#4443 = PRESENTATION_STYLE_ASSIGNMENT (( #2081 ) ) ;
#4444 =( GEOMETRIC_REPRESENTATION_CONTEXT ( 3 ) GLOBAL_UNCERTAINTY_ASSIGNED_CONTEXT ( ( #340 ) ) GLOBAL_UNIT_ASSIGNED_CONTEXT ( ( #5963, #4661, #7033 ) ) REPRESENTATION_CONTEXT ( 'NONE', 'WORKASPACE' ) );
#4445 = DIRECTION ( 'NONE',  ( -0.000000000000000000, 0.000000000000000000, -1.000000000000000000 ) ) ;
#4446 = CARTESIAN_POINT ( 'NONE',  ( 0.1266793578704640266, 0.8600003008975819485, 0.000000000000000000 ) ) ;
#4447 = DIRECTION ( 'NONE',  ( 0.000000000000000000, -0.000000000000000000, -1.000000000000000000 ) ) ;
#4448 = ORIENTED_EDGE ( 'NONE', *, *, #7002, .T. ) ;
#4449 = ORIENTED_EDGE ( 'NONE', *, *, #1521, .F. ) ;
#4450 = LINE ( 'NONE', #5624, #6206 ) ;
#4451 = PLANE ( 'NONE',  #2393 ) ;
#4452 = ORIENTED_EDGE ( 'NONE', *, *, #310, .T. ) ;
#4453 = CARTESIAN_POINT ( 'NONE',  ( 1.800000537725050309, 1.690000291494129891, 0.000000000000000000 ) ) ;
#4454 = VECTOR ( 'NONE', #29, 1000.000000000000000 ) ;
#4455 = PRESENTATION_LAYER_ASSIGNMENT (  '', '', ( #102 ) ) ;
#4456 = UNCERTAINTY_MEASURE_WITH_UNIT (LENGTH_MEASURE( 1.000000000000000082E-05 ), #1422, 'distance_accuracy_value', 'NONE');
#4457 = DIRECTION ( 'NONE',  ( 0.000000000000000000, -0.000000000000000000, 1.000000000000000000 ) ) ;
#4458 = FILL_AREA_STYLE ('',( #295 ) ) ;
#4459 = FILL_AREA_STYLE ('',( #2053 ) ) ;
#4460 = COLOUR_RGB ( '',0.7490196078431372584, 0.7490196078431372584, 0.7490196078431372584 ) ;
#4461 = FILL_AREA_STYLE_COLOUR ( '', #1066 ) ;
#4462 = ORIENTED_EDGE ( 'NONE', *, *, #5885, .T. ) ;
#4463 = PRESENTATION_STYLE_ASSIGNMENT (( #7325 ) ) ;
#4464 = FACE_OUTER_BOUND ( 'NONE', #4300, .T. ) ;
#4465 = FILL_AREA_STYLE_COLOUR ( '', #5196 ) ;
#4466 = ORIENTED_EDGE ( 'NONE', *, *, #3293, .F. ) ;
#4467 = ORIENTED_EDGE ( 'NONE', *, *, #2485, .T. ) ;
#4468 = SURFACE_SIDE_STYLE ('',( #7419 ) ) ;
#4469 =( GEOMETRIC_REPRESENTATION_CONTEXT ( 3 ) GLOBAL_UNCERTAINTY_ASSIGNED_CONTEXT ( ( #1033 ) ) GLOBAL_UNIT_ASSIGNED_CONTEXT ( ( #2530, #905, #4949 ) ) REPRESENTATION_CONTEXT ( 'NONE', 'WORKASPACE' ) );
#4470 = ORIENTED_EDGE ( 'NONE', *, *, #6882, .T. ) ;
#4471 = CARTESIAN_POINT ( 'NONE',  ( 1.400000537725190064, 0.1500002961959130132, 0.1000000000000000056 ) ) ;
#4472 =( NAMED_UNIT ( * ) SI_UNIT ( $, .STERADIAN. ) SOLID_ANGLE_UNIT ( ) );
#4473 = EDGE_CURVE ( 'NONE', #3353, #3762, #6390, .T. ) ;
#4474 = FACE_OUTER_BOUND ( 'NONE', #5614, .T. ) ;
#4475 = DIRECTION ( 'NONE',  ( -1.000000000000000000, 3.700743516871580010E-15, 0.000000000000000000 ) ) ;
#4476 = UNCERTAINTY_MEASURE_WITH_UNIT (LENGTH_MEASURE( 1.000000000000000082E-05 ), #1652, 'distance_accuracy_value', 'NONE');
#4477 = MECHANICAL_DESIGN_GEOMETRIC_PRESENTATION_REPRESENTATION (  '', ( #1757 ), #4740 ) ;
#4478 = VERTEX_POINT ( 'NONE', #2850 ) ;
#4479 = PRESENTATION_LAYER_ASSIGNMENT (  '', '', ( #3492 ) ) ;
#4480 =( LENGTH_UNIT ( ) NAMED_UNIT ( * ) SI_UNIT ( .MILLI., .METRE. ) );
#4481 = DIRECTION ( 'NONE',  ( 1.000000000000000000, 0.000000000000000000, -0.000000000000000000 ) ) ;
#4482 = EDGE_CURVE ( 'NONE', #2252, #4868, #3933, .T. ) ;
#4483 = FILL_AREA_STYLE ('',( #5033 ) ) ;
#4484 = CARTESIAN_POINT ( 'NONE',  ( 1.000000537725110217, 2.000000296195940219, 0.2030000000000000415 ) ) ;
#4485 = ORIENTED_EDGE ( 'NONE', *, *, #1553, .T. ) ;
#4486 = LINE ( 'NONE', #7584, #4834 ) ;
#4487 = EDGE_LOOP ( 'NONE', ( #581, #2960, #2478, #3464 ) ) ;
#4488 = CARTESIAN_POINT ( 'NONE',  ( 2.000000537725100003, 0.4900002914941979926, 0.1000000000000000056 ) ) ;
#4489 = FILL_AREA_STYLE_COLOUR ( '', #5807 ) ;
#4490 = LINE ( 'NONE', #2817, #2712 ) ;
#4491 =( GEOMETRIC_REPRESENTATION_CONTEXT ( 3 ) GLOBAL_UNCERTAINTY_ASSIGNED_CONTEXT ( ( #371 ) ) GLOBAL_UNIT_ASSIGNED_CONTEXT ( ( #7608, #3431, #3504 ) ) REPRESENTATION_CONTEXT ( 'NONE', 'WORKASPACE' ) );
#4492 = FILL_AREA_STYLE_COLOUR ( '', #6421 ) ;
#4493 = EDGE_CURVE ( 'NONE', #6860, #378, #4596, .T. ) ;
#4494 = SURFACE_STYLE_FILL_AREA ( #3271 ) ;
#4495 =( NAMED_UNIT ( * ) SI_UNIT ( $, .STERADIAN. ) SOLID_ANGLE_UNIT ( ) );
#4496 =( LENGTH_UNIT ( ) NAMED_UNIT ( * ) SI_UNIT ( .MILLI., .METRE. ) );
#4497 = ORIENTED_EDGE ( 'NONE', *, *, #7431, .F. ) ;
#4498 = PLANE ( 'NONE',  #4642 ) ;
#4499 = CARTESIAN_POINT ( 'NONE',  ( 5.377251000027170150E-07, 1.710000296195629987, 0.1000000000000000056 ) ) ;
#4500 = AXIS2_PLACEMENT_3D ( 'NONE', #5848, #7037, #4514 ) ;
#4501 = CARTESIAN_POINT ( 'NONE',  ( 2.000000537725100003, 1.790000291494149964, 0.000000000000000000 ) ) ;
#4502 = DIRECTION ( 'NONE',  ( -0.000000000000000000, 1.000000000000000000, 0.000000000000000000 ) ) ;
#4503 =( GEOMETRIC_REPRESENTATION_CONTEXT ( 3 ) GLOBAL_UNCERTAINTY_ASSIGNED_CONTEXT ( ( #5485 ) ) GLOBAL_UNIT_ASSIGNED_CONTEXT ( ( #4969, #3228, #181 ) ) REPRESENTATION_CONTEXT ( 'NONE', 'WORKASPACE' ) );
#4504 =( NAMED_UNIT ( * ) PLANE_ANGLE_UNIT ( ) SI_UNIT ( $, .RADIAN. ) );
#4505 = PRESENTATION_STYLE_ASSIGNMENT (( #1491 ) ) ;
#4506 = ORIENTED_EDGE ( 'NONE', *, *, #2068, .T. ) ;
#4507 =( NAMED_UNIT ( * ) SI_UNIT ( $, .STERADIAN. ) SOLID_ANGLE_UNIT ( ) );
#4508 = CARTESIAN_POINT ( 'NONE',  ( 1.870000537724990197, 0.8000003025424580194, 0.1000000000000000056 ) ) ;
#4509 = VECTOR ( 'NONE', #1899, 1000.000000000000000 ) ;
#4510 = CARTESIAN_POINT ( 'NONE',  ( 1.970000533023269940, 0.2900002961956720249, 0.1000000000000000056 ) ) ;
#4511 = FACE_OUTER_BOUND ( 'NONE', #1775, .T. ) ;
#4512 = CARTESIAN_POINT ( 'NONE',  ( 0.7150011077279719851, 0.7025008911961240221, 0.2283999999999999919 ) ) ;
#4513 = CARTESIAN_POINT ( 'NONE',  ( 0.7150011077279719851, 0.7025008911961240221, 0.4062000000000000055 ) ) ;
#4514 = DIRECTION ( 'NONE',  ( 1.000000000000000000, 0.000000000000000000, -0.000000000000000000 ) ) ;
#4515 = CARTESIAN_POINT ( 'NONE',  ( 0.1100005377252279981, 0.4900002914941979926, 0.1000000000000000056 ) ) ;
#4516 = SURFACE_STYLE_USAGE ( .BOTH. , #278 ) ;
#4517 = FILL_AREA_STYLE_COLOUR ( '', #7559 ) ;
#4518 = VERTEX_POINT ( 'NONE', #5226 ) ;
#4519 = AXIS2_PLACEMENT_3D ( 'NONE', #3982, #5861, #483 ) ;
#4520 =( GEOMETRIC_REPRESENTATION_CONTEXT ( 3 ) GLOBAL_UNCERTAINTY_ASSIGNED_CONTEXT ( ( #4393 ) ) GLOBAL_UNIT_ASSIGNED_CONTEXT ( ( #398, #6963, #6276 ) ) REPRESENTATION_CONTEXT ( 'NONE', 'WORKASPACE' ) );
#4521 = CARTESIAN_POINT ( 'NONE',  ( 5.377251000027170150E-07, 0.4900002914941979926, 0.000000000000000000 ) ) ;
#4522 = ORIENTED_EDGE ( 'NONE', *, *, #5282, .F. ) ;
#4523 = VERTEX_POINT ( 'NONE', #2301 ) ;
#4524 = VERTEX_POINT ( 'NONE', #1057 ) ;
#4525 =( NAMED_UNIT ( * ) PLANE_ANGLE_UNIT ( ) SI_UNIT ( $, .RADIAN. ) );
#4526 =( GEOMETRIC_REPRESENTATION_CONTEXT ( 3 ) GLOBAL_UNCERTAINTY_ASSIGNED_CONTEXT ( ( #675 ) ) GLOBAL_UNIT_ASSIGNED_CONTEXT ( ( #2647, #5027, #940 ) ) REPRESENTATION_CONTEXT ( 'NONE', 'WORKASPACE' ) );
#4527 = UNCERTAINTY_MEASURE_WITH_UNIT (LENGTH_MEASURE( 1.000000000000000082E-05 ), #1096, 'distance_accuracy_value', 'NONE');
#4528 = EDGE_CURVE ( 'NONE', #6567, #5216, #5258, .T. ) ;
#4529 = DIRECTION ( 'NONE',  ( -0.000000000000000000, -0.000000000000000000, -1.000000000000000000 ) ) ;
#4530 =( LENGTH_UNIT ( ) NAMED_UNIT ( * ) SI_UNIT ( .MILLI., .METRE. ) );
#4531 = STYLED_ITEM ( 'NONE', ( #4119 ), #1953 ) ;
#4532 = CARTESIAN_POINT ( 'NONE',  ( 1.870000537724990197, 1.510000300897559988, 0.1000000000000000056 ) ) ;
#4533 = DIRECTION ( 'NONE',  ( 0.000000000000000000, -1.000000000000000000, 0.000000000000000000 ) ) ;
#4534 = CARTESIAN_POINT ( 'NONE',  ( 1.890000537724970009, 1.140000291494180029, 0.1000000000000000056 ) ) ;
#4535 = CARTESIAN_POINT ( 'NONE',  ( 0.3100005377250449889, 1.450000302542429953, 0.2030000000000000415 ) ) ;
#4536 = SURFACE_STYLE_FILL_AREA ( #2179 ) ;
#4537 = EDGE_CURVE ( 'NONE', #3359, #165, #5301, .T. ) ;
#4538 =( GEOMETRIC_REPRESENTATION_CONTEXT ( 3 ) GLOBAL_UNCERTAINTY_ASSIGNED_CONTEXT ( ( #4775 ) ) GLOBAL_UNIT_ASSIGNED_CONTEXT ( ( #1781, #2420, #91 ) ) REPRESENTATION_CONTEXT ( 'NONE', 'WORKASPACE' ) );
#4539 =( LENGTH_UNIT ( ) NAMED_UNIT ( * ) SI_UNIT ( .MILLI., .METRE. ) );
#4540 = CARTESIAN_POINT ( 'NONE',  ( 1.400000537725190064, 2.961959353565882612E-07, 0.2030000000000000415 ) ) ;
#4541 = DIRECTION ( 'NONE',  ( -1.000000000000000000, 0.000000000000000000, 0.000000000000000000 ) ) ;
#4542 = VERTEX_POINT ( 'NONE', #4671 ) ;
#4543 = SURFACE_STYLE_USAGE ( .BOTH. , #4586 ) ;
#4544 = CARTESIAN_POINT ( 'NONE',  ( 1.690000537725149909, 1.450000302542429953, 0.1000000000000000056 ) ) ;
#4545 = CARTESIAN_POINT ( 'NONE',  ( 0.1266793578704640266, 1.140000291494150275, 0.000000000000000000 ) ) ;
#4546 =( GEOMETRIC_REPRESENTATION_CONTEXT ( 3 ) GLOBAL_UNCERTAINTY_ASSIGNED_CONTEXT ( ( #4476 ) ) GLOBAL_UNIT_ASSIGNED_CONTEXT ( ( #1652, #3508, #406 ) ) REPRESENTATION_CONTEXT ( 'NONE', 'WORKASPACE' ) );
#4547 = MECHANICAL_DESIGN_GEOMETRIC_PRESENTATION_REPRESENTATION (  '', ( #3806 ), #7639 ) ;
#4548 = FILL_AREA_STYLE ('',( #2191 ) ) ;
#4549 = MECHANICAL_DESIGN_GEOMETRIC_PRESENTATION_REPRESENTATION (  '', ( #5547 ), #2314 ) ;
#4550 = VECTOR ( 'NONE', #2321, 1000.000000000000000 ) ;
#4551 = VECTOR ( 'NONE', #727, 1000.000000000000000 ) ;
#4552 =( NAMED_UNIT ( * ) PLANE_ANGLE_UNIT ( ) SI_UNIT ( $, .RADIAN. ) );
#4553 = LINE ( 'NONE', #7464, #1627 ) ;
#4554 = VERTEX_POINT ( 'NONE', #1024 ) ;
#4555 = SURFACE_STYLE_FILL_AREA ( #5891 ) ;
#4556 = AXIS2_PLACEMENT_3D ( 'NONE', #6978, #6401, #3484 ) ;
#4557 = MECHANICAL_DESIGN_GEOMETRIC_PRESENTATION_REPRESENTATION (  '', ( #5936 ), #7043 ) ;
#4558 =( GEOMETRIC_REPRESENTATION_CONTEXT ( 3 ) GLOBAL_UNCERTAINTY_ASSIGNED_CONTEXT ( ( #4825 ) ) GLOBAL_UNIT_ASSIGNED_CONTEXT ( ( #4846, #3668, #6586 ) ) REPRESENTATION_CONTEXT ( 'NONE', 'WORKASPACE' ) );
#4559 = LINE ( 'NONE', #2896, #1475 ) ;
#4560 = CARTESIAN_POINT ( 'NONE',  ( 0.2000005377251450334, 1.790000291494129980, 0.000000000000000000 ) ) ;
#4561 = PRESENTATION_LAYER_ASSIGNMENT (  '', '', ( #1216 ) ) ;
#4562 = SURFACE_STYLE_USAGE ( .BOTH. , #1657 ) ;
#4563 = VECTOR ( 'NONE', #4836, 1000.000000000000000 ) ;
#4564 = ORIENTED_EDGE ( 'NONE', *, *, #7335, .T. ) ;
#4565 = DIRECTION ( 'NONE',  ( 0.000000000000000000, -0.000000000000000000, -1.000000000000000000 ) ) ;
#4566 = ORIENTED_EDGE ( 'NONE', *, *, #99, .F. ) ;
#4567 = PLANE ( 'NONE',  #3147 ) ;
#4568 = ADVANCED_FACE ( 'NONE', ( #5814 ), #1733, .F. ) ;
#4569 =( NAMED_UNIT ( * ) PLANE_ANGLE_UNIT ( ) SI_UNIT ( $, .RADIAN. ) );
#4570 = PRESENTATION_LAYER_ASSIGNMENT (  '', '', ( #6816 ) ) ;
#4571 = UNCERTAINTY_MEASURE_WITH_UNIT (LENGTH_MEASURE( 1.000000000000000082E-05 ), #5241, 'distance_accuracy_value', 'NONE');
#4572 =( NAMED_UNIT ( * ) SI_UNIT ( $, .STERADIAN. ) SOLID_ANGLE_UNIT ( ) );
#4573 = ADVANCED_BREP_SHAPE_REPRESENTATION ( 'AP7583Q-50FDZW-7', ( #2834, #2371, #208, #4972, #343, #2912, #5331, #297, #2635, #2527, #4955, #2789, #182, #5259, #2511, #154, #7632, #5982 ), #757 ) ;
#4574 =( NAMED_UNIT ( * ) PLANE_ANGLE_UNIT ( ) SI_UNIT ( $, .RADIAN. ) );
#4575 = CARTESIAN_POINT ( 'NONE',  ( 0.2000005377251460048, 1.040000291494149964, 0.1000000000000000056 ) ) ;
#4576 = ADVANCED_FACE ( 'NONE', ( #7654 ), #2769, .T. ) ;
#4577 = VERTEX_POINT ( 'NONE', #5447 ) ;
#4578 =( LENGTH_UNIT ( ) NAMED_UNIT ( * ) SI_UNIT ( .MILLI., .METRE. ) );
#4579 = CARTESIAN_POINT ( 'NONE',  ( 1.870000537724990197, 1.650000296246720177, 0.2030000000000000415 ) ) ;
#4580 =( NAMED_UNIT ( * ) SI_UNIT ( $, .STERADIAN. ) SOLID_ANGLE_UNIT ( ) );
#4581 = COLOUR_RGB ( '',0.7490196078431372584, 0.7490196078431372584, 0.7490196078431372584 ) ;
#4582 = FACE_OUTER_BOUND ( 'NONE', #2918, .T. ) ;
#4583 = PLANE ( 'NONE',  #7174 ) ;
#4584 = EDGE_CURVE ( 'NONE', #7680, #5432, #118, .T. ) ;
#4585 = ORIENTED_EDGE ( 'NONE', *, *, #110, .F. ) ;
#4586 = SURFACE_SIDE_STYLE ('',( #6885 ) ) ;
#4587 = PLANE ( 'NONE',  #1176 ) ;
#4588 = VERTEX_POINT ( 'NONE', #1215 ) ;
#4589 = FILL_AREA_STYLE ('',( #7643 ) ) ;
#4590 = VECTOR ( 'NONE', #6385, 1000.000000000000000 ) ;
#4592 = EDGE_CURVE ( 'NONE', #3817, #2557, #270, .T. ) ;
#4591 = CARTESIAN_POINT ( 'NONE',  ( 1.890000537724970009, 1.790000291494149964, 0.1000000000000000056 ) ) ;
#4593 = CARTESIAN_POINT ( 'NONE',  ( 1.290000537725060070, 1.690000296195879992, 0.000000000000000000 ) ) ;
#4594 = CARTESIAN_POINT ( 'NONE',  ( 0.3100005377250449889, 1.200000289965710287, 0.2030000000000000415 ) ) ;
#4595 = EDGE_LOOP ( 'NONE', ( #6854, #4462, #5563, #271 ) ) ;
#4596 = LINE ( 'NONE', #3437, #4762 ) ;
#4597 = COLOUR_RGB ( '',0.7490196078431372584, 0.7490196078431372584, 0.7490196078431372584 ) ;
#4598 = CARTESIAN_POINT ( 'NONE',  ( 0.03000054242693269910, 1.060000296195650060, 0.1000000000000000056 ) ) ;
#4599 = FACE_OUTER_BOUND ( 'NONE', #7071, .T. ) ;
#4600 = CARTESIAN_POINT ( 'NONE',  ( 1.400000537725190064, 0.1500002961959130132, 0.1000000000000000056 ) ) ;
#4601 = COLOUR_RGB ( '',0.7921568627450980005, 0.8196078431372548767, 0.9333333333333333481 ) ;
#4602 = ORIENTED_EDGE ( 'NONE', *, *, #5282, .T. ) ;
#4603 = ORIENTED_EDGE ( 'NONE', *, *, #5738, .F. ) ;
#4604 = MECHANICAL_DESIGN_GEOMETRIC_PRESENTATION_REPRESENTATION (  '', ( #3986 ), #5736 ) ;
#4605 =( NAMED_UNIT ( * ) PLANE_ANGLE_UNIT ( ) SI_UNIT ( $, .RADIAN. ) );
#4606 = UNCERTAINTY_MEASURE_WITH_UNIT (LENGTH_MEASURE( 1.000000000000000082E-05 ), #4288, 'distance_accuracy_value', 'NONE');
#4607 = EDGE_CURVE ( 'NONE', #6536, #1534, #6760, .T. ) ;
#4608 = SURFACE_SIDE_STYLE ('',( #1119 ) ) ;
#4609 = CARTESIAN_POINT ( 'NONE',  ( 1.690000537725149909, 0.5500002899657370214, 0.1000000000000000056 ) ) ;
#4610 = ORIENTED_EDGE ( 'NONE', *, *, #5862, .F. ) ;
#4611 = LINE ( 'NONE', #3875, #2134 ) ;
#4612 = DIRECTION ( 'NONE',  ( 0.000000000000000000, 0.000000000000000000, 1.000000000000000000 ) ) ;
#4613 = LINE ( 'NONE', #4579, #1401 ) ;
#4614 = ORIENTED_EDGE ( 'NONE', *, *, #6656, .F. ) ;
#4615 = ADVANCED_FACE ( 'NONE', ( #704 ), #7079, .T. ) ;
#4616 = UNCERTAINTY_MEASURE_WITH_UNIT (LENGTH_MEASURE( 1.000000000000000082E-05 ), #589, 'distance_accuracy_value', 'NONE');
#4617 = CARTESIAN_POINT ( 'NONE',  ( 2.000000537725100003, 0.2900002961956720249, 0.1000000000000000056 ) ) ;
#4618 = CARTESIAN_POINT ( 'NONE',  ( 1.690000537725149909, 0.5500002899657370214, 0.2030000000000000415 ) ) ;
#4619 = VERTEX_POINT ( 'NONE', #2482 ) ;
#4620 = LINE ( 'NONE', #2260, #2862 ) ;
#4621 = ORIENTED_EDGE ( 'NONE', *, *, #7413, .T. ) ;
#4622 = AXIS2_PLACEMENT_3D ( 'NONE', #1005, #1123, #1039 ) ;
#4623 = EDGE_CURVE ( 'NONE', #6999, #6730, #6610, .T. ) ;
#4624 = SURFACE_STYLE_USAGE ( .BOTH. , #466 ) ;
#4625 = CARTESIAN_POINT ( 'NONE',  ( 0.1100005377252279981, 1.140000291494180029, 0.1000000000000000056 ) ) ;
#4626 =( NAMED_UNIT ( * ) PLANE_ANGLE_UNIT ( ) SI_UNIT ( $, .RADIAN. ) );
#4627 =( NAMED_UNIT ( * ) SI_UNIT ( $, .STERADIAN. ) SOLID_ANGLE_UNIT ( ) );
#4628 = COLOUR_RGB ( '',0.7490196078431372584, 0.7490196078431372584, 0.7490196078431372584 ) ;
#4629 = CARTESIAN_POINT ( 'NONE',  ( 5.377251000027170150E-07, 0.4900002914941979926, 0.000000000000000000 ) ) ;
#4630 = ORIENTED_EDGE ( 'NONE', *, *, #1451, .T. ) ;
#4631 = DIRECTION ( 'NONE',  ( 1.000000000000000000, 0.000000000000000000, 0.000000000000000000 ) ) ;
#4632 = SURFACE_STYLE_USAGE ( .BOTH. , #1025 ) ;
#4633 = EDGE_CURVE ( 'NONE', #374, #7568, #4757, .T. ) ;
#4634 = VECTOR ( 'NONE', #618, 1000.000000000000000 ) ;
#4635 = AXIS2_PLACEMENT_3D ( 'NONE', #5637, #853, #1439 ) ;
#4636 = SURFACE_SIDE_STYLE ('',( #3404 ) ) ;
#4637 = SURFACE_STYLE_USAGE ( .BOTH. , #7580 ) ;
#4638 = FILL_AREA_STYLE_COLOUR ( '', #7153 ) ;
#4639 = EDGE_LOOP ( 'NONE', ( #1913, #171, #794, #236 ) ) ;
#4640 = PRESENTATION_STYLE_ASSIGNMENT (( #2776 ) ) ;
#4641 = VERTEX_POINT ( 'NONE', #7330 ) ;
#4642 = AXIS2_PLACEMENT_3D ( 'NONE', #967, #6953, #2908 ) ;
#4643 = SURFACE_STYLE_FILL_AREA ( #2858 ) ;
#4644 = VECTOR ( 'NONE', #7470, 1000.000000000000000 ) ;
#4645 = PRESENTATION_STYLE_ASSIGNMENT (( #2279 ) ) ;
#4646 = LINE ( 'NONE', #7013, #7532 ) ;
#4647 = DIRECTION ( 'NONE',  ( 0.000000000000000000, -0.000000000000000000, 1.000000000000000000 ) ) ;
#4648 = CARTESIAN_POINT ( 'NONE',  ( 0.3000005377251450112, 1.610000300897580283, 0.000000000000000000 ) ) ;
#4649 = DIRECTION ( 'NONE',  ( 0.000000000000000000, -0.000000000000000000, 1.000000000000000000 ) ) ;
#4650 = DIRECTION ( 'NONE',  ( 0.000000000000000000, -1.000000000000000000, -0.000000000000000000 ) ) ;
#4651 = ORIENTED_EDGE ( 'NONE', *, *, #4009, .T. ) ;
#4652 = PRESENTATION_LAYER_ASSIGNMENT (  '', '', ( #1185 ) ) ;
#4653 = LINE ( 'NONE', #6711, #1946 ) ;
#4654 = STYLED_ITEM ( 'NONE', ( #7058 ), #1792 ) ;
#4655 = VERTEX_POINT ( 'NONE', #4835 ) ;
#4656 = CARTESIAN_POINT ( 'NONE',  ( 0.3100005377250449889, 0.5500002899657370214, 0.1000000000000000056 ) ) ;
#4657 = ORIENTED_EDGE ( 'NONE', *, *, #4709, .T. ) ;
#4658 = ADVANCED_FACE ( 'NONE', ( #3006 ), #4123, .T. ) ;
#4659 = DIRECTION ( 'NONE',  ( -0.000000000000000000, 1.000000000000000000, 0.000000000000000000 ) ) ;
#4660 = MECHANICAL_DESIGN_GEOMETRIC_PRESENTATION_REPRESENTATION (  '', ( #3916 ), #6776 ) ;
#4661 =( NAMED_UNIT ( * ) PLANE_ANGLE_UNIT ( ) SI_UNIT ( $, .RADIAN. ) );
#4662 = FACE_OUTER_BOUND ( 'NONE', #870, .T. ) ;
#4663 = SURFACE_STYLE_FILL_AREA ( #1845 ) ;
#4664 = DIRECTION ( 'NONE',  ( 0.000000000000000000, 0.000000000000000000, 1.000000000000000000 ) ) ;
#4665 = PRESENTATION_STYLE_ASSIGNMENT (( #7610 ) ) ;
#4666 = COLOUR_RGB ( '',0.7490196078431372584, 0.7490196078431372584, 0.7490196078431372584 ) ;
#4667 =( GEOMETRIC_REPRESENTATION_CONTEXT ( 3 ) GLOBAL_UNCERTAINTY_ASSIGNED_CONTEXT ( ( #1541 ) ) GLOBAL_UNIT_ASSIGNED_CONTEXT ( ( #7366, #3388, #5103 ) ) REPRESENTATION_CONTEXT ( 'NONE', 'WORKASPACE' ) );
#4668 = EDGE_LOOP ( 'NONE', ( #3931, #4008, #6495, #4208 ) ) ;
#4669 = EDGE_CURVE ( 'NONE', #4075, #7126, #3881, .T. ) ;
#4670 = DIRECTION ( 'NONE',  ( -1.000000000000000000, -0.000000000000000000, -0.000000000000000000 ) ) ;
#4671 = CARTESIAN_POINT ( 'NONE',  ( 1.890000537725309959, 0.2100003008976049912, 0.2030000000000000415 ) ) ;
#4672 = MECHANICAL_DESIGN_GEOMETRIC_PRESENTATION_REPRESENTATION (  '', ( #6539 ), #3195 ) ;
#4673 = STYLED_ITEM ( 'NONE', ( #844 ), #4927 ) ;
#4674 = LINE ( 'NONE', #7658, #3303 ) ;
#4675 = SURFACE_SIDE_STYLE ('',( #407 ) ) ;
#4676 = EDGE_LOOP ( 'NONE', ( #18, #7089, #2552, #7173 ) ) ;
#4677 = EDGE_CURVE ( 'NONE', #3245, #4619, #6841, .T. ) ;
#4678 = AXIS2_PLACEMENT_3D ( 'NONE', #5632, #1480, #4371 ) ;
#4679 = ORIENTED_EDGE ( 'NONE', *, *, #4327, .T. ) ;
#4680 =( GEOMETRIC_REPRESENTATION_CONTEXT ( 3 ) GLOBAL_UNCERTAINTY_ASSIGNED_CONTEXT ( ( #6867 ) ) GLOBAL_UNIT_ASSIGNED_CONTEXT ( ( #6657, #1335, #6049 ) ) REPRESENTATION_CONTEXT ( 'NONE', 'WORKASPACE' ) );
#4681 = VECTOR ( 'NONE', #3301, 1000.000000000000000 ) ;
#4682 = SURFACE_SIDE_STYLE ('',( #4643 ) ) ;
#4683 = STYLED_ITEM ( 'NONE', ( #6400 ), #2428 ) ;
#4684 = AXIS2_PLACEMENT_3D ( 'NONE', #1301, #1862, #4199 ) ;
#4686 = STYLED_ITEM ( 'NONE', ( #4758 ), #5170 ) ;
#4685 = CARTESIAN_POINT ( 'NONE',  ( 1.870000537724990197, 1.200000289965710287, 0.1000000000000000056 ) ) ;
#4687 = DIRECTION ( 'NONE',  ( 1.000000000000000000, 0.000000000000000000, -0.000000000000000000 ) ) ;
#4688 = CARTESIAN_POINT ( 'NONE',  ( 2.000000537725100003, 1.060000296195650060, 0.1000000000000000056 ) ) ;
#4689 = ORIENTED_EDGE ( 'NONE', *, *, #6320, .T. ) ;
#4690 = ADVANCED_FACE ( 'NONE', ( #358 ), #3993, .T. ) ;
#4691 = VECTOR ( 'NONE', #7550, 1000.000000000000000 ) ;
#4692 = PRESENTATION_STYLE_ASSIGNMENT (( #4066 ) ) ;
#4693 =( NAMED_UNIT ( * ) PLANE_ANGLE_UNIT ( ) SI_UNIT ( $, .RADIAN. ) );
#4694 = CIRCLE ( 'NONE', #6683, 0.1000000000000000472 ) ;
#4695 = FACE_OUTER_BOUND ( 'NONE', #2269, .T. ) ;
#4696 = AXIS2_PLACEMENT_3D ( 'NONE', #3735, #7249, #862 ) ;
#4697 = AXIS2_PLACEMENT_3D ( 'NONE', #7177, #4145, #6533 ) ;
#4698 = FILL_AREA_STYLE ('',( #2183 ) ) ;
#4699 = CARTESIAN_POINT ( 'NONE',  ( 1.690000537725149909, 0.1500003025424800074, 0.1000000000000000056 ) ) ;
#4700 = ORIENTED_EDGE ( 'NONE', *, *, #3896, .F. ) ;
#4701 = COLOUR_RGB ( '',0.7490196078431372584, 0.7490196078431372584, 0.7490196078431372584 ) ;
#4702 = PRESENTATION_STYLE_ASSIGNMENT (( #2333 ) ) ;
#4703 = UNCERTAINTY_MEASURE_WITH_UNIT (LENGTH_MEASURE( 1.000000000000000082E-05 ), #2889, 'distance_accuracy_value', 'NONE');
#4704 = FACE_OUTER_BOUND ( 'NONE', #7599, .T. ) ;
#4705 = CARTESIAN_POINT ( 'NONE',  ( 0.1100005377248859800, 0.2100003008976050189, 0.1000000000000000056 ) ) ;
#4706 = PLANE ( 'NONE',  #1398 ) ;
#4707 =( NAMED_UNIT ( * ) PLANE_ANGLE_UNIT ( ) SI_UNIT ( $, .RADIAN. ) );
#4708 = STYLED_ITEM ( 'NONE', ( #4719 ), #6928 ) ;
#4709 = EDGE_CURVE ( 'NONE', #5216, #7680, #2141, .T. ) ;
#4710 = VERTEX_POINT ( 'NONE', #4419 ) ;
#4711 = LINE ( 'NONE', #2404, #6504 ) ;
#4712 =( NAMED_UNIT ( * ) SI_UNIT ( $, .STERADIAN. ) SOLID_ANGLE_UNIT ( ) );
#4713 = SURFACE_STYLE_FILL_AREA ( #5769 ) ;
#4714 = AXIS2_PLACEMENT_3D ( 'NONE', #7371, #2602, #6150 ) ;
#4715 = ADVANCED_FACE ( 'NONE', ( #5749 ), #3842, .T. ) ;
#4716 = DIRECTION ( 'NONE',  ( -0.000000000000000000, 1.000000000000000000, 0.000000000000000000 ) ) ;
#4717 = DIRECTION ( 'NONE',  ( 0.000000000000000000, -0.000000000000000000, 1.000000000000000000 ) ) ;
#4718 = VERTEX_POINT ( 'NONE', #2911 ) ;
#4719 = PRESENTATION_STYLE_ASSIGNMENT (( #5346 ) ) ;
#4720 = ORIENTED_EDGE ( 'NONE', *, *, #6541, .T. ) ;
#4721 = AXIS2_PLACEMENT_3D ( 'NONE', #4939, #4298, #3767 ) ;
#4722 = FACE_OUTER_BOUND ( 'NONE', #5298, .T. ) ;
#4723 = ORIENTED_EDGE ( 'NONE', *, *, #5906, .T. ) ;
#4724 =( NAMED_UNIT ( * ) SI_UNIT ( $, .STERADIAN. ) SOLID_ANGLE_UNIT ( ) );
#4725 = CARTESIAN_POINT ( 'NONE',  ( 1.400000537725190064, 2.000000296195940219, 0.1000000000000000056 ) ) ;
#4726 = SURFACE_STYLE_USAGE ( .BOTH. , #5317 ) ;
#4727 = UNCERTAINTY_MEASURE_WITH_UNIT (LENGTH_MEASURE( 1.000000000000000082E-05 ), #5148, 'distance_accuracy_value', 'NONE');
#4728 = EDGE_CURVE ( 'NONE', #1199, #4518, #5837, .T. ) ;
#4729 = SURFACE_SIDE_STYLE ('',( #2350 ) ) ;
#4730 = CYLINDRICAL_SURFACE ( 'NONE', #7499, 0.09999999999999990841 ) ;
#4731 = DIRECTION ( 'NONE',  ( 0.000000000000000000, 0.000000000000000000, -1.000000000000000000 ) ) ;
#4732 = SURFACE_SIDE_STYLE ('',( #2986 ) ) ;
#4733 = FILL_AREA_STYLE ('',( #1782 ) ) ;
#4734 = ORIENTED_EDGE ( 'NONE', *, *, #7121, .T. ) ;
#4735 = DIRECTION ( 'NONE',  ( 1.000000000000000000, 0.000000000000000000, 0.000000000000000000 ) ) ;
#4736 = DIRECTION ( 'NONE',  ( -0.000000000000000000, 1.000000000000000000, 0.000000000000000000 ) ) ;
#4737 = DIRECTION ( 'NONE',  ( 0.000000000000000000, 0.000000000000000000, 1.000000000000000000 ) ) ;
#4738 =( NAMED_UNIT ( * ) PLANE_ANGLE_UNIT ( ) SI_UNIT ( $, .RADIAN. ) );
#4739 = EDGE_CURVE ( 'NONE', #3859, #6213, #5281, .T. ) ;
#4740 =( GEOMETRIC_REPRESENTATION_CONTEXT ( 3 ) GLOBAL_UNCERTAINTY_ASSIGNED_CONTEXT ( ( #4217 ) ) GLOBAL_UNIT_ASSIGNED_CONTEXT ( ( #4750, #5290, #2228 ) ) REPRESENTATION_CONTEXT ( 'NONE', 'WORKASPACE' ) );
#4741 = CARTESIAN_POINT ( 'NONE',  ( 5.377251000027170150E-07, 0.4100002961956760728, 0.1000000000000000056 ) ) ;
#4742 = DIRECTION ( 'NONE',  ( 0.000000000000000000, -0.000000000000000000, -1.000000000000000000 ) ) ;
#4743 = CARTESIAN_POINT ( 'NONE',  ( 1.890000537724970009, 1.790000291494149964, 0.1000000000000000056 ) ) ;
#4744 = ORIENTED_EDGE ( 'NONE', *, *, #7230, .T. ) ;
#4745 =( NAMED_UNIT ( * ) PLANE_ANGLE_UNIT ( ) SI_UNIT ( $, .RADIAN. ) );
#4746 = DIRECTION ( 'NONE',  ( 0.000000000000000000, 0.000000000000000000, 1.000000000000000000 ) ) ;
#4747 = PRESENTATION_LAYER_ASSIGNMENT (  '', '', ( #6482 ) ) ;
#4748 =( NAMED_UNIT ( * ) SI_UNIT ( $, .STERADIAN. ) SOLID_ANGLE_UNIT ( ) );
#4749 = ORIENTED_EDGE ( 'NONE', *, *, #6814, .T. ) ;
#4750 =( LENGTH_UNIT ( ) NAMED_UNIT ( * ) SI_UNIT ( .MILLI., .METRE. ) );
#4751 =( NAMED_UNIT ( * ) SI_UNIT ( $, .STERADIAN. ) SOLID_ANGLE_UNIT ( ) );
#4752 = VECTOR ( 'NONE', #4391, 1000.000000000000000 ) ;
#4753 = CARTESIAN_POINT ( 'NONE',  ( 5.377251000059696215E-07, 1.590000296195630103, 0.2030000000000000415 ) ) ;
#4754 = CARTESIAN_POINT ( 'NONE',  ( 5.377251000027170150E-07, 0.8600003008975819485, 0.1000000000000000056 ) ) ;
#4755 = ORIENTED_EDGE ( 'NONE', *, *, #1125, .T. ) ;
#4756 = CARTESIAN_POINT ( 'NONE',  ( 2.000000537725100003, 1.510000300897559988, 0.000000000000000000 ) ) ;
#4757 = LINE ( 'NONE', #659, #564 ) ;
#4758 = PRESENTATION_STYLE_ASSIGNMENT (( #3121 ) ) ;
#4759 = EDGE_CURVE ( 'NONE', #5038, #4810, #491, .T. ) ;
#4760 = ORIENTED_EDGE ( 'NONE', *, *, #6119, .F. ) ;
#4761 = EDGE_LOOP ( 'NONE', ( #956, #6759, #5277, #5799 ) ) ;
#4762 = VECTOR ( 'NONE', #540, 1000.000000000000000 ) ;
#4763 = SURFACE_SIDE_STYLE ('',( #1629 ) ) ;
#4764 = PRESENTATION_LAYER_ASSIGNMENT (  '', '', ( #4888 ) ) ;
#4765 =( NAMED_UNIT ( * ) SI_UNIT ( $, .STERADIAN. ) SOLID_ANGLE_UNIT ( ) );
#4766 = DIRECTION ( 'NONE',  ( 0.000000000000000000, 1.000000000000000000, -0.000000000000000000 ) ) ;
#4767 = VECTOR ( 'NONE', #7040, 1000.000000000000000 ) ;
#4768 = CARTESIAN_POINT ( 'NONE',  ( 1.011113246775940055, 0.9765644598023180967, 0.000000000000000000 ) ) ;
#4769 = CARTESIAN_POINT ( 'NONE',  ( 0.1300005377252090033, 0.2100003008976049912, 0.1000000000000000056 ) ) ;
#4770 = ORIENTED_EDGE ( 'NONE', *, *, #4537, .T. ) ;
#4771 = SURFACE_STYLE_USAGE ( .BOTH. , #556 ) ;
#4772 = SURFACE_STYLE_FILL_AREA ( #95 ) ;
#4773 = ORIENTED_EDGE ( 'NONE', *, *, #4198, .T. ) ;
#4774 = EDGE_CURVE ( 'NONE', #5701, #58, #2356, .T. ) ;
#4775 = UNCERTAINTY_MEASURE_WITH_UNIT (LENGTH_MEASURE( 1.000000000000000082E-05 ), #1781, 'distance_accuracy_value', 'NONE');
#4776 =( NAMED_UNIT ( * ) SI_UNIT ( $, .STERADIAN. ) SOLID_ANGLE_UNIT ( ) );
#4777 =( NAMED_UNIT ( * ) PLANE_ANGLE_UNIT ( ) SI_UNIT ( $, .RADIAN. ) );
#4778 = MECHANICAL_DESIGN_GEOMETRIC_PRESENTATION_REPRESENTATION (  '', ( #6015 ), #4520 ) ;
#4779 = UNCERTAINTY_MEASURE_WITH_UNIT (LENGTH_MEASURE( 1.000000000000000082E-05 ), #1200, 'distance_accuracy_value', 'NONE');
#4780 = PLANE ( 'NONE',  #6540 ) ;
#4781 =( NAMED_UNIT ( * ) SI_UNIT ( $, .STERADIAN. ) SOLID_ANGLE_UNIT ( ) );
#4782 = ORIENTED_EDGE ( 'NONE', *, *, #4592, .F. ) ;
#4783 = ADVANCED_FACE ( 'NONE', ( #4695 ), #5912, .T. ) ;
#4784 = CARTESIAN_POINT ( 'NONE',  ( 2.000000537725100003, 1.510000300897559988, 0.000000000000000000 ) ) ;
#4785 = ORIENTED_EDGE ( 'NONE', *, *, #2988, .F. ) ;
#4786 = DIRECTION ( 'NONE',  ( 1.000000000000000000, 0.000000000000000000, 0.000000000000000000 ) ) ;
#4787 = COLOUR_RGB ( '',0.7490196078431372584, 0.7490196078431372584, 0.7490196078431372584 ) ;
#4788 = DIRECTION ( 'NONE',  ( 1.000000000000000000, 0.000000000000000000, 0.000000000000000000 ) ) ;
#4789 =( LENGTH_UNIT ( ) NAMED_UNIT ( * ) SI_UNIT ( .MILLI., .METRE. ) );
#4790 = FILL_AREA_STYLE_COLOUR ( '', #3174 ) ;
#4791 = PLANE ( 'NONE',  #4714 ) ;
#4792 =( GEOMETRIC_REPRESENTATION_CONTEXT ( 3 ) GLOBAL_UNCERTAINTY_ASSIGNED_CONTEXT ( ( #2999 ) ) GLOBAL_UNIT_ASSIGNED_CONTEXT ( ( #88, #1894, #6481 ) ) REPRESENTATION_CONTEXT ( 'NONE', 'WORKASPACE' ) );
#4793 = ORIENTED_EDGE ( 'NONE', *, *, #952, .F. ) ;
#4794 = PLANE ( 'NONE',  #7351 ) ;
#4795 = LINE ( 'NONE', #1218, #4563 ) ;
#4796 = COLOUR_RGB ( '',0.7921568627450980005, 0.8196078431372548767, 0.9333333333333333481 ) ;
#4797 = SURFACE_STYLE_USAGE ( .BOTH. , #2934 ) ;
#4798 = STYLED_ITEM ( 'NONE', ( #7677 ), #4001 ) ;
#4799 = UNCERTAINTY_MEASURE_WITH_UNIT (LENGTH_MEASURE( 1.000000000000000082E-05 ), #3678, 'distance_accuracy_value', 'NONE');
#4800 = LINE ( 'NONE', #7149, #6950 ) ;
#4801 = ORIENTED_EDGE ( 'NONE', *, *, #3475, .F. ) ;
#4802 = CARTESIAN_POINT ( 'NONE',  ( 1.890000537725309959, 1.510000300897559988, 0.2030000000000000415 ) ) ;
#4803 = COLOUR_RGB ( '',0.7921568627450980005, 0.8196078431372548767, 0.9333333333333333481 ) ;
#4804 = AXIS2_PLACEMENT_3D ( 'NONE', #1768, #1184, #1252 ) ;
#4805 = UNCERTAINTY_MEASURE_WITH_UNIT (LENGTH_MEASURE( 1.000000000000000082E-05 ), #2347, 'distance_accuracy_value', 'NONE');
#4806 = DIRECTION ( 'NONE',  ( 1.000000000000000000, 0.000000000000000000, 0.000000000000000000 ) ) ;
#4807 = CARTESIAN_POINT ( 'NONE',  ( 1.870000537724990197, 0.8000003025424580194, 0.1000000000000000056 ) ) ;
#4808 = STYLED_ITEM ( 'NONE', ( #5907 ), #367 ) ;
#4809 =( GEOMETRIC_REPRESENTATION_CONTEXT ( 3 ) GLOBAL_UNCERTAINTY_ASSIGNED_CONTEXT ( ( #3089 ) ) GLOBAL_UNIT_ASSIGNED_CONTEXT ( ( #2711, #4525, #6217 ) ) REPRESENTATION_CONTEXT ( 'NONE', 'WORKASPACE' ) );
#4810 = VERTEX_POINT ( 'NONE', #6452 ) ;
#4811 = CARTESIAN_POINT ( 'NONE',  ( 1.870000537724990197, 0.1500003025424800074, 0.1000000000000000056 ) ) ;
#4812 = LINE ( 'NONE', #6020, #6048 ) ;
#4813 = VECTOR ( 'NONE', #958, 1000.000000000000000 ) ;
#4814 = VECTOR ( 'NONE', #2423, 1000.000000000000000 ) ;
#4815 = PRESENTATION_LAYER_ASSIGNMENT (  '', '', ( #4673 ) ) ;
#4816 = EDGE_CURVE ( 'NONE', #4221, #602, #1787, .T. ) ;
#4817 = EDGE_LOOP ( 'NONE', ( #5268, #519, #1368, #736 ) ) ;
#4818 = DIRECTION ( 'NONE',  ( 1.000000000000000000, 0.000000000000000000, 0.000000000000000000 ) ) ;
#4819 = FILL_AREA_STYLE_COLOUR ( '', #4089 ) ;
#4820 =( GEOMETRIC_REPRESENTATION_CONTEXT ( 3 ) GLOBAL_UNCERTAINTY_ASSIGNED_CONTEXT ( ( #883 ) ) GLOBAL_UNIT_ASSIGNED_CONTEXT ( ( #2196, #7655, #1653 ) ) REPRESENTATION_CONTEXT ( 'NONE', 'WORKASPACE' ) );
#4821 = CARTESIAN_POINT ( 'NONE',  ( 0.7100005377251356053, 1.490000296195830520, 0.000000000000000000 ) ) ;
#4822 = ORIENTED_EDGE ( 'NONE', *, *, #4871, .F. ) ;
#4823 = COLOUR_RGB ( '',0.7490196078431372584, 0.7490196078431372584, 0.7490196078431372584 ) ;
#4824 = AXIS2_PLACEMENT_3D ( 'NONE', #7206, #1907, #4932 ) ;
#4825 = UNCERTAINTY_MEASURE_WITH_UNIT (LENGTH_MEASURE( 1.000000000000000082E-05 ), #4846, 'distance_accuracy_value', 'NONE');
#4826 = CARTESIAN_POINT ( 'NONE',  ( 0.3100005377250449889, 0.8000003025424580194, 0.1000000000000000056 ) ) ;
#4827 = AXIS2_PLACEMENT_3D ( 'NONE', #200, #2567, #6200 ) ;
#4828 = ADVANCED_FACE ( 'NONE', ( #3522 ), #1824, .T. ) ;
#4829 = LINE ( 'NONE', #3077, #3705 ) ;
#4830 =( NAMED_UNIT ( * ) PLANE_ANGLE_UNIT ( ) SI_UNIT ( $, .RADIAN. ) );
#4831 = ORIENTED_EDGE ( 'NONE', *, *, #2933, .T. ) ;
#4832 = PRESENTATION_LAYER_ASSIGNMENT (  '', '', ( #476 ) ) ;
#4833 = SURFACE_SIDE_STYLE ('',( #5445 ) ) ;
#4834 = VECTOR ( 'NONE', #4565, 1000.000000000000000 ) ;
#4835 = CARTESIAN_POINT ( 'NONE',  ( 1.870000537724990197, 1.510000300897559988, 0.2030000000000000415 ) ) ;
#4836 = DIRECTION ( 'NONE',  ( -1.000000000000000000, -0.000000000000000000, 0.000000000000000000 ) ) ;
#4837 = EDGE_CURVE ( 'NONE', #6860, #4884, #4653, .T. ) ;
#4838 = VECTOR ( 'NONE', #2679, 1000.000000000000000 ) ;
#4839 = LINE ( 'NONE', #6769, #3309 ) ;
#4840 = FILL_AREA_STYLE ('',( #79 ) ) ;
#4841 = VERTEX_POINT ( 'NONE', #1431 ) ;
#4842 = CARTESIAN_POINT ( 'NONE',  ( 0.2000005377251450056, 1.510000300897570202, 0.000000000000000000 ) ) ;
#4843 = FACE_OUTER_BOUND ( 'NONE', #1810, .T. ) ;
#4844 = STYLED_ITEM ( 'NONE', ( #3626 ), #886 ) ;
#4845 = COLOUR_RGB ( '',0.7490196078431372584, 0.7490196078431372584, 0.7490196078431372584 ) ;
#4846 =( LENGTH_UNIT ( ) NAMED_UNIT ( * ) SI_UNIT ( .MILLI., .METRE. ) );
#4847 = CARTESIAN_POINT ( 'NONE',  ( 0.1812143443952660138, 1.450000302542429953, 0.2030000000000000415 ) ) ;
#4848 = VECTOR ( 'NONE', #5851, 1000.000000000000000 ) ;
#4849 = ORIENTED_EDGE ( 'NONE', *, *, #4264, .T. ) ;
#4850 = CARTESIAN_POINT ( 'NONE',  ( 5.377251000027170150E-07, 1.710000296195629987, 0.1000000000000000056 ) ) ;
#4851 = SURFACE_SIDE_STYLE ('',( #2989 ) ) ;
#4852 = VERTEX_POINT ( 'NONE', #3178 ) ;
#4853 = PLANE ( 'NONE',  #2822 ) ;
#4854 = PRESENTATION_STYLE_ASSIGNMENT (( #7236 ) ) ;
#4855 = STYLED_ITEM ( 'NONE', ( #4383 ), #7327 ) ;
#4856 = ADVANCED_FACE ( 'NONE', ( #4968 ), #1903, .T. ) ;
#4857 =( NAMED_UNIT ( * ) PLANE_ANGLE_UNIT ( ) SI_UNIT ( $, .RADIAN. ) );
#4858 = ORIENTED_EDGE ( 'NONE', *, *, #3461, .F. ) ;
#4859 =( GEOMETRIC_REPRESENTATION_CONTEXT ( 3 ) GLOBAL_UNCERTAINTY_ASSIGNED_CONTEXT ( ( #4206 ) ) GLOBAL_UNIT_ASSIGNED_CONTEXT ( ( #4578, #1077, #417 ) ) REPRESENTATION_CONTEXT ( 'NONE', 'WORKASPACE' ) );
#4860 = SURFACE_SIDE_STYLE ('',( #2469 ) ) ;
#4861 = DIRECTION ( 'NONE',  ( 0.7071067811860440866, -0.7071067811870510589, 0.000000000000000000 ) ) ;
#4862 = ORIENTED_EDGE ( 'NONE', *, *, #2475, .T. ) ;
#4863 = ADVANCED_FACE ( 'NONE', ( #5504 ), #5388, .T. ) ;
#4864 =( NAMED_UNIT ( * ) SI_UNIT ( $, .STERADIAN. ) SOLID_ANGLE_UNIT ( ) );
#4865 = ORIENTED_EDGE ( 'NONE', *, *, #409, .F. ) ;
#4866 = PRESENTATION_LAYER_ASSIGNMENT (  '', '', ( #4220 ) ) ;
#4867 = CARTESIAN_POINT ( 'NONE',  ( 1.000000537725100003, 1.000000296195939997, 0.02000000000000000042 ) ) ;
#4868 = VERTEX_POINT ( 'NONE', #5544 ) ;
#4869 = CARTESIAN_POINT ( 'NONE',  ( 5.377251000027170150E-07, 1.510000300897559988, 0.000000000000000000 ) ) ;
#4870 = VECTOR ( 'NONE', #4356, 1000.000000000000000 ) ;
#4871 = EDGE_CURVE ( 'NONE', #1174, #816, #1973, .T. ) ;
#4872 = DIRECTION ( 'NONE',  ( 1.000000000000000000, 0.000000000000000000, 0.000000000000000000 ) ) ;
#4873 = UNCERTAINTY_MEASURE_WITH_UNIT (LENGTH_MEASURE( 1.000000000000000082E-05 ), #7487, 'distance_accuracy_value', 'NONE');
#4874 = ORIENTED_EDGE ( 'NONE', *, *, #2378, .F. ) ;
#4875 =( NAMED_UNIT ( * ) SI_UNIT ( $, .STERADIAN. ) SOLID_ANGLE_UNIT ( ) );
#4876 = EDGE_CURVE ( 'NONE', #3020, #7164, #4369, .T. ) ;
#4877 = DIRECTION ( 'NONE',  ( 0.000000000000000000, -1.000000000000000000, 0.000000000000000000 ) ) ;
#4878 = MECHANICAL_DESIGN_GEOMETRIC_PRESENTATION_REPRESENTATION (  '', ( #4996 ), #6979 ) ;
#4879 = FILL_AREA_STYLE ('',( #2497 ) ) ;
#4880 =( NAMED_UNIT ( * ) PLANE_ANGLE_UNIT ( ) SI_UNIT ( $, .RADIAN. ) );
#4881 = DIRECTION ( 'NONE',  ( 0.000000000000000000, 0.000000000000000000, 1.000000000000000000 ) ) ;
#4882 = ORIENTED_EDGE ( 'NONE', *, *, #3872, .F. ) ;
#4883 = CARTESIAN_POINT ( 'NONE',  ( 1.700000537725049998, 1.040000291494149964, 0.000000000000000000 ) ) ;
#4884 = VERTEX_POINT ( 'NONE', #3139 ) ;
#4885 = CARTESIAN_POINT ( 'NONE',  ( 0.1300005377252088923, 1.450000302542429953, 0.2030000000000000415 ) ) ;
#4886 = DIRECTION ( 'NONE',  ( 0.000000000000000000, -0.000000000000000000, -1.000000000000000000 ) ) ;
#4887 = PRESENTATION_LAYER_ASSIGNMENT (  '', '', ( #526 ) ) ;
#4888 = STYLED_ITEM ( 'NONE', ( #1224 ), #4348 ) ;
#4889 = ORIENTED_EDGE ( 'NONE', *, *, #1032, .T. ) ;
#4890 = PLANE ( 'NONE',  #210 ) ;
#4891 = MECHANICAL_DESIGN_GEOMETRIC_PRESENTATION_REPRESENTATION (  '', ( #533 ), #3530 ) ;
#4892 = ADVANCED_FACE ( 'NONE', ( #2585 ), #56, .T. ) ;
#4893 = FILL_AREA_STYLE ('',( #1937 ) ) ;
#4894 = EDGE_LOOP ( 'NONE', ( #6522, #1287, #2019, #6056 ) ) ;
#4895 = UNCERTAINTY_MEASURE_WITH_UNIT (LENGTH_MEASURE( 1.000000000000000082E-05 ), #5973, 'distance_accuracy_value', 'NONE');
#4896 = VECTOR ( 'NONE', #4447, 1000.000000000000000 ) ;
#4897 = DIRECTION ( 'NONE',  ( 0.000000000000000000, -0.000000000000000000, -1.000000000000000000 ) ) ;
#4898 =( LENGTH_UNIT ( ) NAMED_UNIT ( * ) SI_UNIT ( .MILLI., .METRE. ) );
#4899 = FACE_OUTER_BOUND ( 'NONE', #1076, .T. ) ;
#4900 = EDGE_CURVE ( 'NONE', #3417, #6349, #1554, .T. ) ;
#4901 = FACE_OUTER_BOUND ( 'NONE', #6475, .T. ) ;
#4902 = COLOUR_RGB ( '',0.7490196078431372584, 0.7490196078431372584, 0.7490196078431372584 ) ;
#4903 = LINE ( 'NONE', #1329, #6152 ) ;
#4904 = AXIS2_PLACEMENT_3D ( 'NONE', #6051, #720, #791 ) ;
#4905 = EDGE_CURVE ( 'NONE', #1831, #3003, #884, .T. ) ;
#4906 = CARTESIAN_POINT ( 'NONE',  ( 0.4500005377251449779, 2.961959353836933155E-07, 0.1000000000000000056 ) ) ;
#4907 = LINE ( 'NONE', #1375, #1165 ) ;
#4908 = ORIENTED_EDGE ( 'NONE', *, *, #5761, .T. ) ;
#4909 = DIRECTION ( 'NONE',  ( 1.000000000000000000, 0.000000000000000000, 0.000000000000000000 ) ) ;
#4910 =( GEOMETRIC_REPRESENTATION_CONTEXT ( 3 ) GLOBAL_UNCERTAINTY_ASSIGNED_CONTEXT ( ( #5787 ) ) GLOBAL_UNIT_ASSIGNED_CONTEXT ( ( #609, #4857, #4781 ) ) REPRESENTATION_CONTEXT ( 'NONE', 'WORKASPACE' ) );
#4911 = FILL_AREA_STYLE ('',( #756 ) ) ;
#4912 = CARTESIAN_POINT ( 'NONE',  ( 5.377251000092223339E-07, 0.2900002961956720249, 0.1000000000000000056 ) ) ;
#4913 = ADVANCED_FACE ( 'NONE', ( #5041 ), #6332, .T. ) ;
#4914 = DIRECTION ( 'NONE',  ( -1.000000000000000000, -0.000000000000000000, 0.000000000000000000 ) ) ;
#4915 = ORIENTED_EDGE ( 'NONE', *, *, #4994, .T. ) ;
#4916 = FILL_AREA_STYLE ('',( #289 ) ) ;
#4917 = ORIENTED_EDGE ( 'NONE', *, *, #1925, .T. ) ;
#4918 = LINE ( 'NONE', #7276, #1355 ) ;
#4919 =( NAMED_UNIT ( * ) SI_UNIT ( $, .STERADIAN. ) SOLID_ANGLE_UNIT ( ) );
#4920 = MECHANICAL_DESIGN_GEOMETRIC_PRESENTATION_REPRESENTATION (  '', ( #1583 ), #6037 ) ;
#4921 = ORIENTED_EDGE ( 'NONE', *, *, #1286, .T. ) ;
#4922 = STYLED_ITEM ( 'NONE', ( #3493 ), #3995 ) ;
#4923 =( GEOMETRIC_REPRESENTATION_CONTEXT ( 3 ) GLOBAL_UNCERTAINTY_ASSIGNED_CONTEXT ( ( #4606 ) ) GLOBAL_UNIT_ASSIGNED_CONTEXT ( ( #4288, #3683, #2392 ) ) REPRESENTATION_CONTEXT ( 'NONE', 'WORKASPACE' ) );
#4924 =( GEOMETRIC_REPRESENTATION_CONTEXT ( 3 ) GLOBAL_UNCERTAINTY_ASSIGNED_CONTEXT ( ( #5418 ) ) GLOBAL_UNIT_ASSIGNED_CONTEXT ( ( #1266, #7120, #4240 ) ) REPRESENTATION_CONTEXT ( 'NONE', 'WORKASPACE' ) );
#4925 = PRESENTATION_LAYER_ASSIGNMENT (  '', '', ( #6047 ) ) ;
#4926 = MECHANICAL_DESIGN_GEOMETRIC_PRESENTATION_REPRESENTATION (  '', ( #6419 ), #3687 ) ;
#4927 = ADVANCED_FACE ( 'NONE', ( #341 ), #999, .T. ) ;
#4928 = DIRECTION ( 'NONE',  ( -0.7071067811855441532, -0.7071067811875509923, 0.000000000000000000 ) ) ;
#4929 = SURFACE_SIDE_STYLE ('',( #4335 ) ) ;
#4930 = DIRECTION ( 'NONE',  ( -0.000000000000000000, 0.000000000000000000, -1.000000000000000000 ) ) ;
#4931 = EDGE_LOOP ( 'NONE', ( #965, #6436, #6096, #1874 ) ) ;
#4932 = DIRECTION ( 'NONE',  ( 1.000000000000000000, 0.000000000000000000, 0.000000000000000000 ) ) ;
#4933 = VERTEX_POINT ( 'NONE', #6367 ) ;
#4934 = VECTOR ( 'NONE', #5947, 1000.000000000000000 ) ;
#4935 = PRESENTATION_LAYER_ASSIGNMENT (  '', '', ( #5426 ) ) ;
#4936 = STYLED_ITEM ( 'NONE', ( #4134 ), #5803 ) ;
#4937 = PLANE ( 'NONE',  #7541 ) ;
#4938 = PRESENTATION_LAYER_ASSIGNMENT (  '', '', ( #6435 ) ) ;
#4939 = CARTESIAN_POINT ( 'NONE',  ( 1.000000537725070027, 1.000000296195939997, 0.4062000000000000055 ) ) ;
#4940 =( GEOMETRIC_REPRESENTATION_CONTEXT ( 3 ) GLOBAL_UNCERTAINTY_ASSIGNED_CONTEXT ( ( #3777 ) ) GLOBAL_UNIT_ASSIGNED_CONTEXT ( ( #2224, #1446, #4297 ) ) REPRESENTATION_CONTEXT ( 'NONE', 'WORKASPACE' ) );
#4941 = ORIENTED_EDGE ( 'NONE', *, *, #7141, .T. ) ;
#4942 = PRESENTATION_LAYER_ASSIGNMENT (  '', '', ( #3948 ) ) ;
#4943 = VECTOR ( 'NONE', #5229, 1000.000000000000000 ) ;
#4944 = DIRECTION ( 'NONE',  ( 1.000000000000000000, 0.000000000000000000, -0.000000000000000000 ) ) ;
#4945 = ADVANCED_FACE ( 'NONE', ( #4133 ), #5779, .F. ) ;
#4946 = CARTESIAN_POINT ( 'NONE',  ( 0.1100005377252279981, 0.4900002914941979926, 0.1000000000000000056 ) ) ;
#4947 = CARTESIAN_POINT ( 'NONE',  ( 0.1100005377252279981, 1.140000291494180029, 0.1000000000000000056 ) ) ;
#4948 = UNCERTAINTY_MEASURE_WITH_UNIT (LENGTH_MEASURE( 1.000000000000000082E-05 ), #5989, 'distance_accuracy_value', 'NONE');
#4949 =( NAMED_UNIT ( * ) SI_UNIT ( $, .STERADIAN. ) SOLID_ANGLE_UNIT ( ) );
#4950 = AXIS2_PLACEMENT_3D ( 'NONE', #2969, #2294, #5398 ) ;
#4951 = CARTESIAN_POINT ( 'NONE',  ( 0.1812143443952660138, 1.590000296195630103, 0.2030000000000000415 ) ) ;
#4952 = EDGE_LOOP ( 'NONE', ( #2818, #6290, #7594, #3091 ) ) ;
#4953 = DIRECTION ( 'NONE',  ( 0.000000000000000000, -0.000000000000000000, -1.000000000000000000 ) ) ;
#4954 = EDGE_CURVE ( 'NONE', #2952, #827, #5273, .T. ) ;
#4955 = MANIFOLD_SOLID_BREP ( 'AP7347DQ_3D_10-1-solid1', #5040 ) ;
#4956 =( GEOMETRIC_REPRESENTATION_CONTEXT ( 3 ) GLOBAL_UNCERTAINTY_ASSIGNED_CONTEXT ( ( #3830 ) ) GLOBAL_UNIT_ASSIGNED_CONTEXT ( ( #3190, #5603, #2600 ) ) REPRESENTATION_CONTEXT ( 'NONE', 'WORKASPACE' ) );
#4957 =( LENGTH_UNIT ( ) NAMED_UNIT ( * ) SI_UNIT ( .MILLI., .METRE. ) );
#4958 = CARTESIAN_POINT ( 'NONE',  ( 1.690000537725149909, 1.850000289965689992, 0.1000000000000000056 ) ) ;
#4959 = FILL_AREA_STYLE ('',( #5458 ) ) ;
#4960 = CARTESIAN_POINT ( 'NONE',  ( 1.800000537725050309, 1.510000300897579972, 0.000000000000000000 ) ) ;
#4961 = VERTEX_POINT ( 'NONE', #2983 ) ;
#4962 = MECHANICAL_DESIGN_GEOMETRIC_PRESENTATION_REPRESENTATION (  '', ( #2113 ), #7065 ) ;
#4963 = CARTESIAN_POINT ( 'NONE',  ( 1.290000537725060070, 0.3100002961958809866, 0.000000000000000000 ) ) ;
#4964 = DIRECTION ( 'NONE',  ( -1.000000000000000000, -0.000000000000000000, 0.000000000000000000 ) ) ;
#4965 = VERTEX_POINT ( 'NONE', #6478 ) ;
#4966 =( NAMED_UNIT ( * ) SI_UNIT ( $, .STERADIAN. ) SOLID_ANGLE_UNIT ( ) );
#4967 = EDGE_CURVE ( 'NONE', #602, #2744, #5902, .T. ) ;
#4968 = FACE_OUTER_BOUND ( 'NONE', #5154, .T. ) ;
#4969 =( LENGTH_UNIT ( ) NAMED_UNIT ( * ) SI_UNIT ( .MILLI., .METRE. ) );
#4970 = VECTOR ( 'NONE', #2193, 1000.000000000000000 ) ;
#4971 =( NAMED_UNIT ( * ) SI_UNIT ( $, .STERADIAN. ) SOLID_ANGLE_UNIT ( ) );
#4972 = MANIFOLD_SOLID_BREP ( 'AP7347DQ_3D_3-1-solid1', #6409 ) ;
#4973 = DIRECTION ( 'NONE',  ( 0.000000000000000000, -1.000000000000000000, -0.000000000000000000 ) ) ;
#4974 = DIRECTION ( 'NONE',  ( 1.000000000000000000, 0.000000000000000000, 0.000000000000000000 ) ) ;
#4975 = EDGE_LOOP ( 'NONE', ( #2284, #1762, #3758, #2422 ) ) ;
#4976 = DIRECTION ( 'NONE',  ( -0.000000000000000000, -0.000000000000000000, -1.000000000000000000 ) ) ;
#4977 = LINE ( 'NONE', #4414, #1253 ) ;
#4978 = AXIS2_PLACEMENT_3D ( 'NONE', #6314, #2796, #5720 ) ;
#4979 = VERTEX_POINT ( 'NONE', #788 ) ;
#4980 = ADVANCED_FACE ( 'NONE', ( #168 ), #5353, .T. ) ;
#4981 = DIRECTION ( 'NONE',  ( 0.000000000000000000, -1.000000000000000000, -0.000000000000000000 ) ) ;
#4982 = MECHANICAL_DESIGN_GEOMETRIC_PRESENTATION_REPRESENTATION (  '', ( #3492 ), #4859 ) ;
#4983 = SURFACE_SIDE_STYLE ('',( #3691 ) ) ;
#4984 = FILL_AREA_STYLE ('',( #235 ) ) ;
#4985 = ORIENTED_EDGE ( 'NONE', *, *, #2161, .T. ) ;
#4986 =( LENGTH_UNIT ( ) NAMED_UNIT ( * ) SI_UNIT ( .MILLI., .METRE. ) );
#4987 = DIRECTION ( 'NONE',  ( -0.000000000000000000, 1.000000000000000000, 0.000000000000000000 ) ) ;
#4988 = VERTEX_POINT ( 'NONE', #130 ) ;
#4989 = CARTESIAN_POINT ( 'NONE',  ( 0.9100005377251819683, 1.690000296195879992, 0.000000000000000000 ) ) ;
#4990 = CARTESIAN_POINT ( 'NONE',  ( 2.000000537725100003, 1.790000291494149964, 0.000000000000000000 ) ) ;
#4991 = ORIENTED_EDGE ( 'NONE', *, *, #4967, .T. ) ;
#4992 =( NAMED_UNIT ( * ) SI_UNIT ( $, .STERADIAN. ) SOLID_ANGLE_UNIT ( ) );
#4993 = STYLED_ITEM ( 'NONE', ( #2824 ), #2640 ) ;
#4994 = EDGE_CURVE ( 'NONE', #108, #5368, #4434, .T. ) ;
#4995 = DIRECTION ( 'NONE',  ( 0.000000000000000000, 0.000000000000000000, 1.000000000000000000 ) ) ;
#4996 = STYLED_ITEM ( 'NONE', ( #1783 ), #3257 ) ;
#4997 = LINE ( 'NONE', #6287, #6808 ) ;
#4998 =( NAMED_UNIT ( * ) PLANE_ANGLE_UNIT ( ) SI_UNIT ( $, .RADIAN. ) );
#4999 = PRESENTATION_STYLE_ASSIGNMENT (( #5717 ) ) ;
#5000 = ORIENTED_EDGE ( 'NONE', *, *, #1819, .F. ) ;
#5001 = CARTESIAN_POINT ( 'NONE',  ( 0.1100005377252279981, 0.4900002914941979926, 0.2030000000000000415 ) ) ;
#5002 = EDGE_LOOP ( 'NONE', ( #3238, #897, #1223, #4915, #6624, #1947 ) ) ;
#5003 = ORIENTED_EDGE ( 'NONE', *, *, #1269, .T. ) ;
#5004 = SURFACE_SIDE_STYLE ('',( #3267 ) ) ;
#5005 = SURFACE_STYLE_FILL_AREA ( #1391 ) ;
#5006 = CARTESIAN_POINT ( 'NONE',  ( 1.970000533023269051, 1.590000296195630991, 0.2030000000000000415 ) ) ;
#5007 = DIRECTION ( 'NONE',  ( -0.000000000000000000, -0.000000000000000000, -1.000000000000000000 ) ) ;
#5008 = FILL_AREA_STYLE ('',( #4461 ) ) ;
#5009 = ADVANCED_FACE ( 'NONE', ( #5980 ), #3747, .T. ) ;
#5010 = ORIENTED_EDGE ( 'NONE', *, *, #7563, .T. ) ;
#5011 =( NAMED_UNIT ( * ) SI_UNIT ( $, .STERADIAN. ) SOLID_ANGLE_UNIT ( ) );
#5012 = FACE_OUTER_BOUND ( 'NONE', #6376, .T. ) ;
#5013 =( LENGTH_UNIT ( ) NAMED_UNIT ( * ) SI_UNIT ( .MILLI., .METRE. ) );
#5014 = VERTEX_POINT ( 'NONE', #7224 ) ;
#5015 = CARTESIAN_POINT ( 'NONE',  ( 1.870000537724990197, 1.000000296246740028, 0.2030000000000000415 ) ) ;
#5016 = COLOUR_RGB ( '',0.7490196078431372584, 0.7490196078431372584, 0.7490196078431372584 ) ;
#5017 = DIRECTION ( 'NONE',  ( 1.000000000000000000, 0.000000000000000000, 0.000000000000000000 ) ) ;
#5018 = CARTESIAN_POINT ( 'NONE',  ( 0.4500005377251449779, 2.961959353342540141E-07, 0.1000000000000000056 ) ) ;
#5019 = ADVANCED_FACE ( 'NONE', ( #1923 ), #4270, .T. ) ;
#5020 = ORIENTED_EDGE ( 'NONE', *, *, #1631, .F. ) ;
#5021 = VECTOR ( 'NONE', #4031, 1000.000000000000000 ) ;
#5022 = FILL_AREA_STYLE_COLOUR ( '', #5112 ) ;
#5023 = COLOUR_RGB ( '',0.7490196078431372584, 0.7490196078431372584, 0.7490196078431372584 ) ;
#5024 = ORIENTED_EDGE ( 'NONE', *, *, #3525, .F. ) ;
#5025 = DIRECTION ( 'NONE',  ( 1.000000000000000000, 0.000000000000000000, 0.000000000000000000 ) ) ;
#5026 = FILL_AREA_STYLE ('',( #1330 ) ) ;
#5027 =( NAMED_UNIT ( * ) PLANE_ANGLE_UNIT ( ) SI_UNIT ( $, .RADIAN. ) );
#5028 = UNCERTAINTY_MEASURE_WITH_UNIT (LENGTH_MEASURE( 1.000000000000000082E-05 ), #4898, 'distance_accuracy_value', 'NONE');
#5029 = FACE_OUTER_BOUND ( 'NONE', #6709, .T. ) ;
#5030 = AXIS2_PLACEMENT_3D ( 'NONE', #5264, #2897, #1109 ) ;
#5031 = ORIENTED_EDGE ( 'NONE', *, *, #6070, .T. ) ;
#5032 = DIRECTION ( 'NONE',  ( -0.000000000000000000, 1.000000000000000000, 0.000000000000000000 ) ) ;
#5033 = FILL_AREA_STYLE_COLOUR ( '', #6021 ) ;
#5034 = ORIENTED_EDGE ( 'NONE', *, *, #2495, .F. ) ;
#5035 = CARTESIAN_POINT ( 'NONE',  ( 1.890000537725309959, 0.2100003008976049912, 0.2030000000000000415 ) ) ;
#5036 = ORIENTED_EDGE ( 'NONE', *, *, #5519, .F. ) ;
#5037 = CARTESIAN_POINT ( 'NONE',  ( 0.1100005377248859939, 0.2100003008976049912, 0.1000000000000000056 ) ) ;
#5038 = VERTEX_POINT ( 'NONE', #3856 ) ;
#5039 = DIRECTION ( 'NONE',  ( -1.000000000000000000, -0.000000000000000000, 0.000000000000000000 ) ) ;
#5040 = CLOSED_SHELL ( 'NONE', ( #7360, #6097, #2678, #6855, #2874, #7596, #4316, #2063 ) ) ;
#5041 = FACE_OUTER_BOUND ( 'NONE', #4296, .T. ) ;
#5042 = EDGE_LOOP ( 'NONE', ( #7271, #5910, #1626, #2501 ) ) ;
#5043 = STYLED_ITEM ( 'NONE', ( #7407 ), #2128 ) ;
#5044 = STYLED_ITEM ( 'NONE', ( #2931 ), #4568 ) ;
#5045 = FACE_OUTER_BOUND ( 'NONE', #1955, .T. ) ;
#5046 = ORIENTED_EDGE ( 'NONE', *, *, #673, .T. ) ;
#5047 = PRESENTATION_STYLE_ASSIGNMENT (( #5205 ) ) ;
#5048 = CARTESIAN_POINT ( 'NONE',  ( 1.550000537725050087, 2.000000296195940219, 0.1000000000000000056 ) ) ;
#5049 = DIRECTION ( 'NONE',  ( 0.000000000000000000, 0.000000000000000000, 1.000000000000000000 ) ) ;
#5050 = SURFACE_SIDE_STYLE ('',( #6306 ) ) ;
#5051 = EDGE_LOOP ( 'NONE', ( #6043, #4651, #3898, #7473 ) ) ;
#5052 = COLOUR_RGB ( '',0.7490196078431372584, 0.7490196078431372584, 0.7490196078431372584 ) ;
#5053 = ADVANCED_FACE ( 'NONE', ( #2160 ), #3294, .T. ) ;
#5054 = CARTESIAN_POINT ( 'NONE',  ( 1.690000537725149909, 0.8000003025424580194, 0.2030000000000000415 ) ) ;
#5055 = FILL_AREA_STYLE_COLOUR ( '', #2701 ) ;
#5056 = EDGE_LOOP ( 'NONE', ( #2680, #4723, #3902, #5702 ) ) ;
#5057 = SURFACE_SIDE_STYLE ('',( #6728 ) ) ;
#5058 = CARTESIAN_POINT ( 'NONE',  ( 2.000000537725100003, 1.590000296195630103, 0.1000000000000000056 ) ) ;
#5059 = PRESENTATION_LAYER_ASSIGNMENT (  '', '', ( #75 ) ) ;
#5060 = COLOUR_RGB ( '',0.7490196078431372584, 0.7490196078431372584, 0.7490196078431372584 ) ;
#5061 = MECHANICAL_DESIGN_GEOMETRIC_PRESENTATION_REPRESENTATION (  '', ( #3807 ), #832 ) ;
#5062 = EDGE_LOOP ( 'NONE', ( #5734, #3260, #1591, #3192 ) ) ;
#5063 = SURFACE_STYLE_USAGE ( .BOTH. , #7494 ) ;
#5064 =( GEOMETRIC_REPRESENTATION_CONTEXT ( 3 ) GLOBAL_UNCERTAINTY_ASSIGNED_CONTEXT ( ( #2424 ) ) GLOBAL_UNIT_ASSIGNED_CONTEXT ( ( #3673, #4880, #3518 ) ) REPRESENTATION_CONTEXT ( 'NONE', 'WORKASPACE' ) );
#5065 = EDGE_CURVE ( 'NONE', #3108, #4518, #6777, .T. ) ;
#5066 =( GEOMETRIC_REPRESENTATION_CONTEXT ( 3 ) GLOBAL_UNCERTAINTY_ASSIGNED_CONTEXT ( ( #149 ) ) GLOBAL_UNIT_ASSIGNED_CONTEXT ( ( #2770, #2236, #991 ) ) REPRESENTATION_CONTEXT ( 'NONE', 'WORKASPACE' ) );
#5067 = PRESENTATION_LAYER_ASSIGNMENT (  '', '', ( #7411 ) ) ;
#5068 = FACE_OUTER_BOUND ( 'NONE', #3490, .T. ) ;
#5069 = CARTESIAN_POINT ( 'NONE',  ( 1.290000537725060070, 0.3100002961958809311, 0.000000000000000000 ) ) ;
#5070 =( LENGTH_UNIT ( ) NAMED_UNIT ( * ) SI_UNIT ( .MILLI., .METRE. ) );
#5071 = PRESENTATION_STYLE_ASSIGNMENT (( #2073 ) ) ;
#5072 = LINE ( 'NONE', #3891, #2536 ) ;
#5073 = ORIENTED_EDGE ( 'NONE', *, *, #4528, .T. ) ;
#5074 = PRESENTATION_LAYER_ASSIGNMENT (  '', '', ( #591 ) ) ;
#5075 = PLANE ( 'NONE',  #771 ) ;
#5076 = CARTESIAN_POINT ( 'NONE',  ( 1.870000537724990197, 1.850000289965689992, 0.1000000000000000056 ) ) ;
#5077 = COLOUR_RGB ( '',0.7490196078431372584, 0.7490196078431372584, 0.7490196078431372584 ) ;
#5078 = DIRECTION ( 'NONE',  ( 0.000000000000000000, -1.000000000000000000, 0.000000000000000000 ) ) ;
#5079 = VECTOR ( 'NONE', #5748, 1000.000000000000000 ) ;
#5080 = ADVANCED_FACE ( 'NONE', ( #5617 ), #5123, .T. ) ;
#5081 = COLOUR_RGB ( '',0.7490196078431372584, 0.7490196078431372584, 0.7490196078431372584 ) ;
#5082 = DIRECTION ( 'NONE',  ( 0.000000000000000000, 0.000000000000000000, 1.000000000000000000 ) ) ;
#5083 =( NAMED_UNIT ( * ) SI_UNIT ( $, .STERADIAN. ) SOLID_ANGLE_UNIT ( ) );
#5084 = ORIENTED_EDGE ( 'NONE', *, *, #2287, .T. ) ;
#5085 =( NAMED_UNIT ( * ) SI_UNIT ( $, .STERADIAN. ) SOLID_ANGLE_UNIT ( ) );
#5086 = ORIENTED_EDGE ( 'NONE', *, *, #3071, .T. ) ;
#5087 = SURFACE_STYLE_FILL_AREA ( #6437 ) ;
#5088 = FILL_AREA_STYLE_COLOUR ( '', #3885 ) ;
#5089 = ORIENTED_EDGE ( 'NONE', *, *, #3207, .T. ) ;
#5090 = DIRECTION ( 'NONE',  ( 1.000000000000000000, 0.000000000000000000, 0.000000000000000000 ) ) ;
#5091 = VECTOR ( 'NONE', #689, 1000.000000000000000 ) ;
#5092 = UNCERTAINTY_MEASURE_WITH_UNIT (LENGTH_MEASURE( 1.000000000000000082E-05 ), #7245, 'distance_accuracy_value', 'NONE');
#5093 =( NAMED_UNIT ( * ) PLANE_ANGLE_UNIT ( ) SI_UNIT ( $, .RADIAN. ) );
#5094 =( NAMED_UNIT ( * ) PLANE_ANGLE_UNIT ( ) SI_UNIT ( $, .RADIAN. ) );
#5095 = FACE_OUTER_BOUND ( 'NONE', #7510, .T. ) ;
#5096 = VECTOR ( 'NONE', #6337, 1000.000000000000000 ) ;
#5097 = DIRECTION ( 'NONE',  ( -1.000000000000000000, -0.000000000000000000, 0.000000000000000000 ) ) ;
#5098 = FILL_AREA_STYLE_COLOUR ( '', #1254 ) ;
#5099 = FILL_AREA_STYLE ('',( #353 ) ) ;
#5100 =( NAMED_UNIT ( * ) SI_UNIT ( $, .STERADIAN. ) SOLID_ANGLE_UNIT ( ) );
#5101 =( NAMED_UNIT ( * ) SI_UNIT ( $, .STERADIAN. ) SOLID_ANGLE_UNIT ( ) );
#5102 = VERTEX_POINT ( 'NONE', #4044 ) ;
#5103 =( NAMED_UNIT ( * ) SI_UNIT ( $, .STERADIAN. ) SOLID_ANGLE_UNIT ( ) );
#5104 = VECTOR ( 'NONE', #2938, 1000.000000000000000 ) ;
#5105 = VECTOR ( 'NONE', #6357, 1000.000000000000000 ) ;
#5106 = ADVANCED_FACE ( 'NONE', ( #5854 ), #2302, .T. ) ;
#5107 = SURFACE_STYLE_USAGE ( .BOTH. , #360 ) ;
#5108 = ORIENTED_EDGE ( 'NONE', *, *, #5592, .T. ) ;
#5109 = DIRECTION ( 'NONE',  ( 0.000000000000000000, -0.000000000000000000, -1.000000000000000000 ) ) ;
#5110 = FILL_AREA_STYLE ('',( #3395 ) ) ;
#5111 = PRESENTATION_LAYER_ASSIGNMENT (  '', '', ( #5227 ) ) ;
#5112 = COLOUR_RGB ( '',0.7490196078431372584, 0.7490196078431372584, 0.7490196078431372584 ) ;
#5113 = PLANE ( 'NONE',  #6189 ) ;
#5114 = DIRECTION ( 'NONE',  ( 1.000000000000000000, 0.000000000000000000, -0.000000000000000000 ) ) ;
#5115 = SURFACE_STYLE_FILL_AREA ( #7426 ) ;
#5116 = UNCERTAINTY_MEASURE_WITH_UNIT (LENGTH_MEASURE( 1.000000000000000082E-05 ), #7538, 'distance_accuracy_value', 'NONE');
#5117 = DIRECTION ( 'NONE',  ( -1.000000000000000000, -0.000000000000000000, 0.000000000000000000 ) ) ;
#5118 = ORIENTED_EDGE ( 'NONE', *, *, #2018, .F. ) ;
#5119 = ADVANCED_FACE ( 'NONE', ( #2932 ), #3543, .T. ) ;
#5120 = STYLED_ITEM ( 'NONE', ( #4463 ), #1156 ) ;
#5121 = COLOUR_RGB ( '',0.7490196078431372584, 0.7490196078431372584, 0.7490196078431372584 ) ;
#5122 =( NAMED_UNIT ( * ) PLANE_ANGLE_UNIT ( ) SI_UNIT ( $, .RADIAN. ) );
#5123 = PLANE ( 'NONE',  #719 ) ;
#5124 = LINE ( 'NONE', #2123, #6143 ) ;
#5125 = PRESENTATION_LAYER_ASSIGNMENT (  '', '', ( #766 ) ) ;
#5126 = ORIENTED_EDGE ( 'NONE', *, *, #7047, .F. ) ;
#5127 = VERTEX_POINT ( 'NONE', #1769 ) ;
#5128 = ADVANCED_FACE ( 'NONE', ( #5228 ), #4011, .T. ) ;
#5129 = ORIENTED_EDGE ( 'NONE', *, *, #4954, .T. ) ;
#5130 = SURFACE_SIDE_STYLE ('',( #2051 ) ) ;
#5131 =( GEOMETRIC_REPRESENTATION_CONTEXT ( 3 ) GLOBAL_UNCERTAINTY_ASSIGNED_CONTEXT ( ( #279 ) ) GLOBAL_UNIT_ASSIGNED_CONTEXT ( ( #6467, #982, #1546 ) ) REPRESENTATION_CONTEXT ( 'NONE', 'WORKASPACE' ) );
#5132 = DIRECTION ( 'NONE',  ( 1.000000000000000000, 0.000000000000000000, 0.000000000000000000 ) ) ;
#5133 = MECHANICAL_DESIGN_GEOMETRIC_PRESENTATION_REPRESENTATION (  '', ( #3994 ), #7583 ) ;
#5134 = SURFACE_STYLE_USAGE ( .BOTH. , #6497 ) ;
#5135 = LINE ( 'NONE', #6837, #2982 ) ;
#5136 = CARTESIAN_POINT ( 'NONE',  ( 0.2000005377251450334, 1.610000300897580283, 0.1000000000000000056 ) ) ;
#5137 = DIRECTION ( 'NONE',  ( 1.000000000000000000, 0.000000000000000000, 0.000000000000000000 ) ) ;
#5138 = LINE ( 'NONE', #7556, #1271 ) ;
#5139 = FILL_AREA_STYLE ('',( #6342 ) ) ;
#5140 = DIRECTION ( 'NONE',  ( -0.000000000000000000, -0.000000000000000000, -1.000000000000000000 ) ) ;
#5141 = PLANE ( 'NONE',  #7255 ) ;
#5142 = ORIENTED_EDGE ( 'NONE', *, *, #7098, .F. ) ;
#5143 = PRESENTATION_STYLE_ASSIGNMENT (( #5517 ) ) ;
#5144 = EDGE_CURVE ( 'NONE', #3521, #2744, #4795, .T. ) ;
#5145 = FILL_AREA_STYLE ('',( #2148 ) ) ;
#5146 = PRESENTATION_STYLE_ASSIGNMENT (( #5811 ) ) ;
#5147 = ORIENTED_EDGE ( 'NONE', *, *, #11, .F. ) ;
#5148 =( LENGTH_UNIT ( ) NAMED_UNIT ( * ) SI_UNIT ( .MILLI., .METRE. ) );
#5149 = COLOUR_RGB ( '',0.7490196078431372584, 0.7490196078431372584, 0.7490196078431372584 ) ;
#5150 = VECTOR ( 'NONE', #1038, 1000.000000000000000 ) ;
#5151 = DIRECTION ( 'NONE',  ( 0.000000000000000000, -0.000000000000000000, 1.000000000000000000 ) ) ;
#5152 = EDGE_CURVE ( 'NONE', #6211, #165, #7146, .T. ) ;
#5153 = AXIS2_PLACEMENT_3D ( 'NONE', #3513, #1770, #6474 ) ;
#5154 = EDGE_LOOP ( 'NONE', ( #1268, #1651, #764, #2516 ) ) ;
#5155 = ORIENTED_EDGE ( 'NONE', *, *, #2736, .F. ) ;
#5156 = VERTEX_POINT ( 'NONE', #2406 ) ;
#5157 = DIRECTION ( 'NONE',  ( -0.000000000000000000, -0.000000000000000000, -1.000000000000000000 ) ) ;
#5158 = UNCERTAINTY_MEASURE_WITH_UNIT (LENGTH_MEASURE( 1.000000000000000082E-05 ), #7368, 'distance_accuracy_value', 'NONE');
#5159 = SURFACE_STYLE_USAGE ( .BOTH. , #5130 ) ;
#5160 = FILL_AREA_STYLE ('',( #2244 ) ) ;
#5161 = EDGE_CURVE ( 'NONE', #1331, #2332, #4303, .T. ) ;
#5162 = SURFACE_STYLE_FILL_AREA ( #3411 ) ;
#5163 = CARTESIAN_POINT ( 'NONE',  ( 0.4500005377251449779, 1.000000296195949989, 0.2030000000000000415 ) ) ;
#5164 = VECTOR ( 'NONE', #4274, 1000.000000000000000 ) ;
#5165 = DIRECTION ( 'NONE',  ( -0.000000000000000000, 1.000000000000000000, 0.000000000000000000 ) ) ;
#5166 = SURFACE_STYLE_FILL_AREA ( #4733 ) ;
#5167 = SURFACE_STYLE_FILL_AREA ( #1707 ) ;
#5168 =( LENGTH_UNIT ( ) NAMED_UNIT ( * ) SI_UNIT ( .MILLI., .METRE. ) );
#5169 = CARTESIAN_POINT ( 'NONE',  ( 0.03000054242693269910, 0.2900002961956720249, 0.1000000000000000056 ) ) ;
#5170 = ADVANCED_FACE ( 'NONE', ( #7254 ), #1370, .T. ) ;
#5171 = LINE ( 'NONE', #309, #1620 ) ;
#5172 = EDGE_LOOP ( 'NONE', ( #5394, #6019, #5402, #5307 ) ) ;
#5173 = FILL_AREA_STYLE_COLOUR ( '', #4823 ) ;
#5174 = DIRECTION ( 'NONE',  ( 1.000000000000000000, 0.000000000000000000, 0.000000000000000000 ) ) ;
#5175 = PRESENTATION_STYLE_ASSIGNMENT (( #5063 ) ) ;
#5176 = ORIENTED_EDGE ( 'NONE', *, *, #4222, .T. ) ;
#5177 = STYLED_ITEM ( 'NONE', ( #7687 ), #227 ) ;
#5178 = COLOUR_RGB ( '',0.7490196078431372584, 0.7490196078431372584, 0.7490196078431372584 ) ;
#5179 = SURFACE_STYLE_FILL_AREA ( #6422 ) ;
#5180 = MECHANICAL_DESIGN_GEOMETRIC_PRESENTATION_REPRESENTATION (  '', ( #1324 ), #955 ) ;
#5181 = PRESENTATION_LAYER_ASSIGNMENT (  '', '', ( #3807 ) ) ;
#5182 = DIRECTION ( 'NONE',  ( -0.000000000000000000, 1.000000000000000000, 0.000000000000000000 ) ) ;
#5183 =( LENGTH_UNIT ( ) NAMED_UNIT ( * ) SI_UNIT ( .MILLI., .METRE. ) );
#5184 = LINE ( 'NONE', #5223, #873 ) ;
#5185 = ORIENTED_EDGE ( 'NONE', *, *, #436, .T. ) ;
#5186 = DIRECTION ( 'NONE',  ( 0.000000000000000000, -1.000000000000000000, 0.000000000000000000 ) ) ;
#5187 = VECTOR ( 'NONE', #5397, 1000.000000000000000 ) ;
#5188 = VECTOR ( 'NONE', #222, 1000.000000000000000 ) ;
#5189 =( LENGTH_UNIT ( ) NAMED_UNIT ( * ) SI_UNIT ( .MILLI., .METRE. ) );
#5190 = ADVANCED_FACE ( 'NONE', ( #3087 ), #5448, .F. ) ;
#5191 = LINE ( 'NONE', #1737, #1718 ) ;
#5192 = FILL_AREA_STYLE_COLOUR ( '', #6025 ) ;
#5193 = MECHANICAL_DESIGN_GEOMETRIC_PRESENTATION_REPRESENTATION (  '', ( #3574 ), #6653 ) ;
#5194 = EDGE_LOOP ( 'NONE', ( #125, #3646, #861, #7312 ) ) ;
#5195 = VERTEX_POINT ( 'NONE', #4989 ) ;
#5196 = COLOUR_RGB ( '',0.7490196078431372584, 0.7490196078431372584, 0.7490196078431372584 ) ;
#5197 = EDGE_CURVE ( 'NONE', #6821, #3696, #6118, .T. ) ;
#5198 = DIRECTION ( 'NONE',  ( 1.000000000000000000, 0.000000000000000000, 0.000000000000000000 ) ) ;
#5199 = SURFACE_SIDE_STYLE ('',( #6399 ) ) ;
#5200 = LINE ( 'NONE', #2748, #4691 ) ;
#5201 = UNCERTAINTY_MEASURE_WITH_UNIT (LENGTH_MEASURE( 1.000000000000000082E-05 ), #5384, 'distance_accuracy_value', 'NONE');
#5202 = ORIENTED_EDGE ( 'NONE', *, *, #1880, .T. ) ;
#5203 = DIRECTION ( 'NONE',  ( -1.000000000000000000, -0.000000000000000000, 0.000000000000000000 ) ) ;
#5204 = SURFACE_SIDE_STYLE ('',( #391 ) ) ;
#5205 = SURFACE_STYLE_USAGE ( .BOTH. , #3274 ) ;
#5206 = VERTEX_POINT ( 'NONE', #240 ) ;
#5207 = EDGE_CURVE ( 'NONE', #1164, #809, #4349, .T. ) ;
#5208 = DIRECTION ( 'NONE',  ( -0.000000000000000000, 0.000000000000000000, -1.000000000000000000 ) ) ;
#5209 = FILL_AREA_STYLE_COLOUR ( '', #141 ) ;
#5210 =( NAMED_UNIT ( * ) PLANE_ANGLE_UNIT ( ) SI_UNIT ( $, .RADIAN. ) );
#5211 = VERTEX_POINT ( 'NONE', #781 ) ;
#5212 = PRESENTATION_STYLE_ASSIGNMENT (( #4543 ) ) ;
#5213 = ADVANCED_FACE ( 'NONE', ( #276 ), #865, .T. ) ;
#5214 = PRESENTATION_LAYER_ASSIGNMENT (  '', '', ( #7179 ) ) ;
#5215 = DIRECTION ( 'NONE',  ( 1.000000000000000000, 0.000000000000000000, 0.000000000000000000 ) ) ;
#5216 = VERTEX_POINT ( 'NONE', #4432 ) ;
#5217 = CARTESIAN_POINT ( 'NONE',  ( 5.377251000113907382E-07, 1.140000291494160045, 0.000000000000000000 ) ) ;
#5218 = PRESENTATION_LAYER_ASSIGNMENT (  '', '', ( #872 ) ) ;
#5219 = PRESENTATION_LAYER_ASSIGNMENT (  '', '', ( #1987 ) ) ;
#5220 =( NAMED_UNIT ( * ) PLANE_ANGLE_UNIT ( ) SI_UNIT ( $, .RADIAN. ) );
#5221 =( NAMED_UNIT ( * ) PLANE_ANGLE_UNIT ( ) SI_UNIT ( $, .RADIAN. ) );
#5222 =( LENGTH_UNIT ( ) NAMED_UNIT ( * ) SI_UNIT ( .MILLI., .METRE. ) );
#5223 = CARTESIAN_POINT ( 'NONE',  ( 1.818786731054929939, 1.710000296195629987, 0.2030000000000000415 ) ) ;
#5224 = VERTEX_POINT ( 'NONE', #4821 ) ;
#5225 = CARTESIAN_POINT ( 'NONE',  ( 1.870000537724990197, 1.450000302542429953, 0.2030000000000000415 ) ) ;
#5226 = CARTESIAN_POINT ( 'NONE',  ( 0.3100005377250449334, 1.850000289965689992, 0.2030000000000000415 ) ) ;
#5227 = STYLED_ITEM ( 'NONE', ( #5329 ), #7554 ) ;
#5228 = FACE_OUTER_BOUND ( 'NONE', #5719, .T. ) ;
#5229 = DIRECTION ( 'NONE',  ( -1.000000000000000000, 3.235507100339109776E-13, 0.000000000000000000 ) ) ;
#5230 = SURFACE_STYLE_FILL_AREA ( #2853 ) ;
#5231 = MECHANICAL_DESIGN_GEOMETRIC_PRESENTATION_REPRESENTATION (  '', ( #4343 ), #1137 ) ;
#5232 = ORIENTED_EDGE ( 'NONE', *, *, #2972, .T. ) ;
#5233 = ORIENTED_EDGE ( 'NONE', *, *, #7141, .F. ) ;
#5234 = LINE ( 'NONE', #2901, #5266 ) ;
#5235 = FILL_AREA_STYLE_COLOUR ( '', #6053 ) ;
#5236 = FILL_AREA_STYLE_COLOUR ( '', #7285 ) ;
#5237 = CARTESIAN_POINT ( 'NONE',  ( 1.800000537725034100, 1.510000300897579972, 0.000000000000000000 ) ) ;
#5238 =( GEOMETRIC_REPRESENTATION_CONTEXT ( 3 ) GLOBAL_UNCERTAINTY_ASSIGNED_CONTEXT ( ( #1719 ) ) GLOBAL_UNIT_ASSIGNED_CONTEXT ( ( #2587, #65, #7176 ) ) REPRESENTATION_CONTEXT ( 'NONE', 'WORKASPACE' ) );
#5239 = DIRECTION ( 'NONE',  ( -0.000000000000000000, 0.000000000000000000, -1.000000000000000000 ) ) ;
#5240 = VERTEX_POINT ( 'NONE', #4212 ) ;
#5241 =( LENGTH_UNIT ( ) NAMED_UNIT ( * ) SI_UNIT ( .MILLI., .METRE. ) );
#5242 = CARTESIAN_POINT ( 'NONE',  ( 1.870000537724990197, 1.450000302542429953, 0.1000000000000000056 ) ) ;
#5243 = CARTESIAN_POINT ( 'NONE',  ( 1.011113246775940055, 0.9765644598023180967, 0.1000000000000000056 ) ) ;
#5244 = SURFACE_STYLE_FILL_AREA ( #3494 ) ;
#5245 = UNCERTAINTY_MEASURE_WITH_UNIT (LENGTH_MEASURE( 1.000000000000000082E-05 ), #5565, 'distance_accuracy_value', 'NONE');
#5246 = EDGE_CURVE ( 'NONE', #4024, #1715, #5510, .T. ) ;
#5247 = CARTESIAN_POINT ( 'NONE',  ( 0.2000005377251616867, 1.140000291494150053, 0.1000000000000000056 ) ) ;
#5248 = ORIENTED_EDGE ( 'NONE', *, *, #7315, .F. ) ;
#5249 =( NAMED_UNIT ( * ) SI_UNIT ( $, .STERADIAN. ) SOLID_ANGLE_UNIT ( ) );
#5250 = LINE ( 'NONE', #1834, #5511 ) ;
#5251 = ORIENTED_EDGE ( 'NONE', *, *, #3357, .T. ) ;
#5252 = SURFACE_STYLE_FILL_AREA ( #2363 ) ;
#5253 = ADVANCED_FACE ( 'NONE', ( #186 ), #4890, .T. ) ;
#5254 = CARTESIAN_POINT ( 'NONE',  ( 0.3100005377250449889, 1.450000302542429953, 0.1000000000000000056 ) ) ;
#5255 = CARTESIAN_POINT ( 'NONE',  ( 0.2000005377251460048, 1.690000291494129891, 0.1000000000000000056 ) ) ;
#5256 = ORIENTED_EDGE ( 'NONE', *, *, #6011, .T. ) ;
#5257 = PLANE ( 'NONE',  #2643 ) ;
#5258 = LINE ( 'NONE', #3474, #685 ) ;
#5259 = MANIFOLD_SOLID_BREP ( 'AP7347DQ_3D_13-1-solid1', #3183 ) ;
#5260 = VECTOR ( 'NONE', #1104, 1000.000000000000000 ) ;
#5261 = EDGE_CURVE ( 'NONE', #3662, #4988, #7134, .T. ) ;
#5262 = VECTOR ( 'NONE', #2534, 1000.000000000000000 ) ;
#5263 = CARTESIAN_POINT ( 'NONE',  ( 5.377251000027170150E-07, 0.2100003008976049912, 0.000000000000000000 ) ) ;
#5264 = CARTESIAN_POINT ( 'NONE',  ( 1.800000537725050309, 1.040000291494149964, 0.1000000000000000056 ) ) ;
#5265 = ORIENTED_EDGE ( 'NONE', *, *, #110, .T. ) ;
#5266 = VECTOR ( 'NONE', #5157, 1000.000000000000000 ) ;
#5267 = VECTOR ( 'NONE', #776, 1000.000000000000000 ) ;
#5268 = ORIENTED_EDGE ( 'NONE', *, *, #5300, .F. ) ;
#5269 = COLOUR_RGB ( '',0.7490196078431372584, 0.7490196078431372584, 0.7490196078431372584 ) ;
#5270 = SURFACE_SIDE_STYLE ('',( #5087 ) ) ;
#5271 = ORIENTED_EDGE ( 'NONE', *, *, #3002, .F. ) ;
#5272 = PLANE ( 'NONE',  #4519 ) ;
#5273 = LINE ( 'NONE', #2860, #4292 ) ;
#5274 = UNCERTAINTY_MEASURE_WITH_UNIT (LENGTH_MEASURE( 1.000000000000000082E-05 ), #3899, 'distance_accuracy_value', 'NONE');
#5275 = LINE ( 'NONE', #2821, #1949 ) ;
#5276 = LINE ( 'NONE', #6912, #5531 ) ;
#5277 = ORIENTED_EDGE ( 'NONE', *, *, #7175, .T. ) ;
#5278 = FILL_AREA_STYLE ('',( #2787 ) ) ;
#5279 = EDGE_LOOP ( 'NONE', ( #2194, #2473, #1836, #1935, #2869, #5422, #3635, #2757, #5375, #6705, #6907, #6544 ) ) ;
#5280 = FILL_AREA_STYLE_COLOUR ( '', #5542 ) ;
#5281 = LINE ( 'NONE', #6558, #701 ) ;
#5282 = EDGE_CURVE ( 'NONE', #2656, #7365, #7290, .T. ) ;
#5283 = VECTOR ( 'NONE', #5612, 1000.000000000000000 ) ;
#5284 = SURFACE_STYLE_USAGE ( .BOTH. , #7562 ) ;
#5285 = ORIENTED_EDGE ( 'NONE', *, *, #4633, .T. ) ;
#5286 = FILL_AREA_STYLE_COLOUR ( '', #1244 ) ;
#5287 = PRESENTATION_STYLE_ASSIGNMENT (( #527 ) ) ;
#5288 = ORIENTED_EDGE ( 'NONE', *, *, #724, .F. ) ;
#5289 = EDGE_CURVE ( 'NONE', #2057, #1110, #3031, .T. ) ;
#5290 =( NAMED_UNIT ( * ) PLANE_ANGLE_UNIT ( ) SI_UNIT ( $, .RADIAN. ) );
#5291 = CARTESIAN_POINT ( 'NONE',  ( 1.873321717579730095, 1.650000296195849980, 0.000000000000000000 ) ) ;
#5292 = SURFACE_STYLE_FILL_AREA ( #3607 ) ;
#5293 = LINE ( 'NONE', #7076, #5483 ) ;
#5294 = FACE_OUTER_BOUND ( 'NONE', #4402, .T. ) ;
#5295 = FACE_OUTER_BOUND ( 'NONE', #323, .T. ) ;
#5296 = FILL_AREA_STYLE ('',( #1650 ) ) ;
#5297 = AXIS2_PLACEMENT_3D ( 'NONE', #1690, #4087, #6470 ) ;
#5298 = EDGE_LOOP ( 'NONE', ( #3788, #4720, #7440, #7582 ) ) ;
#5299 = DIRECTION ( 'NONE',  ( -1.000000000000000000, -0.000000000000000000, -0.000000000000000000 ) ) ;
#5300 = EDGE_CURVE ( 'NONE', #2639, #1520, #1237, .T. ) ;
#5301 = LINE ( 'NONE', #6969, #7060 ) ;
#5302 = MECHANICAL_DESIGN_GEOMETRIC_PRESENTATION_REPRESENTATION (  '', ( #953 ), #2565 ) ;
#5303 = VECTOR ( 'NONE', #7286, 999.9999999999998863 ) ;
#5304 =( GEOMETRIC_REPRESENTATION_CONTEXT ( 3 ) GLOBAL_UNCERTAINTY_ASSIGNED_CONTEXT ( ( #2611 ) ) GLOBAL_UNIT_ASSIGNED_CONTEXT ( ( #1670, #3459, #606 ) ) REPRESENTATION_CONTEXT ( 'NONE', 'WORKASPACE' ) );
#5305 =( NAMED_UNIT ( * ) PLANE_ANGLE_UNIT ( ) SI_UNIT ( $, .RADIAN. ) );
#5306 = LINE ( 'NONE', #5409, #2267 ) ;
#5307 = ORIENTED_EDGE ( 'NONE', *, *, #5781, .F. ) ;
#5308 = DIRECTION ( 'NONE',  ( 0.000000000000000000, 1.000000000000000000, 0.000000000000000000 ) ) ;
#5309 = ORIENTED_EDGE ( 'NONE', *, *, #5246, .T. ) ;
#5310 = VECTOR ( 'NONE', #5203, 1000.000000000000000 ) ;
#5311 = FILL_AREA_STYLE_COLOUR ( '', #4331 ) ;
#5312 = DIRECTION ( 'NONE',  ( -0.000000000000000000, 0.000000000000000000, -1.000000000000000000 ) ) ;
#5313 = COLOUR_RGB ( '',0.7490196078431372584, 0.7490196078431372584, 0.7490196078431372584 ) ;
#5314 = EDGE_CURVE ( 'NONE', #3049, #6190, #693, .T. ) ;
#5315 =( NAMED_UNIT ( * ) PLANE_ANGLE_UNIT ( ) SI_UNIT ( $, .RADIAN. ) );
#5316 = FILL_AREA_STYLE_COLOUR ( '', #5313 ) ;
#5317 = SURFACE_SIDE_STYLE ('',( #2943 ) ) ;
#5318 = LINE ( 'NONE', #6050, #585 ) ;
#5319 = CARTESIAN_POINT ( 'NONE',  ( 0.7150011077279719851, 1.297499701195750088, 0.2283999999999999919 ) ) ;
#5320 = PLANE ( 'NONE',  #966 ) ;
#5321 = ORIENTED_EDGE ( 'NONE', *, *, #2413, .F. ) ;
#5322 = PRESENTATION_STYLE_ASSIGNMENT (( #4771 ) ) ;
#5323 = SURFACE_STYLE_FILL_AREA ( #5278 ) ;
#5324 = VERTEX_POINT ( 'NONE', #1906 ) ;
#5325 = CARTESIAN_POINT ( 'NONE',  ( 0.6000005377252359828, 0.1500002961959130132, 0.1000000000000000056 ) ) ;
#5326 = SURFACE_STYLE_FILL_AREA ( #2954 ) ;
#5327 = VECTOR ( 'NONE', #7395, 1000.000000000000000 ) ;
#5328 = ORIENTED_EDGE ( 'NONE', *, *, #6494, .F. ) ;
#5329 = PRESENTATION_STYLE_ASSIGNMENT (( #5955 ) ) ;
#5330 = SURFACE_STYLE_USAGE ( .BOTH. , #4860 ) ;
#5331 = MANIFOLD_SOLID_BREP ( 'AP7347DQ_3D_6-1-solid1', #6295 ) ;
#5332 = ORIENTED_EDGE ( 'NONE', *, *, #810, .T. ) ;
#5333 = UNCERTAINTY_MEASURE_WITH_UNIT (LENGTH_MEASURE( 1.000000000000000082E-05 ), #5336, 'distance_accuracy_value', 'NONE');
#5334 = CARTESIAN_POINT ( 'NONE',  ( 1.890000537725309959, 0.8600003008975819485, 0.2030000000000000415 ) ) ;
#5335 =( NAMED_UNIT ( * ) SI_UNIT ( $, .STERADIAN. ) SOLID_ANGLE_UNIT ( ) );
#5336 =( LENGTH_UNIT ( ) NAMED_UNIT ( * ) SI_UNIT ( .MILLI., .METRE. ) );
#5337 =( NAMED_UNIT ( * ) SI_UNIT ( $, .STERADIAN. ) SOLID_ANGLE_UNIT ( ) );
#5338 = ORIENTED_EDGE ( 'NONE', *, *, #197, .T. ) ;
#5339 = CARTESIAN_POINT ( 'NONE',  ( 1.970000533023269940, 0.2900002961956720249, 0.1000000000000000056 ) ) ;
#5340 = SURFACE_SIDE_STYLE ('',( #34 ) ) ;
#5341 =( NAMED_UNIT ( * ) SI_UNIT ( $, .STERADIAN. ) SOLID_ANGLE_UNIT ( ) );
#5342 = VECTOR ( 'NONE', #246, 1000.000000000000000 ) ;
#5343 = SURFACE_STYLE_FILL_AREA ( #5373 ) ;
#5344 = EDGE_CURVE ( 'NONE', #221, #7278, #3922, .T. ) ;
#5345 = LINE ( 'NONE', #1062, #428 ) ;
#5346 = SURFACE_STYLE_USAGE ( .BOTH. , #3622 ) ;
#5347 =( NAMED_UNIT ( * ) PLANE_ANGLE_UNIT ( ) SI_UNIT ( $, .RADIAN. ) );
#5348 = VERTEX_POINT ( 'NONE', #2149 ) ;
#5349 = MECHANICAL_DESIGN_GEOMETRIC_PRESENTATION_REPRESENTATION (  '', ( #4340 ), #6471 ) ;
#5350 = CARTESIAN_POINT ( 'NONE',  ( 2.000000537725100003, 0.9400002961956489544, 0.1000000000000000056 ) ) ;
#5351 = VERTEX_POINT ( 'NONE', #5217 ) ;
#5352 =( NAMED_UNIT ( * ) SI_UNIT ( $, .STERADIAN. ) SOLID_ANGLE_UNIT ( ) );
#5353 = PLANE ( 'NONE',  #5558 ) ;
#5354 = STYLED_ITEM ( 'NONE', ( #5047 ), #7632 ) ;
#5355 = ADVANCED_FACE ( 'NONE', ( #5068 ), #2265, .T. ) ;
#5356 = CARTESIAN_POINT ( 'NONE',  ( 0.7100005377251360494, 1.490000296195830076, 0.000000000000000000 ) ) ;
#5357 = DIRECTION ( 'NONE',  ( 0.000000000000000000, 1.000000000000000000, 0.000000000000000000 ) ) ;
#5358 = AXIS2_PLACEMENT_3D ( 'NONE', #2558, #3765, #2027 ) ;
#5359 = ORIENTED_EDGE ( 'NONE', *, *, #259, .F. ) ;
#5360 = CARTESIAN_POINT ( 'NONE',  ( 0.1100005377252270128, 1.790000291494149964, 0.1000000000000000056 ) ) ;
#5361 = FILL_AREA_STYLE ('',( #735 ) ) ;
#5362 =( NAMED_UNIT ( * ) PLANE_ANGLE_UNIT ( ) SI_UNIT ( $, .RADIAN. ) );
#5363 = UNCERTAINTY_MEASURE_WITH_UNIT (LENGTH_MEASURE( 1.000000000000000082E-05 ), #6871, 'distance_accuracy_value', 'NONE');
#5364 =( GEOMETRIC_REPRESENTATION_CONTEXT ( 3 ) GLOBAL_UNCERTAINTY_ASSIGNED_CONTEXT ( ( #2529 ) ) GLOBAL_UNIT_ASSIGNED_CONTEXT ( ( #3877, #3313, #5100 ) ) REPRESENTATION_CONTEXT ( 'NONE', 'WORKASPACE' ) );
#5365 = STYLED_ITEM ( 'NONE', ( #3399 ), #2760 ) ;
#5366 = PLANE ( 'NONE',  #7252 ) ;
#5367 = FILL_AREA_STYLE_COLOUR ( '', #995 ) ;
#5368 = VERTEX_POINT ( 'NONE', #5758 ) ;
#5369 = CARTESIAN_POINT ( 'NONE',  ( 2.000000537725100003, 0.4900002914941979926, 0.000000000000000000 ) ) ;
#5370 = DIRECTION ( 'NONE',  ( 1.000000000000000000, 0.000000000000000000, -0.000000000000000000 ) ) ;
#5371 = SURFACE_STYLE_FILL_AREA ( #660 ) ;
#5372 = EDGE_CURVE ( 'NONE', #1904, #913, #4694, .T. ) ;
#5373 = FILL_AREA_STYLE ('',( #6542 ) ) ;
#5374 =( NAMED_UNIT ( * ) PLANE_ANGLE_UNIT ( ) SI_UNIT ( $, .RADIAN. ) );
#5375 = ORIENTED_EDGE ( 'NONE', *, *, #4408, .F. ) ;
#5376 = CARTESIAN_POINT ( 'NONE',  ( 0.3000005377251450112, 0.3100003008976269792, 0.1000000000000000056 ) ) ;
#5377 = EDGE_CURVE ( 'NONE', #6349, #4577, #2799, .T. ) ;
#5378 =( LENGTH_UNIT ( ) NAMED_UNIT ( * ) SI_UNIT ( .MILLI., .METRE. ) );
#5379 = CARTESIAN_POINT ( 'NONE',  ( 0.2000005377251450334, 1.610000300897580283, 0.000000000000000000 ) ) ;
#5380 = COLOUR_RGB ( '',0.7490196078431372584, 0.7490196078431372584, 0.7490196078431372584 ) ;
#5381 = VERTEX_POINT ( 'NONE', #2229 ) ;
#5382 = CARTESIAN_POINT ( 'NONE',  ( 1.970000533023269051, 0.9400002961956497316, 0.1000000000000000056 ) ) ;
#5383 = CARTESIAN_POINT ( 'NONE',  ( 1.284999967722169956, 1.297499701195750088, 0.2030000000000000415 ) ) ;
#5384 =( LENGTH_UNIT ( ) NAMED_UNIT ( * ) SI_UNIT ( .MILLI., .METRE. ) );
#5385 = SURFACE_SIDE_STYLE ('',( #4772 ) ) ;
#5386 = DIRECTION ( 'NONE',  ( -0.7071067811865474617, -0.7071067811865474617, 0.000000000000000000 ) ) ;
#5387 = EDGE_CURVE ( 'NONE', #6255, #3353, #6965, .T. ) ;
#5388 = CYLINDRICAL_SURFACE ( 'NONE', #1592, 0.09999999999999990841 ) ;
#5389 =( LENGTH_UNIT ( ) NAMED_UNIT ( * ) SI_UNIT ( .MILLI., .METRE. ) );
#5390 = ORIENTED_EDGE ( 'NONE', *, *, #4339, .F. ) ;
#5391 = SURFACE_SIDE_STYLE ('',( #7637 ) ) ;
#5392 = DIRECTION ( 'NONE',  ( 1.000000000000000000, 0.000000000000000000, -0.000000000000000000 ) ) ;
#5393 = CARTESIAN_POINT ( 'NONE',  ( 0.1266793578704640266, 1.510000300897559988, 0.1000000000000000056 ) ) ;
#5394 = ORIENTED_EDGE ( 'NONE', *, *, #7057, .F. ) ;
#5395 = EDGE_CURVE ( 'NONE', #1249, #1131, #5802, .T. ) ;
#5396 =( GEOMETRIC_REPRESENTATION_CONTEXT ( 3 ) GLOBAL_UNCERTAINTY_ASSIGNED_CONTEXT ( ( #1138 ) ) GLOBAL_UNIT_ASSIGNED_CONTEXT ( ( #3088, #3206, #2528 ) ) REPRESENTATION_CONTEXT ( 'NONE', 'WORKASPACE' ) );
#5397 = DIRECTION ( 'NONE',  ( -0.000000000000000000, 1.000000000000000000, 0.000000000000000000 ) ) ;
#5398 = DIRECTION ( 'NONE',  ( 0.000000000000000000, -0.000000000000000000, -1.000000000000000000 ) ) ;
#5399 = SURFACE_STYLE_FILL_AREA ( #4146 ) ;
#5400 = FILL_AREA_STYLE_COLOUR ( '', #3658 ) ;
#5401 = VECTOR ( 'NONE', #6412, 1000.000000000000000 ) ;
#5402 = ORIENTED_EDGE ( 'NONE', *, *, #7662, .T. ) ;
#5403 = CARTESIAN_POINT ( 'NONE',  ( 5.377251000027170150E-07, 0.8600003008975819485, 0.1000000000000000056 ) ) ;
#5404 =( LENGTH_UNIT ( ) NAMED_UNIT ( * ) SI_UNIT ( .MILLI., .METRE. ) );
#5405 =( GEOMETRIC_REPRESENTATION_CONTEXT ( 3 ) GLOBAL_UNCERTAINTY_ASSIGNED_CONTEXT ( ( #1669 ) ) GLOBAL_UNIT_ASSIGNED_CONTEXT ( ( #2751, #450, #1666 ) ) REPRESENTATION_CONTEXT ( 'NONE', 'WORKASPACE' ) );
#5406 = DIRECTION ( 'NONE',  ( 0.000000000000000000, 0.000000000000000000, 1.000000000000000000 ) ) ;
#5407 = PLANE ( 'NONE',  #1094 ) ;
#5408 = COLOUR_RGB ( '',0.7490196078431372584, 0.7490196078431372584, 0.7490196078431372584 ) ;
#5409 = CARTESIAN_POINT ( 'NONE',  ( 2.000000537725100003, 1.590000296195630103, 0.1000000000000000056 ) ) ;
#5410 = UNCERTAINTY_MEASURE_WITH_UNIT (LENGTH_MEASURE( 1.000000000000000082E-05 ), #1570, 'distance_accuracy_value', 'NONE');
#5411 = ORIENTED_EDGE ( 'NONE', *, *, #3967, .T. ) ;
#5412 = LINE ( 'NONE', #83, #743 ) ;
#5413 = SURFACE_STYLE_USAGE ( .BOTH. , #85 ) ;
#5414 = DIRECTION ( 'NONE',  ( 0.000000000000000000, -0.000000000000000000, 1.000000000000000000 ) ) ;
#5415 = ADVANCED_FACE ( 'NONE', ( #4511 ), #5113, .T. ) ;
#5416 =( GEOMETRIC_REPRESENTATION_CONTEXT ( 3 ) GLOBAL_UNCERTAINTY_ASSIGNED_CONTEXT ( ( #1159 ) ) GLOBAL_UNIT_ASSIGNED_CONTEXT ( ( #2402, #4504, #7454 ) ) REPRESENTATION_CONTEXT ( 'NONE', 'WORKASPACE' ) );
#5417 =( LENGTH_UNIT ( ) NAMED_UNIT ( * ) SI_UNIT ( .MILLI., .METRE. ) );
#5418 = UNCERTAINTY_MEASURE_WITH_UNIT (LENGTH_MEASURE( 1.000000000000000082E-05 ), #1266, 'distance_accuracy_value', 'NONE');
#5419 = COLOUR_RGB ( '',0.7490196078431372584, 0.7490196078431372584, 0.7490196078431372584 ) ;
#5420 = COLOUR_RGB ( '',0.7490196078431372584, 0.7490196078431372584, 0.7490196078431372584 ) ;
#5421 = EDGE_CURVE ( 'NONE', #3003, #2403, #5847, .T. ) ;
#5422 = ORIENTED_EDGE ( 'NONE', *, *, #3763, .F. ) ;
#5423 = LINE ( 'NONE', #6594, #4509 ) ;
#5424 = ORIENTED_EDGE ( 'NONE', *, *, #1349, .F. ) ;
#5425 = CARTESIAN_POINT ( 'NONE',  ( 1.873321717579730095, 1.790000291494149964, 0.1000000000000000056 ) ) ;
#5426 = STYLED_ITEM ( 'NONE', ( #4241 ), #2386 ) ;
#5427 = PRESENTATION_STYLE_ASSIGNMENT (( #4248 ) ) ;
#5428 = CIRCLE ( 'NONE', #1606, 0.1000000000000000472 ) ;
#5429 = AXIS2_PLACEMENT_3D ( 'NONE', #211, #3053, #7156 ) ;
#5430 = SURFACE_STYLE_FILL_AREA ( #6716 ) ;
#5431 = EDGE_CURVE ( 'NONE', #3315, #3837, #4186, .T. ) ;
#5432 = VERTEX_POINT ( 'NONE', #5334 ) ;
#5433 = DIRECTION ( 'NONE',  ( 0.000000000000000000, 0.000000000000000000, -1.000000000000000000 ) ) ;
#5434 = COLOUR_RGB ( '',0.7490196078431372584, 0.7490196078431372584, 0.7490196078431372584 ) ;
#5435 = FILL_AREA_STYLE_COLOUR ( '', #5698 ) ;
#5436 = VERTEX_POINT ( 'NONE', #1243 ) ;
#5437 = MECHANICAL_DESIGN_GEOMETRIC_PRESENTATION_REPRESENTATION (  '', ( #7162 ), #588 ) ;
#5438 = UNCERTAINTY_MEASURE_WITH_UNIT (LENGTH_MEASURE( 1.000000000000000082E-05 ), #38, 'distance_accuracy_value', 'NONE');
#5439 = PRESENTATION_LAYER_ASSIGNMENT (  '', '', ( #2719 ) ) ;
#5440 = FACE_OUTER_BOUND ( 'NONE', #3428, .T. ) ;
#5441 = EDGE_CURVE ( 'NONE', #6216, #2639, #28, .T. ) ;
#5442 = FILL_AREA_STYLE_COLOUR ( '', #6462 ) ;
#5443 = ORIENTED_EDGE ( 'NONE', *, *, #5197, .F. ) ;
#5444 = VECTOR ( 'NONE', #2625, 1000.000000000000000 ) ;
#5445 = SURFACE_STYLE_FILL_AREA ( #6640 ) ;
#5446 = MECHANICAL_DESIGN_GEOMETRIC_PRESENTATION_REPRESENTATION (  '', ( #102 ), #2831 ) ;
#5447 = CARTESIAN_POINT ( 'NONE',  ( 0.1300005377252090033, 1.200000289965710287, 0.1000000000000000056 ) ) ;
#5448 = PLANE ( 'NONE',  #6046 ) ;
#5449 = MECHANICAL_DESIGN_GEOMETRIC_PRESENTATION_REPRESENTATION (  '', ( #484 ), #7061 ) ;
#5450 = SURFACE_STYLE_FILL_AREA ( #6613 ) ;
#5451 = SURFACE_STYLE_FILL_AREA ( #7184 ) ;
#5452 =( GEOMETRIC_REPRESENTATION_CONTEXT ( 3 ) GLOBAL_UNCERTAINTY_ASSIGNED_CONTEXT ( ( #5028 ) ) GLOBAL_UNIT_ASSIGNED_CONTEXT ( ( #4898, #777, #6077 ) ) REPRESENTATION_CONTEXT ( 'NONE', 'WORKASPACE' ) );
#5453 = ORIENTED_EDGE ( 'NONE', *, *, #1462, .F. ) ;
#5454 = DIRECTION ( 'NONE',  ( -0.000000000000000000, 0.000000000000000000, 1.000000000000000000 ) ) ;
#5455 = SURFACE_STYLE_USAGE ( .BOTH. , #5529 ) ;
#5456 = SURFACE_STYLE_FILL_AREA ( #629 ) ;
#5457 = LINE ( 'NONE', #4847, #4433 ) ;
#5458 = FILL_AREA_STYLE_COLOUR ( '', #304 ) ;
#5459 = MECHANICAL_DESIGN_GEOMETRIC_PRESENTATION_REPRESENTATION (  '', ( #1987 ), #6835 ) ;
#5460 = FILL_AREA_STYLE_COLOUR ( '', #4417 ) ;
#5461 = DIRECTION ( 'NONE',  ( 1.000000000000000000, 0.000000000000000000, 0.000000000000000000 ) ) ;
#5462 = ORIENTED_EDGE ( 'NONE', *, *, #2631, .F. ) ;
#5463 = CARTESIAN_POINT ( 'NONE',  ( 2.000000537725100003, 0.3500002961959000070, 0.1000000000000000056 ) ) ;
#5464 = VERTEX_POINT ( 'NONE', #2885 ) ;
#5465 = CARTESIAN_POINT ( 'NONE',  ( 0.1100005377252270128, 1.790000291494149964, 0.2030000000000000415 ) ) ;
#5466 = SURFACE_STYLE_FILL_AREA ( #2548 ) ;
#5467 = EDGE_CURVE ( 'NONE', #5512, #6821, #7684, .T. ) ;
#5468 = SURFACE_SIDE_STYLE ('',( #5506 ) ) ;
#5469 = DIRECTION ( 'NONE',  ( -0.000000000000000000, 1.000000000000000000, 0.000000000000000000 ) ) ;
#5470 = ORIENTED_EDGE ( 'NONE', *, *, #6011, .F. ) ;
#5471 = AXIS2_PLACEMENT_3D ( 'NONE', #2826, #4533, #6339 ) ;
#5472 = CARTESIAN_POINT ( 'NONE',  ( 0.6000005377252359828, 2.961959353342540141E-07, 0.1000000000000000056 ) ) ;
#5473 = SURFACE_STYLE_USAGE ( .BOTH. , #1978 ) ;
#5474 = DIRECTION ( 'NONE',  ( -0.000000000000000000, 1.000000000000000000, 0.000000000000000000 ) ) ;
#5475 = ORIENTED_EDGE ( 'NONE', *, *, #259, .T. ) ;
#5476 = EDGE_CURVE ( 'NONE', #508, #6216, #7606, .T. ) ;
#5477 = ORIENTED_EDGE ( 'NONE', *, *, #4063, .T. ) ;
#5478 = SURFACE_STYLE_USAGE ( .BOTH. , #5057 ) ;
#5479 =( NAMED_UNIT ( * ) PLANE_ANGLE_UNIT ( ) SI_UNIT ( $, .RADIAN. ) );
#5480 = EDGE_LOOP ( 'NONE', ( #5477, #4985, #1767, #7539 ) ) ;
#5481 = DIRECTION ( 'NONE',  ( 0.000000000000000000, -1.000000000000000000, 0.000000000000000000 ) ) ;
#5482 = ADVANCED_FACE ( 'NONE', ( #578 ), #531, .F. ) ;
#5483 = VECTOR ( 'NONE', #5182, 1000.000000000000000 ) ;
#5484 = PRESENTATION_STYLE_ASSIGNMENT (( #709 ) ) ;
#5485 = UNCERTAINTY_MEASURE_WITH_UNIT (LENGTH_MEASURE( 1.000000000000000082E-05 ), #4969, 'distance_accuracy_value', 'NONE');
#5486 =( NAMED_UNIT ( * ) SI_UNIT ( $, .STERADIAN. ) SOLID_ANGLE_UNIT ( ) );
#5487 = DIRECTION ( 'NONE',  ( -0.7071067811855098473, -0.7071067811875852982, 0.000000000000000000 ) ) ;
#5488 = ORIENTED_EDGE ( 'NONE', *, *, #4592, .T. ) ;
#5489 = SURFACE_STYLE_FILL_AREA ( #2454 ) ;
#5490 = LINE ( 'NONE', #1859, #5262 ) ;
#5491 = FILL_AREA_STYLE_COLOUR ( '', #3568 ) ;
#5492 = ADVANCED_FACE ( 'NONE', ( #4704 ), #6531, .T. ) ;
#5493 = CARTESIAN_POINT ( 'NONE',  ( 0.03000054242693300094, 0.9400002961956489544, 0.1000000000000000056 ) ) ;
#5494 = DIRECTION ( 'NONE',  ( 1.000000000000000000, 0.000000000000000000, -0.000000000000000000 ) ) ;
#5495 = CARTESIAN_POINT ( 'NONE',  ( 1.290000537725060070, 0.3100002961958809866, 0.000000000000000000 ) ) ;
#5496 = EDGE_LOOP ( 'NONE', ( #5813, #538, #113, #3786 ) ) ;
#5497 = CARTESIAN_POINT ( 'NONE',  ( 1.870000537724990197, 0.1500003025424800074, 0.1000000000000000056 ) ) ;
#5498 = VERTEX_POINT ( 'NONE', #7404 ) ;
#5499 = PRESENTATION_LAYER_ASSIGNMENT (  '', '', ( #3285 ) ) ;
#5500 = DIRECTION ( 'NONE',  ( 0.7071067811860450858, 0.7071067811870500597, 0.000000000000000000 ) ) ;
#5501 = FILL_AREA_STYLE ('',( #6668 ) ) ;
#5502 = ORIENTED_EDGE ( 'NONE', *, *, #5431, .F. ) ;
#5503 = DIRECTION ( 'NONE',  ( -0.7071067811855504814, -0.7071067811875445530, 0.000000000000000000 ) ) ;
#5504 = FACE_OUTER_BOUND ( 'NONE', #7202, .T. ) ;
#5505 = DIRECTION ( 'NONE',  ( 1.000000000000000000, 0.000000000000000000, 0.000000000000000000 ) ) ;
#5506 = SURFACE_STYLE_FILL_AREA ( #2916 ) ;
#5507 = DIRECTION ( 'NONE',  ( 1.000000000000000000, 0.000000000000000000, -0.000000000000000000 ) ) ;
#5508 = ORIENTED_EDGE ( 'NONE', *, *, #631, .T. ) ;
#5509 =( NAMED_UNIT ( * ) SI_UNIT ( $, .STERADIAN. ) SOLID_ANGLE_UNIT ( ) );
#5510 = LINE ( 'NONE', #1833, #831 ) ;
#5511 = VECTOR ( 'NONE', #498, 1000.000000000000000 ) ;
#5512 = VERTEX_POINT ( 'NONE', #298 ) ;
#5513 = ADVANCED_FACE ( 'NONE', ( #3229 ), #5594, .T. ) ;
#5514 = AXIS2_PLACEMENT_3D ( 'NONE', #5583, #7348, #876 ) ;
#5515 = SURFACE_STYLE_FILL_AREA ( #3731 ) ;
#5516 = LINE ( 'NONE', #5018, #4427 ) ;
#5517 = SURFACE_STYLE_USAGE ( .BOTH. , #3151 ) ;
#5518 = ORIENTED_EDGE ( 'NONE', *, *, #6993, .T. ) ;
#5519 = EDGE_CURVE ( 'NONE', #5541, #479, #7320, .T. ) ;
#5520 = CIRCLE ( 'NONE', #3419, 0.1000000000000000194 ) ;
#5521 = FILL_AREA_STYLE ('',( #3157 ) ) ;
#5522 = VECTOR ( 'NONE', #6289, 1000.000000000000000 ) ;
#5523 = DIRECTION ( 'NONE',  ( 0.000000000000000000, -0.000000000000000000, 1.000000000000000000 ) ) ;
#5524 = PRESENTATION_STYLE_ASSIGNMENT (( #4516 ) ) ;
#5525 =( NAMED_UNIT ( * ) PLANE_ANGLE_UNIT ( ) SI_UNIT ( $, .RADIAN. ) );
#5526 = DIRECTION ( 'NONE',  ( -3.700743516871580010E-15, -1.000000000000000000, 0.000000000000000000 ) ) ;
#5527 = ORIENTED_EDGE ( 'NONE', *, *, #7251, .T. ) ;
#5528 = EDGE_CURVE ( 'NONE', #4156, #3880, #6221, .T. ) ;
#5529 = SURFACE_SIDE_STYLE ('',( #1957 ) ) ;
#5530 =( LENGTH_UNIT ( ) NAMED_UNIT ( * ) SI_UNIT ( .MILLI., .METRE. ) );
#5531 = VECTOR ( 'NONE', #7481, 1000.000000000000000 ) ;
#5532 = LINE ( 'NONE', #2616, #2219 ) ;
#5533 = CARTESIAN_POINT ( 'NONE',  ( 0.1812143443952660138, 0.1500003025424800074, 0.2030000000000000415 ) ) ;
#5534 = VERTEX_POINT ( 'NONE', #2624 ) ;
#5535 = DIRECTION ( 'NONE',  ( 1.000000000000000000, 0.000000000000000000, 0.000000000000000000 ) ) ;
#5536 = ORIENTED_EDGE ( 'NONE', *, *, #5836, .F. ) ;
#5537 = EDGE_CURVE ( 'NONE', #2283, #2856, #3833, .T. ) ;
#5538 = CARTESIAN_POINT ( 'NONE',  ( 1.700000537725049998, 1.690000291494129891, 0.000000000000000000 ) ) ;
#5539 = DIRECTION ( 'NONE',  ( 1.000000000000000000, 0.000000000000000000, -0.000000000000000000 ) ) ;
#5540 = COLOUR_RGB ( '',0.7921568627450980005, 0.8196078431372548767, 0.9333333333333333481 ) ;
#5541 = VERTEX_POINT ( 'NONE', #5006 ) ;
#5542 = COLOUR_RGB ( '',0.7490196078431372584, 0.7490196078431372584, 0.7490196078431372584 ) ;
#5543 = DIRECTION ( 'NONE',  ( 1.000000000000000000, 0.000000000000000000, -0.000000000000000000 ) ) ;
#5544 = CARTESIAN_POINT ( 'NONE',  ( 1.870000537724990197, 0.4900002914941979926, 0.2030000000000000415 ) ) ;
#5545 = CARTESIAN_POINT ( 'NONE',  ( 0.3000005377251450112, 0.3500002961959020054, 0.1000000000000000056 ) ) ;
#5546 = DIRECTION ( 'NONE',  ( 1.000000000000000000, -1.708035422498810080E-15, 0.000000000000000000 ) ) ;
#5547 = STYLED_ITEM ( 'NONE', ( #7416 ), #297 ) ;
#5548 =( GEOMETRIC_REPRESENTATION_CONTEXT ( 3 ) GLOBAL_UNCERTAINTY_ASSIGNED_CONTEXT ( ( #3332 ) ) GLOBAL_UNIT_ASSIGNED_CONTEXT ( ( #7099, #4777, #1671 ) ) REPRESENTATION_CONTEXT ( 'NONE', 'WORKASPACE' ) );
#5549 = VECTOR ( 'NONE', #2425, 1000.000000000000000 ) ;
#5550 = LINE ( 'NONE', #144, #2341 ) ;
#5551 = DIRECTION ( 'NONE',  ( -0.7071067811855430429, 0.7071067811875521025, 0.000000000000000000 ) ) ;
#5552 = EDGE_LOOP ( 'NONE', ( #4744, #5757, #6924, #4128, #916 ) ) ;
#5553 = LINE ( 'NONE', #2468, #7452 ) ;
#5554 = CARTESIAN_POINT ( 'NONE',  ( 2.000000537725100003, 2.000000296195940219, 0.7500000000000000000 ) ) ;
#5555 = PLANE ( 'NONE',  #2264 ) ;
#5556 = DIRECTION ( 'NONE',  ( -1.000000000000000000, -0.000000000000000000, 0.000000000000000000 ) ) ;
#5557 = EDGE_LOOP ( 'NONE', ( #3572, #2026, #3550, #5020 ) ) ;
#5558 = AXIS2_PLACEMENT_3D ( 'NONE', #1815, #6090, #3594 ) ;
#5559 = MECHANICAL_DESIGN_GEOMETRIC_PRESENTATION_REPRESENTATION (  '', ( #1216 ), #7042 ) ;
#5560 = FILL_AREA_STYLE_COLOUR ( '', #597 ) ;
#5561 = LINE ( 'NONE', #2507, #1465 ) ;
#5562 = PRESENTATION_LAYER_ASSIGNMENT (  '', '', ( #1958 ) ) ;
#5563 = ORIENTED_EDGE ( 'NONE', *, *, #3217, .T. ) ;
#5564 = SURFACE_STYLE_USAGE ( .BOTH. , #3283 ) ;
#5565 =( LENGTH_UNIT ( ) NAMED_UNIT ( * ) SI_UNIT ( .MILLI., .METRE. ) );
#5566 = ADVANCED_FACE ( 'NONE', ( #5095 ), #3270, .T. ) ;
#5567 = COLOUR_RGB ( '',0.7490196078431372584, 0.7490196078431372584, 0.7490196078431372584 ) ;
#5568 = CIRCLE ( 'NONE', #4824, 0.1000000000000000194 ) ;
#5569 = VERTEX_POINT ( 'NONE', #1160 ) ;
#5570 = SURFACE_STYLE_USAGE ( .BOTH. , #5723 ) ;
#5571 = MECHANICAL_DESIGN_GEOMETRIC_PRESENTATION_REPRESENTATION (  '', ( #6816 ), #3822 ) ;
#5572 = SURFACE_SIDE_STYLE ('',( #3811 ) ) ;
#5573 =( LENGTH_UNIT ( ) NAMED_UNIT ( * ) SI_UNIT ( .MILLI., .METRE. ) );
#5574 = FACE_OUTER_BOUND ( 'NONE', #3846, .T. ) ;
#5575 = UNCERTAINTY_MEASURE_WITH_UNIT (LENGTH_MEASURE( 1.000000000000000082E-05 ), #5168, 'distance_accuracy_value', 'NONE');
#5576 = AXIS2_PLACEMENT_3D ( 'NONE', #4187, #1726, #4082 ) ;
#5577 = VERTEX_POINT ( 'NONE', #1746 ) ;
#5578 = LINE ( 'NONE', #3212, #700 ) ;
#5579 =( NAMED_UNIT ( * ) SI_UNIT ( $, .STERADIAN. ) SOLID_ANGLE_UNIT ( ) );
#5580 = VECTOR ( 'NONE', #7598, 1000.000000000000000 ) ;
#5581 = EDGE_CURVE ( 'NONE', #7350, #4933, #4101, .T. ) ;
#5582 = LINE ( 'NONE', #5493, #7409 ) ;
#5583 = CARTESIAN_POINT ( 'NONE',  ( 2.000000537725100003, 1.060000296195650060, 0.1000000000000000056 ) ) ;
#5584 = ORIENTED_EDGE ( 'NONE', *, *, #1115, .F. ) ;
#5585 = EDGE_LOOP ( 'NONE', ( #3590, #4522, #3393, #1930, #7557, #2965 ) ) ;
#5586 = COLOUR_RGB ( '',0.7490196078431372584, 0.7490196078431372584, 0.7490196078431372584 ) ;
#5587 = LINE ( 'NONE', #6784, #2106 ) ;
#5588 =( NAMED_UNIT ( * ) SI_UNIT ( $, .STERADIAN. ) SOLID_ANGLE_UNIT ( ) );
#5589 = ORIENTED_EDGE ( 'NONE', *, *, #7512, .F. ) ;
#5590 = SURFACE_STYLE_FILL_AREA ( #6789 ) ;
#5591 =( LENGTH_UNIT ( ) NAMED_UNIT ( * ) SI_UNIT ( .MILLI., .METRE. ) );
#5592 = EDGE_CURVE ( 'NONE', #247, #2899, #6793, .T. ) ;
#5593 = VECTOR ( 'NONE', #1020, 1000.000000000000000 ) ;
#5594 = PLANE ( 'NONE',  #3445 ) ;
#5595 = DIRECTION ( 'NONE',  ( -1.000000000000000000, -0.000000000000000000, 0.000000000000000000 ) ) ;
#5596 =( NAMED_UNIT ( * ) SI_UNIT ( $, .STERADIAN. ) SOLID_ANGLE_UNIT ( ) );
#5597 = ORIENTED_EDGE ( 'NONE', *, *, #3688, .F. ) ;
#5598 = CARTESIAN_POINT ( 'NONE',  ( 2.000000537725100003, 0.9400002961956489544, 0.1000000000000000056 ) ) ;
#5599 = LINE ( 'NONE', #6142, #1998 ) ;
#5600 = SURFACE_STYLE_USAGE ( .BOTH. , #2060 ) ;
#5601 = ORIENTED_EDGE ( 'NONE', *, *, #6656, .T. ) ;
#5602 = ADVANCED_FACE ( 'NONE', ( #5864 ), #448, .T. ) ;
#5603 =( NAMED_UNIT ( * ) PLANE_ANGLE_UNIT ( ) SI_UNIT ( $, .RADIAN. ) );
#5604 = DIRECTION ( 'NONE',  ( -0.000000000000000000, -1.000000000000000000, 0.000000000000000000 ) ) ;
#5605 = FACE_OUTER_BOUND ( 'NONE', #549, .T. ) ;
#5606 = ORIENTED_EDGE ( 'NONE', *, *, #4030, .T. ) ;
#5607 = ORIENTED_EDGE ( 'NONE', *, *, #6559, .T. ) ;
#5608 = FACE_OUTER_BOUND ( 'NONE', #2710, .T. ) ;
#5609 = DIRECTION ( 'NONE',  ( -1.000000000000000000, -0.000000000000000000, 0.000000000000000000 ) ) ;
#5610 = VECTOR ( 'NONE', #6735, 1000.000000000000000 ) ;
#5611 = CARTESIAN_POINT ( 'NONE',  ( 5.377251000113907382E-07, 1.790000291494136642, 0.1000000000000000056 ) ) ;
#5612 = DIRECTION ( 'NONE',  ( -0.000000000000000000, 1.000000000000000000, 0.000000000000000000 ) ) ;
#5613 = FILL_AREA_STYLE_COLOUR ( '', #4197 ) ;
#5614 = EDGE_LOOP ( 'NONE', ( #6803, #4782, #1749, #6937 ) ) ;
#5615 = VECTOR ( 'NONE', #6801, 1000.000000000000000 ) ;
#5616 = FACE_OUTER_BOUND ( 'NONE', #4931, .T. ) ;
#5617 = FACE_OUTER_BOUND ( 'NONE', #5640, .T. ) ;
#5618 = EDGE_CURVE ( 'NONE', #4149, #1904, #2247, .T. ) ;
#5619 = FILL_AREA_STYLE_COLOUR ( '', #317 ) ;
#5620 = SURFACE_STYLE_USAGE ( .BOTH. , #912 ) ;
#5621 = ORIENTED_EDGE ( 'NONE', *, *, #3002, .T. ) ;
#5622 = CARTESIAN_POINT ( 'NONE',  ( 0.1100005377248859939, 0.8600003008975819485, 0.1000000000000000056 ) ) ;
#5623 = VERTEX_POINT ( 'NONE', #6334 ) ;
#5624 = CARTESIAN_POINT ( 'NONE',  ( 1.890000537725309959, 0.2100003008976049912, 0.1000000000000000056 ) ) ;
#5625 = CARTESIAN_POINT ( 'NONE',  ( 1.000000537725070027, 1.297499701195750088, 0.2283999999999999919 ) ) ;
#5626 = ORIENTED_EDGE ( 'NONE', *, *, #4048, .T. ) ;
#5627 = EDGE_CURVE ( 'NONE', #6999, #4961, #5275, .T. ) ;
#5628 = CARTESIAN_POINT ( 'NONE',  ( 0.3100005377250449889, 0.5500002899657370214, 0.2030000000000000415 ) ) ;
#5629 = UNCERTAINTY_MEASURE_WITH_UNIT (LENGTH_MEASURE( 1.000000000000000082E-05 ), #6514, 'distance_accuracy_value', 'NONE');
#5630 = CARTESIAN_POINT ( 'NONE',  ( 1.700000537725049998, 1.040000291494149964, 0.1000000000000000056 ) ) ;
#5631 = ORIENTED_EDGE ( 'NONE', *, *, #3967, .F. ) ;
#5632 = CARTESIAN_POINT ( 'NONE',  ( 1.690000537725149909, 0.8000003025424580194, 0.1000000000000000056 ) ) ;
#5633 =( GEOMETRIC_REPRESENTATION_CONTEXT ( 3 ) GLOBAL_UNCERTAINTY_ASSIGNED_CONTEXT ( ( #3621 ) ) GLOBAL_UNIT_ASSIGNED_CONTEXT ( ( #1968, #6058, #4919 ) ) REPRESENTATION_CONTEXT ( 'NONE', 'WORKASPACE' ) );
#5634 = CYLINDRICAL_SURFACE ( 'NONE', #6214, 0.09999999999999990841 ) ;
#5635 = DIRECTION ( 'NONE',  ( 0.000000000000000000, -0.000000000000000000, -1.000000000000000000 ) ) ;
#5636 = LINE ( 'NONE', #2594, #6232 ) ;
#5637 = CARTESIAN_POINT ( 'NONE',  ( 1.700000537725049998, 1.040000291494149964, 0.000000000000000000 ) ) ;
#5638 = EDGE_CURVE ( 'NONE', #4979, #4619, #3381, .T. ) ;
#5639 = FACE_OUTER_BOUND ( 'NONE', #5051, .T. ) ;
#5640 = EDGE_LOOP ( 'NONE', ( #6446, #2165, #2480, #7243 ) ) ;
#5641 = STYLED_ITEM ( 'NONE', ( #6766 ), #3585 ) ;
#5642 = FACE_OUTER_BOUND ( 'NONE', #5585, .T. ) ;
#5643 = CARTESIAN_POINT ( 'NONE',  ( 1.800000537725050309, 1.140000291494165152, 0.000000000000000000 ) ) ;
#5644 = DIRECTION ( 'NONE',  ( -1.000000000000000000, -0.000000000000000000, 0.000000000000000000 ) ) ;
#5645 = PRESENTATION_LAYER_ASSIGNMENT (  '', '', ( #41 ) ) ;
#5646 = EDGE_LOOP ( 'NONE', ( #488, #4734, #5621, #138 ) ) ;
#5647 = EDGE_CURVE ( 'NONE', #7620, #2057, #1070, .T. ) ;
#5648 = DIRECTION ( 'NONE',  ( -1.000000000000000000, -0.000000000000000000, 0.000000000000000000 ) ) ;
#5649 = FILL_AREA_STYLE_COLOUR ( '', #1835 ) ;
#5650 = FILL_AREA_STYLE_COLOUR ( '', #5567 ) ;
#5651 = UNCERTAINTY_MEASURE_WITH_UNIT (LENGTH_MEASURE( 1.000000000000000082E-05 ), #4245, 'distance_accuracy_value', 'NONE');
#5652 = ORIENTED_EDGE ( 'NONE', *, *, #716, .T. ) ;
#5653 = SURFACE_SIDE_STYLE ('',( #3783 ) ) ;
#5654 = SURFACE_STYLE_USAGE ( .BOTH. , #6250 ) ;
#5655 = PLANE ( 'NONE',  #6802 ) ;
#5656 = PRESENTATION_STYLE_ASSIGNMENT (( #5620 ) ) ;
#5657 = ORIENTED_EDGE ( 'NONE', *, *, #7083, .F. ) ;
#5658 = VERTEX_POINT ( 'NONE', #5237 ) ;
#5659 = EDGE_CURVE ( 'NONE', #3654, #5211, #3690, .T. ) ;
#5660 = DIRECTION ( 'NONE',  ( -0.000000000000000000, 1.000000000000000000, 0.000000000000000000 ) ) ;
#5661 = STYLED_ITEM ( 'NONE', ( #2926 ), #1933 ) ;
#5662 = CARTESIAN_POINT ( 'NONE',  ( 2.000000537725100003, 2.961959353507337812E-07, 0.02000000000000000042 ) ) ;
#5663 = ORIENTED_EDGE ( 'NONE', *, *, #5421, .F. ) ;
#5664 = CARTESIAN_POINT ( 'NONE',  ( 5.377251000070538237E-07, 1.790000291494164841, 0.000000000000000000 ) ) ;
#5665 = CLOSED_SHELL ( 'NONE', ( #459, #3810, #6726, #4348, #1694, #4235, #6153, #5482 ) ) ;
#5666 = DIRECTION ( 'NONE',  ( -1.000000000000000000, 1.850371707708519818E-15, 0.000000000000000000 ) ) ;
#5667 = FILL_AREA_STYLE_COLOUR ( '', #4301 ) ;
#5668 = PRESENTATION_STYLE_ASSIGNMENT (( #3307 ) ) ;
#5669 = EDGE_CURVE ( 'NONE', #6774, #374, #4646, .T. ) ;
#5670 = CARTESIAN_POINT ( 'NONE',  ( 1.970000533023269940, 0.4100002961956760728, 0.1000000000000000056 ) ) ;
#5671 = DIRECTION ( 'NONE',  ( -0.000000000000000000, 0.000000000000000000, -1.000000000000000000 ) ) ;
#5672 = MECHANICAL_DESIGN_GEOMETRIC_PRESENTATION_REPRESENTATION (  '', ( #3189 ), #444 ) ;
#5673 = FACE_OUTER_BOUND ( 'NONE', #3443, .T. ) ;
#5674 = EDGE_LOOP ( 'NONE', ( #1171, #4313, #5108, #1969 ) ) ;
#5675 = DIRECTION ( 'NONE',  ( 1.000000000000000000, 0.000000000000000000, -0.000000000000000000 ) ) ;
#5676 = VECTOR ( 'NONE', #2727, 1000.000000000000000 ) ;
#5677 = PRESENTATION_LAYER_ASSIGNMENT (  '', '', ( #2206 ) ) ;
#5678 = VECTOR ( 'NONE', #6911, 1000.000000000000000 ) ;
#5679 = EDGE_CURVE ( 'NONE', #602, #6999, #4059, .T. ) ;
#5680 = SURFACE_STYLE_FILL_AREA ( #6987 ) ;
#5681 =( NAMED_UNIT ( * ) PLANE_ANGLE_UNIT ( ) SI_UNIT ( $, .RADIAN. ) );
#5682 = ORIENTED_EDGE ( 'NONE', *, *, #4339, .T. ) ;
#5683 =( NAMED_UNIT ( * ) SI_UNIT ( $, .STERADIAN. ) SOLID_ANGLE_UNIT ( ) );
#5684 = CARTESIAN_POINT ( 'NONE',  ( 1.800000537725050309, 1.140000291494150053, 0.000000000000000000 ) ) ;
#5685 = VECTOR ( 'NONE', #2904, 1000.000000000000000 ) ;
#5686 = DIRECTION ( 'NONE',  ( 0.000000000000000000, -0.000000000000000000, -1.000000000000000000 ) ) ;
#5687 = COLOUR_RGB ( '',0.7490196078431372584, 0.7490196078431372584, 0.7490196078431372584 ) ;
#5688 = DIRECTION ( 'NONE',  ( 0.000000000000000000, 1.000000000000000000, 0.000000000000000000 ) ) ;
#5689 = EDGE_CURVE ( 'NONE', #2810, #4718, #3710, .T. ) ;
#5690 = CARTESIAN_POINT ( 'NONE',  ( 5.377250998982001373E-07, 0.9400002961956489544, 0.1000000000000000056 ) ) ;
#5691 = SURFACE_STYLE_USAGE ( .BOTH. , #6278 ) ;
#5692 = CARTESIAN_POINT ( 'NONE',  ( 1.690000537725149909, 1.200000289965710287, 0.1000000000000000056 ) ) ;
#5693 = FACE_OUTER_BOUND ( 'NONE', #5646, .T. ) ;
#5694 = CARTESIAN_POINT ( 'NONE',  ( 0.1300005377252089478, 1.450000302542429953, 0.1000000000000000056 ) ) ;
#5695 = ORIENTED_EDGE ( 'NONE', *, *, #7121, .F. ) ;
#5696 = AXIS2_PLACEMENT_3D ( 'NONE', #5972, #2407, #4229 ) ;
#5697 = PRESENTATION_STYLE_ASSIGNMENT (( #5767 ) ) ;
#5698 = COLOUR_RGB ( '',0.7921568627450980005, 0.8196078431372548767, 0.9333333333333333481 ) ;
#5699 = PRESENTATION_STYLE_ASSIGNMENT (( #5855 ) ) ;
#5700 = ORIENTED_EDGE ( 'NONE', *, *, #1601, .F. ) ;
#5701 = VERTEX_POINT ( 'NONE', #2415 ) ;
#5702 = ORIENTED_EDGE ( 'NONE', *, *, #716, .F. ) ;
#5703 = MECHANICAL_DESIGN_GEOMETRIC_PRESENTATION_REPRESENTATION (  '', ( #6946 ), #6823 ) ;
#5704 = VECTOR ( 'NONE', #3753, 1000.000000000000000 ) ;
#5705 = UNCERTAINTY_MEASURE_WITH_UNIT (LENGTH_MEASURE( 1.000000000000000082E-05 ), #2506, 'distance_accuracy_value', 'NONE');
#5706 = PLANE ( 'NONE',  #5939 ) ;
#5707 = COLOUR_RGB ( '',0.7490196078431372584, 0.7490196078431372584, 0.7490196078431372584 ) ;
#5708 = SURFACE_STYLE_USAGE ( .BOTH. , #299 ) ;
#5709 = CARTESIAN_POINT ( 'NONE',  ( 1.690000537725149909, 0.1500003025424800074, 0.1000000000000000056 ) ) ;
#5710 = DIRECTION ( 'NONE',  ( 0.000000000000000000, -1.000000000000000000, -0.000000000000000000 ) ) ;
#5711 =( NAMED_UNIT ( * ) PLANE_ANGLE_UNIT ( ) SI_UNIT ( $, .RADIAN. ) );
#5712 = FACE_OUTER_BOUND ( 'NONE', #4894, .T. ) ;
#5713 = SURFACE_STYLE_USAGE ( .BOTH. , #3316 ) ;
#5714 = STYLED_ITEM ( 'NONE', ( #3050 ), #927 ) ;
#5715 = VECTOR ( 'NONE', #3972, 1000.000000000000000 ) ;
#5716 = SURFACE_STYLE_USAGE ( .BOTH. , #6410 ) ;
#5717 = SURFACE_STYLE_USAGE ( .BOTH. , #5792 ) ;
#5718 = DIRECTION ( 'NONE',  ( -1.000000000000000000, -0.000000000000000000, 0.000000000000000000 ) ) ;
#5719 = EDGE_LOOP ( 'NONE', ( #779, #4173, #3041, #614 ) ) ;
#5720 = DIRECTION ( 'NONE',  ( 1.000000000000000000, 0.000000000000000000, -0.000000000000000000 ) ) ;
#5721 = MECHANICAL_DESIGN_GEOMETRIC_PRESENTATION_REPRESENTATION (  '', ( #389 ), #2125 ) ;
#5722 = CARTESIAN_POINT ( 'NONE',  ( 1.800000537725050309, 1.140000291494165152, 0.1000000000000000056 ) ) ;
#5723 = SURFACE_SIDE_STYLE ('',( #818 ) ) ;
#5724 = EDGE_CURVE ( 'NONE', #5381, #6211, #6658, .T. ) ;
#5725 = SURFACE_SIDE_STYLE ('',( #937 ) ) ;
#5726 = PRESENTATION_STYLE_ASSIGNMENT (( #3364 ) ) ;
#5727 = SURFACE_STYLE_FILL_AREA ( #2801 ) ;
#5728 = DIRECTION ( 'NONE',  ( 0.000000000000000000, 1.000000000000000000, 0.000000000000000000 ) ) ;
#5729 = ORIENTED_EDGE ( 'NONE', *, *, #910, .T. ) ;
#5730 = EDGE_CURVE ( 'NONE', #994, #3562, #7192, .T. ) ;
#5731 = DIRECTION ( 'NONE',  ( -1.000000000000000000, -0.000000000000000000, 0.000000000000000000 ) ) ;
#5732 = PRESENTATION_LAYER_ASSIGNMENT (  '', '', ( #1014 ) ) ;
#5733 =( NAMED_UNIT ( * ) PLANE_ANGLE_UNIT ( ) SI_UNIT ( $, .RADIAN. ) );
#5734 = ORIENTED_EDGE ( 'NONE', *, *, #5467, .F. ) ;
#5735 = ORIENTED_EDGE ( 'NONE', *, *, #1880, .F. ) ;
#5736 =( GEOMETRIC_REPRESENTATION_CONTEXT ( 3 ) GLOBAL_UNCERTAINTY_ASSIGNED_CONTEXT ( ( #1282 ) ) GLOBAL_UNIT_ASSIGNED_CONTEXT ( ( #1681, #7072, #2883 ) ) REPRESENTATION_CONTEXT ( 'NONE', 'WORKASPACE' ) );
#5737 = ORIENTED_EDGE ( 'NONE', *, *, #3659, .T. ) ;
#5738 = EDGE_CURVE ( 'NONE', #411, #4542, #2984, .T. ) ;
#5739 = SURFACE_STYLE_USAGE ( .BOTH. , #6949 ) ;
#5740 = COLOUR_RGB ( '',0.7490196078431372584, 0.7490196078431372584, 0.7490196078431372584 ) ;
#5741 = CARTESIAN_POINT ( 'NONE',  ( 0.1300005377252090033, 0.2100003008976049912, 0.1000000000000000056 ) ) ;
#5742 = CARTESIAN_POINT ( 'NONE',  ( 0.03000054242693300094, 1.590000296195630103, 0.1000000000000000056 ) ) ;
#5743 = CARTESIAN_POINT ( 'NONE',  ( 1.550000537725050087, 2.000000296195940219, 0.1000000000000000056 ) ) ;
#5744 = DIRECTION ( 'NONE',  ( 1.000000000000000000, 0.000000000000000000, 0.000000000000000000 ) ) ;
#5746 = COLOUR_RGB ( '',0.7490196078431372584, 0.7490196078431372584, 0.7490196078431372584 ) ;
#5745 = CARTESIAN_POINT ( 'NONE',  ( 0.03000054242693290379, 1.710000296195629765, 0.1000000000000000056 ) ) ;
#5747 = DIRECTION ( 'NONE',  ( 0.000000000000000000, -1.000000000000000000, -0.000000000000000000 ) ) ;
#5748 = DIRECTION ( 'NONE',  ( -0.000000000000000000, -0.000000000000000000, 1.000000000000000000 ) ) ;
#5749 = FACE_OUTER_BOUND ( 'NONE', #2627, .T. ) ;
#5750 = LINE ( 'NONE', #4617, #4838 ) ;
#5751 =( LENGTH_UNIT ( ) NAMED_UNIT ( * ) SI_UNIT ( .MILLI., .METRE. ) );
#5752 = ORIENTED_EDGE ( 'NONE', *, *, #4132, .F. ) ;
#5753 = FILL_AREA_STYLE ('',( #1639 ) ) ;
#5754 = SURFACE_SIDE_STYLE ('',( #425 ) ) ;
#5755 =( GEOMETRIC_REPRESENTATION_CONTEXT ( 3 ) GLOBAL_UNCERTAINTY_ASSIGNED_CONTEXT ( ( #5651 ) ) GLOBAL_UNIT_ASSIGNED_CONTEXT ( ( #4245, #3674, #2503 ) ) REPRESENTATION_CONTEXT ( 'NONE', 'WORKASPACE' ) );
#5756 = EDGE_CURVE ( 'NONE', #4075, #3108, #5457, .T. ) ;
#5757 = ORIENTED_EDGE ( 'NONE', *, *, #6312, .T. ) ;
#5758 = CARTESIAN_POINT ( 'NONE',  ( 1.700000537725049998, 1.690000291494129891, 0.1000000000000000056 ) ) ;
#5759 = PRESENTATION_LAYER_ASSIGNMENT (  '', '', ( #3032 ) ) ;
#5760 = CARTESIAN_POINT ( 'NONE',  ( 1.970000533023269940, 0.4100002961956760728, 0.2030000000000000415 ) ) ;
#5761 = EDGE_CURVE ( 'NONE', #1921, #1567, #5318, .T. ) ;
#5762 = PRESENTATION_STYLE_ASSIGNMENT (( #7218 ) ) ;
#5763 = CARTESIAN_POINT ( 'NONE',  ( 5.377251000027170150E-07, 1.140000291494180029, 0.000000000000000000 ) ) ;
#5764 = DIRECTION ( 'NONE',  ( 0.000000000000000000, 0.000000000000000000, 1.000000000000000000 ) ) ;
#5765 = EDGE_LOOP ( 'NONE', ( #547, #6263, #440, #3224, #2829, #6846 ) ) ;
#5766 =( GEOMETRIC_REPRESENTATION_CONTEXT ( 3 ) GLOBAL_UNCERTAINTY_ASSIGNED_CONTEXT ( ( #1778 ) ) GLOBAL_UNIT_ASSIGNED_CONTEXT ( ( #4218, #1284, #6636 ) ) REPRESENTATION_CONTEXT ( 'NONE', 'WORKASPACE' ) );
#5767 = SURFACE_STYLE_USAGE ( .BOTH. , #3974 ) ;
#5768 =( GEOMETRIC_REPRESENTATION_CONTEXT ( 3 ) GLOBAL_UNCERTAINTY_ASSIGNED_CONTEXT ( ( #1994 ) ) GLOBAL_UNIT_ASSIGNED_CONTEXT ( ( #60, #7328, #808 ) ) REPRESENTATION_CONTEXT ( 'NONE', 'WORKASPACE' ) );
#5769 = FILL_AREA_STYLE ('',( #3403 ) ) ;
#5770 = ADVANCED_FACE ( 'NONE', ( #630 ), #4238, .T. ) ;
#5771 = PLANE ( 'NONE',  #7374 ) ;
#5772 = EDGE_LOOP ( 'NONE', ( #4179, #4991, #1469, #6719 ) ) ;
#5773 = VERTEX_POINT ( 'NONE', #3097 ) ;
#5774 = FACE_OUTER_BOUND ( 'NONE', #5877, .T. ) ;
#5775 = ORIENTED_EDGE ( 'NONE', *, *, #5669, .F. ) ;
#5776 = CARTESIAN_POINT ( 'NONE',  ( 0.2000005377251450056, 0.8600003008976041530, 0.000000000000000000 ) ) ;
#5777 = VECTOR ( 'NONE', #3556, 1000.000000000000000 ) ;
#5778 = UNCERTAINTY_MEASURE_WITH_UNIT (LENGTH_MEASURE( 1.000000000000000082E-05 ), #2749, 'distance_accuracy_value', 'NONE');
#5779 = PLANE ( 'NONE',  #6315 ) ;
#5780 = DIRECTION ( 'NONE',  ( 0.000000000000000000, 0.000000000000000000, -1.000000000000000000 ) ) ;
#5781 = EDGE_CURVE ( 'NONE', #6813, #4710, #1816, .T. ) ;
#5782 = MECHANICAL_DESIGN_GEOMETRIC_PRESENTATION_REPRESENTATION (  '', ( #6638 ), #1571 ) ;
#5783 = ORIENTED_EDGE ( 'NONE', *, *, #5467, .T. ) ;
#5784 = SURFACE_STYLE_FILL_AREA ( #1667 ) ;
#5785 = SURFACE_STYLE_FILL_AREA ( #7675 ) ;
#5786 = ORIENTED_EDGE ( 'NONE', *, *, #3278, .T. ) ;
#5787 = UNCERTAINTY_MEASURE_WITH_UNIT (LENGTH_MEASURE( 1.000000000000000082E-05 ), #609, 'distance_accuracy_value', 'NONE');
#5788 = DIRECTION ( 'NONE',  ( 1.000000000000000000, 0.000000000000000000, -0.000000000000000000 ) ) ;
#5789 =( NAMED_UNIT ( * ) SI_UNIT ( $, .STERADIAN. ) SOLID_ANGLE_UNIT ( ) );
#5790 = COLOUR_RGB ( '',0.7490196078431372584, 0.7490196078431372584, 0.7490196078431372584 ) ;
#5791 = MECHANICAL_DESIGN_GEOMETRIC_PRESENTATION_REPRESENTATION (  '', ( #4798 ), #5304 ) ;
#5792 = SURFACE_SIDE_STYLE ('',( #3420 ) ) ;
#5793 = CARTESIAN_POINT ( 'NONE',  ( 0.03000054242693269910, 1.710000296195629987, 0.1000000000000000056 ) ) ;
#5794 = CARTESIAN_POINT ( 'NONE',  ( 1.400000537725190064, 2.000000296195940219, 0.1000000000000000056 ) ) ;
#5795 = ORIENTED_EDGE ( 'NONE', *, *, #7604, .F. ) ;
#5796 = CARTESIAN_POINT ( 'NONE',  ( 0.2000005377251450334, 0.4900002914941750110, 0.000000000000000000 ) ) ;
#5797 =( LENGTH_UNIT ( ) NAMED_UNIT ( * ) SI_UNIT ( .MILLI., .METRE. ) );
#5798 =( NAMED_UNIT ( * ) SI_UNIT ( $, .STERADIAN. ) SOLID_ANGLE_UNIT ( ) );
#5799 = ORIENTED_EDGE ( 'NONE', *, *, #7547, .F. ) ;
#5800 =( GEOMETRIC_REPRESENTATION_CONTEXT ( 3 ) GLOBAL_UNCERTAINTY_ASSIGNED_CONTEXT ( ( #4237 ) ) GLOBAL_UNIT_ASSIGNED_CONTEXT ( ( #3745, #6008, #4875 ) ) REPRESENTATION_CONTEXT ( 'NONE', 'WORKASPACE' ) );
#5801 = STYLED_ITEM ( 'NONE', ( #6805 ), #4715 ) ;
#5802 = LINE ( 'NONE', #4625, #2313 ) ;
#5803 = ADVANCED_FACE ( 'NONE', ( #132 ), #758, .T. ) ;
#5804 = STYLED_ITEM ( 'NONE', ( #7104 ), #5482 ) ;
#5805 = CARTESIAN_POINT ( 'NONE',  ( 0.1266793578704679957, 0.3500002961959020054, 0.000000000000000000 ) ) ;
#5806 = AXIS2_PLACEMENT_3D ( 'NONE', #3595, #5986, #4731 ) ;
#5807 = COLOUR_RGB ( '',0.7490196078431372584, 0.7490196078431372584, 0.7490196078431372584 ) ;
#5808 = CARTESIAN_POINT ( 'NONE',  ( 1.000000537725070027, 1.297499701195750088, 0.2030000000000000415 ) ) ;
#5809 = CARTESIAN_POINT ( 'NONE',  ( 1.290000537725060070, 1.690000296195879992, 0.000000000000000000 ) ) ;
#5810 = FILL_AREA_STYLE_COLOUR ( '', #6282 ) ;
#5811 = SURFACE_STYLE_USAGE ( .BOTH. , #402 ) ;
#5812 = FACE_OUTER_BOUND ( 'NONE', #5480, .T. ) ;
#5813 = ORIENTED_EDGE ( 'NONE', *, *, #7130, .F. ) ;
#5814 = FACE_OUTER_BOUND ( 'NONE', #7180, .T. ) ;
#5815 = PRESENTATION_LAYER_ASSIGNMENT (  '', '', ( #5804 ) ) ;
#5816 = COLOUR_RGB ( '',0.7490196078431372584, 0.7490196078431372584, 0.7490196078431372584 ) ;
#5817 = LINE ( 'NONE', #2852, #4943 ) ;
#5818 = CARTESIAN_POINT ( 'NONE',  ( 1.800000537725050309, 0.2100003008976280006, 0.1000000000000000056 ) ) ;
#5819 = VECTOR ( 'NONE', #3018, 1000.000000000000000 ) ;
#5820 = AXIS2_PLACEMENT_3D ( 'NONE', #6035, #1289, #705 ) ;
#5821 = EDGE_LOOP ( 'NONE', ( #3997, #3235, #5888, #6786, #6313, #6582, #6292, #2735, #1258, #2374, #1295, #7354 ) ) ;
#5822 = ORIENTED_EDGE ( 'NONE', *, *, #5152, .F. ) ;
#5823 = DIRECTION ( 'NONE',  ( 0.000000000000000000, 0.000000000000000000, -1.000000000000000000 ) ) ;
#5824 = EDGE_CURVE ( 'NONE', #3108, #258, #4997, .T. ) ;
#5825 = SURFACE_STYLE_FILL_AREA ( #6440 ) ;
#5826 = LINE ( 'NONE', #485, #1337 ) ;
#5827 =( LENGTH_UNIT ( ) NAMED_UNIT ( * ) SI_UNIT ( .MILLI., .METRE. ) );
#5828 =( NAMED_UNIT ( * ) SI_UNIT ( $, .STERADIAN. ) SOLID_ANGLE_UNIT ( ) );
#5829 = DIRECTION ( 'NONE',  ( 0.000000000000000000, 0.000000000000000000, 1.000000000000000000 ) ) ;
#5830 = FACE_OUTER_BOUND ( 'NONE', #568, .T. ) ;
#5831 = ORIENTED_EDGE ( 'NONE', *, *, #6243, .F. ) ;
#5832 = MECHANICAL_DESIGN_GEOMETRIC_PRESENTATION_REPRESENTATION (  '', ( #476 ), #4956 ) ;
#5833 = FILL_AREA_STYLE_COLOUR ( '', #5023 ) ;
#5834 = DIRECTION ( 'NONE',  ( -0.7071067811855430429, 0.7071067811875521025, 0.000000000000000000 ) ) ;
#5835 = DIRECTION ( 'NONE',  ( 0.000000000000000000, -0.000000000000000000, 1.000000000000000000 ) ) ;
#5836 = EDGE_CURVE ( 'NONE', #81, #7304, #6780, .T. ) ;
#5837 = LINE ( 'NONE', #4025, #4046 ) ;
#5838 = VECTOR ( 'NONE', #1530, 1000.000000000000000 ) ;
#5839 = SURFACE_STYLE_FILL_AREA ( #1009 ) ;
#5840 = LINE ( 'NONE', #493, #5580 ) ;
#5841 = FACE_OUTER_BOUND ( 'NONE', #942, .T. ) ;
#5842 = ORIENTED_EDGE ( 'NONE', *, *, #4709, .F. ) ;
#5843 = PRESENTATION_LAYER_ASSIGNMENT (  '', '', ( #4844 ) ) ;
#5844 = PRESENTATION_LAYER_ASSIGNMENT (  '', '', ( #1871 ) ) ;
#5845 = FILL_AREA_STYLE ('',( #465 ) ) ;
#5846 = VERTEX_POINT ( 'NONE', #2042 ) ;
#5847 = LINE ( 'NONE', #3000, #5187 ) ;
#5848 = CARTESIAN_POINT ( 'NONE',  ( 0.1266793578704640266, 1.650000296195859972, 0.000000000000000000 ) ) ;
#5849 = FILL_AREA_STYLE_COLOUR ( '', #2755 ) ;
#5850 = DIRECTION ( 'NONE',  ( 1.000000000000000000, 0.000000000000000000, -0.000000000000000000 ) ) ;
#5851 = DIRECTION ( 'NONE',  ( -5.551115297663160123E-16, 1.000000000000000000, 0.000000000000000000 ) ) ;
#5852 = ORIENTED_EDGE ( 'NONE', *, *, #4584, .F. ) ;
#5853 = FILL_AREA_STYLE_COLOUR ( '', #5016 ) ;
#5854 = FACE_OUTER_BOUND ( 'NONE', #3824, .T. ) ;
#5855 = SURFACE_STYLE_USAGE ( .BOTH. , #477 ) ;
#5856 = FACE_OUTER_BOUND ( 'NONE', #7299, .T. ) ;
#5857 = ORIENTED_EDGE ( 'NONE', *, *, #4183, .T. ) ;
#5858 = ORIENTED_EDGE ( 'NONE', *, *, #4473, .T. ) ;
#5859 = PLANE ( 'NONE',  #7306 ) ;
#5860 = CARTESIAN_POINT ( 'NONE',  ( 1.970000533023269496, 1.590000296195630547, 0.1000000000000000056 ) ) ;
#5861 = DIRECTION ( 'NONE',  ( 0.000000000000000000, 0.000000000000000000, 1.000000000000000000 ) ) ;
#5862 = EDGE_CURVE ( 'NONE', #4655, #25, #790, .T. ) ;
#5863 = DIRECTION ( 'NONE',  ( 1.000000000000000000, 0.000000000000000000, -0.000000000000000000 ) ) ;
#5864 = FACE_OUTER_BOUND ( 'NONE', #290, .T. ) ;
#5865 = FILL_AREA_STYLE_COLOUR ( '', #316 ) ;
#5866 = MECHANICAL_DESIGN_GEOMETRIC_PRESENTATION_REPRESENTATION (  '', ( #4993 ), #3500 ) ;
#5867 = DIRECTION ( 'NONE',  ( 0.000000000000000000, 1.000000000000000000, 0.000000000000000000 ) ) ;
#5868 = EDGE_CURVE ( 'NONE', #218, #5658, #5428, .T. ) ;
#5869 = CARTESIAN_POINT ( 'NONE',  ( 0.000000000000000000, 0.000000000000000000, 0.000000000000000000 ) ) ;
#5870 =( NAMED_UNIT ( * ) PLANE_ANGLE_UNIT ( ) SI_UNIT ( $, .RADIAN. ) );
#5871 = ORIENTED_EDGE ( 'NONE', *, *, #3882, .T. ) ;
#5872 =( NAMED_UNIT ( * ) SI_UNIT ( $, .STERADIAN. ) SOLID_ANGLE_UNIT ( ) );
#5873 = DIRECTION ( 'NONE',  ( -1.000000000000000000, -0.000000000000000000, 0.000000000000000000 ) ) ;
#5874 = COLOUR_RGB ( '',0.7490196078431372584, 0.7490196078431372584, 0.7490196078431372584 ) ;
#5875 = CARTESIAN_POINT ( 'NONE',  ( 1.890000537724969787, 1.140000291494179807, 0.2030000000000000415 ) ) ;
#5876 = EDGE_CURVE ( 'NONE', #3880, #4641, #5532, .T. ) ;
#5877 = EDGE_LOOP ( 'NONE', ( #6827, #6158, #6669, #950, #2127, #7622 ) ) ;
#5878 = CARTESIAN_POINT ( 'NONE',  ( 0.1300005377252090033, 0.8000003025424580194, 0.1000000000000000056 ) ) ;
#5879 = SURFACE_STYLE_FILL_AREA ( #1133 ) ;
#5880 = ORIENTED_EDGE ( 'NONE', *, *, #732, .F. ) ;
#5881 =( GEOMETRIC_REPRESENTATION_CONTEXT ( 3 ) GLOBAL_UNCERTAINTY_ASSIGNED_CONTEXT ( ( #6820 ) ) GLOBAL_UNIT_ASSIGNED_CONTEXT ( ( #470, #7459, #2150 ) ) REPRESENTATION_CONTEXT ( 'NONE', 'WORKASPACE' ) );
#5882 = DIRECTION ( 'NONE',  ( 0.000000000000000000, -0.000000000000000000, -1.000000000000000000 ) ) ;
#5883 = FACE_OUTER_BOUND ( 'NONE', #4347, .T. ) ;
#5885 = EDGE_CURVE ( 'NONE', #6213, #3334, #3130, .T. ) ;
#5884 = FILL_AREA_STYLE ('',( #2925 ) ) ;
#5886 = DIRECTION ( 'NONE',  ( 1.000000000000000000, 5.551115297663160123E-16, 0.000000000000000000 ) ) ;
#5887 =( NAMED_UNIT ( * ) SI_UNIT ( $, .STERADIAN. ) SOLID_ANGLE_UNIT ( ) );
#5888 = ORIENTED_EDGE ( 'NONE', *, *, #522, .T. ) ;
#5889 = FILL_AREA_STYLE ('',( #5853 ) ) ;
#5890 = VECTOR ( 'NONE', #3552, 1000.000000000000000 ) ;
#5891 = FILL_AREA_STYLE ('',( #2340 ) ) ;
#5892 = SURFACE_STYLE_USAGE ( .BOTH. , #3509 ) ;
#5893 = VECTOR ( 'NONE', #5025, 1000.000000000000000 ) ;
#5894 = DIRECTION ( 'NONE',  ( 0.000000000000000000, -0.000000000000000000, -1.000000000000000000 ) ) ;
#5895 = CARTESIAN_POINT ( 'NONE',  ( 1.800000537725050309, 0.9600003008976040197, 0.000000000000000000 ) ) ;
#5896 = STYLED_ITEM ( 'NONE', ( #1964 ), #1291 ) ;
#5897 = ORIENTED_EDGE ( 'NONE', *, *, #3451, .F. ) ;
#5898 = AXIS2_PLACEMENT_3D ( 'NONE', #4784, #5215, #6632 ) ;
#5899 = CARTESIAN_POINT ( 'NONE',  ( 1.700000537725049998, 1.690000291494129891, 0.000000000000000000 ) ) ;
#5900 = ORIENTED_EDGE ( 'NONE', *, *, #7036, .T. ) ;
#5901 = PRESENTATION_STYLE_ASSIGNMENT (( #7054 ) ) ;
#5902 = LINE ( 'NONE', #4057, #2438 ) ;
#5903 =( NAMED_UNIT ( * ) PLANE_ANGLE_UNIT ( ) SI_UNIT ( $, .RADIAN. ) );
#5904 = UNCERTAINTY_MEASURE_WITH_UNIT (LENGTH_MEASURE( 1.000000000000000082E-05 ), #7619, 'distance_accuracy_value', 'NONE');
#5905 = DIRECTION ( 'NONE',  ( 0.000000000000000000, 0.000000000000000000, -1.000000000000000000 ) ) ;
#5906 = EDGE_CURVE ( 'NONE', #6386, #3049, #6163, .T. ) ;
#5907 = PRESENTATION_STYLE_ASSIGNMENT (( #3558 ) ) ;
#5908 = EDGE_LOOP ( 'NONE', ( #1049, #7500, #2061, #6345 ) ) ;
#5909 = SHAPE_DEFINITION_REPRESENTATION ( #2708, #4573 ) ;
#5910 = ORIENTED_EDGE ( 'NONE', *, *, #3631, .T. ) ;
#5911 = SURFACE_STYLE_FILL_AREA ( #2830 ) ;
#5912 = PLANE ( 'NONE',  #1083 ) ;
#5913 = VECTOR ( 'NONE', #3505, 1000.000000000000000 ) ;
#5914 = LINE ( 'NONE', #7129, #4192 ) ;
#5915 = ORIENTED_EDGE ( 'NONE', *, *, #121, .F. ) ;
#5916 = DIRECTION ( 'NONE',  ( 0.000000000000000000, 0.000000000000000000, -1.000000000000000000 ) ) ;
#5917 = VECTOR ( 'NONE', #5671, 1000.000000000000000 ) ;
#5918 = ORIENTED_EDGE ( 'NONE', *, *, #2025, .T. ) ;
#5919 = EDGE_CURVE ( 'NONE', #4142, #5966, #169, .T. ) ;
#5920 = DIRECTION ( 'NONE',  ( -0.7071067811855430429, 0.7071067811875521025, 0.000000000000000000 ) ) ;
#5921 = SURFACE_STYLE_USAGE ( .BOTH. , #2337 ) ;
#5922 = CARTESIAN_POINT ( 'NONE',  ( 0.4500005377251449779, 2.000000296195940219, 0.1000000000000000056 ) ) ;
#5923 = FILL_AREA_STYLE ('',( #5367 ) ) ;
#5924 =( NAMED_UNIT ( * ) PLANE_ANGLE_UNIT ( ) SI_UNIT ( $, .RADIAN. ) );
#5925 =( GEOMETRIC_REPRESENTATION_CONTEXT ( 3 ) GLOBAL_UNCERTAINTY_ASSIGNED_CONTEXT ( ( #37 ) ) GLOBAL_UNIT_ASSIGNED_CONTEXT ( ( #4010, #6938, #2234 ) ) REPRESENTATION_CONTEXT ( 'NONE', 'WORKASPACE' ) );
#5926 = EDGE_LOOP ( 'NONE', ( #6483, #4452, #1305, #3540 ) ) ;
#5927 = LINE ( 'NONE', #582, #6270 ) ;
#5928 =( LENGTH_UNIT ( ) NAMED_UNIT ( * ) SI_UNIT ( .MILLI., .METRE. ) );
#5929 = CARTESIAN_POINT ( 'NONE',  ( 0.7150011077279719851, 0.7025008911961240221, 0.2283999999999999919 ) ) ;
#5930 = ADVANCED_FACE ( 'NONE', ( #2654 ), #5655, .T. ) ;
#5931 = FILL_AREA_STYLE_COLOUR ( '', #1962 ) ;
#5932 = SURFACE_STYLE_FILL_AREA ( #2373 ) ;
#5933 = ORIENTED_EDGE ( 'NONE', *, *, #6966, .F. ) ;
#5934 = AXIS2_PLACEMENT_3D ( 'NONE', #7551, #3952, #4061 ) ;
#5935 = DIRECTION ( 'NONE',  ( 0.000000000000000000, 0.000000000000000000, 1.000000000000000000 ) ) ;
#5936 = STYLED_ITEM ( 'NONE', ( #1193 ), #622 ) ;
#5937 = DIRECTION ( 'NONE',  ( -0.000000000000000000, 1.000000000000000000, 0.000000000000000000 ) ) ;
#5938 = SURFACE_STYLE_USAGE ( .BOTH. , #4763 ) ;
#5939 = AXIS2_PLACEMENT_3D ( 'NONE', #446, #387, #3349 ) ;
#5940 = VECTOR ( 'NONE', #1779, 1000.000000000000000 ) ;
#5942 =( GEOMETRIC_REPRESENTATION_CONTEXT ( 3 ) GLOBAL_UNCERTAINTY_ASSIGNED_CONTEXT ( ( #2664 ) ) GLOBAL_UNIT_ASSIGNED_CONTEXT ( ( #1507, #6286, #6897 ) ) REPRESENTATION_CONTEXT ( 'NONE', 'WORKASPACE' ) );
#5941 = SURFACE_STYLE_USAGE ( .BOTH. , #4729 ) ;
#5943 = LINE ( 'NONE', #5319, #7012 ) ;
#5944 = MECHANICAL_DESIGN_GEOMETRIC_PRESENTATION_REPRESENTATION (  '', ( #2220 ), #6675 ) ;
#5945 = DIRECTION ( 'NONE',  ( 0.000000000000000000, 0.000000000000000000, -1.000000000000000000 ) ) ;
#5946 = MECHANICAL_DESIGN_GEOMETRIC_PRESENTATION_REPRESENTATION (  '', ( #3948 ), #7531 ) ;
#5947 = DIRECTION ( 'NONE',  ( -0.000000000000000000, 0.000000000000000000, -1.000000000000000000 ) ) ;
#5948 = LINE ( 'NONE', #3719, #521 ) ;
#5949 = UNCERTAINTY_MEASURE_WITH_UNIT (LENGTH_MEASURE( 1.000000000000000082E-05 ), #3422, 'distance_accuracy_value', 'NONE');
#5950 = AXIS2_PLACEMENT_3D ( 'NONE', #3587, #4153, #4872 ) ;
#5951 = PRESENTATION_STYLE_ASSIGNMENT (( #6490 ) ) ;
#5952 = AXIS2_PLACEMENT_3D ( 'NONE', #6721, #2555, #4861 ) ;
#5953 = COLOUR_RGB ( '',0.7490196078431372584, 0.7490196078431372584, 0.7490196078431372584 ) ;
#5954 = ORIENTED_EDGE ( 'NONE', *, *, #774, .T. ) ;
#5955 = SURFACE_STYLE_USAGE ( .BOTH. , #5391 ) ;
#5956 = LINE ( 'NONE', #5360, #3599 ) ;
#5957 = DIRECTION ( 'NONE',  ( 2.775557887810709895E-15, 1.000000000000000000, 0.000000000000000000 ) ) ;
#5958 = VERTEX_POINT ( 'NONE', #6858 ) ;
#5959 = MECHANICAL_DESIGN_GEOMETRIC_PRESENTATION_REPRESENTATION (  '', ( #7546 ), #7673 ) ;
#5960 = EDGE_CURVE ( 'NONE', #4718, #4884, #5582, .T. ) ;
#5961 = PLANE ( 'NONE',  #6592 ) ;
#5962 = UNCERTAINTY_MEASURE_WITH_UNIT (LENGTH_MEASURE( 1.000000000000000082E-05 ), #1413, 'distance_accuracy_value', 'NONE');
#5963 =( LENGTH_UNIT ( ) NAMED_UNIT ( * ) SI_UNIT ( .MILLI., .METRE. ) );
#5964 =( LENGTH_UNIT ( ) NAMED_UNIT ( * ) SI_UNIT ( .MILLI., .METRE. ) );
#5965 = AXIS2_PLACEMENT_3D ( 'NONE', #3588, #4155, #6543 ) ;
#5966 = VERTEX_POINT ( 'NONE', #4912 ) ;
#5967 = EDGE_CURVE ( 'NONE', #4988, #2283, #7269, .T. ) ;
#5968 = FACE_OUTER_BOUND ( 'NONE', #4595, .T. ) ;
#5969 = CARTESIAN_POINT ( 'NONE',  ( 0.2000005377251450334, 0.4900002914941750110, 0.000000000000000000 ) ) ;
#5970 =( NAMED_UNIT ( * ) SI_UNIT ( $, .STERADIAN. ) SOLID_ANGLE_UNIT ( ) );
#5971 = VECTOR ( 'NONE', #3369, 1000.000000000000000 ) ;
#5972 = CARTESIAN_POINT ( 'NONE',  ( 0.1812143443952660138, 0.3500002962467679835, 0.2030000000000000415 ) ) ;
#5973 =( LENGTH_UNIT ( ) NAMED_UNIT ( * ) SI_UNIT ( .MILLI., .METRE. ) );
#5974 = ORIENTED_EDGE ( 'NONE', *, *, #2266, .F. ) ;
#5975 = EDGE_CURVE ( 'NONE', #3837, #6821, #1378, .T. ) ;
#5976 =( GEOMETRIC_REPRESENTATION_CONTEXT ( 3 ) GLOBAL_UNCERTAINTY_ASSIGNED_CONTEXT ( ( #5245 ) ) GLOBAL_UNIT_ASSIGNED_CONTEXT ( ( #5565, #5479, #7298 ) ) REPRESENTATION_CONTEXT ( 'NONE', 'WORKASPACE' ) );
#5977 = DIRECTION ( 'NONE',  ( 1.000000000000000000, 0.000000000000000000, 0.000000000000000000 ) ) ;
#5978 = LINE ( 'NONE', #2308, #3669 ) ;
#5979 = FACE_OUTER_BOUND ( 'NONE', #7010, .T. ) ;
#5980 = FACE_OUTER_BOUND ( 'NONE', #1181, .T. ) ;
#5981 = UNCERTAINTY_MEASURE_WITH_UNIT (LENGTH_MEASURE( 1.000000000000000082E-05 ), #1073, 'distance_accuracy_value', 'NONE');
#5982 = AXIS2_PLACEMENT_3D ( 'NONE', #5869, #4065, #3596 ) ;
#5983 = FILL_AREA_STYLE ('',( #2905 ) ) ;
#5984 = PLANE ( 'NONE',  #7490 ) ;
#5985 = ORIENTED_EDGE ( 'NONE', *, *, #5421, .T. ) ;
#5986 = DIRECTION ( 'NONE',  ( 1.000000000000000000, 0.000000000000000000, 0.000000000000000000 ) ) ;
#5987 = ADVANCED_FACE ( 'NONE', ( #4599 ), #2200, .T. ) ;
#5988 = EDGE_LOOP ( 'NONE', ( #4353, #4234, #6034, #6943 ) ) ;
#5989 =( LENGTH_UNIT ( ) NAMED_UNIT ( * ) SI_UNIT ( .MILLI., .METRE. ) );
#5990 = DIRECTION ( 'NONE',  ( 0.000000000000000000, 0.000000000000000000, 1.000000000000000000 ) ) ;
#5991 = ORIENTED_EDGE ( 'NONE', *, *, #2111, .T. ) ;
#5992 =( LENGTH_UNIT ( ) NAMED_UNIT ( * ) SI_UNIT ( .MILLI., .METRE. ) );
#5993 = DIRECTION ( 'NONE',  ( 0.000000000000000000, -0.000000000000000000, -1.000000000000000000 ) ) ;
#5994 = SURFACE_SIDE_STYLE ('',( #3645 ) ) ;
#5995 = EDGE_LOOP ( 'NONE', ( #2117, #3601, #2854, #7564 ) ) ;
#5996 = UNCERTAINTY_MEASURE_WITH_UNIT (LENGTH_MEASURE( 1.000000000000000082E-05 ), #2976, 'distance_accuracy_value', 'NONE');
#5997 = DIRECTION ( 'NONE',  ( -0.000000000000000000, 1.000000000000000000, 0.000000000000000000 ) ) ;
#5998 = CARTESIAN_POINT ( 'NONE',  ( 0.3100005377250449889, 1.200000289965710287, 0.1000000000000000056 ) ) ;
#5999 = PRESENTATION_STYLE_ASSIGNMENT (( #7212 ) ) ;
#6000 = EDGE_CURVE ( 'NONE', #3145, #2952, #5191, .T. ) ;
#6001 = ORIENTED_EDGE ( 'NONE', *, *, #1564, .T. ) ;
#6002 = PRESENTATION_LAYER_ASSIGNMENT (  '', '', ( #1026 ) ) ;
#6003 = SURFACE_STYLE_USAGE ( .BOTH. , #5340 ) ;
#6004 = EDGE_CURVE ( 'NONE', #7087, #5623, #4559, .T. ) ;
#6005 = CARTESIAN_POINT ( 'NONE',  ( 0.7150011077279719851, 1.297499701195750088, 0.2283999999999999919 ) ) ;
#6006 = VERTEX_POINT ( 'NONE', #6361 ) ;
#6007 = CARTESIAN_POINT ( 'NONE',  ( 0.1812143443952660138, 1.710000296195629987, 0.2030000000000000415 ) ) ;
#6008 =( NAMED_UNIT ( * ) PLANE_ANGLE_UNIT ( ) SI_UNIT ( $, .RADIAN. ) );
#6009 = AXIS2_PLACEMENT_3D ( 'NONE', #3200, #2030, #239 ) ;
#6010 = FILL_AREA_STYLE_COLOUR ( '', #4787 ) ;
#6011 = EDGE_CURVE ( 'NONE', #2108, #2939, #3441, .T. ) ;
#6012 = FILL_AREA_STYLE ('',( #3630 ) ) ;
#6013 = SURFACE_SIDE_STYLE ('',( #1191 ) ) ;
#6014 = DIRECTION ( 'NONE',  ( 1.000000000000000000, 0.000000000000000000, 0.000000000000000000 ) ) ;
#6015 = STYLED_ITEM ( 'NONE', ( #5175 ), #3708 ) ;
#6016 = EDGE_LOOP ( 'NONE', ( #3946, #4050, #184, #7309 ) ) ;
#6017 = LINE ( 'NONE', #5356, #1950 ) ;
#6018 = DIRECTION ( 'NONE',  ( 0.000000000000000000, -0.000000000000000000, -1.000000000000000000 ) ) ;
#6019 = ORIENTED_EDGE ( 'NONE', *, *, #1706, .T. ) ;
#6020 = CARTESIAN_POINT ( 'NONE',  ( 0.6000005377252359828, 1.000000296195949989, 0.2030000000000000415 ) ) ;
#6021 = COLOUR_RGB ( '',0.7490196078431372584, 0.7490196078431372584, 0.7490196078431372584 ) ;
#6022 =( NAMED_UNIT ( * ) PLANE_ANGLE_UNIT ( ) SI_UNIT ( $, .RADIAN. ) );
#6023 = EDGE_CURVE ( 'NONE', #3625, #3374, #3338, .T. ) ;
#6024 = LINE ( 'NONE', #802, #5444 ) ;
#6025 = COLOUR_RGB ( '',0.7490196078431372584, 0.7490196078431372584, 0.7490196078431372584 ) ;
#6026 = DIRECTION ( 'NONE',  ( 1.000000000000000000, 0.000000000000000000, 0.000000000000000000 ) ) ;
#6027 = CARTESIAN_POINT ( 'NONE',  ( 1.700000537725049998, 0.3900002914941749776, 0.000000000000000000 ) ) ;
#6028 = DIRECTION ( 'NONE',  ( 1.000000000000000000, -3.298948416032040199E-13, 0.000000000000000000 ) ) ;
#6029 = ORIENTED_EDGE ( 'NONE', *, *, #5261, .T. ) ;
#6030 = DIRECTION ( 'NONE',  ( -0.000000000000000000, 1.000000000000000000, 0.000000000000000000 ) ) ;
#6031 = PLANE ( 'NONE',  #2071 ) ;
#6032 = FILL_AREA_STYLE ('',( #5442 ) ) ;
#6033 = STYLED_ITEM ( 'NONE', ( #5071 ), #1919 ) ;
#6034 = ORIENTED_EDGE ( 'NONE', *, *, #6778, .T. ) ;
#6035 = CARTESIAN_POINT ( 'NONE',  ( 0.3100005377250449889, 0.5500002899657370214, 0.1000000000000000056 ) ) ;
#6036 = VECTOR ( 'NONE', #6402, 1000.000000000000000 ) ;
#6037 =( GEOMETRIC_REPRESENTATION_CONTEXT ( 3 ) GLOBAL_UNCERTAINTY_ASSIGNED_CONTEXT ( ( #2456 ) ) GLOBAL_UNIT_ASSIGNED_CONTEXT ( ( #1449, #4830, #4293 ) ) REPRESENTATION_CONTEXT ( 'NONE', 'WORKASPACE' ) );
#6038 = VECTOR ( 'NONE', #5370, 1000.000000000000000 ) ;
#6039 = COLOUR_RGB ( '',0.7490196078431372584, 0.7490196078431372584, 0.7490196078431372584 ) ;
#6040 =( LENGTH_UNIT ( ) NAMED_UNIT ( * ) SI_UNIT ( .MILLI., .METRE. ) );
#6041 = UNCERTAINTY_MEASURE_WITH_UNIT (LENGTH_MEASURE( 1.000000000000000082E-05 ), #780, 'distance_accuracy_value', 'NONE');
#6042 = FILL_AREA_STYLE_COLOUR ( '', #4845 ) ;
#6043 = ORIENTED_EDGE ( 'NONE', *, *, #159, .F. ) ;
#6044 = CARTESIAN_POINT ( 'NONE',  ( 2.000000537725100003, 0.8600003008975819485, 0.000000000000000000 ) ) ;
#6045 = FILL_AREA_STYLE_COLOUR ( '', #4803 ) ;
#6046 = AXIS2_PLACEMENT_3D ( 'NONE', #3247, #2564, #4944 ) ;
#6047 = STYLED_ITEM ( 'NONE', ( #3460 ), #4828 ) ;
#6048 = VECTOR ( 'NONE', #7235, 1000.000000000000000 ) ;
#6049 =( NAMED_UNIT ( * ) SI_UNIT ( $, .STERADIAN. ) SOLID_ANGLE_UNIT ( ) );
#6050 = CARTESIAN_POINT ( 'NONE',  ( 5.377251000027170150E-07, 1.140000291494180029, 0.1000000000000000056 ) ) ;
#6051 = CARTESIAN_POINT ( 'NONE',  ( 1.690000537725149909, 0.5500002899657370214, 0.1000000000000000056 ) ) ;
#6052 =( GEOMETRIC_REPRESENTATION_CONTEXT ( 3 ) GLOBAL_UNCERTAINTY_ASSIGNED_CONTEXT ( ( #5981 ) ) GLOBAL_UNIT_ASSIGNED_CONTEXT ( ( #1073, #1599, #5828 ) ) REPRESENTATION_CONTEXT ( 'NONE', 'WORKASPACE' ) );
#6053 = COLOUR_RGB ( '',0.7921568627450980005, 0.8196078431372548767, 0.9333333333333333481 ) ;
#6054 = DIRECTION ( 'NONE',  ( 0.000000000000000000, 0.000000000000000000, 1.000000000000000000 ) ) ;
#6055 = VECTOR ( 'NONE', #4281, 1000.000000000000000 ) ;
#6056 = ORIENTED_EDGE ( 'NONE', *, *, #1393, .F. ) ;
#6057 =( NAMED_UNIT ( * ) SI_UNIT ( $, .STERADIAN. ) SOLID_ANGLE_UNIT ( ) );
#6058 =( NAMED_UNIT ( * ) PLANE_ANGLE_UNIT ( ) SI_UNIT ( $, .RADIAN. ) );
#6059 = ORIENTED_EDGE ( 'NONE', *, *, #5372, .F. ) ;
#6060 = EDGE_CURVE ( 'NONE', #4965, #6236, #3937, .T. ) ;
#6061 = LINE ( 'NONE', #7196, #338 ) ;
#6062 = AXIS2_PLACEMENT_3D ( 'NONE', #3410, #4058, #5780 ) ;
#6063 = PRESENTATION_LAYER_ASSIGNMENT (  '', '', ( #4936 ) ) ;
#6064 =( GEOMETRIC_REPRESENTATION_CONTEXT ( 3 ) GLOBAL_UNCERTAINTY_ASSIGNED_CONTEXT ( ( #5274 ) ) GLOBAL_UNIT_ASSIGNED_CONTEXT ( ( #3899, #6942, #5085 ) ) REPRESENTATION_CONTEXT ( 'NONE', 'WORKASPACE' ) );
#6065 = COLOUR_RGB ( '',0.7490196078431372584, 0.7490196078431372584, 0.7490196078431372584 ) ;
#6066 =( NAMED_UNIT ( * ) PLANE_ANGLE_UNIT ( ) SI_UNIT ( $, .RADIAN. ) );
#6067 =( NAMED_UNIT ( * ) SI_UNIT ( $, .STERADIAN. ) SOLID_ANGLE_UNIT ( ) );
#6068 =( NAMED_UNIT ( * ) PLANE_ANGLE_UNIT ( ) SI_UNIT ( $, .RADIAN. ) );
#6069 =( GEOMETRIC_REPRESENTATION_CONTEXT ( 3 ) GLOBAL_UNCERTAINTY_ASSIGNED_CONTEXT ( ( #7208 ) ) GLOBAL_UNIT_ASSIGNED_CONTEXT ( ( #4263, #3738, #5341 ) ) REPRESENTATION_CONTEXT ( 'NONE', 'WORKASPACE' ) );
#6070 = EDGE_CURVE ( 'NONE', #165, #4189, #3977, .T. ) ;
#6071 = SURFACE_STYLE_FILL_AREA ( #4893 ) ;
#6072 = ORIENTED_EDGE ( 'NONE', *, *, #7251, .F. ) ;
#6073 = UNCERTAINTY_MEASURE_WITH_UNIT (LENGTH_MEASURE( 1.000000000000000082E-05 ), #6684, 'distance_accuracy_value', 'NONE');
#6074 = PRESENTATION_LAYER_ASSIGNMENT (  '', '', ( #1103 ) ) ;
#6075 = CARTESIAN_POINT ( 'NONE',  ( 0.7100005377251360494, 0.3100002961958809866, 0.000000000000000000 ) ) ;
#6076 = ORIENTED_EDGE ( 'NONE', *, *, #2300, .F. ) ;
#6077 =( NAMED_UNIT ( * ) SI_UNIT ( $, .STERADIAN. ) SOLID_ANGLE_UNIT ( ) );
#6078 = SURFACE_STYLE_FILL_AREA ( #899 ) ;
#6079 = EDGE_LOOP ( 'NONE', ( #1879, #5536, #7108, #1884, #6546, #7398, #3844, #5142, #1679, #480, #7097, #47 ) ) ;
#6080 = EDGE_CURVE ( 'NONE', #3817, #6840, #5817, .T. ) ;
#6081 = VECTOR ( 'NONE', #2792, 1000.000000000000000 ) ;
#6082 = SURFACE_STYLE_FILL_AREA ( #160 ) ;
#6083 = CARTESIAN_POINT ( 'NONE',  ( 0.03000054242693271991, 0.4100002961956760728, 0.1000000000000000056 ) ) ;
#6084 = CARTESIAN_POINT ( 'NONE',  ( 0.03000054242693273379, 0.4100002961956760172, 0.2030000000000000415 ) ) ;
#6085 = VERTEX_POINT ( 'NONE', #376 ) ;
#6086 =( NAMED_UNIT ( * ) PLANE_ANGLE_UNIT ( ) SI_UNIT ( $, .RADIAN. ) );
#6087 = PRESENTATION_LAYER_ASSIGNMENT (  '', '', ( #3768 ) ) ;
#6088 = SURFACE_SIDE_STYLE ('',( #8 ) ) ;
#6089 = COLOUR_RGB ( '',0.7490196078431372584, 0.7490196078431372584, 0.7490196078431372584 ) ;
#6090 = DIRECTION ( 'NONE',  ( -0.7071067811865475727, 0.7071067811865475727, 0.000000000000000000 ) ) ;
#6091 = SURFACE_STYLE_USAGE ( .BOTH. , #1924 ) ;
#6092 = DIRECTION ( 'NONE',  ( -0.000000000000000000, 1.000000000000000000, 0.000000000000000000 ) ) ;
#6093 = SURFACE_STYLE_USAGE ( .BOTH. , #7270 ) ;
#6094 = PRESENTATION_LAYER_ASSIGNMENT (  '', '', ( #1990 ) ) ;
#6095 = CARTESIAN_POINT ( 'NONE',  ( 1.870000537724990197, 0.2100003008976049912, 0.2030000000000000415 ) ) ;
#6096 = ORIENTED_EDGE ( 'NONE', *, *, #7098, .T. ) ;
#6097 = ADVANCED_FACE ( 'NONE', ( #2273 ), #7579, .T. ) ;
#6098 = LINE ( 'NONE', #763, #1614 ) ;
#6099 = CARTESIAN_POINT ( 'NONE',  ( 1.818786731054929939, 0.9400002961956489544, 0.2030000000000000415 ) ) ;
#6100 = ORIENTED_EDGE ( 'NONE', *, *, #828, .F. ) ;
#6101 = LINE ( 'NONE', #55, #575 ) ;
#6102 =( NAMED_UNIT ( * ) PLANE_ANGLE_UNIT ( ) SI_UNIT ( $, .RADIAN. ) );
#6103 = PRODUCT_DEFINITION_FORMATION_WITH_SPECIFIED_SOURCE ( 'ANY', '', #2151, .NOT_KNOWN. ) ;
#6104 = ADVANCED_FACE ( 'NONE', ( #3 ), #7084, .T. ) ;
#6105 = LINE ( 'NONE', #6753, #7429 ) ;
#6106 = VERTEX_POINT ( 'NONE', #6578 ) ;
#6107 =( LENGTH_UNIT ( ) NAMED_UNIT ( * ) SI_UNIT ( .MILLI., .METRE. ) );
#6108 = VECTOR ( 'NONE', #3236, 1000.000000000000000 ) ;
#6109 = ORIENTED_EDGE ( 'NONE', *, *, #6643, .T. ) ;
#6110 = ADVANCED_FACE ( 'NONE', ( #1149 ), #36, .T. ) ;
#6111 = SURFACE_STYLE_USAGE ( .BOTH. , #1321 ) ;
#6112 = SURFACE_STYLE_USAGE ( .BOTH. , #7246 ) ;
#6114 = ORIENTED_EDGE ( 'NONE', *, *, #269, .T. ) ;
#6113 = LINE ( 'NONE', #3148, #919 ) ;
#6115 = SURFACE_SIDE_STYLE ('',( #6078 ) ) ;
#6116 = ORIENTED_EDGE ( 'NONE', *, *, #1852, .F. ) ;
#6117 =( NAMED_UNIT ( * ) PLANE_ANGLE_UNIT ( ) SI_UNIT ( $, .RADIAN. ) );
#6118 = LINE ( 'NONE', #1497, #571 ) ;
#6119 = EDGE_CURVE ( 'NONE', #7492, #3315, #543, .T. ) ;
#6120 = UNCERTAINTY_MEASURE_WITH_UNIT (LENGTH_MEASURE( 1.000000000000000082E-05 ), #4539, 'distance_accuracy_value', 'NONE');
#6121 = LINE ( 'NONE', #2116, #3366 ) ;
#6122 = ORIENTED_EDGE ( 'NONE', *, *, #2118, .F. ) ;
#6123 = CARTESIAN_POINT ( 'NONE',  ( 1.690000537725149909, 1.200000289965710287, 0.1000000000000000056 ) ) ;
#6124 = FILL_AREA_STYLE_COLOUR ( '', #962 ) ;
#6125 = CARTESIAN_POINT ( 'NONE',  ( 1.970000533023269940, 1.590000296195630103, 0.1000000000000000056 ) ) ;
#6126 = ORIENTED_EDGE ( 'NONE', *, *, #5289, .T. ) ;
#6127 = DIRECTION ( 'NONE',  ( -0.000000000000000000, -0.000000000000000000, -1.000000000000000000 ) ) ;
#6128 = FILL_AREA_STYLE_COLOUR ( '', #272 ) ;
#6129 = ORIENTED_EDGE ( 'NONE', *, *, #3896, .T. ) ;
#6130 = CARTESIAN_POINT ( 'NONE',  ( 0.1300005377252089478, 0.8000003025424580194, 0.1000000000000000056 ) ) ;
#6131 =( NAMED_UNIT ( * ) SI_UNIT ( $, .STERADIAN. ) SOLID_ANGLE_UNIT ( ) );
#6132 = ORIENTED_EDGE ( 'NONE', *, *, #6822, .T. ) ;
#6133 = CARTESIAN_POINT ( 'NONE',  ( 1.873321717579730095, 1.000000296195880045, 0.1000000000000000056 ) ) ;
#6134 = COLOUR_RGB ( '',0.7490196078431372584, 0.7490196078431372584, 0.7490196078431372584 ) ;
#6135 = DIRECTION ( 'NONE',  ( -0.000000000000000000, -0.000000000000000000, -1.000000000000000000 ) ) ;
#6136 = PRESENTATION_LAYER_ASSIGNMENT (  '', '', ( #420 ) ) ;
#6137 = EDGE_CURVE ( 'NONE', #1471, #6625, #621, .T. ) ;
#6138 = DIRECTION ( 'NONE',  ( 1.000000000000000000, -3.235507100339109776E-13, 0.000000000000000000 ) ) ;
#6139 =( NAMED_UNIT ( * ) SI_UNIT ( $, .STERADIAN. ) SOLID_ANGLE_UNIT ( ) );
#6140 = EDGE_LOOP ( 'NONE', ( #5842, #1228, #1362, #1721 ) ) ;
#6141 = DIRECTION ( 'NONE',  ( 0.000000000000000000, 0.000000000000000000, 1.000000000000000000 ) ) ;
#6142 = CARTESIAN_POINT ( 'NONE',  ( 0.2000005377251450334, 1.140000291494150275, 0.1000000000000000056 ) ) ;
#6143 = VECTOR ( 'NONE', #3373, 1000.000000000000000 ) ;
#6144 = SURFACE_STYLE_FILL_AREA ( #5361 ) ;
#6145 = MECHANICAL_DESIGN_GEOMETRIC_PRESENTATION_REPRESENTATION (  '', ( #1672 ), #3291 ) ;
#6146 = ORIENTED_EDGE ( 'NONE', *, *, #7662, .F. ) ;
#6147 = VECTOR ( 'NONE', #6434, 1000.000000000000000 ) ;
#6148 = DIRECTION ( 'NONE',  ( -1.000000000000000000, -0.000000000000000000, 0.000000000000000000 ) ) ;
#6149 = FILL_AREA_STYLE_COLOUR ( '', #3623 ) ;
#6150 = DIRECTION ( 'NONE',  ( 1.000000000000000000, 0.000000000000000000, -0.000000000000000000 ) ) ;
#6151 =( NAMED_UNIT ( * ) SI_UNIT ( $, .STERADIAN. ) SOLID_ANGLE_UNIT ( ) );
#6152 = VECTOR ( 'NONE', #3701, 1000.000000000000000 ) ;
#6153 = ADVANCED_FACE ( 'NONE', ( #3046 ), #5407, .T. ) ;
#6154 = VECTOR ( 'NONE', #7308, 1000.000000000000000 ) ;
#6155 = DIRECTION ( 'NONE',  ( 0.000000000000000000, 0.000000000000000000, -1.000000000000000000 ) ) ;
#6156 = CARTESIAN_POINT ( 'NONE',  ( 0.1300005377252090033, 0.8600003008975819485, 0.1000000000000000056 ) ) ;
#6157 = CARTESIAN_POINT ( 'NONE',  ( 1.284999967722169956, 1.297499701195750088, 0.2283999999999999919 ) ) ;
#6158 = ORIENTED_EDGE ( 'NONE', *, *, #541, .T. ) ;
#6159 = DIRECTION ( 'NONE',  ( -0.000000000000000000, -1.000000000000000000, 0.000000000000000000 ) ) ;
#6160 = EDGE_CURVE ( 'NONE', #4852, #1396, #3702, .T. ) ;
#6161 = MECHANICAL_DESIGN_GEOMETRIC_PRESENTATION_REPRESENTATION (  '', ( #3672 ), #4910 ) ;
#6162 = CLOSED_SHELL ( 'NONE', ( #2128, #3433, #1369, #927, #4377, #2533, #622, #3060, #5492, #1892, #2782, #5513, #1206, #3408 ) ) ;
#6163 = LINE ( 'NONE', #2577, #2571 ) ;
#6164 = LINE ( 'NONE', #2578, #3907 ) ;
#6165 = DIRECTION ( 'NONE',  ( 0.000000000000000000, -0.000000000000000000, 1.000000000000000000 ) ) ;
#6166 = ORIENTED_EDGE ( 'NONE', *, *, #93, .F. ) ;
#6167 = VECTOR ( 'NONE', #7163, 1000.000000000000000 ) ;
#6168 = LINE ( 'NONE', #5622, #7403 ) ;
#6169 = ORIENTED_EDGE ( 'NONE', *, *, #7672, .T. ) ;
#6170 = LINE ( 'NONE', #2089, #5704 ) ;
#6171 = LINE ( 'NONE', #2849, #783 ) ;
#6172 = MECHANICAL_DESIGN_GEOMETRIC_PRESENTATION_REPRESENTATION (  '', ( #5177 ), #5416 ) ;
#6173 = EDGE_LOOP ( 'NONE', ( #2359, #5974, #281, #6862 ) ) ;
#6174 = STYLED_ITEM ( 'NONE', ( #6307 ), #4690 ) ;
#6175 = VECTOR ( 'NONE', #7019, 1000.000000000000000 ) ;
#6176 = CARTESIAN_POINT ( 'NONE',  ( 2.000000537725100003, 1.790000291494149964, 0.000000000000000000 ) ) ;
#6177 = DIRECTION ( 'NONE',  ( -0.000000000000000000, 0.000000000000000000, -1.000000000000000000 ) ) ;
#6178 = SURFACE_SIDE_STYLE ('',( #4184 ) ) ;
#6179 = COLOUR_RGB ( '',0.7921568627450980005, 0.8196078431372548767, 0.9333333333333333481 ) ;
#6180 = MECHANICAL_DESIGN_GEOMETRIC_PRESENTATION_REPRESENTATION (  '', ( #2206 ), #6052 ) ;
#6182 = AXIS2_PLACEMENT_3D ( 'NONE', #2779, #6791, #4457 ) ;
#6181 = SURFACE_SIDE_STYLE ('',( #3873 ) ) ;
#6183 = AXIS2_PLACEMENT_3D ( 'NONE', #3565, #5357, #5835 ) ;
#6184 = CARTESIAN_POINT ( 'NONE',  ( 5.377251000157276528E-07, 1.000000296195880045, 0.000000000000000000 ) ) ;
#6185 = ORIENTED_EDGE ( 'NONE', *, *, #4372, .F. ) ;
#6186 = MECHANICAL_DESIGN_GEOMETRIC_PRESENTATION_REPRESENTATION (  '', ( #5426 ), #5064 ) ;
#6187 =( LENGTH_UNIT ( ) NAMED_UNIT ( * ) SI_UNIT ( .MILLI., .METRE. ) );
#6188 = PLANE ( 'NONE',  #1320 ) ;
#6189 = AXIS2_PLACEMENT_3D ( 'NONE', #6569, #4786, #7284 ) ;
#6190 = VERTEX_POINT ( 'NONE', #4389 ) ;
#6191 = VECTOR ( 'NONE', #6127, 1000.000000000000000 ) ;
#6192 = PRESENTATION_LAYER_ASSIGNMENT (  '', '', ( #1843 ) ) ;
#6193 = VECTOR ( 'NONE', #5039, 1000.000000000000000 ) ;
#6194 = CARTESIAN_POINT ( 'NONE',  ( 1.000000537725110217, 2.961959354001730826E-07, 0.2030000000000000415 ) ) ;
#6195 = CIRCLE ( 'NONE', #3578, 0.09999999999999990841 ) ;
#6196 = MECHANICAL_DESIGN_GEOMETRIC_PRESENTATION_REPRESENTATION (  '', ( #4936 ), #6673 ) ;
#6197 = VERTEX_POINT ( 'NONE', #6084 ) ;
#6198 = EDGE_LOOP ( 'NONE', ( #2463, #6460, #4941, #4064 ) ) ;
#6199 =( NAMED_UNIT ( * ) SI_UNIT ( $, .STERADIAN. ) SOLID_ANGLE_UNIT ( ) );
#6200 = DIRECTION ( 'NONE',  ( 0.000000000000000000, 0.000000000000000000, -1.000000000000000000 ) ) ;
#6201 = EDGE_CURVE ( 'NONE', #2057, #2207, #7256, .T. ) ;
#6202 = PRESENTATION_STYLE_ASSIGNMENT (( #1456 ) ) ;
#6203 = DIRECTION ( 'NONE',  ( 0.000000000000000000, 0.000000000000000000, 1.000000000000000000 ) ) ;
#6204 = UNCERTAINTY_MEASURE_WITH_UNIT (LENGTH_MEASURE( 1.000000000000000082E-05 ), #1334, 'distance_accuracy_value', 'NONE');
#6205 = COLOUR_RGB ( '',0.7490196078431372584, 0.7490196078431372584, 0.7490196078431372584 ) ;
#6206 = VECTOR ( 'NONE', #219, 1000.000000000000000 ) ;
#6207 = ORIENTED_EDGE ( 'NONE', *, *, #5724, .F. ) ;
#6208 = CARTESIAN_POINT ( 'NONE',  ( 0.1812143443952660138, 1.650000296246720177, 0.2030000000000000415 ) ) ;
#6209 = SURFACE_STYLE_USAGE ( .BOTH. , #1468 ) ;
#6210 = EDGE_CURVE ( 'NONE', #5773, #6230, #7339, .T. ) ;
#6211 = VERTEX_POINT ( 'NONE', #3776 ) ;
#6212 = PRESENTATION_STYLE_ASSIGNMENT (( #255 ) ) ;
#6213 = VERTEX_POINT ( 'NONE', #902 ) ;
#6214 = AXIS2_PLACEMENT_3D ( 'NONE', #6223, #889, #6300 ) ;
#6215 = PRESENTATION_STYLE_ASSIGNMENT (( #3827 ) ) ;
#6216 = VERTEX_POINT ( 'NONE', #5611 ) ;
#6217 =( NAMED_UNIT ( * ) SI_UNIT ( $, .STERADIAN. ) SOLID_ANGLE_UNIT ( ) );
#6218 =( LENGTH_UNIT ( ) NAMED_UNIT ( * ) SI_UNIT ( .MILLI., .METRE. ) );
#6219 = LINE ( 'NONE', #4593, #505 ) ;
#6220 = STYLED_ITEM ( 'NONE', ( #5146 ), #7220 ) ;
#6221 = LINE ( 'NONE', #6299, #3812 ) ;
#6222 = ADVANCED_FACE ( 'NONE', ( #6697 ), #3159, .T. ) ;
#6223 = CARTESIAN_POINT ( 'NONE',  ( 0.2000005377251450334, 0.9600003008976040197, 0.000000000000000000 ) ) ;
#6224 = SURFACE_STYLE_FILL_AREA ( #2626 ) ;
#6225 = CARTESIAN_POINT ( 'NONE',  ( 1.284999967722169956, 1.297499701195750088, 0.2030000000000000415 ) ) ;
#6226 = SURFACE_STYLE_FILL_AREA ( #4374 ) ;
#6227 = FACE_OUTER_BOUND ( 'NONE', #6198, .T. ) ;
#6228 =( NAMED_UNIT ( * ) SI_UNIT ( $, .STERADIAN. ) SOLID_ANGLE_UNIT ( ) );
#6229 = VECTOR ( 'NONE', #7493, 1000.000000000000000 ) ;
#6230 = VERTEX_POINT ( 'NONE', #4946 ) ;
#6231 = DIRECTION ( 'NONE',  ( 0.000000000000000000, -1.000000000000000000, 0.000000000000000000 ) ) ;
#6232 = VECTOR ( 'NONE', #4976, 1000.000000000000000 ) ;
#6233 = DIRECTION ( 'NONE',  ( 0.000000000000000000, 0.000000000000000000, 1.000000000000000000 ) ) ;
#6234 = CARTESIAN_POINT ( 'NONE',  ( 1.284999967722169956, 1.297499701195750088, 0.4062000000000000055 ) ) ;
#6235 =( LENGTH_UNIT ( ) NAMED_UNIT ( * ) SI_UNIT ( .MILLI., .METRE. ) );
#6236 = VERTEX_POINT ( 'NONE', #2033 ) ;
#6237 = LINE ( 'NONE', #2065, #3970 ) ;
#6238 = ORIENTED_EDGE ( 'NONE', *, *, #789, .T. ) ;
#6239 =( NAMED_UNIT ( * ) PLANE_ANGLE_UNIT ( ) SI_UNIT ( $, .RADIAN. ) );
#6240 = AXIS2_PLACEMENT_3D ( 'NONE', #3179, #5505, #4370 ) ;
#6241 = SURFACE_STYLE_FILL_AREA ( #7570 ) ;
#6242 = VECTOR ( 'NONE', #7319, 1000.000000000000000 ) ;
#6243 = EDGE_CURVE ( 'NONE', #7640, #1503, #4350, .T. ) ;
#6244 = CARTESIAN_POINT ( 'NONE',  ( 1.690000537725149909, 0.5500002899657370214, 0.1000000000000000056 ) ) ;
#6245 = FILL_AREA_STYLE_COLOUR ( '', #7503 ) ;
#6246 = ORIENTED_EDGE ( 'NONE', *, *, #4774, .F. ) ;
#6247 = MECHANICAL_DESIGN_GEOMETRIC_PRESENTATION_REPRESENTATION (  '', ( #3129 ), #2013 ) ;
#6248 = CARTESIAN_POINT ( 'NONE',  ( 0.1300005377252090033, 1.450000302542429953, 0.1000000000000000056 ) ) ;
#6249 = PRODUCT_DEFINITION ( 'UNKNOWN', '', #6103, #7169 ) ;
#6250 = SURFACE_SIDE_STYLE ('',( #2003 ) ) ;
#6251 = MECHANICAL_DESIGN_GEOMETRIC_PRESENTATION_REPRESENTATION (  '', ( #7581 ), #6857 ) ;
#6252 = PLANE ( 'NONE',  #3771 ) ;
#6253 = EDGE_LOOP ( 'NONE', ( #2721, #32, #4679, #2409 ) ) ;
#6254 =( NAMED_UNIT ( * ) SI_UNIT ( $, .STERADIAN. ) SOLID_ANGLE_UNIT ( ) );
#6255 = VERTEX_POINT ( 'NONE', #821 ) ;
#6256 = VERTEX_POINT ( 'NONE', #3251 ) ;
#6257 = PRESENTATION_STYLE_ASSIGNMENT (( #3867 ) ) ;
#6258 = UNCERTAINTY_MEASURE_WITH_UNIT (LENGTH_MEASURE( 1.000000000000000082E-05 ), #5417, 'distance_accuracy_value', 'NONE');
#6259 = ADVANCED_FACE ( 'NONE', ( #2644 ), #3925, .F. ) ;
#6260 = DIRECTION ( 'NONE',  ( 0.7071067811860450858, 0.7071067811870500597, 0.000000000000000000 ) ) ;
#6261 = DIRECTION ( 'NONE',  ( 1.000000000000000000, 0.000000000000000000, 0.000000000000000000 ) ) ;
#6262 = LINE ( 'NONE', #5742, #5096 ) ;
#6263 = ORIENTED_EDGE ( 'NONE', *, *, #2002, .F. ) ;
#6264 =( NAMED_UNIT ( * ) SI_UNIT ( $, .STERADIAN. ) SOLID_ANGLE_UNIT ( ) );
#6265 = DIRECTION ( 'NONE',  ( -0.000000000000000000, 0.000000000000000000, -1.000000000000000000 ) ) ;
#6266 = DIRECTION ( 'NONE',  ( 1.000000000000000000, 0.000000000000000000, 0.000000000000000000 ) ) ;
#6267 = ORIENTED_EDGE ( 'NONE', *, *, #4837, .F. ) ;
#6268 = ADVANCED_FACE ( 'NONE', ( #1646 ), #2230, .T. ) ;
#6269 = DIRECTION ( 'NONE',  ( -0.000000000000000000, -0.000000000000000000, -1.000000000000000000 ) ) ;
#6270 = VECTOR ( 'NONE', #4086, 1000.000000000000000 ) ;
#6271 = AXIS2_PLACEMENT_3D ( 'NONE', #4295, #1180, #3538 ) ;
#6272 = VERTEX_POINT ( 'NONE', #5760 ) ;
#6273 = CARTESIAN_POINT ( 'NONE',  ( 1.890000537725309959, 1.510000300897559988, 0.1000000000000000056 ) ) ;
#6274 = STYLED_ITEM ( 'NONE', ( #232 ), #3857 ) ;
#6275 =( NAMED_UNIT ( * ) PLANE_ANGLE_UNIT ( ) SI_UNIT ( $, .RADIAN. ) );
#6276 =( NAMED_UNIT ( * ) SI_UNIT ( $, .STERADIAN. ) SOLID_ANGLE_UNIT ( ) );
#6277 = FILL_AREA_STYLE ('',( #5649 ) ) ;
#6278 = SURFACE_SIDE_STYLE ('',( #7380 ) ) ;
#6279 = FILL_AREA_STYLE_COLOUR ( '', #3533 ) ;
#6280 = UNCERTAINTY_MEASURE_WITH_UNIT (LENGTH_MEASURE( 1.000000000000000082E-05 ), #5928, 'distance_accuracy_value', 'NONE');
#6281 = FILL_AREA_STYLE ('',( #163 ) ) ;
#6282 = COLOUR_RGB ( '',0.7490196078431372584, 0.7490196078431372584, 0.7490196078431372584 ) ;
#6283 = ORIENTED_EDGE ( 'NONE', *, *, #5824, .F. ) ;
#6284 = CARTESIAN_POINT ( 'NONE',  ( 0.1100005377252270128, 1.790000291494149964, 0.1000000000000000056 ) ) ;
#6285 = EDGE_CURVE ( 'NONE', #1031, #2939, #401, .T. ) ;
#6286 =( NAMED_UNIT ( * ) PLANE_ANGLE_UNIT ( ) SI_UNIT ( $, .RADIAN. ) );
#6287 = CARTESIAN_POINT ( 'NONE',  ( 0.3100005377250449889, 1.450000302542429953, 0.1000000000000000056 ) ) ;
#6288 = ORIENTED_EDGE ( 'NONE', *, *, #5537, .T. ) ;
#6289 = DIRECTION ( 'NONE',  ( -1.000000000000000000, -0.000000000000000000, 0.000000000000000000 ) ) ;
#6290 = ORIENTED_EDGE ( 'NONE', *, *, #1852, .T. ) ;
#6291 = AXIS2_PLACEMENT_3D ( 'NONE', #1800, #2846, #5850 ) ;
#6292 = ORIENTED_EDGE ( 'NONE', *, *, #7376, .T. ) ;
#6293 = DIRECTION ( 'NONE',  ( 0.000000000000000000, 0.000000000000000000, 1.000000000000000000 ) ) ;
#6294 = ADVANCED_FACE ( 'NONE', ( #7496 ), #3468, .T. ) ;
#6295 = CLOSED_SHELL ( 'NONE', ( #6104, #7520, #2521, #2640, #3268, #4856, #3122, #5566, #2218, #1242, #6268, #2726, #5170, #7282 ) ) ;
#6296 = FILL_AREA_STYLE ('',( #1517 ) ) ;
#6297 = CARTESIAN_POINT ( 'NONE',  ( 2.000000537725100003, 1.140000291494180029, 0.000000000000000000 ) ) ;
#6298 =( GEOMETRIC_REPRESENTATION_CONTEXT ( 3 ) GLOBAL_UNCERTAINTY_ASSIGNED_CONTEXT ( ( #2990 ) ) GLOBAL_UNIT_ASSIGNED_CONTEXT ( ( #4496, #1523, #6139 ) ) REPRESENTATION_CONTEXT ( 'NONE', 'WORKASPACE' ) );
#6299 = CARTESIAN_POINT ( 'NONE',  ( 0.1812143443952660138, 0.5500002899657370214, 0.2030000000000000415 ) ) ;
#6300 = DIRECTION ( 'NONE',  ( 1.000000000000000000, 0.000000000000000000, 0.000000000000000000 ) ) ;
#6301 =( GEOMETRIC_REPRESENTATION_CONTEXT ( 3 ) GLOBAL_UNCERTAINTY_ASSIGNED_CONTEXT ( ( #4727 ) ) GLOBAL_UNIT_ASSIGNED_CONTEXT ( ( #5148, #2158, #3932 ) ) REPRESENTATION_CONTEXT ( 'NONE', 'WORKASPACE' ) );
#6302 = COLOUR_RGB ( '',0.7490196078431372584, 0.7490196078431372584, 0.7490196078431372584 ) ;
#6303 = LINE ( 'NONE', #4648, #6906 ) ;
#6304 = ADVANCED_FACE ( 'NONE', ( #5883 ), #7105, .T. ) ;
#6305 = CARTESIAN_POINT ( 'NONE',  ( 1.400000537725190064, 1.000000296195949989, 0.2030000000000000415 ) ) ;
#6306 = SURFACE_STYLE_FILL_AREA ( #3314 ) ;
#6307 = PRESENTATION_STYLE_ASSIGNMENT (( #5713 ) ) ;
#6308 = VECTOR ( 'NONE', #7205, 1000.000000000000000 ) ;
#6309 = AXIS2_PLACEMENT_3D ( 'NONE', #6983, #1081, #2286 ) ;
#6310 = LINE ( 'NONE', #2256, #238 ) ;
#6311 = DIRECTION ( 'NONE',  ( 0.000000000000000000, 0.000000000000000000, 1.000000000000000000 ) ) ;
#6312 = EDGE_CURVE ( 'NONE', #2881, #5102, #4829, .T. ) ;
#6313 = ORIENTED_EDGE ( 'NONE', *, *, #935, .T. ) ;
#6314 = CARTESIAN_POINT ( 'NONE',  ( 0.1266793578704640266, 1.000000296195880045, 0.000000000000000000 ) ) ;
#6315 = AXIS2_PLACEMENT_3D ( 'NONE', #596, #445, #5863 ) ;
#6316 = FILL_AREA_STYLE_COLOUR ( '', #5540 ) ;
#6317 = STYLED_ITEM ( 'NONE', ( #4505 ), #2395 ) ;
#6318 = CARTESIAN_POINT ( 'NONE',  ( 0.2000005377251450056, 0.2100003008976270846, 0.000000000000000000 ) ) ;
#6319 = DIRECTION ( 'NONE',  ( 0.000000000000000000, 1.000000000000000000, 0.000000000000000000 ) ) ;
#6320 = EDGE_CURVE ( 'NONE', #838, #6840, #67, .T. ) ;
#6321 = CARTESIAN_POINT ( 'NONE',  ( 0.3100005377250449889, 1.450000302542429953, 0.1000000000000000056 ) ) ;
#6322 = ORIENTED_EDGE ( 'NONE', *, *, #2764, .F. ) ;
#6323 = COLOUR_RGB ( '',0.7490196078431372584, 0.7490196078431372584, 0.7490196078431372584 ) ;
#6324 = DIRECTION ( 'NONE',  ( -0.000000000000000000, 1.000000000000000000, 0.000000000000000000 ) ) ;
#6325 = CARTESIAN_POINT ( 'NONE',  ( 0.7150011077279719851, 1.297499701195750088, 0.2283999999999999919 ) ) ;
#6326 = COLOUR_RGB ( '',0.7490196078431372584, 0.7490196078431372584, 0.7490196078431372584 ) ;
#6327 = FILL_AREA_STYLE ('',( #3941 ) ) ;
#6328 = ORIENTED_EDGE ( 'NONE', *, *, #1269, .F. ) ;
#6329 = VERTEX_POINT ( 'NONE', #4705 ) ;
#6330 = AXIS2_PLACEMENT_3D ( 'NONE', #6957, #1637, #421 ) ;
#6331 = UNCERTAINTY_MEASURE_WITH_UNIT (LENGTH_MEASURE( 1.000000000000000082E-05 ), #4081, 'distance_accuracy_value', 'NONE');
#6332 = PLANE ( 'NONE',  #3680 ) ;
#6333 = DIRECTION ( 'NONE',  ( -1.000000000000000000, -0.000000000000000000, 0.000000000000000000 ) ) ;
#6334 = CARTESIAN_POINT ( 'NONE',  ( 0.7150011077279719851, 0.7025008911961240221, 0.2030000000000000415 ) ) ;
#6335 = STYLED_ITEM ( 'NONE', ( #7342 ), #6986 ) ;
#6336 = EDGE_CURVE ( 'NONE', #4523, #3444, #1106, .T. ) ;
#6337 = DIRECTION ( 'NONE',  ( 0.7071067811860450858, -0.7071067811870500597, 0.000000000000000000 ) ) ;
#6338 = CARTESIAN_POINT ( 'NONE',  ( 2.000000537725100003, 0.4900002914941979926, 0.000000000000000000 ) ) ;
#6339 = DIRECTION ( 'NONE',  ( 0.000000000000000000, -0.000000000000000000, -1.000000000000000000 ) ) ;
#6340 = PLANE ( 'NONE',  #2173 ) ;
#6341 = LINE ( 'NONE', #7447, #2884 ) ;
#6342 = FILL_AREA_STYLE_COLOUR ( '', #3676 ) ;
#6343 =( GEOMETRIC_REPRESENTATION_CONTEXT ( 3 ) GLOBAL_UNCERTAINTY_ASSIGNED_CONTEXT ( ( #2781 ) ) GLOBAL_UNIT_ASSIGNED_CONTEXT ( ( #1153, #42, #1296 ) ) REPRESENTATION_CONTEXT ( 'NONE', 'WORKASPACE' ) );
#6344 = EDGE_CURVE ( 'NONE', #797, #3417, #1177, .T. ) ;
#6345 = ORIENTED_EDGE ( 'NONE', *, *, #2495, .T. ) ;
#6346 = DIRECTION ( 'NONE',  ( 3.235507100339109776E-13, 1.000000000000000000, 0.000000000000000000 ) ) ;
#6347 = PLANE ( 'NONE',  #1883 ) ;
#6348 = AXIS2_PLACEMENT_3D ( 'NONE', #2185, #3425, #5174 ) ;
#6349 = VERTEX_POINT ( 'NONE', #5998 ) ;
#6350 = EDGE_CURVE ( 'NONE', #2459, #4577, #6605, .T. ) ;
#6351 = VECTOR ( 'NONE', #6952, 1000.000000000000000 ) ;
#6352 =( NAMED_UNIT ( * ) SI_UNIT ( $, .STERADIAN. ) SOLID_ANGLE_UNIT ( ) );
#6353 = FILL_AREA_STYLE ('',( #3968 ) ) ;
#6354 =( NAMED_UNIT ( * ) SI_UNIT ( $, .STERADIAN. ) SOLID_ANGLE_UNIT ( ) );
#6355 = FILL_AREA_STYLE ('',( #5619 ) ) ;
#6356 = DIRECTION ( 'NONE',  ( -0.000000000000000000, -0.000000000000000000, -1.000000000000000000 ) ) ;
#6357 = DIRECTION ( 'NONE',  ( -0.000000000000000000, -0.000000000000000000, -1.000000000000000000 ) ) ;
#6358 = ORIENTED_EDGE ( 'NONE', *, *, #5441, .F. ) ;
#6359 = EDGE_CURVE ( 'NONE', #1520, #977, #1139, .T. ) ;
#6360 =( GEOMETRIC_REPRESENTATION_CONTEXT ( 3 ) GLOBAL_UNCERTAINTY_ASSIGNED_CONTEXT ( ( #3080 ) ) GLOBAL_UNIT_ASSIGNED_CONTEXT ( ( #6381, #6496, #2844 ) ) REPRESENTATION_CONTEXT ( 'NONE', 'WORKASPACE' ) );
#6361 = CARTESIAN_POINT ( 'NONE',  ( 0.03000054242693301135, 1.590000296195630103, 0.2030000000000000415 ) ) ;
#6362 = PRESENTATION_LAYER_ASSIGNMENT (  '', '', ( #507 ) ) ;
#6363 = ORIENTED_EDGE ( 'NONE', *, *, #6336, .T. ) ;
#6364 = AXIS2_PLACEMENT_3D ( 'NONE', #14, #5461, #5945 ) ;
#6365 = EDGE_LOOP ( 'NONE', ( #5126, #380, #2275, #6146, #2813, #2806, #3706, #5831, #3297, #332, #1668, #4280 ) ) ;
#6366 = SURFACE_STYLE_FILL_AREA ( #1113 ) ;
#6367 = CARTESIAN_POINT ( 'NONE',  ( 0.1300005377252090033, 0.2100003008976049912, 0.1000000000000000056 ) ) ;
#6368 = DIRECTION ( 'NONE',  ( 0.000000000000000000, -0.000000000000000000, -1.000000000000000000 ) ) ;
#6369 = CARTESIAN_POINT ( 'NONE',  ( 0.3100005377250449334, 1.850000289965689992, 0.1000000000000000056 ) ) ;
#6370 =( NAMED_UNIT ( * ) PLANE_ANGLE_UNIT ( ) SI_UNIT ( $, .RADIAN. ) );
#6371 = FILL_AREA_STYLE ('',( #6489 ) ) ;
#6372 = SURFACE_STYLE_FILL_AREA ( #1634 ) ;
#6373 = STYLED_ITEM ( 'NONE', ( #2828 ), #3268 ) ;
#6374 = FILL_AREA_STYLE ('',( #1010 ) ) ;
#6375 = SURFACE_STYLE_FILL_AREA ( #2107 ) ;
#6376 = EDGE_LOOP ( 'NONE', ( #3100, #2223, #5737, #900 ) ) ;
#6377 = PLANE ( 'NONE',  #847 ) ;
#6378 =( GEOMETRIC_REPRESENTATION_CONTEXT ( 3 ) GLOBAL_UNCERTAINTY_ASSIGNED_CONTEXT ( ( #3161 ) ) GLOBAL_UNIT_ASSIGNED_CONTEXT ( ( #7439, #3223, #5588 ) ) REPRESENTATION_CONTEXT ( 'NONE', 'WORKASPACE' ) );
#6379 = CARTESIAN_POINT ( 'NONE',  ( 1.690000537725149909, 1.450000302542429953, 0.2030000000000000415 ) ) ;
#6380 = EDGE_LOOP ( 'NONE', ( #3082, #4755, #3791, #237 ) ) ;
#6381 =( LENGTH_UNIT ( ) NAMED_UNIT ( * ) SI_UNIT ( .MILLI., .METRE. ) );
#6382 =( NAMED_UNIT ( * ) PLANE_ANGLE_UNIT ( ) SI_UNIT ( $, .RADIAN. ) );
#6383 = DIRECTION ( 'NONE',  ( -1.850371707708519818E-15, -1.000000000000000000, 0.000000000000000000 ) ) ;
#6384 = MECHANICAL_DESIGN_GEOMETRIC_PRESENTATION_REPRESENTATION (  '', ( #2039 ), #1178 ) ;
#6385 = DIRECTION ( 'NONE',  ( 1.000000000000000000, -1.708035422498810080E-15, 0.000000000000000000 ) ) ;
#6386 = VERTEX_POINT ( 'NONE', #4753 ) ;
#6387 = EDGE_CURVE ( 'NONE', #5432, #1759, #3649, .T. ) ;
#6388 = STYLED_ITEM ( 'NONE', ( #6859 ), #1360 ) ;
#6389 = VECTOR ( 'NONE', #3999, 1000.000000000000000 ) ;
#6390 = LINE ( 'NONE', #4043, #3042 ) ;
#6391 = DIRECTION ( 'NONE',  ( 0.000000000000000000, -1.000000000000000000, -0.000000000000000000 ) ) ;
#6392 = FILL_AREA_STYLE ('',( #4638 ) ) ;
#6393 = ORIENTED_EDGE ( 'NONE', *, *, #974, .T. ) ;
#6394 = EDGE_CURVE ( 'NONE', #4168, #4384, #979, .T. ) ;
#6395 = CARTESIAN_POINT ( 'NONE',  ( 0.1266793578704679957, 0.2100003008976049912, 0.1000000000000000056 ) ) ;
#6396 = EDGE_LOOP ( 'NONE', ( #4882, #3104, #4085, #2227 ) ) ;
#6397 = FACE_OUTER_BOUND ( 'NONE', #1730, .T. ) ;
#6398 = VECTOR ( 'NONE', #1991, 1000.000000000000000 ) ;
#6399 = SURFACE_STYLE_FILL_AREA ( #2902 ) ;
#6400 = PRESENTATION_STYLE_ASSIGNMENT (( #5739 ) ) ;
#6401 = DIRECTION ( 'NONE',  ( -1.000000000000000000, 0.000000000000000000, 0.000000000000000000 ) ) ;
#6402 = DIRECTION ( 'NONE',  ( -1.000000000000000000, -0.000000000000000000, 0.000000000000000000 ) ) ;
#6403 = LINE ( 'NONE', #2250, #1518 ) ;
#6404 =( NAMED_UNIT ( * ) PLANE_ANGLE_UNIT ( ) SI_UNIT ( $, .RADIAN. ) );
#6405 = CARTESIAN_POINT ( 'NONE',  ( 0.3100005377250449889, 1.000000296246740028, 0.2030000000000000415 ) ) ;
#6406 = ORIENTED_EDGE ( 'NONE', *, *, #6201, .F. ) ;
#6407 = CARTESIAN_POINT ( 'NONE',  ( 1.870000537724990197, 1.850000289965689992, 0.1000000000000000056 ) ) ;
#6408 = UNCERTAINTY_MEASURE_WITH_UNIT (LENGTH_MEASURE( 1.000000000000000082E-05 ), #2441, 'distance_accuracy_value', 'NONE');
#6409 = CLOSED_SHELL ( 'NONE', ( #4658, #2659, #6986, #4690, #7652, #6432, #4828, #2866, #204, #1310, #2428, #2513, #1360, #5190 ) ) ;
#6410 = SURFACE_SIDE_STYLE ('',( #5839 ) ) ;
#6411 = LINE ( 'NONE', #3996, #1114 ) ;
#6412 = DIRECTION ( 'NONE',  ( -0.000000000000000000, -0.000000000000000000, -1.000000000000000000 ) ) ;
#6413 = ORIENTED_EDGE ( 'NONE', *, *, #6828, .T. ) ;
#6414 = FACE_OUTER_BOUND ( 'NONE', #6707, .T. ) ;
#6415 = SURFACE_SIDE_STYLE ('',( #2394 ) ) ;
#6416 = PRESENTATION_LAYER_ASSIGNMENT (  '', '', ( #7027 ) ) ;
#6417 = VERTEX_POINT ( 'NONE', #7140 ) ;
#6418 = VECTOR ( 'NONE', #4981, 1000.000000000000000 ) ;
#6419 = STYLED_ITEM ( 'NONE', ( #6710 ), #4137 ) ;
#6420 = SURFACE_SIDE_STYLE ('',( #7032 ) ) ;
#6421 = COLOUR_RGB ( '',0.7490196078431372584, 0.7490196078431372584, 0.7490196078431372584 ) ;
#6422 = FILL_AREA_STYLE ('',( #4003 ) ) ;
#6423 = DIRECTION ( 'NONE',  ( 0.000000000000000000, 0.000000000000000000, 1.000000000000000000 ) ) ;
#6424 = CARTESIAN_POINT ( 'NONE',  ( 2.000000537725100003, 1.140000291494180029, 0.000000000000000000 ) ) ;
#6425 = ADVANCED_FACE ( 'NONE', ( #6570 ), #1245, .T. ) ;
#6426 = ORIENTED_EDGE ( 'NONE', *, *, #99, .T. ) ;
#6427 = CARTESIAN_POINT ( 'NONE',  ( 1.873321717579730095, 1.510000300897579972, 0.1000000000000000056 ) ) ;
#6428 = VECTOR ( 'NONE', #4445, 1000.000000000000000 ) ;
#6429 = AXIS2_PLACEMENT_3D ( 'NONE', #2202, #1587, #7007 ) ;
#6430 =( GEOMETRIC_REPRESENTATION_CONTEXT ( 3 ) GLOBAL_UNCERTAINTY_ASSIGNED_CONTEXT ( ( #63 ) ) GLOBAL_UNIT_ASSIGNED_CONTEXT ( ( #4480, #2652, #1582 ) ) REPRESENTATION_CONTEXT ( 'NONE', 'WORKASPACE' ) );
#6431 =( NAMED_UNIT ( * ) SI_UNIT ( $, .STERADIAN. ) SOLID_ANGLE_UNIT ( ) );
#6432 = ADVANCED_FACE ( 'NONE', ( #1403 ), #4937, .T. ) ;
#6433 = DIRECTION ( 'NONE',  ( 0.000000000000000000, -0.000000000000000000, -1.000000000000000000 ) ) ;
#6434 = DIRECTION ( 'NONE',  ( -0.000000000000000000, 1.000000000000000000, 0.000000000000000000 ) ) ;
#6435 = STYLED_ITEM ( 'NONE', ( #6503 ), #5128 ) ;
#6436 = ORIENTED_EDGE ( 'NONE', *, *, #4759, .T. ) ;
#6437 = FILL_AREA_STYLE ('',( #1696 ) ) ;
#6438 = ORIENTED_EDGE ( 'NONE', *, *, #724, .T. ) ;
#6439 = CARTESIAN_POINT ( 'NONE',  ( 1.690000537725149909, 1.000000296246740028, 0.2030000000000000415 ) ) ;
#6440 = FILL_AREA_STYLE ('',( #9 ) ) ;
#6441 = DIRECTION ( 'NONE',  ( 0.000000000000000000, -0.000000000000000000, -1.000000000000000000 ) ) ;
#6442 = UNCERTAINTY_MEASURE_WITH_UNIT (LENGTH_MEASURE( 1.000000000000000082E-05 ), #7501, 'distance_accuracy_value', 'NONE');
#6443 = ADVANCED_FACE ( 'NONE', ( #5440 ), #111, .T. ) ;
#6444 = DIRECTION ( 'NONE',  ( 0.000000000000000000, -0.000000000000000000, -1.000000000000000000 ) ) ;
#6445 = LINE ( 'NONE', #3486, #3544 ) ;
#6446 = ORIENTED_EDGE ( 'NONE', *, *, #5161, .F. ) ;
#6447 = CIRCLE ( 'NONE', #1354, 0.09999999999999982514 ) ;
#6448 = PRESENTATION_STYLE_ASSIGNMENT (( #1078 ) ) ;
#6449 = VECTOR ( 'NONE', #1427, 1000.000000000000000 ) ;
#6450 = PLANE ( 'NONE',  #2512 ) ;
#6451 = SURFACE_STYLE_USAGE ( .BOTH. , #1041 ) ;
#6452 = CARTESIAN_POINT ( 'NONE',  ( 1.870000537724990197, 1.850000289965689992, 0.1000000000000000056 ) ) ;
#6453 = EDGE_CURVE ( 'NONE', #679, #3859, #7525, .T. ) ;
#6454 =( GEOMETRIC_REPRESENTATION_CONTEXT ( 3 ) GLOBAL_UNCERTAINTY_ASSIGNED_CONTEXT ( ( #2746 ) ) GLOBAL_UNIT_ASSIGNED_CONTEXT ( ( #390, #1481, #3835 ) ) REPRESENTATION_CONTEXT ( 'NONE', 'WORKASPACE' ) );
#6455 =( NAMED_UNIT ( * ) SI_UNIT ( $, .STERADIAN. ) SOLID_ANGLE_UNIT ( ) );
#6456 = EDGE_LOOP ( 'NONE', ( #3164, #3149, #4326, #4858 ) ) ;
#6457 = DIRECTION ( 'NONE',  ( 0.000000000000000000, 1.000000000000000000, 0.000000000000000000 ) ) ;
#6458 = PRESENTATION_LAYER_ASSIGNMENT (  '', '', ( #2113 ) ) ;
#6459 = LINE ( 'NONE', #7601, #5021 ) ;
#6460 = ORIENTED_EDGE ( 'NONE', *, *, #686, .T. ) ;
#6461 = SURFACE_STYLE_USAGE ( .BOTH. , #6890 ) ;
#6462 = COLOUR_RGB ( '',0.7490196078431372584, 0.7490196078431372584, 0.7490196078431372584 ) ;
#6463 = CARTESIAN_POINT ( 'NONE',  ( 0.1300005377252090033, 1.200000289965710287, 0.1000000000000000056 ) ) ;
#6464 = DIRECTION ( 'NONE',  ( -1.000000000000000000, 0.000000000000000000, 0.000000000000000000 ) ) ;
#6465 = FACE_OUTER_BOUND ( 'NONE', #6396, .T. ) ;
#6466 = LINE ( 'NONE', #1100, #4332 ) ;
#6467 =( LENGTH_UNIT ( ) NAMED_UNIT ( * ) SI_UNIT ( .MILLI., .METRE. ) );
#6468 = ORIENTED_EDGE ( 'NONE', *, *, #1499, .T. ) ;
#6469 = SURFACE_STYLE_FILL_AREA ( #5889 ) ;
#6470 = DIRECTION ( 'NONE',  ( 1.000000000000000000, 0.000000000000000000, -0.000000000000000000 ) ) ;
#6471 =( GEOMETRIC_REPRESENTATION_CONTEXT ( 3 ) GLOBAL_UNCERTAINTY_ASSIGNED_CONTEXT ( ( #4779 ) ) GLOBAL_UNIT_ASSIGNED_CONTEXT ( ( #1200, #4111, #104 ) ) REPRESENTATION_CONTEXT ( 'NONE', 'WORKASPACE' ) );
#6472 = DIRECTION ( 'NONE',  ( 0.000000000000000000, 1.000000000000000000, 0.000000000000000000 ) ) ;
#6473 = EDGE_CURVE ( 'NONE', #1588, #6230, #5171, .T. ) ;
#6474 = DIRECTION ( 'NONE',  ( 0.000000000000000000, -0.000000000000000000, -1.000000000000000000 ) ) ;
#6475 = EDGE_LOOP ( 'NONE', ( #3981, #2724, #3884, #6616, #4470, #2010, #7334, #2346, #4506, #4448, #504, #5786 ) ) ;
#6476 = SURFACE_STYLE_USAGE ( .BOTH. , #5270 ) ;
#6477 = ORIENTED_EDGE ( 'NONE', *, *, #5862, .T. ) ;
#6478 = CARTESIAN_POINT ( 'NONE',  ( 5.377251000113907382E-07, 0.2100003008976049912, 0.1000000000000000056 ) ) ;
#6479 = FACE_OUTER_BOUND ( 'NONE', #617, .T. ) ;
#6480 = CARTESIAN_POINT ( 'NONE',  ( 1.800000537725050309, 1.040000291494149964, 0.000000000000000000 ) ) ;
#6481 =( NAMED_UNIT ( * ) SI_UNIT ( $, .STERADIAN. ) SOLID_ANGLE_UNIT ( ) );
#6482 = STYLED_ITEM ( 'NONE', ( #6552 ), #2659 ) ;
#6483 = ORIENTED_EDGE ( 'NONE', *, *, #1553, .F. ) ;
#6484 =( NAMED_UNIT ( * ) PLANE_ANGLE_UNIT ( ) SI_UNIT ( $, .RADIAN. ) );
#6485 = ORIENTED_EDGE ( 'NONE', *, *, #5246, .F. ) ;
#6486 = AXIS2_PLACEMENT_3D ( 'NONE', #283, #5078, #4953 ) ;
#6487 = EDGE_CURVE ( 'NONE', #1131, #1031, #6411, .T. ) ;
#6488 = COLOUR_RGB ( '',0.7490196078431372584, 0.7490196078431372584, 0.7490196078431372584 ) ;
#6489 = FILL_AREA_STYLE_COLOUR ( '', #565 ) ;
#6490 = SURFACE_STYLE_USAGE ( .BOTH. , #4107 ) ;
#6491 = UNCERTAINTY_MEASURE_WITH_UNIT (LENGTH_MEASURE( 1.000000000000000082E-05 ), #2137, 'distance_accuracy_value', 'NONE');
#6492 = CARTESIAN_POINT ( 'NONE',  ( 0.1812143443952660138, 0.9400002961956489544, 0.2030000000000000415 ) ) ;
#6493 = ORIENTED_EDGE ( 'NONE', *, *, #740, .F. ) ;
#6494 = EDGE_CURVE ( 'NONE', #58, #5211, #6310, .T. ) ;
#6495 = ORIENTED_EDGE ( 'NONE', *, *, #1729, .T. ) ;
#6496 =( NAMED_UNIT ( * ) PLANE_ANGLE_UNIT ( ) SI_UNIT ( $, .RADIAN. ) );
#6497 = SURFACE_SIDE_STYLE ('',( #4117 ) ) ;
#6498 = FILL_AREA_STYLE_COLOUR ( '', #1860 ) ;
#6499 = SURFACE_SIDE_STYLE ('',( #4663 ) ) ;
#6500 = ORIENTED_EDGE ( 'NONE', *, *, #1981, .T. ) ;
#6501 = SURFACE_STYLE_USAGE ( .BOTH. , #2893 ) ;
#6502 = SURFACE_SIDE_STYLE ('',( #2024 ) ) ;
#6503 = PRESENTATION_STYLE_ASSIGNMENT (( #4124 ) ) ;
#6504 = VECTOR ( 'NONE', #2369, 1000.000000000000000 ) ;
#6505 = DIRECTION ( 'NONE',  ( 1.000000000000000000, -3.235507100339109776E-13, 0.000000000000000000 ) ) ;
#6506 =( LENGTH_UNIT ( ) NAMED_UNIT ( * ) SI_UNIT ( .MILLI., .METRE. ) );
#6507 = LINE ( 'NONE', #3548, #7616 ) ;
#6509 = VECTOR ( 'NONE', #7090, 1000.000000000000000 ) ;
#6508 = SURFACE_STYLE_USAGE ( .BOTH. , #6650 ) ;
#6510 = EDGE_LOOP ( 'NONE', ( #2546, #4418, #6132, #7213 ) ) ;
#6511 = VECTOR ( 'NONE', #2022, 1000.000000000000000 ) ;
#6512 = DIRECTION ( 'NONE',  ( -0.000000000000000000, -0.000000000000000000, -1.000000000000000000 ) ) ;
#6513 = CARTESIAN_POINT ( 'NONE',  ( 1.284999967722169956, 0.7025008911961240221, 0.2030000000000000415 ) ) ;
#6514 =( LENGTH_UNIT ( ) NAMED_UNIT ( * ) SI_UNIT ( .MILLI., .METRE. ) );
#6515 = UNCERTAINTY_MEASURE_WITH_UNIT (LENGTH_MEASURE( 1.000000000000000082E-05 ), #633, 'distance_accuracy_value', 'NONE');
#6516 = MECHANICAL_DESIGN_GEOMETRIC_PRESENTATION_REPRESENTATION (  '', ( #3774 ), #1566 ) ;
#6517 = PLANE ( 'NONE',  #4904 ) ;
#6518 = FACE_OUTER_BOUND ( 'NONE', #5995, .T. ) ;
#6519 = EDGE_LOOP ( 'NONE', ( #1863, #40, #5518, #690, #403, #6629, #3832, #7239, #4094, #5202, #396, #7187 ) ) ;
#6520 = SURFACE_STYLE_FILL_AREA ( #2461 ) ;
#6521 = COLOUR_RGB ( '',0.7490196078431372584, 0.7490196078431372584, 0.7490196078431372584 ) ;
#6522 = ORIENTED_EDGE ( 'NONE', *, *, #935, .F. ) ;
#6523 = SURFACE_STYLE_USAGE ( .BOTH. , #2355 ) ;
#6524 = PRESENTATION_LAYER_ASSIGNMENT (  '', '', ( #2187 ) ) ;
#6525 = EDGE_CURVE ( 'NONE', #4478, #2102, #5750, .T. ) ;
#6526 = SURFACE_STYLE_USAGE ( .BOTH. , #3526 ) ;
#6527 = ORIENTED_EDGE ( 'NONE', *, *, #7690, .F. ) ;
#6528 = DIRECTION ( 'NONE',  ( 0.000000000000000000, -0.000000000000000000, 1.000000000000000000 ) ) ;
#6529 = VERTEX_POINT ( 'NONE', #2143 ) ;
#6530 = CLOSED_SHELL ( 'NONE', ( #227, #5355, #5415, #5119, #5019, #7327 ) ) ;
#6531 = PLANE ( 'NONE',  #4678 ) ;
#6532 = EDGE_CURVE ( 'NONE', #6968, #4841, #3421, .T. ) ;
#6533 = DIRECTION ( 'NONE',  ( 1.000000000000000000, 0.000000000000000000, 0.000000000000000000 ) ) ;
#6534 = PRESENTATION_STYLE_ASSIGNMENT (( #2367 ) ) ;
#6535 = STYLED_ITEM ( 'NONE', ( #5999 ), #213 ) ;
#6536 = VERTEX_POINT ( 'NONE', #4540 ) ;
#6537 = LINE ( 'NONE', #4756, #4634 ) ;
#6538 = DIRECTION ( 'NONE',  ( 1.000000000000000000, 0.000000000000000000, -0.000000000000000000 ) ) ;
#6539 = STYLED_ITEM ( 'NONE', ( #7533 ), #5355 ) ;
#6540 = AXIS2_PLACEMENT_3D ( 'NONE', #850, #6717, #5635 ) ;
#6541 = EDGE_CURVE ( 'NONE', #679, #7568, #1565, .T. ) ;
#6542 = FILL_AREA_STYLE_COLOUR ( '', #1855 ) ;
#6543 = DIRECTION ( 'NONE',  ( 1.000000000000000000, 0.000000000000000000, -0.000000000000000000 ) ) ;
#6544 = ORIENTED_EDGE ( 'NONE', *, *, #887, .F. ) ;
#6545 = DIRECTION ( 'NONE',  ( 0.000000000000000000, -0.000000000000000000, -1.000000000000000000 ) ) ;
#6546 = ORIENTED_EDGE ( 'NONE', *, *, #5967, .F. ) ;
#6547 = PRESENTATION_LAYER_ASSIGNMENT (  '', '', ( #1470 ) ) ;
#6548 = LINE ( 'NONE', #595, #164 ) ;
#6549 = VECTOR ( 'NONE', #7005, 1000.000000000000000 ) ;
#6550 = FILL_AREA_STYLE ('',( #5865 ) ) ;
#6551 = EDGE_LOOP ( 'NONE', ( #2662, #1545, #5046, #5775 ) ) ;
#6552 = PRESENTATION_STYLE_ASSIGNMENT (( #3715 ) ) ;
#6553 = DIRECTION ( 'NONE',  ( -0.000000000000000000, 1.000000000000000000, 0.000000000000000000 ) ) ;
#6554 = LINE ( 'NONE', #3058, #161 ) ;
#6555 = ORIENTED_EDGE ( 'NONE', *, *, #4388, .T. ) ;
#6556 = CARTESIAN_POINT ( 'NONE',  ( 0.7100005377251360494, 0.3100002961958809311, 0.000000000000000000 ) ) ;
#6557 =( GEOMETRIC_REPRESENTATION_CONTEXT ( 3 ) GLOBAL_UNCERTAINTY_ASSIGNED_CONTEXT ( ( #3983 ) ) GLOBAL_UNIT_ASSIGNED_CONTEXT ( ( #7046, #2162, #1808 ) ) REPRESENTATION_CONTEXT ( 'NONE', 'WORKASPACE' ) );
#6558 = CARTESIAN_POINT ( 'NONE',  ( 1.818786731054929939, 1.060000296195650060, 0.2030000000000000415 ) ) ;
#6559 = EDGE_CURVE ( 'NONE', #108, #1904, #2222, .T. ) ;
#6560 = MECHANICAL_DESIGN_GEOMETRIC_PRESENTATION_REPRESENTATION (  '', ( #366 ), #3226 ) ;
#6561 = LINE ( 'NONE', #1235, #1495 ) ;
#6562 = ORIENTED_EDGE ( 'NONE', *, *, #6687, .T. ) ;
#6563 = DIRECTION ( 'NONE',  ( -0.000000000000000000, 0.000000000000000000, -1.000000000000000000 ) ) ;
#6564 = FILL_AREA_STYLE_COLOUR ( '', #6089 ) ;
#6565 = CARTESIAN_POINT ( 'NONE',  ( 1.690000537725149909, 0.3500002962467679835, 0.2030000000000000415 ) ) ;
#6566 = CARTESIAN_POINT ( 'NONE',  ( 0.1300005377252090033, 1.140000291494180029, 0.1000000000000000056 ) ) ;
#6567 = VERTEX_POINT ( 'NONE', #5054 ) ;
#6568 = EDGE_CURVE ( 'NONE', #2348, #7640, #2723, .T. ) ;
#6569 = CARTESIAN_POINT ( 'NONE',  ( 1.284999967722169956, 0.7025008911961240221, 0.2283999999999999919 ) ) ;
#6570 = FACE_OUTER_BOUND ( 'NONE', #5821, .T. ) ;
#6571 = FILL_AREA_STYLE ('',( #7648 ) ) ;
#6572 = ORIENTED_EDGE ( 'NONE', *, *, #7130, .T. ) ;
#6573 = ADVANCED_FACE ( 'NONE', ( #5642 ), #931, .F. ) ;
#6574 = FILL_AREA_STYLE_COLOUR ( '', #2572 ) ;
#6575 = VECTOR ( 'NONE', #5454, 1000.000000000000000 ) ;
#6576 = AXIS2_PLACEMENT_3D ( 'NONE', #2803, #5764, #372 ) ;
#6577 = FILL_AREA_STYLE_COLOUR ( '', #4902 ) ;
#6578 = CARTESIAN_POINT ( 'NONE',  ( 0.3000005377251450112, 1.610000300897580283, 0.1000000000000000056 ) ) ;
#6579 = SURFACE_STYLE_USAGE ( .BOTH. , #4 ) ;
#6580 = UNCERTAINTY_MEASURE_WITH_UNIT (LENGTH_MEASURE( 1.000000000000000082E-05 ), #3613, 'distance_accuracy_value', 'NONE');
#6581 = SURFACE_STYLE_FILL_AREA ( #4194 ) ;
#6582 = ORIENTED_EDGE ( 'NONE', *, *, #4115, .T. ) ;
#6583 = STYLED_ITEM ( 'NONE', ( #5143 ), #7360 ) ;
#6584 = DIRECTION ( 'NONE',  ( -1.000000000000000000, -0.000000000000000000, 0.000000000000000000 ) ) ;
#6585 = ADVANCED_FACE ( 'NONE', ( #7561 ), #4583, .T. ) ;
#6586 =( NAMED_UNIT ( * ) SI_UNIT ( $, .STERADIAN. ) SOLID_ANGLE_UNIT ( ) );
#6587 = UNCERTAINTY_MEASURE_WITH_UNIT (LENGTH_MEASURE( 1.000000000000000082E-05 ), #6040, 'distance_accuracy_value', 'NONE');
#6588 = DIRECTION ( 'NONE',  ( 0.000000000000000000, -1.000000000000000000, -0.000000000000000000 ) ) ;
#6589 = DIRECTION ( 'NONE',  ( 1.000000000000000000, 0.000000000000000000, 0.000000000000000000 ) ) ;
#6590 = SURFACE_STYLE_FILL_AREA ( #601 ) ;
#6591 = ORIENTED_EDGE ( 'NONE', *, *, #562, .F. ) ;
#6592 = AXIS2_PLACEMENT_3D ( 'NONE', #7605, #4116, #5882 ) ;
#6593 =( NAMED_UNIT ( * ) PLANE_ANGLE_UNIT ( ) SI_UNIT ( $, .RADIAN. ) );
#6594 = CARTESIAN_POINT ( 'NONE',  ( 0.9100005377251819683, 1.690000296195879992, 0.000000000000000000 ) ) ;
#6595 = VERTEX_POINT ( 'NONE', #5247 ) ;
#6596 = DIRECTION ( 'NONE',  ( -0.7071067811870500597, -0.7071067811860450858, 0.000000000000000000 ) ) ;
#6597 = PRESENTATION_LAYER_ASSIGNMENT (  '', '', ( #4993 ) ) ;
#6598 = CARTESIAN_POINT ( 'NONE',  ( 0.1100005377252270128, 1.790000291494149964, 0.1000000000000000056 ) ) ;
#6599 = ORIENTED_EDGE ( 'NONE', *, *, #3491, .F. ) ;
#6600 = CARTESIAN_POINT ( 'NONE',  ( 0.1812143443952660138, 1.000000296246740028, 0.1000000000000000056 ) ) ;
#6601 = CARTESIAN_POINT ( 'NONE',  ( 1.690000537725149909, 1.450000302542429953, 0.1000000000000000056 ) ) ;
#6602 = FACE_OUTER_BOUND ( 'NONE', #3755, .T. ) ;
#6603 = VERTEX_POINT ( 'NONE', #2325 ) ;
#6604 = UNCERTAINTY_MEASURE_WITH_UNIT (LENGTH_MEASURE( 1.000000000000000082E-05 ), #3124, 'distance_accuracy_value', 'NONE');
#6605 = LINE ( 'NONE', #6463, #4309 ) ;
#6606 = DIRECTION ( 'NONE',  ( 0.000000000000000000, 0.000000000000000000, 1.000000000000000000 ) ) ;
#6607 = VERTEX_POINT ( 'NONE', #5875 ) ;
#6608 = FILL_AREA_STYLE ('',( #4385 ) ) ;
#6609 = COLOUR_RGB ( '',0.7490196078431372584, 0.7490196078431372584, 0.7490196078431372584 ) ;
#6610 = LINE ( 'NONE', #3614, #6418 ) ;
#6611 = AXIS2_PLACEMENT_3D ( 'NONE', #2384, #2009, #6744 ) ;
#6612 = SURFACE_SIDE_STYLE ('',( #7300 ) ) ;
#6613 = FILL_AREA_STYLE ('',( #5931 ) ) ;
#6614 = EDGE_CURVE ( 'NONE', #5324, #994, #1197, .T. ) ;
#6615 = PLANE ( 'NONE',  #3239 ) ;
#6616 = ORIENTED_EDGE ( 'NONE', *, *, #767, .T. ) ;
#6617 = CARTESIAN_POINT ( 'NONE',  ( 0.3000005377251452332, 1.690000291494129891, 0.000000000000000000 ) ) ;
#6618 = CARTESIAN_POINT ( 'NONE',  ( 2.000000537725100003, 0.4100002961956760728, 0.1000000000000000056 ) ) ;
#6619 = CARTESIAN_POINT ( 'NONE',  ( 1.800000537725050309, 1.610000300897580283, 0.000000000000000000 ) ) ;
#6620 = VECTOR ( 'NONE', #2278, 1000.000000000000000 ) ;
#6621 =( NAMED_UNIT ( * ) SI_UNIT ( $, .STERADIAN. ) SOLID_ANGLE_UNIT ( ) );
#6622 = EDGE_CURVE ( 'NONE', #6211, #5436, #7022, .T. ) ;
#6623 = LINE ( 'NONE', #2352, #7238 ) ;
#6624 = ORIENTED_EDGE ( 'NONE', *, *, #3499, .T. ) ;
#6625 = VERTEX_POINT ( 'NONE', #1168 ) ;
#6626 = ORIENTED_EDGE ( 'NONE', *, *, #2343, .T. ) ;
#6627 =( NAMED_UNIT ( * ) PLANE_ANGLE_UNIT ( ) SI_UNIT ( $, .RADIAN. ) );
#6628 = EDGE_CURVE ( 'NONE', #6730, #1437, #6447, .T. ) ;
#6629 = ORIENTED_EDGE ( 'NONE', *, *, #4099, .T. ) ;
#6630 = FILL_AREA_STYLE_COLOUR ( '', #4210 ) ;
#6631 = FILL_AREA_STYLE_COLOUR ( '', #6179 ) ;
#6632 = DIRECTION ( 'NONE',  ( 0.000000000000000000, 0.000000000000000000, -1.000000000000000000 ) ) ;
#6633 = ORIENTED_EDGE ( 'NONE', *, *, #1179, .F. ) ;
#6634 =( GEOMETRIC_REPRESENTATION_CONTEXT ( 3 ) GLOBAL_UNCERTAINTY_ASSIGNED_CONTEXT ( ( #5962 ) ) GLOBAL_UNIT_ASSIGNED_CONTEXT ( ( #1413, #820, #664 ) ) REPRESENTATION_CONTEXT ( 'NONE', 'WORKASPACE' ) );
#6635 =( NAMED_UNIT ( * ) PLANE_ANGLE_UNIT ( ) SI_UNIT ( $, .RADIAN. ) );
#6637 = EDGE_LOOP ( 'NONE', ( #7474, #7661, #5129, #3067 ) ) ;
#6636 =( NAMED_UNIT ( * ) SI_UNIT ( $, .STERADIAN. ) SOLID_ANGLE_UNIT ( ) );
#6638 = STYLED_ITEM ( 'NONE', ( #3929 ), #1892 ) ;
#6639 = EDGE_LOOP ( 'NONE', ( #3828, #4621, #6029, #7068 ) ) ;
#6640 = FILL_AREA_STYLE ('',( #3246 ) ) ;
#6641 = VECTOR ( 'NONE', #2411, 1000.000000000000000 ) ;
#6642 = CARTESIAN_POINT ( 'NONE',  ( 0.1300005377252090033, 1.790000291494149964, 0.1000000000000000056 ) ) ;
#6643 = EDGE_CURVE ( 'NONE', #6959, #3762, #6561, .T. ) ;
#6644 = CARTESIAN_POINT ( 'NONE',  ( 1.000000537725070027, 0.7025008911961240221, 0.2030000000000000415 ) ) ;
#6645 =( NAMED_UNIT ( * ) SI_UNIT ( $, .STERADIAN. ) SOLID_ANGLE_UNIT ( ) );
#6646 = PRESENTATION_LAYER_ASSIGNMENT (  '', '', ( #7257 ) ) ;
#6647 = AXIS2_PLACEMENT_3D ( 'NONE', #2062, #2634, #7451 ) ;
#6648 =( NAMED_UNIT ( * ) SI_UNIT ( $, .STERADIAN. ) SOLID_ANGLE_UNIT ( ) );
#6649 = UNCERTAINTY_MEASURE_WITH_UNIT (LENGTH_MEASURE( 1.000000000000000082E-05 ), #3904, 'distance_accuracy_value', 'NONE');
#6650 = SURFACE_SIDE_STYLE ('',( #2488 ) ) ;
#6651 =( NAMED_UNIT ( * ) SI_UNIT ( $, .STERADIAN. ) SOLID_ANGLE_UNIT ( ) );
#6652 = ORIENTED_EDGE ( 'NONE', *, *, #433, .T. ) ;
#6653 =( GEOMETRIC_REPRESENTATION_CONTEXT ( 3 ) GLOBAL_UNCERTAINTY_ASSIGNED_CONTEXT ( ( #1241 ) ) GLOBAL_UNIT_ASSIGNED_CONTEXT ( ( #1, #1806, #1255 ) ) REPRESENTATION_CONTEXT ( 'NONE', 'WORKASPACE' ) );
#6654 = PRESENTATION_LAYER_ASSIGNMENT (  '', '', ( #1324 ) ) ;
#6655 = VECTOR ( 'NONE', #5873, 1000.000000000000000 ) ;
#6656 = EDGE_CURVE ( 'NONE', #3242, #2848, #7066, .T. ) ;
#6657 =( LENGTH_UNIT ( ) NAMED_UNIT ( * ) SI_UNIT ( .MILLI., .METRE. ) );
#6658 = LINE ( 'NONE', #7225, #3452 ) ;
#6659 = FILL_AREA_STYLE_COLOUR ( '', #2523 ) ;
#6660 = EDGE_LOOP ( 'NONE', ( #1621, #638, #2767, #5000 ) ) ;
#6661 =( GEOMETRIC_REPRESENTATION_CONTEXT ( 3 ) GLOBAL_UNCERTAINTY_ASSIGNED_CONTEXT ( ( #6331 ) ) GLOBAL_UNIT_ASSIGNED_CONTEXT ( ( #4081, #3534, #4751 ) ) REPRESENTATION_CONTEXT ( 'NONE', 'WORKASPACE' ) );
#6662 = SURFACE_SIDE_STYLE ('',( #3134 ) ) ;
#6663 = PRESENTATION_LAYER_ASSIGNMENT (  '', '', ( #1597 ) ) ;
#6664 = MECHANICAL_DESIGN_GEOMETRIC_PRESENTATION_REPRESENTATION (  '', ( #2566 ), #1328 ) ;
#6665 = CARTESIAN_POINT ( 'NONE',  ( 2.000000537725100003, 0.4100002961956760728, 0.2030000000000000415 ) ) ;
#6666 = ORIENTED_EDGE ( 'NONE', *, *, #1061, .F. ) ;
#6667 = DIRECTION ( 'NONE',  ( 0.000000000000000000, -0.000000000000000000, -1.000000000000000000 ) ) ;
#6668 = FILL_AREA_STYLE_COLOUR ( '', #4628 ) ;
#6669 = ORIENTED_EDGE ( 'NONE', *, *, #4816, .T. ) ;
#6670 = FILL_AREA_STYLE ('',( #1868 ) ) ;
#6671 = PRESENTATION_LAYER_ASSIGNMENT (  '', '', ( #4683 ) ) ;
#6672 = ADVANCED_FACE ( 'NONE', ( #1758 ), #608, .T. ) ;
#6673 =( GEOMETRIC_REPRESENTATION_CONTEXT ( 3 ) GLOBAL_UNCERTAINTY_ASSIGNED_CONTEXT ( ( #2396 ) ) GLOBAL_UNIT_ASSIGNED_CONTEXT ( ( #12, #1226, #3897 ) ) REPRESENTATION_CONTEXT ( 'NONE', 'WORKASPACE' ) );
#6674 = STYLED_ITEM ( 'NONE', ( #7081 ), #5119 ) ;
#6675 =( GEOMETRIC_REPRESENTATION_CONTEXT ( 3 ) GLOBAL_UNCERTAINTY_ASSIGNED_CONTEXT ( ( #1853 ) ) GLOBAL_UNIT_ASSIGNED_CONTEXT ( ( #2731, #7463, #4507 ) ) REPRESENTATION_CONTEXT ( 'NONE', 'WORKASPACE' ) );
#6676 =( GEOMETRIC_REPRESENTATION_CONTEXT ( 3 ) GLOBAL_UNCERTAINTY_ASSIGNED_CONTEXT ( ( #3609 ) ) GLOBAL_UNIT_ASSIGNED_CONTEXT ( ( #6868, #5903, #4765 ) ) REPRESENTATION_CONTEXT ( 'NONE', 'WORKASPACE' ) );
#6677 = PRESENTATION_STYLE_ASSIGNMENT (( #3140 ) ) ;
#6678 = LINE ( 'NONE', #4743, #7509 ) ;
#6679 = EDGE_LOOP ( 'NONE', ( #1895, #196, #136, #4785 ) ) ;
#6680 = SURFACE_SIDE_STYLE ('',( #2553 ) ) ;
#6681 = MECHANICAL_DESIGN_GEOMETRIC_PRESENTATION_REPRESENTATION (  '', ( #591 ), #1338 ) ;
#6682 = PLANE ( 'NONE',  #119 ) ;
#6683 = AXIS2_PLACEMENT_3D ( 'NONE', #429, #1682, #1537 ) ;
#6684 =( LENGTH_UNIT ( ) NAMED_UNIT ( * ) SI_UNIT ( .MILLI., .METRE. ) );
#6685 = FACE_OUTER_BOUND ( 'NONE', #726, .T. ) ;
#6686 = ORIENTED_EDGE ( 'NONE', *, *, #2832, .F. ) ;
#6687 = EDGE_CURVE ( 'NONE', #5014, #311, #5914, .T. ) ;
#6688 = PRESENTATION_STYLE_ASSIGNMENT (( #4378 ) ) ;
#6690 = ORIENTED_EDGE ( 'NONE', *, *, #433, .F. ) ;
#6689 = CARTESIAN_POINT ( 'NONE',  ( 1.870000537724990197, 0.5500002899657370214, 0.1000000000000000056 ) ) ;
#6691 = FACE_OUTER_BOUND ( 'NONE', #7023, .T. ) ;
#6692 = CARTESIAN_POINT ( 'NONE',  ( 0.1300005377252090033, 0.2100003008976049912, 0.2030000000000000415 ) ) ;
#6693 = ORIENTED_EDGE ( 'NONE', *, *, #3677, .T. ) ;
#6694 = SURFACE_SIDE_STYLE ('',( #1288 ) ) ;
#6695 = PRESENTATION_LAYER_ASSIGNMENT (  '', '', ( #2466 ) ) ;
#6696 = SURFACE_STYLE_USAGE ( .BOTH. , #3123 ) ;
#6697 = FACE_OUTER_BOUND ( 'NONE', #5908, .T. ) ;
#6698 = CARTESIAN_POINT ( 'NONE',  ( 0.4500005377251449779, 2.000000296195940219, 0.1000000000000000056 ) ) ;
#6699 = ORIENTED_EDGE ( 'NONE', *, *, #1887, .F. ) ;
#6700 =( NAMED_UNIT ( * ) SI_UNIT ( $, .STERADIAN. ) SOLID_ANGLE_UNIT ( ) );
#6701 =( NAMED_UNIT ( * ) SI_UNIT ( $, .STERADIAN. ) SOLID_ANGLE_UNIT ( ) );
#6702 = MECHANICAL_DESIGN_GEOMETRIC_PRESENTATION_REPRESENTATION (  '', ( #6220 ), #1127 ) ;
#6703 = DIRECTION ( 'NONE',  ( -0.000000000000000000, 1.000000000000000000, 0.000000000000000000 ) ) ;
#6704 = FILL_AREA_STYLE ('',( #6659 ) ) ;
#6705 = ORIENTED_EDGE ( 'NONE', *, *, #5638, .F. ) ;
#6706 = FACE_OUTER_BOUND ( 'NONE', #5194, .T. ) ;
#6707 = EDGE_LOOP ( 'NONE', ( #2276, #5359, #3321, #546 ) ) ;
#6708 = DIRECTION ( 'NONE',  ( 0.000000000000000000, -1.000000000000000000, -0.000000000000000000 ) ) ;
#6709 = EDGE_LOOP ( 'NONE', ( #5443, #7651, #3188, #1487 ) ) ;
#6710 = PRESENTATION_STYLE_ASSIGNMENT (( #3639 ) ) ;
#6711 = CARTESIAN_POINT ( 'NONE',  ( 0.1100005377248859939, 0.8600003008975819485, 0.1000000000000000056 ) ) ;
#6712 = AXIS2_PLACEMENT_3D ( 'NONE', #1905, #1438, #6141 ) ;
#6713 = LINE ( 'NONE', #1432, #906 ) ;
#6714 = FACE_OUTER_BOUND ( 'NONE', #6173, .T. ) ;
#6715 = CARTESIAN_POINT ( 'NONE',  ( 1.870000537724990197, 1.140000291494180029, 0.1000000000000000056 ) ) ;
#6716 = FILL_AREA_STYLE ('',( #3642 ) ) ;
#6717 = DIRECTION ( 'NONE',  ( 0.000000000000000000, -1.000000000000000000, 0.000000000000000000 ) ) ;
#6718 = EDGE_CURVE ( 'NONE', #1199, #3359, #5840, .T. ) ;
#6719 = ORIENTED_EDGE ( 'NONE', *, *, #5627, .F. ) ;
#6720 = DIRECTION ( 'NONE',  ( 1.000000000000000000, 0.000000000000000000, -0.000000000000000000 ) ) ;
#6721 = CARTESIAN_POINT ( 'NONE',  ( 0.03000054242693300094, 0.9400002961956489544, 0.1000000000000000056 ) ) ;
#6722 = ORIENTED_EDGE ( 'NONE', *, *, #7456, .T. ) ;
#6723 = VECTOR ( 'NONE', #5487, 1000.000000000000000 ) ;
#6724 =( NAMED_UNIT ( * ) PLANE_ANGLE_UNIT ( ) SI_UNIT ( $, .RADIAN. ) );
#6725 = CARTESIAN_POINT ( 'NONE',  ( 1.890000537724972673, 0.4900002914942007126, 0.1000000000000000056 ) ) ;
#6726 = ADVANCED_FACE ( 'NONE', ( #2288 ), #3495, .T. ) ;
#6727 = CARTESIAN_POINT ( 'NONE',  ( 2.000000537725100003, 1.710000296195629987, 0.1000000000000000056 ) ) ;
#6728 = SURFACE_STYLE_FILL_AREA ( #1944 ) ;
#6729 =( LENGTH_UNIT ( ) NAMED_UNIT ( * ) SI_UNIT ( .MILLI., .METRE. ) );
#6730 = VERTEX_POINT ( 'NONE', #1434 ) ;
#6731 = DIRECTION ( 'NONE',  ( -1.000000000000000000, -0.000000000000000000, 0.000000000000000000 ) ) ;
#6732 = DIRECTION ( 'NONE',  ( -0.7071067811855450413, -0.7071067811875499931, 0.000000000000000000 ) ) ;
#6733 = UNCERTAINTY_MEASURE_WITH_UNIT (LENGTH_MEASURE( 1.000000000000000082E-05 ), #6892, 'distance_accuracy_value', 'NONE');
#6734 = CARTESIAN_POINT ( 'NONE',  ( 0.1300005377252090033, 1.850000289965689992, 0.1000000000000000056 ) ) ;
#6735 = DIRECTION ( 'NONE',  ( 1.000000000000000000, 0.000000000000000000, -0.000000000000000000 ) ) ;
#6736 = ORIENTED_EDGE ( 'NONE', *, *, #2002, .T. ) ;
#6737 = CARTESIAN_POINT ( 'NONE',  ( 0.1300005377252090033, 1.790000291494149964, 0.1000000000000000056 ) ) ;
#6738 =( NAMED_UNIT ( * ) PLANE_ANGLE_UNIT ( ) SI_UNIT ( $, .RADIAN. ) );
#6739 = SURFACE_SIDE_STYLE ('',( #2615 ) ) ;
#6740 = CARTESIAN_POINT ( 'NONE',  ( 5.377251000027170150E-07, 1.510000300897559988, 0.000000000000000000 ) ) ;
#6741 = ORIENTED_EDGE ( 'NONE', *, *, #5519, .T. ) ;
#6742 = ORIENTED_EDGE ( 'NONE', *, *, #5207, .T. ) ;
#6743 = DIRECTION ( 'NONE',  ( -0.000000000000000000, -0.000000000000000000, -1.000000000000000000 ) ) ;
#6744 = DIRECTION ( 'NONE',  ( -3.700743516871580010E-15, -1.000000000000000000, 0.000000000000000000 ) ) ;
#6745 = ORIENTED_EDGE ( 'NONE', *, *, #5387, .F. ) ;
#6746 = SURFACE_SIDE_STYLE ('',( #5590 ) ) ;
#6747 = CARTESIAN_POINT ( 'NONE',  ( 0.6000005377252359828, 1.000000296195949989, 0.2030000000000000415 ) ) ;
#6748 =( GEOMETRIC_REPRESENTATION_CONTEXT ( 3 ) GLOBAL_UNCERTAINTY_ASSIGNED_CONTEXT ( ( #7341 ) ) GLOBAL_UNIT_ASSIGNED_CONTEXT ( ( #550, #5315, #4724 ) ) REPRESENTATION_CONTEXT ( 'NONE', 'WORKASPACE' ) );
#6749 = CARTESIAN_POINT ( 'NONE',  ( 2.000000537725100003, 0.4100002961956760728, 0.1000000000000000056 ) ) ;
#6750 = MECHANICAL_DESIGN_GEOMETRIC_PRESENTATION_REPRESENTATION (  '', ( #1911 ), #7357 ) ;
#6751 = PRESENTATION_STYLE_ASSIGNMENT (( #2095 ) ) ;
#6752 = EDGE_CURVE ( 'NONE', #6256, #3353, #6024, .T. ) ;
#6753 = CARTESIAN_POINT ( 'NONE',  ( 0.3000005377251450112, 0.3900002914941749776, 0.000000000000000000 ) ) ;
#6754 = LINE ( 'NONE', #2592, #61 ) ;
#6755 = ORIENTED_EDGE ( 'NONE', *, *, #7011, .T. ) ;
#6756 =( NAMED_UNIT ( * ) PLANE_ANGLE_UNIT ( ) SI_UNIT ( $, .RADIAN. ) );
#6757 = CARTESIAN_POINT ( 'NONE',  ( 5.377251000027170150E-07, 0.2900002961956720249, 0.1000000000000000056 ) ) ;
#6758 = PRESENTATION_LAYER_ASSIGNMENT (  '', '', ( #533 ) ) ;
#6759 = ORIENTED_EDGE ( 'NONE', *, *, #7315, .T. ) ;
#6760 = LINE ( 'NONE', #6194, #6038 ) ;
#6761 = EDGE_CURVE ( 'NONE', #4554, #6603, #3232, .T. ) ;
#6762 = CARTESIAN_POINT ( 'NONE',  ( 1.870000537724990197, 1.450000302542429953, 0.1000000000000000056 ) ) ;
#6763 = EDGE_LOOP ( 'NONE', ( #2794, #5411, #2418, #5475 ) ) ;
#6764 = SURFACE_STYLE_USAGE ( .BOTH. , #4468 ) ;
#6765 = ORIENTED_EDGE ( 'NONE', *, *, #1564, .F. ) ;
#6766 = PRESENTATION_STYLE_ASSIGNMENT (( #2481 ) ) ;
#6767 = AXIS2_PLACEMENT_3D ( 'NONE', #1889, #7183, #7216 ) ;
#6768 = EDGE_CURVE ( 'NONE', #1304, #6989, #6105, .T. ) ;
#6769 = CARTESIAN_POINT ( 'NONE',  ( 0.1300005377252090033, 0.5500002899657370214, 0.1000000000000000056 ) ) ;
#6770 = COLOUR_RGB ( '',0.7490196078431372584, 0.7490196078431372584, 0.7490196078431372584 ) ;
#6771 = FILL_AREA_STYLE_COLOUR ( '', #2092 ) ;
#6772 = CARTESIAN_POINT ( 'NONE',  ( 0.1812143443952660138, 0.2100003008976049912, 0.2030000000000000415 ) ) ;
#6773 = CARTESIAN_POINT ( 'NONE',  ( 0.03000054242693301135, 0.9400002961956489544, 0.2030000000000000415 ) ) ;
#6774 = VERTEX_POINT ( 'NONE', #7361 ) ;
#6775 = SURFACE_STYLE_USAGE ( .BOTH. , #5653 ) ;
#6776 =( GEOMETRIC_REPRESENTATION_CONTEXT ( 3 ) GLOBAL_UNCERTAINTY_ASSIGNED_CONTEXT ( ( #5949 ) ) GLOBAL_UNIT_ASSIGNED_CONTEXT ( ( #3422, #6958, #4074 ) ) REPRESENTATION_CONTEXT ( 'NONE', 'WORKASPACE' ) );
#6777 = LINE ( 'NONE', #3258, #2714 ) ;
#6778 = EDGE_CURVE ( 'NONE', #2207, #7482, #5550, .T. ) ;
#6779 = CLOSED_SHELL ( 'NONE', ( #5053, #1933, #1402, #3351, #6294, #3857, #7220, #532, #5602, #4431, #213, #6967, #3944, #4945 ) ) ;
#6780 = LINE ( 'NONE', #6125, #970 ) ;
#6781 = FACE_OUTER_BOUND ( 'NONE', #6660, .T. ) ;
#6782 = ORIENTED_EDGE ( 'NONE', *, *, #3451, .T. ) ;
#6783 = ORIENTED_EDGE ( 'NONE', *, *, #3882, .F. ) ;
#6784 = CARTESIAN_POINT ( 'NONE',  ( 1.690000537725149909, 1.650000296246720177, 0.2030000000000000415 ) ) ;
#6785 = DIRECTION ( 'NONE',  ( 1.000000000000000000, 0.000000000000000000, 0.000000000000000000 ) ) ;
#6786 = ORIENTED_EDGE ( 'NONE', *, *, #3165, .T. ) ;
#6787 = AXIS2_PLACEMENT_3D ( 'NONE', #7521, #6919, #5675 ) ;
#6788 = VECTOR ( 'NONE', #5543, 1000.000000000000000 ) ;
#6789 = FILL_AREA_STYLE ('',( #7316 ) ) ;
#6790 = UNCERTAINTY_MEASURE_WITH_UNIT (LENGTH_MEASURE( 1.000000000000000082E-05 ), #3546, 'distance_accuracy_value', 'NONE');
#6791 = DIRECTION ( 'NONE',  ( 0.000000000000000000, 1.000000000000000000, 0.000000000000000000 ) ) ;
#6792 = DIRECTION ( 'NONE',  ( -1.708035422498810080E-15, -1.000000000000000000, 0.000000000000000000 ) ) ;
#6793 = CIRCLE ( 'NONE', #1326, 0.1000000000000000472 ) ;
#6794 = VECTOR ( 'NONE', #4361, 1000.000000000000000 ) ;
#6795 = STYLED_ITEM ( 'NONE', ( #2211 ), #4913 ) ;
#6796 = PLANE ( 'NONE',  #3964 ) ;
#6797 = SURFACE_STYLE_USAGE ( .BOTH. , #4929 ) ;
#6798 = SURFACE_STYLE_USAGE ( .BOTH. , #6680 ) ;
#6799 = MECHANICAL_DESIGN_GEOMETRIC_PRESENTATION_REPRESENTATION (  '', ( #6317 ), #3689 ) ;
#6800 = FILL_AREA_STYLE ('',( #2629 ) ) ;
#6801 = DIRECTION ( 'NONE',  ( -0.000000000000000000, -1.000000000000000000, 0.000000000000000000 ) ) ;
#6802 = AXIS2_PLACEMENT_3D ( 'NONE', #3785, #2702, #3216 ) ;
#6803 = ORIENTED_EDGE ( 'NONE', *, *, #4191, .F. ) ;
#6804 = MECHANICAL_DESIGN_GEOMETRIC_PRESENTATION_REPRESENTATION (  '', ( #1597 ), #6064 ) ;
#6805 = PRESENTATION_STYLE_ASSIGNMENT (( #1008 ) ) ;
#6806 = EDGE_CURVE ( 'NONE', #3242, #4142, #3182, .T. ) ;
#6807 = PRESENTATION_LAYER_ASSIGNMENT (  '', '', ( #843 ) ) ;
#6808 = VECTOR ( 'NONE', #875, 1000.000000000000000 ) ;
#6809 = DIRECTION ( 'NONE',  ( 0.000000000000000000, -0.000000000000000000, -1.000000000000000000 ) ) ;
#6810 = SURFACE_SIDE_STYLE ('',( #4380 ) ) ;
#6811 = ORIENTED_EDGE ( 'NONE', *, *, #3818, .T. ) ;
#6812 = LINE ( 'NONE', #2028, #1512 ) ;
#6813 = VERTEX_POINT ( 'NONE', #101 ) ;
#6814 = EDGE_CURVE ( 'NONE', #5351, #6417, #2016, .T. ) ;
#6815 = SURFACE_STYLE_USAGE ( .BOTH. , #1613 ) ;
#6816 = STYLED_ITEM ( 'NONE', ( #3288 ), #6222 ) ;
#6817 = SURFACE_SIDE_STYLE ('',( #1414 ) ) ;
#6818 = PLANE ( 'NONE',  #1479 ) ;
#6819 = SURFACE_STYLE_USAGE ( .BOTH. , #2802 ) ;
#6820 = UNCERTAINTY_MEASURE_WITH_UNIT (LENGTH_MEASURE( 1.000000000000000082E-05 ), #470, 'distance_accuracy_value', 'NONE');
#6821 = VERTEX_POINT ( 'NONE', #1934 ) ;
#6822 = EDGE_CURVE ( 'NONE', #3059, #3334, #768, .T. ) ;
#6823 =( GEOMETRIC_REPRESENTATION_CONTEXT ( 3 ) GLOBAL_UNCERTAINTY_ASSIGNED_CONTEXT ( ( #2474 ) ) GLOBAL_UNIT_ASSIGNED_CONTEXT ( ( #5389, #7170, #6455 ) ) REPRESENTATION_CONTEXT ( 'NONE', 'WORKASPACE' ) );
#6824 = DIRECTION ( 'NONE',  ( 0.000000000000000000, 0.000000000000000000, 1.000000000000000000 ) ) ;
#6825 = CARTESIAN_POINT ( 'NONE',  ( 1.690000537725149909, 1.850000289965689992, 0.2030000000000000415 ) ) ;
#6826 = ORIENTED_EDGE ( 'NONE', *, *, #4623, .F. ) ;
#6827 = ORIENTED_EDGE ( 'NONE', *, *, #576, .T. ) ;
#6828 = EDGE_CURVE ( 'NONE', #4189, #7640, #2055, .T. ) ;
#6829 = MECHANICAL_DESIGN_GEOMETRIC_PRESENTATION_REPRESENTATION (  '', ( #6335 ), #4469 ) ;
#6830 = FILL_AREA_STYLE ('',( #3754 ) ) ;
#6831 = ORIENTED_EDGE ( 'NONE', *, *, #6814, .F. ) ;
#6832 = SURFACE_SIDE_STYLE ('',( #3949 ) ) ;
#6833 = SURFACE_STYLE_USAGE ( .BOTH. , #6178 ) ;
#6834 = VECTOR ( 'NONE', #670, 1000.000000000000000 ) ;
#6835 =( GEOMETRIC_REPRESENTATION_CONTEXT ( 3 ) GLOBAL_UNCERTAINTY_ASSIGNED_CONTEXT ( ( #1755 ) ) GLOBAL_UNIT_ASSIGNED_CONTEXT ( ( #5964, #31, #5337 ) ) REPRESENTATION_CONTEXT ( 'NONE', 'WORKASPACE' ) );
#6836 = SURFACE_STYLE_FILL_AREA ( #4459 ) ;
#6837 = CARTESIAN_POINT ( 'NONE',  ( 2.000000537725100003, 0.2100003008976049912, 0.000000000000000000 ) ) ;
#6838 = AXIS2_PLACEMENT_3D ( 'NONE', #273, #2519, #2559 ) ;
#6839 = PRESENTATION_STYLE_ASSIGNMENT (( #2720 ) ) ;
#6840 = VERTEX_POINT ( 'NONE', #3066 ) ;
#6841 = LINE ( 'NONE', #395, #823 ) ;
#6842 =( GEOMETRIC_REPRESENTATION_CONTEXT ( 3 ) GLOBAL_UNCERTAINTY_ASSIGNED_CONTEXT ( ( #2358 ) ) GLOBAL_UNIT_ASSIGNED_CONTEXT ( ( #6107, #1482, #5509 ) ) REPRESENTATION_CONTEXT ( 'NONE', 'WORKASPACE' ) );
#6843 =( LENGTH_UNIT ( ) NAMED_UNIT ( * ) SI_UNIT ( .MILLI., .METRE. ) );
#6844 = ORIENTED_EDGE ( 'NONE', *, *, #839, .T. ) ;
#6845 =( LENGTH_UNIT ( ) NAMED_UNIT ( * ) SI_UNIT ( .MILLI., .METRE. ) );
#6846 = ORIENTED_EDGE ( 'NONE', *, *, #6080, .F. ) ;
#6847 = COLOUR_RGB ( '',0.7921568627450980005, 0.8196078431372548767, 0.9333333333333333481 ) ;
#6848 = FILL_AREA_STYLE_COLOUR ( '', #7111 ) ;
#6849 = VECTOR ( 'NONE', #7303, 1000.000000000000000 ) ;
#6850 = SURFACE_STYLE_USAGE ( .BOTH. , #5725 ) ;
#6851 = CARTESIAN_POINT ( 'NONE',  ( 1.870000537724990197, 1.200000289965710287, 0.1000000000000000056 ) ) ;
#6852 = DIRECTION ( 'NONE',  ( -3.700743516871580010E-15, -1.000000000000000000, 0.000000000000000000 ) ) ;
#6853 = ADVANCED_FACE ( 'NONE', ( #1274 ), #4334, .T. ) ;
#6854 = ORIENTED_EDGE ( 'NONE', *, *, #2972, .F. ) ;
#6855 = ADVANCED_FACE ( 'NONE', ( #2668 ), #5634, .T. ) ;
#6856 = AXIS2_PLACEMENT_3D ( 'NONE', #2630, #393, #2753 ) ;
#6857 =( GEOMETRIC_REPRESENTATION_CONTEXT ( 3 ) GLOBAL_UNCERTAINTY_ASSIGNED_CONTEXT ( ( #7260 ) ) GLOBAL_UNIT_ASSIGNED_CONTEXT ( ( #4986, #742, #155 ) ) REPRESENTATION_CONTEXT ( 'NONE', 'WORKASPACE' ) );
#6858 = CARTESIAN_POINT ( 'NONE',  ( 0.3000005377251450112, 0.3100003008976268681, 0.000000000000000000 ) ) ;
#6859 = PRESENTATION_STYLE_ASSIGNMENT (( #4359 ) ) ;
#6860 = VERTEX_POINT ( 'NONE', #2215 ) ;
#6861 = FACE_OUTER_BOUND ( 'NONE', #3781, .T. ) ;
#6862 = ORIENTED_EDGE ( 'NONE', *, *, #4967, .F. ) ;
#6863 = DIRECTION ( 'NONE',  ( 1.000000000000000000, 0.000000000000000000, -0.000000000000000000 ) ) ;
#6864 =( NAMED_UNIT ( * ) PLANE_ANGLE_UNIT ( ) SI_UNIT ( $, .RADIAN. ) );
#6865 = ORIENTED_EDGE ( 'NONE', *, *, #1695, .T. ) ;
#6866 = COLOUR_RGB ( '',0.7490196078431372584, 0.7490196078431372584, 0.7490196078431372584 ) ;
#6867 = UNCERTAINTY_MEASURE_WITH_UNIT (LENGTH_MEASURE( 1.000000000000000082E-05 ), #6657, 'distance_accuracy_value', 'NONE');
#6868 =( LENGTH_UNIT ( ) NAMED_UNIT ( * ) SI_UNIT ( .MILLI., .METRE. ) );
#6869 = ORIENTED_EDGE ( 'NONE', *, *, #2378, .T. ) ;
#6870 = EDGE_CURVE ( 'NONE', #1579, #7365, #5135, .T. ) ;
#6871 =( LENGTH_UNIT ( ) NAMED_UNIT ( * ) SI_UNIT ( .MILLI., .METRE. ) );
#6872 =( GEOMETRIC_REPRESENTATION_CONTEXT ( 3 ) GLOBAL_UNCERTAINTY_ASSIGNED_CONTEXT ( ( #4307 ) ) GLOBAL_UNIT_ASSIGNED_CONTEXT ( ( #4105, #1079, #7062 ) ) REPRESENTATION_CONTEXT ( 'NONE', 'WORKASPACE' ) );
#6873 = SURFACE_STYLE_USAGE ( .BOTH. , #963 ) ;
#6874 = SURFACE_STYLE_USAGE ( .BOTH. , #4608 ) ;
#6875 = MECHANICAL_DESIGN_GEOMETRIC_PRESENTATION_REPRESENTATION (  '', ( #4888 ), #2522 ) ;
#6876 = SURFACE_STYLE_USAGE ( .BOTH. , #3143 ) ;
#6877 = PRESENTATION_STYLE_ASSIGNMENT (( #3275 ) ) ;
#6878 = STYLED_ITEM ( 'NONE', ( #3592 ), #4316 ) ;
#6879 =( NAMED_UNIT ( * ) PLANE_ANGLE_UNIT ( ) SI_UNIT ( $, .RADIAN. ) );
#6880 = CARTESIAN_POINT ( 'NONE',  ( 1.870000537724990197, 0.2100003008976049912, 0.1000000000000000056 ) ) ;
#6881 = VECTOR ( 'NONE', #1182, 1000.000000000000000 ) ;
#6882 = EDGE_CURVE ( 'NONE', #2047, #1442, #1560, .T. ) ;
#6883 = DIRECTION ( 'NONE',  ( 0.000000000000000000, -0.000000000000000000, -1.000000000000000000 ) ) ;
#6884 = ORIENTED_EDGE ( 'NONE', *, *, #4106, .T. ) ;
#6885 = SURFACE_STYLE_FILL_AREA ( #5753 ) ;
#6886 = MECHANICAL_DESIGN_GEOMETRIC_PRESENTATION_REPRESENTATION (  '', ( #41 ), #2650 ) ;
#6887 = CARTESIAN_POINT ( 'NONE',  ( 1.284999967722169956, 0.7025008911961240221, 0.4062000000000000055 ) ) ;
#6888 = PLANE ( 'NONE',  #4255 ) ;
#6889 = VECTOR ( 'NONE', #438, 1000.000000000000000 ) ;
#6890 = SURFACE_SIDE_STYLE ('',( #6241 ) ) ;
#6891 = DIRECTION ( 'NONE',  ( 0.000000000000000000, 0.000000000000000000, 1.000000000000000000 ) ) ;
#6892 =( LENGTH_UNIT ( ) NAMED_UNIT ( * ) SI_UNIT ( .MILLI., .METRE. ) );
#6893 = UNCERTAINTY_MEASURE_WITH_UNIT (LENGTH_MEASURE( 1.000000000000000082E-05 ), #2632, 'distance_accuracy_value', 'NONE');
#6894 = SURFACE_STYLE_FILL_AREA ( #2766 ) ;
#6895 = EDGE_LOOP ( 'NONE', ( #1030, #3153, #268, #2994 ) ) ;
#6896 = SURFACE_STYLE_USAGE ( .BOTH. , #3402 ) ;
#6897 =( NAMED_UNIT ( * ) SI_UNIT ( $, .STERADIAN. ) SOLID_ANGLE_UNIT ( ) );
#6898 = EDGE_CURVE ( 'NONE', #7691, #3377, #1739, .T. ) ;
#6899 = COLOUR_RGB ( '',0.7490196078431372584, 0.7490196078431372584, 0.7490196078431372584 ) ;
#6900 = SURFACE_STYLE_FILL_AREA ( #2808 ) ;
#6901 = CARTESIAN_POINT ( 'NONE',  ( 1.970000533023269051, 0.2900002961956728575, 0.1000000000000000056 ) ) ;
#6902 = ORIENTED_EDGE ( 'NONE', *, *, #447, .T. ) ;
#6903 = LINE ( 'NONE', #3729, #7244 ) ;
#6904 = ORIENTED_EDGE ( 'NONE', *, *, #6344, .F. ) ;
#6905 = PLANE ( 'NONE',  #7157 ) ;
#6906 = VECTOR ( 'NONE', #6368, 1000.000000000000000 ) ;
#6907 = ORIENTED_EDGE ( 'NONE', *, *, #1729, .F. ) ;
#6908 = EDGE_CURVE ( 'NONE', #6190, #1628, #6262, .T. ) ;
#6909 = DIRECTION ( 'NONE',  ( 0.000000000000000000, -1.000000000000000000, 0.000000000000000000 ) ) ;
#6910 = CLOSED_SHELL ( 'NONE', ( #3995, #1291, #6443, #3917, #4980, #1953, #2386 ) ) ;
#6911 = DIRECTION ( 'NONE',  ( -0.000000000000000000, 1.000000000000000000, 0.000000000000000000 ) ) ;
#6912 = CARTESIAN_POINT ( 'NONE',  ( 1.550000537725050087, 1.000000296195949989, 0.2030000000000000415 ) ) ;
#6913 = PRESENTATION_STYLE_ASSIGNMENT (( #535 ) ) ;
#6914 = SURFACE_STYLE_FILL_AREA ( #3415 ) ;
#6915 =( LENGTH_UNIT ( ) NAMED_UNIT ( * ) SI_UNIT ( .MILLI., .METRE. ) );
#6916 = FILL_AREA_STYLE ('',( #354 ) ) ;
#6917 = ADVANCED_FACE ( 'NONE', ( #4093 ), #6796, .T. ) ;
#6918 = PRESENTATION_STYLE_ASSIGNMENT (( #3911 ) ) ;
#6919 = DIRECTION ( 'NONE',  ( 0.000000000000000000, 0.000000000000000000, 1.000000000000000000 ) ) ;
#6920 = COLOUR_RGB ( '',0.7490196078431372584, 0.7490196078431372584, 0.7490196078431372584 ) ;
#6921 = VECTOR ( 'NONE', #3860, 1000.000000000000000 ) ;
#6922 = MECHANICAL_DESIGN_GEOMETRIC_PRESENTATION_REPRESENTATION (  '', ( #6795 ), #7030 ) ;
#6923 = CARTESIAN_POINT ( 'NONE',  ( 2.000000537725100003, 0.9400002961956489544, 0.1000000000000000056 ) ) ;
#6924 = ORIENTED_EDGE ( 'NONE', *, *, #3872, .T. ) ;
#6925 =( LENGTH_UNIT ( ) NAMED_UNIT ( * ) SI_UNIT ( .MILLI., .METRE. ) );
#6926 = CARTESIAN_POINT ( 'NONE',  ( 1.700000537725050220, 1.610000300897469927, 0.000000000000000000 ) ) ;
#6927 = PRESENTATION_LAYER_ASSIGNMENT (  '', '', ( #5936 ) ) ;
#6928 = ADVANCED_FACE ( 'NONE', ( #2978 ), #1809, .F. ) ;
#6929 = CARTESIAN_POINT ( 'NONE',  ( 0.1300005377252090033, 1.200000289965710287, 0.1000000000000000056 ) ) ;
#6930 = COLOUR_RGB ( '',0.7490196078431372584, 0.7490196078431372584, 0.7490196078431372584 ) ;
#6931 = STYLED_ITEM ( 'NONE', ( #1734 ), #5106 ) ;
#6932 =( LENGTH_UNIT ( ) NAMED_UNIT ( * ) SI_UNIT ( .MILLI., .METRE. ) );
#6933 = DIRECTION ( 'NONE',  ( -0.000000000000000000, -0.000000000000000000, -1.000000000000000000 ) ) ;
#6934 = FILL_AREA_STYLE_COLOUR ( '', #4071 ) ;
#6935 = DIRECTION ( 'NONE',  ( -0.000000000000000000, -0.000000000000000000, 1.000000000000000000 ) ) ;
#6936 = CARTESIAN_POINT ( 'NONE',  ( 0.6000005377252359828, 0.1500002961959130132, 0.2030000000000000415 ) ) ;
#6937 = ORIENTED_EDGE ( 'NONE', *, *, #6320, .F. ) ;
#6938 =( NAMED_UNIT ( * ) PLANE_ANGLE_UNIT ( ) SI_UNIT ( $, .RADIAN. ) );
#6939 = CARTESIAN_POINT ( 'NONE',  ( 1.800000537725050309, 0.3100003008976279784, 0.000000000000000000 ) ) ;
#6940 = VECTOR ( 'NONE', #7075, 1000.000000000000000 ) ;
#6941 = PRESENTATION_STYLE_ASSIGNMENT (( #7086 ) ) ;
#6942 =( NAMED_UNIT ( * ) PLANE_ANGLE_UNIT ( ) SI_UNIT ( $, .RADIAN. ) );
#6943 = ORIENTED_EDGE ( 'NONE', *, *, #3535, .F. ) ;
#6944 = ORIENTED_EDGE ( 'NONE', *, *, #497, .T. ) ;
#6945 = FILL_AREA_STYLE ('',( #7545 ) ) ;
#6946 = STYLED_ITEM ( 'NONE', ( #1129 ), #6672 ) ;
#6947 = UNCERTAINTY_MEASURE_WITH_UNIT (LENGTH_MEASURE( 1.000000000000000082E-05 ), #2188, 'distance_accuracy_value', 'NONE');
#6948 = PRESENTATION_STYLE_ASSIGNMENT (( #2713 ) ) ;
#6949 = SURFACE_SIDE_STYLE ('',( #3380 ) ) ;
#6950 = VECTOR ( 'NONE', #3125, 1000.000000000000000 ) ;
#6951 = CARTESIAN_POINT ( 'NONE',  ( 0.7150011077279719851, 1.297499701195750088, 0.2283999999999999919 ) ) ;
#6952 = DIRECTION ( 'NONE',  ( 1.000000000000000000, 0.000000000000000000, 0.000000000000000000 ) ) ;
#6953 = DIRECTION ( 'NONE',  ( -3.298948416032040199E-13, -1.000000000000000000, 0.000000000000000000 ) ) ;
#6954 = DIRECTION ( 'NONE',  ( 0.000000000000000000, 0.000000000000000000, -1.000000000000000000 ) ) ;
#6955 = AXIS2_PLACEMENT_3D ( 'NONE', #941, #3333, #2648 ) ;
#6956 = ADVANCED_FACE ( 'NONE', ( #4127 ), #3549, .T. ) ;
#6957 = CARTESIAN_POINT ( 'NONE',  ( 1.873321717579730095, 0.3500002961959000070, 0.000000000000000000 ) ) ;
#6958 =( NAMED_UNIT ( * ) PLANE_ANGLE_UNIT ( ) SI_UNIT ( $, .RADIAN. ) );
#6959 = VERTEX_POINT ( 'NONE', #4232 ) ;
#6960 =( NAMED_UNIT ( * ) SI_UNIT ( $, .STERADIAN. ) SOLID_ANGLE_UNIT ( ) );
#6961 = AXIS2_PLACEMENT_3D ( 'NONE', #2963, #7681, #4746 ) ;
#6962 = AXIS2_PLACEMENT_3D ( 'NONE', #3360, #1013, #1569 ) ;
#6963 =( NAMED_UNIT ( * ) PLANE_ANGLE_UNIT ( ) SI_UNIT ( $, .RADIAN. ) );
#6964 = EDGE_LOOP ( 'NONE', ( #7333, #2289, #1543, #7248 ) ) ;
#6965 = LINE ( 'NONE', #1050, #3348 ) ;
#6966 = EDGE_CURVE ( 'NONE', #7350, #2029, #4800, .T. ) ;
#6967 = ADVANCED_FACE ( 'NONE', ( #124 ), #6615, .T. ) ;
#6968 = VERTEX_POINT ( 'NONE', #4906 ) ;
#6969 = CARTESIAN_POINT ( 'NONE',  ( 0.1300005377252090033, 1.850000289965689992, 0.1000000000000000056 ) ) ;
#6970 = DIRECTION ( 'NONE',  ( 1.000000000000000000, 0.000000000000000000, 0.000000000000000000 ) ) ;
#6971 = PRESENTATION_LAYER_ASSIGNMENT (  '', '', ( #3986 ) ) ;
#6972 = CARTESIAN_POINT ( 'NONE',  ( 2.000000537725100003, 1.140000291494180029, 0.000000000000000000 ) ) ;
#6973 = DIRECTION ( 'NONE',  ( -1.000000000000000000, -0.000000000000000000, 0.000000000000000000 ) ) ;
#6974 = ORIENTED_EDGE ( 'NONE', *, *, #4607, .F. ) ;
#6975 = SURFACE_STYLE_USAGE ( .BOTH. , #5199 ) ;
#6976 = PLANE ( 'NONE',  #6062 ) ;
#6977 = UNCERTAINTY_MEASURE_WITH_UNIT (LENGTH_MEASURE( 1.000000000000000082E-05 ), #7193, 'distance_accuracy_value', 'NONE');
#6978 = CARTESIAN_POINT ( 'NONE',  ( 5.377251000027170150E-07, 0.4100002961956760728, 0.1000000000000000056 ) ) ;
#6979 =( GEOMETRIC_REPRESENTATION_CONTEXT ( 3 ) GLOBAL_UNCERTAINTY_ASSIGNED_CONTEXT ( ( #5575 ) ) GLOBAL_UNIT_ASSIGNED_CONTEXT ( ( #5168, #6370, #2868 ) ) REPRESENTATION_CONTEXT ( 'NONE', 'WORKASPACE' ) );
#6980 = FACE_OUTER_BOUND ( 'NONE', #4487, .T. ) ;
#6981 = SURFACE_STYLE_USAGE ( .BOTH. , #3489 ) ;
#6982 = ORIENTED_EDGE ( 'NONE', *, *, #1259, .T. ) ;
#6983 = CARTESIAN_POINT ( 'NONE',  ( 1.690000537725149909, 1.450000302542429953, 0.1000000000000000056 ) ) ;
#6984 =( GEOMETRIC_REPRESENTATION_CONTEXT ( 3 ) GLOBAL_UNCERTAINTY_ASSIGNED_CONTEXT ( ( #123 ) ) GLOBAL_UNIT_ASSIGNED_CONTEXT ( ( #3482, #4605, #7664 ) ) REPRESENTATION_CONTEXT ( 'NONE', 'WORKASPACE' ) );
#6985 = MECHANICAL_DESIGN_GEOMETRIC_PRESENTATION_REPRESENTATION (  '', ( #2641 ), #6378 ) ;
#6986 = ADVANCED_FACE ( 'NONE', ( #3778 ), #2036, .T. ) ;
#6987 = FILL_AREA_STYLE ('',( #3319 ) ) ;
#6988 = DIRECTION ( 'NONE',  ( 0.000000000000000000, 0.000000000000000000, 1.000000000000000000 ) ) ;
#6989 = VERTEX_POINT ( 'NONE', #3289 ) ;
#6990 = DIRECTION ( 'NONE',  ( 0.000000000000000000, -1.000000000000000000, -0.000000000000000000 ) ) ;
#6991 = PRESENTATION_LAYER_ASSIGNMENT (  '', '', ( #5641 ) ) ;
#6992 = DIRECTION ( 'NONE',  ( 1.000000000000000000, -2.775557887810709895E-15, 0.000000000000000000 ) ) ;
#6993 = EDGE_CURVE ( 'NONE', #4518, #5381, #4438, .T. ) ;
#6994 = PRESENTATION_STYLE_ASSIGNMENT (( #2762 ) ) ;
#6995 = PRESENTATION_LAYER_ASSIGNMENT (  '', '', ( #2526 ) ) ;
#6996 = DIRECTION ( 'NONE',  ( -5.551115297663160123E-16, 1.000000000000000000, 0.000000000000000000 ) ) ;
#6997 = LINE ( 'NONE', #1619, #5715 ) ;
#6998 = FILL_AREA_STYLE ('',( #503 ) ) ;
#6999 = VERTEX_POINT ( 'NONE', #4394 ) ;
#7000 = LINE ( 'NONE', #33, #2281 ) ;
#7001 =( GEOMETRIC_REPRESENTATION_CONTEXT ( 3 ) GLOBAL_UNCERTAINTY_ASSIGNED_CONTEXT ( ( #1861 ) ) GLOBAL_UNIT_ASSIGNED_CONTEXT ( ( #3296, #4998, #949 ) ) REPRESENTATION_CONTEXT ( 'NONE', 'WORKASPACE' ) );
#7002 = EDGE_CURVE ( 'NONE', #2810, #6860, #7428, .T. ) ;
#7003 = SURFACE_SIDE_STYLE ('',( #474 ) ) ;
#7004 = STYLED_ITEM ( 'NONE', ( #3047 ), #1538 ) ;
#7005 = DIRECTION ( 'NONE',  ( -0.000000000000000000, -0.000000000000000000, 1.000000000000000000 ) ) ;
#7006 = ORIENTED_EDGE ( 'NONE', *, *, #1496, .F. ) ;
#7007 = DIRECTION ( 'NONE',  ( 1.000000000000000000, -3.235507100339109776E-13, 0.000000000000000000 ) ) ;
#7008 = ORIENTED_EDGE ( 'NONE', *, *, #7002, .F. ) ;
#7009 = CARTESIAN_POINT ( 'NONE',  ( 5.377251000027170150E-07, 1.790000291494149964, 0.000000000000000000 ) ) ;
#7010 = EDGE_LOOP ( 'NONE', ( #7362, #650, #4054, #4865 ) ) ;
#7011 = EDGE_CURVE ( 'NONE', #6272, #2252, #6121, .T. ) ;
#7012 = VECTOR ( 'NONE', #4766, 1000.000000000000000 ) ;
#7013 = CARTESIAN_POINT ( 'NONE',  ( 1.970000533023269940, 0.9400002961956489544, 0.1000000000000000056 ) ) ;
#7014 = AXIS2_PLACEMENT_3D ( 'NONE', #2257, #4541, #6988 ) ;
#7015 = FACE_OUTER_BOUND ( 'NONE', #7602, .T. ) ;
#7016 = LINE ( 'NONE', #5709, #2682 ) ;
#7017 = DIRECTION ( 'NONE',  ( 0.000000000000000000, 1.000000000000000000, 0.000000000000000000 ) ) ;
#7018 = CLOSED_SHELL ( 'NONE', ( #3591, #6222, #6672, #1617, #5009, #3870, #5253, #4913, #5080, #2715, #2906, #3619, #4001, #1023 ) ) ;
#7019 = DIRECTION ( 'NONE',  ( 1.000000000000000000, 0.000000000000000000, 0.000000000000000000 ) ) ;
#7020 = CARTESIAN_POINT ( 'NONE',  ( 0.3000005377251450112, 0.9600003008976050189, 0.1000000000000000056 ) ) ;
#7021 = AXIS2_PLACEMENT_3D ( 'NONE', #5136, #5829, #487 ) ;
#7022 = LINE ( 'NONE', #1714, #3834 ) ;
#7023 = EDGE_LOOP ( 'NONE', ( #2707, #6169, #3458, #7131 ) ) ;
#7024 = CARTESIAN_POINT ( 'NONE',  ( 1.870000537724990197, 0.5500002899657370214, 0.1000000000000000056 ) ) ;
#7025 = ADVANCED_FACE ( 'NONE', ( #5029 ), #3892, .T. ) ;
#7026 =( NAMED_UNIT ( * ) PLANE_ANGLE_UNIT ( ) SI_UNIT ( $, .RADIAN. ) );
#7027 = STYLED_ITEM ( 'NONE', ( #198 ), #5213 ) ;
#7028 = ORIENTED_EDGE ( 'NONE', *, *, #4493, .F. ) ;
#7029 = COLOUR_RGB ( '',0.7921568627450980005, 0.8196078431372548767, 0.9333333333333333481 ) ;
#7030 =( GEOMETRIC_REPRESENTATION_CONTEXT ( 3 ) GLOBAL_UNCERTAINTY_ASSIGNED_CONTEXT ( ( #413 ) ) GLOBAL_UNIT_ASSIGNED_CONTEXT ( ( #6218, #4569, #1595 ) ) REPRESENTATION_CONTEXT ( 'NONE', 'WORKASPACE' ) );
#7031 = FILL_AREA_STYLE_COLOUR ( '', #1630 ) ;
#7032 = SURFACE_STYLE_FILL_AREA ( #1763 ) ;
#7033 =( NAMED_UNIT ( * ) SI_UNIT ( $, .STERADIAN. ) SOLID_ANGLE_UNIT ( ) );
#7034 = VECTOR ( 'NONE', #2164, 1000.000000000000000 ) ;
#7035 = STYLED_ITEM ( 'NONE', ( #2311 ), #4955 ) ;
#7036 = EDGE_CURVE ( 'NONE', #6236, #3013, #7609, .T. ) ;
#7037 = DIRECTION ( 'NONE',  ( 0.000000000000000000, 0.000000000000000000, 1.000000000000000000 ) ) ;
#7038 = DIRECTION ( 'NONE',  ( 0.000000000000000000, -0.000000000000000000, 1.000000000000000000 ) ) ;
#7039 = ORIENTED_EDGE ( 'NONE', *, *, #1654, .T. ) ;
#7040 = DIRECTION ( 'NONE',  ( 0.000000000000000000, -1.000000000000000000, -0.000000000000000000 ) ) ;
#7041 = VECTOR ( 'NONE', #6333, 1000.000000000000000 ) ;
#7042 =( GEOMETRIC_REPRESENTATION_CONTEXT ( 3 ) GLOBAL_UNCERTAINTY_ASSIGNED_CONTEXT ( ( #3304 ) ) GLOBAL_UNIT_ASSIGNED_CONTEXT ( ( #4957, #1423, #2083 ) ) REPRESENTATION_CONTEXT ( 'NONE', 'WORKASPACE' ) );
#7043 =( GEOMETRIC_REPRESENTATION_CONTEXT ( 3 ) GLOBAL_UNCERTAINTY_ASSIGNED_CONTEXT ( ( #2171 ) ) GLOBAL_UNIT_ASSIGNED_CONTEXT ( ( #7194, #6484, #6057 ) ) REPRESENTATION_CONTEXT ( 'NONE', 'WORKASPACE' ) );
#7044 = MECHANICAL_DESIGN_GEOMETRIC_PRESENTATION_REPRESENTATION (  '', ( #971 ), #1476 ) ;
#7045 = PRESENTATION_LAYER_ASSIGNMENT (  '', '', ( #1084 ) ) ;
#7046 =( LENGTH_UNIT ( ) NAMED_UNIT ( * ) SI_UNIT ( .MILLI., .METRE. ) );
#7047 = EDGE_CURVE ( 'NONE', #258, #1199, #3930, .T. ) ;
#7048 = MECHANICAL_DESIGN_GEOMETRIC_PRESENTATION_REPRESENTATION (  '', ( #4302 ), #7289 ) ;
#7049 = AXIS2_PLACEMENT_3D ( 'NONE', #5929, #7614, #4088 ) ;
#7050 = ORIENTED_EDGE ( 'NONE', *, *, #6473, .F. ) ;
#7051 = SURFACE_SIDE_STYLE ('',( #548 ) ) ;
#7052 = STYLED_ITEM ( 'NONE', ( #6202 ), #2789 ) ;
#7053 = DIRECTION ( 'NONE',  ( 0.7071067811860607399, 0.7071067811870344055, 0.000000000000000000 ) ) ;
#7054 = SURFACE_STYLE_USAGE ( .BOTH. , #4682 ) ;
#7055 =( GEOMETRIC_REPRESENTATION_CONTEXT ( 3 ) GLOBAL_UNCERTAINTY_ASSIGNED_CONTEXT ( ( #3034 ) ) GLOBAL_UNIT_ASSIGNED_CONTEXT ( ( #938, #2152, #1683 ) ) REPRESENTATION_CONTEXT ( 'NONE', 'WORKASPACE' ) );
#7056 =( NAMED_UNIT ( * ) PLANE_ANGLE_UNIT ( ) SI_UNIT ( $, .RADIAN. ) );
#7057 = EDGE_CURVE ( 'NONE', #5498, #6813, #6997, .T. ) ;
#7058 = PRESENTATION_STYLE_ASSIGNMENT (( #7160 ) ) ;
#7059 = ORIENTED_EDGE ( 'NONE', *, *, #6060, .F. ) ;
#7060 = VECTOR ( 'NONE', #7613, 1000.000000000000000 ) ;
#7061 =( GEOMETRIC_REPRESENTATION_CONTEXT ( 3 ) GLOBAL_UNCERTAINTY_ASSIGNED_CONTEXT ( ( #2132 ) ) GLOBAL_UNIT_ASSIGNED_CONTEXT ( ( #2182, #4108, #4073 ) ) REPRESENTATION_CONTEXT ( 'NONE', 'WORKASPACE' ) );
#7062 =( NAMED_UNIT ( * ) SI_UNIT ( $, .STERADIAN. ) SOLID_ANGLE_UNIT ( ) );
#7063 = CARTESIAN_POINT ( 'NONE',  ( 1.550000537725050087, 2.000000296195940219, 0.2030000000000000415 ) ) ;
#7064 = CARTESIAN_POINT ( 'NONE',  ( 1.818786731054929939, 0.3500002962467679835, 0.2030000000000000415 ) ) ;
#7065 =( GEOMETRIC_REPRESENTATION_CONTEXT ( 3 ) GLOBAL_UNCERTAINTY_ASSIGNED_CONTEXT ( ( #4895 ) ) GLOBAL_UNIT_ASSIGNED_CONTEXT ( ( #5973, #5374, #5486 ) ) REPRESENTATION_CONTEXT ( 'NONE', 'WORKASPACE' ) );
#7066 = LINE ( 'NONE', #4741, #2590 ) ;
#7067 = PLANE ( 'NONE',  #3792 ) ;
#7068 = ORIENTED_EDGE ( 'NONE', *, *, #3207, .F. ) ;
#7069 = PRESENTATION_LAYER_ASSIGNMENT (  '', '', ( #2729 ) ) ;
#7070 = LINE ( 'NONE', #1202, #661 ) ;
#7071 = EDGE_LOOP ( 'NONE', ( #2658, #4689, #2633, #7059 ) ) ;
#7072 =( NAMED_UNIT ( * ) PLANE_ANGLE_UNIT ( ) SI_UNIT ( $, .RADIAN. ) );
#7073 = FILL_AREA_STYLE_COLOUR ( '', #7272 ) ;
#7074 = CIRCLE ( 'NONE', #6962, 0.09999999999999982514 ) ;
#7075 = DIRECTION ( 'NONE',  ( 1.000000000000000000, 0.000000000000000000, 0.000000000000000000 ) ) ;
#7076 = CARTESIAN_POINT ( 'NONE',  ( 2.000000537725100003, 0.2900002961956720249, 0.1000000000000000056 ) ) ;
#7077 =( NAMED_UNIT ( * ) SI_UNIT ( $, .STERADIAN. ) SOLID_ANGLE_UNIT ( ) );
#7078 = LINE ( 'NONE', #5403, #3150 ) ;
#7079 = PLANE ( 'NONE',  #4804 ) ;
#7080 = VECTOR ( 'NONE', #3142, 1000.000000000000000 ) ;
#7081 = PRESENTATION_STYLE_ASSIGNMENT (( #5892 ) ) ;
#7082 = MECHANICAL_DESIGN_GEOMETRIC_PRESENTATION_REPRESENTATION (  '', ( #5365 ), #3012 ) ;
#7083 = EDGE_CURVE ( 'NONE', #5846, #265, #1054, .T. ) ;
#7084 = PLANE ( 'NONE',  #5696 ) ;
#7085 = DIRECTION ( 'NONE',  ( 1.000000000000000000, -2.775557887810709895E-15, 0.000000000000000000 ) ) ;
#7086 = SURFACE_STYLE_USAGE ( .BOTH. , #1738 ) ;
#7087 = VERTEX_POINT ( 'NONE', #1685 ) ;
#7088 = CARTESIAN_POINT ( 'NONE',  ( 1.890000537724970009, 1.140000291494180029, 0.1000000000000000056 ) ) ;
#7089 = ORIENTED_EDGE ( 'NONE', *, *, #2832, .T. ) ;
#7090 = DIRECTION ( 'NONE',  ( 0.000000000000000000, -1.000000000000000000, -0.000000000000000000 ) ) ;
#7091 = EDGE_CURVE ( 'NONE', #6625, #2184, #3400, .T. ) ;
#7092 = DIRECTION ( 'NONE',  ( -1.000000000000000000, 0.000000000000000000, 0.000000000000000000 ) ) ;
#7093 = CARTESIAN_POINT ( 'NONE',  ( 1.890000537725309959, 0.8600003008975819485, 0.1000000000000000056 ) ) ;
#7094 = PRESENTATION_LAYER_ASSIGNMENT (  '', '', ( #2494 ) ) ;
#7095 = APPLICATION_CONTEXT ( 'automotive_design' ) ;
#7096 = CARTESIAN_POINT ( 'NONE',  ( 1.800000537725050309, 0.4900002914941865018, 0.1000000000000000056 ) ) ;
#7097 = ORIENTED_EDGE ( 'NONE', *, *, #6687, .F. ) ;
#7098 = EDGE_CURVE ( 'NONE', #4810, #1812, #6466, .T. ) ;
#7099 =( LENGTH_UNIT ( ) NAMED_UNIT ( * ) SI_UNIT ( .MILLI., .METRE. ) );
#7100 = EDGE_LOOP ( 'NONE', ( #4396, #5089, #2064, #6100 ) ) ;
#7101 = FILL_AREA_STYLE_COLOUR ( '', #748 ) ;
#7102 = ORIENTED_EDGE ( 'NONE', *, *, #2018, .T. ) ;
#7103 = EDGE_CURVE ( 'NONE', #4542, #481, #1728, .T. ) ;
#7104 = PRESENTATION_STYLE_ASSIGNMENT (( #1725 ) ) ;
#7105 = PLANE ( 'NONE',  #5576 ) ;
#7106 =( NAMED_UNIT ( * ) PLANE_ANGLE_UNIT ( ) SI_UNIT ( $, .RADIAN. ) );
#7107 = VECTOR ( 'NONE', #17, 1000.000000000000000 ) ;
#7108 = ORIENTED_EDGE ( 'NONE', *, *, #1163, .F. ) ;
#7109 = CARTESIAN_POINT ( 'NONE',  ( 5.377251000027170150E-07, 1.510000300897560210, 0.000000000000000000 ) ) ;
#7110 = CARTESIAN_POINT ( 'NONE',  ( 1.818786731054929939, 0.8600003008975819485, 0.2030000000000000415 ) ) ;
#7111 = COLOUR_RGB ( '',0.7490196078431372584, 0.7490196078431372584, 0.7490196078431372584 ) ;
#7112 =( GEOMETRIC_REPRESENTATION_CONTEXT ( 3 ) GLOBAL_UNCERTAINTY_ASSIGNED_CONTEXT ( ( #2693 ) ) GLOBAL_UNIT_ASSIGNED_CONTEXT ( ( #325, #2697, #2077 ) ) REPRESENTATION_CONTEXT ( 'NONE', 'WORKASPACE' ) );
#7113 = ORIENTED_EDGE ( 'NONE', *, *, #7547, .T. ) ;
#7114 = ORIENTED_EDGE ( 'NONE', *, *, #4198, .F. ) ;
#7115 = EDGE_CURVE ( 'NONE', #5701, #3290, #2296, .T. ) ;
#7116 = AXIS2_PLACEMENT_3D ( 'NONE', #5895, #2344, #4126 ) ;
#7117 = UNCERTAINTY_MEASURE_WITH_UNIT (LENGTH_MEASURE( 1.000000000000000082E-05 ), #3883, 'distance_accuracy_value', 'NONE');
#7118 = CARTESIAN_POINT ( 'NONE',  ( 1.818786731054929939, 0.2100003008976049912, 0.2030000000000000415 ) ) ;
#7119 = LINE ( 'NONE', #553, #2181 ) ;
#7120 =( NAMED_UNIT ( * ) PLANE_ANGLE_UNIT ( ) SI_UNIT ( $, .RADIAN. ) );
#7121 = EDGE_CURVE ( 'NONE', #378, #4362, #3470, .T. ) ;
#7122 = EDGE_LOOP ( 'NONE', ( #997, #5084, #2291, #3273 ) ) ;
#7123 = CARTESIAN_POINT ( 'NONE',  ( 1.873321717579730095, 0.2100003008976280006, 0.1000000000000000056 ) ) ;
#7124 = VECTOR ( 'NONE', #3775, 1000.000000000000000 ) ;
#7125 = DIRECTION ( 'NONE',  ( 0.000000000000000000, 0.000000000000000000, 1.000000000000000000 ) ) ;
#7126 = VERTEX_POINT ( 'NONE', #5694 ) ;
#7127 = FACE_OUTER_BOUND ( 'NONE', #4676, .T. ) ;
#7128 = PRESENTATION_LAYER_ASSIGNMENT (  '', '', ( #5661 ) ) ;
#7129 = CARTESIAN_POINT ( 'NONE',  ( 1.970000533023269940, 1.710000296195629987, 0.1000000000000000056 ) ) ;
#7130 = EDGE_CURVE ( 'NONE', #5569, #4554, #5184, .T. ) ;
#7131 = ORIENTED_EDGE ( 'NONE', *, *, #4282, .F. ) ;
#7132 = FACE_OUTER_BOUND ( 'NONE', #7292, .T. ) ;
#7133 = DIRECTION ( 'NONE',  ( -0.000000000000000000, -0.000000000000000000, -1.000000000000000000 ) ) ;
#7134 = LINE ( 'NONE', #6601, #6308 ) ;
#7135 = CARTESIAN_POINT ( 'NONE',  ( 0.3000005377251450112, 1.610000300897580283, 0.000000000000000000 ) ) ;
#7136 = ORIENTED_EDGE ( 'NONE', *, *, #6285, .T. ) ;
#7137 = UNCERTAINTY_MEASURE_WITH_UNIT (LENGTH_MEASURE( 1.000000000000000082E-05 ), #5591, 'distance_accuracy_value', 'NONE');
#7138 = MECHANICAL_DESIGN_GEOMETRIC_PRESENTATION_REPRESENTATION (  '', ( #4922 ), #7389 ) ;
#7139 = CARTESIAN_POINT ( 'NONE',  ( 5.377251000027170150E-07, 0.2100003008976049912, 0.000000000000000000 ) ) ;
#7140 = CARTESIAN_POINT ( 'NONE',  ( 5.377251000113907382E-07, 0.8600003008975819485, 0.000000000000000000 ) ) ;
#7141 = EDGE_CURVE ( 'NONE', #2899, #770, #4553, .T. ) ;
#7142 = SURFACE_STYLE_FILL_AREA ( #5923 ) ;
#7143 = MECHANICAL_DESIGN_GEOMETRIC_PRESENTATION_REPRESENTATION (  '', ( #6535 ), #70 ) ;
#7144 = ORIENTED_EDGE ( 'NONE', *, *, #1925, .F. ) ;
#7145 = CARTESIAN_POINT ( 'NONE',  ( 1.700000537725049998, 1.650000296195849980, 0.1000000000000000056 ) ) ;
#7146 = LINE ( 'NONE', #6642, #846 ) ;
#7147 = PRESENTATION_LAYER_ASSIGNMENT (  '', '', ( #6539 ) ) ;
#7148 = PRESENTATION_LAYER_ASSIGNMENT (  '', '', ( #5547 ) ) ;
#7149 = CARTESIAN_POINT ( 'NONE',  ( 0.1300005377252090033, 0.3500002962467679835, 0.2030000000000000415 ) ) ;
#7150 = EDGE_LOOP ( 'NONE', ( #7629, #6185, #3604, #2929 ) ) ;
#7151 = VECTOR ( 'NONE', #262, 1000.000000000000000 ) ;
#7152 = LINE ( 'NONE', #1857, #2603 ) ;
#7153 = COLOUR_RGB ( '',0.7490196078431372584, 0.7490196078431372584, 0.7490196078431372584 ) ;
#7154 = COLOUR_RGB ( '',0.7490196078431372584, 0.7490196078431372584, 0.7490196078431372584 ) ;
#7155 = LINE ( 'NONE', #7265, #5890 ) ;
#7156 = DIRECTION ( 'NONE',  ( 1.000000000000000000, 0.000000000000000000, 0.000000000000000000 ) ) ;
#7157 = AXIS2_PLACEMENT_3D ( 'NONE', #7009, #3980, #996 ) ;
#7158 = VECTOR ( 'NONE', #6703, 1000.000000000000000 ) ;
#7159 = DIRECTION ( 'NONE',  ( -1.000000000000000000, -0.000000000000000000, 0.000000000000000000 ) ) ;
#7160 = SURFACE_STYLE_USAGE ( .BOTH. , #3019 ) ;
#7161 = SURFACE_SIDE_STYLE ('',( #2417 ) ) ;
#7162 = STYLED_ITEM ( 'NONE', ( #5212 ), #2834 ) ;
#7163 = DIRECTION ( 'NONE',  ( 0.000000000000000000, -0.000000000000000000, -1.000000000000000000 ) ) ;
#7164 = VERTEX_POINT ( 'NONE', #6936 ) ;
#7165 = ORIENTED_EDGE ( 'NONE', *, *, #4871, .T. ) ;
#7166 = LINE ( 'NONE', #3101, #3808 ) ;
#7167 = VECTOR ( 'NONE', #6505, 1000.000000000000000 ) ;
#7168 = SURFACE_SIDE_STYLE ('',( #2012 ) ) ;
#7169 = PRODUCT_DEFINITION_CONTEXT ( 'detailed design', #35, 'design' ) ;
#7170 =( NAMED_UNIT ( * ) PLANE_ANGLE_UNIT ( ) SI_UNIT ( $, .RADIAN. ) );
#7171 = VERTEX_POINT ( 'NONE', #4006 ) ;
#7172 = SURFACE_SIDE_STYLE ('',( #1876 ) ) ;
#7173 = ORIENTED_EDGE ( 'NONE', *, *, #3111, .F. ) ;
#7174 = AXIS2_PLACEMENT_3D ( 'NONE', #7679, #5990, #4172 ) ;
#7175 = EDGE_CURVE ( 'NONE', #2541, #5324, #2268, .T. ) ;
#7176 =( NAMED_UNIT ( * ) SI_UNIT ( $, .STERADIAN. ) SOLID_ANGLE_UNIT ( ) );
#7177 = CARTESIAN_POINT ( 'NONE',  ( 1.800000537725050309, 1.610000300897580283, 0.1000000000000000056 ) ) ;
#7178 =( NAMED_UNIT ( * ) PLANE_ANGLE_UNIT ( ) SI_UNIT ( $, .RADIAN. ) );
#7179 = STYLED_ITEM ( 'NONE', ( #6677 ), #6853 ) ;
#7180 = EDGE_LOOP ( 'NONE', ( #5502, #4760, #7006, #5233, #1087, #5321 ) ) ;
#7181 = FACE_OUTER_BOUND ( 'NONE', #1134, .T. ) ;
#7182 = EDGE_CURVE ( 'NONE', #3290, #5156, #2240, .T. ) ;
#7183 = DIRECTION ( 'NONE',  ( 3.235507100339109776E-13, 1.000000000000000000, 0.000000000000000000 ) ) ;
#7184 = FILL_AREA_STYLE ('',( #544 ) ) ;
#7185 = UNCERTAINTY_MEASURE_WITH_UNIT (LENGTH_MEASURE( 1.000000000000000082E-05 ), #1678, 'distance_accuracy_value', 'NONE');
#7186 = CARTESIAN_POINT ( 'NONE',  ( 0.1266793578704679957, 0.3500002961959020054, 0.1000000000000000056 ) ) ;
#7187 = ORIENTED_EDGE ( 'NONE', *, *, #1735, .T. ) ;
#7188 = MECHANICAL_DESIGN_GEOMETRIC_PRESENTATION_REPRESENTATION (  '', ( #6583 ), #126 ) ;
#7189 = FILL_AREA_STYLE ('',( #5311 ) ) ;
#7190 = DIRECTION ( 'NONE',  ( -1.000000000000000000, 3.235507100339109776E-13, 0.000000000000000000 ) ) ;
#7191 = STYLED_ITEM ( 'NONE', ( #4337 ), #7596 ) ;
#7192 = LINE ( 'NONE', #4162, #1956 ) ;
#7193 =( LENGTH_UNIT ( ) NAMED_UNIT ( * ) SI_UNIT ( .MILLI., .METRE. ) );
#7194 =( LENGTH_UNIT ( ) NAMED_UNIT ( * ) SI_UNIT ( .MILLI., .METRE. ) );
#7195 = EDGE_LOOP ( 'NONE', ( #5508, #1011, #4773, #1773 ) ) ;
#7196 = CARTESIAN_POINT ( 'NONE',  ( 1.890000537724970009, 0.4900002914941979926, 0.1000000000000000056 ) ) ;
#7197 = VECTOR ( 'NONE', #826, 1000.000000000000000 ) ;
#7198 = EDGE_CURVE ( 'NONE', #6840, #6236, #432, .T. ) ;
#7199 = PRESENTATION_LAYER_ASSIGNMENT (  '', '', ( #1262 ) ) ;
#7200 = SURFACE_SIDE_STYLE ('',( #5430 ) ) ;
#7201 = DIRECTION ( 'NONE',  ( 0.000000000000000000, 0.000000000000000000, -1.000000000000000000 ) ) ;
#7202 = EDGE_LOOP ( 'NONE', ( #3277, #4831, #2920, #5390 ) ) ;
#7204 = VECTOR ( 'NONE', #305, 1000.000000000000000 ) ;
#7203 = PLANE ( 'NONE',  #6712 ) ;
#7205 = DIRECTION ( 'NONE',  ( 1.000000000000000000, 0.000000000000000000, 0.000000000000000000 ) ) ;
#7206 = CARTESIAN_POINT ( 'NONE',  ( 0.2000005377251460048, 1.690000291494129891, 0.000000000000000000 ) ) ;
#7207 = ORIENTED_EDGE ( 'NONE', *, *, #4099, .F. ) ;
#7208 = UNCERTAINTY_MEASURE_WITH_UNIT (LENGTH_MEASURE( 1.000000000000000082E-05 ), #4263, 'distance_accuracy_value', 'NONE');
#7209 = EDGE_CURVE ( 'NONE', #4021, #508, #3479, .T. ) ;
#7210 = VECTOR ( 'NONE', #5747, 1000.000000000000000 ) ;
#7211 = STYLED_ITEM ( 'NONE', ( #4665 ), #2912 ) ;
#7212 = SURFACE_STYLE_USAGE ( .BOTH. , #4216 ) ;
#7213 = ORIENTED_EDGE ( 'NONE', *, *, #5885, .F. ) ;
#7214 = LINE ( 'NONE', #4188, #2730 ) ;
#7215 = VERTEX_POINT ( 'NONE', #4594 ) ;
#7216 = DIRECTION ( 'NONE',  ( -1.000000000000000000, 3.235507100339109776E-13, 0.000000000000000000 ) ) ;
#7217 = PRESENTATION_STYLE_ASSIGNMENT (( #4797 ) ) ;
#7218 = SURFACE_STYLE_USAGE ( .BOTH. , #2691 ) ;
#7219 = EDGE_LOOP ( 'NONE', ( #907, #5682, #6736, #3176 ) ) ;
#7220 = ADVANCED_FACE ( 'NONE', ( #1649 ), #3432, .T. ) ;
#7221 = PRESENTATION_STYLE_ASSIGNMENT (( #5455 ) ) ;
#7222 = COLOUR_RGB ( '',0.7490196078431372584, 0.7490196078431372584, 0.7490196078431372584 ) ;
#7223 =( NAMED_UNIT ( * ) PLANE_ANGLE_UNIT ( ) SI_UNIT ( $, .RADIAN. ) );
#7224 = CARTESIAN_POINT ( 'NONE',  ( 1.970000533023269940, 1.710000296195629987, 0.1000000000000000056 ) ) ;
#7225 = CARTESIAN_POINT ( 'NONE',  ( 0.1300005377252090033, 1.650000296246720177, 0.2030000000000000415 ) ) ;
#7226 = FACE_OUTER_BOUND ( 'NONE', #1281, .T. ) ;
#7227 = COLOUR_RGB ( '',0.7490196078431372584, 0.7490196078431372584, 0.7490196078431372584 ) ;
#7228 = LINE ( 'NONE', #5035, #3446 ) ;
#7229 = ORIENTED_EDGE ( 'NONE', *, *, #6000, .F. ) ;
#7230 = EDGE_CURVE ( 'NONE', #7436, #2881, #7214, .T. ) ;
#7231 = CARTESIAN_POINT ( 'NONE',  ( 1.284999967722169956, 0.7025008911961240221, 0.2030000000000000415 ) ) ;
#7232 = SURFACE_STYLE_USAGE ( .BOTH. , #5385 ) ;
#7233 = ORIENTED_EDGE ( 'NONE', *, *, #5197, .T. ) ;
#7234 = PRESENTATION_LAYER_ASSIGNMENT (  '', '', ( #6878 ) ) ;
#7235 = DIRECTION ( 'NONE',  ( -0.000000000000000000, 1.000000000000000000, 0.000000000000000000 ) ) ;
#7236 = SURFACE_STYLE_USAGE ( .BOTH. , #1309 ) ;
#7237 = DIRECTION ( 'NONE',  ( -0.000000000000000000, -1.000000000000000000, 0.000000000000000000 ) ) ;
#7238 = VECTOR ( 'NONE', #5905, 1000.000000000000000 ) ;
#7239 = ORIENTED_EDGE ( 'NONE', *, *, #3475, .T. ) ;
#7240 = FACE_OUTER_BOUND ( 'NONE', #408, .T. ) ;
#7241 = SURFACE_SIDE_STYLE ('',( #1359 ) ) ;
#7242 = CARTESIAN_POINT ( 'NONE',  ( 0.03000054242693300094, 1.590000296195630103, 0.1000000000000000056 ) ) ;
#7243 = ORIENTED_EDGE ( 'NONE', *, *, #3677, .F. ) ;
#7244 = VECTOR ( 'NONE', #3146, 1000.000000000000000 ) ;
#7245 =( LENGTH_UNIT ( ) NAMED_UNIT ( * ) SI_UNIT ( .MILLI., .METRE. ) );
#7246 = SURFACE_SIDE_STYLE ('',( #3115 ) ) ;
#7248 = ORIENTED_EDGE ( 'NONE', *, *, #4677, .F. ) ;
#7247 = PLANE ( 'NONE',  #6271 ) ;
#7249 = DIRECTION ( 'NONE',  ( -1.000000000000000000, 0.000000000000000000, 0.000000000000000000 ) ) ;
#7250 = PLANE ( 'NONE',  #4978 ) ;
#7251 = EDGE_CURVE ( 'NONE', #5464, #1503, #114, .T. ) ;
#7252 = AXIS2_PLACEMENT_3D ( 'NONE', #5809, #536, #1283 ) ;
#7253 = ORIENTED_EDGE ( 'NONE', *, *, #6119, .T. ) ;
#7254 = FACE_OUTER_BOUND ( 'NONE', #528, .T. ) ;
#7255 = AXIS2_PLACEMENT_3D ( 'NONE', #567, #6026, #7201 ) ;
#7256 = LINE ( 'NONE', #6244, #230 ) ;
#7257 = STYLED_ITEM ( 'NONE', ( #5697 ), #182 ) ;
#7258 = AXIS2_PLACEMENT_3D ( 'NONE', #3084, #1849, #1888 ) ;
#7259 =( NAMED_UNIT ( * ) PLANE_ANGLE_UNIT ( ) SI_UNIT ( $, .RADIAN. ) );
#7260 = UNCERTAINTY_MEASURE_WITH_UNIT (LENGTH_MEASURE( 1.000000000000000082E-05 ), #4986, 'distance_accuracy_value', 'NONE');
#7261 = SURFACE_SIDE_STYLE ('',( #7302 ) ) ;
#7262 = CARTESIAN_POINT ( 'NONE',  ( 2.000000537725100003, 1.060000296195650060, 0.1000000000000000056 ) ) ;
#7263 = ORIENTED_EDGE ( 'NONE', *, *, #1125, .F. ) ;
#7264 = CARTESIAN_POINT ( 'NONE',  ( 1.800000537725050309, 1.790000291494139972, 0.1000000000000000056 ) ) ;
#7265 = CARTESIAN_POINT ( 'NONE',  ( 5.377250997806730453E-07, 0.9400002961956489544, 0.1000000000000000056 ) ) ;
#7266 = MECHANICAL_DESIGN_GEOMETRIC_PRESENTATION_REPRESENTATION (  '', ( #4808 ), #4924 ) ;
#7267 = COLOUR_RGB ( '',0.7490196078431372584, 0.7490196078431372584, 0.7490196078431372584 ) ;
#7268 = ADVANCED_FACE ( 'NONE', ( #5295 ), #7689, .F. ) ;
#7269 = LINE ( 'NONE', #4317, #7158 ) ;
#7270 = SURFACE_SIDE_STYLE ('',( #4239 ) ) ;
#7271 = ORIENTED_EDGE ( 'NONE', *, *, #4183, .F. ) ;
#7272 = COLOUR_RGB ( '',0.7490196078431372584, 0.7490196078431372584, 0.7490196078431372584 ) ;
#7273 =( NAMED_UNIT ( * ) PLANE_ANGLE_UNIT ( ) SI_UNIT ( $, .RADIAN. ) );
#7274 = STYLED_ITEM ( 'NONE', ( #1663 ), #4972 ) ;
#7275 = EDGE_LOOP ( 'NONE', ( #7418, #7329, #3172, #3341 ) ) ;
#7276 = CARTESIAN_POINT ( 'NONE',  ( 1.870000537724990197, 1.790000291494149964, 0.1000000000000000056 ) ) ;
#7277 = LINE ( 'NONE', #3136, #7107 ) ;
#7278 = VERTEX_POINT ( 'NONE', #1285 ) ;
#7279 = CARTESIAN_POINT ( 'NONE',  ( 2.000000537725100003, 0.2100003008976049912, 0.000000000000000000 ) ) ;
#7280 = AXIS2_PLACEMENT_3D ( 'NONE', #1544, #6824, #1508 ) ;
#7281 = DIRECTION ( 'NONE',  ( -0.7071067811855307195, 0.7071067811875643150, 0.000000000000000000 ) ) ;
#7282 = ADVANCED_FACE ( 'NONE', ( #3653 ), #4791, .F. ) ;
#7283 = MECHANICAL_DESIGN_GEOMETRIC_PRESENTATION_REPRESENTATION (  '', ( #1959 ), #5452 ) ;
#7284 = DIRECTION ( 'NONE',  ( 0.000000000000000000, 0.000000000000000000, -1.000000000000000000 ) ) ;
#7285 = COLOUR_RGB ( '',0.7921568627450980005, 0.8196078431372548767, 0.9333333333333333481 ) ;
#7286 = DIRECTION ( 'NONE',  ( 0.7071067811860751728, 0.7071067811870199726, 0.000000000000000000 ) ) ;
#7287 = DIRECTION ( 'NONE',  ( 0.000000000000000000, -0.000000000000000000, -1.000000000000000000 ) ) ;
#7288 = CYLINDRICAL_SURFACE ( 'NONE', #3730, 0.1000000000000000472 ) ;
#7289 =( GEOMETRIC_REPRESENTATION_CONTEXT ( 3 ) GLOBAL_UNCERTAINTY_ASSIGNED_CONTEXT ( ( #1881 ) ) GLOBAL_UNIT_ASSIGNED_CONTEXT ( ( #5573, #868, #3739 ) ) REPRESENTATION_CONTEXT ( 'NONE', 'WORKASPACE' ) );
#7290 = LINE ( 'NONE', #4177, #2335 ) ;
#7291 = LINE ( 'NONE', #4501, #5079 ) ;
#7292 = EDGE_LOOP ( 'NONE', ( #6826, #7421, #733, #3497 ) ) ;
#7293 = MECHANICAL_DESIGN_GEOMETRIC_PRESENTATION_REPRESENTATION (  '', ( #4190 ), #3355 ) ;
#7294 = VECTOR ( 'NONE', #6863, 1000.000000000000000 ) ;
#7295 = CARTESIAN_POINT ( 'NONE',  ( 1.000000537725110217, 1.000000296195949989, 0.2030000000000000415 ) ) ;
#7296 = ORIENTED_EDGE ( 'NONE', *, *, #3311, .F. ) ;
#7297 = LINE ( 'NONE', #3193, #2496 ) ;
#7298 =( NAMED_UNIT ( * ) SI_UNIT ( $, .STERADIAN. ) SOLID_ANGLE_UNIT ( ) );
#7299 = EDGE_LOOP ( 'NONE', ( #2049, #721, #5338, #6283 ) ) ;
#7300 = SURFACE_STYLE_FILL_AREA ( #2653 ) ;
#7301 = SURFACE_STYLE_USAGE ( .BOTH. , #6817 ) ;
#7302 = SURFACE_STYLE_FILL_AREA ( #6281 ) ;
#7303 = DIRECTION ( 'NONE',  ( 1.000000000000000000, 0.000000000000000000, 0.000000000000000000 ) ) ;
#7304 = VERTEX_POINT ( 'NONE', #5058 ) ;
#7305 = LINE ( 'NONE', #3782, #2804 ) ;
#7306 = AXIS2_PLACEMENT_3D ( 'NONE', #7621, #5935, #1891 ) ;
#7307 = FILL_AREA_STYLE ('',( #284 ) ) ;
#7308 = DIRECTION ( 'NONE',  ( 1.000000000000000000, 0.000000000000000000, -0.000000000000000000 ) ) ;
#7309 = ORIENTED_EDGE ( 'NONE', *, *, #2161, .F. ) ;
#7310 = CIRCLE ( 'NONE', #6348, 0.1000000000000000194 ) ;
#7311 = CARTESIAN_POINT ( 'NONE',  ( 1.890000537725309959, 0.2100003008976049912, 0.1000000000000000056 ) ) ;
#7312 = ORIENTED_EDGE ( 'NONE', *, *, #7115, .F. ) ;
#7313 = DIRECTION ( 'NONE',  ( 0.000000000000000000, 0.000000000000000000, -1.000000000000000000 ) ) ;
#7314 = ORIENTED_EDGE ( 'NONE', *, *, #3026, .F. ) ;
#7315 = EDGE_CURVE ( 'NONE', #2029, #2541, #6237, .T. ) ;
#7316 = FILL_AREA_STYLE_COLOUR ( '', #7154 ) ;
#7317 = FILL_AREA_STYLE ('',( #1869 ) ) ;
#7318 = LINE ( 'NONE', #6749, #399 ) ;
#7319 = DIRECTION ( 'NONE',  ( 0.000000000000000000, 0.000000000000000000, -1.000000000000000000 ) ) ;
#7320 = LINE ( 'NONE', #3181, #7151 ) ;
#7321 = CARTESIAN_POINT ( 'NONE',  ( 2.000000537725100003, 1.060000296195650060, 0.1000000000000000056 ) ) ;
#7322 = CARTESIAN_POINT ( 'NONE',  ( 1.818786731054929939, 1.000000296246740028, 0.2030000000000000415 ) ) ;
#7323 = ORIENTED_EDGE ( 'NONE', *, *, #6243, .T. ) ;
#7324 = FILL_AREA_STYLE_COLOUR ( '', #4601 ) ;
#7325 = SURFACE_STYLE_USAGE ( .BOTH. , #231 ) ;
#7326 = CARTESIAN_POINT ( 'NONE',  ( 1.000000537725110217, 1.000000296195949989, 0.1000000000000000056 ) ) ;
#7327 = ADVANCED_FACE ( 'NONE', ( #2638 ), #1407, .T. ) ;
#7328 =( NAMED_UNIT ( * ) PLANE_ANGLE_UNIT ( ) SI_UNIT ( $, .RADIAN. ) );
#7329 = ORIENTED_EDGE ( 'NONE', *, *, #250, .T. ) ;
#7330 = CARTESIAN_POINT ( 'NONE',  ( 0.1300005377252090033, 0.4900002914941979926, 0.2030000000000000415 ) ) ;
#7331 = COLOUR_RGB ( '',0.7490196078431372584, 0.7490196078431372584, 0.7490196078431372584 ) ;
#7332 = SURFACE_SIDE_STYLE ('',( #895 ) ) ;
#7333 = ORIENTED_EDGE ( 'NONE', *, *, #1981, .F. ) ;
#7334 = ORIENTED_EDGE ( 'NONE', *, *, #5161, .T. ) ;
#7335 = EDGE_CURVE ( 'NONE', #4478, #2390, #6812, .T. ) ;
#7336 = FILL_AREA_STYLE ('',( #6316 ) ) ;
#7337 =( NAMED_UNIT ( * ) PLANE_ANGLE_UNIT ( ) SI_UNIT ( $, .RADIAN. ) );
#7338 = FACE_OUTER_BOUND ( 'NONE', #668, .T. ) ;
#7339 = LINE ( 'NONE', #4306, #1723 ) ;
#7340 = PRESENTATION_STYLE_ASSIGNMENT (( #939 ) ) ;
#7341 = UNCERTAINTY_MEASURE_WITH_UNIT (LENGTH_MEASURE( 1.000000000000000082E-05 ), #550, 'distance_accuracy_value', 'NONE');
#7342 = PRESENTATION_STYLE_ASSIGNMENT (( #280 ) ) ;
#7343 = ORIENTED_EDGE ( 'NONE', *, *, #3199, .F. ) ;
#7344 = FILL_AREA_STYLE ('',( #324 ) ) ;
#7345 =( LENGTH_UNIT ( ) NAMED_UNIT ( * ) SI_UNIT ( .MILLI., .METRE. ) );
#7346 = SURFACE_STYLE_FILL_AREA ( #3858 ) ;
#7347 = CARTESIAN_POINT ( 'NONE',  ( 1.400000537725190064, 1.850000296195840166, 0.1000000000000000056 ) ) ;
#7348 = DIRECTION ( 'NONE',  ( 0.000000000000000000, 1.000000000000000000, 0.000000000000000000 ) ) ;
#7349 = ORIENTED_EDGE ( 'NONE', *, *, #1654, .F. ) ;
#7350 = VERTEX_POINT ( 'NONE', #6692 ) ;
#7351 = AXIS2_PLACEMENT_3D ( 'NONE', #4869, #5481, #1989 ) ;
#7352 = ADVANCED_FACE ( 'NONE', ( #814 ), #156, .T. ) ;
#7353 = LINE ( 'NONE', #4324, #6449 ) ;
#7354 = ORIENTED_EDGE ( 'NONE', *, *, #7642, .T. ) ;
#7355 = CARTESIAN_POINT ( 'NONE',  ( 1.818786731054929939, 1.790000291494149964, 0.2030000000000000415 ) ) ;
#7356 = DIRECTION ( 'NONE',  ( 0.000000000000000000, 1.000000000000000000, 0.000000000000000000 ) ) ;
#7357 =( GEOMETRIC_REPRESENTATION_CONTEXT ( 3 ) GLOBAL_UNCERTAINTY_ASSIGNED_CONTEXT ( ( #6580 ) ) GLOBAL_UNIT_ASSIGNED_CONTEXT ( ( #3613, #7653, #2270 ) ) REPRESENTATION_CONTEXT ( 'NONE', 'WORKASPACE' ) );
#7358 = DIRECTION ( 'NONE',  ( 0.000000000000000000, 0.000000000000000000, -1.000000000000000000 ) ) ;
#7359 = AXIS2_PLACEMENT_3D ( 'NONE', #3356, #4612, #7519 ) ;
#7360 = ADVANCED_FACE ( 'NONE', ( #4899 ), #7250, .F. ) ;
#7361 = CARTESIAN_POINT ( 'NONE',  ( 1.970000533023268385, 0.9400002961956505088, 0.2030000000000000415 ) ) ;
#7362 = ORIENTED_EDGE ( 'NONE', *, *, #6394, .F. ) ;
#7363 = PRESENTATION_LAYER_ASSIGNMENT (  '', '', ( #6388 ) ) ;
#7364 = FILL_AREA_STYLE ('',( #854 ) ) ;
#7365 = VERTEX_POINT ( 'NONE', #934 ) ;
#7366 =( LENGTH_UNIT ( ) NAMED_UNIT ( * ) SI_UNIT ( .MILLI., .METRE. ) );
#7367 = EDGE_CURVE ( 'NONE', #5206, #7372, #2147, .T. ) ;
#7368 =( LENGTH_UNIT ( ) NAMED_UNIT ( * ) SI_UNIT ( .MILLI., .METRE. ) );
#7369 = CARTESIAN_POINT ( 'NONE',  ( 1.870000537724990197, 1.790000291494149964, 0.1000000000000000056 ) ) ;
#7370 = ORIENTED_EDGE ( 'NONE', *, *, #7103, .T. ) ;
#7371 = CARTESIAN_POINT ( 'NONE',  ( 0.1812143443952660138, 0.3500002962467679835, 0.1000000000000000056 ) ) ;
#7372 = VERTEX_POINT ( 'NONE', #6887 ) ;
#7373 = CARTESIAN_POINT ( 'NONE',  ( 5.377251000027170150E-07, 0.2900002961956720249, 0.1000000000000000056 ) ) ;
#7374 = AXIS2_PLACEMENT_3D ( 'NONE', #6698, #3740, #3160 ) ;
#7375 = DIRECTION ( 'NONE',  ( 0.7071067811870500597, -0.7071067811860450858, 0.000000000000000000 ) ) ;
#7376 = EDGE_CURVE ( 'NONE', #1313, #7691, #4620, .T. ) ;
#7377 = CARTESIAN_POINT ( 'NONE',  ( 0.1100005377248859939, 1.510000300897559988, 0.1000000000000000056 ) ) ;
#7378 =( GEOMETRIC_REPRESENTATION_CONTEXT ( 3 ) GLOBAL_UNCERTAINTY_ASSIGNED_CONTEXT ( ( #2364 ) ) GLOBAL_UNIT_ASSIGNED_CONTEXT ( ( #5751, #5210, #422 ) ) REPRESENTATION_CONTEXT ( 'NONE', 'WORKASPACE' ) );
#7379 =( NAMED_UNIT ( * ) PLANE_ANGLE_UNIT ( ) SI_UNIT ( $, .RADIAN. ) );
#7380 = SURFACE_STYLE_FILL_AREA ( #319 ) ;
#7381 = CARTESIAN_POINT ( 'NONE',  ( 0.1300005377252090033, 1.200000289965710287, 0.1000000000000000056 ) ) ;
#7382 = SURFACE_SIDE_STYLE ('',( #4005 ) ) ;
#7383 =( LENGTH_UNIT ( ) NAMED_UNIT ( * ) SI_UNIT ( .MILLI., .METRE. ) );
#7384 = CLOSED_SHELL ( 'NONE', ( #7268, #1250, #6304, #313, #1052, #4243 ) ) ;
#7385 = ORIENTED_EDGE ( 'NONE', *, *, #4048, .F. ) ;
#7386 = CARTESIAN_POINT ( 'NONE',  ( 1.870000537724990197, 0.4900002914941979926, 0.1000000000000000056 ) ) ;
#7387 = VECTOR ( 'NONE', #5239, 1000.000000000000000 ) ;
#7388 = SURFACE_SIDE_STYLE ('',( #945 ) ) ;
#7389 =( GEOMETRIC_REPRESENTATION_CONTEXT ( 3 ) GLOBAL_UNCERTAINTY_ASSIGNED_CONTEXT ( ( #824 ) ) GLOBAL_UNIT_ASSIGNED_CONTEXT ( ( #520, #4693, #7558 ) ) REPRESENTATION_CONTEXT ( 'NONE', 'WORKASPACE' ) );
#7390 = CARTESIAN_POINT ( 'NONE',  ( 1.690000537725149909, 0.8000003025424580194, 0.1000000000000000056 ) ) ;
#7391 = CARTESIAN_POINT ( 'NONE',  ( 1.970000533023269940, 1.590000296195630103, 0.1000000000000000056 ) ) ;
#7392 = ORIENTED_EDGE ( 'NONE', *, *, #2180, .F. ) ;
#7393 = FACE_OUTER_BOUND ( 'NONE', #5002, .T. ) ;
#7394 = ORIENTED_EDGE ( 'NONE', *, *, #6628, .F. ) ;
#7395 = DIRECTION ( 'NONE',  ( 1.000000000000000000, 0.000000000000000000, 0.000000000000000000 ) ) ;
#7396 = CYLINDRICAL_SURFACE ( 'NONE', #7597, 0.1000000000000000194 ) ;
#7397 = COLOUR_RGB ( '',0.7921568627450980005, 0.8196078431372548767, 0.9333333333333333481 ) ;
#7398 = ORIENTED_EDGE ( 'NONE', *, *, #5261, .F. ) ;
#7399 = AXIS2_PLACEMENT_3D ( 'NONE', #6880, #6231, #2103 ) ;
#7400 = UNCERTAINTY_MEASURE_WITH_UNIT (LENGTH_MEASURE( 1.000000000000000082E-05 ), #5378, 'distance_accuracy_value', 'NONE');
#7401 = DIRECTION ( 'NONE',  ( -1.850371707708519818E-15, -1.000000000000000000, 0.000000000000000000 ) ) ;
#7402 = STYLED_ITEM ( 'NONE', ( #848 ), #5492 ) ;
#7403 = VECTOR ( 'NONE', #2657, 1000.000000000000000 ) ;
#7404 = CARTESIAN_POINT ( 'NONE',  ( 0.1100005377248868682, 1.510000300897560876, 0.2030000000000000415 ) ) ;
#7405 = STYLED_ITEM ( 'NONE', ( #1430 ), #4235 ) ;
#7406 = PRESENTATION_STYLE_ASSIGNMENT (( #5708 ) ) ;
#7407 = PRESENTATION_STYLE_ASSIGNMENT (( #2671 ) ) ;
#7408 = LINE ( 'NONE', #5554, #131 ) ;
#7409 = VECTOR ( 'NONE', #2537, 1000.000000000000000 ) ;
#7410 =( GEOMETRIC_REPRESENTATION_CONTEXT ( 3 ) GLOBAL_UNCERTAINTY_ASSIGNED_CONTEXT ( ( #5201 ) ) GLOBAL_UNIT_ASSIGNED_CONTEXT ( ( #5384, #6593, #682 ) ) REPRESENTATION_CONTEXT ( 'NONE', 'WORKASPACE' ) );
#7411 = STYLED_ITEM ( 'NONE', ( #327 ), #5019 ) ;
#7412 = MECHANICAL_DESIGN_GEOMETRIC_PRESENTATION_REPRESENTATION (  '', ( #3424 ), #1029 ) ;
#7413 = EDGE_CURVE ( 'NONE', #3625, #3662, #1046, .T. ) ;
#7414 = MECHANICAL_DESIGN_GEOMETRIC_PRESENTATION_REPRESENTATION (  '', ( #4069 ), #858 ) ;
#7415 = CARTESIAN_POINT ( 'NONE',  ( 0.4500005377251449779, 2.961959353342540141E-07, 0.1000000000000000056 ) ) ;
#7416 = PRESENTATION_STYLE_ASSIGNMENT (( #3281 ) ) ;
#7417 = AXIS2_PLACEMENT_3D ( 'NONE', #6939, #1623, #6970 ) ;
#7418 = ORIENTED_EDGE ( 'NONE', *, *, #7462, .F. ) ;
#7419 = SURFACE_STYLE_FILL_AREA ( #2109 ) ;
#7420 = STYLED_ITEM ( 'NONE', ( #7527 ), #2866 ) ;
#7421 = ORIENTED_EDGE ( 'NONE', *, *, #5627, .T. ) ;
#7422 = EDGE_CURVE ( 'NONE', #4168, #218, #2725, .T. ) ;
#7423 = MECHANICAL_DESIGN_GEOMETRIC_PRESENTATION_REPRESENTATION (  '', ( #2719 ), #7055 ) ;
#7424 = CARTESIAN_POINT ( 'NONE',  ( 1.284999967722169956, 1.297499701195750088, 0.2283999999999999919 ) ) ;
#7425 = LINE ( 'NONE', #4390, #4233 ) ;
#7426 = FILL_AREA_STYLE ('',( #6279 ) ) ;
#7427 = UNCERTAINTY_MEASURE_WITH_UNIT (LENGTH_MEASURE( 1.000000000000000082E-05 ), #7345, 'distance_accuracy_value', 'NONE');
#7428 = LINE ( 'NONE', #6773, #5342 ) ;
#7429 = VECTOR ( 'NONE', #5007, 1000.000000000000000 ) ;
#7430 = EDGE_LOOP ( 'NONE', ( #5185, #2520, #207, #4259 ) ) ;
#7431 = EDGE_CURVE ( 'NONE', #5216, #1065, #2759, .T. ) ;
#7432 = CARTESIAN_POINT ( 'NONE',  ( 1.818786731054929939, 1.140000291494180029, 0.2030000000000000415 ) ) ;
#7433 = DIRECTION ( 'NONE',  ( 1.000000000000000000, 0.000000000000000000, -0.000000000000000000 ) ) ;
#7434 =( GEOMETRIC_REPRESENTATION_CONTEXT ( 3 ) GLOBAL_UNCERTAINTY_ASSIGNED_CONTEXT ( ( #2210 ) ) GLOBAL_UNIT_ASSIGNED_CONTEXT ( ( #4530, #1598, #7516 ) ) REPRESENTATION_CONTEXT ( 'NONE', 'WORKASPACE' ) );
#7435 = CARTESIAN_POINT ( 'NONE',  ( 1.970000533023269940, 1.060000296195650060, 0.1000000000000000056 ) ) ;
#7436 = VERTEX_POINT ( 'NONE', #978 ) ;
#7437 = MECHANICAL_DESIGN_GEOMETRIC_PRESENTATION_REPRESENTATION (  '', ( #4844 ), #6343 ) ;
#7438 = PRESENTATION_LAYER_ASSIGNMENT (  '', '', ( #4095 ) ) ;
#7439 =( LENGTH_UNIT ( ) NAMED_UNIT ( * ) SI_UNIT ( .MILLI., .METRE. ) );
#7440 = ORIENTED_EDGE ( 'NONE', *, *, #1872, .T. ) ;
#7441 = EDGE_CURVE ( 'NONE', #3477, #2656, #7074, .T. ) ;
#7442 =( NAMED_UNIT ( * ) SI_UNIT ( $, .STERADIAN. ) SOLID_ANGLE_UNIT ( ) );
#7443 = VECTOR ( 'NONE', #5916, 1000.000000000000000 ) ;
#7444 = VECTOR ( 'NONE', #2479, 1000.000000000000000 ) ;
#7445 = CARTESIAN_POINT ( 'NONE',  ( 0.6000005377252359828, 2.000000296195940219, 0.1000000000000000056 ) ) ;
#7446 = ORIENTED_EDGE ( 'NONE', *, *, #1695, .F. ) ;
#7447 = CARTESIAN_POINT ( 'NONE',  ( 1.870000537724990197, 0.8600003008975819485, 0.1000000000000000056 ) ) ;
#7448 = VECTOR ( 'NONE', #7566, 1000.000000000000000 ) ;
#7449 = SURFACE_SIDE_STYLE ('',( #4536 ) ) ;
#7450 = EDGE_LOOP ( 'NONE', ( #2140, #3502, #2167, #3514 ) ) ;
#7451 = DIRECTION ( 'NONE',  ( 0.7071067811860450858, 0.7071067811870500597, 0.000000000000000000 ) ) ;
#7452 = VECTOR ( 'NONE', #229, 1000.000000000000000 ) ;
#7453 = CARTESIAN_POINT ( 'NONE',  ( 1.800000537725050309, 1.790000291494129980, 0.000000000000000000 ) ) ;
#7454 =( NAMED_UNIT ( * ) SI_UNIT ( $, .STERADIAN. ) SOLID_ANGLE_UNIT ( ) );
#7455 = PRESENTATION_STYLE_ASSIGNMENT (( #1533 ) ) ;
#7456 = EDGE_CURVE ( 'NONE', #6989, #3817, #7310, .T. ) ;
#7457 = DIRECTION ( 'NONE',  ( 0.000000000000000000, -1.000000000000000000, 0.000000000000000000 ) ) ;
#7458 = AXIS2_PLACEMENT_3D ( 'NONE', #7495, #3327, #3923 ) ;
#7459 =( NAMED_UNIT ( * ) PLANE_ANGLE_UNIT ( ) SI_UNIT ( $, .RADIAN. ) );
#7460 = AXIS2_PLACEMENT_3D ( 'NONE', #4769, #4277, #4881 ) ;
#7461 = SURFACE_SIDE_STYLE ('',( #5727 ) ) ;
#7462 = EDGE_CURVE ( 'NONE', #3377, #3020, #3998, .T. ) ;
#7463 =( NAMED_UNIT ( * ) PLANE_ANGLE_UNIT ( ) SI_UNIT ( $, .RADIAN. ) );
#7464 = CARTESIAN_POINT ( 'NONE',  ( 1.700000537725049998, 1.040000291494149964, 0.000000000000000000 ) ) ;
#7465 = ORIENTED_EDGE ( 'NONE', *, *, #3909, .F. ) ;
#7466 = SURFACE_STYLE_USAGE ( .BOTH. , #2696 ) ;
#7467 = DIRECTION ( 'NONE',  ( -0.7071067811875509923, 0.7071067811855441532, 0.000000000000000000 ) ) ;
#7468 = FILL_AREA_STYLE ('',( #5491 ) ) ;
#7469 = EDGE_CURVE ( 'NONE', #3696, #247, #3963, .T. ) ;
#7470 = DIRECTION ( 'NONE',  ( -0.000000000000000000, -1.000000000000000000, 0.000000000000000000 ) ) ;
#7471 = EDGE_LOOP ( 'NONE', ( #6358, #1740, #7102, #471 ) ) ;
#7472 = DIRECTION ( 'NONE',  ( -1.000000000000000000, -0.000000000000000000, 0.000000000000000000 ) ) ;
#7473 = ORIENTED_EDGE ( 'NONE', *, *, #3577, .F. ) ;
#7474 = ORIENTED_EDGE ( 'NONE', *, *, #3570, .T. ) ;
#7475 = CARTESIAN_POINT ( 'NONE',  ( 0.6000005377252359828, 0.1500002961959130132, 0.1000000000000000056 ) ) ;
#7476 = UNCERTAINTY_MEASURE_WITH_UNIT (LENGTH_MEASURE( 1.000000000000000082E-05 ), #3704, 'distance_accuracy_value', 'NONE');
#7477 = FILL_AREA_STYLE ('',( #5236 ) ) ;
#7478 = SURFACE_SIDE_STYLE ('',( #5162 ) ) ;
#7479 = ADVANCED_FACE ( 'NONE', ( #6414 ), #6347, .T. ) ;
#7480 = VECTOR ( 'NONE', #1385, 1000.000000000000000 ) ;
#7481 = DIRECTION ( 'NONE',  ( -0.000000000000000000, 1.000000000000000000, 0.000000000000000000 ) ) ;
#7482 = VERTEX_POINT ( 'NONE', #4699 ) ;
#7483 = COLOUR_RGB ( '',0.7490196078431372584, 0.7490196078431372584, 0.7490196078431372584 ) ;
#7484 = SURFACE_SIDE_STYLE ('',( #5784 ) ) ;
#7485 = CARTESIAN_POINT ( 'NONE',  ( 1.400000537725190064, 2.000000296195940219, 0.2030000000000000415 ) ) ;
#7486 = PLANE ( 'NONE',  #3326 ) ;
#7487 =( LENGTH_UNIT ( ) NAMED_UNIT ( * ) SI_UNIT ( .MILLI., .METRE. ) );
#7488 =( GEOMETRIC_REPRESENTATION_CONTEXT ( 3 ) GLOBAL_UNCERTAINTY_ASSIGNED_CONTEXT ( ( #205 ) ) GLOBAL_UNIT_ASSIGNED_CONTEXT ( ( #3655, #6117, #1915 ) ) REPRESENTATION_CONTEXT ( 'NONE', 'WORKASPACE' ) );
#7489 = FILL_AREA_STYLE ('',( #6631 ) ) ;
#7490 = AXIS2_PLACEMENT_3D ( 'NONE', #5495, #1303, #2457 ) ;
#7491 = FILL_AREA_STYLE_COLOUR ( '', #5790 ) ;
#7492 = VERTEX_POINT ( 'NONE', #3531 ) ;
#7493 = DIRECTION ( 'NONE',  ( 0.000000000000000000, 0.000000000000000000, -1.000000000000000000 ) ) ;
#7494 = SURFACE_SIDE_STYLE ('',( #2186 ) ) ;
#7495 = CARTESIAN_POINT ( 'NONE',  ( 1.284999967722169956, 1.297499701195750088, 0.2030000000000000415 ) ) ;
#7496 = FACE_OUTER_BOUND ( 'NONE', #5172, .T. ) ;
#7497 = SURFACE_STYLE_FILL_AREA ( #6355 ) ;
#7498 = CARTESIAN_POINT ( 'NONE',  ( 1.890000537725309959, 0.2100003008976049912, 0.1000000000000000056 ) ) ;
#7499 = AXIS2_PLACEMENT_3D ( 'NONE', #5379, #677, #6589 ) ;
#7500 = ORIENTED_EDGE ( 'NONE', *, *, #2588, .T. ) ;
#7501 =( LENGTH_UNIT ( ) NAMED_UNIT ( * ) SI_UNIT ( .MILLI., .METRE. ) );
#7502 = CARTESIAN_POINT ( 'NONE',  ( 0.7150011077279719851, 0.7025008911961240221, 0.2030000000000000415 ) ) ;
#7503 = COLOUR_RGB ( '',0.7490196078431372584, 0.7490196078431372584, 0.7490196078431372584 ) ;
#7504 = DIRECTION ( 'NONE',  ( -1.000000000000000000, 0.000000000000000000, 0.000000000000000000 ) ) ;
#7505 = SURFACE_STYLE_FILL_AREA ( #4483 ) ;
#7506 = CARTESIAN_POINT ( 'NONE',  ( 1.400000537725190064, 1.850000296195840166, 0.2030000000000000415 ) ) ;
#7507 = EDGE_LOOP ( 'NONE', ( #7385, #1900, #1122, #4585, #6059, #2798 ) ) ;
#7508 = CARTESIAN_POINT ( 'NONE',  ( 1.284999967722169956, 0.7025008911961240221, 0.2283999999999999919 ) ) ;
#7509 = VECTOR ( 'NONE', #4411, 1000.000000000000000 ) ;
#7510 = EDGE_LOOP ( 'NONE', ( #330, #5601, #4429, #7636 ) ) ;
#7511 = VECTOR ( 'NONE', #754, 1000.000000000000000 ) ;
#7512 = EDGE_CURVE ( 'NONE', #7620, #3694, #1132, .T. ) ;
#7513 = SURFACE_STYLE_USAGE ( .BOTH. , #6832 ) ;
#7514 = UNCERTAINTY_MEASURE_WITH_UNIT (LENGTH_MEASURE( 1.000000000000000082E-05 ), #185, 'distance_accuracy_value', 'NONE');
#7515 = PRESENTATION_STYLE_ASSIGNMENT (( #1035 ) ) ;
#7516 =( NAMED_UNIT ( * ) SI_UNIT ( $, .STERADIAN. ) SOLID_ANGLE_UNIT ( ) );
#7517 = PRESENTATION_LAYER_ASSIGNMENT (  '', '', ( #6535 ) ) ;
#7518 =( GEOMETRIC_REPRESENTATION_CONTEXT ( 3 ) GLOBAL_UNCERTAINTY_ASSIGNED_CONTEXT ( ( #666 ) ) GLOBAL_UNIT_ASSIGNED_CONTEXT ( ( #857, #7693, #4712 ) ) REPRESENTATION_CONTEXT ( 'NONE', 'WORKASPACE' ) );
#7519 = DIRECTION ( 'NONE',  ( 1.000000000000000000, 0.000000000000000000, 0.000000000000000000 ) ) ;
#7520 = ADVANCED_FACE ( 'NONE', ( #1760 ), #569, .T. ) ;
#7521 = CARTESIAN_POINT ( 'NONE',  ( 1.818786731054929939, 1.650000296246720177, 0.2030000000000000415 ) ) ;
#7522 = EDGE_CURVE ( 'NONE', #1382, #797, #647, .T. ) ;
#7523 = VECTOR ( 'NONE', #106, 1000.000000000000000 ) ;
#7524 = VECTOR ( 'NONE', #2465, 1000.000000000000000 ) ;
#7525 = LINE ( 'NONE', #3391, #6081 ) ;
#7526 = SURFACE_STYLE_FILL_AREA ( #4698 ) ;
#7527 = PRESENTATION_STYLE_ASSIGNMENT (( #2758 ) ) ;
#7528 = VECTOR ( 'NONE', #5535, 1000.000000000000000 ) ;
#7529 =( GEOMETRIC_REPRESENTATION_CONTEXT ( 3 ) GLOBAL_UNCERTAINTY_ASSIGNED_CONTEXT ( ( #7137 ) ) GLOBAL_UNIT_ASSIGNED_CONTEXT ( ( #5591, #3346, #386 ) ) REPRESENTATION_CONTEXT ( 'NONE', 'WORKASPACE' ) );
#7530 = MECHANICAL_DESIGN_GEOMETRIC_PRESENTATION_REPRESENTATION (  '', ( #3205 ), #837 ) ;
#7531 =( GEOMETRIC_REPRESENTATION_CONTEXT ( 3 ) GLOBAL_UNCERTAINTY_ASSIGNED_CONTEXT ( ( #2439 ) ) GLOBAL_UNIT_ASSIGNED_CONTEXT ( ( #1777, #1190, #10 ) ) REPRESENTATION_CONTEXT ( 'NONE', 'WORKASPACE' ) );
#7532 = VECTOR ( 'NONE', #6444, 1000.000000000000000 ) ;
#7533 = PRESENTATION_STYLE_ASSIGNMENT (( #6850 ) ) ;
#7535 = VECTOR ( 'NONE', #2839, 1000.000000000000000 ) ;
#7534 =( LENGTH_UNIT ( ) NAMED_UNIT ( * ) SI_UNIT ( .MILLI., .METRE. ) );
#7536 = FACE_OUTER_BOUND ( 'NONE', #1102, .T. ) ;
#7537 = CARTESIAN_POINT ( 'NONE',  ( 0.1300005377252090033, 0.8600003008975819485, 0.1000000000000000056 ) ) ;
#7538 =( LENGTH_UNIT ( ) NAMED_UNIT ( * ) SI_UNIT ( .MILLI., .METRE. ) );
#7539 = ORIENTED_EDGE ( 'NONE', *, *, #1462, .T. ) ;
#7540 = VECTOR ( 'NONE', #3372, 1000.000000000000000 ) ;
#7541 = AXIS2_PLACEMENT_3D ( 'NONE', #6762, #5017, #1444 ) ;
#7542 = CARTESIAN_POINT ( 'NONE',  ( 0.1300005377252090033, 1.790000291494149964, 0.1000000000000000056 ) ) ;
#7543 = ORIENTED_EDGE ( 'NONE', *, *, #188, .T. ) ;
#7544 = ORIENTED_EDGE ( 'NONE', *, *, #5441, .T. ) ;
#7545 = FILL_AREA_STYLE_COLOUR ( '', #908 ) ;
#7546 = STYLED_ITEM ( 'NONE', ( #3960 ), #6573 ) ;
#7547 = EDGE_CURVE ( 'NONE', #2593, #5324, #4174, .T. ) ;
#7548 = UNCERTAINTY_MEASURE_WITH_UNIT (LENGTH_MEASURE( 1.000000000000000082E-05 ), #3682, 'distance_accuracy_value', 'NONE');
#7549 = DIRECTION ( 'NONE',  ( 1.000000000000000000, 0.000000000000000000, -0.000000000000000000 ) ) ;
#7550 = DIRECTION ( 'NONE',  ( -0.000000000000000000, 0.000000000000000000, -1.000000000000000000 ) ) ;
#7551 = CARTESIAN_POINT ( 'NONE',  ( 0.03000054242693269910, 1.710000296195629987, 0.1000000000000000056 ) ) ;
#7552 = FILL_AREA_STYLE ('',( #2175 ) ) ;
#7553 = DIRECTION ( 'NONE',  ( -0.000000000000000000, -0.000000000000000000, -1.000000000000000000 ) ) ;
#7554 = ADVANCED_FACE ( 'NONE', ( #7132 ), #2430, .T. ) ;
#7555 = SURFACE_STYLE_USAGE ( .BOTH. , #3354 ) ;
#7556 = CARTESIAN_POINT ( 'NONE',  ( 1.400000537725190064, 1.000000296195949989, 0.2030000000000000415 ) ) ;
#7557 = ORIENTED_EDGE ( 'NONE', *, *, #1071, .F. ) ;
#7558 =( NAMED_UNIT ( * ) SI_UNIT ( $, .STERADIAN. ) SOLID_ANGLE_UNIT ( ) );
#7559 = COLOUR_RGB ( '',0.7490196078431372584, 0.7490196078431372584, 0.7490196078431372584 ) ;
#7560 = PRESENTATION_LAYER_ASSIGNMENT (  '', '', ( #1757 ) ) ;
#7561 = FACE_OUTER_BOUND ( 'NONE', #2376, .T. ) ;
#7562 = SURFACE_SIDE_STYLE ('',( #3496 ) ) ;
#7563 = EDGE_CURVE ( 'NONE', #994, #4156, #691, .T. ) ;
#7564 = ORIENTED_EDGE ( 'NONE', *, *, #3723, .T. ) ;
#7565 = SURFACE_STYLE_FILL_AREA ( #933 ) ;
#7566 = DIRECTION ( 'NONE',  ( 0.000000000000000000, -0.000000000000000000, -1.000000000000000000 ) ) ;
#7567 = AXIS2_PLACEMENT_3D ( 'NONE', #611, #4818, #3643 ) ;
#7568 = VERTEX_POINT ( 'NONE', #5598 ) ;
#7569 =( GEOMETRIC_REPRESENTATION_CONTEXT ( 3 ) GLOBAL_UNCERTAINTY_ASSIGNED_CONTEXT ( ( #730 ) ) GLOBAL_UNIT_ASSIGNED_CONTEXT ( ( #1875, #4745, #2995 ) ) REPRESENTATION_CONTEXT ( 'NONE', 'WORKASPACE' ) );
#7570 = FILL_AREA_STYLE ('',( #2845 ) ) ;
#7571 = ADVANCED_FACE ( 'NONE', ( #7240 ), #7288, .T. ) ;
#7572 = DIRECTION ( 'NONE',  ( -1.000000000000000000, -0.000000000000000000, 0.000000000000000000 ) ) ;
#7573 = DIRECTION ( 'NONE',  ( 1.000000000000000000, 0.000000000000000000, 0.000000000000000000 ) ) ;
#7574 =( NAMED_UNIT ( * ) SI_UNIT ( $, .STERADIAN. ) SOLID_ANGLE_UNIT ( ) );
#7575 = ORIENTED_EDGE ( 'NONE', *, *, #1593, .T. ) ;
#7576 = FILL_AREA_STYLE ('',( #5088 ) ) ;
#7577 = SURFACE_STYLE_FILL_AREA ( #473 ) ;
#7578 = MECHANICAL_DESIGN_GEOMETRIC_PRESENTATION_REPRESENTATION (  '', ( #4220 ), #634 ) ;
#7579 = CYLINDRICAL_SURFACE ( 'NONE', #5950, 0.1000000000000000194 ) ;
#7580 = SURFACE_SIDE_STYLE ('',( #5230 ) ) ;
#7581 = STYLED_ITEM ( 'NONE', ( #2681 ), #2906 ) ;
#7582 = ORIENTED_EDGE ( 'NONE', *, *, #2255, .F. ) ;
#7583 =( GEOMETRIC_REPRESENTATION_CONTEXT ( 3 ) GLOBAL_UNCERTAINTY_ASSIGNED_CONTEXT ( ( #4616 ) ) GLOBAL_UNIT_ASSIGNED_CONTEXT ( ( #589, #4230, #122 ) ) REPRESENTATION_CONTEXT ( 'NONE', 'WORKASPACE' ) );
#7584 = CARTESIAN_POINT ( 'NONE',  ( 1.870000537724990197, 1.510000300897559988, 0.1000000000000000056 ) ) ;
#7585 = ORIENTED_EDGE ( 'NONE', *, *, #6060, .T. ) ;
#7586 = FILL_AREA_STYLE_COLOUR ( '', #6134 ) ;
#7587 = SURFACE_STYLE_FILL_AREA ( #1157 ) ;
#7588 = SURFACE_SIDE_STYLE ('',( #342 ) ) ;
#7589 = DIRECTION ( 'NONE',  ( 0.000000000000000000, 0.000000000000000000, 1.000000000000000000 ) ) ;
#7590 = EDGE_CURVE ( 'NONE', #5658, #4425, #1358, .T. ) ;
#7591 = DIRECTION ( 'NONE',  ( 0.000000000000000000, 1.000000000000000000, 0.000000000000000000 ) ) ;
#7592 = DIRECTION ( 'NONE',  ( -0.000000000000000000, -0.000000000000000000, 1.000000000000000000 ) ) ;
#7593 = ORIENTED_EDGE ( 'NONE', *, *, #1286, .F. ) ;
#7594 = ORIENTED_EDGE ( 'NONE', *, *, #3784, .T. ) ;
#7595 =( NAMED_UNIT ( * ) SI_UNIT ( $, .STERADIAN. ) SOLID_ANGLE_UNIT ( ) );
#7596 = ADVANCED_FACE ( 'NONE', ( #1977 ), #7203, .T. ) ;
#7597 = AXIS2_PLACEMENT_3D ( 'NONE', #2129, #4325, #6785 ) ;
#7598 = DIRECTION ( 'NONE',  ( -1.000000000000000000, -0.000000000000000000, 0.000000000000000000 ) ) ;
#7599 = EDGE_LOOP ( 'NONE', ( #3298, #3737, #5991, #4497 ) ) ;
#7600 =( GEOMETRIC_REPRESENTATION_CONTEXT ( 3 ) GLOBAL_UNCERTAINTY_ASSIGNED_CONTEXT ( ( #6041 ) ) GLOBAL_UNIT_ASSIGNED_CONTEXT ( ( #780, #1409, #6199 ) ) REPRESENTATION_CONTEXT ( 'NONE', 'WORKASPACE' ) );
#7601 = CARTESIAN_POINT ( 'NONE',  ( 1.550000537725050087, 2.961959355562979837E-07, 0.1000000000000000056 ) ) ;
#7602 = EDGE_LOOP ( 'NONE', ( #4319, #90, #5985, #7296 ) ) ;
#7603 =( GEOMETRIC_REPRESENTATION_CONTEXT ( 3 ) GLOBAL_UNCERTAINTY_ASSIGNED_CONTEXT ( ( #1458 ) ) GLOBAL_UNIT_ASSIGNED_CONTEXT ( ( #167, #1813, #6701 ) ) REPRESENTATION_CONTEXT ( 'NONE', 'WORKASPACE' ) );
#7604 = EDGE_CURVE ( 'NONE', #2332, #2108, #5553, .T. ) ;
#7605 = CARTESIAN_POINT ( 'NONE',  ( 0.1300005377252090033, 0.1500003025424800074, 0.1000000000000000056 ) ) ;
#7606 = LINE ( 'NONE', #3036, #2078 ) ;
#7607 = VECTOR ( 'NONE', #3426, 1000.000000000000000 ) ;
#7608 =( LENGTH_UNIT ( ) NAMED_UNIT ( * ) SI_UNIT ( .MILLI., .METRE. ) );
#7609 = LINE ( 'NONE', #502, #4590 ) ;
#7610 = SURFACE_STYLE_USAGE ( .BOTH. , #2891 ) ;
#7611 = ORIENTED_EDGE ( 'NONE', *, *, #3440, .F. ) ;
#7612 = DIRECTION ( 'NONE',  ( 0.7071067811875521025, 0.7071067811855430429, 0.000000000000000000 ) ) ;
#7613 = DIRECTION ( 'NONE',  ( -0.000000000000000000, -1.000000000000000000, 0.000000000000000000 ) ) ;
#7614 = DIRECTION ( 'NONE',  ( 0.000000000000000000, -1.000000000000000000, 0.000000000000000000 ) ) ;
#7615 = EDGE_CURVE ( 'NONE', #6730, #3477, #5636, .T. ) ;
#7616 = VECTOR ( 'NONE', #590, 1000.000000000000000 ) ;
#7617 = CARTESIAN_POINT ( 'NONE',  ( 0.6000005377252359828, 1.850000296195840166, 0.1000000000000000056 ) ) ;
#7618 = VERTEX_POINT ( 'NONE', #2020 ) ;
#7619 =( LENGTH_UNIT ( ) NAMED_UNIT ( * ) SI_UNIT ( .MILLI., .METRE. ) );
#7620 = VERTEX_POINT ( 'NONE', #4252 ) ;
#7621 = CARTESIAN_POINT ( 'NONE',  ( 1.873321717579730095, 0.3500002961959000070, 0.1000000000000000056 ) ) ;
#7622 = ORIENTED_EDGE ( 'NONE', *, *, #6628, .T. ) ;
#7623 = PRESENTATION_LAYER_ASSIGNMENT (  '', '', ( #4654 ) ) ;
#7624 = SURFACE_SIDE_STYLE ('',( #7587 ) ) ;
#7625 =( NAMED_UNIT ( * ) SI_UNIT ( $, .STERADIAN. ) SOLID_ANGLE_UNIT ( ) );
#7626 =( GEOMETRIC_REPRESENTATION_CONTEXT ( 3 ) GLOBAL_UNCERTAINTY_ASSIGNED_CONTEXT ( ( #5333 ) ) GLOBAL_UNIT_ASSIGNED_CONTEXT ( ( #5336, #7106, #1246 ) ) REPRESENTATION_CONTEXT ( 'NONE', 'WORKASPACE' ) );
#7627 = DIRECTION ( 'NONE',  ( -1.000000000000000000, -0.000000000000000000, 0.000000000000000000 ) ) ;
#7628 = ORIENTED_EDGE ( 'NONE', *, *, #1383, .F. ) ;
#7629 = ORIENTED_EDGE ( 'NONE', *, *, #4388, .F. ) ;
#7630 = DIRECTION ( 'NONE',  ( -1.000000000000000000, -0.000000000000000000, 0.000000000000000000 ) ) ;
#7631 = VECTOR ( 'NONE', #1169, 1000.000000000000000 ) ;
#7632 = MANIFOLD_SOLID_BREP ( 'AP7347DQ_3D_16-1-solid1', #7384 ) ;
#7633 = VECTOR ( 'NONE', #3335, 1000.000000000000000 ) ;
#7634 = VECTOR ( 'NONE', #3840, 1000.000000000000000 ) ;
#7635 = DIRECTION ( 'NONE',  ( 0.000000000000000000, 0.000000000000000000, 1.000000000000000000 ) ) ;
#7636 = ORIENTED_EDGE ( 'NONE', *, *, #5919, .F. ) ;
#7637 = SURFACE_STYLE_FILL_AREA ( #2961 ) ;
#7638 = CARTESIAN_POINT ( 'NONE',  ( 2.000000537725100003, 2.000000296195940219, 0.02000000000000000042 ) ) ;
#7639 =( GEOMETRIC_REPRESENTATION_CONTEXT ( 3 ) GLOBAL_UNCERTAINTY_ASSIGNED_CONTEXT ( ( #3905 ) ) GLOBAL_UNIT_ASSIGNED_CONTEXT ( ( #6932, #6382, #3363 ) ) REPRESENTATION_CONTEXT ( 'NONE', 'WORKASPACE' ) );
#7640 = VERTEX_POINT ( 'NONE', #5745 ) ;
#7641 = VECTOR ( 'NONE', #3191, 1000.000000000000000 ) ;
#7642 = EDGE_CURVE ( 'NONE', #7618, #6536, #3797, .T. ) ;
#7643 = FILL_AREA_STYLE_COLOUR ( '', #6847 ) ;
#7644 = UNCERTAINTY_MEASURE_WITH_UNIT (LENGTH_MEASURE( 1.000000000000000082E-05 ), #5222, 'distance_accuracy_value', 'NONE');
#7645 = DIRECTION ( 'NONE',  ( 0.000000000000000000, 0.000000000000000000, 1.000000000000000000 ) ) ;
#7646 = PRESENTATION_STYLE_ASSIGNMENT (( #3581 ) ) ;
#7647 = VECTOR ( 'NONE', #172, 1000.000000000000000 ) ;
#7648 = FILL_AREA_STYLE_COLOUR ( '', #6770 ) ;
#7649 = DIRECTION ( 'NONE',  ( 0.000000000000000000, -1.000000000000000000, 0.000000000000000000 ) ) ;
#7650 = SURFACE_STYLE_FILL_AREA ( #6998 ) ;
#7651 = ORIENTED_EDGE ( 'NONE', *, *, #5975, .F. ) ;
#7652 = ADVANCED_FACE ( 'NONE', ( #2099 ), #452, .T. ) ;
#7653 =( NAMED_UNIT ( * ) PLANE_ANGLE_UNIT ( ) SI_UNIT ( $, .RADIAN. ) );
#7654 = FACE_OUTER_BOUND ( 'NONE', #5062, .T. ) ;
#7655 =( NAMED_UNIT ( * ) PLANE_ANGLE_UNIT ( ) SI_UNIT ( $, .RADIAN. ) );
#7656 = MECHANICAL_DESIGN_GEOMETRIC_PRESENTATION_REPRESENTATION (  '', ( #7420 ), #4940 ) ;
#7657 = CARTESIAN_POINT ( 'NONE',  ( 1.800000537725050309, 0.8600003008976040419, 0.000000000000000000 ) ) ;
#7658 = CARTESIAN_POINT ( 'NONE',  ( 0.7150011077279719851, 1.297499701195750088, 0.2030000000000000415 ) ) ;
#7659 = VECTOR ( 'NONE', #2303, 1000.000000000000000 ) ;
#7660 = STYLED_ITEM ( 'NONE', ( #3725 ), #5253 ) ;
#7661 = ORIENTED_EDGE ( 'NONE', *, *, #2351, .T. ) ;
#7662 = EDGE_CURVE ( 'NONE', #1628, #4710, #2752, .T. ) ;
#7663 = LINE ( 'NONE', #1661, #1578 ) ;
#7664 =( NAMED_UNIT ( * ) SI_UNIT ( $, .STERADIAN. ) SOLID_ANGLE_UNIT ( ) );
#7665 =( NAMED_UNIT ( * ) PLANE_ANGLE_UNIT ( ) SI_UNIT ( $, .RADIAN. ) );
#7666 = MECHANICAL_DESIGN_GEOMETRIC_PRESENTATION_REPRESENTATION (  '', ( #1103 ), #4444 ) ;
#7667 = UNCERTAINTY_MEASURE_WITH_UNIT (LENGTH_MEASURE( 1.000000000000000082E-05 ), #2996, 'distance_accuracy_value', 'NONE');
#7668 = DIRECTION ( 'NONE',  ( -0.000000000000000000, -0.000000000000000000, -1.000000000000000000 ) ) ;
#7669 =( NAMED_UNIT ( * ) SI_UNIT ( $, .STERADIAN. ) SOLID_ANGLE_UNIT ( ) );
#7670 = CARTESIAN_POINT ( 'NONE',  ( 5.377251000113907382E-07, 1.510000300897560210, 0.1000000000000000056 ) ) ;
#7671 = ORIENTED_EDGE ( 'NONE', *, *, #5876, .T. ) ;
#7672 = EDGE_CURVE ( 'NONE', #1921, #6417, #6403, .T. ) ;
#7673 =( GEOMETRIC_REPRESENTATION_CONTEXT ( 3 ) GLOBAL_UNCERTAINTY_ASSIGNED_CONTEXT ( ( #697 ) ) GLOBAL_UNIT_ASSIGNED_CONTEXT ( ( #6843, #1674, #3914 ) ) REPRESENTATION_CONTEXT ( 'NONE', 'WORKASPACE' ) );
#7674 = FILL_AREA_STYLE ('',( #3563 ) ) ;
#7675 = FILL_AREA_STYLE ('',( #4023 ) ) ;
#7676 = ORIENTED_EDGE ( 'NONE', *, *, #5730, .F. ) ;
#7677 = PRESENTATION_STYLE_ASSIGNMENT (( #6523 ) ) ;
#7678 = MECHANICAL_DESIGN_GEOMETRIC_PRESENTATION_REPRESENTATION (  '', ( #7179 ), #737 ) ;
#7679 = CARTESIAN_POINT ( 'NONE',  ( 0.1266793578704640266, 1.650000296195859972, 0.1000000000000000056 ) ) ;
#7680 = VERTEX_POINT ( 'NONE', #3457 ) ;
#7681 = DIRECTION ( 'NONE',  ( -1.000000000000000000, 0.000000000000000000, 0.000000000000000000 ) ) ;
#7682 =( GEOMETRIC_REPRESENTATION_CONTEXT ( 3 ) GLOBAL_UNCERTAINTY_ASSIGNED_CONTEXT ( ( #2050 ) ) GLOBAL_UNIT_ASSIGNED_CONTEXT ( ( #7383, #3741, #869 ) ) REPRESENTATION_CONTEXT ( 'NONE', 'WORKASPACE' ) );
#7683 = EDGE_LOOP ( 'NONE', ( #1898, #462, #1984, #5462 ) ) ;
#7684 = LINE ( 'NONE', #3606, #2819 ) ;
#7685 = VECTOR ( 'NONE', #6563, 1000.000000000000000 ) ;
#7686 = CARTESIAN_POINT ( 'NONE',  ( 5.377251000027170150E-07, 0.4900002914941979926, 0.000000000000000000 ) ) ;
#7687 = PRESENTATION_STYLE_ASSIGNMENT (( #6112 ) ) ;
#7688 = SURFACE_STYLE_USAGE ( .BOTH. , #68 ) ;
#7689 = PLANE ( 'NONE',  #2121 ) ;
#7690 = EDGE_CURVE ( 'NONE', #1698, #7171, #4611, .T. ) ;
#7691 = VERTEX_POINT ( 'NONE', #2785 ) ;
#7692 = DIRECTION ( 'NONE',  ( -0.7071067811855430429, 0.7071067811875521025, 0.000000000000000000 ) ) ;
#7693 =( NAMED_UNIT ( * ) PLANE_ANGLE_UNIT ( ) SI_UNIT ( $, .RADIAN. ) );
ENDSEC;
END-ISO-10303-21;
