ISO-10303-21;
HEADER;
FILE_DESCRIPTION (( 'STEP AP214' ),
    '1' );
FILE_NAME ('AP2301SN-7.STEP',
    '2023-10-19T02:21:36',
    ( '' ),
    ( '' ),
    'SwSTEP 2.0',
    'SolidWorks 2022',
    '' );
FILE_SCHEMA (( 'AUTOMOTIVE_DESIGN' ));
ENDSEC;

DATA;
#1 = DIRECTION ( 'NONE',  ( -1.000000000000000000, -0.000000000000000000, -0.000000000000000000 ) ) ;
#2 = LINE ( 'NONE', #2237, #2367 ) ;
#3 = CARTESIAN_POINT ( 'NONE',  ( -0.6499999999999998002, 0.5250000000000001332, -0.02999999999999999889 ) ) ;
#4 = VERTEX_POINT ( 'NONE', #2849 ) ;
#5 = LINE ( 'NONE', #245, #2912 ) ;
#6 = ORIENTED_EDGE ( 'NONE', *, *, #2128, .T. ) ;
#7 = ADVANCED_FACE ( 'NONE', ( #3122 ), #1599, .T. ) ;
#8 = ORIENTED_EDGE ( 'NONE', *, *, #226, .T. ) ;
#9 = ORIENTED_EDGE ( 'NONE', *, *, #559, .T. ) ;
#10 = CARTESIAN_POINT ( 'NONE',  ( 0.000000000000000000, 0.9700000000000003064, 0.5999999999999999778 ) ) ;
#11 = CARTESIAN_POINT ( 'NONE',  ( 0.9999999999999997780, -0.1249999999999998890, 0.1199999999999999956 ) ) ;
#12 = EDGE_CURVE ( 'NONE', #1478, #2506, #1029, .T. ) ;
#13 = CARTESIAN_POINT ( 'NONE',  ( -0.7699999999999997957, 0.7700000000000002398, 0.5899999999999999689 ) ) ;
#14 = PLANE ( 'NONE',  #1078 ) ;
#15 = PLANE ( 'NONE',  #299 ) ;
#16 = DIRECTION ( 'NONE',  ( 0.000000000000000000, 1.000000000000000000, 0.000000000000000000 ) ) ;
#17 = CARTESIAN_POINT ( 'NONE',  ( -0.9999999999999997780, 0.5250000000000000222, 0.000000000000000000 ) ) ;
#18 = ORIENTED_EDGE ( 'NONE', *, *, #3109, .T. ) ;
#19 =( NAMED_UNIT ( * ) SI_UNIT ( $, .STERADIAN. ) SOLID_ANGLE_UNIT ( ) );
#20 = EDGE_CURVE ( 'NONE', #1282, #1668, #358, .T. ) ;
#21 = ORIENTED_EDGE ( 'NONE', *, *, #1994, .F. ) ;
#22 = VERTEX_POINT ( 'NONE', #1863 ) ;
#23 = CARTESIAN_POINT ( 'NONE',  ( 0.6499999999999995781, 0.7749999999999998002, -0.02999999999999999889 ) ) ;
#24 = CARTESIAN_POINT ( 'NONE',  ( -0.6499999999999998002, 0.7749999999999999112, -0.02999999999999999889 ) ) ;
#25 = EDGE_CURVE ( 'NONE', #290, #431, #785, .T. ) ;
#26 = DIRECTION ( 'NONE',  ( 0.000000000000000000, 0.000000000000000000, -1.000000000000000000 ) ) ;
#27 = CARTESIAN_POINT ( 'NONE',  ( -0.9699999999999998623, 0.9700000000000003064, 0.5999999999999999778 ) ) ;
#28 = CARTESIAN_POINT ( 'NONE',  ( 0.9999999999999997780, -0.5250000000000001332, 0.1199999999999999956 ) ) ;
#29 = EDGE_CURVE ( 'NONE', #2914, #4, #2379, .T. ) ;
#30 = ORIENTED_EDGE ( 'NONE', *, *, #1690, .F. ) ;
#31 = LINE ( 'NONE', #334, #709 ) ;
#32 = DIRECTION ( 'NONE',  ( -1.000000000000000000, -3.097720492815726673E-16, 0.000000000000000000 ) ) ;
#33 = ORIENTED_EDGE ( 'NONE', *, *, #886, .F. ) ;
#34 = DIRECTION ( 'NONE',  ( -1.000000000000000000, -3.097720492815726673E-16, -0.000000000000000000 ) ) ;
#35 = EDGE_CURVE ( 'NONE', #1479, #2008, #1846, .T. ) ;
#36 = UNCERTAINTY_MEASURE_WITH_UNIT (LENGTH_MEASURE( 1.000000000000000082E-05 ), #2388, 'distance_accuracy_value', 'NONE');
#37 = EDGE_CURVE ( 'NONE', #2931, #126, #55, .T. ) ;
#38 = AXIS2_PLACEMENT_3D ( 'NONE', #3242, #2014, #2993 ) ;
#39 = AXIS2_PLACEMENT_3D ( 'NONE', #1229, #3246, #2018 ) ;
#40 = EDGE_LOOP ( 'NONE', ( #583, #1507, #2365, #2613 ) ) ;
#41 = AXIS2_PLACEMENT_3D ( 'NONE', #641, #672, #2973 ) ;
#42 = ORIENTED_EDGE ( 'NONE', *, *, #1002, .F. ) ;
#43 = DIRECTION ( 'NONE',  ( -1.000000000000000000, 0.000000000000000000, 0.000000000000000000 ) ) ;
#44 = VECTOR ( 'NONE', #968, 1000.000000000000000 ) ;
#45 = AXIS2_PLACEMENT_3D ( 'NONE', #468, #1486, #2564 ) ;
#46 = CIRCLE ( 'NONE', #1889, 0.07499999999999998335 ) ;
#47 = DIRECTION ( 'NONE',  ( -0.000000000000000000, -0.000000000000000000, 1.000000000000000000 ) ) ;
#48 = AXIS2_PLACEMENT_3D ( 'NONE', #2969, #2984, #697 ) ;
#49 = LINE ( 'NONE', #2549, #2905 ) ;
#50 = CARTESIAN_POINT ( 'NONE',  ( -0.9999999999999997780, 0.1250000000000000000, 0.1199999999999999956 ) ) ;
#51 = EDGE_CURVE ( 'NONE', #267, #1487, #1573, .T. ) ;
#52 = FACE_BOUND ( 'NONE', #3126, .T. ) ;
#53 = FACE_OUTER_BOUND ( 'NONE', #866, .T. ) ;
#54 = ORIENTED_EDGE ( 'NONE', *, *, #440, .T. ) ;
#55 = LINE ( 'NONE', #539, #1870 ) ;
#56 = ORIENTED_EDGE ( 'NONE', *, *, #687, .F. ) ;
#57 = ORIENTED_EDGE ( 'NONE', *, *, #2166, .F. ) ;
#58 = ADVANCED_FACE ( 'NONE', ( #2332 ), #2075, .T. ) ;
#59 = DIRECTION ( 'NONE',  ( -0.000000000000000000, -0.000000000000000000, 1.000000000000000000 ) ) ;
#60 = EDGE_CURVE ( 'NONE', #2420, #2667, #3191, .T. ) ;
#61 = LINE ( 'NONE', #3133, #2899 ) ;
#62 = FACE_OUTER_BOUND ( 'NONE', #1704, .T. ) ;
#63 = EDGE_LOOP ( 'NONE', ( #3087, #1392, #993, #3235 ) ) ;
#64 = EDGE_CURVE ( 'NONE', #1334, #477, #1608, .T. ) ;
#65 = ORIENTED_EDGE ( 'NONE', *, *, #1527, .F. ) ;
#66 = CARTESIAN_POINT ( 'NONE',  ( -0.4299999999999998268, 0.2000000000000004274, -0.02999999999999999889 ) ) ;
#67 = UNCERTAINTY_MEASURE_WITH_UNIT (LENGTH_MEASURE( 1.000000000000000082E-05 ), #854, 'distance_accuracy_value', 'NONE');
#68 = EDGE_CURVE ( 'NONE', #2699, #561, #1149, .T. ) ;
#69 = EDGE_LOOP ( 'NONE', ( #3136, #1917, #174, #1885, #1554, #1588, #1721, #2073, #3194, #2176, #1341, #9, #1623, #2705, #2673, #2720 ) ) ;
#70 = ORIENTED_EDGE ( 'NONE', *, *, #29, .F. ) ;
#71 = SURFACE_SIDE_STYLE ('',( #301 ) ) ;
#72 = DIRECTION ( 'NONE',  ( 0.000000000000000000, 1.000000000000000000, 0.000000000000000000 ) ) ;
#73 = CARTESIAN_POINT ( 'NONE',  ( 0.9700000000000001954, 0.9700000000000003064, 0.5699999999999999512 ) ) ;
#74 = CARTESIAN_POINT ( 'NONE',  ( 0.9999999999999997780, 0.5250000000000000222, -0.02999999999999999889 ) ) ;
#75 = ORIENTED_EDGE ( 'NONE', *, *, #1082, .T. ) ;
#76 = ORIENTED_EDGE ( 'NONE', *, *, #464, .T. ) ;
#77 = CARTESIAN_POINT ( 'NONE',  ( -0.6499999999999998002, -0.1249999999999997918, -0.02999999999999999889 ) ) ;
#78 = VECTOR ( 'NONE', #1080, 1000.000000000000000 ) ;
#79 = EDGE_LOOP ( 'NONE', ( #164, #1530, #2518, #2928, #909, #2773, #757, #1413, #3036, #229, #1221, #2584, #3106, #1933 ) ) ;
#80 = ORIENTED_EDGE ( 'NONE', *, *, #2764, .T. ) ;
#81 = EDGE_CURVE ( 'NONE', #3160, #1668, #1900, .T. ) ;
#82 = ORIENTED_EDGE ( 'NONE', *, *, #2247, .F. ) ;
#83 = VECTOR ( 'NONE', #2511, 1000.000000000000000 ) ;
#84 = AXIS2_PLACEMENT_3D ( 'NONE', #1480, #1189, #2211 ) ;
#85 = SURFACE_STYLE_USAGE ( .BOTH. , #71 ) ;
#86 = DIRECTION ( 'NONE',  ( -0.000000000000000000, -0.000000000000000000, 1.000000000000000000 ) ) ;
#87 = VECTOR ( 'NONE', #2794, 1000.000000000000000 ) ;
#88 = AXIS2_PLACEMENT_3D ( 'NONE', #881, #1414, #2712 ) ;
#89 = CARTESIAN_POINT ( 'NONE',  ( -0.9999999999999997780, -0.5250000000000000222, -0.02999999999999999889 ) ) ;
#90 = AXIS2_PLACEMENT_3D ( 'NONE', #644, #2620, #1656 ) ;
#91 = VECTOR ( 'NONE', #284, 1000.000000000000000 ) ;
#92 = EDGE_CURVE ( 'NONE', #1025, #1492, #1929, .T. ) ;
#93 = ORIENTED_EDGE ( 'NONE', *, *, #766, .T. ) ;
#94 = LINE ( 'NONE', #782, #344 ) ;
#95 = EDGE_LOOP ( 'NONE', ( #1975, #241, #2360, #471 ) ) ;
#96 = VECTOR ( 'NONE', #3165, 1000.000000000000000 ) ;
#97 = ORIENTED_EDGE ( 'NONE', *, *, #1690, .T. ) ;
#98 = FILL_AREA_STYLE ('',( #1150 ) ) ;
#99 = VERTEX_POINT ( 'NONE', #1181 ) ;
#100 = EDGE_LOOP ( 'NONE', ( #970, #1910, #263, #1526 ) ) ;
#101 = SURFACE_SIDE_STYLE ('',( #2669 ) ) ;
#102 = FACE_OUTER_BOUND ( 'NONE', #1794, .T. ) ;
#103 = DIRECTION ( 'NONE',  ( 1.000000000000000000, -0.000000000000000000, -0.000000000000000000 ) ) ;
#104 = ORIENTED_EDGE ( 'NONE', *, *, #1904, .T. ) ;
#105 = CARTESIAN_POINT ( 'NONE',  ( -0.4299999999999998823, 0.2000000000000004274, 0.01000000000000000021 ) ) ;
#106 = ORIENTED_EDGE ( 'NONE', *, *, #2123, .F. ) ;
#107 = PLANE ( 'NONE',  #88 ) ;
#108 = ORIENTED_EDGE ( 'NONE', *, *, #627, .T. ) ;
#109 = DIRECTION ( 'NONE',  ( -0.000000000000000000, -0.000000000000000000, 1.000000000000000000 ) ) ;
#110 = PLANE ( 'NONE',  #3270 ) ;
#111 = CARTESIAN_POINT ( 'NONE',  ( 0.3550000000000000933, -0.7000000000000001776, 0.01000000000000000021 ) ) ;
#112 = ORIENTED_EDGE ( 'NONE', *, *, #1055, .T. ) ;
#113 = PRODUCT_RELATED_PRODUCT_CATEGORY ( 'part', '', ( #2466 ) ) ;
#114 =( LENGTH_UNIT ( ) NAMED_UNIT ( * ) SI_UNIT ( .MILLI., .METRE. ) );
#115 = CARTESIAN_POINT ( 'NONE',  ( -0.3549999999999993716, 0.7749999999999999112, 0.000000000000000000 ) ) ;
#116 = DIRECTION ( 'NONE',  ( -0.000000000000000000, -0.000000000000000000, 1.000000000000000000 ) ) ;
#117 = DIRECTION ( 'NONE',  ( 1.000000000000000000, 0.000000000000000000, 0.000000000000000000 ) ) ;
#118 = ORIENTED_EDGE ( 'NONE', *, *, #2150, .T. ) ;
#119 = EDGE_CURVE ( 'NONE', #3202, #476, #1344, .T. ) ;
#120 = CARTESIAN_POINT ( 'NONE',  ( 0.3550000000000000933, -0.7000000000000001776, 0.01000000000000000021 ) ) ;
#121 = ORIENTED_EDGE ( 'NONE', *, *, #354, .F. ) ;
#122 = DIRECTION ( 'NONE',  ( -0.000000000000000000, 1.000000000000000000, -0.000000000000000000 ) ) ;
#123 = DIRECTION ( 'NONE',  ( 1.000000000000000000, 0.000000000000000000, 0.000000000000000000 ) ) ;
#124 = CARTESIAN_POINT ( 'NONE',  ( 0.9999999999999997780, -0.5250000000000001332, 0.1199999999999999956 ) ) ;
#125 = EDGE_LOOP ( 'NONE', ( #1509, #2870, #1740, #321 ) ) ;
#126 = VERTEX_POINT ( 'NONE', #935 ) ;
#127 = ADVANCED_FACE ( 'NONE', ( #898 ), #3220, .F. ) ;
#128 = AXIS2_PLACEMENT_3D ( 'NONE', #2600, #1698, #639 ) ;
#129 = VECTOR ( 'NONE', #3285, 1000.000000000000000 ) ;
#130 = CARTESIAN_POINT ( 'NONE',  ( -0.9699999999999998623, 0.9700000000000001954, 0.000000000000000000 ) ) ;
#131 = DIRECTION ( 'NONE',  ( -1.000000000000000000, 0.000000000000000000, 0.000000000000000000 ) ) ;
#132 = DIRECTION ( 'NONE',  ( -0.000000000000000000, -0.000000000000000000, 1.000000000000000000 ) ) ;
#133 = AXIS2_PLACEMENT_3D ( 'NONE', #719, #194, #2782 ) ;
#134 = VECTOR ( 'NONE', #2049, 1000.000000000000000 ) ;
#135 = SURFACE_STYLE_FILL_AREA ( #2608 ) ;
#136 = AXIS2_PLACEMENT_3D ( 'NONE', #257, #2859, #2563 ) ;
#137 = EDGE_LOOP ( 'NONE', ( #1992, #1556, #829, #2977 ) ) ;
#138 = DIRECTION ( 'NONE',  ( -0.000000000000000000, -0.000000000000000000, -1.000000000000000000 ) ) ;
#139 = AXIS2_PLACEMENT_3D ( 'NONE', #2191, #1204, #3205 ) ;
#140 = ORIENTED_EDGE ( 'NONE', *, *, #750, .F. ) ;
#141 = PLANE ( 'NONE',  #197 ) ;
#142 = AXIS2_PLACEMENT_3D ( 'NONE', #479, #1940, #975 ) ;
#143 = CIRCLE ( 'NONE', #1201, 0.07499999999999998335 ) ;
#144 = ORIENTED_EDGE ( 'NONE', *, *, #839, .T. ) ;
#145 = DIRECTION ( 'NONE',  ( -0.000000000000000000, -1.000000000000000000, -0.000000000000000000 ) ) ;
#146 = LINE ( 'NONE', #1418, #1133 ) ;
#147 = DIRECTION ( 'NONE',  ( 0.000000000000000000, 0.000000000000000000, 1.000000000000000000 ) ) ;
#148 = AXIS2_PLACEMENT_3D ( 'NONE', #998, #1776, #3029 ) ;
#149 = VECTOR ( 'NONE', #2133, 1000.000000000000000 ) ;
#150 = ADVANCED_FACE ( 'NONE', ( #2410 ), #419, .F. ) ;
#151 = ORIENTED_EDGE ( 'NONE', *, *, #1796, .T. ) ;
#152 = ORIENTED_EDGE ( 'NONE', *, *, #474, .T. ) ;
#153 = DIRECTION ( 'NONE',  ( 1.000000000000000000, -0.000000000000000000, 0.000000000000000000 ) ) ;
#154 = DIRECTION ( 'NONE',  ( -1.000000000000000000, -3.097720492815726673E-16, 0.000000000000000000 ) ) ;
#155 = DIRECTION ( 'NONE',  ( 0.000000000000000000, -0.000000000000000000, -1.000000000000000000 ) ) ;
#156 = CARTESIAN_POINT ( 'NONE',  ( 0.9700000000000001954, 0.9700000000000003064, 0.5999999999999999778 ) ) ;
#157 = ORIENTED_EDGE ( 'NONE', *, *, #2703, .F. ) ;
#158 = ORIENTED_EDGE ( 'NONE', *, *, #2318, .F. ) ;
#159 = FACE_OUTER_BOUND ( 'NONE', #100, .T. ) ;
#160 = SURFACE_STYLE_USAGE ( .BOTH. , #2955 ) ;
#161 = CARTESIAN_POINT ( 'NONE',  ( 0.9999999999999997780, -0.7749999999999999112, 0.1199999999999999956 ) ) ;
#162 = ORIENTED_EDGE ( 'NONE', *, *, #1856, .T. ) ;
#163 = EDGE_CURVE ( 'NONE', #2799, #2376, #1913, .T. ) ;
#164 = ORIENTED_EDGE ( 'NONE', *, *, #594, .F. ) ;
#165 = APPLICATION_CONTEXT ( 'automotive_design' ) ;
#166 =( NAMED_UNIT ( * ) PLANE_ANGLE_UNIT ( ) SI_UNIT ( $, .RADIAN. ) );
#167 = CARTESIAN_POINT ( 'NONE',  ( -0.4299999999999998823, -0.7000000000000001776, -0.02999999999999999889 ) ) ;
#168 = CARTESIAN_POINT ( 'NONE',  ( -0.9999999999999997780, -0.7749999999999999112, 0.1200000000949330570 ) ) ;
#169 = CARTESIAN_POINT ( 'NONE',  ( -0.6499999999999998002, -0.5250000000000000222, 0.1199999999999999956 ) ) ;
#170 = DIRECTION ( 'NONE',  ( -0.000000000000000000, -0.000000000000000000, -1.000000000000000000 ) ) ;
#171 = EDGE_CURVE ( 'NONE', #2458, #2699, #433, .T. ) ;
#172 = ORIENTED_EDGE ( 'NONE', *, *, #2055, .F. ) ;
#173 = PLANE ( 'NONE',  #2862 ) ;
#174 = ORIENTED_EDGE ( 'NONE', *, *, #3248, .T. ) ;
#175 = CARTESIAN_POINT ( 'NONE',  ( 0.6499999999999995781, -0.1249999999999998890, 0.1199999999999999956 ) ) ;
#176 = LINE ( 'NONE', #3021, #992 ) ;
#177 = EDGE_CURVE ( 'NONE', #912, #2774, #2462, .T. ) ;
#178 = DIRECTION ( 'NONE',  ( 0.000000000000000000, 0.000000000000000000, -1.000000000000000000 ) ) ;
#179 = CARTESIAN_POINT ( 'NONE',  ( -0.9999999999999997780, 0.1250000000000000000, 0.1199999999999999956 ) ) ;
#180 = ADVANCED_FACE ( 'NONE', ( #1202 ), #1879, .T. ) ;
#181 = DIRECTION ( 'NONE',  ( 0.000000000000000000, -1.000000000000000000, 0.000000000000000000 ) ) ;
#182 = VECTOR ( 'NONE', #1267, 1000.000000000000000 ) ;
#183 = DIRECTION ( 'NONE',  ( 1.000000000000000000, 0.000000000000000000, 0.000000000000000000 ) ) ;
#184 = CIRCLE ( 'NONE', #1825, 0.02999999999999997113 ) ;
#185 = LINE ( 'NONE', #2144, #1090 ) ;
#186 = LINE ( 'NONE', #1999, #3161 ) ;
#187 = FACE_OUTER_BOUND ( 'NONE', #2737, .T. ) ;
#188 = ORIENTED_EDGE ( 'NONE', *, *, #899, .T. ) ;
#189 = CARTESIAN_POINT ( 'NONE',  ( -0.9999999999999997780, 0.7750000000000000222, 0.1199999999999999956 ) ) ;
#190 = AXIS2_PLACEMENT_3D ( 'NONE', #2642, #2096, #1584 ) ;
#191 = VECTOR ( 'NONE', #3031, 1000.000000000000000 ) ;
#192 = VECTOR ( 'NONE', #47, 1000.000000000000000 ) ;
#193 = CARTESIAN_POINT ( 'NONE',  ( -0.6499999999999998002, 0.1249999999999998890, 0.01000000000000000021 ) ) ;
#194 = DIRECTION ( 'NONE',  ( 0.000000000000000000, 0.000000000000000000, -1.000000000000000000 ) ) ;
#195 = CARTESIAN_POINT ( 'NONE',  ( 0.6499999999999995781, 0.7749999999999998002, 0.1199999999999999956 ) ) ;
#196 = VECTOR ( 'NONE', #2964, 1000.000000000000000 ) ;
#197 = AXIS2_PLACEMENT_3D ( 'NONE', #2393, #2148, #1911 ) ;
#198 = CARTESIAN_POINT ( 'NONE',  ( 0.9700000000000001954, 1.000000000000000222, 0.000000000000000000 ) ) ;
#199 = ORIENTED_EDGE ( 'NONE', *, *, #3048, .T. ) ;
#200 = DIRECTION ( 'NONE',  ( -0.000000000000000000, -0.000000000000000000, -1.000000000000000000 ) ) ;
#201 = CARTESIAN_POINT ( 'NONE',  ( -0.6499999999999998002, -0.5250000000000000222, 0.1199999999812462192 ) ) ;
#202 = LINE ( 'NONE', #1943, #2060 ) ;
#203 = DIRECTION ( 'NONE',  ( -1.000000000000000000, 0.000000000000000000, 0.000000000000000000 ) ) ;
#204 = DIRECTION ( 'NONE',  ( -0.000000000000000000, -0.000000000000000000, 1.000000000000000000 ) ) ;
#205 = ORIENTED_EDGE ( 'NONE', *, *, #2137, .F. ) ;
#206 = CARTESIAN_POINT ( 'NONE',  ( 0.9999999999999997780, -0.5250000000000001332, 0.1199999999999999956 ) ) ;
#207 = VERTEX_POINT ( 'NONE', #3174 ) ;
#208 = DIRECTION ( 'NONE',  ( 1.000000000000000000, -0.000000000000000000, -0.000000000000000000 ) ) ;
#209 = CARTESIAN_POINT ( 'NONE',  ( -0.5050000000000003375, -0.1249999999999997918, 0.01000000000000000021 ) ) ;
#210 = VERTEX_POINT ( 'NONE', #2426 ) ;
#211 = DIRECTION ( 'NONE',  ( -1.000000000000000000, 0.000000000000000000, 0.000000000000000000 ) ) ;
#212 = VERTEX_POINT ( 'NONE', #3152 ) ;
#213 = ORIENTED_EDGE ( 'NONE', *, *, #3044, .T. ) ;
#214 = DIRECTION ( 'NONE',  ( -1.000000000000000000, 0.000000000000000000, 0.000000000000000000 ) ) ;
#215 = CARTESIAN_POINT ( 'NONE',  ( 0.9999999999999997780, -0.7749999999999999112, 0.1199999999999999956 ) ) ;
#216 = EDGE_CURVE ( 'NONE', #2482, #2649, #1662, .T. ) ;
#217 =( LENGTH_UNIT ( ) NAMED_UNIT ( * ) SI_UNIT ( .MILLI., .METRE. ) );
#218 = DIRECTION ( 'NONE',  ( 0.000000000000000000, 0.000000000000000000, -1.000000000000000000 ) ) ;
#219 = CYLINDRICAL_SURFACE ( 'NONE', #3166, 0.07499999999999998335 ) ;
#220 = FACE_OUTER_BOUND ( 'NONE', #1008, .T. ) ;
#221 = EDGE_CURVE ( 'NONE', #1198, #2504, #2942, .T. ) ;
#222 = FACE_OUTER_BOUND ( 'NONE', #455, .T. ) ;
#223 = CARTESIAN_POINT ( 'NONE',  ( 0.9700000000000003064, -0.9699999999999998623, 0.5999999999999999778 ) ) ;
#224 = ORIENTED_EDGE ( 'NONE', *, *, #1726, .F. ) ;
#225 = CARTESIAN_POINT ( 'NONE',  ( -0.9999999999999997780, 0.1250000000000000000, -0.02999999999999999889 ) ) ;
#226 = EDGE_CURVE ( 'NONE', #3241, #277, #1126, .T. ) ;
#227 = UNCERTAINTY_MEASURE_WITH_UNIT (LENGTH_MEASURE( 1.000000000000000082E-05 ), #2319, 'distance_accuracy_value', 'NONE');
#228 = EDGE_CURVE ( 'NONE', #3185, #251, #2929, .T. ) ;
#229 = ORIENTED_EDGE ( 'NONE', *, *, #3109, .F. ) ;
#230 = ORIENTED_EDGE ( 'NONE', *, *, #266, .T. ) ;
#231 = LINE ( 'NONE', #494, #3004 ) ;
#232 = DIRECTION ( 'NONE',  ( 0.000000000000000000, 1.000000000000000000, -0.000000000000000000 ) ) ;
#233 = DIRECTION ( 'NONE',  ( 1.000000000000000000, -0.000000000000000000, -0.000000000000000000 ) ) ;
#234 = LINE ( 'NONE', #1245, #129 ) ;
#235 = CARTESIAN_POINT ( 'NONE',  ( 1.000000000000000222, -0.9699999999999998623, 0.5999999999999999778 ) ) ;
#236 = CYLINDRICAL_SURFACE ( 'NONE', #2486, 0.07499999999999998335 ) ;
#237 = AXIS2_PLACEMENT_3D ( 'NONE', #2715, #2678, #1449 ) ;
#238 = DIRECTION ( 'NONE',  ( 0.000000000000000000, -1.000000000000000000, 0.000000000000000000 ) ) ;
#239 = VECTOR ( 'NONE', #2858, 1000.000000000000000 ) ;
#240 = DIRECTION ( 'NONE',  ( 1.000000000000000000, 0.000000000000000000, 0.000000000000000000 ) ) ;
#241 = ORIENTED_EDGE ( 'NONE', *, *, #380, .T. ) ;
#242 = ADVANCED_FACE ( 'NONE', ( #159 ), #1166, .F. ) ;
#243 = AXIS2_PLACEMENT_3D ( 'NONE', #2530, #985, #1004 ) ;
#244 = VECTOR ( 'NONE', #181, 1000.000000000000000 ) ;
#245 = CARTESIAN_POINT ( 'NONE',  ( -0.9999999999999997780, 0.5250000000000000222, 0.1199999999999999956 ) ) ;
#246 = ORIENTED_EDGE ( 'NONE', *, *, #677, .F. ) ;
#247 = CIRCLE ( 'NONE', #39, 0.02999999999999997113 ) ;
#248 = VECTOR ( 'NONE', #2558, 1000.000000000000000 ) ;
#249 = VECTOR ( 'NONE', #825, 1000.000000000000000 ) ;
#250 = EDGE_LOOP ( 'NONE', ( #1570, #2449, #1976, #2024 ) ) ;
#251 = VERTEX_POINT ( 'NONE', #767 ) ;
#252 = PLANE ( 'NONE',  #3271 ) ;
#253 = FACE_OUTER_BOUND ( 'NONE', #1207, .T. ) ;
#254 = STYLED_ITEM ( 'NONE', ( #1561 ), #1284 ) ;
#255 = CARTESIAN_POINT ( 'NONE',  ( 0.9700000000000003064, 0.9700000000000003064, 0.5699999999999999512 ) ) ;
#256 = DIRECTION ( 'NONE',  ( 0.000000000000000000, -1.000000000000000000, 0.000000000000000000 ) ) ;
#257 = CARTESIAN_POINT ( 'NONE',  ( 0.9999999999999997780, -0.1249999999999998890, -0.02999999999999999889 ) ) ;
#258 = DIRECTION ( 'NONE',  ( 0.000000000000000000, -1.000000000000000000, 0.000000000000000000 ) ) ;
#259 = ORIENTED_EDGE ( 'NONE', *, *, #2302, .F. ) ;
#260 = DIRECTION ( 'NONE',  ( -0.000000000000000000, -0.000000000000000000, -1.000000000000000000 ) ) ;
#261 = DIRECTION ( 'NONE',  ( -1.000000000000000000, -0.000000000000000000, -0.000000000000000000 ) ) ;
#262 = EDGE_LOOP ( 'NONE', ( #8, #2883, #2219, #2785 ) ) ;
#263 = ORIENTED_EDGE ( 'NONE', *, *, #2863, .F. ) ;
#264 = EDGE_CURVE ( 'NONE', #2266, #2931, #2, .T. ) ;
#265 = EDGE_LOOP ( 'NONE', ( #2919, #2968, #1912, #1420 ) ) ;
#266 = EDGE_CURVE ( 'NONE', #2787, #1475, #3020, .T. ) ;
#267 = VERTEX_POINT ( 'NONE', #951 ) ;
#268 = CARTESIAN_POINT ( 'NONE',  ( 0.9999999999999997780, 0.7749999999999998002, 0.1200000000949330570 ) ) ;
#269 = LINE ( 'NONE', #11, #1835 ) ;
#270 = CARTESIAN_POINT ( 'NONE',  ( -0.6699999999999997069, 0.7700000000000002398, 0.5999999999999999778 ) ) ;
#271 = LINE ( 'NONE', #1292, #346 ) ;
#272 = DIRECTION ( 'NONE',  ( 0.000000000000000000, 0.000000000000000000, -1.000000000000000000 ) ) ;
#273 = LINE ( 'NONE', #2341, #2215 ) ;
#274 = ADVANCED_FACE ( 'NONE', ( #222 ), #2565, .F. ) ;
#275 = CARTESIAN_POINT ( 'NONE',  ( -0.6499999999999998002, -0.5250000000000000222, -0.02999999999999999889 ) ) ;
#276 = DIRECTION ( 'NONE',  ( -1.000000000000000000, 0.000000000000000000, -0.000000000000000000 ) ) ;
#277 = VERTEX_POINT ( 'NONE', #1003 ) ;
#278 = EDGE_CURVE ( 'NONE', #2008, #2983, #2499, .T. ) ;
#279 = DIRECTION ( 'NONE',  ( -0.000000000000000000, -0.000000000000000000, -1.000000000000000000 ) ) ;
#280 = EDGE_LOOP ( 'NONE', ( #369, #1428, #2501, #1273 ) ) ;
#281 = ORIENTED_EDGE ( 'NONE', *, *, #603, .T. ) ;
#282 = DIRECTION ( 'NONE',  ( -0.000000000000000000, -0.000000000000000000, 1.000000000000000000 ) ) ;
#283 = EDGE_CURVE ( 'NONE', #511, #99, #3249, .T. ) ;
#284 = DIRECTION ( 'NONE',  ( 0.000000000000000000, 1.000000000000000000, 0.000000000000000000 ) ) ;
#285 = CARTESIAN_POINT ( 'NONE',  ( -0.6499999999999998002, 0.1249999999999998890, 0.1199999999999999956 ) ) ;
#286 = LINE ( 'NONE', #1053, #3007 ) ;
#287 = ORIENTED_EDGE ( 'NONE', *, *, #2863, .T. ) ;
#288 = VECTOR ( 'NONE', #2445, 1000.000000000000000 ) ;
#289 = VECTOR ( 'NONE', #1342, 1000.000000000000000 ) ;
#290 = VERTEX_POINT ( 'NONE', #1767 ) ;
#291 = LINE ( 'NONE', #2871, #1467 ) ;
#292 = STYLED_ITEM ( 'NONE', ( #1422 ), #916 ) ;
#293 = EDGE_CURVE ( 'NONE', #3024, #431, #2797, .T. ) ;
#294 = AXIS2_PLACEMENT_3D ( 'NONE', #1500, #1745, #3234 ) ;
#295 = AXIS2_PLACEMENT_3D ( 'NONE', #1970, #900, #408 ) ;
#296 = ORIENTED_EDGE ( 'NONE', *, *, #3037, .F. ) ;
#297 = LINE ( 'NONE', #2897, #248 ) ;
#298 = VECTOR ( 'NONE', #2369, 1000.000000000000000 ) ;
#299 = AXIS2_PLACEMENT_3D ( 'NONE', #792, #1018, #1810 ) ;
#300 = VECTOR ( 'NONE', #2995, 1000.000000000000000 ) ;
#301 = SURFACE_STYLE_FILL_AREA ( #2812 ) ;
#302 = VECTOR ( 'NONE', #2731, 1000.000000000000000 ) ;
#303 = CARTESIAN_POINT ( 'NONE',  ( 0.6499999999999995781, 0.7749999999999998002, -0.02999999999999999889 ) ) ;
#304 = DIRECTION ( 'NONE',  ( 0.000000000000000000, -0.000000000000000000, 1.000000000000000000 ) ) ;
#305 = CARTESIAN_POINT ( 'NONE',  ( -0.9999999999999997780, -0.1249999999999998890, -0.02999999999999999889 ) ) ;
#306 = CARTESIAN_POINT ( 'NONE',  ( 0.9999999999999997780, 0.5250000000000000222, 0.1199999999999999956 ) ) ;
#307 = ORIENTED_EDGE ( 'NONE', *, *, #405, .F. ) ;
#308 = ORIENTED_EDGE ( 'NONE', *, *, #3159, .T. ) ;
#309 = DIRECTION ( 'NONE',  ( -0.000000000000000000, -0.000000000000000000, 1.000000000000000000 ) ) ;
#310 = VERTEX_POINT ( 'NONE', #1524 ) ;
#311 = ORIENTED_EDGE ( 'NONE', *, *, #2580, .F. ) ;
#312 = ORIENTED_EDGE ( 'NONE', *, *, #2375, .T. ) ;
#313 = CARTESIAN_POINT ( 'NONE',  ( 0.9999999999999997780, -0.5250000000000001332, 0.000000000000000000 ) ) ;
#314 = DIRECTION ( 'NONE',  ( 0.000000000000000000, 0.000000000000000000, -1.000000000000000000 ) ) ;
#315 = LINE ( 'NONE', #2070, #91 ) ;
#316 = CARTESIAN_POINT ( 'NONE',  ( -0.9999999999999997780, -0.7749999999999999112, 0.1199999999999999956 ) ) ;
#317 = FACE_OUTER_BOUND ( 'NONE', #280, .T. ) ;
#318 = FACE_OUTER_BOUND ( 'NONE', #1754, .T. ) ;
#319 = ORIENTED_EDGE ( 'NONE', *, *, #1847, .T. ) ;
#320 = EDGE_CURVE ( 'NONE', #1887, #1076, #3266, .T. ) ;
#321 = ORIENTED_EDGE ( 'NONE', *, *, #2150, .F. ) ;
#322 = VERTEX_POINT ( 'NONE', #2551 ) ;
#323 = UNCERTAINTY_MEASURE_WITH_UNIT (LENGTH_MEASURE( 1.000000000000000082E-05 ), #217, 'distance_accuracy_value', 'NONE');
#324 = ADVANCED_FACE ( 'NONE', ( #1734 ), #3049, .F. ) ;
#325 = EDGE_LOOP ( 'NONE', ( #3157, #2372, #3279, #112 ) ) ;
#326 = ORIENTED_EDGE ( 'NONE', *, *, #720, .T. ) ;
#327 = EDGE_CURVE ( 'NONE', #1769, #1367, #1748, .T. ) ;
#328 = SURFACE_STYLE_USAGE ( .BOTH. , #1563 ) ;
#329 = DIRECTION ( 'NONE',  ( 0.000000000000000000, 1.000000000000000000, 0.000000000000000000 ) ) ;
#330 = LINE ( 'NONE', #1869, #2702 ) ;
#331 = EDGE_CURVE ( 'NONE', #784, #461, #2514, .T. ) ;
#332 = CARTESIAN_POINT ( 'NONE',  ( 0.3550000000000000933, -0.7000000000000001776, -0.02999999999999999889 ) ) ;
#333 = VERTEX_POINT ( 'NONE', #1539 ) ;
#334 = CARTESIAN_POINT ( 'NONE',  ( -0.6499999999999998002, 0.1249999999999998890, -0.02999999999999999889 ) ) ;
#335 = ORIENTED_EDGE ( 'NONE', *, *, #2247, .T. ) ;
#336 = CARTESIAN_POINT ( 'NONE',  ( -0.5049999999999997824, -0.1999999999999997613, 0.01000000000000000021 ) ) ;
#337 = CARTESIAN_POINT ( 'NONE',  ( -0.9699999999999998623, 0.9700000000000003064, 0.5699999999999999512 ) ) ;
#338 = EDGE_CURVE ( 'NONE', #1531, #2615, #984, .T. ) ;
#339 = VECTOR ( 'NONE', #1346, 1000.000000000000000 ) ;
#340 = ORIENTED_EDGE ( 'NONE', *, *, #2875, .T. ) ;
#341 = ORIENTED_EDGE ( 'NONE', *, *, #1806, .T. ) ;
#342 = ORIENTED_EDGE ( 'NONE', *, *, #171, .T. ) ;
#343 = ADVANCED_FACE ( 'NONE', ( #2005 ), #2222, .F. ) ;
#344 = VECTOR ( 'NONE', #582, 1000.000000000000000 ) ;
#345 = VECTOR ( 'NONE', #1763, 1000.000000000000000 ) ;
#346 = VECTOR ( 'NONE', #790, 1000.000000000000000 ) ;
#347 = CARTESIAN_POINT ( 'NONE',  ( -0.3549999999999993716, 0.7749999999999999112, -0.02999999999999999889 ) ) ;
#348 = VECTOR ( 'NONE', #2281, 1000.000000000000000 ) ;
#349 = AXIS2_PLACEMENT_3D ( 'NONE', #2028, #1274, #602 ) ;
#350 =( GEOMETRIC_REPRESENTATION_CONTEXT ( 3 ) GLOBAL_UNCERTAINTY_ASSIGNED_CONTEXT ( ( #36 ) ) GLOBAL_UNIT_ASSIGNED_CONTEXT ( ( #2388, #1336, #3081 ) ) REPRESENTATION_CONTEXT ( 'NONE', 'WORKASPACE' ) );
#351 = VECTOR ( 'NONE', #1854, 1000.000000000000000 ) ;
#352 = ORIENTED_EDGE ( 'NONE', *, *, #338, .F. ) ;
#353 = DIRECTION ( 'NONE',  ( 0.000000000000000000, -0.000000000000000000, 1.000000000000000000 ) ) ;
#354 = EDGE_CURVE ( 'NONE', #818, #2008, #3103, .T. ) ;
#355 = ORIENTED_EDGE ( 'NONE', *, *, #1278, .F. ) ;
#356 = CARTESIAN_POINT ( 'NONE',  ( 0.6499999999999995781, -0.5250000000000001332, 0.1199999999999999956 ) ) ;
#357 = ORIENTED_EDGE ( 'NONE', *, *, #2415, .F. ) ;
#358 = LINE ( 'NONE', #2346, #2311 ) ;
#359 = CARTESIAN_POINT ( 'NONE',  ( -0.9699999999999998623, 1.000000000000000222, 0.5699999999999999512 ) ) ;
#360 = ADVANCED_FACE ( 'NONE', ( #485 ), #1983, .T. ) ;
#361 = DIRECTION ( 'NONE',  ( -1.000000000000000000, 0.000000000000000000, 0.000000000000000000 ) ) ;
#362 = ORIENTED_EDGE ( 'NONE', *, *, #1918, .F. ) ;
#363 = EDGE_LOOP ( 'NONE', ( #460, #2040, #1454, #2398 ) ) ;
#364 = ORIENTED_EDGE ( 'NONE', *, *, #3104, .T. ) ;
#365 = DIRECTION ( 'NONE',  ( 0.000000000000000000, 1.000000000000000000, 0.000000000000000000 ) ) ;
#366 =( NAMED_UNIT ( * ) PLANE_ANGLE_UNIT ( ) SI_UNIT ( $, .RADIAN. ) );
#367 = EDGE_LOOP ( 'NONE', ( #754, #2689, #2714, #1009 ) ) ;
#368 = FACE_OUTER_BOUND ( 'NONE', #841, .T. ) ;
#369 = ORIENTED_EDGE ( 'NONE', *, *, #1316, .T. ) ;
#370 = LINE ( 'NONE', #356, #1832 ) ;
#371 = EDGE_CURVE ( 'NONE', #1459, #669, #1503, .T. ) ;
#372 = ORIENTED_EDGE ( 'NONE', *, *, #331, .F. ) ;
#373 = DIRECTION ( 'NONE',  ( -0.000000000000000000, -0.000000000000000000, -1.000000000000000000 ) ) ;
#374 = PLANE ( 'NONE',  #3283 ) ;
#375 = CARTESIAN_POINT ( 'NONE',  ( 0.9999999999999997780, 0.1249999999999997918, 0.000000000000000000 ) ) ;
#376 = ORIENTED_EDGE ( 'NONE', *, *, #2296, .T. ) ;
#377 = VERTEX_POINT ( 'NONE', #2277 ) ;
#378 = CARTESIAN_POINT ( 'NONE',  ( 0.9700000000000001954, 0.9700000000000003064, 0.000000000000000000 ) ) ;
#379 = LINE ( 'NONE', #2636, #774 ) ;
#380 = EDGE_CURVE ( 'NONE', #2361, #1938, #2833, .T. ) ;
#381 = DIRECTION ( 'NONE',  ( 0.000000000000000000, 0.000000000000000000, 1.000000000000000000 ) ) ;
#382 = ORIENTED_EDGE ( 'NONE', *, *, #25, .F. ) ;
#383 = LINE ( 'NONE', #2406, #1034 ) ;
#384 = ORIENTED_EDGE ( 'NONE', *, *, #559, .F. ) ;
#385 = DIRECTION ( 'NONE',  ( 1.000000000000000000, 0.000000000000000000, 0.000000000000000000 ) ) ;
#386 = EDGE_CURVE ( 'NONE', #476, #3202, #2633, .T. ) ;
#387 = ORIENTED_EDGE ( 'NONE', *, *, #1097, .T. ) ;
#388 = CARTESIAN_POINT ( 'NONE',  ( -0.8699999999999999956, 0.7700000000000002398, 0.5899999999999999689 ) ) ;
#389 = DIRECTION ( 'NONE',  ( 0.000000000000000000, 0.000000000000000000, -1.000000000000000000 ) ) ;
#390 = ORIENTED_EDGE ( 'NONE', *, *, #278, .T. ) ;
#391 = VECTOR ( 'NONE', #2971, 1000.000000000000000 ) ;
#392 = ORIENTED_EDGE ( 'NONE', *, *, #2893, .T. ) ;
#393 = AXIS2_PLACEMENT_3D ( 'NONE', #779, #2619, #1276 ) ;
#394 = DIRECTION ( 'NONE',  ( 1.000000000000000000, 0.000000000000000000, 0.000000000000000000 ) ) ;
#395 = CIRCLE ( 'NONE', #814, 0.07499999999999998335 ) ;
#396 = LINE ( 'NONE', #1410, #96 ) ;
#397 = EDGE_CURVE ( 'NONE', #2376, #1872, #61, .T. ) ;
#398 = AXIS2_PLACEMENT_3D ( 'NONE', #1384, #905, #394 ) ;
#399 = DIRECTION ( 'NONE',  ( -1.000000000000000000, 0.000000000000000000, 0.000000000000000000 ) ) ;
#400 = AXIS2_PLACEMENT_3D ( 'NONE', #2930, #1419, #1451 ) ;
#401 = EDGE_LOOP ( 'NONE', ( #2063, #1122 ) ) ;
#402 = DIRECTION ( 'NONE',  ( 1.000000000000000000, 0.000000000000000000, -0.000000000000000000 ) ) ;
#403 = VECTOR ( 'NONE', #514, 1000.000000000000000 ) ;
#404 = VECTOR ( 'NONE', #59, 1000.000000000000000 ) ;
#405 = EDGE_CURVE ( 'NONE', #802, #2188, #3118, .T. ) ;
#406 = DIRECTION ( 'NONE',  ( 0.000000000000000000, 0.000000000000000000, 1.000000000000000000 ) ) ;
#407 = CARTESIAN_POINT ( 'NONE',  ( 0.000000000000000000, 0.6500000000000000222, 0.1199999999999999956 ) ) ;
#408 = DIRECTION ( 'NONE',  ( -1.000000000000000000, 0.000000000000000000, 0.000000000000000000 ) ) ;
#409 = AXIS2_PLACEMENT_3D ( 'NONE', #646, #944, #155 ) ;
#410 = ORIENTED_EDGE ( 'NONE', *, *, #331, .T. ) ;
#411 = EDGE_CURVE ( 'NONE', #2983, #2991, #2879, .T. ) ;
#412 = DIRECTION ( 'NONE',  ( 0.000000000000000000, -1.000000000000000000, 0.000000000000000000 ) ) ;
#413 = CARTESIAN_POINT ( 'NONE',  ( -0.9999999999999997780, -0.9999999999999997780, 0.5699999999999999512 ) ) ;
#414 = FACE_OUTER_BOUND ( 'NONE', #2431, .T. ) ;
#415 = CARTESIAN_POINT ( 'NONE',  ( -0.9699999999999998623, -0.9999999999999997780, 0.5699999999999999512 ) ) ;
#416 = EDGE_LOOP ( 'NONE', ( #230, #387, #1544, #335 ) ) ;
#417 = DIRECTION ( 'NONE',  ( 0.000000000000000000, 0.000000000000000000, -1.000000000000000000 ) ) ;
#418 = ORIENTED_EDGE ( 'NONE', *, *, #2334, .F. ) ;
#419 = PLANE ( 'NONE',  #1614 ) ;
#420 =( NAMED_UNIT ( * ) SI_UNIT ( $, .STERADIAN. ) SOLID_ANGLE_UNIT ( ) );
#421 = CARTESIAN_POINT ( 'NONE',  ( 0.9999999999999997780, -0.5250000000000001332, 0.1199999999999999956 ) ) ;
#422 = DIRECTION ( 'NONE',  ( -0.000000000000000000, -0.000000000000000000, 1.000000000000000000 ) ) ;
#423 = ORIENTED_EDGE ( 'NONE', *, *, #440, .F. ) ;
#424 = ORIENTED_EDGE ( 'NONE', *, *, #848, .F. ) ;
#425 = ORIENTED_EDGE ( 'NONE', *, *, #713, .F. ) ;
#426 = CARTESIAN_POINT ( 'NONE',  ( 0.6499999999999995781, -0.5250000000000001332, 0.1199999999999999956 ) ) ;
#427 = FACE_OUTER_BOUND ( 'NONE', #705, .T. ) ;
#428 = DIRECTION ( 'NONE',  ( 0.000000000000000000, 0.000000000000000000, -1.000000000000000000 ) ) ;
#429 = DIRECTION ( 'NONE',  ( -1.000000000000000000, 0.000000000000000000, -0.000000000000000000 ) ) ;
#430 = DIRECTION ( 'NONE',  ( 0.000000000000000000, 1.000000000000000000, 0.000000000000000000 ) ) ;
#431 = VERTEX_POINT ( 'NONE', #596 ) ;
#432 = DIRECTION ( 'NONE',  ( 3.097720492815726673E-16, -1.000000000000000000, 0.000000000000000000 ) ) ;
#433 = LINE ( 'NONE', #913, #2090 ) ;
#434 = DIRECTION ( 'NONE',  ( 0.000000000000000000, 1.000000000000000000, 0.000000000000000000 ) ) ;
#435 = DIRECTION ( 'NONE',  ( -1.000000000000000000, 0.000000000000000000, 0.000000000000000000 ) ) ;
#436 = DIRECTION ( 'NONE',  ( -0.000000000000000000, -0.000000000000000000, -1.000000000000000000 ) ) ;
#437 = ORIENTED_EDGE ( 'NONE', *, *, #2725, .F. ) ;
#438 = EDGE_CURVE ( 'NONE', #1005, #22, #535, .T. ) ;
#439 = VERTEX_POINT ( 'NONE', #2115 ) ;
#440 = EDGE_CURVE ( 'NONE', #1054, #2335, #1596, .T. ) ;
#441 = ORIENTED_EDGE ( 'NONE', *, *, #1527, .T. ) ;
#442 = CARTESIAN_POINT ( 'NONE',  ( -0.6699999999999997069, 0.7700000000000002398, 0.5899999999999999689 ) ) ;
#443 = CLOSED_SHELL ( 'NONE', ( #2528, #127, #2460, #2236, #3151, #2637 ) ) ;
#444 = CARTESIAN_POINT ( 'NONE',  ( -0.9999999999999997780, -0.7749999999999999112, 0.1199999999999999956 ) ) ;
#445 = AXIS2_PLACEMENT_3D ( 'NONE', #732, #429, #447 ) ;
#446 = CARTESIAN_POINT ( 'NONE',  ( -0.9699999999999998623, -0.9999999999999997780, 0.5999999999999999778 ) ) ;
#447 = DIRECTION ( 'NONE',  ( -0.000000000000000000, 0.000000000000000000, 1.000000000000000000 ) ) ;
#448 = DIRECTION ( 'NONE',  ( 0.000000000000000000, 0.000000000000000000, 1.000000000000000000 ) ) ;
#449 = ORIENTED_EDGE ( 'NONE', *, *, #1837, .T. ) ;
#450 = FACE_OUTER_BOUND ( 'NONE', #2711, .T. ) ;
#451 = PRESENTATION_LAYER_ASSIGNMENT (  '', '', ( #2097 ) ) ;
#452 = AXIS2_PLACEMENT_3D ( 'NONE', #378, #2092, #131 ) ;
#453 = CARTESIAN_POINT ( 'NONE',  ( -0.6499999999999998002, 0.5250000000000001332, 0.1199999999999999956 ) ) ;
#454 = FACE_OUTER_BOUND ( 'NONE', #893, .T. ) ;
#455 = EDGE_LOOP ( 'NONE', ( #728, #2461, #589, #82 ) ) ;
#456 = VECTOR ( 'NONE', #1442, 1000.000000000000000 ) ;
#457 = PRESENTATION_LAYER_ASSIGNMENT (  '', '', ( #1046 ) ) ;
#458 = CARTESIAN_POINT ( 'NONE',  ( 0.9999999999999997780, -0.1249999999999998890, 0.000000000000000000 ) ) ;
#459 = COLOUR_RGB ( '',0.9607843137254902244, 0.9607843137254902244, 0.9607843137254902244 ) ;
#460 = ORIENTED_EDGE ( 'NONE', *, *, #687, .T. ) ;
#461 = VERTEX_POINT ( 'NONE', #1297 ) ;
#462 = CARTESIAN_POINT ( 'NONE',  ( 0.4300000000000001044, -0.6999999999999996225, -0.02999999999999999889 ) ) ;
#463 = PLANE ( 'NONE',  #142 ) ;
#464 = EDGE_CURVE ( 'NONE', #1431, #2420, #3098, .T. ) ;
#465 = LINE ( 'NONE', #3260, #3227 ) ;
#466 = DIRECTION ( 'NONE',  ( 0.000000000000000000, -0.000000000000000000, 1.000000000000000000 ) ) ;
#467 = DIRECTION ( 'NONE',  ( -1.000000000000000000, 0.000000000000000000, -0.000000000000000000 ) ) ;
#468 = CARTESIAN_POINT ( 'NONE',  ( -0.7699999999999997957, 0.7700000000000002398, 0.5899999999999999689 ) ) ;
#469 = DIRECTION ( 'NONE',  ( -0.000000000000000000, 0.000000000000000000, 1.000000000000000000 ) ) ;
#470 = CARTESIAN_POINT ( 'NONE',  ( -0.4299999999999998823, 0.6999999999999992895, 0.01000000000000000021 ) ) ;
#471 = ORIENTED_EDGE ( 'NONE', *, *, #886, .T. ) ;
#472 = EDGE_CURVE ( 'NONE', #2458, #2336, #2890, .T. ) ;
#473 = CARTESIAN_POINT ( 'NONE',  ( 0.3549999999999995937, -0.7750000000000002442, 0.01000000000000000021 ) ) ;
#474 = EDGE_CURVE ( 'NONE', #2983, #1492, #184, .T. ) ;
#475 = ORIENTED_EDGE ( 'NONE', *, *, #1055, .F. ) ;
#476 = VERTEX_POINT ( 'NONE', #1062 ) ;
#477 = VERTEX_POINT ( 'NONE', #2327 ) ;
#478 = LINE ( 'NONE', #462, #1134 ) ;
#479 = CARTESIAN_POINT ( 'NONE',  ( -0.6499999999999998002, 0.1249999999999998890, -0.02999999999999999889 ) ) ;
#480 = DIRECTION ( 'NONE',  ( -0.000000000000000000, -0.000000000000000000, -1.000000000000000000 ) ) ;
#481 = EDGE_CURVE ( 'NONE', #1390, #638, #94, .T. ) ;
#482 = CARTESIAN_POINT ( 'NONE',  ( -0.9999999999999997780, 0.5250000000000000222, -0.02999999999999999889 ) ) ;
#483 = CARTESIAN_POINT ( 'NONE',  ( 0.4300000000000001044, 0.6999999999999992895, -0.02999999999999999889 ) ) ;
#484 = DIRECTION ( 'NONE',  ( 1.000000000000000000, -3.097720492815726673E-16, 0.000000000000000000 ) ) ;
#485 = FACE_OUTER_BOUND ( 'NONE', #1814, .T. ) ;
#486 = CYLINDRICAL_SURFACE ( 'NONE', #1826, 0.02999999999999997113 ) ;
#487 = ORIENTED_EDGE ( 'NONE', *, *, #386, .T. ) ;
#488 = FACE_OUTER_BOUND ( 'NONE', #2152, .T. ) ;
#489 = ORIENTED_EDGE ( 'NONE', *, *, #945, .F. ) ;
#490 = ORIENTED_EDGE ( 'NONE', *, *, #1549, .T. ) ;
#491 = ORIENTED_EDGE ( 'NONE', *, *, #956, .F. ) ;
#492 = EDGE_CURVE ( 'NONE', #3089, #461, #3085, .T. ) ;
#493 = ORIENTED_EDGE ( 'NONE', *, *, #12, .T. ) ;
#494 = CARTESIAN_POINT ( 'NONE',  ( 0.9999999999999997780, 0.1249999999999997918, -0.02999999999999999889 ) ) ;
#495 = FACE_OUTER_BOUND ( 'NONE', #1132, .T. ) ;
#496 = LINE ( 'NONE', #2217, #1188 ) ;
#497 = DIRECTION ( 'NONE',  ( 0.000000000000000000, 1.000000000000000000, 0.000000000000000000 ) ) ;
#498 = VECTOR ( 'NONE', #1967, 1000.000000000000000 ) ;
#499 = ORIENTED_EDGE ( 'NONE', *, *, #2855, .F. ) ;
#500 = DIRECTION ( 'NONE',  ( -0.000000000000000000, -0.000000000000000000, 1.000000000000000000 ) ) ;
#501 = VECTOR ( 'NONE', #1947, 1000.000000000000000 ) ;
#502 = LINE ( 'NONE', #2798, #1989 ) ;
#503 = ORIENTED_EDGE ( 'NONE', *, *, #1628, .T. ) ;
#504 = CIRCLE ( 'NONE', #1566, 0.07499999999999998335 ) ;
#505 = ADVANCED_FACE ( 'NONE', ( #1036 ), #2307, .T. ) ;
#506 =( GEOMETRIC_REPRESENTATION_CONTEXT ( 3 ) GLOBAL_UNCERTAINTY_ASSIGNED_CONTEXT ( ( #556 ) ) GLOBAL_UNIT_ASSIGNED_CONTEXT ( ( #114, #1674, #2901 ) ) REPRESENTATION_CONTEXT ( 'NONE', 'WORKASPACE' ) );
#507 = DIRECTION ( 'NONE',  ( -0.000000000000000000, -0.000000000000000000, 1.000000000000000000 ) ) ;
#508 = CIRCLE ( 'NONE', #1571, 0.07499999999999998335 ) ;
#509 = AXIS2_PLACEMENT_3D ( 'NONE', #2956, #389, #1396 ) ;
#510 = AXIS2_PLACEMENT_3D ( 'NONE', #2029, #1774, #3028 ) ;
#511 = VERTEX_POINT ( 'NONE', #1552 ) ;
#512 = VERTEX_POINT ( 'NONE', #305 ) ;
#513 = CARTESIAN_POINT ( 'NONE',  ( 0.6499999999999995781, -0.7749999999999999112, -0.02999999999999999889 ) ) ;
#514 = DIRECTION ( 'NONE',  ( -0.000000000000000000, 1.000000000000000000, -0.000000000000000000 ) ) ;
#515 = PRESENTATION_LAYER_ASSIGNMENT (  '', '', ( #2276 ) ) ;
#516 = EDGE_CURVE ( 'NONE', #2960, #554, #2080, .T. ) ;
#517 = DIRECTION ( 'NONE',  ( 1.000000000000000000, 0.000000000000000000, 0.000000000000000000 ) ) ;
#518 = CARTESIAN_POINT ( 'NONE',  ( -0.6499999999999998002, 0.7749999999999999112, 0.1200000001517764758 ) ) ;
#519 = DIRECTION ( 'NONE',  ( -1.000000000000000000, -3.097720492815727166E-16, 0.000000000000000000 ) ) ;
#520 = PLANE ( 'NONE',  #2377 ) ;
#521 = CARTESIAN_POINT ( 'NONE',  ( -0.6499999999999998002, 0.5250000000000001332, 0.1199999999812462192 ) ) ;
#522 = EDGE_CURVE ( 'NONE', #2059, #3024, #31, .T. ) ;
#523 = CARTESIAN_POINT ( 'NONE',  ( -0.9999999999999997780, -0.9999999999999997780, 0.000000000000000000 ) ) ;
#524 = PLANE ( 'NONE',  #2051 ) ;
#525 = ORIENTED_EDGE ( 'NONE', *, *, #411, .T. ) ;
#526 = CARTESIAN_POINT ( 'NONE',  ( -0.4299999999999998823, -0.2000000000000002887, -0.02999999999999999889 ) ) ;
#527 = CARTESIAN_POINT ( 'NONE',  ( -0.5049999999999997824, -0.1999999999999997613, 0.01000000000000000021 ) ) ;
#528 = ADVANCED_FACE ( 'NONE', ( #52, #2865 ), #569, .F. ) ;
#529 = EDGE_LOOP ( 'NONE', ( #2433, #2775, #1985, #1804 ) ) ;
#530 = ORIENTED_EDGE ( 'NONE', *, *, #1782, .T. ) ;
#531 = DIRECTION ( 'NONE',  ( 0.000000000000000000, 0.000000000000000000, 1.000000000000000000 ) ) ;
#532 = CARTESIAN_POINT ( 'NONE',  ( -0.6499999999999998002, 0.7749999999999999112, 0.1199999999999999956 ) ) ;
#533 = CARTESIAN_POINT ( 'NONE',  ( -0.9999999999999997780, -0.5250000000000000222, -0.02999999999999999889 ) ) ;
#534 = EDGE_LOOP ( 'NONE', ( #828, #753, #1640, #1541 ) ) ;
#535 = LINE ( 'NONE', #2057, #289 ) ;
#536 = DIRECTION ( 'NONE',  ( -0.000000000000000000, -1.000000000000000000, -0.000000000000000000 ) ) ;
#537 = EDGE_LOOP ( 'NONE', ( #2391, #2414, #2386, #1592 ) ) ;
#538 = LINE ( 'NONE', #1040, #1996 ) ;
#539 = CARTESIAN_POINT ( 'NONE',  ( 1.000000000000000222, -0.9999999999999997780, 0.000000000000000000 ) ) ;
#540 = DIRECTION ( 'NONE',  ( -1.000000000000000000, 0.000000000000000000, 0.000000000000000000 ) ) ;
#541 = ADVANCED_FACE ( 'NONE', ( #317 ), #1801, .F. ) ;
#542 = ORIENTED_EDGE ( 'NONE', *, *, #2740, .F. ) ;
#543 = EDGE_LOOP ( 'NONE', ( #1949, #80, #311, #1094 ) ) ;
#544 = CARTESIAN_POINT ( 'NONE',  ( -0.9999999999999997780, 0.1250000000000000000, 0.1199999999999999956 ) ) ;
#545 = PRODUCT_CONTEXT ( 'NONE', #851, 'mechanical' ) ;
#546 = DIRECTION ( 'NONE',  ( -0.000000000000000000, -0.000000000000000000, -1.000000000000000000 ) ) ;
#547 = LINE ( 'NONE', #2593, #2918 ) ;
#548 = DIRECTION ( 'NONE',  ( 0.000000000000000000, 0.000000000000000000, 1.000000000000000000 ) ) ;
#549 = CYLINDRICAL_SURFACE ( 'NONE', #1301, 0.1000000000000001582 ) ;
#550 = ORIENTED_EDGE ( 'NONE', *, *, #750, .T. ) ;
#551 = CLOSED_SHELL ( 'NONE', ( #2872, #1088, #1205, #505 ) ) ;
#552 = EDGE_CURVE ( 'NONE', #1144, #2266, #1176, .T. ) ;
#553 = VECTOR ( 'NONE', #546, 1000.000000000000000 ) ;
#554 = VERTEX_POINT ( 'NONE', #3200 ) ;
#555 = DIRECTION ( 'NONE',  ( -1.000000000000000000, 1.869314090492256700E-16, 0.000000000000000000 ) ) ;
#556 = UNCERTAINTY_MEASURE_WITH_UNIT (LENGTH_MEASURE( 1.000000000000000082E-05 ), #114, 'distance_accuracy_value', 'NONE');
#557 = VECTOR ( 'NONE', #3250, 1000.000000000000000 ) ;
#558 = AXIS2_PLACEMENT_3D ( 'NONE', #624, #1559, #758 ) ;
#559 = EDGE_CURVE ( 'NONE', #207, #1366, #383, .T. ) ;
#560 = VECTOR ( 'NONE', #1606, 1000.000000000000000 ) ;
#561 = VERTEX_POINT ( 'NONE', #3168 ) ;
#562 = CIRCLE ( 'NONE', #1624, 0.07499999999999998335 ) ;
#563 = ORIENTED_EDGE ( 'NONE', *, *, #820, .T. ) ;
#564 = MECHANICAL_DESIGN_GEOMETRIC_PRESENTATION_REPRESENTATION (  '', ( #3116 ), #2959 ) ;
#565 = AXIS2_PLACEMENT_3D ( 'NONE', #764, #2093, #1051 ) ;
#566 = LINE ( 'NONE', #1032, #2208 ) ;
#567 = DIRECTION ( 'NONE',  ( 0.000000000000000000, -1.000000000000000000, 0.000000000000000000 ) ) ;
#568 = ADVANCED_FACE ( 'NONE', ( #368 ), #1632, .T. ) ;
#569 = PLANE ( 'NONE',  #190 ) ;
#570 = CARTESIAN_POINT ( 'NONE',  ( -0.6499999999999998002, 0.7749999999999999112, 0.1199999999999999956 ) ) ;
#571 = EDGE_LOOP ( 'NONE', ( #901, #2824, #491, #1903 ) ) ;
#572 = ORIENTED_EDGE ( 'NONE', *, *, #789, .T. ) ;
#573 = DIRECTION ( 'NONE',  ( 0.000000000000000000, -0.000000000000000000, 1.000000000000000000 ) ) ;
#574 = EDGE_CURVE ( 'NONE', #1208, #1096, #879, .T. ) ;
#575 = ORIENTED_EDGE ( 'NONE', *, *, #2893, .F. ) ;
#576 = ORIENTED_EDGE ( 'NONE', *, *, #2476, .T. ) ;
#577 = ADVANCED_FACE ( 'NONE', ( #2925 ), #635, .F. ) ;
#578 =( NAMED_UNIT ( * ) SI_UNIT ( $, .STERADIAN. ) SOLID_ANGLE_UNIT ( ) );
#579 = DIRECTION ( 'NONE',  ( 0.000000000000000000, 0.000000000000000000, -1.000000000000000000 ) ) ;
#580 = FILL_AREA_STYLE_COLOUR ( '', #1575 ) ;
#581 = EDGE_CURVE ( 'NONE', #847, #902, #856, .T. ) ;
#582 = DIRECTION ( 'NONE',  ( -1.084202172485506776E-16, 1.000000000000000000, 0.000000000000000000 ) ) ;
#583 = ORIENTED_EDGE ( 'NONE', *, *, #552, .T. ) ;
#584 = CARTESIAN_POINT ( 'NONE',  ( 0.6499999999999995781, 0.1249999999999997918, 0.1199999999999999956 ) ) ;
#585 = ADVANCED_FACE ( 'NONE', ( #1389 ), #2168, .F. ) ;
#586 = ORIENTED_EDGE ( 'NONE', *, *, #3195, .F. ) ;
#587 = ORIENTED_EDGE ( 'NONE', *, *, #1164, .T. ) ;
#588 = CARTESIAN_POINT ( 'NONE',  ( -0.6499999999999998002, -0.1249999999999997918, 0.01000000000000000021 ) ) ;
#589 = ORIENTED_EDGE ( 'NONE', *, *, #1030, .F. ) ;
#590 = ORIENTED_EDGE ( 'NONE', *, *, #1082, .F. ) ;
#591 = VERTEX_POINT ( 'NONE', #2421 ) ;
#592 = DIRECTION ( 'NONE',  ( 0.000000000000000000, 0.000000000000000000, 1.000000000000000000 ) ) ;
#593 = DIRECTION ( 'NONE',  ( 0.000000000000000000, 0.000000000000000000, 1.000000000000000000 ) ) ;
#594 = EDGE_CURVE ( 'NONE', #290, #2059, #2659, .T. ) ;
#595 = VERTEX_POINT ( 'NONE', #1680 ) ;
#596 = CARTESIAN_POINT ( 'NONE',  ( -0.6499999999999998002, -0.1249999999999997918, 0.1200000000949330570 ) ) ;
#597 = ORIENTED_EDGE ( 'NONE', *, *, #2450, .F. ) ;
#598 = DIRECTION ( 'NONE',  ( -0.000000000000000000, -0.000000000000000000, 1.000000000000000000 ) ) ;
#599 = ORIENTED_EDGE ( 'NONE', *, *, #3224, .T. ) ;
#600 = ORIENTED_EDGE ( 'NONE', *, *, #481, .F. ) ;
#601 = DIRECTION ( 'NONE',  ( 1.000000000000000000, 3.097720492815726673E-16, 0.000000000000000000 ) ) ;
#602 = DIRECTION ( 'NONE',  ( 0.000000000000000000, 0.000000000000000000, -1.000000000000000000 ) ) ;
#603 = EDGE_CURVE ( 'NONE', #1237, #3206, #681, .T. ) ;
#604 = VECTOR ( 'NONE', #1827, 1000.000000000000000 ) ;
#605 = ORIENTED_EDGE ( 'NONE', *, *, #2468, .T. ) ;
#606 = VECTOR ( 'NONE', #3281, 1000.000000000000000 ) ;
#607 = VECTOR ( 'NONE', #261, 1000.000000000000000 ) ;
#608 = CIRCLE ( 'NONE', #2691, 0.07499999999999998335 ) ;
#609 = LINE ( 'NONE', #2876, #722 ) ;
#610 = VECTOR ( 'NONE', #232, 1000.000000000000000 ) ;
#611 = DIRECTION ( 'NONE',  ( -1.000000000000000000, 0.000000000000000000, 0.000000000000000000 ) ) ;
#612 = EDGE_CURVE ( 'NONE', #2336, #653, #1455, .T. ) ;
#613 = FILL_AREA_STYLE ('',( #580 ) ) ;
#614 = VECTOR ( 'NONE', #233, 1000.000000000000000 ) ;
#615 = VECTOR ( 'NONE', #874, 1000.000000000000000 ) ;
#616 = VERTEX_POINT ( 'NONE', #415 ) ;
#617 = DIRECTION ( 'NONE',  ( 0.000000000000000000, -1.000000000000000000, 0.000000000000000000 ) ) ;
#618 = CARTESIAN_POINT ( 'NONE',  ( 0.6499999999999995781, -0.5250000000000001332, 0.000000000000000000 ) ) ;
#619 = ORIENTED_EDGE ( 'NONE', *, *, #37, .F. ) ;
#620 = CARTESIAN_POINT ( 'NONE',  ( 0.000000000000000000, -0.9699999999999998623, 0.5699999999999999512 ) ) ;
#621 = ORIENTED_EDGE ( 'NONE', *, *, #945, .T. ) ;
#622 = DIRECTION ( 'NONE',  ( -1.000000000000000000, -3.097720492815726673E-16, -0.000000000000000000 ) ) ;
#623 = DIRECTION ( 'NONE',  ( 1.000000000000000000, 0.000000000000000000, 0.000000000000000000 ) ) ;
#624 = CARTESIAN_POINT ( 'NONE',  ( 0.9700000000000003064, -0.9699999999999998623, 0.5699999999999999512 ) ) ;
#625 = ORIENTED_EDGE ( 'NONE', *, *, #735, .T. ) ;
#626 = ORIENTED_EDGE ( 'NONE', *, *, #293, .F. ) ;
#627 = EDGE_CURVE ( 'NONE', #1845, #290, #1645, .T. ) ;
#628 = EDGE_LOOP ( 'NONE', ( #812, #2279, #2606, #2027 ) ) ;
#629 = SURFACE_STYLE_USAGE ( .BOTH. , #1919 ) ;
#630 = CARTESIAN_POINT ( 'NONE',  ( -0.9999999999999997780, -0.1249999999999998890, -0.02999999999999999889 ) ) ;
#631 = CARTESIAN_POINT ( 'NONE',  ( -0.6499999999999998002, 0.5250000000000001332, 0.000000000000000000 ) ) ;
#632 = CARTESIAN_POINT ( 'NONE',  ( 0.9999999999999997780, -0.1249999999999998890, 0.1200000000949330570 ) ) ;
#633 = PLANE ( 'NONE',  #3015 ) ;
#634 = VERTEX_POINT ( 'NONE', #2456 ) ;
#635 = PLANE ( 'NONE',  #2588 ) ;
#636 = VERTEX_POINT ( 'NONE', #169 ) ;
#637 = LINE ( 'NONE', #1365, #3276 ) ;
#638 = VERTEX_POINT ( 'NONE', #1909 ) ;
#639 = DIRECTION ( 'NONE',  ( 1.000000000000000000, 0.000000000000000000, 0.000000000000000000 ) ) ;
#640 = DIRECTION ( 'NONE',  ( -0.000000000000000000, 0.000000000000000000, -1.000000000000000000 ) ) ;
#641 = CARTESIAN_POINT ( 'NONE',  ( -0.3549999999999999267, 0.6999999999999998446, 0.000000000000000000 ) ) ;
#642 = ORIENTED_EDGE ( 'NONE', *, *, #1883, .F. ) ;
#643 = DIRECTION ( 'NONE',  ( 0.000000000000000000, -1.000000000000000000, 0.000000000000000000 ) ) ;
#644 = CARTESIAN_POINT ( 'NONE',  ( 0.000000000000000000, 0.000000000000000000, 0.1199999999999999956 ) ) ;
#645 = EDGE_CURVE ( 'NONE', #1198, #941, #3212, .T. ) ;
#646 = CARTESIAN_POINT ( 'NONE',  ( 0.9999999999999997780, -0.1249999999999998890, 0.1199999999999999956 ) ) ;
#647 = CARTESIAN_POINT ( 'NONE',  ( 0.3549999999999995937, -0.7750000000000002442, -0.02999999999999999889 ) ) ;
#648 = ORIENTED_EDGE ( 'NONE', *, *, #3265, .T. ) ;
#649 = ORIENTED_EDGE ( 'NONE', *, *, #3275, .F. ) ;
#650 = CARTESIAN_POINT ( 'NONE',  ( 0.9999999999999997780, -0.5250000000000001332, 0.1199999999999999956 ) ) ;
#651 = PLANE ( 'NONE',  #2856 ) ;
#652 = CARTESIAN_POINT ( 'NONE',  ( 0.6499999999999995781, 0.5250000000000000222, 0.1199999999999999956 ) ) ;
#653 = VERTEX_POINT ( 'NONE', #2674 ) ;
#654 = EDGE_LOOP ( 'NONE', ( #392, #1684, #867, #2682 ) ) ;
#655 = AXIS2_PLACEMENT_3D ( 'NONE', #2985, #698, #469 ) ;
#656 = VERTEX_POINT ( 'NONE', #2937 ) ;
#657 = PRESENTATION_LAYER_ASSIGNMENT (  '', '', ( #3267 ) ) ;
#658 = DIRECTION ( 'NONE',  ( 0.000000000000000000, -1.000000000000000000, 0.000000000000000000 ) ) ;
#659 = AXIS2_PLACEMENT_3D ( 'NONE', #2021, #2986, #2972 ) ;
#660 = CIRCLE ( 'NONE', #84, 0.07499999999999998335 ) ;
#661 = DIRECTION ( 'NONE',  ( 1.000000000000000000, -3.097720492815726673E-16, 0.000000000000000000 ) ) ;
#662 = VECTOR ( 'NONE', #890, 1000.000000000000000 ) ;
#663 = ADVANCED_FACE ( 'NONE', ( #1694 ), #1109, .F. ) ;
#664 = DIRECTION ( 'NONE',  ( -1.084202172485506776E-16, 1.000000000000000000, 0.000000000000000000 ) ) ;
#665 = VECTOR ( 'NONE', #2135, 1000.000000000000000 ) ;
#666 = ORIENTED_EDGE ( 'NONE', *, *, #3232, .T. ) ;
#667 = DIRECTION ( 'NONE',  ( -1.000000000000000000, 0.000000000000000000, -0.000000000000000000 ) ) ;
#668 = AXIS2_PLACEMENT_3D ( 'NONE', #2614, #2380, #2062 ) ;
#669 = VERTEX_POINT ( 'NONE', #1873 ) ;
#670 = DIRECTION ( 'NONE',  ( 1.000000000000000000, 0.000000000000000000, 0.000000000000000000 ) ) ;
#671 = CARTESIAN_POINT ( 'NONE',  ( 0.6499999999999995781, 0.5250000000000000222, -0.02999999999999999889 ) ) ;
#672 = DIRECTION ( 'NONE',  ( 0.000000000000000000, 0.000000000000000000, -1.000000000000000000 ) ) ;
#673 = AXIS2_PLACEMENT_3D ( 'NONE', #1089, #592, #2632 ) ;
#674 = DIRECTION ( 'NONE',  ( 0.000000000000000000, -0.000000000000000000, -1.000000000000000000 ) ) ;
#675 = ORIENTED_EDGE ( 'NONE', *, *, #2035, .T. ) ;
#676 = EDGE_CURVE ( 'NONE', #2337, #2108, #1615, .T. ) ;
#677 = EDGE_CURVE ( 'NONE', #3257, #333, #496, .T. ) ;
#678 = DIRECTION ( 'NONE',  ( -0.000000000000000000, -0.000000000000000000, 1.000000000000000000 ) ) ;
#679 = DIRECTION ( 'NONE',  ( -0.000000000000000000, 0.000000000000000000, -1.000000000000000000 ) ) ;
#680 = CARTESIAN_POINT ( 'NONE',  ( -0.5049999999999997824, 0.1999999999999998723, 0.01000000000000000021 ) ) ;
#681 = LINE ( 'NONE', #2948, #2424 ) ;
#682 = ORIENTED_EDGE ( 'NONE', *, *, #1435, .F. ) ;
#683 = CARTESIAN_POINT ( 'NONE',  ( -0.6499999999999998002, -0.1249999999999997918, 0.01000000000000000021 ) ) ;
#684 = CARTESIAN_POINT ( 'NONE',  ( 0.4300000000000001044, -0.6999999999999996225, 0.000000000000000000 ) ) ;
#685 = CARTESIAN_POINT ( 'NONE',  ( 0.000000000000000000, 0.6500000000000000222, -0.02999999999999999889 ) ) ;
#686 = CARTESIAN_POINT ( 'NONE',  ( 0.6499999999999995781, 0.1249999999999997918, 0.1200000000949330570 ) ) ;
#687 = EDGE_CURVE ( 'NONE', #1257, #2568, #746, .T. ) ;
#688 = CARTESIAN_POINT ( 'NONE',  ( -0.6499999999999998002, 0.1249999999999998890, 0.1200000001517764758 ) ) ;
#689 = ORIENTED_EDGE ( 'NONE', *, *, #2580, .T. ) ;
#690 = VERTEX_POINT ( 'NONE', #999 ) ;
#691 = ORIENTED_EDGE ( 'NONE', *, *, #1271, .F. ) ;
#692 = DIRECTION ( 'NONE',  ( -0.000000000000000000, -0.000000000000000000, 1.000000000000000000 ) ) ;
#693 = DIRECTION ( 'NONE',  ( -1.000000000000000000, 0.000000000000000000, -0.000000000000000000 ) ) ;
#694 = CYLINDRICAL_SURFACE ( 'NONE', #2868, 0.07499999999999998335 ) ;
#695 = LINE ( 'NONE', #2032, #1565 ) ;
#696 = ORIENTED_EDGE ( 'NONE', *, *, #2718, .T. ) ;
#697 = DIRECTION ( 'NONE',  ( 0.000000000000000000, 0.000000000000000000, 1.000000000000000000 ) ) ;
#698 = DIRECTION ( 'NONE',  ( -1.000000000000000000, 0.000000000000000000, -0.000000000000000000 ) ) ;
#699 = PLANE ( 'NONE',  #2316 ) ;
#700 = PLANE ( 'NONE',  #3114 ) ;
#701 = DIRECTION ( 'NONE',  ( 0.000000000000000000, 1.000000000000000000, 0.000000000000000000 ) ) ;
#702 = VERTEX_POINT ( 'NONE', #946 ) ;
#703 = EDGE_CURVE ( 'NONE', #1025, #2983, #2749, .T. ) ;
#704 = ORIENTED_EDGE ( 'NONE', *, *, #354, .T. ) ;
#705 = EDGE_LOOP ( 'NONE', ( #287, #1493, #1125, #2599 ) ) ;
#706 = DIRECTION ( 'NONE',  ( 1.000000000000000000, 0.000000000000000000, -0.000000000000000000 ) ) ;
#707 = ADVANCED_FACE ( 'NONE', ( #2727 ), #1761, .F. ) ;
#708 = VECTOR ( 'NONE', #2954, 1000.000000000000000 ) ;
#709 = VECTOR ( 'NONE', #1611, 1000.000000000000000 ) ;
#710 = DIRECTION ( 'NONE',  ( 0.000000000000000000, -0.000000000000000000, -1.000000000000000000 ) ) ;
#711 = LINE ( 'NONE', #1708, #2315 ) ;
#712 = CARTESIAN_POINT ( 'NONE',  ( -0.4299999999999998823, 0.2000000000000004274, 0.000000000000000000 ) ) ;
#713 = EDGE_CURVE ( 'NONE', #322, #2108, #1499, .T. ) ;
#714 = CARTESIAN_POINT ( 'NONE',  ( -0.6499999999999998002, 0.1249999999999998890, 0.01000000000000000021 ) ) ;
#715 = CIRCLE ( 'NONE', #38, 0.02999999999999997113 ) ;
#716 = AXIS2_PLACEMENT_3D ( 'NONE', #929, #467, #1215 ) ;
#717 = CIRCLE ( 'NONE', #41, 0.07499999999999998335 ) ;
#718 = DIRECTION ( 'NONE',  ( 0.000000000000000000, -1.000000000000000000, 0.000000000000000000 ) ) ;
#719 = CARTESIAN_POINT ( 'NONE',  ( 0.000000000000000000, 1.300000000000000044, -0.02999999999999999889 ) ) ;
#720 = EDGE_CURVE ( 'NONE', #210, #1322, #1466, .T. ) ;
#721 = ORIENTED_EDGE ( 'NONE', *, *, #1867, .T. ) ;
#722 = VECTOR ( 'NONE', #329, 1000.000000000000000 ) ;
#723 = CIRCLE ( 'NONE', #1471, 0.07499999999999998335 ) ;
#724 = DIRECTION ( 'NONE',  ( 0.000000000000000000, 0.000000000000000000, 1.000000000000000000 ) ) ;
#725 =( GEOMETRIC_REPRESENTATION_CONTEXT ( 3 ) GLOBAL_UNCERTAINTY_ASSIGNED_CONTEXT ( ( #323 ) ) GLOBAL_UNIT_ASSIGNED_CONTEXT ( ( #217, #2560, #1515 ) ) REPRESENTATION_CONTEXT ( 'NONE', 'WORKASPACE' ) );
#726 = ORIENTED_EDGE ( 'NONE', *, *, #1760, .T. ) ;
#727 = EDGE_CURVE ( 'NONE', #2629, #2177, #1444, .T. ) ;
#728 = ORIENTED_EDGE ( 'NONE', *, *, #2837, .T. ) ;
#729 = ORIENTED_EDGE ( 'NONE', *, *, #2318, .T. ) ;
#730 = LINE ( 'NONE', #413, #1407 ) ;
#731 = ADVANCED_FACE ( 'NONE', ( #961 ), #14, .F. ) ;
#732 = CARTESIAN_POINT ( 'NONE',  ( 0.9999999999999997780, 0.7749999999999998002, -0.02999999999999999889 ) ) ;
#733 = LINE ( 'NONE', #962, #87 ) ;
#734 = PLANE ( 'NONE',  #1353 ) ;
#735 = EDGE_CURVE ( 'NONE', #1546, #1807, #711, .T. ) ;
#736 = CARTESIAN_POINT ( 'NONE',  ( 0.9999999999999997780, 0.1249999999999997918, -0.02999999999999999889 ) ) ;
#737 = FACE_OUTER_BOUND ( 'NONE', #955, .T. ) ;
#738 = ORIENTED_EDGE ( 'NONE', *, *, #1430, .F. ) ;
#739 = DIRECTION ( 'NONE',  ( -1.000000000000000000, -3.097720492815726673E-16, -0.000000000000000000 ) ) ;
#740 = ADVANCED_FACE ( 'NONE', ( #1979 ), #2471, .F. ) ;
#741 = ORIENTED_EDGE ( 'NONE', *, *, #1601, .F. ) ;
#742 = EDGE_LOOP ( 'NONE', ( #797, #18, #586, #649 ) ) ;
#743 = CARTESIAN_POINT ( 'NONE',  ( 0.9999999999999997780, -0.7749999999999999112, -0.02999999999999999889 ) ) ;
#744 = DIRECTION ( 'NONE',  ( -1.000000000000000000, 0.000000000000000000, 0.000000000000000000 ) ) ;
#745 = DIRECTION ( 'NONE',  ( 1.000000000000000000, 0.000000000000000000, 0.000000000000000000 ) ) ;
#746 = LINE ( 'NONE', #2792, #2802 ) ;
#747 = DIRECTION ( 'NONE',  ( -0.000000000000000000, -0.000000000000000000, -1.000000000000000000 ) ) ;
#748 = DIRECTION ( 'NONE',  ( -0.000000000000000000, 0.000000000000000000, 1.000000000000000000 ) ) ;
#749 = CARTESIAN_POINT ( 'NONE',  ( -0.4299999999999998823, -0.7000000000000001776, 0.01000000000000000021 ) ) ;
#750 = EDGE_CURVE ( 'NONE', #1322, #3214, #695, .T. ) ;
#751 = DIRECTION ( 'NONE',  ( -0.000000000000000000, -1.000000000000000000, -0.000000000000000000 ) ) ;
#752 = LINE ( 'NONE', #1489, #813 ) ;
#753 = ORIENTED_EDGE ( 'NONE', *, *, #2355, .F. ) ;
#754 = ORIENTED_EDGE ( 'NONE', *, *, #2214, .T. ) ;
#755 = EDGE_CURVE ( 'NONE', #1681, #3149, #2742, .T. ) ;
#756 = ORIENTED_EDGE ( 'NONE', *, *, #264, .T. ) ;
#757 = ORIENTED_EDGE ( 'NONE', *, *, #1796, .F. ) ;
#758 = DIRECTION ( 'NONE',  ( 1.000000000000000000, 0.000000000000000000, 0.000000000000000000 ) ) ;
#759 = CARTESIAN_POINT ( 'NONE',  ( -0.9999999999999997780, -0.5250000000000000222, 0.1199999999999999956 ) ) ;
#760 = FACE_OUTER_BOUND ( 'NONE', #1308, .T. ) ;
#761 = CARTESIAN_POINT ( 'NONE',  ( 0.9999999999999997780, -0.7749999999999999112, -0.02999999999999999889 ) ) ;
#762 = LINE ( 'NONE', #2320, #2156 ) ;
#763 = DIRECTION ( 'NONE',  ( -0.000000000000000000, -0.000000000000000000, 1.000000000000000000 ) ) ;
#764 = CARTESIAN_POINT ( 'NONE',  ( -0.9699999999999998623, -0.9699999999999998623, 0.5999999999999999778 ) ) ;
#765 = VECTOR ( 'NONE', #238, 1000.000000000000000 ) ;
#766 = EDGE_CURVE ( 'NONE', #2186, #2653, #186, .T. ) ;
#767 = CARTESIAN_POINT ( 'NONE',  ( 0.6499999999999995781, 0.5250000000000000222, 0.1200000001517764758 ) ) ;
#768 = VECTOR ( 'NONE', #1123, 1000.000000000000000 ) ;
#769 = DIRECTION ( 'NONE',  ( -1.000000000000000000, 0.000000000000000000, 0.000000000000000000 ) ) ;
#770 = ORIENTED_EDGE ( 'NONE', *, *, #1743, .F. ) ;
#771 = VECTOR ( 'NONE', #132, 1000.000000000000000 ) ;
#772 = AXIS2_PLACEMENT_3D ( 'NONE', #1210, #3013, #2979 ) ;
#773 = AXIS2_PLACEMENT_3D ( 'NONE', #1481, #1742, #1174 ) ;
#774 = VECTOR ( 'NONE', #1408, 1000.000000000000000 ) ;
#775 = ORIENTED_EDGE ( 'NONE', *, *, #2725, .T. ) ;
#776 = ORIENTED_EDGE ( 'NONE', *, *, #1671, .T. ) ;
#777 = DIRECTION ( 'NONE',  ( -0.000000000000000000, -0.000000000000000000, 1.000000000000000000 ) ) ;
#778 = CARTESIAN_POINT ( 'NONE',  ( 0.3550000000000000933, 0.6999999999999998446, 0.01000000000000000021 ) ) ;
#779 = CARTESIAN_POINT ( 'NONE',  ( -0.9699999999999998623, 0.000000000000000000, 0.5699999999999999512 ) ) ;
#780 = CARTESIAN_POINT ( 'NONE',  ( -0.3549999999999999267, -0.7000000000000001776, 0.01000000000000000021 ) ) ;
#781 = FACE_OUTER_BOUND ( 'NONE', #1604, .T. ) ;
#782 = CARTESIAN_POINT ( 'NONE',  ( -0.4299999999999998268, 0.2000000000000004274, -0.02999999999999999889 ) ) ;
#783 = DIRECTION ( 'NONE',  ( -0.000000000000000000, 0.000000000000000000, -1.000000000000000000 ) ) ;
#784 = VERTEX_POINT ( 'NONE', #1195 ) ;
#785 = LINE ( 'NONE', #77, #339 ) ;
#786 = CARTESIAN_POINT ( 'NONE',  ( -0.5050000000000003375, -0.1249999999999998196, -0.02999999999999999889 ) ) ;
#787 = ORIENTED_EDGE ( 'NONE', *, *, #2137, .T. ) ;
#788 = CYLINDRICAL_SURFACE ( 'NONE', #1523, 0.07499999999999998335 ) ;
#789 = EDGE_CURVE ( 'NONE', #1025, #2337, #1228, .T. ) ;
#790 = DIRECTION ( 'NONE',  ( 0.000000000000000000, 1.000000000000000000, 0.000000000000000000 ) ) ;
#791 = FACE_OUTER_BOUND ( 'NONE', #69, .T. ) ;
#792 = CARTESIAN_POINT ( 'NONE',  ( 0.000000000000000000, 1.300000000000000044, 0.1199999999999999956 ) ) ;
#793 = EDGE_CURVE ( 'NONE', #3206, #2177, #2149, .T. ) ;
#794 = DIRECTION ( 'NONE',  ( -0.000000000000000000, -0.000000000000000000, -1.000000000000000000 ) ) ;
#795 = CARTESIAN_POINT ( 'NONE',  ( -0.9999999999999997780, -0.5250000000000000222, 0.1200000000949330570 ) ) ;
#796 = ORIENTED_EDGE ( 'NONE', *, *, #1030, .T. ) ;
#797 = ORIENTED_EDGE ( 'NONE', *, *, #727, .T. ) ;
#798 = CARTESIAN_POINT ( 'NONE',  ( -0.6499999999999998002, -0.5250000000000000222, -0.02999999999999999889 ) ) ;
#799 = ORIENTED_EDGE ( 'NONE', *, *, #2524, .F. ) ;
#800 = ORIENTED_EDGE ( 'NONE', *, *, #1185, .T. ) ;
#801 = ADVANCED_FACE ( 'NONE', ( #2232 ), #2778, .F. ) ;
#802 = VERTEX_POINT ( 'NONE', #2249 ) ;
#803 = DIRECTION ( 'NONE',  ( 0.000000000000000000, 0.000000000000000000, 1.000000000000000000 ) ) ;
#804 = CARTESIAN_POINT ( 'NONE',  ( 0.6499999999999995781, -0.7749999999999999112, 0.1199999999999999956 ) ) ;
#805 = CARTESIAN_POINT ( 'NONE',  ( -0.9999999999999997780, -0.7749999999999999112, -0.02999999999999999889 ) ) ;
#806 = EDGE_CURVE ( 'NONE', #267, #857, #234, .T. ) ;
#807 = DIRECTION ( 'NONE',  ( -1.000000000000000000, 0.000000000000000000, 0.000000000000000000 ) ) ;
#808 = DIRECTION ( 'NONE',  ( 1.000000000000000000, 0.000000000000000000, 0.000000000000000000 ) ) ;
#809 = ORIENTED_EDGE ( 'NONE', *, *, #2946, .F. ) ;
#810 = VECTOR ( 'NONE', #2817, 1000.000000000000000 ) ;
#811 = ADVANCED_FACE ( 'NONE', ( #3127 ), #1324, .T. ) ;
#812 = ORIENTED_EDGE ( 'NONE', *, *, #2567, .F. ) ;
#813 = VECTOR ( 'NONE', #434, 1000.000000000000000 ) ;
#814 = AXIS2_PLACEMENT_3D ( 'NONE', #3196, #2140, #889 ) ;
#815 = CIRCLE ( 'NONE', #2697, 0.07499999999999998335 ) ;
#816 = ORIENTED_EDGE ( 'NONE', *, *, #645, .F. ) ;
#817 = VECTOR ( 'NONE', #1714, 1000.000000000000000 ) ;
#818 = VERTEX_POINT ( 'NONE', #27 ) ;
#819 = VECTOR ( 'NONE', #422, 1000.000000000000000 ) ;
#820 = EDGE_CURVE ( 'NONE', #2853, #591, #3082, .T. ) ;
#821 = SURFACE_STYLE_FILL_AREA ( #2618 ) ;
#822 = MANIFOLD_SOLID_BREP ( 'LPattern2[4]', #862 ) ;
#823 = VECTOR ( 'NONE', #1464, 1000.000000000000000 ) ;
#824 = DIRECTION ( 'NONE',  ( 0.000000000000000000, -0.000000000000000000, -1.000000000000000000 ) ) ;
#825 = DIRECTION ( 'NONE',  ( -0.000000000000000000, -0.000000000000000000, -1.000000000000000000 ) ) ;
#826 = DIRECTION ( 'NONE',  ( 0.000000000000000000, 0.000000000000000000, 1.000000000000000000 ) ) ;
#827 = CARTESIAN_POINT ( 'NONE',  ( -0.9999999999999997780, -0.9999999999999997780, 0.000000000000000000 ) ) ;
#828 = ORIENTED_EDGE ( 'NONE', *, *, #327, .T. ) ;
#829 = ORIENTED_EDGE ( 'NONE', *, *, #1743, .T. ) ;
#830 = ORIENTED_EDGE ( 'NONE', *, *, #3195, .T. ) ;
#831 = DIRECTION ( 'NONE',  ( -0.000000000000000000, -0.000000000000000000, 1.000000000000000000 ) ) ;
#832 = ORIENTED_EDGE ( 'NONE', *, *, #2345, .F. ) ;
#833 = ORIENTED_EDGE ( 'NONE', *, *, #1861, .T. ) ;
#834 = EDGE_CURVE ( 'NONE', #1733, #2504, #1060, .T. ) ;
#835 = CARTESIAN_POINT ( 'NONE',  ( 0.3549999999999995937, 0.7749999999999999112, 0.01000000000000000021 ) ) ;
#836 = DIRECTION ( 'NONE',  ( -1.000000000000000000, 0.000000000000000000, 0.000000000000000000 ) ) ;
#837 = FACE_OUTER_BOUND ( 'NONE', #1065, .T. ) ;
#838 = VERTEX_POINT ( 'NONE', #804 ) ;
#839 = EDGE_CURVE ( 'NONE', #1819, #3051, #2352, .T. ) ;
#840 = CARTESIAN_POINT ( 'NONE',  ( 0.3549999999999995937, -0.7750000000000002442, 0.000000000000000000 ) ) ;
#841 = EDGE_LOOP ( 'NONE', ( #2556, #2252, #1719, #2299 ) ) ;
#842 = LINE ( 'NONE', #3135, #1085 ) ;
#843 = ORIENTED_EDGE ( 'NONE', *, *, #2387, .T. ) ;
#844 = ORIENTED_EDGE ( 'NONE', *, *, #2837, .F. ) ;
#845 = PLANE ( 'NONE',  #1519 ) ;
#846 = MANIFOLD_SOLID_BREP ( 'Boss-Extrude2[2]', #1987 ) ;
#847 = VERTEX_POINT ( 'NONE', #518 ) ;
#848 = EDGE_CURVE ( 'NONE', #277, #2350, #1536, .T. ) ;
#849 = ORIENTED_EDGE ( 'NONE', *, *, #3287, .F. ) ;
#850 = EDGE_CURVE ( 'NONE', #802, #1478, #271, .T. ) ;
#851 = APPLICATION_CONTEXT ( 'automotive_design' ) ;
#852 = CARTESIAN_POINT ( 'NONE',  ( 0.9999999999999997780, -0.1249999999999998890, 0.1199999999999999956 ) ) ;
#853 = CARTESIAN_POINT ( 'NONE',  ( 0.6499999999999995781, 0.5250000000000000222, -0.02999999999999999889 ) ) ;
#854 =( LENGTH_UNIT ( ) NAMED_UNIT ( * ) SI_UNIT ( .MILLI., .METRE. ) );
#855 = EDGE_LOOP ( 'NONE', ( #75, #1398, #832, #1815 ) ) ;
#856 = LINE ( 'NONE', #2185, #2900 ) ;
#857 = VERTEX_POINT ( 'NONE', #3067 ) ;
#858 = CARTESIAN_POINT ( 'NONE',  ( -0.6499999999999998002, 0.1249999999999998890, 0.1199999999999999956 ) ) ;
#859 = EDGE_CURVE ( 'NONE', #3039, #2941, #2829, .T. ) ;
#860 = ORIENTED_EDGE ( 'NONE', *, *, #20, .T. ) ;
#861 = CARTESIAN_POINT ( 'NONE',  ( 0.9700000000000003064, 0.9700000000000003064, 0.5699999999999999512 ) ) ;
#862 = CLOSED_SHELL ( 'NONE', ( #801, #242, #2713, #2095, #2134, #360 ) ) ;
#863 = PRESENTATION_STYLE_ASSIGNMENT (( #160 ) ) ;
#864 = CARTESIAN_POINT ( 'NONE',  ( -0.4299999999999998823, -0.2000000000000002887, -0.02999999999999999889 ) ) ;
#865 = AXIS2_PLACEMENT_3D ( 'NONE', #2996, #979, #1015 ) ;
#866 = EDGE_LOOP ( 'NONE', ( #490, #352, #2163, #1973 ) ) ;
#867 = ORIENTED_EDGE ( 'NONE', *, *, #1092, .F. ) ;
#868 = VECTOR ( 'NONE', #3069, 1000.000000000000000 ) ;
#869 = AXIS2_PLACEMENT_3D ( 'NONE', #1247, #2513, #3215 ) ;
#870 = ORIENTED_EDGE ( 'NONE', *, *, #1628, .F. ) ;
#871 = PRESENTATION_STYLE_ASSIGNMENT (( #3180 ) ) ;
#872 = DIRECTION ( 'NONE',  ( 1.000000000000000000, 0.000000000000000000, 0.000000000000000000 ) ) ;
#873 = VECTOR ( 'NONE', #658, 1000.000000000000000 ) ;
#874 = DIRECTION ( 'NONE',  ( -1.000000000000000000, 0.000000000000000000, 0.000000000000000000 ) ) ;
#875 = AXIS2_PLACEMENT_3D ( 'NONE', #2305, #3097, #304 ) ;
#876 = DIRECTION ( 'NONE',  ( -1.000000000000000000, 0.000000000000000000, -0.000000000000000000 ) ) ;
#877 = VECTOR ( 'NONE', #507, 1000.000000000000000 ) ;
#878 = ORIENTED_EDGE ( 'NONE', *, *, #793, .T. ) ;
#879 = LINE ( 'NONE', #3148, #768 ) ;
#880 = ORIENTED_EDGE ( 'NONE', *, *, #2280, .T. ) ;
#881 = CARTESIAN_POINT ( 'NONE',  ( 0.6499999999999995781, 0.1249999999999997918, 0.1199999999999999956 ) ) ;
#882 = MANIFOLD_SOLID_BREP ( 'Boss-Extrude2[1]', #443 ) ;
#883 = CARTESIAN_POINT ( 'NONE',  ( -0.9999999999999997780, 0.7750000000000000222, 0.1199999999999999956 ) ) ;
#884 = DIRECTION ( 'NONE',  ( -1.000000000000000000, 0.000000000000000000, 0.000000000000000000 ) ) ;
#885 = LINE ( 'NONE', #652, #817 ) ;
#886 = EDGE_CURVE ( 'NONE', #912, #439, #2400, .T. ) ;
#887 = EDGE_LOOP ( 'NONE', ( #2136, #1153, #205, #93 ) ) ;
#888 = ORIENTED_EDGE ( 'NONE', *, *, #1022, .F. ) ;
#889 = DIRECTION ( 'NONE',  ( 1.000000000000000000, 0.000000000000000000, 0.000000000000000000 ) ) ;
#890 = DIRECTION ( 'NONE',  ( -0.000000000000000000, -0.000000000000000000, 1.000000000000000000 ) ) ;
#891 = DIRECTION ( 'NONE',  ( 0.000000000000000000, -0.000000000000000000, -1.000000000000000000 ) ) ;
#892 = DIRECTION ( 'NONE',  ( -0.000000000000000000, -0.000000000000000000, 1.000000000000000000 ) ) ;
#893 = EDGE_LOOP ( 'NONE', ( #870, #597, #3280, #2255 ) ) ;
#894 = DIRECTION ( 'NONE',  ( -1.000000000000000000, 1.869314090492256700E-16, 0.000000000000000000 ) ) ;
#895 = EDGE_LOOP ( 'NONE', ( #162, #2038, #1753, #587, #2239, #1649, #2158, #364, #2722, #2283, #2359, #3147, #2537, #3187 ) ) ;
#896 = CYLINDRICAL_SURFACE ( 'NONE', #2647, 0.02999999999999997113 ) ;
#897 = ORIENTED_EDGE ( 'NONE', *, *, #2594, .F. ) ;
#898 = FACE_OUTER_BOUND ( 'NONE', #2505, .T. ) ;
#899 = EDGE_CURVE ( 'NONE', #818, #322, #3095, .T. ) ;
#900 = DIRECTION ( 'NONE',  ( 0.000000000000000000, 0.000000000000000000, -1.000000000000000000 ) ) ;
#901 = ORIENTED_EDGE ( 'NONE', *, *, #3177, .T. ) ;
#902 = VERTEX_POINT ( 'NONE', #1156 ) ;
#903 = ADVANCED_FACE ( 'NONE', ( #1372 ), #2416, .F. ) ;
#904 = FILL_AREA_STYLE ('',( #2655 ) ) ;
#905 = DIRECTION ( 'NONE',  ( -0.000000000000000000, 0.000000000000000000, -1.000000000000000000 ) ) ;
#906 = CARTESIAN_POINT ( 'NONE',  ( -0.4299999999999998823, -0.2000000000000002887, 0.01000000000000000021 ) ) ;
#907 = CARTESIAN_POINT ( 'NONE',  ( -0.9999999999999997780, 0.7750000000000000222, -0.02999999999999999889 ) ) ;
#908 = DIRECTION ( 'NONE',  ( 0.000000000000000000, 0.000000000000000000, 1.000000000000000000 ) ) ;
#909 = ORIENTED_EDGE ( 'NONE', *, *, #2544, .F. ) ;
#910 = CARTESIAN_POINT ( 'NONE',  ( -0.5049999999999997824, 0.1999999999999998723, -0.02999999999999999889 ) ) ;
#911 = EDGE_CURVE ( 'NONE', #2102, #333, #395, .T. ) ;
#912 = VERTEX_POINT ( 'NONE', #2194 ) ;
#913 = CARTESIAN_POINT ( 'NONE',  ( 0.4300000000000001044, 0.6999999999999992895, 0.01000000000000000021 ) ) ;
#914 = CARTESIAN_POINT ( 'NONE',  ( 0.3550000000000000933, -0.7000000000000001776, -0.02999999999999999889 ) ) ;
#915 = EDGE_CURVE ( 'NONE', #2799, #1479, #1298, .T. ) ;
#916 = MANIFOLD_SOLID_BREP ( 'LPattern2[1]', #1512 ) ;
#917 = ORIENTED_EDGE ( 'NONE', *, *, #956, .T. ) ;
#918 = VECTOR ( 'NONE', #718, 1000.000000000000000 ) ;
#919 = ORIENTED_EDGE ( 'NONE', *, *, #1333, .F. ) ;
#920 = AXIS2_PLACEMENT_3D ( 'NONE', #647, #2966, #353 ) ;
#921 = CARTESIAN_POINT ( 'NONE',  ( -0.7699999999999997957, 0.7700000000000002398, 0.5899999999999999689 ) ) ;
#922 = DIRECTION ( 'NONE',  ( -0.000000000000000000, -0.000000000000000000, 1.000000000000000000 ) ) ;
#923 = ADVANCED_FACE ( 'NONE', ( #2437 ), #1173, .F. ) ;
#924 = VECTOR ( 'NONE', #2625, 1000.000000000000000 ) ;
#925 = MECHANICAL_DESIGN_GEOMETRIC_PRESENTATION_REPRESENTATION (  '', ( #292 ), #2053 ) ;
#926 = VECTOR ( 'NONE', #1906, 1000.000000000000000 ) ;
#927 = CARTESIAN_POINT ( 'NONE',  ( 0.9999999999999997780, -0.5250000000000001332, 0.1199999999999999956 ) ) ;
#928 = VECTOR ( 'NONE', #2428, 1000.000000000000000 ) ;
#929 = CARTESIAN_POINT ( 'NONE',  ( 0.9999999999999997780, -0.5250000000000001332, -0.02999999999999999889 ) ) ;
#930 = EDGE_LOOP ( 'NONE', ( #2409, #2626, #2886, #1772 ) ) ;
#931 = LINE ( 'NONE', #1501, #3169 ) ;
#932 = EDGE_CURVE ( 'NONE', #3051, #3137, #1605, .T. ) ;
#933 = VECTOR ( 'NONE', #1093, 1000.000000000000000 ) ;
#934 = VECTOR ( 'NONE', #2582, 1000.000000000000000 ) ;
#935 = CARTESIAN_POINT ( 'NONE',  ( 1.000000000000000222, 0.9700000000000001954, 0.000000000000000000 ) ) ;
#936 = CARTESIAN_POINT ( 'NONE',  ( -0.5050000000000003375, 0.1249999999999999167, 0.01000000000000000021 ) ) ;
#937 = FACE_OUTER_BOUND ( 'NONE', #1839, .T. ) ;
#938 =( GEOMETRIC_REPRESENTATION_CONTEXT ( 3 ) GLOBAL_UNCERTAINTY_ASSIGNED_CONTEXT ( ( #3123 ) ) GLOBAL_UNIT_ASSIGNED_CONTEXT ( ( #1894, #2216, #2493 ) ) REPRESENTATION_CONTEXT ( 'NONE', 'WORKASPACE' ) );
#939 = LINE ( 'NONE', #2503, #1350 ) ;
#940 = EDGE_CURVE ( 'NONE', #1927, #1765, #1358, .T. ) ;
#941 = VERTEX_POINT ( 'NONE', #1460 ) ;
#942 = DIRECTION ( 'NONE',  ( 0.000000000000000000, 0.000000000000000000, -1.000000000000000000 ) ) ;
#943 = FACE_OUTER_BOUND ( 'NONE', #1416, .T. ) ;
#944 = DIRECTION ( 'NONE',  ( 0.000000000000000000, -1.000000000000000000, 0.000000000000000000 ) ) ;
#945 = EDGE_CURVE ( 'NONE', #461, #2188, #660, .T. ) ;
#946 = CARTESIAN_POINT ( 'NONE',  ( 0.6499999999999995781, -0.7749999999999999112, 0.000000000000000000 ) ) ;
#947 = CARTESIAN_POINT ( 'NONE',  ( 0.4300000000000001044, -0.7000000000000001776, 0.01000000000000000021 ) ) ;
#948 = EDGE_LOOP ( 'NONE', ( #704, #2138, #2838 ) ) ;
#949 = CARTESIAN_POINT ( 'NONE',  ( -0.9699999999999998623, 1.000000000000000222, 0.000000000000000000 ) ) ;
#950 = EDGE_CURVE ( 'NONE', #1487, #1131, #608, .T. ) ;
#951 = CARTESIAN_POINT ( 'NONE',  ( 0.3549999999999995937, -0.7750000000000002442, -0.02999999999999999889 ) ) ;
#952 = LINE ( 'NONE', #936, #2869 ) ;
#953 = CARTESIAN_POINT ( 'NONE',  ( -0.4299999999999998268, 0.2000000000000004274, 0.01000000000000000021 ) ) ;
#954 = CARTESIAN_POINT ( 'NONE',  ( -0.9999999999999997780, 0.5250000000000000222, 0.1199999999999999956 ) ) ;
#955 = EDGE_LOOP ( 'NONE', ( #441, #1216, #2294, #1617, #437, #3179 ) ) ;
#956 = EDGE_CURVE ( 'NONE', #322, #1329, #1401, .T. ) ;
#957 = ORIENTED_EDGE ( 'NONE', *, *, #2617, .T. ) ;
#958 = ORIENTED_EDGE ( 'NONE', *, *, #2681, .T. ) ;
#959 = DIRECTION ( 'NONE',  ( 1.000000000000000000, -0.000000000000000000, 0.000000000000000000 ) ) ;
#960 = CARTESIAN_POINT ( 'NONE',  ( 0.6499999999999995781, 0.1249999999999997918, -0.02999999999999999889 ) ) ;
#961 = FACE_OUTER_BOUND ( 'NONE', #654, .T. ) ;
#962 = CARTESIAN_POINT ( 'NONE',  ( 0.3549999999999995937, -0.7750000000000002442, 0.01000000000000000021 ) ) ;
#963 = LINE ( 'NONE', #714, #1306 ) ;
#964 = DIRECTION ( 'NONE',  ( -0.000000000000000000, -0.000000000000000000, -1.000000000000000000 ) ) ;
#965 = CARTESIAN_POINT ( 'NONE',  ( 0.3549999999999995937, 0.7749999999999999112, 0.01000000000000000021 ) ) ;
#966 = ORIENTED_EDGE ( 'NONE', *, *, #2291, .T. ) ;
#967 = EDGE_CURVE ( 'NONE', #2167, #1068, #973, .T. ) ;
#968 = DIRECTION ( 'NONE',  ( -0.000000000000000000, 1.000000000000000000, -0.000000000000000000 ) ) ;
#969 = ORIENTED_EDGE ( 'NONE', *, *, #1883, .T. ) ;
#970 = ORIENTED_EDGE ( 'NONE', *, *, #81, .T. ) ;
#971 = ORIENTED_EDGE ( 'NONE', *, *, #2603, .T. ) ;
#972 = ORIENTED_EDGE ( 'NONE', *, *, #1264, .T. ) ;
#973 = LINE ( 'NONE', #3207, #606 ) ;
#974 = VECTOR ( 'NONE', #373, 1000.000000000000000 ) ;
#975 = DIRECTION ( 'NONE',  ( 0.000000000000000000, -0.000000000000000000, -1.000000000000000000 ) ) ;
#976 = ADVANCED_FACE ( 'NONE', ( #1240 ), #252, .T. ) ;
#977 = AXIS2_PLACEMENT_3D ( 'NONE', #120, #1363, #2710 ) ;
#978 = PLANE ( 'NONE',  #1787 ) ;
#979 = DIRECTION ( 'NONE',  ( 3.097720492815726673E-16, 1.000000000000000000, -0.000000000000000000 ) ) ;
#980 = VECTOR ( 'NONE', #2695, 1000.000000000000000 ) ;
#981 = FACE_OUTER_BOUND ( 'NONE', #2082, .T. ) ;
#982 = VECTOR ( 'NONE', #1118, 1000.000000000000000 ) ;
#983 = VECTOR ( 'NONE', #2343, 1000.000000000000000 ) ;
#984 = LINE ( 'NONE', #453, #2686 ) ;
#985 = DIRECTION ( 'NONE',  ( -0.000000000000000000, -0.000000000000000000, 1.000000000000000000 ) ) ;
#986 = EDGE_LOOP ( 'NONE', ( #2786, #2399, #626, #1377 ) ) ;
#987 = EDGE_CURVE ( 'NONE', #2568, #1117, #2245, .T. ) ;
#988 = VECTOR ( 'NONE', #258, 1000.000000000000000 ) ;
#989 = CARTESIAN_POINT ( 'NONE',  ( -0.6499999999999998002, -0.7749999999999998002, 0.1200000000949330570 ) ) ;
#990 = EDGE_LOOP ( 'NONE', ( #390, #525, #3170, #2519 ) ) ;
#991 = ADVANCED_FACE ( 'NONE', ( #3229 ), #3258, .F. ) ;
#992 = VECTOR ( 'NONE', #2254, 1000.000000000000000 ) ;
#993 = ORIENTED_EDGE ( 'NONE', *, *, #2823, .F. ) ;
#994 = EDGE_CURVE ( 'NONE', #322, #616, #715, .T. ) ;
#995 = ORIENTED_EDGE ( 'NONE', *, *, #2718, .F. ) ;
#996 = DIRECTION ( 'NONE',  ( 0.000000000000000000, 0.000000000000000000, 1.000000000000000000 ) ) ;
#997 = CARTESIAN_POINT ( 'NONE',  ( 0.6499999999999995781, -0.5250000000000001332, 0.1199999999999999956 ) ) ;
#998 = CARTESIAN_POINT ( 'NONE',  ( -0.5049999999999997824, 0.1999999999999998723, 0.01000000000000000021 ) ) ;
#999 = CARTESIAN_POINT ( 'NONE',  ( 0.9999999999999997780, 0.5250000000000000222, -0.02999999999999999889 ) ) ;
#1000 = CARTESIAN_POINT ( 'NONE',  ( 0.4300000000000001044, 0.6999999999999992895, 0.01000000000000000021 ) ) ;
#1001 = CARTESIAN_POINT ( 'NONE',  ( -0.9999999999999997780, 0.5250000000000000222, 0.1199999999999999956 ) ) ;
#1002 = EDGE_CURVE ( 'NONE', #784, #802, #1877, .T. ) ;
#1003 = CARTESIAN_POINT ( 'NONE',  ( -0.9999999999999997780, 0.7750000000000000222, 0.1199999999999999956 ) ) ;
#1004 = DIRECTION ( 'NONE',  ( -1.000000000000000000, 0.000000000000000000, 0.000000000000000000 ) ) ;
#1005 = VERTEX_POINT ( 'NONE', #743 ) ;
#1006 = LINE ( 'NONE', #2533, #819 ) ;
#1007 = ADVANCED_FACE ( 'NONE', ( #1977 ), #2489, .F. ) ;
#1008 = EDGE_LOOP ( 'NONE', ( #97, #2171, #1673, #1633 ) ) ;
#1009 = ORIENTED_EDGE ( 'NONE', *, *, #1766, .F. ) ;
#1010 = ORIENTED_EDGE ( 'NONE', *, *, #932, .F. ) ;
#1011 = CARTESIAN_POINT ( 'NONE',  ( -0.9999999999999997780, -0.9699999999999998623, 0.000000000000000000 ) ) ;
#1012 = CYLINDRICAL_SURFACE ( 'NONE', #510, 0.1000000000000001582 ) ;
#1013 = EDGE_CURVE ( 'NONE', #669, #554, #478, .T. ) ;
#1014 = DIRECTION ( 'NONE',  ( -0.000000000000000000, 0.000000000000000000, 1.000000000000000000 ) ) ;
#1015 = DIRECTION ( 'NONE',  ( -1.000000000000000000, 3.097720492815726673E-16, 0.000000000000000000 ) ) ;
#1016 = LINE ( 'NONE', #1778, #1402 ) ;
#1017 = DIRECTION ( 'NONE',  ( 1.000000000000000000, 0.000000000000000000, 0.000000000000000000 ) ) ;
#1018 = DIRECTION ( 'NONE',  ( -0.000000000000000000, 0.000000000000000000, 1.000000000000000000 ) ) ;
#1019 = CARTESIAN_POINT ( 'NONE',  ( -0.6499999999999998002, -0.5250000000000000222, 0.000000000000000000 ) ) ;
#1020 = LINE ( 'NONE', #827, #1083 ) ;
#1021 = ORIENTED_EDGE ( 'NONE', *, *, #2744, .F. ) ;
#1022 = EDGE_CURVE ( 'NONE', #2906, #1334, #1705, .T. ) ;
#1023 = ORIENTED_EDGE ( 'NONE', *, *, #68, .F. ) ;
#1024 = DIRECTION ( 'NONE',  ( 0.000000000000000000, 1.000000000000000000, -0.000000000000000000 ) ) ;
#1025 = VERTEX_POINT ( 'NONE', #2738 ) ;
#1026 = VERTEX_POINT ( 'NONE', #442 ) ;
#1027 = DIRECTION ( 'NONE',  ( -0.000000000000000000, -0.000000000000000000, -1.000000000000000000 ) ) ;
#1028 = DIRECTION ( 'NONE',  ( -1.000000000000000000, 0.000000000000000000, -0.000000000000000000 ) ) ;
#1029 = CIRCLE ( 'NONE', #1127, 0.07499999999999998335 ) ;
#1030 = EDGE_CURVE ( 'NONE', #2787, #1927, #231, .T. ) ;
#1031 = DIRECTION ( 'NONE',  ( -0.000000000000000000, -0.000000000000000000, -1.000000000000000000 ) ) ;
#1032 = CARTESIAN_POINT ( 'NONE',  ( -0.8699999999999999956, 0.7700000000000002398, 0.5899999999999999689 ) ) ;
#1033 = CYLINDRICAL_SURFACE ( 'NONE', #1836, 0.07499999999999998335 ) ;
#1034 = VECTOR ( 'NONE', #138, 1000.000000000000000 ) ;
#1035 = EDGE_CURVE ( 'NONE', #1171, #1329, #1511, .T. ) ;
#1036 = FACE_OUTER_BOUND ( 'NONE', #2488, .T. ) ;
#1037 = STYLED_ITEM ( 'NONE', ( #3110 ), #846 ) ;
#1038 = CARTESIAN_POINT ( 'NONE',  ( 0.9999999999999997780, 0.7749999999999998002, 0.1199999999999999956 ) ) ;
#1039 = ORIENTED_EDGE ( 'NONE', *, *, #1671, .F. ) ;
#1040 = CARTESIAN_POINT ( 'NONE',  ( -0.6499999999999998002, 0.5250000000000001332, -0.02999999999999999889 ) ) ;
#1041 = AXIS2_PLACEMENT_3D ( 'NONE', #2037, #2578, #2072 ) ;
#1042 = AXIS2_PLACEMENT_3D ( 'NONE', #3154, #803, #2587 ) ;
#1043 = CARTESIAN_POINT ( 'NONE',  ( 1.000000000000000222, -0.9999999999999997780, 0.000000000000000000 ) ) ;
#1044 = CIRCLE ( 'NONE', #1572, 0.07499999999999998335 ) ;
#1045 = AXIS2_PLACEMENT_3D ( 'NONE', #778, #480, #1244 ) ;
#1046 = STYLED_ITEM ( 'NONE', ( #863 ), #1969 ) ;
#1047 = EDGE_LOOP ( 'NONE', ( #2978, #787, #6, #2116, #1469, #576, #1315, #2884, #493, #2848, #721, #1718, #648, #1709 ) ) ;
#1048 = ORIENTED_EDGE ( 'NONE', *, *, #1971, .F. ) ;
#1049 = FACE_OUTER_BOUND ( 'NONE', #1505, .T. ) ;
#1050 = FILL_AREA_STYLE ('',( #2068 ) ) ;
#1051 = DIRECTION ( 'NONE',  ( -1.000000000000000000, 0.000000000000000000, 0.000000000000000000 ) ) ;
#1052 = CARTESIAN_POINT ( 'NONE',  ( -0.9999999999999997780, -0.9999999999999997780, 0.000000000000000000 ) ) ;
#1053 = CARTESIAN_POINT ( 'NONE',  ( -0.5050000000000003375, 0.1249999999999998890, -0.02999999999999999889 ) ) ;
#1054 = VERTEX_POINT ( 'NONE', #2723 ) ;
#1055 = EDGE_CURVE ( 'NONE', #2867, #1733, #2761, .T. ) ;
#1056 = CARTESIAN_POINT ( 'NONE',  ( 0.3549999999999995937, -0.7750000000000002442, -0.02999999999999999889 ) ) ;
#1057 = ORIENTED_EDGE ( 'NONE', *, *, #1760, .F. ) ;
#1058 = CARTESIAN_POINT ( 'NONE',  ( 0.3549999999999995937, -0.7750000000000002442, 0.01000000000000000021 ) ) ;
#1059 = EDGE_CURVE ( 'NONE', #2167, #2186, #2480, .T. ) ;
#1060 = LINE ( 'NONE', #313, #239 ) ;
#1061 = CARTESIAN_POINT ( 'NONE',  ( 0.9700000000000003064, -0.9699999999999998623, 0.000000000000000000 ) ) ;
#1062 = CARTESIAN_POINT ( 'NONE',  ( -0.8699999999999999956, 0.7700000000000002398, 0.5999999999999999778 ) ) ;
#1063 = DIRECTION ( 'NONE',  ( -0.000000000000000000, 0.000000000000000000, 1.000000000000000000 ) ) ;
#1064 = ORIENTED_EDGE ( 'NONE', *, *, #320, .T. ) ;
#1065 = EDGE_LOOP ( 'NONE', ( #796, #1110, #738, #2467 ) ) ;
#1066 = LINE ( 'NONE', #2084, #1728 ) ;
#1067 = ADVANCED_FACE ( 'NONE', ( #1226 ), #1547, .T. ) ;
#1068 = VERTEX_POINT ( 'NONE', #2916 ) ;
#1069 = ORIENTED_EDGE ( 'NONE', *, *, #2007, .F. ) ;
#1070 = SURFACE_STYLE_FILL_AREA ( #1050 ) ;
#1071 = CYLINDRICAL_SURFACE ( 'NONE', #565, 0.02999999999999997113 ) ;
#1072 = SURFACE_STYLE_USAGE ( .BOTH. , #2904 ) ;
#1073 = DIRECTION ( 'NONE',  ( 1.000000000000000000, 0.000000000000000000, -0.000000000000000000 ) ) ;
#1074 = CARTESIAN_POINT ( 'NONE',  ( -0.9999999999999997780, 1.000000000000000222, 0.000000000000000000 ) ) ;
#1075 = EDGE_CURVE ( 'NONE', #2266, #2207, #1822, .T. ) ;
#1076 = VERTEX_POINT ( 'NONE', #1881 ) ;
#1077 = AXIS2_PLACEMENT_3D ( 'NONE', #1331, #2395, #1317 ) ;
#1078 = AXIS2_PLACEMENT_3D ( 'NONE', #761, #1214, #466 ) ;
#1079 = EDGE_LOOP ( 'NONE', ( #199, #1660, #33, #3167 ) ) ;
#1080 = DIRECTION ( 'NONE',  ( 1.000000000000000000, 0.000000000000000000, 0.000000000000000000 ) ) ;
#1081 = LINE ( 'NONE', #2104, #3010 ) ;
#1082 = EDGE_CURVE ( 'NONE', #3120, #1807, #1638, .T. ) ;
#1083 = VECTOR ( 'NONE', #536, 1000.000000000000000 ) ;
#1084 = ORIENTED_EDGE ( 'NONE', *, *, #2609, .F. ) ;
#1085 = VECTOR ( 'NONE', #2892, 1000.000000000000000 ) ;
#1086 = VECTOR ( 'NONE', #2206, 1000.000000000000000 ) ;
#1087 = MECHANICAL_DESIGN_GEOMETRIC_PRESENTATION_REPRESENTATION (  '', ( #1046 ), #2162 ) ;
#1088 = ADVANCED_FACE ( 'NONE', ( #1049 ), #2827, .T. ) ;
#1089 = CARTESIAN_POINT ( 'NONE',  ( 0.000000000000000000, 0.000000000000000000, 0.000000000000000000 ) ) ;
#1090 = VECTOR ( 'NONE', #661, 1000.000000000000000 ) ;
#1091 = DIRECTION ( 'NONE',  ( 1.000000000000000000, 0.000000000000000000, 0.000000000000000000 ) ) ;
#1092 = EDGE_CURVE ( 'NONE', #22, #377, #2573, .T. ) ;
#1093 = DIRECTION ( 'NONE',  ( -0.000000000000000000, -0.000000000000000000, -1.000000000000000000 ) ) ;
#1094 = ORIENTED_EDGE ( 'NONE', *, *, #1097, .F. ) ;
#1095 = DIRECTION ( 'NONE',  ( 1.000000000000000000, 0.000000000000000000, 0.000000000000000000 ) ) ;
#1096 = VERTEX_POINT ( 'NONE', #1619 ) ;
#1097 = EDGE_CURVE ( 'NONE', #1475, #2169, #297, .T. ) ;
#1098 = ORIENTED_EDGE ( 'NONE', *, *, #1256, .F. ) ;
#1099 = LINE ( 'NONE', #1114, #1400 ) ;
#1100 = ORIENTED_EDGE ( 'NONE', *, *, #64, .T. ) ;
#1101 = ORIENTED_EDGE ( 'NONE', *, *, #492, .F. ) ;
#1102 = ORIENTED_EDGE ( 'NONE', *, *, #2946, .T. ) ;
#1103 = SHAPE_DEFINITION_REPRESENTATION ( #2112, #1284 ) ;
#1104 = CARTESIAN_POINT ( 'NONE',  ( -0.9999999999999997780, 0.1250000000000000000, 0.1199999999999999956 ) ) ;
#1105 = DIRECTION ( 'NONE',  ( 0.000000000000000000, 0.000000000000000000, -1.000000000000000000 ) ) ;
#1106 = EDGE_CURVE ( 'NONE', #2207, #2044, #2665, .T. ) ;
#1107 = DIRECTION ( 'NONE',  ( 1.000000000000000000, 0.000000000000000000, 0.000000000000000000 ) ) ;
#1108 = VERTEX_POINT ( 'NONE', #375 ) ;
#1109 = PLANE ( 'NONE',  #920 ) ;
#1110 = ORIENTED_EDGE ( 'NONE', *, *, #940, .T. ) ;
#1111 = DIRECTION ( 'NONE',  ( 0.000000000000000000, 1.000000000000000000, -0.000000000000000000 ) ) ;
#1112 = EDGE_CURVE ( 'NONE', #653, #3089, #2286, .T. ) ;
#1113 = DIRECTION ( 'NONE',  ( -0.000000000000000000, -0.000000000000000000, 1.000000000000000000 ) ) ;
#1114 = CARTESIAN_POINT ( 'NONE',  ( 0.9700000000000001954, -0.9999999999999997780, 0.5999999999999999778 ) ) ;
#1115 = FACE_OUTER_BOUND ( 'NONE', #2658, .T. ) ;
#1116 = ORIENTED_EDGE ( 'NONE', *, *, #2622, .T. ) ;
#1117 = VERTEX_POINT ( 'NONE', #268 ) ;
#1118 = DIRECTION ( 'NONE',  ( -0.000000000000000000, 1.000000000000000000, -0.000000000000000000 ) ) ;
#1119 = LINE ( 'NONE', #852, #2640 ) ;
#1120 = DIRECTION ( 'NONE',  ( 0.000000000000000000, 1.000000000000000000, 0.000000000000000000 ) ) ;
#1121 = SURFACE_STYLE_USAGE ( .BOTH. , #2039 ) ;
#1122 = ORIENTED_EDGE ( 'NONE', *, *, #1435, .T. ) ;
#1123 = DIRECTION ( 'NONE',  ( -0.000000000000000000, -0.000000000000000000, -1.000000000000000000 ) ) ;
#1124 = VERTEX_POINT ( 'NONE', #1795 ) ;
#1125 = ORIENTED_EDGE ( 'NONE', *, *, #2387, .F. ) ;
#1126 = LINE ( 'NONE', #883, #3264 ) ;
#1127 = AXIS2_PLACEMENT_3D ( 'NONE', #336, #1113, #2132 ) ;
#1128 = FACE_OUTER_BOUND ( 'NONE', #79, .T. ) ;
#1129 = LINE ( 'NONE', #2155, #1249 ) ;
#1130 = AXIS2_PLACEMENT_3D ( 'NONE', #2525, #2494, #203 ) ;
#1131 = VERTEX_POINT ( 'NONE', #1773 ) ;
#1132 = EDGE_LOOP ( 'NONE', ( #3273, #2641, #3132, #2648 ) ) ;
#1133 = VECTOR ( 'NONE', #1368, 1000.000000000000000 ) ;
#1134 = VECTOR ( 'NONE', #692, 1000.000000000000000 ) ;
#1135 = VECTOR ( 'NONE', #170, 1000.000000000000000 ) ;
#1136 = VECTOR ( 'NONE', #1950, 1000.000000000000000 ) ;
#1137 = ADVANCED_FACE ( 'NONE', ( #3094 ), #2065, .F. ) ;
#1138 =( NAMED_UNIT ( * ) SI_UNIT ( $, .STERADIAN. ) SOLID_ANGLE_UNIT ( ) );
#1139 = CARTESIAN_POINT ( 'NONE',  ( -0.6499999999999998002, -0.7749999999999998002, 0.1199999999812462192 ) ) ;
#1140 = VECTOR ( 'NONE', #2762, 1000.000000000000000 ) ;
#1141 = VECTOR ( 'NONE', #1945, 1000.000000000000000 ) ;
#1142 = DIRECTION ( 'NONE',  ( -1.000000000000000000, 0.000000000000000000, 0.000000000000000000 ) ) ;
#1143 = MECHANICAL_DESIGN_GEOMETRIC_PRESENTATION_REPRESENTATION (  '', ( #254 ), #350 ) ;
#1144 = VERTEX_POINT ( 'NONE', #2651 ) ;
#1145 = DIRECTION ( 'NONE',  ( 0.000000000000000000, -1.000000000000000000, 0.000000000000000000 ) ) ;
#1146 = ORIENTED_EDGE ( 'NONE', *, *, #574, .T. ) ;
#1147 = DIRECTION ( 'NONE',  ( -1.000000000000000000, 0.000000000000000000, 0.000000000000000000 ) ) ;
#1148 = ORIENTED_EDGE ( 'NONE', *, *, #2419, .T. ) ;
#1149 = LINE ( 'NONE', #684, #708 ) ;
#1150 = FILL_AREA_STYLE_COLOUR ( '', #2000 ) ;
#1151 = DIRECTION ( 'NONE',  ( 0.000000000000000000, 0.000000000000000000, 1.000000000000000000 ) ) ;
#1152 = EDGE_CURVE ( 'NONE', #2938, #3134, #1290, .T. ) ;
#1153 = ORIENTED_EDGE ( 'NONE', *, *, #574, .F. ) ;
#1154 = CARTESIAN_POINT ( 'NONE',  ( -0.9999999999999997780, 0.7749999999999999112, 0.000000000000000000 ) ) ;
#1155 = ORIENTED_EDGE ( 'NONE', *, *, #1320, .T. ) ;
#1156 = CARTESIAN_POINT ( 'NONE',  ( -0.6499999999999998002, 0.5250000000000001332, 0.1200000000949330570 ) ) ;
#1157 = DIRECTION ( 'NONE',  ( 0.000000000000000000, 0.000000000000000000, -1.000000000000000000 ) ) ;
#1158 = CARTESIAN_POINT ( 'NONE',  ( 0.3550000000000000933, -0.7000000000000001776, 0.01000000000000000021 ) ) ;
#1159 = EDGE_CURVE ( 'NONE', #1492, #818, #3078, .T. ) ;
#1160 = SURFACE_SIDE_STYLE ('',( #135 ) ) ;
#1161 = CARTESIAN_POINT ( 'NONE',  ( 0.9999999999999997780, 0.7749999999999998002, 0.1199999999999999956 ) ) ;
#1162 = EDGE_LOOP ( 'NONE', ( #2924, #1252, #30, #1266 ) ) ;
#1163 = CARTESIAN_POINT ( 'NONE',  ( 0.9700000000000003064, 0.000000000000000000, 0.5699999999999999512 ) ) ;
#1164 = EDGE_CURVE ( 'NONE', #4, #1390, #1044, .T. ) ;
#1165 = ORIENTED_EDGE ( 'NONE', *, *, #283, .F. ) ;
#1166 = PLANE ( 'NONE',  #1823 ) ;
#1167 = FACE_OUTER_BOUND ( 'NONE', #986, .T. ) ;
#1168 = CARTESIAN_POINT ( 'NONE',  ( -0.9999999999999997780, 0.5250000000000000222, 0.1200000000949330570 ) ) ;
#1169 = ORIENTED_EDGE ( 'NONE', *, *, #3044, .F. ) ;
#1170 = ORIENTED_EDGE ( 'NONE', *, *, #1637, .F. ) ;
#1171 = VERTEX_POINT ( 'NONE', #1011 ) ;
#1172 = EDGE_CURVE ( 'NONE', #1257, #310, #3041, .T. ) ;
#1173 = PLANE ( 'NONE',  #1458 ) ;
#1174 = DIRECTION ( 'NONE',  ( 1.000000000000000000, 0.000000000000000000, 0.000000000000000000 ) ) ;
#1175 = FACE_OUTER_BOUND ( 'NONE', #125, .T. ) ;
#1176 = LINE ( 'NONE', #1161, #1666 ) ;
#1177 = CARTESIAN_POINT ( 'NONE',  ( -0.6499999999999998002, -0.5250000000000000222, -0.02999999999999999889 ) ) ;
#1178 = ORIENTED_EDGE ( 'NONE', *, *, #987, .F. ) ;
#1179 = LINE ( 'NONE', #1217, #1725 ) ;
#1180 = ADVANCED_FACE ( 'NONE', ( #1369 ), #788, .F. ) ;
#1181 = CARTESIAN_POINT ( 'NONE',  ( -0.9999999999999997780, 0.1249999999999998890, 0.000000000000000000 ) ) ;
#1182 = FACE_OUTER_BOUND ( 'NONE', #416, .T. ) ;
#1183 = LINE ( 'NONE', #2680, #928 ) ;
#1184 = CARTESIAN_POINT ( 'NONE',  ( 0.9999999999999997780, 0.7749999999999998002, 0.000000000000000000 ) ) ;
#1185 = EDGE_CURVE ( 'NONE', #1362, #3026, #2841, .T. ) ;
#1186 = ORIENTED_EDGE ( 'NONE', *, *, #474, .F. ) ;
#1187 = CLOSED_SHELL ( 'NONE', ( #2735, #1732, #1653, #58, #903, #2403, #2227, #3080, #663, #1502, #2885, #2693, #1962, #1339, #2002, #343, #2677, #1982 ) ) ;
#1188 = VECTOR ( 'NONE', #2017, 1000.000000000000000 ) ;
#1189 = DIRECTION ( 'NONE',  ( 0.000000000000000000, 0.000000000000000000, -1.000000000000000000 ) ) ;
#1190 = CARTESIAN_POINT ( 'NONE',  ( -0.6499999999999998002, 0.7749999999999999112, -0.02999999999999999889 ) ) ;
#1191 = AXIS2_PLACEMENT_3D ( 'NONE', #2552, #276, #1063 ) ;
#1192 = ADVANCED_FACE ( 'NONE', ( #1115 ), #2943, .T. ) ;
#1193 = PRESENTATION_STYLE_ASSIGNMENT (( #1961 ) ) ;
#1194 = AXIS2_PLACEMENT_3D ( 'NONE', #2708, #679, #2945 ) ;
#1195 = CARTESIAN_POINT ( 'NONE',  ( -0.3549999999999993716, -0.7750000000000002442, 0.01000000000000000021 ) ) ;
#1196 = VECTOR ( 'NONE', #2412, 1000.000000000000000 ) ;
#1197 = CARTESIAN_POINT ( 'NONE',  ( -0.6499999999999998002, -0.7749999999999998002, 0.1199999999999999956 ) ) ;
#1198 = VERTEX_POINT ( 'NONE', #421 ) ;
#1199 = DIRECTION ( 'NONE',  ( -0.000000000000000000, -0.000000000000000000, -1.000000000000000000 ) ) ;
#1200 = MECHANICAL_DESIGN_GEOMETRIC_PRESENTATION_REPRESENTATION (  '', ( #2276 ), #938 ) ;
#1201 = AXIS2_PLACEMENT_3D ( 'NONE', #527, #831, #540 ) ;
#1202 = FACE_OUTER_BOUND ( 'NONE', #948, .T. ) ;
#1203 = DIRECTION ( 'NONE',  ( 1.000000000000000000, 0.000000000000000000, 0.000000000000000000 ) ) ;
#1204 = DIRECTION ( 'NONE',  ( 1.000000000000000000, 0.000000000000000000, 0.000000000000000000 ) ) ;
#1205 = ADVANCED_FACE ( 'NONE', ( #2696 ), #2751, .F. ) ;
#1206 = CARTESIAN_POINT ( 'NONE',  ( 0.6499999999999995781, 0.7749999999999998002, 0.1199999999999999956 ) ) ;
#1207 = EDGE_LOOP ( 'NONE', ( #1750, #2200, #572, #1866, #1102, #2147, #816, #1654, #833, #1084, #2127, #1379, #1957, #1098, #2825, #756 ) ) ;
#1208 = VERTEX_POINT ( 'NONE', #1434 ) ;
#1209 = ORIENTED_EDGE ( 'NONE', *, *, #3074, .F. ) ;
#1210 = CARTESIAN_POINT ( 'NONE',  ( 0.000000000000000000, 1.300000000000000044, 0.1199999999999999956 ) ) ;
#1211 = LINE ( 'NONE', #2195, #196 ) ;
#1212 = CARTESIAN_POINT ( 'NONE',  ( -0.9999999999999997780, 0.5250000000000000222, 0.1199999999999999956 ) ) ;
#1213 = EDGE_CURVE ( 'NONE', #2044, #3051, #885, .T. ) ;
#1214 = DIRECTION ( 'NONE',  ( 0.000000000000000000, 1.000000000000000000, 0.000000000000000000 ) ) ;
#1215 = DIRECTION ( 'NONE',  ( -0.000000000000000000, 0.000000000000000000, 1.000000000000000000 ) ) ;
#1216 = ORIENTED_EDGE ( 'NONE', *, *, #2088, .F. ) ;
#1217 = CARTESIAN_POINT ( 'NONE',  ( 0.6499999999999995781, -0.7749999999999999112, -0.02999999999999999889 ) ) ;
#1218 = EDGE_CURVE ( 'NONE', #1131, #3120, #2732, .T. ) ;
#1219 = DIRECTION ( 'NONE',  ( 0.000000000000000000, -0.000000000000000000, 1.000000000000000000 ) ) ;
#1220 = CARTESIAN_POINT ( 'NONE',  ( 0.6499999999999995781, -0.1249999999999998890, -0.02999999999999999889 ) ) ;
#1221 = ORIENTED_EDGE ( 'NONE', *, *, #793, .F. ) ;
#1222 = LINE ( 'NONE', #2240, #44 ) ;
#1223 = ORIENTED_EDGE ( 'NONE', *, *, #1931, .T. ) ;
#1224 = ORIENTED_EDGE ( 'NONE', *, *, #68, .T. ) ;
#1225 = ORIENTED_EDGE ( 'NONE', *, *, #2123, .T. ) ;
#1226 = FACE_OUTER_BOUND ( 'NONE', #3040, .T. ) ;
#1227 = CARTESIAN_POINT ( 'NONE',  ( 0.3549999999999995937, 0.7749999999999999112, 0.01000000000000000021 ) ) ;
#1228 = LINE ( 'NONE', #2765, #83 ) ;
#1229 = CARTESIAN_POINT ( 'NONE',  ( 0.9700000000000003064, -0.9699999999999998623, 0.5699999999999999512 ) ) ;
#1230 = CARTESIAN_POINT ( 'NONE',  ( 0.9999999999999997780, 0.1249999999999997918, 0.1199999999999999956 ) ) ;
#1231 = ADVANCED_FACE ( 'NONE', ( #2464 ), #2224, .F. ) ;
#1232 = DIRECTION ( 'NONE',  ( -0.000000000000000000, 0.000000000000000000, 1.000000000000000000 ) ) ;
#1233 = CARTESIAN_POINT ( 'NONE',  ( 0.6499999999999995781, 0.5250000000000000222, 0.1199999999999999956 ) ) ;
#1234 = ORIENTED_EDGE ( 'NONE', *, *, #2687, .F. ) ;
#1235 = LINE ( 'NONE', #954, #1253 ) ;
#1236 = EDGE_LOOP ( 'NONE', ( #776, #1289, #2586, #118 ) ) ;
#1237 = VERTEX_POINT ( 'NONE', #953 ) ;
#1238 = ORIENTED_EDGE ( 'NONE', *, *, #3287, .T. ) ;
#1239 = ORIENTED_EDGE ( 'NONE', *, *, #2011, .F. ) ;
#1240 = FACE_OUTER_BOUND ( 'NONE', #401, .T. ) ;
#1241 = VECTOR ( 'NONE', #2477, 1000.000000000000000 ) ;
#1242 = CARTESIAN_POINT ( 'NONE',  ( 0.000000000000000000, 0.000000000000000000, 0.1199999999999999956 ) ) ;
#1243 = EDGE_CURVE ( 'NONE', #669, #267, #562, .T. ) ;
#1244 = DIRECTION ( 'NONE',  ( -1.000000000000000000, 0.000000000000000000, 0.000000000000000000 ) ) ;
#1245 = CARTESIAN_POINT ( 'NONE',  ( 0.3549999999999995937, -0.7750000000000002442, -0.02999999999999999889 ) ) ;
#1246 = LINE ( 'NONE', #2457, #1135 ) ;
#1247 = CARTESIAN_POINT ( 'NONE',  ( -0.3549999999999999267, -0.7000000000000001776, -0.02999999999999999889 ) ) ;
#1248 = CIRCLE ( 'NONE', #1041, 0.07499999999999998335 ) ;
#1249 = VECTOR ( 'NONE', #3176, 1000.000000000000000 ) ;
#1250 = DIRECTION ( 'NONE',  ( 1.000000000000000000, 0.000000000000000000, 0.000000000000000000 ) ) ;
#1251 = DIRECTION ( 'NONE',  ( -1.000000000000000000, 0.000000000000000000, 0.000000000000000000 ) ) ;
#1252 = ORIENTED_EDGE ( 'NONE', *, *, #1817, .T. ) ;
#1253 = VECTOR ( 'NONE', #739, 1000.000000000000000 ) ;
#1254 = VECTOR ( 'NONE', #154, 1000.000000000000000 ) ;
#1255 = LINE ( 'NONE', #2009, #1086 ) ;
#1256 = EDGE_CURVE ( 'NONE', #2207, #1819, #1183, .T. ) ;
#1257 = VERTEX_POINT ( 'NONE', #3222 ) ;
#1258 = ORIENTED_EDGE ( 'NONE', *, *, #1013, .T. ) ;
#1259 = DIRECTION ( 'NONE',  ( -1.000000000000000000, 0.000000000000000000, 0.000000000000000000 ) ) ;
#1260 = PLANE ( 'NONE',  #2105 ) ;
#1261 = DIRECTION ( 'NONE',  ( 1.000000000000000000, 0.000000000000000000, 0.000000000000000000 ) ) ;
#1262 = CARTESIAN_POINT ( 'NONE',  ( -0.5050000000000003375, -0.1249999999999998196, -0.02999999999999999889 ) ) ;
#1263 = CARTESIAN_POINT ( 'NONE',  ( 0.6499999999999995781, 0.7749999999999998002, 0.1200000000949330570 ) ) ;
#1264 = EDGE_CURVE ( 'NONE', #1054, #1171, #2543, .T. ) ;
#1265 = LINE ( 'NONE', #50, #2326 ) ;
#1266 = ORIENTED_EDGE ( 'NONE', *, *, #51, .F. ) ;
#1267 = DIRECTION ( 'NONE',  ( 0.000000000000000000, -1.000000000000000000, 0.000000000000000000 ) ) ;
#1268 = LINE ( 'NONE', #3099, #3058 ) ;
#1269 = EDGE_LOOP ( 'NONE', ( #830, #376, #3105, #3155 ) ) ;
#1270 = DIRECTION ( 'NONE',  ( 0.000000000000000000, 0.000000000000000000, -1.000000000000000000 ) ) ;
#1271 = EDGE_CURVE ( 'NONE', #638, #2629, #2698, .T. ) ;
#1272 = ORIENTED_EDGE ( 'NONE', *, *, #320, .F. ) ;
#1273 = ORIENTED_EDGE ( 'NONE', *, *, #967, .T. ) ;
#1274 = DIRECTION ( 'NONE',  ( 1.000000000000000000, -0.000000000000000000, 0.000000000000000000 ) ) ;
#1275 = PLANE ( 'NONE',  #2700 ) ;
#1276 = DIRECTION ( 'NONE',  ( 0.000000000000000000, 0.000000000000000000, -1.000000000000000000 ) ) ;
#1277 = FACE_OUTER_BOUND ( 'NONE', #262, .T. ) ;
#1278 = EDGE_CURVE ( 'NONE', #656, #377, #2447, .T. ) ;
#1279 = ORIENTED_EDGE ( 'NONE', *, *, #915, .T. ) ;
#1280 = DIRECTION ( 'NONE',  ( -0.000000000000000000, -0.000000000000000000, -1.000000000000000000 ) ) ;
#1281 = CARTESIAN_POINT ( 'NONE',  ( -0.9999999999999997780, 0.5250000000000000222, -0.02999999999999999889 ) ) ;
#1282 = VERTEX_POINT ( 'NONE', #1168 ) ;
#1283 = CARTESIAN_POINT ( 'NONE',  ( -0.9999999999999997780, -0.7749999999999999112, 0.000000000000000000 ) ) ;
#1284 = ADVANCED_BREP_SHAPE_REPRESENTATION ( 'AP2301SN-7', ( #3108, #1969, #882, #846, #916, #3055, #822, #3079, #673 ), #725 ) ;
#1285 = LINE ( 'NONE', #3244, #1141 ) ;
#1286 = PLANE ( 'NONE',  #3226 ) ;
#1287 = ADVANCED_FACE ( 'NONE', ( #937 ), #2479, .F. ) ;
#1288 = ORIENTED_EDGE ( 'NONE', *, *, #676, .F. ) ;
#1289 = ORIENTED_EDGE ( 'NONE', *, *, #438, .T. ) ;
#1290 = LINE ( 'NONE', #2314, #3223 ) ;
#1291 = VECTOR ( 'NONE', #2846, 1000.000000000000000 ) ;
#1292 = CARTESIAN_POINT ( 'NONE',  ( -0.4299999999999998823, -0.6999999999999996225, 0.01000000000000000021 ) ) ;
#1293 = DIRECTION ( 'NONE',  ( -1.000000000000000000, 0.000000000000000000, 0.000000000000000000 ) ) ;
#1294 = LINE ( 'NONE', #3047, #1528 ) ;
#1295 = VECTOR ( 'NONE', #1727, 1000.000000000000000 ) ;
#1296 = CIRCLE ( 'NONE', #243, 0.07499999999999998335 ) ;
#1297 = CARTESIAN_POINT ( 'NONE',  ( -0.3549999999999993716, -0.7750000000000002442, 0.000000000000000000 ) ) ;
#1298 = CIRCLE ( 'NONE', #1568, 0.02999999999999997113 ) ;
#1299 = CARTESIAN_POINT ( 'NONE',  ( -0.6499999999999998002, -0.5250000000000000222, 0.1199999999999999956 ) ) ;
#1300 = VERTEX_POINT ( 'NONE', #686 ) ;
#1301 = AXIS2_PLACEMENT_3D ( 'NONE', #1569, #2058, #2834 ) ;
#1302 = VECTOR ( 'NONE', #2795, 1000.000000000000000 ) ;
#1303 = DIRECTION ( 'NONE',  ( -1.000000000000000000, 0.000000000000000000, 0.000000000000000000 ) ) ;
#1304 = DIRECTION ( 'NONE',  ( -0.000000000000000000, -0.000000000000000000, -1.000000000000000000 ) ) ;
#1305 = PRESENTATION_LAYER_ASSIGNMENT (  '', '', ( #2325 ) ) ;
#1306 = VECTOR ( 'NONE', #1730, 1000.000000000000000 ) ;
#1307 = ADVANCED_FACE ( 'NONE', ( #2987 ), #700, .F. ) ;
#1308 = EDGE_LOOP ( 'NONE', ( #1116, #1557, #2026, #1146 ) ) ;
#1309 = CARTESIAN_POINT ( 'NONE',  ( 0.9999999999999997780, 0.7749999999999998002, 0.1199999999999999956 ) ) ;
#1310 = PLANE ( 'NONE',  #136 ) ;
#1311 = DIRECTION ( 'NONE',  ( 1.000000000000000000, -3.097720492815726673E-16, 0.000000000000000000 ) ) ;
#1312 = ADVANCED_FACE ( 'NONE', ( #1915 ), #1954, .F. ) ;
#1313 = DIRECTION ( 'NONE',  ( 0.000000000000000000, -1.000000000000000000, 0.000000000000000000 ) ) ;
#1314 = LINE ( 'NONE', #74, #2803 ) ;
#1315 = ORIENTED_EDGE ( 'NONE', *, *, #1002, .T. ) ;
#1316 = EDGE_CURVE ( 'NONE', #1068, #2653, #717, .T. ) ;
#1317 = DIRECTION ( 'NONE',  ( -1.000000000000000000, 0.000000000000000000, 0.000000000000000000 ) ) ;
#1318 = LINE ( 'NONE', #1043, #934 ) ;
#1319 = UNCERTAINTY_MEASURE_WITH_UNIT (LENGTH_MEASURE( 1.000000000000000082E-05 ), #1901, 'distance_accuracy_value', 'NONE');
#1320 = EDGE_CURVE ( 'NONE', #591, #1769, #1129, .T. ) ;
#1321 = ORIENTED_EDGE ( 'NONE', *, *, #1159, .F. ) ;
#1322 = VERTEX_POINT ( 'NONE', #1902 ) ;
#1323 = EDGE_LOOP ( 'NONE', ( #2407, #2259, #726, #2086 ) ) ;
#1324 = CYLINDRICAL_SURFACE ( 'NONE', #393, 0.02999999999999997113 ) ;
#1325 = LINE ( 'NONE', #1550, #249 ) ;
#1326 = CARTESIAN_POINT ( 'NONE',  ( -0.7699999999999997957, 0.7700000000000002398, 0.5899999999999999689 ) ) ;
#1327 = CARTESIAN_POINT ( 'NONE',  ( -0.3549999999999999267, 0.6999999999999998446, 0.01000000000000000021 ) ) ;
#1328 = FACE_OUTER_BOUND ( 'NONE', #534, .T. ) ;
#1329 = VERTEX_POINT ( 'NONE', #3192 ) ;
#1330 = ADVANCED_FACE ( 'NONE', ( #2950 ), #141, .F. ) ;
#1331 = CARTESIAN_POINT ( 'NONE',  ( 0.000000000000000000, 0.000000000000000000, -0.02999999999999999889 ) ) ;
#1332 = LINE ( 'NONE', #3090, #3068 ) ;
#1333 = EDGE_CURVE ( 'NONE', #634, #702, #637, .T. ) ;
#1334 = VERTEX_POINT ( 'NONE', #1860 ) ;
#1335 = ORIENTED_EDGE ( 'NONE', *, *, #64, .F. ) ;
#1336 =( NAMED_UNIT ( * ) PLANE_ANGLE_UNIT ( ) SI_UNIT ( $, .RADIAN. ) );
#1337 = CARTESIAN_POINT ( 'NONE',  ( -0.5049999999999997824, -0.1999999999999997613, -0.02999999999999999889 ) ) ;
#1338 = CARTESIAN_POINT ( 'NONE',  ( -0.6499999999999998002, -0.7749999999999998002, -0.02999999999999999889 ) ) ;
#1339 = ADVANCED_FACE ( 'NONE', ( #2408 ), #1875, .T. ) ;
#1340 =( NAMED_UNIT ( * ) SI_UNIT ( $, .STERADIAN. ) SOLID_ANGLE_UNIT ( ) );
#1341 = ORIENTED_EDGE ( 'NONE', *, *, #1806, .F. ) ;
#1342 = DIRECTION ( 'NONE',  ( -1.000000000000000000, 0.000000000000000000, 0.000000000000000000 ) ) ;
#1343 = EDGE_LOOP ( 'NONE', ( #3193, #1477, #326, #550 ) ) ;
#1344 = CIRCLE ( 'NONE', #2851, 0.1000000000000001582 ) ;
#1345 = AXIS2_PLACEMENT_3D ( 'NONE', #482, #3245, #218 ) ;
#1346 = DIRECTION ( 'NONE',  ( -0.000000000000000000, -0.000000000000000000, 1.000000000000000000 ) ) ;
#1347 = CARTESIAN_POINT ( 'NONE',  ( -0.4299999999999998268, -0.2000000000000002887, 0.01000000000000000021 ) ) ;
#1348 = VECTOR ( 'NONE', #1031, 1000.000000000000000 ) ;
#1349 = PRESENTATION_LAYER_ASSIGNMENT (  '', '', ( #1037 ) ) ;
#1350 = VECTOR ( 'NONE', #1955, 1000.000000000000000 ) ;
#1351 = ORIENTED_EDGE ( 'NONE', *, *, #1243, .F. ) ;
#1352 = EDGE_CURVE ( 'NONE', #838, #2867, #370, .T. ) ;
#1353 = AXIS2_PLACEMENT_3D ( 'NONE', #1001, #432, #2729 ) ;
#1354 = ORIENTED_EDGE ( 'NONE', *, *, #2772, .F. ) ;
#1355 = AXIS2_PLACEMENT_3D ( 'NONE', #444, #1423, #1461 ) ;
#1356 = VECTOR ( 'NONE', #1311, 1000.000000000000000 ) ;
#1357 = VECTOR ( 'NONE', #3065, 1000.000000000000000 ) ;
#1358 = LINE ( 'NONE', #2267, #244 ) ;
#1359 = LINE ( 'NONE', #630, #3112 ) ;
#1360 = CARTESIAN_POINT ( 'NONE',  ( 0.3549999999999995937, 0.7749999999999999112, 0.000000000000000000 ) ) ;
#1361 = LINE ( 'NONE', #1338, #1254 ) ;
#1362 = VERTEX_POINT ( 'NONE', #1634 ) ;
#1363 = DIRECTION ( 'NONE',  ( -0.000000000000000000, 0.000000000000000000, -1.000000000000000000 ) ) ;
#1364 = EDGE_LOOP ( 'NONE', ( #957, #530, #1635, #157 ) ) ;
#1365 = CARTESIAN_POINT ( 'NONE',  ( 0.9999999999999997780, -0.7749999999999999112, 0.000000000000000000 ) ) ;
#1366 = VERTEX_POINT ( 'NONE', #1682 ) ;
#1367 = VERTEX_POINT ( 'NONE', #3171 ) ;
#1368 = DIRECTION ( 'NONE',  ( -0.000000000000000000, -0.000000000000000000, 1.000000000000000000 ) ) ;
#1369 = FACE_OUTER_BOUND ( 'NONE', #537, .T. ) ;
#1370 = ORIENTED_EDGE ( 'NONE', *, *, #2764, .F. ) ;
#1371 = VERTEX_POINT ( 'NONE', #1613 ) ;
#1372 = FACE_OUTER_BOUND ( 'NONE', #742, .T. ) ;
#1373 = CARTESIAN_POINT ( 'NONE',  ( -0.9999999999999997780, -0.7749999999999999112, 0.1199999999999999956 ) ) ;
#1374 = LINE ( 'NONE', #2402, #615 ) ;
#1375 = ORIENTED_EDGE ( 'NONE', *, *, #1333, .T. ) ;
#1376 = CARTESIAN_POINT ( 'NONE',  ( -0.6499999999999998002, -0.1249999999999997918, 0.01000000000000000021 ) ) ;
#1377 = ORIENTED_EDGE ( 'NONE', *, *, #2681, .F. ) ;
#1378 = CARTESIAN_POINT ( 'NONE',  ( 0.9999999999999997780, -0.1249999999999998890, -0.02999999999999999889 ) ) ;
#1379 = ORIENTED_EDGE ( 'NONE', *, *, #2524, .T. ) ;
#1380 = DIRECTION ( 'NONE',  ( 0.000000000000000000, 0.000000000000000000, 1.000000000000000000 ) ) ;
#1381 = DIRECTION ( 'NONE',  ( -1.000000000000000000, 0.000000000000000000, -0.000000000000000000 ) ) ;
#1382 = CARTESIAN_POINT ( 'NONE',  ( 0.6499999999999995781, -0.7749999999999999112, -0.02999999999999999889 ) ) ;
#1383 = ADVANCED_FACE ( 'NONE', ( #2459 ), #107, .F. ) ;
#1384 = CARTESIAN_POINT ( 'NONE',  ( 0.3550000000000000933, 0.6999999999999998446, 0.000000000000000000 ) ) ;
#1385 = DIRECTION ( 'NONE',  ( 0.000000000000000000, -1.000000000000000000, 0.000000000000000000 ) ) ;
#1386 = CARTESIAN_POINT ( 'NONE',  ( 0.9999999999999997780, 0.5250000000000000222, 0.1200000000949330570 ) ) ;
#1387 = ORIENTED_EDGE ( 'NONE', *, *, #859, .T. ) ;
#1388 = ADVANCED_FACE ( 'NONE', ( #2661 ), #2443, .T. ) ;
#1389 = FACE_OUTER_BOUND ( 'NONE', #95, .T. ) ;
#1390 = VERTEX_POINT ( 'NONE', #2690 ) ;
#1391 = CARTESIAN_POINT ( 'NONE',  ( 0.6499999999999995781, -0.5250000000000001332, 0.1200000000949330570 ) ) ;
#1392 = ORIENTED_EDGE ( 'NONE', *, *, #2603, .F. ) ;
#1393 = DIRECTION ( 'NONE',  ( 0.000000000000000000, 1.000000000000000000, 0.000000000000000000 ) ) ;
#1394 = VECTOR ( 'NONE', #1685, 1000.000000000000000 ) ;
#1395 = DIRECTION ( 'NONE',  ( -0.000000000000000000, -0.000000000000000000, 1.000000000000000000 ) ) ;
#1396 = DIRECTION ( 'NONE',  ( -1.000000000000000000, 0.000000000000000000, 0.000000000000000000 ) ) ;
#1397 = COLOUR_RGB ( '',0.8039215686274510109, 0.8039215686274510109, 0.8039215686274510109 ) ;
#1398 = ORIENTED_EDGE ( 'NONE', *, *, #1842, .T. ) ;
#1399 = ADVANCED_FACE ( 'NONE', ( #2187 ), #173, .F. ) ;
#1400 = VECTOR ( 'NONE', #2411, 1000.000000000000000 ) ;
#1401 = CIRCLE ( 'NONE', #2484, 0.02999999999999997113 ) ;
#1402 = VECTOR ( 'NONE', #519, 1000.000000000000000 ) ;
#1403 = VECTOR ( 'NONE', #282, 1000.000000000000000 ) ;
#1404 = ORIENTED_EDGE ( 'NONE', *, *, #1551, .F. ) ;
#1405 = ADVANCED_FACE ( 'NONE', ( #2130 ), #896, .T. ) ;
#1406 = DIRECTION ( 'NONE',  ( -0.000000000000000000, -0.000000000000000000, -1.000000000000000000 ) ) ;
#1407 = VECTOR ( 'NONE', #1920, 1000.000000000000000 ) ;
#1408 = DIRECTION ( 'NONE',  ( -1.000000000000000000, 0.000000000000000000, 0.000000000000000000 ) ) ;
#1409 = VECTOR ( 'NONE', #567, 1000.000000000000000 ) ;
#1410 = CARTESIAN_POINT ( 'NONE',  ( -0.3549999999999993716, 0.7749999999999999112, 0.01000000000000000021 ) ) ;
#1411 = CIRCLE ( 'NONE', #3066, 0.1000000000000001582 ) ;
#1412 = CARTESIAN_POINT ( 'NONE',  ( 0.000000000000000000, 0.6500000000000000222, 0.1199999999999999956 ) ) ;
#1413 = ORIENTED_EDGE ( 'NONE', *, *, #516, .F. ) ;
#1414 = DIRECTION ( 'NONE',  ( -1.000000000000000000, 0.000000000000000000, 0.000000000000000000 ) ) ;
#1415 = ADVANCED_FACE ( 'NONE', ( #2117 ), #3188, .T. ) ;
#1416 = EDGE_LOOP ( 'NONE', ( #2889, #152, #2344 ) ) ;
#1417 = CARTESIAN_POINT ( 'NONE',  ( 0.9999999999999997780, 0.5250000000000000222, 0.1199999999999999956 ) ) ;
#1418 = CARTESIAN_POINT ( 'NONE',  ( -0.9999999999999997780, 0.1250000000000000000, -0.02999999999999999889 ) ) ;
#1419 = DIRECTION ( 'NONE',  ( 0.000000000000000000, 0.000000000000000000, 1.000000000000000000 ) ) ;
#1420 = ORIENTED_EDGE ( 'NONE', *, *, #677, .T. ) ;
#1421 = ORIENTED_EDGE ( 'NONE', *, *, #1946, .F. ) ;
#1422 = PRESENTATION_STYLE_ASSIGNMENT (( #629 ) ) ;
#1423 = DIRECTION ( 'NONE',  ( 3.097720492815726673E-16, -1.000000000000000000, 0.000000000000000000 ) ) ;
#1424 = EDGE_CURVE ( 'NONE', #2894, #3202, #842, .T. ) ;
#1425 = DIRECTION ( 'NONE',  ( -0.000000000000000000, -0.000000000000000000, -1.000000000000000000 ) ) ;
#1426 = CARTESIAN_POINT ( 'NONE',  ( -0.5050000000000003375, -0.1249999999999998196, 0.01000000000000000021 ) ) ;
#1427 = FACE_OUTER_BOUND ( 'NONE', #1047, .T. ) ;
#1428 = ORIENTED_EDGE ( 'NONE', *, *, #766, .F. ) ;
#1429 = CARTESIAN_POINT ( 'NONE',  ( 0.9999999999999997780, 0.1249999999999997918, 0.1199999999999999956 ) ) ;
#1430 = EDGE_CURVE ( 'NONE', #1475, #1765, #2927, .T. ) ;
#1431 = VERTEX_POINT ( 'NONE', #858 ) ;
#1432 = CARTESIAN_POINT ( 'NONE',  ( -0.9999999999999997780, -0.9999999999999997780, 0.000000000000000000 ) ) ;
#1433 = CARTESIAN_POINT ( 'NONE',  ( -0.5049999999999997824, 0.1999999999999998723, 0.01000000000000000021 ) ) ;
#1434 = CARTESIAN_POINT ( 'NONE',  ( 0.3549999999999995937, 0.7749999999999999112, 0.01000000000000000021 ) ) ;
#1435 = EDGE_CURVE ( 'NONE', #2013, #2894, #1937, .T. ) ;
#1436 = CARTESIAN_POINT ( 'NONE',  ( -0.6699999999999997069, 0.7700000000000002398, 0.5899999999999999689 ) ) ;
#1437 = VERTEX_POINT ( 'NONE', #1391 ) ;
#1438 = ORIENTED_EDGE ( 'NONE', *, *, #177, .F. ) ;
#1439 = EDGE_CURVE ( 'NONE', #2894, #2013, #2809, .T. ) ;
#1440 = EDGE_LOOP ( 'NONE', ( #296, #1239, #355, #2852 ) ) ;
#1441 = DIRECTION ( 'NONE',  ( 0.000000000000000000, 0.000000000000000000, -1.000000000000000000 ) ) ;
#1442 = DIRECTION ( 'NONE',  ( -1.000000000000000000, 0.000000000000000000, 0.000000000000000000 ) ) ;
#1443 = CARTESIAN_POINT ( 'NONE',  ( 0.9999999999999997780, -0.5250000000000001332, 0.1200000000949330570 ) ) ;
#1444 = LINE ( 'NONE', #2289, #1775 ) ;
#1445 = CARTESIAN_POINT ( 'NONE',  ( -0.6499999999999998002, 0.1249999999999998890, 0.009999999999999998473 ) ) ;
#1446 = ADVANCED_FACE ( 'NONE', ( #450 ), #734, .F. ) ;
#1447 = ORIENTED_EDGE ( 'NONE', *, *, #3100, .T. ) ;
#1448 = CARTESIAN_POINT ( 'NONE',  ( -0.4299999999999998268, -0.2000000000000002887, 0.01000000000000000021 ) ) ;
#1449 = DIRECTION ( 'NONE',  ( 1.000000000000000000, -3.097720492815726673E-16, 0.000000000000000000 ) ) ;
#1450 = CARTESIAN_POINT ( 'NONE',  ( 0.3550000000000000933, 0.6999999999999998446, 0.01000000000000000021 ) ) ;
#1451 = DIRECTION ( 'NONE',  ( 1.000000000000000000, 0.000000000000000000, -0.000000000000000000 ) ) ;
#1452 = PLANE ( 'NONE',  #1998 ) ;
#1453 = VECTOR ( 'NONE', #2610, 1000.000000000000000 ) ;
#1454 = ORIENTED_EDGE ( 'NONE', *, *, #2617, .F. ) ;
#1455 = CIRCLE ( 'NONE', #977, 0.07499999999999998335 ) ;
#1456 = EDGE_CURVE ( 'NONE', #439, #2361, #3019, .T. ) ;
#1457 = EDGE_LOOP ( 'NONE', ( #1990, #340, #1048, #1069 ) ) ;
#1458 = AXIS2_PLACEMENT_3D ( 'NONE', #835, #1852, #593 ) ;
#1459 = VERTEX_POINT ( 'NONE', #2019 ) ;
#1460 = CARTESIAN_POINT ( 'NONE',  ( 0.9999999999999997780, -0.7749999999999999112, 0.1199999999999999956 ) ) ;
#1461 = DIRECTION ( 'NONE',  ( 1.000000000000000000, 3.097720492815726673E-16, 0.000000000000000000 ) ) ;
#1462 = AXIS2_PLACEMENT_3D ( 'NONE', #1177, #2001, #748 ) ;
#1463 = AXIS2_PLACEMENT_3D ( 'NONE', #910, #1926, #667 ) ;
#1464 = DIRECTION ( 'NONE',  ( 0.000000000000000000, 0.000000000000000000, -1.000000000000000000 ) ) ;
#1465 = VECTOR ( 'NONE', #2164, 1000.000000000000000 ) ;
#1466 = LINE ( 'NONE', #2547, #2854 ) ;
#1467 = VECTOR ( 'NONE', #309, 1000.000000000000000 ) ;
#1468 = FACE_OUTER_BOUND ( 'NONE', #1269, .T. ) ;
#1469 = ORIENTED_EDGE ( 'NONE', *, *, #612, .T. ) ;
#1470 = CARTESIAN_POINT ( 'NONE',  ( -0.6499999999999998002, 0.5250000000000001332, 0.1199999999999999956 ) ) ;
#1471 = AXIS2_PLACEMENT_3D ( 'NONE', #1158, #1105, #611 ) ;
#1472 = ORIENTED_EDGE ( 'NONE', *, *, #2025, .T. ) ;
#1473 = DIRECTION ( 'NONE',  ( 0.000000000000000000, -1.000000000000000000, 0.000000000000000000 ) ) ;
#1474 = LINE ( 'NONE', #209, #1890 ) ;
#1475 = VERTEX_POINT ( 'NONE', #2527 ) ;
#1476 = FACE_OUTER_BOUND ( 'NONE', #3077, .T. ) ;
#1477 = ORIENTED_EDGE ( 'NONE', *, *, #3143, .T. ) ;
#1478 = VERTEX_POINT ( 'NONE', #1448 ) ;
#1479 = VERTEX_POINT ( 'NONE', #949 ) ;
#1480 = CARTESIAN_POINT ( 'NONE',  ( -0.3549999999999999267, -0.7000000000000001776, 0.000000000000000000 ) ) ;
#1481 = CARTESIAN_POINT ( 'NONE',  ( 0.9700000000000003064, 0.9700000000000003064, 0.5699999999999999512 ) ) ;
#1482 = ADVANCED_FACE ( 'NONE', ( #2275 ), #236, .T. ) ;
#1483 = CARTESIAN_POINT ( 'NONE',  ( -0.4299999999999998823, 0.6999999999999992895, 0.01000000000000000021 ) ) ;
#1484 = DIRECTION ( 'NONE',  ( 0.000000000000000000, 1.000000000000000000, 0.000000000000000000 ) ) ;
#1485 = CARTESIAN_POINT ( 'NONE',  ( 0.9999999999999997780, -0.5250000000000001332, 0.000000000000000000 ) ) ;
#1486 = DIRECTION ( 'NONE',  ( 0.000000000000000000, 0.000000000000000000, 1.000000000000000000 ) ) ;
#1487 = VERTEX_POINT ( 'NONE', #1746 ) ;
#1488 = CARTESIAN_POINT ( 'NONE',  ( -0.3549999999999993716, -0.7750000000000002442, 0.01000000000000000021 ) ) ;
#1489 = CARTESIAN_POINT ( 'NONE',  ( 0.6499999999999995781, -0.1249999999999998890, -0.02999999999999999889 ) ) ;
#1490 = ORIENTED_EDGE ( 'NONE', *, *, #472, .F. ) ;
#1491 = DIRECTION ( 'NONE',  ( 0.000000000000000000, -1.000000000000000000, 0.000000000000000000 ) ) ;
#1492 = VERTEX_POINT ( 'NONE', #2474 ) ;
#1493 = ORIENTED_EDGE ( 'NONE', *, *, #581, .T. ) ;
#1494 = ORIENTED_EDGE ( 'NONE', *, *, #216, .F. ) ;
#1495 = VERTEX_POINT ( 'NONE', #683 ) ;
#1496 = CARTESIAN_POINT ( 'NONE',  ( -0.8699999999999999956, 0.7700000000000002398, 0.5899999999999999689 ) ) ;
#1497 = DIRECTION ( 'NONE',  ( -1.000000000000000000, 0.000000000000000000, 0.000000000000000000 ) ) ;
#1498 = FACE_OUTER_BOUND ( 'NONE', #1587, .T. ) ;
#1499 = LINE ( 'NONE', #1516, #3001 ) ;
#1500 = CARTESIAN_POINT ( 'NONE',  ( -0.3549999999999999267, 0.6999999999999998446, 0.01000000000000000021 ) ) ;
#1501 = CARTESIAN_POINT ( 'NONE',  ( -0.6499999999999998002, -0.1249999999999997918, 0.01000000000000000021 ) ) ;
#1502 = ADVANCED_FACE ( 'NONE', ( #220 ), #2199, .T. ) ;
#1503 = LINE ( 'NONE', #2529, #765 ) ;
#1504 = PLANE ( 'NONE',  #2263 ) ;
#1505 = EDGE_LOOP ( 'NONE', ( #888, #2553, #449, #1335 ) ) ;
#1506 = CARTESIAN_POINT ( 'NONE',  ( 0.4300000000000001044, 0.6999999999999992895, 0.01000000000000000021 ) ) ;
#1507 = ORIENTED_EDGE ( 'NONE', *, *, #1075, .T. ) ;
#1508 = ADVANCED_FACE ( 'NONE', ( #981 ), #3033, .F. ) ;
#1509 = ORIENTED_EDGE ( 'NONE', *, *, #3121, .T. ) ;
#1510 = ORIENTED_EDGE ( 'NONE', *, *, #1711, .F. ) ;
#1511 = LINE ( 'NONE', #2540, #2374 ) ;
#1512 = CLOSED_SHELL ( 'NONE', ( #1751, #2555, #1137, #274, #2066, #1415 ) ) ;
#1513 = LINE ( 'NONE', #759, #403 ) ;
#1514 = AXIS2_PLACEMENT_3D ( 'NONE', #1412, #908, #1659 ) ;
#1515 =( NAMED_UNIT ( * ) SI_UNIT ( $, .STERADIAN. ) SOLID_ANGLE_UNIT ( ) );
#1516 = CARTESIAN_POINT ( 'NONE',  ( 0.000000000000000000, -0.9699999999999998623, 0.5999999999999999778 ) ) ;
#1517 = CARTESIAN_POINT ( 'NONE',  ( 1.000000000000000222, -0.9699999999999998623, 0.5699999999999999512 ) ) ;
#1518 = FACE_OUTER_BOUND ( 'NONE', #363, .T. ) ;
#1519 = AXIS2_PLACEMENT_3D ( 'NONE', #2427, #640, #884 ) ;
#1520 = LINE ( 'NONE', #2780, #2755 ) ;
#1521 = AXIS2_PLACEMENT_3D ( 'NONE', #1722, #959, #2789 ) ;
#1522 = AXIS2_PLACEMENT_3D ( 'NONE', #3032, #2472, #3262 ) ;
#1523 = AXIS2_PLACEMENT_3D ( 'NONE', #111, #1027, #1808 ) ;
#1524 = CARTESIAN_POINT ( 'NONE',  ( 0.9999999999999997780, 0.7749999999999998002, -0.02999999999999999889 ) ) ;
#1525 = DIRECTION ( 'NONE',  ( -1.000000000000000000, -3.097720492815726673E-16, -0.000000000000000000 ) ) ;
#1526 = ORIENTED_EDGE ( 'NONE', *, *, #3143, .F. ) ;
#1527 = EDGE_CURVE ( 'NONE', #99, #2102, #1520, .T. ) ;
#1528 = VECTOR ( 'NONE', #72, 1000.000000000000000 ) ;
#1529 = CARTESIAN_POINT ( 'NONE',  ( 0.3550000000000000933, 0.6999999999999998446, -0.02999999999999999889 ) ) ;
#1530 = ORIENTED_EDGE ( 'NONE', *, *, #627, .F. ) ;
#1531 = VERTEX_POINT ( 'NONE', #1470 ) ;
#1532 = EDGE_LOOP ( 'NONE', ( #621, #307, #42, #410 ) ) ;
#1533 = DIRECTION ( 'NONE',  ( 0.000000000000000000, -1.000000000000000000, 0.000000000000000000 ) ) ;
#1534 = DIRECTION ( 'NONE',  ( 0.000000000000000000, -1.000000000000000000, 0.000000000000000000 ) ) ;
#1535 = LINE ( 'NONE', #2828, #614 ) ;
#1536 = LINE ( 'NONE', #2561, #134 ) ;
#1537 = LINE ( 'NONE', #2562, #1348 ) ;
#1538 = DIRECTION ( 'NONE',  ( 1.000000000000000000, 1.084202172485506776E-16, 0.000000000000000000 ) ) ;
#1539 = CARTESIAN_POINT ( 'NONE',  ( -0.4299999999999998823, 0.2000000000000004274, 0.000000000000000000 ) ) ;
#1540 = PLANE ( 'NONE',  #2860 ) ;
#1541 = ORIENTED_EDGE ( 'NONE', *, *, #2334, .T. ) ;
#1542 = FILL_AREA_STYLE_COLOUR ( '', #459 ) ;
#1543 = FACE_OUTER_BOUND ( 'NONE', #2579, .T. ) ;
#1544 = ORIENTED_EDGE ( 'NONE', *, *, #2109, .T. ) ;
#1545 = EDGE_CURVE ( 'NONE', #2506, #1495, #931, .T. ) ;
#1546 = VERTEX_POINT ( 'NONE', #749 ) ;
#1547 = SPHERICAL_SURFACE ( 'NONE', #558, 0.02999999999999999889 ) ;
#1548 = CARTESIAN_POINT ( 'NONE',  ( -0.6499999999999998002, 0.1249999999999998890, 0.1199999999999999956 ) ) ;
#1549 = EDGE_CURVE ( 'NONE', #1872, #2615, #1764, .T. ) ;
#1550 = CARTESIAN_POINT ( 'NONE',  ( 0.6499999999999995781, 0.7749999999999998002, 0.1199999999999999956 ) ) ;
#1551 = EDGE_CURVE ( 'NONE', #22, #3059, #1179, .T. ) ;
#1552 = CARTESIAN_POINT ( 'NONE',  ( -0.9999999999999997780, 0.5250000000000000222, 0.000000000000000000 ) ) ;
#1553 = CARTESIAN_POINT ( 'NONE',  ( -0.3549999999999993716, 0.7749999999999999112, 0.01000000000000000021 ) ) ;
#1554 = ORIENTED_EDGE ( 'NONE', *, *, #163, .T. ) ;
#1555 = EDGE_CURVE ( 'NONE', #2867, #1198, #2746, .T. ) ;
#1556 = ORIENTED_EDGE ( 'NONE', *, *, #1766, .T. ) ;
#1557 = ORIENTED_EDGE ( 'NONE', *, *, #171, .F. ) ;
#1558 = ORIENTED_EDGE ( 'NONE', *, *, #3265, .F. ) ;
#1559 = DIRECTION ( 'NONE',  ( 0.000000000000000000, 1.000000000000000000, 0.000000000000000000 ) ) ;
#1560 = ADVANCED_FACE ( 'NONE', ( #2998 ), #3236, .T. ) ;
#1561 = PRESENTATION_STYLE_ASSIGNMENT (( #2067 ) ) ;
#1562 = CLOSED_SHELL ( 'NONE', ( #2260, #2454, #2845, #1330, #2570, #324, #528, #3209, #1312, #3184, #1818, #150, #2810, #2193, #740, #2363, #1446, #2221, #1508, #1701, #2030, #2131, #3252, #1935, #1287, #2839, #991, #1399, #1383, #3146, #585, #1813, #1560, #568, #180, #2706, #1625, #811, #1405, #2079, #1192, #1067, #1388, #3217, #976, #541, #577, #3124, #1482, #2394, #2256, #2878, #1180, #1231, #3255, #923, #2492 ) ) ;
#1563 = SURFACE_SIDE_STYLE ('',( #1070 ) ) ;
#1564 = PLANE ( 'NONE',  #1788 ) ;
#1565 = VECTOR ( 'NONE', #3045, 1000.000000000000000 ) ;
#1566 = AXIS2_PLACEMENT_3D ( 'NONE', #1450, #2500, #240 ) ;
#1567 = DIRECTION ( 'NONE',  ( 1.000000000000000000, 0.000000000000000000, 0.000000000000000000 ) ) ;
#1568 = AXIS2_PLACEMENT_3D ( 'NONE', #130, #3141, #2707 ) ;
#1569 = CARTESIAN_POINT ( 'NONE',  ( -0.7699999999999997957, 0.7700000000000002398, 0.5899999999999999689 ) ) ;
#1570 = ORIENTED_EDGE ( 'NONE', *, *, #1648, .T. ) ;
#1571 = AXIS2_PLACEMENT_3D ( 'NONE', #780, #314, #1293 ) ;
#1572 = AXIS2_PLACEMENT_3D ( 'NONE', #2397, #2300, #43 ) ;
#1573 = LINE ( 'NONE', #1056, #2999 ) ;
#1574 = CARTESIAN_POINT ( 'NONE',  ( -0.5050000000000003375, -0.1249999999999998196, 0.01000000000000000021 ) ) ;
#1575 = COLOUR_RGB ( '',0.8039215686274510109, 0.8039215686274510109, 0.8039215686274510109 ) ;
#1576 = AXIS2_PLACEMENT_3D ( 'NONE', #3129, #1630, #3163 ) ;
#1577 = AXIS2_PLACEMENT_3D ( 'NONE', #2196, #3211, #710 ) ;
#1578 = VERTEX_POINT ( 'NONE', #1697 ) ;
#1579 = ORIENTED_EDGE ( 'NONE', *, *, #2622, .F. ) ;
#1580 = EDGE_CURVE ( 'NONE', #2350, #1872, #1710, .T. ) ;
#1581 = EDGE_CURVE ( 'NONE', #2059, #2413, #963, .T. ) ;
#1582 =( LENGTH_UNIT ( ) NAMED_UNIT ( * ) SI_UNIT ( .MILLI., .METRE. ) );
#1583 = FACE_OUTER_BOUND ( 'NONE', #529, .T. ) ;
#1584 = DIRECTION ( 'NONE',  ( -1.000000000000000000, 0.000000000000000000, -0.000000000000000000 ) ) ;
#1585 = DIRECTION ( 'NONE',  ( 1.000000000000000000, 0.000000000000000000, -0.000000000000000000 ) ) ;
#1586 = VERTEX_POINT ( 'NONE', #2767 ) ;
#1587 = EDGE_LOOP ( 'NONE', ( #2012, #65, #1165, #2701, #2788, #2285, #2736, #1279, #3003, #312, #619, #1865, #1010, #2076, #1849, #1209, #2770, #1169, #1755, #2103, #158, #919, #809, #503, #423, #972, #3178, #2442, #2949, #2624, #2313, #2422, #106, #3011, #489, #1101, #1021, #1023, #1579, #3254, #1661, #357 ) ) ;
#1588 = ORIENTED_EDGE ( 'NONE', *, *, #3130, .F. ) ;
#1589 = LINE ( 'NONE', #1347, #2106 ) ;
#1590 = UNCERTAINTY_MEASURE_WITH_UNIT (LENGTH_MEASURE( 1.000000000000000082E-05 ), #1582, 'distance_accuracy_value', 'NONE');
#1591 = ORIENTED_EDGE ( 'NONE', *, *, #1092, .T. ) ;
#1592 = ORIENTED_EDGE ( 'NONE', *, *, #2448, .T. ) ;
#1593 = LINE ( 'NONE', #1139, #926 ) ;
#1594 = DIRECTION ( 'NONE',  ( -1.000000000000000000, 0.000000000000000000, 0.000000000000000000 ) ) ;
#1595 = LINE ( 'NONE', #2657, #1886 ) ;
#1596 = LINE ( 'NONE', #1052, #3216 ) ;
#1597 = ORIENTED_EDGE ( 'NONE', *, *, #2796, .T. ) ;
#1598 = EDGE_CURVE ( 'NONE', #2906, #1026, #1627, .T. ) ;
#1599 = PLANE ( 'NONE',  #1077 ) ;
#1600 = CARTESIAN_POINT ( 'NONE',  ( -0.6499999999999998002, 0.7749999999999999112, 0.000000000000000000 ) ) ;
#1601 = EDGE_CURVE ( 'NONE', #3214, #3160, #1294, .T. ) ;
#1602 = ORIENTED_EDGE ( 'NONE', *, *, #2109, .F. ) ;
#1603 = ORIENTED_EDGE ( 'NONE', *, *, #2772, .T. ) ;
#1604 = EDGE_LOOP ( 'NONE', ( #2262, #3256, #1354, #1631 ) ) ;
#1605 = LINE ( 'NONE', #1868, #2151 ) ;
#1606 = DIRECTION ( 'NONE',  ( 1.000000000000000000, -3.097720492815726673E-16, 0.000000000000000000 ) ) ;
#1607 = LINE ( 'NONE', #2621, #351 ) ;
#1608 = CIRCLE ( 'NONE', #2417, 0.1000000000000001582 ) ;
#1609 = LINE ( 'NONE', #316, #933 ) ;
#1610 = ORIENTED_EDGE ( 'NONE', *, *, #2088, .T. ) ;
#1611 = DIRECTION ( 'NONE',  ( -0.000000000000000000, -0.000000000000000000, 1.000000000000000000 ) ) ;
#1612 = ORIENTED_EDGE ( 'NONE', *, *, #994, .T. ) ;
#1613 = CARTESIAN_POINT ( 'NONE',  ( 0.6499999999999995781, -0.1249999999999998890, 0.1200000001517764758 ) ) ;
#1614 = AXIS2_PLACEMENT_3D ( 'NONE', #2189, #1636, #2663 ) ;
#1615 = CIRCLE ( 'NONE', #2638, 0.02999999999999997113 ) ;
#1616 = ORIENTED_EDGE ( 'NONE', *, *, #492, .T. ) ;
#1617 = ORIENTED_EDGE ( 'NONE', *, *, #464, .F. ) ;
#1618 = LINE ( 'NONE', #2650, #149 ) ;
#1619 = CARTESIAN_POINT ( 'NONE',  ( 0.3549999999999995937, 0.7749999999999999112, 0.000000000000000000 ) ) ;
#1620 = EDGE_CURVE ( 'NONE', #3022, #207, #273, .T. ) ;
#1621 = COLOUR_RGB ( '',0.8039215686274510109, 0.8039215686274510109, 0.8039215686274510109 ) ;
#1622 = VECTOR ( 'NONE', #2733, 1000.000000000000000 ) ;
#1623 = ORIENTED_EDGE ( 'NONE', *, *, #2284, .T. ) ;
#1624 = AXIS2_PLACEMENT_3D ( 'NONE', #914, #178, #435 ) ;
#1625 = ADVANCED_FACE ( 'NONE', ( #781 ), #1071, .T. ) ;
#1626 = AXIS2_PLACEMENT_3D ( 'NONE', #2923, #1923, #2709 ) ;
#1627 = CIRCLE ( 'NONE', #45, 0.1000000000000001582 ) ;
#1628 = EDGE_CURVE ( 'NONE', #2444, #2335, #2758, .T. ) ;
#1629 = FACE_OUTER_BOUND ( 'NONE', #855, .T. ) ;
#1630 = DIRECTION ( 'NONE',  ( 0.000000000000000000, 0.000000000000000000, -1.000000000000000000 ) ) ;
#1631 = ORIENTED_EDGE ( 'NONE', *, *, #1035, .F. ) ;
#1632 = CYLINDRICAL_SURFACE ( 'NONE', #2951, 0.02999999999999997113 ) ;
#1633 = ORIENTED_EDGE ( 'NONE', *, *, #950, .F. ) ;
#1634 = CARTESIAN_POINT ( 'NONE',  ( -0.9999999999999997780, -0.1249999999999998890, 0.1200000000949330570 ) ) ;
#1635 = ORIENTED_EDGE ( 'NONE', *, *, #2214, .F. ) ;
#1636 = DIRECTION ( 'NONE',  ( 0.000000000000000000, 0.000000000000000000, 1.000000000000000000 ) ) ;
#1637 = EDGE_CURVE ( 'NONE', #3092, #1887, #2576, .T. ) ;
#1638 = LINE ( 'NONE', #864, #1828 ) ;
#1639 = EDGE_LOOP ( 'NONE', ( #1258, #151, #2139, #1351 ) ) ;
#1640 = ORIENTED_EDGE ( 'NONE', *, *, #2339, .F. ) ;
#1641 = LINE ( 'NONE', #2635, #662 ) ;
#1642 = PLANE ( 'NONE',  #2652 ) ;
#1643 = CARTESIAN_POINT ( 'NONE',  ( 0.6499999999999995781, -0.5250000000000001332, 0.1199999999999999956 ) ) ;
#1644 = ORIENTED_EDGE ( 'NONE', *, *, #338, .T. ) ;
#1645 = LINE ( 'NONE', #1426, #3057 ) ;
#1646 = ORIENTED_EDGE ( 'NONE', *, *, #1545, .F. ) ;
#1647 = CARTESIAN_POINT ( 'NONE',  ( -0.7699999999999997957, 0.7700000000000002398, 0.5899999999999999689 ) ) ;
#1648 = EDGE_CURVE ( 'NONE', #2188, #212, #315, .T. ) ;
#1649 = ORIENTED_EDGE ( 'NONE', *, *, #1271, .T. ) ;
#1650 = CARTESIAN_POINT ( 'NONE',  ( -0.9999999999999997780, 0.7750000000000000222, -0.02999999999999999889 ) ) ;
#1651 = CARTESIAN_POINT ( 'NONE',  ( -0.9999999999999997780, -0.7749999999999999112, -0.02999999999999999889 ) ) ;
#1652 = DIRECTION ( 'NONE',  ( 1.000000000000000000, 0.000000000000000000, 0.000000000000000000 ) ) ;
#1653 = ADVANCED_FACE ( 'NONE', ( #1780 ), #1564, .F. ) ;
#1654 = ORIENTED_EDGE ( 'NONE', *, *, #221, .T. ) ;
#1655 = FILL_AREA_STYLE_COLOUR ( '', #1720 ) ;
#1656 = DIRECTION ( 'NONE',  ( 1.000000000000000000, 0.000000000000000000, 0.000000000000000000 ) ) ;
#1657 = LINE ( 'NONE', #853, #2813 ) ;
#1658 = EDGE_CURVE ( 'NONE', #1144, #3137, #1325, .T. ) ;
#1659 = DIRECTION ( 'NONE',  ( 1.000000000000000000, 0.000000000000000000, -0.000000000000000000 ) ) ;
#1660 = ORIENTED_EDGE ( 'NONE', *, *, #2381, .F. ) ;
#1661 = ORIENTED_EDGE ( 'NONE', *, *, #1316, .F. ) ;
#1662 = LINE ( 'NONE', #2915, #2947 ) ;
#1663 = VECTOR ( 'NONE', #109, 1000.000000000000000 ) ;
#1664 = LINE ( 'NONE', #1651, #2952 ) ;
#1665 = CARTESIAN_POINT ( 'NONE',  ( -0.4299999999999998823, -0.7000000000000001776, -0.02999999999999999889 ) ) ;
#1666 = VECTOR ( 'NONE', #2146, 1000.000000000000000 ) ;
#1667 = ORIENTED_EDGE ( 'NONE', *, *, #727, .F. ) ;
#1668 = VERTEX_POINT ( 'NONE', #2844 ) ;
#1669 = VECTOR ( 'NONE', #2679, 1000.000000000000000 ) ;
#1670 = VECTOR ( 'NONE', #706, 1000.000000000000000 ) ;
#1671 = EDGE_CURVE ( 'NONE', #2938, #1005, #2877, .T. ) ;
#1672 = VECTOR ( 'NONE', #2806, 1000.000000000000000 ) ;
#1673 = ORIENTED_EDGE ( 'NONE', *, *, #2832, .F. ) ;
#1674 =( NAMED_UNIT ( * ) PLANE_ANGLE_UNIT ( ) SI_UNIT ( $, .RADIAN. ) );
#1675 = LINE ( 'NONE', #167, #3277 ) ;
#1676 = EDGE_CURVE ( 'NONE', #3134, #656, #2323, .T. ) ;
#1677 = VECTOR ( 'NONE', #1816, 1000.000000000000000 ) ;
#1678 = FACE_OUTER_BOUND ( 'NONE', #1323, .T. ) ;
#1679 = AXIS2_PLACEMENT_3D ( 'NONE', #332, #1871, #1107 ) ;
#1680 = CARTESIAN_POINT ( 'NONE',  ( -0.3549999999999993716, -0.7750000000000002442, 0.01000000000000000021 ) ) ;
#1681 = VERTEX_POINT ( 'NONE', #805 ) ;
#1682 = CARTESIAN_POINT ( 'NONE',  ( -0.9999999999999997780, -0.1249999999999998890, 0.000000000000000000 ) ) ;
#1683 = EDGE_CURVE ( 'NONE', #2881, #99, #1265, .T. ) ;
#1684 = ORIENTED_EDGE ( 'NONE', *, *, #1278, .T. ) ;
#1685 = DIRECTION ( 'NONE',  ( -0.000000000000000000, -0.000000000000000000, 1.000000000000000000 ) ) ;
#1686 = DIRECTION ( 'NONE',  ( -0.000000000000000000, 0.000000000000000000, 1.000000000000000000 ) ) ;
#1687 = DIRECTION ( 'NONE',  ( 1.000000000000000000, -0.000000000000000000, 0.000000000000000000 ) ) ;
#1688 = PLANE ( 'NONE',  #3009 ) ;
#1689 = ORIENTED_EDGE ( 'NONE', *, *, #1620, .T. ) ;
#1690 = EDGE_CURVE ( 'NONE', #1487, #595, #2354, .T. ) ;
#1691 = DIRECTION ( 'NONE',  ( -0.000000000000000000, -0.000000000000000000, 1.000000000000000000 ) ) ;
#1692 = FACE_OUTER_BOUND ( 'NONE', #1440, .T. ) ;
#1693 = DIRECTION ( 'NONE',  ( -1.000000000000000000, 0.000000000000000000, 0.000000000000000000 ) ) ;
#1694 = FACE_OUTER_BOUND ( 'NONE', #1162, .T. ) ;
#1695 = FACE_OUTER_BOUND ( 'NONE', #2783, .T. ) ;
#1696 = ORIENTED_EDGE ( 'NONE', *, *, #1152, .T. ) ;
#1697 = CARTESIAN_POINT ( 'NONE',  ( 0.6499999999999995781, 0.1249999999999997918, -0.02999999999999999889 ) ) ;
#1698 = DIRECTION ( 'NONE',  ( -0.000000000000000000, -0.000000000000000000, 1.000000000000000000 ) ) ;
#1699 = CARTESIAN_POINT ( 'NONE',  ( -0.9999999999999997780, -0.1249999999999998890, -0.02999999999999999889 ) ) ;
#1700 = DIRECTION ( 'NONE',  ( 0.000000000000000000, 1.000000000000000000, -0.000000000000000000 ) ) ;
#1701 = ADVANCED_FACE ( 'NONE', ( #1277 ), #15, .F. ) ;
#1702 = CARTESIAN_POINT ( 'NONE',  ( -0.9999999999999997780, 0.1250000000000000000, 0.1200000000949330570 ) ) ;
#1703 = EDGE_LOOP ( 'NONE', ( #1591, #2306, #2516, #1404 ) ) ;
#1704 = EDGE_LOOP ( 'NONE', ( #1951, #2451, #2675, #1793 ) ) ;
#1705 = LINE ( 'NONE', #1496, #1991 ) ;
#1706 = CARTESIAN_POINT ( 'NONE',  ( -0.9699999999999998623, -0.9699999999999998623, 0.5699999999999999512 ) ) ;
#1707 = CARTESIAN_POINT ( 'NONE',  ( 0.6499999999999995781, 0.7749999999999998002, 0.000000000000000000 ) ) ;
#1708 = CARTESIAN_POINT ( 'NONE',  ( -0.4299999999999998823, -0.7000000000000001776, 0.01000000000000000021 ) ) ;
#1709 = ORIENTED_EDGE ( 'NONE', *, *, #1747, .T. ) ;
#1710 = LINE ( 'NONE', #2235, #2961 ) ;
#1711 = EDGE_CURVE ( 'NONE', #2010, #2799, #547, .T. ) ;
#1712 = CARTESIAN_POINT ( 'NONE',  ( -0.9699999999999998623, 0.9700000000000003064, 0.5699999999999999512 ) ) ;
#1713 = FACE_OUTER_BOUND ( 'NONE', #2129, .T. ) ;
#1714 = DIRECTION ( 'NONE',  ( -0.000000000000000000, -0.000000000000000000, -1.000000000000000000 ) ) ;
#1715 = ADVANCED_FACE ( 'NONE', ( #2078 ), #2815, .F. ) ;
#1716 = CARTESIAN_POINT ( 'NONE',  ( -0.6499999999999998002, -0.7749999999999998002, -0.02999999999999999889 ) ) ;
#1717 = CLOSED_SHELL ( 'NONE', ( #707, #1715, #1007, #2532, #1988, #2911 ) ) ;
#1718 = ORIENTED_EDGE ( 'NONE', *, *, #60, .T. ) ;
#1719 = ORIENTED_EDGE ( 'NONE', *, *, #703, .F. ) ;
#1720 = COLOUR_RGB ( '',0.8039215686274510109, 0.8039215686274510109, 0.8039215686274510109 ) ;
#1721 = ORIENTED_EDGE ( 'NONE', *, *, #226, .F. ) ;
#1722 = CARTESIAN_POINT ( 'NONE',  ( 0.6499999999999995781, 0.5250000000000000222, -0.02999999999999999889 ) ) ;
#1723 = PLANE ( 'NONE',  #2756 ) ;
#1724 = VECTOR ( 'NONE', #3286, 1000.000000000000000 ) ;
#1725 = VECTOR ( 'NONE', #497, 1000.000000000000000 ) ;
#1726 = EDGE_CURVE ( 'NONE', #902, #1282, #1824, .T. ) ;
#1727 = DIRECTION ( 'NONE',  ( -0.000000000000000000, -0.000000000000000000, 1.000000000000000000 ) ) ;
#1728 = VECTOR ( 'NONE', #1304, 1000.000000000000000 ) ;
#1729 = CARTESIAN_POINT ( 'NONE',  ( 1.000000000000000222, -0.9699999999999998623, 0.000000000000000000 ) ) ;
#1730 = DIRECTION ( 'NONE',  ( 1.000000000000000000, 0.000000000000000000, 0.000000000000000000 ) ) ;
#1731 = AXIS2_PLACEMENT_3D ( 'NONE', #3016, #531, #2248 ) ;
#1732 = ADVANCED_FACE ( 'NONE', ( #1583 ), #1033, .F. ) ;
#1733 = VERTEX_POINT ( 'NONE', #2656 ) ;
#1734 = FACE_OUTER_BOUND ( 'NONE', #2244, .T. ) ;
#1735 = LINE ( 'NONE', #2515, #1936 ) ;
#1736 = ORIENTED_EDGE ( 'NONE', *, *, #2055, .T. ) ;
#1737 = CARTESIAN_POINT ( 'NONE',  ( 0.9999999999999997780, -0.5250000000000001332, -0.02999999999999999889 ) ) ;
#1738 = EDGE_CURVE ( 'NONE', #2413, #1237, #2061, .T. ) ;
#1739 = ORIENTED_EDGE ( 'NONE', *, *, #1867, .F. ) ;
#1740 = ORIENTED_EDGE ( 'NONE', *, *, #1152, .F. ) ;
#1741 = CARTESIAN_POINT ( 'NONE',  ( -0.3549999999999999267, -0.7000000000000001776, -0.02999999999999999889 ) ) ;
#1742 = DIRECTION ( 'NONE',  ( 0.000000000000000000, 1.000000000000000000, 0.000000000000000000 ) ) ;
#1743 = EDGE_CURVE ( 'NONE', #1771, #1257, #1657, .T. ) ;
#1744 = DIRECTION ( 'NONE',  ( -0.000000000000000000, -0.000000000000000000, 1.000000000000000000 ) ) ;
#1745 = DIRECTION ( 'NONE',  ( 0.000000000000000000, 0.000000000000000000, -1.000000000000000000 ) ) ;
#1746 = CARTESIAN_POINT ( 'NONE',  ( -0.3549999999999993716, -0.7750000000000002442, -0.02999999999999999889 ) ) ;
#1747 = EDGE_CURVE ( 'NONE', #3257, #2167, #2685, .T. ) ;
#1748 = LINE ( 'NONE', #1019, #498 ) ;
#1749 = PLANE ( 'NONE',  #133 ) ;
#1750 = ORIENTED_EDGE ( 'NONE', *, *, #37, .T. ) ;
#1751 = ADVANCED_FACE ( 'NONE', ( #837 ), #2903, .F. ) ;
#1752 = LINE ( 'NONE', #1206, #348 ) ;
#1753 = ORIENTED_EDGE ( 'NONE', *, *, #29, .T. ) ;
#1754 = EDGE_LOOP ( 'NONE', ( #1387, #971, #1848, #1862 ) ) ;
#1755 = ORIENTED_EDGE ( 'NONE', *, *, #1861, .F. ) ;
#1756 = ORIENTED_EDGE ( 'NONE', *, *, #2366, .T. ) ;
#1757 = CARTESIAN_POINT ( 'NONE',  ( -0.9699999999999998623, -0.9699999999999998623, 0.5699999999999999512 ) ) ;
#1758 = CARTESIAN_POINT ( 'NONE',  ( 0.6499999999999995781, 0.1249999999999997918, 0.000000000000000000 ) ) ;
#1759 = LINE ( 'NONE', #1548, #1791 ) ;
#1760 = EDGE_CURVE ( 'NONE', #1887, #3039, #1607, .T. ) ;
#1761 = PLANE ( 'NONE',  #445 ) ;
#1762 = CARTESIAN_POINT ( 'NONE',  ( 0.9700000000000001954, -0.9999999999999997780, 0.000000000000000000 ) ) ;
#1763 = DIRECTION ( 'NONE',  ( -1.000000000000000000, -3.097720492815726673E-16, -0.000000000000000000 ) ) ;
#1764 = LINE ( 'NONE', #2497, #1302 ) ;
#1765 = VERTEX_POINT ( 'NONE', #632 ) ;
#1766 = EDGE_CURVE ( 'NONE', #690, #1771, #379, .T. ) ;
#1767 = CARTESIAN_POINT ( 'NONE',  ( -0.6499999999999998002, -0.1249999999999997918, 0.01000000000000000021 ) ) ;
#1768 = DIRECTION ( 'NONE',  ( 1.000000000000000000, -0.000000000000000000, -0.000000000000000000 ) ) ;
#1769 = VERTEX_POINT ( 'NONE', #3183 ) ;
#1770 = CYLINDRICAL_SURFACE ( 'NONE', #1679, 0.07499999999999998335 ) ;
#1771 = VERTEX_POINT ( 'NONE', #2439 ) ;
#1772 = ORIENTED_EDGE ( 'NONE', *, *, #1352, .T. ) ;
#1773 = CARTESIAN_POINT ( 'NONE',  ( -0.4299999999999998823, -0.7000000000000001776, -0.02999999999999999889 ) ) ;
#1774 = DIRECTION ( 'NONE',  ( 0.000000000000000000, 0.000000000000000000, 1.000000000000000000 ) ) ;
#1775 = VECTOR ( 'NONE', #3261, 1000.000000000000000 ) ;
#1776 = DIRECTION ( 'NONE',  ( 0.000000000000000000, -0.000000000000000000, 1.000000000000000000 ) ) ;
#1777 = CARTESIAN_POINT ( 'NONE',  ( 0.9999999999999997780, 0.5250000000000000222, 0.000000000000000000 ) ) ;
#1778 = CARTESIAN_POINT ( 'NONE',  ( -0.6499999999999998002, -0.1249999999999997918, 0.1199999999812462192 ) ) ;
#1779 = VECTOR ( 'NONE', #34, 1000.000000000000000 ) ;
#1780 = FACE_OUTER_BOUND ( 'NONE', #2228, .T. ) ;
#1781 = AXIS2_PLACEMENT_3D ( 'NONE', #2229, #2507, #214 ) ;
#1782 = EDGE_CURVE ( 'NONE', #1117, #3185, #330, .T. ) ;
#1783 = AXIS2_PLACEMENT_3D ( 'NONE', #1242, #2724, #2739 ) ;
#1784 = CARTESIAN_POINT ( 'NONE',  ( -0.6499999999999998002, 0.1249999999999998890, 0.1199999999812462192 ) ) ;
#1785 = LINE ( 'NONE', #1281, #2322 ) ;
#1786 = ORIENTED_EDGE ( 'NONE', *, *, #713, .T. ) ;
#1787 = AXIS2_PLACEMENT_3D ( 'NONE', #2303, #26, #1028 ) ;
#1788 = AXIS2_PLACEMENT_3D ( 'NONE', #1841, #1538, #3113 ) ;
#1789 = EDGE_CURVE ( 'NONE', #3039, #1681, #1361, .T. ) ;
#1790 = CARTESIAN_POINT ( 'NONE',  ( 1.000000000000000222, 0.5250000000000000222, 0.000000000000000000 ) ) ;
#1791 = VECTOR ( 'NONE', #1797, 1000.000000000000000 ) ;
#1792 = DIRECTION ( 'NONE',  ( 1.000000000000000000, 0.000000000000000000, -0.000000000000000000 ) ) ;
#1793 = ORIENTED_EDGE ( 'NONE', *, *, #371, .F. ) ;
#1794 = EDGE_LOOP ( 'NONE', ( #1756, #800, #21, #2921 ) ) ;
#1795 = CARTESIAN_POINT ( 'NONE',  ( 0.3549999999999995937, 0.7749999999999999112, -0.02999999999999999889 ) ) ;
#1796 = EDGE_CURVE ( 'NONE', #554, #857, #723, .T. ) ;
#1797 = DIRECTION ( 'NONE',  ( 0.000000000000000000, -1.000000000000000000, 0.000000000000000000 ) ) ;
#1798 = CARTESIAN_POINT ( 'NONE',  ( -0.9999999999999997780, -0.5250000000000000222, 0.1199999999999999956 ) ) ;
#1799 = CARTESIAN_POINT ( 'NONE',  ( 0.9999999999999997780, 0.1249999999999997918, 0.1199999999999999956 ) ) ;
#1800 = DIRECTION ( 'NONE',  ( -1.000000000000000000, -3.097720492815726673E-16, -0.000000000000000000 ) ) ;
#1801 = CYLINDRICAL_SURFACE ( 'NONE', #1932, 0.07499999999999998335 ) ;
#1802 = LINE ( 'NONE', #17, #2483 ) ;
#1803 = ORIENTED_EDGE ( 'NONE', *, *, #2345, .T. ) ;
#1804 = ORIENTED_EDGE ( 'NONE', *, *, #1164, .F. ) ;
#1805 = DIRECTION ( 'NONE',  ( 1.869314090492256700E-16, 1.000000000000000000, 0.000000000000000000 ) ) ;
#1806 = EDGE_CURVE ( 'NONE', #207, #2881, #2183, .T. ) ;
#1807 = VERTEX_POINT ( 'NONE', #906 ) ;
#1808 = DIRECTION ( 'NONE',  ( -1.000000000000000000, 0.000000000000000000, 0.000000000000000000 ) ) ;
#1809 = APPLICATION_PROTOCOL_DEFINITION ( 'draft international standard', 'automotive_design', 1998, #165 ) ;
#1810 = DIRECTION ( 'NONE',  ( 1.000000000000000000, 0.000000000000000000, 0.000000000000000000 ) ) ;
#1811 = CARTESIAN_POINT ( 'NONE',  ( -0.4299999999999998823, -0.6999999999999996225, 0.01000000000000000021 ) ) ;
#1812 = LINE ( 'NONE', #618, #191 ) ;
#1813 = ADVANCED_FACE ( 'NONE', ( #2126 ), #1921, .T. ) ;
#1814 = EDGE_LOOP ( 'NONE', ( #3012, #224, #1820, #897 ) ) ;
#1815 = ORIENTED_EDGE ( 'NONE', *, *, #2628, .F. ) ;
#1816 = DIRECTION ( 'NONE',  ( -0.000000000000000000, -0.000000000000000000, 1.000000000000000000 ) ) ;
#1817 = EDGE_CURVE ( 'NONE', #857, #595, #1374, .T. ) ;
#1818 = ADVANCED_FACE ( 'NONE', ( #1892 ), #1642, .F. ) ;
#1819 = VERTEX_POINT ( 'NONE', #1790 ) ;
#1820 = ORIENTED_EDGE ( 'NONE', *, *, #581, .F. ) ;
#1821 = ORIENTED_EDGE ( 'NONE', *, *, #81, .F. ) ;
#1822 = LINE ( 'NONE', #1309, #2425 ) ;
#1823 = AXIS2_PLACEMENT_3D ( 'NONE', #2036, #2020, #3034 ) ;
#1824 = LINE ( 'NONE', #521, #3278 ) ;
#1825 = AXIS2_PLACEMENT_3D ( 'NONE', #73, #1844, #2623 ) ;
#1826 = AXIS2_PLACEMENT_3D ( 'NONE', #223, #2478, #3238 ) ;
#1827 = DIRECTION ( 'NONE',  ( 0.000000000000000000, -1.000000000000000000, 0.000000000000000000 ) ) ;
#1828 = VECTOR ( 'NONE', #2045, 1000.000000000000000 ) ;
#1829 = DIRECTION ( 'NONE',  ( -0.000000000000000000, 0.000000000000000000, -1.000000000000000000 ) ) ;
#1830 = EDGE_LOOP ( 'NONE', ( #382, #3173, #1916, #1857 ) ) ;
#1831 = AXIS2_PLACEMENT_3D ( 'NONE', #2814, #2591, #3046 ) ;
#1832 = VECTOR ( 'NONE', #122, 1000.000000000000000 ) ;
#1833 = DIRECTION ( 'NONE',  ( -0.000000000000000000, 1.000000000000000000, -0.000000000000000000 ) ) ;
#1834 = DIRECTION ( 'NONE',  ( 0.000000000000000000, 1.000000000000000000, 0.000000000000000000 ) ) ;
#1835 = VECTOR ( 'NONE', #744, 1000.000000000000000 ) ;
#1836 = AXIS2_PLACEMENT_3D ( 'NONE', #2052, #2607, #2831 ) ;
#1837 = EDGE_CURVE ( 'NONE', #1026, #477, #1285, .T. ) ;
#1838 = ORIENTED_EDGE ( 'NONE', *, *, #2965, .F. ) ;
#1839 = EDGE_LOOP ( 'NONE', ( #2612, #2605, #2734, #2840 ) ) ;
#1840 = DIRECTION ( 'NONE',  ( -1.000000000000000000, 0.000000000000000000, 0.000000000000000000 ) ) ;
#1841 = CARTESIAN_POINT ( 'NONE',  ( -0.4299999999999998268, 0.2000000000000004274, -0.02999999999999999889 ) ) ;
#1842 = EDGE_CURVE ( 'NONE', #1807, #1845, #143, .T. ) ;
#1843 =( LENGTH_UNIT ( ) NAMED_UNIT ( * ) SI_UNIT ( .MILLI., .METRE. ) );
#1844 = DIRECTION ( 'NONE',  ( 1.000000000000000000, 0.000000000000000000, -3.614007241618351532E-15 ) ) ;
#1845 = VERTEX_POINT ( 'NONE', #1574 ) ;
#1846 = LINE ( 'NONE', #2118, #1663 ) ;
#1847 = EDGE_CURVE ( 'NONE', #1390, #1237, #2627, .T. ) ;
#1848 = ORIENTED_EDGE ( 'NONE', *, *, #755, .F. ) ;
#1849 = ORIENTED_EDGE ( 'NONE', *, *, #2178, .F. ) ;
#1850 = EDGE_LOOP ( 'NONE', ( #144, #2089, #2644, #3101 ) ) ;
#1851 = FILL_AREA_STYLE_COLOUR ( '', #2004 ) ;
#1852 = DIRECTION ( 'NONE',  ( 0.000000000000000000, 1.000000000000000000, -0.000000000000000000 ) ) ;
#1853 = CYLINDRICAL_SURFACE ( 'NONE', #2271, 0.07499999999999992784 ) ;
#1854 = DIRECTION ( 'NONE',  ( 0.000000000000000000, -1.000000000000000000, 0.000000000000000000 ) ) ;
#1855 = SURFACE_STYLE_FILL_AREA ( #613 ) ;
#1856 = EDGE_CURVE ( 'NONE', #3093, #512, #2850, .T. ) ;
#1857 = ORIENTED_EDGE ( 'NONE', *, *, #293, .T. ) ;
#1858 = CARTESIAN_POINT ( 'NONE',  ( -0.7699999999999997957, 0.7700000000000002398, 0.5999999999999999778 ) ) ;
#1859 = ORIENTED_EDGE ( 'NONE', *, *, #2384, .T. ) ;
#1860 = CARTESIAN_POINT ( 'NONE',  ( -0.8699999999999999956, 0.7700000000000002398, 0.5999999999999999778 ) ) ;
#1861 = EDGE_CURVE ( 'NONE', #2504, #3139, #1318, .T. ) ;
#1862 = ORIENTED_EDGE ( 'NONE', *, *, #1789, .F. ) ;
#1863 = CARTESIAN_POINT ( 'NONE',  ( 0.6499999999999995781, -0.7749999999999999112, -0.02999999999999999889 ) ) ;
#1864 = CARTESIAN_POINT ( 'NONE',  ( -0.9999999999999997780, -0.1249999999999998890, 0.1199999999999999956 ) ) ;
#1865 = ORIENTED_EDGE ( 'NONE', *, *, #3224, .F. ) ;
#1866 = ORIENTED_EDGE ( 'NONE', *, *, #2450, .T. ) ;
#1867 = EDGE_CURVE ( 'NONE', #1495, #2420, #2333, .T. ) ;
#1868 = CARTESIAN_POINT ( 'NONE',  ( 0.6499999999999995781, 0.7749999999999998002, 0.000000000000000000 ) ) ;
#1869 = CARTESIAN_POINT ( 'NONE',  ( 0.9999999999999997780, 0.7749999999999998002, 0.1199999999999999956 ) ) ;
#1870 = VECTOR ( 'NONE', #2581, 1000.000000000000000 ) ;
#1871 = DIRECTION ( 'NONE',  ( -0.000000000000000000, -0.000000000000000000, 1.000000000000000000 ) ) ;
#1872 = VERTEX_POINT ( 'NONE', #1600 ) ;
#1873 = CARTESIAN_POINT ( 'NONE',  ( 0.4300000000000001044, -0.6999999999999996225, -0.02999999999999999889 ) ) ;
#1874 = ORIENTED_EDGE ( 'NONE', *, *, #1971, .T. ) ;
#1875 = PLANE ( 'NONE',  #1463 ) ;
#1876 = AXIS2_PLACEMENT_3D ( 'NONE', #1858, #548, #1073 ) ;
#1877 = CIRCLE ( 'NONE', #3219, 0.07499999999999998335 ) ;
#1878 = ORIENTED_EDGE ( 'NONE', *, *, #92, .T. ) ;
#1879 = SPHERICAL_SURFACE ( 'NONE', #3052, 0.02999999999999999889 ) ;
#1880 =( NAMED_UNIT ( * ) PLANE_ANGLE_UNIT ( ) SI_UNIT ( $, .RADIAN. ) );
#1881 = CARTESIAN_POINT ( 'NONE',  ( -0.6499999999999998002, -0.5250000000000000222, 0.1200000001517764758 ) ) ;
#1882 = CIRCLE ( 'NONE', #452, 0.02999999999999997113 ) ;
#1883 = EDGE_CURVE ( 'NONE', #251, #2568, #1332, .T. ) ;
#1884 = AXIS2_PLACEMENT_3D ( 'NONE', #2423, #2220, #1981 ) ;
#1885 = ORIENTED_EDGE ( 'NONE', *, *, #1711, .T. ) ;
#1886 = VECTOR ( 'NONE', #103, 1000.000000000000000 ) ;
#1887 = VERTEX_POINT ( 'NONE', #798 ) ;
#1888 = AXIS2_PLACEMENT_3D ( 'NONE', #337, #573, #2569 ) ;
#1889 = AXIS2_PLACEMENT_3D ( 'NONE', #1529, #1270, #3053 ) ;
#1890 = VECTOR ( 'NONE', #2463, 1000.000000000000000 ) ;
#1891 = SURFACE_STYLE_FILL_AREA ( #3162 ) ;
#1892 = FACE_OUTER_BOUND ( 'NONE', #2022, .T. ) ;
#1893 = EDGE_CURVE ( 'NONE', #126, #1025, #291, .T. ) ;
#1894 =( LENGTH_UNIT ( ) NAMED_UNIT ( * ) SI_UNIT ( .MILLI., .METRE. ) );
#1895 = ORIENTED_EDGE ( 'NONE', *, *, #2823, .T. ) ;
#1896 = DIRECTION ( 'NONE',  ( -1.000000000000000000, 0.000000000000000000, 0.000000000000000000 ) ) ;
#1897 = ORIENTED_EDGE ( 'NONE', *, *, #2687, .T. ) ;
#1898 = DIRECTION ( 'NONE',  ( 0.000000000000000000, 0.000000000000000000, 1.000000000000000000 ) ) ;
#1899 = ORIENTED_EDGE ( 'NONE', *, *, #397, .T. ) ;
#1900 = LINE ( 'NONE', #1650, #1394 ) ;
#1901 =( LENGTH_UNIT ( ) NAMED_UNIT ( * ) SI_UNIT ( .MILLI., .METRE. ) );
#1902 = CARTESIAN_POINT ( 'NONE',  ( -0.6499999999999998002, 0.5250000000000001332, -0.02999999999999999889 ) ) ;
#1903 = ORIENTED_EDGE ( 'NONE', *, *, #899, .F. ) ;
#1904 = EDGE_CURVE ( 'NONE', #3022, #1495, #1066, .T. ) ;
#1905 = CARTESIAN_POINT ( 'NONE',  ( -0.9699999999999998623, 0.000000000000000000, 0.5999999999999999778 ) ) ;
#1906 = DIRECTION ( 'NONE',  ( -1.000000000000000000, -3.097720492815727166E-16, 0.000000000000000000 ) ) ;
#1907 = DIRECTION ( 'NONE',  ( -1.000000000000000000, 0.000000000000000000, -0.000000000000000000 ) ) ;
#1908 = CARTESIAN_POINT ( 'NONE',  ( -0.9999999999999997780, 0.7750000000000000222, 0.1199999999999999956 ) ) ;
#1909 = CARTESIAN_POINT ( 'NONE',  ( -0.4299999999999998823, 0.6999999999999992895, -0.02999999999999999889 ) ) ;
#1910 = ORIENTED_EDGE ( 'NONE', *, *, #2594, .T. ) ;
#1911 = DIRECTION ( 'NONE',  ( 0.000000000000000000, -0.000000000000000000, -1.000000000000000000 ) ) ;
#1912 = ORIENTED_EDGE ( 'NONE', *, *, #1747, .F. ) ;
#1913 = LINE ( 'NONE', #1432, #391 ) ;
#1914 = LINE ( 'NONE', #2396, #980 ) ;
#1915 = FACE_OUTER_BOUND ( 'NONE', #325, .T. ) ;
#1916 = ORIENTED_EDGE ( 'NONE', *, *, #522, .T. ) ;
#1917 = ORIENTED_EDGE ( 'NONE', *, *, #1035, .T. ) ;
#1918 = EDGE_CURVE ( 'NONE', #2008, #2010, #3117, .T. ) ;
#1919 = SURFACE_SIDE_STYLE ('',( #1891 ) ) ;
#1920 = DIRECTION ( 'NONE',  ( -1.000000000000000000, 0.000000000000000000, -0.000000000000000000 ) ) ;
#1921 = CYLINDRICAL_SURFACE ( 'NONE', #1576, 0.02999999999999997113 ) ;
#1922 = EDGE_CURVE ( 'NONE', #1478, #212, #1589, .T. ) ;
#1923 = DIRECTION ( 'NONE',  ( -0.000000000000000000, -1.000000000000000000, 3.614007241618351532E-15 ) ) ;
#1924 = DIRECTION ( 'NONE',  ( 0.000000000000000000, 1.000000000000000000, 0.000000000000000000 ) ) ;
#1925 = EDGE_LOOP ( 'NONE', ( #2243, #2145 ) ) ;
#1926 = DIRECTION ( 'NONE',  ( 0.000000000000000000, 0.000000000000000000, -1.000000000000000000 ) ) ;
#1927 = VERTEX_POINT ( 'NONE', #2041 ) ;
#1928 = DIRECTION ( 'NONE',  ( 1.000000000000000000, 0.000000000000000000, 0.000000000000000000 ) ) ;
#1929 = CIRCLE ( 'NONE', #3158, 0.02999999999999997113 ) ;
#1930 = DIRECTION ( 'NONE',  ( 0.000000000000000000, 0.000000000000000000, -1.000000000000000000 ) ) ;
#1931 = EDGE_CURVE ( 'NONE', #1586, #2337, #2383, .T. ) ;
#1932 = AXIS2_PLACEMENT_3D ( 'NONE', #1327, #1280, #2441 ) ;
#1933 = ORIENTED_EDGE ( 'NONE', *, *, #1581, .F. ) ;
#1934 = VECTOR ( 'NONE', #1768, 1000.000000000000000 ) ;
#1935 = ADVANCED_FACE ( 'NONE', ( #2362 ), #1286, .F. ) ;
#1936 = VECTOR ( 'NONE', #2769, 1000.000000000000000 ) ;
#1937 = CIRCLE ( 'NONE', #2378, 0.1000000000000001582 ) ;
#1938 = VERTEX_POINT ( 'NONE', #3075 ) ;
#1939 = DIRECTION ( 'NONE',  ( 1.000000000000000000, 0.000000000000000000, -0.000000000000000000 ) ) ;
#1940 = DIRECTION ( 'NONE',  ( 0.000000000000000000, -1.000000000000000000, 0.000000000000000000 ) ) ;
#1941 = VECTOR ( 'NONE', #3243, 1000.000000000000000 ) ;
#1942 = VECTOR ( 'NONE', #365, 1000.000000000000000 ) ;
#1943 = CARTESIAN_POINT ( 'NONE',  ( 0.6499999999999995781, -0.5250000000000001332, -0.02999999999999999889 ) ) ;
#1944 =( GEOMETRIC_REPRESENTATION_CONTEXT ( 3 ) GLOBAL_UNCERTAINTY_ASSIGNED_CONTEXT ( ( #67 ) ) GLOBAL_UNIT_ASSIGNED_CONTEXT ( ( #854, #366, #1340 ) ) REPRESENTATION_CONTEXT ( 'NONE', 'WORKASPACE' ) );
#1945 = DIRECTION ( 'NONE',  ( 0.000000000000000000, 0.000000000000000000, 1.000000000000000000 ) ) ;
#1946 = EDGE_CURVE ( 'NONE', #1300, #1927, #1081, .T. ) ;
#1947 = DIRECTION ( 'NONE',  ( 0.000000000000000000, -1.000000000000000000, 0.000000000000000000 ) ) ;
#1948 = DIRECTION ( 'NONE',  ( 1.000000000000000000, 0.000000000000000000, 0.000000000000000000 ) ) ;
#1949 = ORIENTED_EDGE ( 'NONE', *, *, #1430, .T. ) ;
#1950 = DIRECTION ( 'NONE',  ( 1.000000000000000000, -0.000000000000000000, -0.000000000000000000 ) ) ;
#1951 = ORIENTED_EDGE ( 'NONE', *, *, #2510, .T. ) ;
#1952 = CARTESIAN_POINT ( 'NONE',  ( -0.7699999999999997957, 0.7700000000000002398, 0.5999999999999999778 ) ) ;
#1953 = DIRECTION ( 'NONE',  ( -1.000000000000000000, -3.097720492815726673E-16, 0.000000000000000000 ) ) ;
#1954 = PLANE ( 'NONE',  #2157 ) ;
#1955 = DIRECTION ( 'NONE',  ( -0.000000000000000000, -1.000000000000000000, -0.000000000000000000 ) ) ;
#1956 = EDGE_LOOP ( 'NONE', ( #1859, #2241, #1494, #2064 ) ) ;
#1957 = ORIENTED_EDGE ( 'NONE', *, *, #2178, .T. ) ;
#1958 = ORIENTED_EDGE ( 'NONE', *, *, #1159, .T. ) ;
#1959 = CARTESIAN_POINT ( 'NONE',  ( 0.6499999999999995781, 0.7749999999999998002, 0.1199999999812462192 ) ) ;
#1960 = CARTESIAN_POINT ( 'NONE',  ( -0.9999999999999997780, 0.1250000000000000000, 0.1199999999999999956 ) ) ;
#1961 = SURFACE_STYLE_USAGE ( .BOTH. , #1160 ) ;
#1962 = ADVANCED_FACE ( 'NONE', ( #1543 ), #2822, .F. ) ;
#1963 = DIRECTION ( 'NONE',  ( 1.000000000000000000, -0.000000000000000000, 0.000000000000000000 ) ) ;
#1964 = PLANE ( 'NONE',  #1462 ) ;
#1965 = ORIENTED_EDGE ( 'NONE', *, *, #278, .F. ) ;
#1966 = DIRECTION ( 'NONE',  ( -1.000000000000000000, 0.000000000000000000, 0.000000000000000000 ) ) ;
#1967 = DIRECTION ( 'NONE',  ( 0.000000000000000000, -1.000000000000000000, 0.000000000000000000 ) ) ;
#1968 = DIRECTION ( 'NONE',  ( -3.097720492815726673E-16, 1.000000000000000000, 0.000000000000000000 ) ) ;
#1969 = MANIFOLD_SOLID_BREP ( 'Cut-Extrude3', #1562 ) ;
#1970 = CARTESIAN_POINT ( 'NONE',  ( -0.3549999999999999267, 0.6999999999999998446, -0.02999999999999999889 ) ) ;
#1971 = EDGE_CURVE ( 'NONE', #3092, #2312, #1914, .T. ) ;
#1972 = CARTESIAN_POINT ( 'NONE',  ( 0.6499999999999995781, -0.5250000000000001332, 0.1199999999812462192 ) ) ;
#1973 = ORIENTED_EDGE ( 'NONE', *, *, #1580, .T. ) ;
#1974 = EDGE_CURVE ( 'NONE', #1771, #251, #2664, .T. ) ;
#1975 = ORIENTED_EDGE ( 'NONE', *, *, #1456, .T. ) ;
#1976 = ORIENTED_EDGE ( 'NONE', *, *, #850, .F. ) ;
#1977 = FACE_OUTER_BOUND ( 'NONE', #2662, .T. ) ;
#1978 = FACE_OUTER_BOUND ( 'NONE', #1850, .T. ) ;
#1979 = FACE_OUTER_BOUND ( 'NONE', #2192, .T. ) ;
#1980 = PLANE ( 'NONE',  #1522 ) ;
#1981 = DIRECTION ( 'NONE',  ( 1.000000000000000000, 0.000000000000000000, 0.000000000000000000 ) ) ;
#1982 = ADVANCED_FACE ( 'NONE', ( #1167 ), #374, .T. ) ;
#1983 = PLANE ( 'NONE',  #2534 ) ;
#1984 = CARTESIAN_POINT ( 'NONE',  ( -0.3549999999999993716, 0.7749999999999999112, 0.01000000000000000021 ) ) ;
#1985 = ORIENTED_EDGE ( 'NONE', *, *, #1847, .F. ) ;
#1986 = DIRECTION ( 'NONE',  ( 1.000000000000000000, -0.000000000000000000, 0.000000000000000000 ) ) ;
#1987 = CLOSED_SHELL ( 'NONE', ( #2502, #731, #1307, #3189, #7, #2757 ) ) ;
#1988 = ADVANCED_FACE ( 'NONE', ( #3138 ), #845, .T. ) ;
#1989 = VECTOR ( 'NONE', #1203, 1000.000000000000000 ) ;
#1990 = ORIENTED_EDGE ( 'NONE', *, *, #755, .T. ) ;
#1991 = VECTOR ( 'NONE', #2521, 1000.000000000000000 ) ;
#1992 = ORIENTED_EDGE ( 'NONE', *, *, #2703, .T. ) ;
#1993 = DIRECTION ( 'NONE',  ( 0.000000000000000000, -1.000000000000000000, 0.000000000000000000 ) ) ;
#1994 = EDGE_CURVE ( 'NONE', #2914, #3026, #146, .T. ) ;
#1995 = LINE ( 'NONE', #215, #456 ) ;
#1996 = VECTOR ( 'NONE', #2836, 1000.000000000000000 ) ;
#1997 = CARTESIAN_POINT ( 'NONE',  ( -0.9999999999999997780, 0.5250000000000000222, -0.02999999999999999889 ) ) ;
#1998 = AXIS2_PLACEMENT_3D ( 'NONE', #473, #1491, #674 ) ;
#1999 = CARTESIAN_POINT ( 'NONE',  ( -0.3549999999999993716, 0.7749999999999999112, 0.01000000000000000021 ) ) ;
#2000 = COLOUR_RGB ( '',0.2862745098039215508, 0.2862745098039215508, 0.2862745098039215508 ) ;
#2001 = DIRECTION ( 'NONE',  ( -1.000000000000000000, 0.000000000000000000, -0.000000000000000000 ) ) ;
#2002 = ADVANCED_FACE ( 'NONE', ( #1128 ), #651, .F. ) ;
#2003 = DIRECTION ( 'NONE',  ( -1.000000000000000000, 3.097720492815726673E-16, 0.000000000000000000 ) ) ;
#2004 = COLOUR_RGB ( '',0.8039215686274510109, 0.8039215686274510109, 0.8039215686274510109 ) ;
#2005 = FACE_OUTER_BOUND ( 'NONE', #1830, .T. ) ;
#2006 = DIRECTION ( 'NONE',  ( -0.000000000000000000, -0.000000000000000000, -1.000000000000000000 ) ) ;
#2007 = EDGE_CURVE ( 'NONE', #1681, #3092, #1664, .T. ) ;
#2008 = VERTEX_POINT ( 'NONE', #359 ) ;
#2009 = CARTESIAN_POINT ( 'NONE',  ( -0.6499999999999998002, 0.7749999999999999112, 0.1199999999999999956 ) ) ;
#2010 = VERTEX_POINT ( 'NONE', #2446 ) ;
#2011 = EDGE_CURVE ( 'NONE', #377, #1437, #2190, .T. ) ;
#2012 = ORIENTED_EDGE ( 'NONE', *, *, #911, .F. ) ;
#2013 = VERTEX_POINT ( 'NONE', #388 ) ;
#2014 = DIRECTION ( 'NONE',  ( 1.000000000000000000, -0.000000000000000000, -0.000000000000000000 ) ) ;
#2015 = DIRECTION ( 'NONE',  ( -0.000000000000000000, -0.000000000000000000, 1.000000000000000000 ) ) ;
#2016 = CYLINDRICAL_SURFACE ( 'NONE', #2816, 0.1000000000000001582 ) ;
#2017 = DIRECTION ( 'NONE',  ( -0.000000000000000000, -0.000000000000000000, -1.000000000000000000 ) ) ;
#2018 = DIRECTION ( 'NONE',  ( 0.000000000000000000, 0.000000000000000000, -1.000000000000000000 ) ) ;
#2019 = CARTESIAN_POINT ( 'NONE',  ( 0.4300000000000001044, 0.6999999999999992895, -0.02999999999999999889 ) ) ;
#2020 = DIRECTION ( 'NONE',  ( -3.097720492815726673E-16, -1.000000000000000000, 0.000000000000000000 ) ) ;
#2021 = CARTESIAN_POINT ( 'NONE',  ( -0.9999999999999997780, 0.1250000000000000000, 0.1199999999999999956 ) ) ;
#2022 = EDGE_LOOP ( 'NONE', ( #1375, #3025, #542, #3076 ) ) ;
#2023 = LINE ( 'NONE', #2771, #1622 ) ;
#2024 = ORIENTED_EDGE ( 'NONE', *, *, #405, .T. ) ;
#2025 = EDGE_CURVE ( 'NONE', #2335, #1586, #1099, .T. ) ;
#2026 = ORIENTED_EDGE ( 'NONE', *, *, #2128, .F. ) ;
#2027 = ORIENTED_EDGE ( 'NONE', *, *, #119, .T. ) ;
#2028 = CARTESIAN_POINT ( 'NONE',  ( 0.6499999999999995781, -0.1249999999999998890, -0.02999999999999999889 ) ) ;
#2029 = CARTESIAN_POINT ( 'NONE',  ( -0.7699999999999997957, 0.7700000000000002398, 0.5899999999999999689 ) ) ;
#2030 = ADVANCED_FACE ( 'NONE', ( #2119 ), #110, .F. ) ;
#2031 = LINE ( 'NONE', #2231, #300 ) ;
#2032 = CARTESIAN_POINT ( 'NONE',  ( -0.6499999999999998002, 0.5250000000000001332, -0.02999999999999999889 ) ) ;
#2033 = DIRECTION ( 'NONE',  ( 0.000000000000000000, -1.000000000000000000, 0.000000000000000000 ) ) ;
#2034 = DIRECTION ( 'NONE',  ( 0.000000000000000000, 0.000000000000000000, -1.000000000000000000 ) ) ;
#2035 = EDGE_CURVE ( 'NONE', #838, #702, #1618, .T. ) ;
#2036 = CARTESIAN_POINT ( 'NONE',  ( -0.9999999999999997780, 0.7750000000000000222, -0.02999999999999999889 ) ) ;
#2037 = CARTESIAN_POINT ( 'NONE',  ( 0.3550000000000000933, 0.6999999999999998446, 0.01000000000000000021 ) ) ;
#2038 = ORIENTED_EDGE ( 'NONE', *, *, #2042, .T. ) ;
#2039 = SURFACE_SIDE_STYLE ('',( #1855 ) ) ;
#2040 = ORIENTED_EDGE ( 'NONE', *, *, #987, .T. ) ;
#2041 = CARTESIAN_POINT ( 'NONE',  ( 0.9999999999999997780, 0.1249999999999997918, 0.1200000000949330570 ) ) ;
#2042 = EDGE_CURVE ( 'NONE', #512, #2914, #3153, .T. ) ;
#2043 = ORIENTED_EDGE ( 'NONE', *, *, #2175, .T. ) ;
#2044 = VERTEX_POINT ( 'NONE', #1233 ) ;
#2045 = DIRECTION ( 'NONE',  ( -0.000000000000000000, -0.000000000000000000, 1.000000000000000000 ) ) ;
#2046 = VECTOR ( 'NONE', #807, 1000.000000000000000 ) ;
#2047 = AXIS2_PLACEMENT_3D ( 'NONE', #255, #3233, #1261 ) ;
#2048 = CARTESIAN_POINT ( 'NONE',  ( 0.000000000000000000, 0.6500000000000000222, 0.1199999999999999956 ) ) ;
#2049 = DIRECTION ( 'NONE',  ( 1.000000000000000000, -3.097720492815726673E-16, 0.000000000000000000 ) ) ;
#2050 = LINE ( 'NONE', #1262, #868 ) ;
#2051 = AXIS2_PLACEMENT_3D ( 'NONE', #2358, #2081, #32 ) ;
#2052 = CARTESIAN_POINT ( 'NONE',  ( -0.5049999999999997824, 0.1999999999999998723, -0.02999999999999999889 ) ) ;
#2053 =( GEOMETRIC_REPRESENTATION_CONTEXT ( 3 ) GLOBAL_UNCERTAINTY_ASSIGNED_CONTEXT ( ( #2602 ) ) GLOBAL_UNIT_ASSIGNED_CONTEXT ( ( #2452, #166, #1138 ) ) REPRESENTATION_CONTEXT ( 'NONE', 'WORKASPACE' ) );
#2054 = VECTOR ( 'NONE', #2989, 1000.000000000000000 ) ;
#2055 = EDGE_CURVE ( 'NONE', #2853, #636, #176, .T. ) ;
#2056 = VECTOR ( 'NONE', #2550, 1000.000000000000000 ) ;
#2057 = CARTESIAN_POINT ( 'NONE',  ( 0.9999999999999997780, -0.7749999999999999112, -0.02999999999999999889 ) ) ;
#2058 = DIRECTION ( 'NONE',  ( -0.000000000000000000, -0.000000000000000000, 1.000000000000000000 ) ) ;
#2059 = VERTEX_POINT ( 'NONE', #3268 ) ;
#2060 = VECTOR ( 'NONE', #892, 1000.000000000000000 ) ;
#2061 = CIRCLE ( 'NONE', #2491, 0.07499999999999998335 ) ;
#2062 = DIRECTION ( 'NONE',  ( 1.000000000000000000, 0.000000000000000000, 0.000000000000000000 ) ) ;
#2063 = ORIENTED_EDGE ( 'NONE', *, *, #1439, .T. ) ;
#2064 = ORIENTED_EDGE ( 'NONE', *, *, #2355, .T. ) ;
#2065 = PLANE ( 'NONE',  #349 ) ;
#2066 = ADVANCED_FACE ( 'NONE', ( #1182 ), #699, .T. ) ;
#2067 = SURFACE_STYLE_USAGE ( .BOTH. , #2122 ) ;
#2068 = FILL_AREA_STYLE_COLOUR ( '', #1397 ) ;
#2069 = PLANE ( 'NONE',  #3218 ) ;
#2070 = CARTESIAN_POINT ( 'NONE',  ( -0.4299999999999998823, -0.6999999999999996225, 0.000000000000000000 ) ) ;
#2071 = CARTESIAN_POINT ( 'NONE',  ( 0.4300000000000001044, -0.6999999999999996225, 0.01000000000000000021 ) ) ;
#2072 = DIRECTION ( 'NONE',  ( -1.000000000000000000, 0.000000000000000000, 0.000000000000000000 ) ) ;
#2073 = ORIENTED_EDGE ( 'NONE', *, *, #2965, .T. ) ;
#2074 = PLANE ( 'NONE',  #2754 ) ;
#2075 = CYLINDRICAL_SURFACE ( 'NONE', #128, 0.07499999999999998335 ) ;
#2076 = ORIENTED_EDGE ( 'NONE', *, *, #839, .F. ) ;
#2077 = DIRECTION ( 'NONE',  ( -0.000000000000000000, -0.000000000000000000, -1.000000000000000000 ) ) ;
#2078 = FACE_OUTER_BOUND ( 'NONE', #367, .T. ) ;
#2079 = ADVANCED_FACE ( 'NONE', ( #454 ), #486, .T. ) ;
#2080 = LINE ( 'NONE', #2577, #604 ) ;
#2081 = DIRECTION ( 'NONE',  ( -3.097720492815726673E-16, 1.000000000000000000, 0.000000000000000000 ) ) ;
#2082 = EDGE_LOOP ( 'NONE', ( #1899, #2392, #424, #2114 ) ) ;
#2083 = CARTESIAN_POINT ( 'NONE',  ( -0.6499999999999998002, 0.1249999999999998890, -0.02999999999999999889 ) ) ;
#2084 = CARTESIAN_POINT ( 'NONE',  ( -0.6499999999999998002, -0.1249999999999997918, 0.1199999999999999956 ) ) ;
#2085 = UNCERTAINTY_MEASURE_WITH_UNIT (LENGTH_MEASURE( 1.000000000000000082E-05 ), #1843, 'distance_accuracy_value', 'NONE');
#2086 = ORIENTED_EDGE ( 'NONE', *, *, #1789, .T. ) ;
#2087 = ORIENTED_EDGE ( 'NONE', *, *, #2339, .T. ) ;
#2088 = EDGE_CURVE ( 'NONE', #2667, #2102, #952, .T. ) ;
#2089 = ORIENTED_EDGE ( 'NONE', *, *, #1213, .F. ) ;
#2090 = VECTOR ( 'NONE', #2201, 1000.000000000000000 ) ;
#2091 =( NAMED_UNIT ( * ) PLANE_ANGLE_UNIT ( ) SI_UNIT ( $, .RADIAN. ) );
#2092 = DIRECTION ( 'NONE',  ( 0.000000000000000000, 0.000000000000000000, -1.000000000000000000 ) ) ;
#2093 = DIRECTION ( 'NONE',  ( 0.000000000000000000, 0.000000000000000000, -1.000000000000000000 ) ) ;
#2094 = VECTOR ( 'NONE', #1924, 1000.000000000000000 ) ;
#2095 = ADVANCED_FACE ( 'NONE', ( #1713 ), #1504, .F. ) ;
#2096 = DIRECTION ( 'NONE',  ( 0.000000000000000000, 0.000000000000000000, -1.000000000000000000 ) ) ;
#2097 = STYLED_ITEM ( 'NONE', ( #871 ), #882 ) ;
#2098 = DIRECTION ( 'NONE',  ( -0.000000000000000000, -0.000000000000000000, -1.000000000000000000 ) ) ;
#2099 = ORIENTED_EDGE ( 'NONE', *, *, #1424, .F. ) ;
#2100 = AXIS2_PLACEMENT_3D ( 'NONE', #303, #2033, #824 ) ;
#2101 = AXIS2_PLACEMENT_3D ( 'NONE', #195, #3239, #147 ) ;
#2102 = VERTEX_POINT ( 'NONE', #3221 ) ;
#2103 = ORIENTED_EDGE ( 'NONE', *, *, #834, .F. ) ;
#2104 = CARTESIAN_POINT ( 'NONE',  ( 0.6499999999999995781, 0.1249999999999997918, 0.1199999999812462192 ) ) ;
#2105 = AXIS2_PLACEMENT_3D ( 'NONE', #2807, #2287, #2301 ) ;
#2106 = VECTOR ( 'NONE', #279, 1000.000000000000000 ) ;
#2107 = PRESENTATION_LAYER_ASSIGNMENT (  '', '', ( #254 ) ) ;
#2108 = VERTEX_POINT ( 'NONE', #3002 ) ;
#2109 = EDGE_CURVE ( 'NONE', #2169, #1578, #752, .T. ) ;
#2110 = CARTESIAN_POINT ( 'NONE',  ( 0.4300000000000001044, 0.6999999999999992895, 0.000000000000000000 ) ) ;
#2111 = DIRECTION ( 'NONE',  ( -0.000000000000000000, 1.000000000000000000, -0.000000000000000000 ) ) ;
#2112 = PRODUCT_DEFINITION_SHAPE ( 'NONE', 'NONE',  #2684 ) ;
#2113 = LINE ( 'NONE', #2800, #877 ) ;
#2114 = ORIENTED_EDGE ( 'NONE', *, *, #3130, .T. ) ;
#2115 = CARTESIAN_POINT ( 'NONE',  ( 0.6499999999999995781, 0.1249999999999997918, 0.1199999999999999956 ) ) ;
#2116 = ORIENTED_EDGE ( 'NONE', *, *, #472, .T. ) ;
#2117 = FACE_OUTER_BOUND ( 'NONE', #2759, .T. ) ;
#2118 = CARTESIAN_POINT ( 'NONE',  ( -0.9699999999999998623, 1.000000000000000222, 0.5999999999999999778 ) ) ;
#2119 = FACE_OUTER_BOUND ( 'NONE', #2660, .T. ) ;
#2120 = ORIENTED_EDGE ( 'NONE', *, *, #915, .F. ) ;
#2121 = ORIENTED_EDGE ( 'NONE', *, *, #264, .F. ) ;
#2122 = SURFACE_SIDE_STYLE ('',( #821 ) ) ;
#2123 = EDGE_CURVE ( 'NONE', #212, #2975, #1296, .T. ) ;
#2124 = CARTESIAN_POINT ( 'NONE',  ( 0.6499999999999995781, 0.1249999999999997918, 0.1199999999999999956 ) ) ;
#2125 = CARTESIAN_POINT ( 'NONE',  ( 0.000000000000000000, 0.000000000000000000, 0.1199999999999999956 ) ) ;
#2126 = FACE_OUTER_BOUND ( 'NONE', #2819, .T. ) ;
#2127 = ORIENTED_EDGE ( 'NONE', *, *, #380, .F. ) ;
#2128 = EDGE_CURVE ( 'NONE', #1208, #2458, #504, .T. ) ;
#2129 = EDGE_LOOP ( 'NONE', ( #843, #2835, #2180, #140 ) ) ;
#2130 = FACE_OUTER_BOUND ( 'NONE', #3201, .T. ) ;
#2131 = ADVANCED_FACE ( 'NONE', ( #737 ), #2278, .F. ) ;
#2132 = DIRECTION ( 'NONE',  ( -1.000000000000000000, 0.000000000000000000, 0.000000000000000000 ) ) ;
#2133 = DIRECTION ( 'NONE',  ( -0.000000000000000000, -0.000000000000000000, -1.000000000000000000 ) ) ;
#2134 = ADVANCED_FACE ( 'NONE', ( #2750 ), #1749, .T. ) ;
#2135 = DIRECTION ( 'NONE',  ( -1.000000000000000000, 0.000000000000000000, 0.000000000000000000 ) ) ;
#2136 = ORIENTED_EDGE ( 'NONE', *, *, #2654, .T. ) ;
#2137 = EDGE_CURVE ( 'NONE', #2186, #1208, #3035, .T. ) ;
#2138 = ORIENTED_EDGE ( 'NONE', *, *, #1918, .T. ) ;
#2139 = ORIENTED_EDGE ( 'NONE', *, *, #806, .F. ) ;
#2140 = DIRECTION ( 'NONE',  ( 0.000000000000000000, -0.000000000000000000, 1.000000000000000000 ) ) ;
#2141 = LINE ( 'NONE', #3128, #560 ) ;
#2142 = CARTESIAN_POINT ( 'NONE',  ( -0.4299999999999998823, 0.2000000000000004274, 0.01000000000000000021 ) ) ;
#2143 = AXIS2_PLACEMENT_3D ( 'NONE', #2292, #1473, #2253 ) ;
#2144 = CARTESIAN_POINT ( 'NONE',  ( -0.9999999999999997780, 0.7750000000000000222, -0.02999999999999999889 ) ) ;
#2145 = ORIENTED_EDGE ( 'NONE', *, *, #1598, .F. ) ;
#2146 = DIRECTION ( 'NONE',  ( 1.000000000000000000, -0.000000000000000000, -0.000000000000000000 ) ) ;
#2147 = ORIENTED_EDGE ( 'NONE', *, *, #2940, .F. ) ;
#2148 = DIRECTION ( 'NONE',  ( 0.000000000000000000, -1.000000000000000000, 0.000000000000000000 ) ) ;
#2149 = CIRCLE ( 'NONE', #1130, 0.07499999999999998335 ) ;
#2150 = EDGE_CURVE ( 'NONE', #3059, #2938, #502, .T. ) ;
#2151 = VECTOR ( 'NONE', #2634, 1000.000000000000000 ) ;
#2152 = EDGE_LOOP ( 'NONE', ( #2683, #625, #590, #2805 ) ) ;
#2153 = DIRECTION ( 'NONE',  ( 0.000000000000000000, 0.000000000000000000, 1.000000000000000000 ) ) ;
#2154 = CARTESIAN_POINT ( 'NONE',  ( 0.6499999999999995781, -0.7749999999999999112, 0.1199999999812462192 ) ) ;
#2155 = CARTESIAN_POINT ( 'NONE',  ( -0.9999999999999997780, -0.5250000000000000222, 0.000000000000000000 ) ) ;
#2156 = VECTOR ( 'NONE', #747, 1000.000000000000000 ) ;
#2157 = AXIS2_PLACEMENT_3D ( 'NONE', #124, #1700, #1151 ) ;
#2158 = ORIENTED_EDGE ( 'NONE', *, *, #3275, .T. ) ;
#2159 = CIRCLE ( 'NONE', #1194, 0.07499999999999998335 ) ;
#2160 = VECTOR ( 'NONE', #555, 1000.000000000000000 ) ;
#2161 = AXIS2_PLACEMENT_3D ( 'NONE', #2048, #1014, #3043 ) ;
#2162 =( GEOMETRIC_REPRESENTATION_CONTEXT ( 3 ) GLOBAL_UNCERTAINTY_ASSIGNED_CONTEXT ( ( #1319 ) ) GLOBAL_UNIT_ASSIGNED_CONTEXT ( ( #1901, #1880, #420 ) ) REPRESENTATION_CONTEXT ( 'NONE', 'WORKASPACE' ) );
#2163 = ORIENTED_EDGE ( 'NONE', *, *, #2970, .F. ) ;
#2164 = DIRECTION ( 'NONE',  ( 1.000000000000000000, -0.000000000000000000, -0.000000000000000000 ) ) ;
#2165 = CARTESIAN_POINT ( 'NONE',  ( 0.9999999999999997780, 0.1249999999999997918, -0.02999999999999999889 ) ) ;
#2166 = EDGE_CURVE ( 'NONE', #2506, #2975, #1474, .T. ) ;
#2167 = VERTEX_POINT ( 'NONE', #470 ) ;
#2168 = PLANE ( 'NONE',  #1514 ) ;
#2169 = VERTEX_POINT ( 'NONE', #1220 ) ;
#2170 = DIRECTION ( 'NONE',  ( 1.000000000000000000, -0.000000000000000000, 0.000000000000000000 ) ) ;
#2171 = ORIENTED_EDGE ( 'NONE', *, *, #2544, .T. ) ;
#2172 = DIRECTION ( 'NONE',  ( 1.000000000000000000, 0.000000000000000000, 0.000000000000000000 ) ) ;
#2173 = DIRECTION ( 'NONE',  ( -1.000000000000000000, 1.869314090492256700E-16, 0.000000000000000000 ) ) ;
#2174 = CARTESIAN_POINT ( 'NONE',  ( -0.9699999999999998623, -0.9699999999999998623, 0.5699999999999999512 ) ) ;
#2175 = EDGE_CURVE ( 'NONE', #2649, #2853, #2223, .T. ) ;
#2176 = ORIENTED_EDGE ( 'NONE', *, *, #1683, .F. ) ;
#2177 = VERTEX_POINT ( 'NONE', #1984 ) ;
#2178 = EDGE_CURVE ( 'NONE', #1108, #1819, #1735, .T. ) ;
#2179 = LINE ( 'NONE', #584, #924 ) ;
#2180 = ORIENTED_EDGE ( 'NONE', *, *, #2280, .F. ) ;
#2181 = DIRECTION ( 'NONE',  ( 0.000000000000000000, -0.000000000000000000, -1.000000000000000000 ) ) ;
#2182 = LINE ( 'NONE', #1104, #298 ) ;
#2183 = LINE ( 'NONE', #3198, #2596 ) ;
#2184 = PLANE ( 'NONE',  #2435 ) ;
#2185 = CARTESIAN_POINT ( 'NONE',  ( -0.6499999999999998002, 0.7749999999999999112, 0.1199999999812462192 ) ) ;
#2186 = VERTEX_POINT ( 'NONE', #1553 ) ;
#2187 = FACE_OUTER_BOUND ( 'NONE', #2364, .T. ) ;
#2188 = VERTEX_POINT ( 'NONE', #2611 ) ;
#2189 = CARTESIAN_POINT ( 'NONE',  ( 0.000000000000000000, 0.000000000000000000, 0.1199999999999999956 ) ) ;
#2190 = LINE ( 'NONE', #2154, #1669 ) ;
#2191 = CARTESIAN_POINT ( 'NONE',  ( 0.4300000000000001044, -0.6999999999999996225, 0.01000000000000000021 ) ) ;
#2192 = EDGE_LOOP ( 'NONE', ( #1155, #418, #172, #563 ) ) ;
#2193 = ADVANCED_FACE ( 'NONE', ( #1328 ), #2598, .F. ) ;
#2194 = CARTESIAN_POINT ( 'NONE',  ( 0.6499999999999995781, -0.1249999999999998890, 0.1199999999999999956 ) ) ;
#2195 = CARTESIAN_POINT ( 'NONE',  ( 0.9999999999999997780, 0.7749999999999998002, -0.02999999999999999889 ) ) ;
#2196 = CARTESIAN_POINT ( 'NONE',  ( 0.6499999999999995781, -0.5250000000000001332, -0.02999999999999999889 ) ) ;
#2197 = FACE_OUTER_BOUND ( 'NONE', #1457, .T. ) ;
#2198 = ORIENTED_EDGE ( 'NONE', *, *, #119, .F. ) ;
#2199 = CYLINDRICAL_SURFACE ( 'NONE', #869, 0.07499999999999998335 ) ;
#2200 = ORIENTED_EDGE ( 'NONE', *, *, #1893, .T. ) ;
#2201 = DIRECTION ( 'NONE',  ( -0.000000000000000000, -0.000000000000000000, -1.000000000000000000 ) ) ;
#2202 = AXIS2_PLACEMENT_3D ( 'NONE', #2768, #16, #1219 ) ;
#2203 = DIRECTION ( 'NONE',  ( -0.000000000000000000, 0.000000000000000000, -1.000000000000000000 ) ) ;
#2204 = DIRECTION ( 'NONE',  ( 0.000000000000000000, 1.000000000000000000, 0.000000000000000000 ) ) ;
#2205 = VECTOR ( 'NONE', #794, 1000.000000000000000 ) ;
#2206 = DIRECTION ( 'NONE',  ( 0.000000000000000000, -1.000000000000000000, 0.000000000000000000 ) ) ;
#2207 = VERTEX_POINT ( 'NONE', #306 ) ;
#2208 = VECTOR ( 'NONE', #763, 1000.000000000000000 ) ;
#2209 = COLOUR_RGB ( '',0.8039215686274510109, 0.8039215686274510109, 0.8039215686274510109 ) ;
#2210 = AXIS2_PLACEMENT_3D ( 'NONE', #620, #2170, #417 ) ;
#2211 = DIRECTION ( 'NONE',  ( -1.000000000000000000, 0.000000000000000000, 0.000000000000000000 ) ) ;
#2212 = CARTESIAN_POINT ( 'NONE',  ( 0.6499999999999995781, -0.1249999999999998890, 0.000000000000000000 ) ) ;
#2213 = PRODUCT_DEFINITION_FORMATION_WITH_SPECIFIED_SOURCE ( 'ANY', '', #2466, .NOT_KNOWN. ) ;
#2214 = EDGE_CURVE ( 'NONE', #690, #3185, #1314, .T. ) ;
#2215 = VECTOR ( 'NONE', #1800, 1000.000000000000000 ) ;
#2216 =( NAMED_UNIT ( * ) PLANE_ANGLE_UNIT ( ) SI_UNIT ( $, .RADIAN. ) );
#2217 = CARTESIAN_POINT ( 'NONE',  ( -0.4299999999999998823, 0.2000000000000004274, 0.01000000000000000021 ) ) ;
#2218 = PLANE ( 'NONE',  #294 ) ;
#2219 = ORIENTED_EDGE ( 'NONE', *, *, #2970, .T. ) ;
#2220 = DIRECTION ( 'NONE',  ( 0.000000000000000000, 0.000000000000000000, 1.000000000000000000 ) ) ;
#2221 = ADVANCED_FACE ( 'NONE', ( #53 ), #1540, .F. ) ;
#2222 = PLANE ( 'NONE',  #655 ) ;
#2223 = LINE ( 'NONE', #2238, #557 ) ;
#2224 = PLANE ( 'NONE',  #139 ) ;
#2225 = EDGE_CURVE ( 'NONE', #2312, #1076, #2818, .T. ) ;
#2226 = CARTESIAN_POINT ( 'NONE',  ( -0.9999999999999997780, -0.7749999999999999112, 0.000000000000000000 ) ) ;
#2227 = ADVANCED_FACE ( 'NONE', ( #62 ), #2847, .F. ) ;
#2228 = EDGE_LOOP ( 'NONE', ( #319, #281, #2804, #600 ) ) ;
#2229 = CARTESIAN_POINT ( 'NONE',  ( -0.3549999999999999267, 0.6999999999999998446, 0.01000000000000000021 ) ) ;
#2230 = LINE ( 'NONE', #960, #1941 ) ;
#2231 = CARTESIAN_POINT ( 'NONE',  ( -0.9999999999999997780, -0.9999999999999997780, 0.5699999999999999512 ) ) ;
#2232 = FACE_OUTER_BOUND ( 'NONE', #2721, .T. ) ;
#2233 = CARTESIAN_POINT ( 'NONE',  ( -0.5050000000000003375, -0.1249999999999997918, 0.01000000000000000021 ) ) ;
#2234 = ORIENTED_EDGE ( 'NONE', *, *, #940, .F. ) ;
#2235 = CARTESIAN_POINT ( 'NONE',  ( -0.6499999999999998002, 0.7749999999999999112, 0.1199999999999999956 ) ) ;
#2236 = ADVANCED_FACE ( 'NONE', ( #318 ), #524, .F. ) ;
#2237 = CARTESIAN_POINT ( 'NONE',  ( 0.9999999999999997780, 0.7749999999999998002, 0.1199999999999999956 ) ) ;
#2238 = CARTESIAN_POINT ( 'NONE',  ( -0.9999999999999997780, -0.5250000000000000222, 0.1199999999999999956 ) ) ;
#2239 = ORIENTED_EDGE ( 'NONE', *, *, #481, .T. ) ;
#2240 = CARTESIAN_POINT ( 'NONE',  ( 0.6499999999999995781, 0.1249999999999997918, 0.000000000000000000 ) ) ;
#2241 = ORIENTED_EDGE ( 'NONE', *, *, #3061, .F. ) ;
#2242 = EDGE_CURVE ( 'NONE', #2991, #1479, #2308, .T. ) ;
#2243 = ORIENTED_EDGE ( 'NONE', *, *, #3091, .F. ) ;
#2244 = EDGE_LOOP ( 'NONE', ( #54, #1472, #1597, #308 ) ) ;
#2245 = LINE ( 'NONE', #1959, #1670 ) ;
#2246 = LINE ( 'NONE', #3259, #2595 ) ;
#2247 = EDGE_CURVE ( 'NONE', #1578, #2787, #1268, .T. ) ;
#2248 = DIRECTION ( 'NONE',  ( 1.000000000000000000, 0.000000000000000000, 0.000000000000000000 ) ) ;
#2249 = CARTESIAN_POINT ( 'NONE',  ( -0.4299999999999998823, -0.6999999999999996225, 0.01000000000000000021 ) ) ;
#2250 = DIRECTION ( 'NONE',  ( 0.000000000000000000, 0.000000000000000000, -1.000000000000000000 ) ) ;
#2251 = CARTESIAN_POINT ( 'NONE',  ( -0.5049999999999997824, -0.1999999999999997613, 0.01000000000000000021 ) ) ;
#2252 = ORIENTED_EDGE ( 'NONE', *, *, #411, .F. ) ;
#2253 = DIRECTION ( 'NONE',  ( 0.000000000000000000, -0.000000000000000000, -1.000000000000000000 ) ) ;
#2254 = DIRECTION ( 'NONE',  ( 1.000000000000000000, -3.097720492815726673E-16, 0.000000000000000000 ) ) ;
#2255 = ORIENTED_EDGE ( 'NONE', *, *, #2025, .F. ) ;
#2256 = ADVANCED_FACE ( 'NONE', ( #2328 ), #3050, .F. ) ;
#2257 = CARTESIAN_POINT ( 'NONE',  ( 1.000000000000000222, -0.9999999999999997780, 0.000000000000000000 ) ) ;
#2258 = VECTOR ( 'NONE', #751, 1000.000000000000000 ) ;
#2259 = ORIENTED_EDGE ( 'NONE', *, *, #1637, .T. ) ;
#2260 = ADVANCED_FACE ( 'NONE', ( #2880 ), #549, .F. ) ;
#2261 = MECHANICAL_DESIGN_GEOMETRIC_PRESENTATION_REPRESENTATION (  '', ( #3267 ), #3107 ) ;
#2262 = ORIENTED_EDGE ( 'NONE', *, *, #1264, .F. ) ;
#2263 = AXIS2_PLACEMENT_3D ( 'NONE', #3, #1968, #1953 ) ;
#2264 = ORIENTED_EDGE ( 'NONE', *, *, #2366, .F. ) ;
#2265 = MECHANICAL_DESIGN_GEOMETRIC_PRESENTATION_REPRESENTATION (  '', ( #1037 ), #2857 ) ;
#2266 = VERTEX_POINT ( 'NONE', #1038 ) ;
#2267 = CARTESIAN_POINT ( 'NONE',  ( 0.9999999999999997780, 0.1249999999999997918, 0.1199999999999999956 ) ) ;
#2268 = FACE_OUTER_BOUND ( 'NONE', #1956, .T. ) ;
#2269 = AXIS2_PLACEMENT_3D ( 'NONE', #3150, #2910, #402 ) ;
#2270 = CARTESIAN_POINT ( 'NONE',  ( -0.4299999999999998823, 0.2000000000000004274, 0.01000000000000000021 ) ) ;
#2271 = AXIS2_PLACEMENT_3D ( 'NONE', #1337, #86, #1091 ) ;
#2272 = CARTESIAN_POINT ( 'NONE',  ( -0.9999999999999997780, -0.7749999999999999112, -0.02999999999999999889 ) ) ;
#2273 = AXIS2_PLACEMENT_3D ( 'NONE', #2165, #1907, #2935 ) ;
#2274 = LINE ( 'NONE', #947, #1724 ) ;
#2275 = FACE_OUTER_BOUND ( 'NONE', #2349, .T. ) ;
#2276 = STYLED_ITEM ( 'NONE', ( #1193 ), #3108 ) ;
#2277 = CARTESIAN_POINT ( 'NONE',  ( 0.6499999999999995781, -0.7749999999999999112, 0.1200000001517764758 ) ) ;
#2278 = PLANE ( 'NONE',  #659 ) ;
#2279 = ORIENTED_EDGE ( 'NONE', *, *, #1439, .F. ) ;
#2280 = EDGE_CURVE ( 'NONE', #3214, #1282, #1785, .T. ) ;
#2281 = DIRECTION ( 'NONE',  ( -0.000000000000000000, 1.000000000000000000, -0.000000000000000000 ) ) ;
#2282 = EDGE_LOOP ( 'NONE', ( #1696, #2297, #575, #1039 ) ) ;
#2283 = ORIENTED_EDGE ( 'NONE', *, *, #1243, .T. ) ;
#2284 = EDGE_CURVE ( 'NONE', #1366, #591, #1020, .T. ) ;
#2285 = ORIENTED_EDGE ( 'NONE', *, *, #397, .F. ) ;
#2286 = LINE ( 'NONE', #1058, #2913 ) ;
#2287 = DIRECTION ( 'NONE',  ( -1.000000000000000000, 0.000000000000000000, 0.000000000000000000 ) ) ;
#2288 = APPLICATION_PROTOCOL_DEFINITION ( 'draft international standard', 'automotive_design', 1998, #851 ) ;
#2289 = CARTESIAN_POINT ( 'NONE',  ( -0.3549999999999993716, 0.7749999999999999112, -0.02999999999999999889 ) ) ;
#2290 = CARTESIAN_POINT ( 'NONE',  ( -0.3549999999999993716, -0.7750000000000002442, -0.02999999999999999889 ) ) ;
#2291 = EDGE_CURVE ( 'NONE', #2615, #511, #1802, .T. ) ;
#2292 = CARTESIAN_POINT ( 'NONE',  ( 0.6499999999999995781, 0.1249999999999997918, -0.02999999999999999889 ) ) ;
#2293 = CARTESIAN_POINT ( 'NONE',  ( -0.3549999999999999267, -0.7000000000000001776, 0.01000000000000000021 ) ) ;
#2294 = ORIENTED_EDGE ( 'NONE', *, *, #60, .F. ) ;
#2295 = PRESENTATION_STYLE_ASSIGNMENT (( #1072 ) ) ;
#2296 = EDGE_CURVE ( 'NONE', #2745, #2960, #1248, .T. ) ;
#2297 = ORIENTED_EDGE ( 'NONE', *, *, #1676, .T. ) ;
#2298 = ORIENTED_EDGE ( 'NONE', *, *, #3074, .T. ) ;
#2299 = ORIENTED_EDGE ( 'NONE', *, *, #1893, .F. ) ;
#2300 = DIRECTION ( 'NONE',  ( -0.000000000000000000, -0.000000000000000000, 1.000000000000000000 ) ) ;
#2301 = DIRECTION ( 'NONE',  ( 0.000000000000000000, 0.000000000000000000, 1.000000000000000000 ) ) ;
#2302 = EDGE_CURVE ( 'NONE', #4, #2413, #286, .T. ) ;
#2303 = CARTESIAN_POINT ( 'NONE',  ( 0.000000000000000000, 0.000000000000000000, 0.000000000000000000 ) ) ;
#2304 = PRESENTATION_STYLE_ASSIGNMENT (( #328 ) ) ;
#2305 = CARTESIAN_POINT ( 'NONE',  ( 0.9999999999999997780, 0.5250000000000000222, -0.02999999999999999889 ) ) ;
#2306 = ORIENTED_EDGE ( 'NONE', *, *, #2011, .T. ) ;
#2307 = PLANE ( 'NONE',  #1876 ) ;
#2308 = LINE ( 'NONE', #1074, #607 ) ;
#2309 = ORIENTED_EDGE ( 'NONE', *, *, #2166, .T. ) ;
#2310 = CARTESIAN_POINT ( 'NONE',  ( 0.9999999999999997780, 0.7749999999999998002, 0.1199999999999999956 ) ) ;
#2311 = VECTOR ( 'NONE', #1833, 1000.000000000000000 ) ;
#2312 = VERTEX_POINT ( 'NONE', #795 ) ;
#2313 = ORIENTED_EDGE ( 'NONE', *, *, #2284, .F. ) ;
#2314 = CARTESIAN_POINT ( 'NONE',  ( 0.9999999999999997780, -0.5250000000000001332, -0.02999999999999999889 ) ) ;
#2315 = VECTOR ( 'NONE', #1484, 1000.000000000000000 ) ;
#2316 = AXIS2_PLACEMENT_3D ( 'NONE', #685, #2203, #1251 ) ;
#2317 = COLOUR_RGB ( '',0.8039215686274510109, 0.8039215686274510109, 0.8039215686274510109 ) ;
#2318 = EDGE_CURVE ( 'NONE', #702, #1733, #1812, .T. ) ;
#2319 =( LENGTH_UNIT ( ) NAMED_UNIT ( * ) SI_UNIT ( .MILLI., .METRE. ) );
#2320 = CARTESIAN_POINT ( 'NONE',  ( -0.6499999999999998002, -0.5250000000000000222, 0.1199999999999999956 ) ) ;
#2321 = CARTESIAN_POINT ( 'NONE',  ( -0.9999999999999997780, -0.9999999999999997780, 0.5999999999999999778 ) ) ;
#2322 = VECTOR ( 'NONE', #3119, 1000.000000000000000 ) ;
#2323 = LINE ( 'NONE', #28, #1409 ) ;
#2324 = AXIS2_PLACEMENT_3D ( 'NONE', #189, #3263, #2003 ) ;
#2325 = STYLED_ITEM ( 'NONE', ( #2295 ), #3079 ) ;
#2326 = VECTOR ( 'NONE', #3084, 1000.000000000000000 ) ;
#2327 = CARTESIAN_POINT ( 'NONE',  ( -0.6699999999999997069, 0.7700000000000002398, 0.5999999999999999778 ) ) ;
#2328 = FACE_OUTER_BOUND ( 'NONE', #1532, .T. ) ;
#2329 = EDGE_LOOP ( 'NONE', ( #1186, #1965, #121, #1321 ) ) ;
#2330 = FACE_OUTER_BOUND ( 'NONE', #250, .T. ) ;
#2331 = VECTOR ( 'NONE', #2455, 1000.000000000000000 ) ;
#2332 = FACE_OUTER_BOUND ( 'NONE', #2616, .T. ) ;
#2333 = LINE ( 'NONE', #588, #2434 ) ;
#2334 = EDGE_CURVE ( 'NONE', #636, #1769, #762, .T. ) ;
#2335 = VERTEX_POINT ( 'NONE', #1762 ) ;
#2336 = VERTEX_POINT ( 'NONE', #2793 ) ;
#2337 = VERTEX_POINT ( 'NONE', #1517 ) ;
#2338 = DIRECTION ( 'NONE',  ( -0.000000000000000000, 1.000000000000000000, -0.000000000000000000 ) ) ;
#2339 = EDGE_CURVE ( 'NONE', #636, #2482, #49, .T. ) ;
#2340 = CARTESIAN_POINT ( 'NONE',  ( -0.6499999999999998002, -0.7749999999999998002, -0.02999999999999999889 ) ) ;
#2341 = CARTESIAN_POINT ( 'NONE',  ( -0.9999999999999997780, -0.1249999999999998890, 0.1199999999999999956 ) ) ;
#2342 = CARTESIAN_POINT ( 'NONE',  ( -0.7699999999999997957, 0.7700000000000002398, 0.5999999999999999778 ) ) ;
#2343 = DIRECTION ( 'NONE',  ( 1.000000000000000000, -3.097720492815726673E-16, 0.000000000000000000 ) ) ;
#2344 = ORIENTED_EDGE ( 'NONE', *, *, #92, .F. ) ;
#2345 = EDGE_CURVE ( 'NONE', #3093, #1845, #2050, .T. ) ;
#2346 = CARTESIAN_POINT ( 'NONE',  ( -0.9999999999999997780, 0.7750000000000000222, 0.1199999999999999956 ) ) ;
#2347 = CARTESIAN_POINT ( 'NONE',  ( -0.5050000000000003375, -0.1249999999999998196, -0.02999999999999999889 ) ) ;
#2348 = EDGE_LOOP ( 'NONE', ( #188, #1786, #1897, #1958 ) ) ;
#2349 = EDGE_LOOP ( 'NONE', ( #1225, #57, #2473, #2944 ) ) ;
#2350 = VERTEX_POINT ( 'NONE', #532 ) ;
#2351 = EDGE_CURVE ( 'NONE', #431, #1362, #1016, .T. ) ;
#2352 = LINE ( 'NONE', #1777, #3060 ) ;
#2353 = PLANE ( 'NONE',  #1831 ) ;
#2354 = LINE ( 'NONE', #2290, #404 ) ;
#2355 = EDGE_CURVE ( 'NONE', #2482, #1367, #1537, .T. ) ;
#2356 = CARTESIAN_POINT ( 'NONE',  ( 0.6499999999999995781, 0.5250000000000000222, 0.000000000000000000 ) ) ;
#2357 = DIRECTION ( 'NONE',  ( 1.000000000000000000, -3.097720492815726673E-16, 0.000000000000000000 ) ) ;
#2358 = CARTESIAN_POINT ( 'NONE',  ( -0.6499999999999998002, -0.7749999999999998002, -0.02999999999999999889 ) ) ;
#2359 = ORIENTED_EDGE ( 'NONE', *, *, #51, .T. ) ;
#2360 = ORIENTED_EDGE ( 'NONE', *, *, #2855, .T. ) ;
#2361 = VERTEX_POINT ( 'NONE', #1799 ) ;
#2362 = FACE_OUTER_BOUND ( 'NONE', #2604, .T. ) ;
#2363 = ADVANCED_FACE ( 'NONE', ( #2830 ), #2069, .F. ) ;
#2364 = EDGE_LOOP ( 'NONE', ( #2298, #799, #3140, #2405 ) ) ;
#2365 = ORIENTED_EDGE ( 'NONE', *, *, #1106, .T. ) ;
#2366 = EDGE_CURVE ( 'NONE', #512, #1362, #1359, .T. ) ;
#2367 = VECTOR ( 'NONE', #260, 1000.000000000000000 ) ;
#2368 =( NAMED_UNIT ( * ) SI_UNIT ( $, .STERADIAN. ) SOLID_ANGLE_UNIT ( ) );
#2369 = DIRECTION ( 'NONE',  ( 1.000000000000000000, -3.097720492815726673E-16, 0.000000000000000000 ) ) ;
#2370 = DIRECTION ( 'NONE',  ( 0.000000000000000000, 0.000000000000000000, 1.000000000000000000 ) ) ;
#2371 = AXIS2_PLACEMENT_3D ( 'NONE', #1299, #1585, #1829 ) ;
#2372 = ORIENTED_EDGE ( 'NONE', *, *, #221, .F. ) ;
#2373 = CARTESIAN_POINT ( 'NONE',  ( 0.9999999999999997780, 0.1249999999999997918, 0.1199999999999999956 ) ) ;
#2374 = VECTOR ( 'NONE', #1691, 1000.000000000000000 ) ;
#2375 = EDGE_CURVE ( 'NONE', #2991, #126, #1882, .T. ) ;
#2376 = VERTEX_POINT ( 'NONE', #1154 ) ;
#2377 = AXIS2_PLACEMENT_3D ( 'NONE', #2321, #1017, #272 ) ;
#2378 = AXIS2_PLACEMENT_3D ( 'NONE', #1647, #2676, #385 ) ;
#2379 = LINE ( 'NONE', #2083, #78 ) ;
#2380 = DIRECTION ( 'NONE',  ( -0.000000000000000000, 0.000000000000000000, 1.000000000000000000 ) ) ;
#2381 = EDGE_CURVE ( 'NONE', #439, #2873, #2179, .T. ) ;
#2382 = AXIS2_PLACEMENT_3D ( 'NONE', #2517, #724, #2465 ) ;
#2383 = CIRCLE ( 'NONE', #668, 0.02999999999999997113 ) ;
#2384 = EDGE_CURVE ( 'NONE', #1367, #3006, #2820, .T. ) ;
#2385 = ORIENTED_EDGE ( 'NONE', *, *, #216, .T. ) ;
#2386 = ORIENTED_EDGE ( 'NONE', *, *, #612, .F. ) ;
#2387 = EDGE_CURVE ( 'NONE', #1322, #902, #538, .T. ) ;
#2388 =( LENGTH_UNIT ( ) NAMED_UNIT ( * ) SI_UNIT ( .MILLI., .METRE. ) );
#2389 = DIRECTION ( 'NONE',  ( -0.000000000000000000, -0.000000000000000000, 1.000000000000000000 ) ) ;
#2390 = FACE_OUTER_BOUND ( 'NONE', #1639, .T. ) ;
#2391 = ORIENTED_EDGE ( 'NONE', *, *, #2744, .T. ) ;
#2392 = ORIENTED_EDGE ( 'NONE', *, *, #1580, .F. ) ;
#2393 = CARTESIAN_POINT ( 'NONE',  ( -0.9999999999999997780, 1.000000000000000222, 0.5999999999999999778 ) ) ;
#2394 = ADVANCED_FACE ( 'NONE', ( #2330 ), #2074, .F. ) ;
#2395 = DIRECTION ( 'NONE',  ( -0.000000000000000000, 0.000000000000000000, -1.000000000000000000 ) ) ;
#2396 = CARTESIAN_POINT ( 'NONE',  ( -0.9999999999999997780, -0.5250000000000000222, -0.02999999999999999889 ) ) ;
#2397 = CARTESIAN_POINT ( 'NONE',  ( -0.5049999999999997824, 0.1999999999999998723, -0.02999999999999999889 ) ) ;
#2398 = ORIENTED_EDGE ( 'NONE', *, *, #1172, .F. ) ;
#2399 = ORIENTED_EDGE ( 'NONE', *, *, #2351, .F. ) ;
#2400 = LINE ( 'NONE', #2124, #982 ) ;
#2401 = CARTESIAN_POINT ( 'NONE',  ( -0.9999999999999997780, -0.1249999999999998890, -0.02999999999999999889 ) ) ;
#2402 = CARTESIAN_POINT ( 'NONE',  ( 0.3549999999999995937, -0.7750000000000002442, 0.01000000000000000021 ) ) ;
#2403 = ADVANCED_FACE ( 'NONE', ( #1468 ), #219, .T. ) ;
#2404 = CARTESIAN_POINT ( 'NONE',  ( 0.3549999999999995937, -0.7750000000000002442, 0.000000000000000000 ) ) ;
#2405 = ORIENTED_EDGE ( 'NONE', *, *, #2381, .T. ) ;
#2406 = CARTESIAN_POINT ( 'NONE',  ( -0.9999999999999997780, -0.1249999999999998890, 0.1199999999999999956 ) ) ;
#2407 = ORIENTED_EDGE ( 'NONE', *, *, #2007, .T. ) ;
#2408 = FACE_OUTER_BOUND ( 'NONE', #895, .T. ) ;
#2409 = ORIENTED_EDGE ( 'NONE', *, *, #1555, .T. ) ;
#2410 = FACE_OUTER_BOUND ( 'NONE', #930, .T. ) ;
#2411 = DIRECTION ( 'NONE',  ( -0.000000000000000000, -0.000000000000000000, 1.000000000000000000 ) ) ;
#2412 = DIRECTION ( 'NONE',  ( -1.000000000000000000, 0.000000000000000000, 0.000000000000000000 ) ) ;
#2413 = VERTEX_POINT ( 'NONE', #2495 ) ;
#2414 = ORIENTED_EDGE ( 'NONE', *, *, #1112, .F. ) ;
#2415 = EDGE_CURVE ( 'NONE', #333, #1068, #2997, .T. ) ;
#2416 = PLANE ( 'NONE',  #2643 ) ;
#2417 = AXIS2_PLACEMENT_3D ( 'NONE', #1952, #1380, #2172 ) ;
#2418 = PLANE ( 'NONE',  #1577 ) ;
#2419 = EDGE_CURVE ( 'NONE', #1586, #2108, #247, .T. ) ;
#2420 = VERTEX_POINT ( 'NONE', #1445 ) ;
#2421 = CARTESIAN_POINT ( 'NONE',  ( -0.9999999999999997780, -0.5250000000000000222, 0.000000000000000000 ) ) ;
#2422 = ORIENTED_EDGE ( 'NONE', *, *, #2468, .F. ) ;
#2423 = CARTESIAN_POINT ( 'NONE',  ( -0.7699999999999997957, 0.7700000000000002398, 0.5899999999999999689 ) ) ;
#2424 = VECTOR ( 'NONE', #664, 1000.000000000000000 ) ;
#2425 = VECTOR ( 'NONE', #1533, 1000.000000000000000 ) ;
#2426 = CARTESIAN_POINT ( 'NONE',  ( -0.6499999999999998002, 0.7749999999999999112, -0.02999999999999999889 ) ) ;
#2427 = CARTESIAN_POINT ( 'NONE',  ( 0.000000000000000000, 1.300000000000000044, -0.02999999999999999889 ) ) ;
#2428 = DIRECTION ( 'NONE',  ( -0.000000000000000000, -0.000000000000000000, -1.000000000000000000 ) ) ;
#2429 = CIRCLE ( 'NONE', #398, 0.07499999999999998335 ) ;
#2430 = VECTOR ( 'NONE', #2204, 1000.000000000000000 ) ;
#2431 = EDGE_LOOP ( 'NONE', ( #729, #475, #3156, #675 ) ) ;
#2432 = VECTOR ( 'NONE', #211, 1000.000000000000000 ) ;
#2433 = ORIENTED_EDGE ( 'NONE', *, *, #2302, .T. ) ;
#2434 = VECTOR ( 'NONE', #1834, 1000.000000000000000 ) ;
#2435 = AXIS2_PLACEMENT_3D ( 'NONE', #2726, #428, #876 ) ;
#2436 = EDGE_LOOP ( 'NONE', ( #2962, #246, #1558, #1610 ) ) ;
#2437 = FACE_OUTER_BOUND ( 'NONE', #887, .T. ) ;
#2438 = PLANE ( 'NONE',  #2808 ) ;
#2439 = CARTESIAN_POINT ( 'NONE',  ( 0.6499999999999995781, 0.5250000000000000222, -0.02999999999999999889 ) ) ;
#2440 = LINE ( 'NONE', #1908, #2331 ) ;
#2441 = DIRECTION ( 'NONE',  ( -1.000000000000000000, 0.000000000000000000, 0.000000000000000000 ) ) ;
#2442 = ORIENTED_EDGE ( 'NONE', *, *, #2384, .F. ) ;
#2443 = CYLINDRICAL_SURFACE ( 'NONE', #2210, 0.02999999999999997113 ) ;
#2444 = VERTEX_POINT ( 'NONE', #1729 ) ;
#2445 = DIRECTION ( 'NONE',  ( -1.000000000000000000, 0.000000000000000000, 0.000000000000000000 ) ) ;
#2446 = CARTESIAN_POINT ( 'NONE',  ( -0.9999999999999997780, 0.9700000000000001954, 0.5699999999999999512 ) ) ;
#2447 = LINE ( 'NONE', #161, #1196 ) ;
#2448 = EDGE_CURVE ( 'NONE', #2336, #561, #2274, .T. ) ;
#2449 = ORIENTED_EDGE ( 'NONE', *, *, #1922, .F. ) ;
#2450 = EDGE_CURVE ( 'NONE', #2337, #2444, #2766, .T. ) ;
#2451 = ORIENTED_EDGE ( 'NONE', *, *, #516, .T. ) ;
#2452 =( LENGTH_UNIT ( ) NAMED_UNIT ( * ) SI_UNIT ( .MILLI., .METRE. ) );
#2453 = DIRECTION ( 'NONE',  ( -0.000000000000000000, 0.000000000000000000, 1.000000000000000000 ) ) ;
#2454 = ADVANCED_FACE ( 'NONE', ( #1695 ), #1980, .F. ) ;
#2455 = DIRECTION ( 'NONE',  ( -0.000000000000000000, -0.000000000000000000, -1.000000000000000000 ) ) ;
#2456 = CARTESIAN_POINT ( 'NONE',  ( 1.000000000000000222, -0.7749999999999999112, 0.000000000000000000 ) ) ;
#2457 = CARTESIAN_POINT ( 'NONE',  ( 0.9999999999999997780, 0.1249999999999997918, 0.1199999999999999956 ) ) ;
#2458 = VERTEX_POINT ( 'NONE', #1000 ) ;
#2459 = FACE_OUTER_BOUND ( 'NONE', #1079, .T. ) ;
#2460 = ADVANCED_FACE ( 'NONE', ( #187 ), #1964, .F. ) ;
#2461 = ORIENTED_EDGE ( 'NONE', *, *, #1946, .T. ) ;
#2462 = LINE ( 'NONE', #175, #1241 ) ;
#2463 = DIRECTION ( 'NONE',  ( -0.000000000000000000, -0.000000000000000000, -1.000000000000000000 ) ) ;
#2464 = FACE_OUTER_BOUND ( 'NONE', #2531, .T. ) ;
#2465 = DIRECTION ( 'NONE',  ( 1.000000000000000000, 0.000000000000000000, -0.000000000000000000 ) ) ;
#2466 = PRODUCT ( 'AP2301SN-7', 'AP2301SN-7', '', ( #545 ) ) ;
#2467 = ORIENTED_EDGE ( 'NONE', *, *, #266, .F. ) ;
#2468 = EDGE_CURVE ( 'NONE', #2975, #1366, #3018, .T. ) ;
#2469 = DIRECTION ( 'NONE',  ( -1.000000000000000000, 0.000000000000000000, 0.000000000000000000 ) ) ;
#2470 = PLANE ( 'NONE',  #1783 ) ;
#2471 = PLANE ( 'NONE',  #865 ) ;
#2472 = DIRECTION ( 'NONE',  ( 1.000000000000000000, 0.000000000000000000, -0.000000000000000000 ) ) ;
#2473 = ORIENTED_EDGE ( 'NONE', *, *, #12, .F. ) ;
#2474 = CARTESIAN_POINT ( 'NONE',  ( 0.9700000000000003064, 0.9700000000000003064, 0.5999999999999999778 ) ) ;
#2475 = AXIS2_PLACEMENT_3D ( 'NONE', #2342, #826, #1095 ) ;
#2476 = EDGE_CURVE ( 'NONE', #653, #784, #733, .T. ) ;
#2477 = DIRECTION ( 'NONE',  ( -0.000000000000000000, -0.000000000000000000, -1.000000000000000000 ) ) ;
#2478 = DIRECTION ( 'NONE',  ( 0.000000000000000000, 0.000000000000000000, -1.000000000000000000 ) ) ;
#2479 = PLANE ( 'NONE',  #2101 ) ;
#2480 = CIRCLE ( 'NONE', #1781, 0.07499999999999998335 ) ;
#2481 = CARTESIAN_POINT ( 'NONE',  ( 0.9700000000000001954, 1.000000000000000222, 0.5699999999999999512 ) ) ;
#2482 = VERTEX_POINT ( 'NONE', #1197 ) ;
#2483 = VECTOR ( 'NONE', #1525, 1000.000000000000000 ) ;
#2484 = AXIS2_PLACEMENT_3D ( 'NONE', #1757, #1993, #1441 ) ;
#2485 = PRESENTATION_LAYER_ASSIGNMENT (  '', '', ( #3116 ) ) ;
#2486 = AXIS2_PLACEMENT_3D ( 'NONE', #2251, #1199, #1966 ) ;
#2487 = ORIENTED_EDGE ( 'NONE', *, *, #2351, .T. ) ;
#2488 = EDGE_LOOP ( 'NONE', ( #666, #1100 ) ) ;
#2489 = PLANE ( 'NONE',  #1521 ) ;
#2490 = LINE ( 'NONE', #201, #873 ) ;
#2491 = AXIS2_PLACEMENT_3D ( 'NONE', #2922, #116, #3144 ) ;
#2492 = ADVANCED_FACE ( 'NONE', ( #1427 ), #2218, .T. ) ;
#2493 =( NAMED_UNIT ( * ) SI_UNIT ( $, .STERADIAN. ) SOLID_ANGLE_UNIT ( ) );
#2494 = DIRECTION ( 'NONE',  ( 0.000000000000000000, 0.000000000000000000, -1.000000000000000000 ) ) ;
#2495 = CARTESIAN_POINT ( 'NONE',  ( -0.5050000000000003375, 0.1249999999999998890, 0.01000000000000000021 ) ) ;
#2496 = ORIENTED_EDGE ( 'NONE', *, *, #1974, .T. ) ;
#2497 = CARTESIAN_POINT ( 'NONE',  ( -0.6499999999999998002, 0.7749999999999999112, 0.000000000000000000 ) ) ;
#2498 = ORIENTED_EDGE ( 'NONE', *, *, #228, .F. ) ;
#2499 = LINE ( 'NONE', #3237, #2747 ) ;
#2500 = DIRECTION ( 'NONE',  ( -0.000000000000000000, 0.000000000000000000, -1.000000000000000000 ) ) ;
#2501 = ORIENTED_EDGE ( 'NONE', *, *, #1059, .F. ) ;
#2502 = ADVANCED_FACE ( 'NONE', ( #2779 ), #3213, .F. ) ;
#2503 = CARTESIAN_POINT ( 'NONE',  ( -0.9999999999999997780, -0.9999999999999997780, 0.000000000000000000 ) ) ;
#2504 = VERTEX_POINT ( 'NONE', #1485 ) ;
#2505 = EDGE_LOOP ( 'NONE', ( #1874, #2953, #1272, #1170 ) ) ;
#2506 = VERTEX_POINT ( 'NONE', #2233 ) ;
#2507 = DIRECTION ( 'NONE',  ( 0.000000000000000000, 0.000000000000000000, -1.000000000000000000 ) ) ;
#2508 = LINE ( 'NONE', #2994, #610 ) ;
#2509 = PLANE ( 'NONE',  #2161 ) ;
#2510 = EDGE_CURVE ( 'NONE', #1459, #2960, #2512, .T. ) ;
#2511 = DIRECTION ( 'NONE',  ( -0.000000000000000000, -1.000000000000000000, -0.000000000000000000 ) ) ;
#2512 = LINE ( 'NONE', #483, #2592 ) ;
#2513 = DIRECTION ( 'NONE',  ( -0.000000000000000000, -0.000000000000000000, 1.000000000000000000 ) ) ;
#2514 = LINE ( 'NONE', #1488, #810 ) ;
#2515 = CARTESIAN_POINT ( 'NONE',  ( 1.000000000000000222, -0.9999999999999997780, 0.000000000000000000 ) ) ;
#2516 = ORIENTED_EDGE ( 'NONE', *, *, #3121, .F. ) ;
#2517 = CARTESIAN_POINT ( 'NONE',  ( 0.000000000000000000, 1.300000000000000044, 0.1199999999999999956 ) ) ;
#2518 = ORIENTED_EDGE ( 'NONE', *, *, #1842, .F. ) ;
#2519 = ORIENTED_EDGE ( 'NONE', *, *, #35, .T. ) ;
#2520 = ORIENTED_EDGE ( 'NONE', *, *, #1782, .F. ) ;
#2521 = DIRECTION ( 'NONE',  ( 0.000000000000000000, 0.000000000000000000, 1.000000000000000000 ) ) ;
#2522 = CARTESIAN_POINT ( 'NONE',  ( -0.9999999999999997780, 0.9700000000000001954, 0.000000000000000000 ) ) ;
#2523 = CARTESIAN_POINT ( 'NONE',  ( 0.3549999999999995937, 0.7749999999999999112, -0.02999999999999999889 ) ) ;
#2524 = EDGE_CURVE ( 'NONE', #2361, #1108, #1246, .T. ) ;
#2525 = CARTESIAN_POINT ( 'NONE',  ( -0.3549999999999999267, 0.6999999999999998446, 0.01000000000000000021 ) ) ;
#2526 = DIRECTION ( 'NONE',  ( -0.000000000000000000, -0.000000000000000000, 1.000000000000000000 ) ) ;
#2527 = CARTESIAN_POINT ( 'NONE',  ( 0.9999999999999997780, -0.1249999999999998890, -0.02999999999999999889 ) ) ;
#2528 = ADVANCED_FACE ( 'NONE', ( #2197 ), #2353, .F. ) ;
#2529 = CARTESIAN_POINT ( 'NONE',  ( 0.4300000000000001044, 0.6999999999999992895, -0.02999999999999999889 ) ) ;
#2530 = CARTESIAN_POINT ( 'NONE',  ( -0.5049999999999997824, -0.1999999999999997613, 0.000000000000000000 ) ) ;
#2531 = EDGE_LOOP ( 'NONE', ( #1224, #3269, #1490, #342 ) ) ;
#2532 = ADVANCED_FACE ( 'NONE', ( #1518 ), #3111, .F. ) ;
#2533 = CARTESIAN_POINT ( 'NONE',  ( 0.9999999999999997780, -0.7749999999999999112, -0.02999999999999999889 ) ) ;
#2534 = AXIS2_PLACEMENT_3D ( 'NONE', #3000, #1232, #1250 ) ;
#2535 = PRODUCT_DEFINITION_CONTEXT ( 'detailed design', #165, 'design' ) ;
#2536 = VECTOR ( 'NONE', #3071, 1000.000000000000000 ) ;
#2537 = ORIENTED_EDGE ( 'NONE', *, *, #1218, .T. ) ;
#2538 = VECTOR ( 'NONE', #200, 1000.000000000000000 ) ;
#2539 = EDGE_LOOP ( 'NONE', ( #341, #775, #1238, #1689 ) ) ;
#2540 = CARTESIAN_POINT ( 'NONE',  ( -0.9999999999999997780, -0.9699999999999998623, 0.5999999999999999778 ) ) ;
#2541 = DIRECTION ( 'NONE',  ( 0.000000000000000000, -0.000000000000000000, -1.000000000000000000 ) ) ;
#2542 = AXIS2_PLACEMENT_3D ( 'NONE', #2293, #2098, #769 ) ;
#2543 = CIRCLE ( 'NONE', #509, 0.02999999999999997113 ) ;
#2544 = EDGE_CURVE ( 'NONE', #595, #1546, #508, .T. ) ;
#2545 = FACE_OUTER_BOUND ( 'NONE', #628, .T. ) ;
#2546 = CIRCLE ( 'NONE', #2646, 0.02999999999999997113 ) ;
#2547 = CARTESIAN_POINT ( 'NONE',  ( -0.6499999999999998002, 0.7749999999999999112, -0.02999999999999999889 ) ) ;
#2548 = AXIS2_PLACEMENT_3D ( 'NONE', #786, #1805, #2173 ) ;
#2549 = CARTESIAN_POINT ( 'NONE',  ( -0.6499999999999998002, -0.5250000000000000222, 0.1199999999999999956 ) ) ;
#2550 = DIRECTION ( 'NONE',  ( 1.000000000000000000, -0.000000000000000000, -0.000000000000000000 ) ) ;
#2551 = CARTESIAN_POINT ( 'NONE',  ( -0.9699999999999998623, -0.9699999999999998623, 0.5999999999999999778 ) ) ;
#2552 = CARTESIAN_POINT ( 'NONE',  ( 0.4300000000000001044, 0.6999999999999992895, -0.02999999999999999889 ) ) ;
#2553 = ORIENTED_EDGE ( 'NONE', *, *, #1598, .T. ) ;
#2554 = FILL_AREA_STYLE_COLOUR ( '', #2209 ) ;
#2555 = ADVANCED_FACE ( 'NONE', ( #3096 ), #1310, .F. ) ;
#2556 = ORIENTED_EDGE ( 'NONE', *, *, #2375, .F. ) ;
#2557 = ORIENTED_EDGE ( 'NONE', *, *, #1658, .T. ) ;
#2558 = DIRECTION ( 'NONE',  ( -1.000000000000000000, 0.000000000000000000, 0.000000000000000000 ) ) ;
#2559 = LINE ( 'NONE', #24, #3063 ) ;
#2560 =( NAMED_UNIT ( * ) PLANE_ANGLE_UNIT ( ) SI_UNIT ( $, .RADIAN. ) );
#2561 = CARTESIAN_POINT ( 'NONE',  ( -0.9999999999999997780, 0.7750000000000000222, 0.1199999999999999956 ) ) ;
#2562 = CARTESIAN_POINT ( 'NONE',  ( -0.6499999999999998002, -0.7749999999999998002, 0.1199999999999999956 ) ) ;
#2563 = DIRECTION ( 'NONE',  ( 0.000000000000000000, -0.000000000000000000, 1.000000000000000000 ) ) ;
#2564 = DIRECTION ( 'NONE',  ( 1.000000000000000000, 0.000000000000000000, 0.000000000000000000 ) ) ;
#2565 = PLANE ( 'NONE',  #2143 ) ;
#2566 = CARTESIAN_POINT ( 'NONE',  ( -0.9999999999999997780, -0.5250000000000000222, 0.1199999999999999956 ) ) ;
#2567 = EDGE_CURVE ( 'NONE', #2013, #476, #566, .T. ) ;
#2568 = VERTEX_POINT ( 'NONE', #1263 ) ;
#2569 = DIRECTION ( 'NONE',  ( 1.000000000000000000, 0.000000000000000000, 0.000000000000000000 ) ) ;
#2570 = ADVANCED_FACE ( 'NONE', ( #791 ), #520, .F. ) ;
#2571 = EDGE_LOOP ( 'NONE', ( #689, #696, #844, #1602 ) ) ;
#2572 = ORIENTED_EDGE ( 'NONE', *, *, #1112, .T. ) ;
#2573 = LINE ( 'NONE', #513, #1403 ) ;
#2574 = DIRECTION ( 'NONE',  ( -0.000000000000000000, -0.000000000000000000, 1.000000000000000000 ) ) ;
#2575 =( NAMED_UNIT ( * ) PLANE_ANGLE_UNIT ( ) SI_UNIT ( $, .RADIAN. ) );
#2576 = LINE ( 'NONE', #533, #1356 ) ;
#2577 = CARTESIAN_POINT ( 'NONE',  ( 0.4300000000000001044, 0.6999999999999992895, 0.01000000000000000021 ) ) ;
#2578 = DIRECTION ( 'NONE',  ( 0.000000000000000000, 0.000000000000000000, -1.000000000000000000 ) ) ;
#2579 = EDGE_LOOP ( 'NONE', ( #1803, #108, #2992, #2487, #2264, #2826 ) ) ;
#2580 = EDGE_CURVE ( 'NONE', #2169, #1371, #3083, .T. ) ;
#2581 = DIRECTION ( 'NONE',  ( 0.000000000000000000, 1.000000000000000000, 0.000000000000000000 ) ) ;
#2582 = DIRECTION ( 'NONE',  ( 0.000000000000000000, 1.000000000000000000, 0.000000000000000000 ) ) ;
#2583 = VECTOR ( 'NONE', #1313, 1000.000000000000000 ) ;
#2584 = ORIENTED_EDGE ( 'NONE', *, *, #603, .F. ) ;
#2585 = ORIENTED_EDGE ( 'NONE', *, *, #859, .F. ) ;
#2586 = ORIENTED_EDGE ( 'NONE', *, *, #1551, .T. ) ;
#2587 = DIRECTION ( 'NONE',  ( 1.000000000000000000, 0.000000000000000000, 0.000000000000000000 ) ) ;
#2588 = AXIS2_PLACEMENT_3D ( 'NONE', #105, #399, #3186 ) ;
#2589 = VECTOR ( 'NONE', #1395, 1000.000000000000000 ) ;
#2590 = PRESENTATION_LAYER_ASSIGNMENT (  '', '', ( #292 ) ) ;
#2591 = DIRECTION ( 'NONE',  ( 1.000000000000000000, -0.000000000000000000, 0.000000000000000000 ) ) ;
#2592 = VECTOR ( 'NONE', #2526, 1000.000000000000000 ) ;
#2593 = CARTESIAN_POINT ( 'NONE',  ( -0.9999999999999997780, 0.9700000000000001954, 0.5999999999999999778 ) ) ;
#2594 = EDGE_CURVE ( 'NONE', #1668, #847, #2141, .T. ) ;
#2595 = VECTOR ( 'NONE', #1497, 1000.000000000000000 ) ;
#2596 = VECTOR ( 'NONE', #2111, 1000.000000000000000 ) ;
#2597 = CARTESIAN_POINT ( 'NONE',  ( 0.9700000000000001954, 1.000000000000000222, 0.5999999999999999778 ) ) ;
#2598 = PLANE ( 'NONE',  #2371 ) ;
#2599 = ORIENTED_EDGE ( 'NONE', *, *, #720, .F. ) ;
#2600 = CARTESIAN_POINT ( 'NONE',  ( -0.3549999999999999267, 0.6999999999999998446, -0.02999999999999999889 ) ) ;
#2601 = DIRECTION ( 'NONE',  ( 0.000000000000000000, 1.000000000000000000, -0.000000000000000000 ) ) ;
#2602 = UNCERTAINTY_MEASURE_WITH_UNIT (LENGTH_MEASURE( 1.000000000000000082E-05 ), #2452, 'distance_accuracy_value', 'NONE');
#2603 = EDGE_CURVE ( 'NONE', #2941, #3149, #1593, .T. ) ;
#2604 = EDGE_LOOP ( 'NONE', ( #599, #2121, #3038, #2557 ) ) ;
#2605 = ORIENTED_EDGE ( 'NONE', *, *, #1658, .F. ) ;
#2606 = ORIENTED_EDGE ( 'NONE', *, *, #1424, .T. ) ;
#2607 = DIRECTION ( 'NONE',  ( -0.000000000000000000, -0.000000000000000000, 1.000000000000000000 ) ) ;
#2608 = FILL_AREA_STYLE ('',( #1542 ) ) ;
#2609 = EDGE_CURVE ( 'NONE', #1938, #3139, #1119, .T. ) ;
#2610 = DIRECTION ( 'NONE',  ( -0.000000000000000000, -0.000000000000000000, -1.000000000000000000 ) ) ;
#2611 = CARTESIAN_POINT ( 'NONE',  ( -0.4299999999999998823, -0.6999999999999996225, 0.000000000000000000 ) ) ;
#2612 = ORIENTED_EDGE ( 'NONE', *, *, #932, .T. ) ;
#2613 = ORIENTED_EDGE ( 'NONE', *, *, #2976, .T. ) ;
#2614 = CARTESIAN_POINT ( 'NONE',  ( 0.9700000000000003064, -0.9699999999999998623, 0.5699999999999999512 ) ) ;
#2615 = VERTEX_POINT ( 'NONE', #631 ) ;
#2616 = EDGE_LOOP ( 'NONE', ( #1447, #878, #1667, #691 ) ) ;
#2617 = EDGE_CURVE ( 'NONE', #310, #1117, #1641, .T. ) ;
#2618 = FILL_AREA_STYLE ('',( #1851 ) ) ;
#2619 = DIRECTION ( 'NONE',  ( 0.000000000000000000, -1.000000000000000000, 0.000000000000000000 ) ) ;
#2620 = DIRECTION ( 'NONE',  ( -0.000000000000000000, 0.000000000000000000, 1.000000000000000000 ) ) ;
#2621 = CARTESIAN_POINT ( 'NONE',  ( -0.6499999999999998002, -0.5250000000000000222, -0.02999999999999999889 ) ) ;
#2622 = EDGE_CURVE ( 'NONE', #1096, #2699, #2429, .T. ) ;
#2623 = DIRECTION ( 'NONE',  ( -3.614007241618351532E-15, 0.000000000000000000, -1.000000000000000000 ) ) ;
#2624 = ORIENTED_EDGE ( 'NONE', *, *, #1320, .F. ) ;
#2625 = DIRECTION ( 'NONE',  ( -0.000000000000000000, -0.000000000000000000, -1.000000000000000000 ) ) ;
#2626 = ORIENTED_EDGE ( 'NONE', *, *, #645, .T. ) ;
#2627 = LINE ( 'NONE', #66, #1677 ) ;
#2628 = EDGE_CURVE ( 'NONE', #3120, #3093, #815, .T. ) ;
#2629 = VERTEX_POINT ( 'NONE', #347 ) ;
#2630 = ORIENTED_EDGE ( 'NONE', *, *, #1581, .T. ) ;
#2631 = ORIENTED_EDGE ( 'NONE', *, *, #2567, .T. ) ;
#2632 = DIRECTION ( 'NONE',  ( 1.000000000000000000, 0.000000000000000000, 0.000000000000000000 ) ) ;
#2633 = CIRCLE ( 'NONE', #2475, 0.1000000000000001582 ) ;
#2634 = DIRECTION ( 'NONE',  ( -0.000000000000000000, 1.000000000000000000, -0.000000000000000000 ) ) ;
#2635 = CARTESIAN_POINT ( 'NONE',  ( 0.9999999999999997780, 0.7749999999999998002, -0.02999999999999999889 ) ) ;
#2636 = CARTESIAN_POINT ( 'NONE',  ( 0.9999999999999997780, 0.5250000000000000222, -0.02999999999999999889 ) ) ;
#2637 = ADVANCED_FACE ( 'NONE', ( #2934 ), #3197, .T. ) ;
#2638 = AXIS2_PLACEMENT_3D ( 'NONE', #2907, #617, #3030 ) ;
#2639 = FILL_AREA_STYLE ('',( #2554 ) ) ;
#2640 = VECTOR ( 'NONE', #1406, 1000.000000000000000 ) ;
#2641 = ORIENTED_EDGE ( 'NONE', *, *, #1022, .T. ) ;
#2642 = CARTESIAN_POINT ( 'NONE',  ( 0.000000000000000000, 0.000000000000000000, 0.5999999999999999778 ) ) ;
#2643 = AXIS2_PLACEMENT_3D ( 'NONE', #2933, #643, #2181 ) ;
#2644 = ORIENTED_EDGE ( 'NONE', *, *, #1106, .F. ) ;
#2645 = DIRECTION ( 'NONE',  ( 0.000000000000000000, 1.000000000000000000, 0.000000000000000000 ) ) ;
#2646 = AXIS2_PLACEMENT_3D ( 'NONE', #1706, #3014, #183 ) ;
#2647 = AXIS2_PLACEMENT_3D ( 'NONE', #1163, #2645, #2939 ) ;
#2648 = ORIENTED_EDGE ( 'NONE', *, *, #1837, .F. ) ;
#2649 = VERTEX_POINT ( 'NONE', #1373 ) ;
#2650 = CARTESIAN_POINT ( 'NONE',  ( 0.6499999999999995781, -0.7749999999999999112, 0.1199999999999999956 ) ) ;
#2651 = CARTESIAN_POINT ( 'NONE',  ( 0.6499999999999995781, 0.7749999999999998002, 0.1199999999999999956 ) ) ;
#2652 = AXIS2_PLACEMENT_3D ( 'NONE', #2671, #1385, #891 ) ;
#2653 = VERTEX_POINT ( 'NONE', #115 ) ;
#2654 = EDGE_CURVE ( 'NONE', #2653, #1096, #3142, .T. ) ;
#2655 = FILL_AREA_STYLE_COLOUR ( '', #1621 ) ;
#2656 = CARTESIAN_POINT ( 'NONE',  ( 0.6499999999999995781, -0.5250000000000001332, 0.000000000000000000 ) ) ;
#2657 = CARTESIAN_POINT ( 'NONE',  ( 0.9999999999999997780, 0.1249999999999997918, 0.000000000000000000 ) ) ;
#2658 = EDGE_LOOP ( 'NONE', ( #917, #1603, #2668 ) ) ;
#2659 = LINE ( 'NONE', #1376, #2094 ) ;
#2660 = EDGE_LOOP ( 'NONE', ( #605, #384, #2920, #104, #1646, #2309 ) ) ;
#2661 = FACE_OUTER_BOUND ( 'NONE', #3102, .T. ) ;
#2662 = EDGE_LOOP ( 'NONE', ( #2496, #969, #56, #770 ) ) ;
#2663 = DIRECTION ( 'NONE',  ( 1.000000000000000000, 0.000000000000000000, -0.000000000000000000 ) ) ;
#2664 = LINE ( 'NONE', #671, #2589 ) ;
#2665 = LINE ( 'NONE', #3062, #665 ) ;
#2666 = ORIENTED_EDGE ( 'NONE', *, *, #2932, .F. ) ;
#2667 = VERTEX_POINT ( 'NONE', #3182 ) ;
#2668 = ORIENTED_EDGE ( 'NONE', *, *, #994, .F. ) ;
#2669 = SURFACE_STYLE_FILL_AREA ( #904 ) ;
#2670 = DIRECTION ( 'NONE',  ( -0.000000000000000000, -0.000000000000000000, 1.000000000000000000 ) ) ;
#2671 = CARTESIAN_POINT ( 'NONE',  ( 0.9999999999999997780, -0.7749999999999999112, 0.1199999999999999956 ) ) ;
#2672 = FACE_OUTER_BOUND ( 'NONE', #2436, .T. ) ;
#2673 = ORIENTED_EDGE ( 'NONE', *, *, #2175, .F. ) ;
#2674 = CARTESIAN_POINT ( 'NONE',  ( 0.3549999999999995937, -0.7750000000000002442, 0.01000000000000000021 ) ) ;
#2675 = ORIENTED_EDGE ( 'NONE', *, *, #1013, .F. ) ;
#2676 = DIRECTION ( 'NONE',  ( 0.000000000000000000, 0.000000000000000000, 1.000000000000000000 ) ) ;
#2677 = ADVANCED_FACE ( 'NONE', ( #102 ), #2438, .F. ) ;
#2678 = DIRECTION ( 'NONE',  ( -3.097720492815726673E-16, -1.000000000000000000, 0.000000000000000000 ) ) ;
#2679 = DIRECTION ( 'NONE',  ( 0.000000000000000000, 1.000000000000000000, -0.000000000000000000 ) ) ;
#2680 = CARTESIAN_POINT ( 'NONE',  ( 0.9999999999999997780, 0.5250000000000000222, 0.1199999999999999956 ) ) ;
#2681 = EDGE_CURVE ( 'NONE', #3026, #3024, #2182, .T. ) ;
#2682 = ORIENTED_EDGE ( 'NONE', *, *, #438, .F. ) ;
#2683 = ORIENTED_EDGE ( 'NONE', *, *, #2832, .T. ) ;
#2684 = PRODUCT_DEFINITION ( 'UNKNOWN', '', #2213, #2535 ) ;
#2685 = LINE ( 'NONE', #2142, #1942 ) ;
#2686 = VECTOR ( 'NONE', #964, 1000.000000000000000 ) ;
#2687 = EDGE_CURVE ( 'NONE', #2108, #1492, #609, .T. ) ;
#2688 = DIRECTION ( 'NONE',  ( 0.000000000000000000, 0.000000000000000000, -1.000000000000000000 ) ) ;
#2689 = ORIENTED_EDGE ( 'NONE', *, *, #228, .T. ) ;
#2690 = CARTESIAN_POINT ( 'NONE',  ( -0.4299999999999998268, 0.2000000000000004274, -0.02999999999999999889 ) ) ;
#2691 = AXIS2_PLACEMENT_3D ( 'NONE', #1741, #942, #1259 ) ;
#2692 = ORIENTED_EDGE ( 'NONE', *, *, #2609, .T. ) ;
#2693 = ADVANCED_FACE ( 'NONE', ( #1629 ), #1853, .F. ) ;
#2694 = DIRECTION ( 'NONE',  ( -0.000000000000000000, 1.000000000000000000, -0.000000000000000000 ) ) ;
#2695 = DIRECTION ( 'NONE',  ( -0.000000000000000000, -0.000000000000000000, 1.000000000000000000 ) ) ;
#2696 = FACE_OUTER_BOUND ( 'NONE', #1925, .T. ) ;
#2697 = AXIS2_PLACEMENT_3D ( 'NONE', #2902, #2670, #836 ) ;
#2698 = CIRCLE ( 'NONE', #295, 0.07499999999999998335 ) ;
#2699 = VERTEX_POINT ( 'NONE', #2110 ) ;
#2700 = AXIS2_PLACEMENT_3D ( 'NONE', #2790, #1534, #2541 ) ;
#2701 = ORIENTED_EDGE ( 'NONE', *, *, #2291, .F. ) ;
#2702 = VECTOR ( 'NONE', #2887, 1000.000000000000000 ) ;
#2703 = EDGE_CURVE ( 'NONE', #310, #690, #1211, .T. ) ;
#2704 = CIRCLE ( 'NONE', #1731, 0.1000000000000001582 ) ;
#2705 = ORIENTED_EDGE ( 'NONE', *, *, #820, .F. ) ;
#2706 = ADVANCED_FACE ( 'NONE', ( #943 ), #2980, .T. ) ;
#2707 = DIRECTION ( 'NONE',  ( -1.000000000000000000, 0.000000000000000000, 0.000000000000000000 ) ) ;
#2708 = CARTESIAN_POINT ( 'NONE',  ( 0.3550000000000000933, -0.7000000000000001776, 0.000000000000000000 ) ) ;
#2709 = DIRECTION ( 'NONE',  ( 0.000000000000000000, 3.614007241618351532E-15, 1.000000000000000000 ) ) ;
#2710 = DIRECTION ( 'NONE',  ( 1.000000000000000000, 0.000000000000000000, 0.000000000000000000 ) ) ;
#2711 = EDGE_LOOP ( 'NONE', ( #966, #1838, #2666, #1644 ) ) ;
#2712 = DIRECTION ( 'NONE',  ( 0.000000000000000000, 0.000000000000000000, 1.000000000000000000 ) ) ;
#2713 = ADVANCED_FACE ( 'NONE', ( #427 ), #1723, .F. ) ;
#2714 = ORIENTED_EDGE ( 'NONE', *, *, #1974, .F. ) ;
#2715 = CARTESIAN_POINT ( 'NONE',  ( -0.9999999999999997780, -0.5250000000000000222, -0.02999999999999999889 ) ) ;
#2716 = DIRECTION ( 'NONE',  ( 0.000000000000000000, 1.000000000000000000, 0.000000000000000000 ) ) ;
#2717 = DIRECTION ( 'NONE',  ( 0.000000000000000000, 1.000000000000000000, 0.000000000000000000 ) ) ;
#2718 = EDGE_CURVE ( 'NONE', #1371, #1300, #2508, .T. ) ;
#2719 = DIRECTION ( 'NONE',  ( 0.000000000000000000, 0.000000000000000000, -1.000000000000000000 ) ) ;
#2720 = ORIENTED_EDGE ( 'NONE', *, *, #3061, .T. ) ;
#2721 = EDGE_LOOP ( 'NONE', ( #880, #860, #1821, #741 ) ) ;
#2722 = ORIENTED_EDGE ( 'NONE', *, *, #371, .T. ) ;
#2723 = CARTESIAN_POINT ( 'NONE',  ( -0.9699999999999998623, -0.9999999999999997780, 0.000000000000000000 ) ) ;
#2724 = DIRECTION ( 'NONE',  ( 0.000000000000000000, 0.000000000000000000, 1.000000000000000000 ) ) ;
#2725 = EDGE_CURVE ( 'NONE', #2881, #1431, #2776, .T. ) ;
#2726 = CARTESIAN_POINT ( 'NONE',  ( 0.000000000000000000, 0.000000000000000000, -0.02999999999999999889 ) ) ;
#2727 = FACE_OUTER_BOUND ( 'NONE', #1364, .T. ) ;
#2728 = EDGE_LOOP ( 'NONE', ( #1178, #642, #2498, #2520 ) ) ;
#2729 = DIRECTION ( 'NONE',  ( 1.000000000000000000, 3.097720492815726673E-16, 0.000000000000000000 ) ) ;
#2730 = CARTESIAN_POINT ( 'NONE',  ( -0.7699999999999997957, 0.7700000000000002398, 0.5999999999999999778 ) ) ;
#2731 = DIRECTION ( 'NONE',  ( 0.000000000000000000, 1.000000000000000000, 0.000000000000000000 ) ) ;
#2732 = LINE ( 'NONE', #1665, #2430 ) ;
#2733 = DIRECTION ( 'NONE',  ( -0.000000000000000000, -0.000000000000000000, -1.000000000000000000 ) ) ;
#2734 = ORIENTED_EDGE ( 'NONE', *, *, #2976, .F. ) ;
#2735 = ADVANCED_FACE ( 'NONE', ( #3208 ), #463, .F. ) ;
#2736 = ORIENTED_EDGE ( 'NONE', *, *, #163, .F. ) ;
#2737 = EDGE_LOOP ( 'NONE', ( #1064, #1895, #2585, #1057 ) ) ;
#2738 = CARTESIAN_POINT ( 'NONE',  ( 1.000000000000000222, 0.9700000000000003064, 0.5699999999999999512 ) ) ;
#2739 = DIRECTION ( 'NONE',  ( 1.000000000000000000, 0.000000000000000000, -0.000000000000000000 ) ) ;
#2740 = EDGE_CURVE ( 'NONE', #941, #838, #1995, .T. ) ;
#2741 = PLANE ( 'NONE',  #409 ) ;
#2742 = LINE ( 'NONE', #2272, #1295 ) ;
#2743 = CARTESIAN_POINT ( 'NONE',  ( 0.3550000000000000933, 0.6999999999999998446, -0.02999999999999999889 ) ) ;
#2744 = EDGE_CURVE ( 'NONE', #561, #3089, #2159, .T. ) ;
#2745 = VERTEX_POINT ( 'NONE', #1227 ) ;
#2746 = LINE ( 'NONE', #206, #1136 ) ;
#2747 = VECTOR ( 'NONE', #208, 1000.000000000000000 ) ;
#2748 = DIRECTION ( 'NONE',  ( 0.000000000000000000, 0.000000000000000000, 1.000000000000000000 ) ) ;
#2749 = CIRCLE ( 'NONE', #2047, 0.02999999999999997113 ) ;
#2750 = FACE_OUTER_BOUND ( 'NONE', #1343, .T. ) ;
#2751 = PLANE ( 'NONE',  #400 ) ;
#2752 = VECTOR ( 'NONE', #412, 1000.000000000000000 ) ;
#2753 = LINE ( 'NONE', #458, #2432 ) ;
#2754 = AXIS2_PLACEMENT_3D ( 'NONE', #3088, #2967, #448 ) ;
#2755 = VECTOR ( 'NONE', #484, 1000.000000000000000 ) ;
#2756 = AXIS2_PLACEMENT_3D ( 'NONE', #1190, #693, #2453 ) ;
#2757 = ADVANCED_FACE ( 'NONE', ( #1692 ), #2470, .T. ) ;
#2758 = CIRCLE ( 'NONE', #2864, 0.02999999999999997113 ) ;
#2759 = EDGE_LOOP ( 'NONE', ( #1421, #995, #1370, #2234 ) ) ;
#2760 = EDGE_LOOP ( 'NONE', ( #2043, #1736, #2087, #2385 ) ) ;
#2761 = LINE ( 'NONE', #426, #2538 ) ;
#2762 = DIRECTION ( 'NONE',  ( 1.000000000000000000, -3.097720492815726673E-16, 0.000000000000000000 ) ) ;
#2763 = CIRCLE ( 'NONE', #1626, 0.02999999999999997113 ) ;
#2764 = EDGE_CURVE ( 'NONE', #1765, #1371, #2246, .T. ) ;
#2765 = CARTESIAN_POINT ( 'NONE',  ( 1.000000000000000222, -0.9999999999999997780, 0.5699999999999999512 ) ) ;
#2766 = LINE ( 'NONE', #235, #2957 ) ;
#2767 = CARTESIAN_POINT ( 'NONE',  ( 0.9700000000000003064, -0.9999999999999997780, 0.5699999999999999512 ) ) ;
#2768 = CARTESIAN_POINT ( 'NONE',  ( -0.9999999999999997780, -0.9999999999999997780, 0.5999999999999999778 ) ) ;
#2769 = DIRECTION ( 'NONE',  ( 0.000000000000000000, 1.000000000000000000, 0.000000000000000000 ) ) ;
#2770 = ORIENTED_EDGE ( 'NONE', *, *, #3048, .F. ) ;
#2771 = CARTESIAN_POINT ( 'NONE',  ( 0.9999999999999997780, -0.7749999999999999112, 0.1199999999999999956 ) ) ;
#2772 = EDGE_CURVE ( 'NONE', #1329, #616, #2546, .T. ) ;
#2773 = ORIENTED_EDGE ( 'NONE', *, *, #1817, .F. ) ;
#2774 = VERTEX_POINT ( 'NONE', #2212 ) ;
#2775 = ORIENTED_EDGE ( 'NONE', *, *, #1738, .T. ) ;
#2776 = LINE ( 'NONE', #1960, #1140 ) ;
#2777 = CYLINDRICAL_SURFACE ( 'NONE', #1045, 0.07499999999999998335 ) ;
#2778 = PLANE ( 'NONE',  #1345 ) ;
#2779 = FACE_OUTER_BOUND ( 'NONE', #2282, .T. ) ;
#2780 = CARTESIAN_POINT ( 'NONE',  ( -0.9999999999999997780, 0.1250000000000000000, 0.000000000000000000 ) ) ;
#2781 = DIRECTION ( 'NONE',  ( -1.000000000000000000, 0.000000000000000000, 0.000000000000000000 ) ) ;
#2782 = DIRECTION ( 'NONE',  ( -1.000000000000000000, 0.000000000000000000, -0.000000000000000000 ) ) ;
#2783 = EDGE_LOOP ( 'NONE', ( #1739, #2895, #849, #76 ) ) ;
#2784 = FACE_OUTER_BOUND ( 'NONE', #2728, .T. ) ;
#2785 = ORIENTED_EDGE ( 'NONE', *, *, #2932, .T. ) ;
#2786 = ORIENTED_EDGE ( 'NONE', *, *, #1185, .F. ) ;
#2787 = VERTEX_POINT ( 'NONE', #3230 ) ;
#2788 = ORIENTED_EDGE ( 'NONE', *, *, #1549, .F. ) ;
#2789 = DIRECTION ( 'NONE',  ( 0.000000000000000000, 0.000000000000000000, -1.000000000000000000 ) ) ;
#2790 = CARTESIAN_POINT ( 'NONE',  ( 0.9999999999999997780, 0.5250000000000000222, 0.1199999999999999956 ) ) ;
#2791 = LINE ( 'NONE', #2523, #1357 ) ;
#2792 = CARTESIAN_POINT ( 'NONE',  ( 0.6499999999999995781, 0.7749999999999998002, -0.02999999999999999889 ) ) ;
#2793 = CARTESIAN_POINT ( 'NONE',  ( 0.4300000000000001044, -0.7000000000000001776, 0.01000000000000000021 ) ) ;
#2794 = DIRECTION ( 'NONE',  ( -1.000000000000000000, 0.000000000000000000, 0.000000000000000000 ) ) ;
#2795 = DIRECTION ( 'NONE',  ( 0.000000000000000000, -1.000000000000000000, 0.000000000000000000 ) ) ;
#2796 = EDGE_CURVE ( 'NONE', #1586, #616, #730, .T. ) ;
#2797 = LINE ( 'NONE', #1784, #182 ) ;
#2798 = CARTESIAN_POINT ( 'NONE',  ( 0.6499999999999995781, -0.5250000000000001332, -0.02999999999999999889 ) ) ;
#2799 = VERTEX_POINT ( 'NONE', #2522 ) ;
#2800 = CARTESIAN_POINT ( 'NONE',  ( -0.4299999999999998823, 0.6999999999999992895, -0.02999999999999999889 ) ) ;
#2801 = VECTOR ( 'NONE', #1928, 1000.000000000000000 ) ;
#2802 = VECTOR ( 'NONE', #1744, 1000.000000000000000 ) ;
#2803 = VECTOR ( 'NONE', #2866, 1000.000000000000000 ) ;
#2804 = ORIENTED_EDGE ( 'NONE', *, *, #3100, .F. ) ;
#2805 = ORIENTED_EDGE ( 'NONE', *, *, #1218, .F. ) ;
#2806 = DIRECTION ( 'NONE',  ( 1.000000000000000000, 0.000000000000000000, 0.000000000000000000 ) ) ;
#2807 = CARTESIAN_POINT ( 'NONE',  ( 1.000000000000000222, -0.9999999999999997780, 0.5999999999999999778 ) ) ;
#2808 = AXIS2_PLACEMENT_3D ( 'NONE', #2401, #153, #1157 ) ;
#2809 = CIRCLE ( 'NONE', #1884, 0.1000000000000001582 ) ;
#2810 = ADVANCED_FACE ( 'NONE', ( #2268 ), #3282, .F. ) ;
#2811 = VECTOR ( 'NONE', #701, 1000.000000000000000 ) ;
#2812 = FILL_AREA_STYLE ('',( #2842 ) ) ;
#2813 = VECTOR ( 'NONE', #1120, 1000.000000000000000 ) ;
#2814 = CARTESIAN_POINT ( 'NONE',  ( -0.9999999999999997780, -0.7749999999999999112, -0.02999999999999999889 ) ) ;
#2815 = PLANE ( 'NONE',  #875 ) ;
#2816 = AXIS2_PLACEMENT_3D ( 'NONE', #13, #2574, #517 ) ;
#2817 = DIRECTION ( 'NONE',  ( -0.000000000000000000, -0.000000000000000000, -1.000000000000000000 ) ) ;
#2818 = LINE ( 'NONE', #2566, #983 ) ;
#2819 = EDGE_LOOP ( 'NONE', ( #2120, #1510, #362, #2874 ) ) ;
#2820 = LINE ( 'NONE', #1283, #1779 ) ;
#2821 = CARTESIAN_POINT ( 'NONE',  ( -0.5050000000000003375, -0.1249999999999998196, -0.02999999999999999889 ) ) ;
#2822 = PLANE ( 'NONE',  #2548 ) ;
#2823 = EDGE_CURVE ( 'NONE', #1076, #2941, #2490, .T. ) ;
#2824 = ORIENTED_EDGE ( 'NONE', *, *, #3248, .F. ) ;
#2825 = ORIENTED_EDGE ( 'NONE', *, *, #1075, .F. ) ;
#2826 = ORIENTED_EDGE ( 'NONE', *, *, #1856, .F. ) ;
#2827 = CYLINDRICAL_SURFACE ( 'NONE', #1042, 0.1000000000000001582 ) ;
#2828 = CARTESIAN_POINT ( 'NONE',  ( 0.9999999999999997780, 0.7749999999999998002, 0.000000000000000000 ) ) ;
#2829 = LINE ( 'NONE', #2340, #192 ) ;
#2830 = FACE_OUTER_BOUND ( 'NONE', #2760, .T. ) ;
#2831 = DIRECTION ( 'NONE',  ( 1.000000000000000000, 0.000000000000000000, 0.000000000000000000 ) ) ;
#2832 = EDGE_CURVE ( 'NONE', #1131, #1546, #1675, .T. ) ;
#2833 = LINE ( 'NONE', #2373, #2583 ) ;
#2834 = DIRECTION ( 'NONE',  ( 1.000000000000000000, 0.000000000000000000, 0.000000000000000000 ) ) ;
#2835 = ORIENTED_EDGE ( 'NONE', *, *, #1726, .T. ) ;
#2836 = DIRECTION ( 'NONE',  ( -0.000000000000000000, -0.000000000000000000, 1.000000000000000000 ) ) ;
#2837 = EDGE_CURVE ( 'NONE', #1578, #1300, #2230, .T. ) ;
#2838 = ORIENTED_EDGE ( 'NONE', *, *, #3177, .F. ) ;
#2839 = ADVANCED_FACE ( 'NONE', ( #1978 ), #1275, .F. ) ;
#2840 = ORIENTED_EDGE ( 'NONE', *, *, #1213, .T. ) ;
#2841 = LINE ( 'NONE', #544, #2908 ) ;
#2842 = FILL_AREA_STYLE_COLOUR ( '', #2317 ) ;
#2843 = CARTESIAN_POINT ( 'NONE',  ( 0.6499999999999995781, -0.1249999999999998890, -0.02999999999999999889 ) ) ;
#2844 = CARTESIAN_POINT ( 'NONE',  ( -0.9999999999999997780, 0.7750000000000000222, 0.1200000000949330570 ) ) ;
#2845 = ADVANCED_FACE ( 'NONE', ( #253 ), #1260, .F. ) ;
#2846 = DIRECTION ( 'NONE',  ( 0.000000000000000000, 0.000000000000000000, -1.000000000000000000 ) ) ;
#2847 = PLANE ( 'NONE',  #1191 ) ;
#2848 = ORIENTED_EDGE ( 'NONE', *, *, #1545, .T. ) ;
#2849 = CARTESIAN_POINT ( 'NONE',  ( -0.5050000000000003375, 0.1249999999999998890, -0.02999999999999999889 ) ) ;
#2850 = LINE ( 'NONE', #2347, #2160 ) ;
#2851 = AXIS2_PLACEMENT_3D ( 'NONE', #2730, #2153, #670 ) ;
#2852 = ORIENTED_EDGE ( 'NONE', *, *, #1676, .F. ) ;
#2853 = VERTEX_POINT ( 'NONE', #3042 ) ;
#2854 = VECTOR ( 'NONE', #2981, 1000.000000000000000 ) ;
#2855 = EDGE_CURVE ( 'NONE', #1938, #912, #269, .T. ) ;
#2856 = AXIS2_PLACEMENT_3D ( 'NONE', #1433, #3204, #1381 ) ;
#2857 =( GEOMETRIC_REPRESENTATION_CONTEXT ( 3 ) GLOBAL_UNCERTAINTY_ASSIGNED_CONTEXT ( ( #227 ) ) GLOBAL_UNIT_ASSIGNED_CONTEXT ( ( #2319, #2575, #578 ) ) REPRESENTATION_CONTEXT ( 'NONE', 'WORKASPACE' ) );
#2858 = DIRECTION ( 'NONE',  ( 1.000000000000000000, -0.000000000000000000, -0.000000000000000000 ) ) ;
#2859 = DIRECTION ( 'NONE',  ( 0.000000000000000000, 1.000000000000000000, 0.000000000000000000 ) ) ;
#2860 = AXIS2_PLACEMENT_3D ( 'NONE', #570, #3072, #783 ) ;
#2861 = DIRECTION ( 'NONE',  ( -1.000000000000000000, -3.097720492815727166E-16, 0.000000000000000000 ) ) ;
#2862 = AXIS2_PLACEMENT_3D ( 'NONE', #1429, #1111, #1898 ) ;
#2863 = EDGE_CURVE ( 'NONE', #210, #847, #2559, .T. ) ;
#2864 = AXIS2_PLACEMENT_3D ( 'NONE', #1061, #579, #1594 ) ;
#2865 = FACE_OUTER_BOUND ( 'NONE', #2348, .T. ) ;
#2866 = DIRECTION ( 'NONE',  ( -0.000000000000000000, -0.000000000000000000, 1.000000000000000000 ) ) ;
#2867 = VERTEX_POINT ( 'NONE', #997 ) ;
#2868 = AXIS2_PLACEMENT_3D ( 'NONE', #680, #1425, #1693 ) ;
#2869 = VECTOR ( 'NONE', #2006, 1000.000000000000000 ) ;
#2870 = ORIENTED_EDGE ( 'NONE', *, *, #3037, .T. ) ;
#2871 = CARTESIAN_POINT ( 'NONE',  ( 1.000000000000000222, 0.9700000000000001954, 0.5999999999999999778 ) ) ;
#2872 = ADVANCED_FACE ( 'NONE', ( #495 ), #1012, .T. ) ;
#2873 = VERTEX_POINT ( 'NONE', #1758 ) ;
#2874 = ORIENTED_EDGE ( 'NONE', *, *, #35, .F. ) ;
#2875 = EDGE_CURVE ( 'NONE', #3149, #2312, #1513, .T. ) ;
#2876 = CARTESIAN_POINT ( 'NONE',  ( 0.9700000000000003064, 0.000000000000000000, 0.5999999999999999778 ) ) ;
#2877 = LINE ( 'NONE', #3070, #988 ) ;
#2878 = ADVANCED_FACE ( 'NONE', ( #1476 ), #1452, .F. ) ;
#2879 = LINE ( 'NONE', #2597, #1291 ) ;
#2880 = FACE_OUTER_BOUND ( 'NONE', #2990, .T. ) ;
#2881 = VERTEX_POINT ( 'NONE', #179 ) ;
#2882 = ORIENTED_EDGE ( 'NONE', *, *, #676, .T. ) ;
#2883 = ORIENTED_EDGE ( 'NONE', *, *, #848, .T. ) ;
#2884 = ORIENTED_EDGE ( 'NONE', *, *, #850, .T. ) ;
#2885 = ADVANCED_FACE ( 'NONE', ( #488 ), #1688, .F. ) ;
#2886 = ORIENTED_EDGE ( 'NONE', *, *, #2740, .T. ) ;
#2887 = DIRECTION ( 'NONE',  ( 0.000000000000000000, -1.000000000000000000, 0.000000000000000000 ) ) ;
#2888 = PRESENTATION_STYLE_ASSIGNMENT (( #1121 ) ) ;
#2889 = ORIENTED_EDGE ( 'NONE', *, *, #703, .T. ) ;
#2890 = LINE ( 'NONE', #2071, #2536 ) ;
#2891 = EDGE_LOOP ( 'NONE', ( #213, #1438, #499, #2692 ) ) ;
#2892 = DIRECTION ( 'NONE',  ( -0.000000000000000000, -0.000000000000000000, 1.000000000000000000 ) ) ;
#2893 = EDGE_CURVE ( 'NONE', #1005, #656, #1006, .T. ) ;
#2894 = VERTEX_POINT ( 'NONE', #1436 ) ;
#2895 = ORIENTED_EDGE ( 'NONE', *, *, #1904, .F. ) ;
#2896 = DIRECTION ( 'NONE',  ( 3.097720492815726673E-16, -1.000000000000000000, 0.000000000000000000 ) ) ;
#2897 = CARTESIAN_POINT ( 'NONE',  ( 0.9999999999999997780, -0.1249999999999998890, -0.02999999999999999889 ) ) ;
#2898 = ORIENTED_EDGE ( 'NONE', *, *, #2476, .F. ) ;
#2899 = VECTOR ( 'NONE', #2357, 1000.000000000000000 ) ;
#2900 = VECTOR ( 'NONE', #1145, 1000.000000000000000 ) ;
#2901 =( NAMED_UNIT ( * ) SI_UNIT ( $, .STERADIAN. ) SOLID_ANGLE_UNIT ( ) );
#2902 = CARTESIAN_POINT ( 'NONE',  ( -0.5049999999999997824, -0.1999999999999997613, -0.02999999999999999889 ) ) ;
#2903 = PLANE ( 'NONE',  #2273 ) ;
#2904 = SURFACE_SIDE_STYLE ('',( #3131 ) ) ;
#2905 = VECTOR ( 'NONE', #256, 1000.000000000000000 ) ;
#2906 = VERTEX_POINT ( 'NONE', #3005 ) ;
#2907 = CARTESIAN_POINT ( 'NONE',  ( 0.9700000000000003064, -0.9699999999999998623, 0.5699999999999999512 ) ) ;
#2908 = VECTOR ( 'NONE', #2338, 1000.000000000000000 ) ;
#2909 = ORIENTED_EDGE ( 'NONE', *, *, #1994, .T. ) ;
#2910 = DIRECTION ( 'NONE',  ( 0.000000000000000000, 0.000000000000000000, 1.000000000000000000 ) ) ;
#2911 = ADVANCED_FACE ( 'NONE', ( #2784 ), #3272, .T. ) ;
#2912 = VECTOR ( 'NONE', #436, 1000.000000000000000 ) ;
#2913 = VECTOR ( 'NONE', #2077, 1000.000000000000000 ) ;
#2914 = VERTEX_POINT ( 'NONE', #225 ) ;
#2915 = CARTESIAN_POINT ( 'NONE',  ( -0.9999999999999997780, -0.7749999999999999112, 0.1199999999999999956 ) ) ;
#2916 = CARTESIAN_POINT ( 'NONE',  ( -0.4299999999999998823, 0.6999999999999992895, 0.000000000000000000 ) ) ;
#2917 = CIRCLE ( 'NONE', #148, 0.07499999999999998335 ) ;
#2918 = VECTOR ( 'NONE', #2034, 1000.000000000000000 ) ;
#2919 = ORIENTED_EDGE ( 'NONE', *, *, #2415, .T. ) ;
#2920 = ORIENTED_EDGE ( 'NONE', *, *, #1620, .F. ) ;
#2921 = ORIENTED_EDGE ( 'NONE', *, *, #2042, .F. ) ;
#2922 = CARTESIAN_POINT ( 'NONE',  ( -0.5049999999999997824, 0.1999999999999998723, 0.01000000000000000021 ) ) ;
#2923 = CARTESIAN_POINT ( 'NONE',  ( -0.9699999999999998623, 0.9700000000000001954, 0.5699999999999999512 ) ) ;
#2924 = ORIENTED_EDGE ( 'NONE', *, *, #806, .T. ) ;
#2925 = FACE_OUTER_BOUND ( 'NONE', #265, .T. ) ;
#2926 = EDGE_LOOP ( 'NONE', ( #70, #2909, #958, #3251, #2630, #259 ) ) ;
#2927 = LINE ( 'NONE', #1378, #2958 ) ;
#2928 = ORIENTED_EDGE ( 'NONE', *, *, #735, .F. ) ;
#2929 = LINE ( 'NONE', #1417, #288 ) ;
#2930 = CARTESIAN_POINT ( 'NONE',  ( -0.7699999999999997957, 0.7700000000000002398, 0.5899999999999999689 ) ) ;
#2931 = VERTEX_POINT ( 'NONE', #1184 ) ;
#2932 = EDGE_CURVE ( 'NONE', #1531, #3241, #1235, .T. ) ;
#2933 = CARTESIAN_POINT ( 'NONE',  ( -0.3549999999999993716, 0.7749999999999999112, -0.02999999999999999889 ) ) ;
#2934 = FACE_OUTER_BOUND ( 'NONE', #63, .T. ) ;
#2935 = DIRECTION ( 'NONE',  ( -0.000000000000000000, 0.000000000000000000, 1.000000000000000000 ) ) ;
#2936 = FACE_OUTER_BOUND ( 'NONE', #2891, .T. ) ;
#2937 = CARTESIAN_POINT ( 'NONE',  ( 0.9999999999999997780, -0.7749999999999999112, 0.1200000000949330570 ) ) ;
#2938 = VERTEX_POINT ( 'NONE', #1737 ) ;
#2939 = DIRECTION ( 'NONE',  ( 0.000000000000000000, 0.000000000000000000, 1.000000000000000000 ) ) ;
#2940 = EDGE_CURVE ( 'NONE', #941, #634, #2023, .T. ) ;
#2941 = VERTEX_POINT ( 'NONE', #989 ) ;
#2942 = LINE ( 'NONE', #650, #974 ) ;
#2943 = SPHERICAL_SURFACE ( 'NONE', #3064, 0.02999999999999999889 ) ;
#2944 = ORIENTED_EDGE ( 'NONE', *, *, #1922, .T. ) ;
#2945 = DIRECTION ( 'NONE',  ( 1.000000000000000000, 0.000000000000000000, 0.000000000000000000 ) ) ;
#2946 = EDGE_CURVE ( 'NONE', #2444, #634, #3240, .T. ) ;
#2947 = VECTOR ( 'NONE', #622, 1000.000000000000000 ) ;
#2948 = CARTESIAN_POINT ( 'NONE',  ( -0.4299999999999998268, 0.2000000000000004274, 0.01000000000000000021 ) ) ;
#2949 = ORIENTED_EDGE ( 'NONE', *, *, #327, .F. ) ;
#2950 = FACE_OUTER_BOUND ( 'NONE', #990, .T. ) ;
#2951 = AXIS2_PLACEMENT_3D ( 'NONE', #156, #2688, #1896 ) ;
#2952 = VECTOR ( 'NONE', #2716, 1000.000000000000000 ) ;
#2953 = ORIENTED_EDGE ( 'NONE', *, *, #2225, .T. ) ;
#2954 = DIRECTION ( 'NONE',  ( -0.000000000000000000, -1.000000000000000000, -0.000000000000000000 ) ) ;
#2955 = SURFACE_SIDE_STYLE ('',( #3175 ) ) ;
#2956 = CARTESIAN_POINT ( 'NONE',  ( -0.9699999999999998623, -0.9699999999999998623, 0.000000000000000000 ) ) ;
#2957 = VECTOR ( 'NONE', #2250, 1000.000000000000000 ) ;
#2958 = VECTOR ( 'NONE', #598, 1000.000000000000000 ) ;
#2959 =( GEOMETRIC_REPRESENTATION_CONTEXT ( 3 ) GLOBAL_UNCERTAINTY_ASSIGNED_CONTEXT ( ( #2085 ) ) GLOBAL_UNIT_ASSIGNED_CONTEXT ( ( #1843, #3145, #19 ) ) REPRESENTATION_CONTEXT ( 'NONE', 'WORKASPACE' ) );
#2960 = VERTEX_POINT ( 'NONE', #1506 ) ;
#2961 = VECTOR ( 'NONE', #3247, 1000.000000000000000 ) ;
#2962 = ORIENTED_EDGE ( 'NONE', *, *, #911, .T. ) ;
#2963 = CARTESIAN_POINT ( 'NONE',  ( -0.3549999999999999267, -0.7000000000000001776, 0.01000000000000000021 ) ) ;
#2964 = DIRECTION ( 'NONE',  ( 0.000000000000000000, -1.000000000000000000, 0.000000000000000000 ) ) ;
#2965 = EDGE_CURVE ( 'NONE', #3241, #511, #5, .T. ) ;
#2966 = DIRECTION ( 'NONE',  ( 0.000000000000000000, 1.000000000000000000, 0.000000000000000000 ) ) ;
#2967 = DIRECTION ( 'NONE',  ( -1.000000000000000000, 0.000000000000000000, 0.000000000000000000 ) ) ;
#2968 = ORIENTED_EDGE ( 'NONE', *, *, #967, .F. ) ;
#2969 = CARTESIAN_POINT ( 'NONE',  ( 0.000000000000000000, 0.9700000000000003064, 0.5699999999999999512 ) ) ;
#2970 = EDGE_CURVE ( 'NONE', #2350, #1531, #1255, .T. ) ;
#2971 = DIRECTION ( 'NONE',  ( -0.000000000000000000, -1.000000000000000000, -0.000000000000000000 ) ) ;
#2972 = DIRECTION ( 'NONE',  ( -1.000000000000000000, 3.097720492815726673E-16, 0.000000000000000000 ) ) ;
#2973 = DIRECTION ( 'NONE',  ( -1.000000000000000000, 0.000000000000000000, 0.000000000000000000 ) ) ;
#2974 = CARTESIAN_POINT ( 'NONE',  ( -0.6499999999999998002, -0.1249999999999997918, 0.1199999999999999956 ) ) ;
#2975 = VERTEX_POINT ( 'NONE', #3225 ) ;
#2976 = EDGE_CURVE ( 'NONE', #2044, #1144, #1752, .T. ) ;
#2977 = ORIENTED_EDGE ( 'NONE', *, *, #1172, .T. ) ;
#2978 = ORIENTED_EDGE ( 'NONE', *, *, #1059, .T. ) ;
#2979 = DIRECTION ( 'NONE',  ( 1.000000000000000000, 0.000000000000000000, -0.000000000000000000 ) ) ;
#2980 = SPHERICAL_SURFACE ( 'NONE', #773, 0.02999999999999999889 ) ;
#2981 = DIRECTION ( 'NONE',  ( 0.000000000000000000, -1.000000000000000000, 0.000000000000000000 ) ) ;
#2982 = CARTESIAN_POINT ( 'NONE',  ( -0.9999999999999997780, -0.1249999999999998890, 0.000000000000000000 ) ) ;
#2983 = VERTEX_POINT ( 'NONE', #2481 ) ;
#2984 = DIRECTION ( 'NONE',  ( -1.000000000000000000, 0.000000000000000000, 0.000000000000000000 ) ) ;
#2985 = CARTESIAN_POINT ( 'NONE',  ( -0.6499999999999998002, 0.1249999999999998890, -0.02999999999999999889 ) ) ;
#2986 = DIRECTION ( 'NONE',  ( 3.097720492815726673E-16, 1.000000000000000000, -0.000000000000000000 ) ) ;
#2987 = FACE_OUTER_BOUND ( 'NONE', #1703, .T. ) ;
#2988 = EDGE_CURVE ( 'NONE', #3006, #1171, #939, .T. ) ;
#2989 = DIRECTION ( 'NONE',  ( 1.000000000000000000, 0.000000000000000000, -0.000000000000000000 ) ) ;
#2990 = EDGE_LOOP ( 'NONE', ( #682, #2631, #487, #2099 ) ) ;
#2991 = VERTEX_POINT ( 'NONE', #198 ) ;
#2992 = ORIENTED_EDGE ( 'NONE', *, *, #25, .T. ) ;
#2993 = DIRECTION ( 'NONE',  ( 0.000000000000000000, 0.000000000000000000, 1.000000000000000000 ) ) ;
#2994 = CARTESIAN_POINT ( 'NONE',  ( 0.6499999999999995781, -0.1249999999999998890, 0.1199999999812462192 ) ) ;
#2995 = DIRECTION ( 'NONE',  ( -0.000000000000000000, 1.000000000000000000, -0.000000000000000000 ) ) ;
#2996 = CARTESIAN_POINT ( 'NONE',  ( -0.9999999999999997780, -0.5250000000000000222, 0.1199999999999999956 ) ) ;
#2997 = LINE ( 'NONE', #712, #3274 ) ;
#2998 = FACE_OUTER_BOUND ( 'NONE', #2329, .T. ) ;
#2999 = VECTOR ( 'NONE', #1303, 1000.000000000000000 ) ;
#3000 = CARTESIAN_POINT ( 'NONE',  ( 0.000000000000000000, 1.300000000000000044, 0.1199999999999999956 ) ) ;
#3001 = VECTOR ( 'NONE', #1963, 1000.000000000000000 ) ;
#3002 = CARTESIAN_POINT ( 'NONE',  ( 0.9700000000000003064, -0.9699999999999998623, 0.5999999999999999778 ) ) ;
#3003 = ORIENTED_EDGE ( 'NONE', *, *, #2242, .F. ) ;
#3004 = VECTOR ( 'NONE', #678, 1000.000000000000000 ) ;
#3005 = CARTESIAN_POINT ( 'NONE',  ( -0.8699999999999999956, 0.7700000000000002398, 0.5899999999999999689 ) ) ;
#3006 = VERTEX_POINT ( 'NONE', #2226 ) ;
#3007 = VECTOR ( 'NONE', #3086, 1000.000000000000000 ) ;
#3008 = VECTOR ( 'NONE', #361, 1000.000000000000000 ) ;
#3009 = AXIS2_PLACEMENT_3D ( 'NONE', #3023, #1986, #2719 ) ;
#3010 = VECTOR ( 'NONE', #1792, 1000.000000000000000 ) ;
#3011 = ORIENTED_EDGE ( 'NONE', *, *, #1648, .F. ) ;
#3012 = ORIENTED_EDGE ( 'NONE', *, *, #20, .F. ) ;
#3013 = DIRECTION ( 'NONE',  ( 0.000000000000000000, 0.000000000000000000, 1.000000000000000000 ) ) ;
#3014 = DIRECTION ( 'NONE',  ( 0.000000000000000000, 0.000000000000000000, 1.000000000000000000 ) ) ;
#3015 = AXIS2_PLACEMENT_3D ( 'NONE', #1643, #1142, #381 ) ;
#3016 = CARTESIAN_POINT ( 'NONE',  ( -0.7699999999999997957, 0.7700000000000002398, 0.5999999999999999778 ) ) ;
#3017 = DIRECTION ( 'NONE',  ( -0.000000000000000000, -0.000000000000000000, -1.000000000000000000 ) ) ;
#3018 = LINE ( 'NONE', #2982, #345 ) ;
#3019 = LINE ( 'NONE', #1230, #2056 ) ;
#3020 = LINE ( 'NONE', #736, #918 ) ;
#3021 = CARTESIAN_POINT ( 'NONE',  ( -0.9999999999999997780, -0.5250000000000000222, 0.1199999999999999956 ) ) ;
#3022 = VERTEX_POINT ( 'NONE', #2974 ) ;
#3023 = CARTESIAN_POINT ( 'NONE',  ( -0.4299999999999998823, -0.7000000000000001776, -0.02999999999999999889 ) ) ;
#3024 = VERTEX_POINT ( 'NONE', #688 ) ;
#3025 = ORIENTED_EDGE ( 'NONE', *, *, #2035, .F. ) ;
#3026 = VERTEX_POINT ( 'NONE', #1702 ) ;
#3027 = DIRECTION ( 'NONE',  ( 0.000000000000000000, 0.000000000000000000, -1.000000000000000000 ) ) ;
#3028 = DIRECTION ( 'NONE',  ( 1.000000000000000000, 0.000000000000000000, 0.000000000000000000 ) ) ;
#3029 = DIRECTION ( 'NONE',  ( 1.000000000000000000, 0.000000000000000000, 0.000000000000000000 ) ) ;
#3030 = DIRECTION ( 'NONE',  ( 0.000000000000000000, 0.000000000000000000, -1.000000000000000000 ) ) ;
#3031 = DIRECTION ( 'NONE',  ( -0.000000000000000000, 1.000000000000000000, -0.000000000000000000 ) ) ;
#3032 = CARTESIAN_POINT ( 'NONE',  ( -0.6499999999999998002, 0.1249999999999998890, 0.1199999999999999956 ) ) ;
#3033 = PLANE ( 'NONE',  #2324 ) ;
#3034 = DIRECTION ( 'NONE',  ( 1.000000000000000000, -3.097720492815726673E-16, 0.000000000000000000 ) ) ;
#3035 = LINE ( 'NONE', #965, #1934 ) ;
#3036 = ORIENTED_EDGE ( 'NONE', *, *, #2296, .F. ) ;
#3037 = EDGE_CURVE ( 'NONE', #1437, #3134, #3253, .T. ) ;
#3038 = ORIENTED_EDGE ( 'NONE', *, *, #552, .F. ) ;
#3039 = VERTEX_POINT ( 'NONE', #1716 ) ;
#3040 = EDGE_LOOP ( 'NONE', ( #1223, #2882, #3073 ) ) ;
#3041 = LINE ( 'NONE', #23, #1672 ) ;
#3042 = CARTESIAN_POINT ( 'NONE',  ( -0.9999999999999997780, -0.5250000000000000222, 0.1199999999999999956 ) ) ;
#3043 = DIRECTION ( 'NONE',  ( 1.000000000000000000, 0.000000000000000000, 0.000000000000000000 ) ) ;
#3044 = EDGE_CURVE ( 'NONE', #3139, #2774, #2753, .T. ) ;
#3045 = DIRECTION ( 'NONE',  ( -1.000000000000000000, -3.097720492815726673E-16, 0.000000000000000000 ) ) ;
#3046 = DIRECTION ( 'NONE',  ( 0.000000000000000000, 0.000000000000000000, -1.000000000000000000 ) ) ;
#3047 = CARTESIAN_POINT ( 'NONE',  ( -0.9999999999999997780, 0.5250000000000000222, -0.02999999999999999889 ) ) ;
#3048 = EDGE_CURVE ( 'NONE', #2774, #2873, #1222, .T. ) ;
#3049 = PLANE ( 'NONE',  #2202 ) ;
#3050 = CYLINDRICAL_SURFACE ( 'NONE', #2542, 0.07499999999999998335 ) ;
#3051 = VERTEX_POINT ( 'NONE', #2356 ) ;
#3052 = AXIS2_PLACEMENT_3D ( 'NONE', #3203, #1393, #123 ) ;
#3053 = DIRECTION ( 'NONE',  ( -1.000000000000000000, 0.000000000000000000, 0.000000000000000000 ) ) ;
#3054 = AXIS2_PLACEMENT_3D ( 'NONE', #1712, #2781, #2748 ) ;
#3055 = MANIFOLD_SOLID_BREP ( 'LPattern2[2]', #1717 ) ;
#3056 = DIRECTION ( 'NONE',  ( 0.000000000000000000, 0.000000000000000000, 1.000000000000000000 ) ) ;
#3057 = VECTOR ( 'NONE', #894, 1000.000000000000000 ) ;
#3058 = VECTOR ( 'NONE', #808, 1000.000000000000000 ) ;
#3059 = VERTEX_POINT ( 'NONE', #3115 ) ;
#3060 = VECTOR ( 'NONE', #1840, 1000.000000000000000 ) ;
#3061 = EDGE_CURVE ( 'NONE', #2649, #3006, #1609, .T. ) ;
#3062 = CARTESIAN_POINT ( 'NONE',  ( 0.9999999999999997780, 0.5250000000000000222, 0.1199999999999999956 ) ) ;
#3063 = VECTOR ( 'NONE', #2015, 1000.000000000000000 ) ;
#3064 = AXIS2_PLACEMENT_3D ( 'NONE', #2174, #2717, #1652 ) ;
#3065 = DIRECTION ( 'NONE',  ( -0.000000000000000000, -0.000000000000000000, 1.000000000000000000 ) ) ;
#3066 = AXIS2_PLACEMENT_3D ( 'NONE', #1326, #2370, #117 ) ;
#3067 = CARTESIAN_POINT ( 'NONE',  ( 0.3549999999999995937, -0.7750000000000002442, 0.01000000000000000021 ) ) ;
#3068 = VECTOR ( 'NONE', #2601, 1000.000000000000000 ) ;
#3069 = DIRECTION ( 'NONE',  ( -0.000000000000000000, -0.000000000000000000, 1.000000000000000000 ) ) ;
#3070 = CARTESIAN_POINT ( 'NONE',  ( 0.9999999999999997780, -0.5250000000000001332, -0.02999999999999999889 ) ) ;
#3071 = DIRECTION ( 'NONE',  ( -0.000000000000000000, -1.000000000000000000, -0.000000000000000000 ) ) ;
#3072 = DIRECTION ( 'NONE',  ( 1.000000000000000000, 0.000000000000000000, -0.000000000000000000 ) ) ;
#3073 = ORIENTED_EDGE ( 'NONE', *, *, #2419, .F. ) ;
#3074 = EDGE_CURVE ( 'NONE', #2873, #1108, #1595, .T. ) ;
#3075 = CARTESIAN_POINT ( 'NONE',  ( 0.9999999999999997780, -0.1249999999999998890, 0.1199999999999999956 ) ) ;
#3076 = ORIENTED_EDGE ( 'NONE', *, *, #2940, .T. ) ;
#3077 = EDGE_LOOP ( 'NONE', ( #1616, #372, #2898, #2572 ) ) ;
#3078 = LINE ( 'NONE', #10, #3008 ) ;
#3079 = MANIFOLD_SOLID_BREP ( 'Combine1', #1187 ) ;
#3080 = ADVANCED_FACE ( 'NONE', ( #2390 ), #1770, .T. ) ;
#3081 =( NAMED_UNIT ( * ) SI_UNIT ( $, .STERADIAN. ) SOLID_ANGLE_UNIT ( ) );
#3082 = LINE ( 'NONE', #1798, #553 ) ;
#3083 = LINE ( 'NONE', #2843, #771 ) ;
#3084 = DIRECTION ( 'NONE',  ( -0.000000000000000000, -0.000000000000000000, -1.000000000000000000 ) ) ;
#3085 = LINE ( 'NONE', #840, #2046 ) ;
#3086 = DIRECTION ( 'NONE',  ( -0.000000000000000000, -0.000000000000000000, 1.000000000000000000 ) ) ;
#3087 = ORIENTED_EDGE ( 'NONE', *, *, #2875, .F. ) ;
#3088 = CARTESIAN_POINT ( 'NONE',  ( -0.4299999999999998823, -0.6999999999999996225, 0.01000000000000000021 ) ) ;
#3089 = VERTEX_POINT ( 'NONE', #2404 ) ;
#3090 = CARTESIAN_POINT ( 'NONE',  ( 0.6499999999999995781, 0.5250000000000000222, 0.1199999999812462192 ) ) ;
#3091 = EDGE_CURVE ( 'NONE', #1026, #2906, #1411, .T. ) ;
#3092 = VERTEX_POINT ( 'NONE', #89 ) ;
#3093 = VERTEX_POINT ( 'NONE', #2821 ) ;
#3094 = FACE_OUTER_BOUND ( 'NONE', #2571, .T. ) ;
#3095 = LINE ( 'NONE', #1905, #2752 ) ;
#3096 = FACE_OUTER_BOUND ( 'NONE', #543, .T. ) ;
#3097 = DIRECTION ( 'NONE',  ( 0.000000000000000000, 1.000000000000000000, 0.000000000000000000 ) ) ;
#3098 = LINE ( 'NONE', #285, #2205 ) ;
#3099 = CARTESIAN_POINT ( 'NONE',  ( 0.6499999999999995781, 0.1249999999999997918, -0.02999999999999999889 ) ) ;
#3100 = EDGE_CURVE ( 'NONE', #638, #3206, #2113, .T. ) ;
#3101 = ORIENTED_EDGE ( 'NONE', *, *, #1256, .T. ) ;
#3102 = EDGE_LOOP ( 'NONE', ( #1612, #3125, #1148, #425 ) ) ;
#3103 = CIRCLE ( 'NONE', #3054, 0.02999999999999997113 ) ;
#3104 = EDGE_CURVE ( 'NONE', #1124, #1459, #46, .T. ) ;
#3105 = ORIENTED_EDGE ( 'NONE', *, *, #2510, .F. ) ;
#3106 = ORIENTED_EDGE ( 'NONE', *, *, #1738, .F. ) ;
#3107 =( GEOMETRIC_REPRESENTATION_CONTEXT ( 3 ) GLOBAL_UNCERTAINTY_ASSIGNED_CONTEXT ( ( #1590 ) ) GLOBAL_UNIT_ASSIGNED_CONTEXT ( ( #1582, #2091, #2368 ) ) REPRESENTATION_CONTEXT ( 'NONE', 'WORKASPACE' ) );
#3108 = MANIFOLD_SOLID_BREP ( 'Boss-Extrude3', #551 ) ;
#3109 = EDGE_CURVE ( 'NONE', #2177, #2745, #396, .T. ) ;
#3110 = PRESENTATION_STYLE_ASSIGNMENT (( #85 ) ) ;
#3111 = PLANE ( 'NONE',  #2100 ) ;
#3112 = VECTOR ( 'NONE', #2389, 1000.000000000000000 ) ;
#3113 = DIRECTION ( 'NONE',  ( -1.084202172485506776E-16, 1.000000000000000000, 0.000000000000000000 ) ) ;
#3114 = AXIS2_PLACEMENT_3D ( 'NONE', #1382, #1687, #1930 ) ;
#3115 = CARTESIAN_POINT ( 'NONE',  ( 0.6499999999999995781, -0.5250000000000001332, -0.02999999999999999889 ) ) ;
#3116 = STYLED_ITEM ( 'NONE', ( #2888 ), #3055 ) ;
#3117 = CIRCLE ( 'NONE', #1888, 0.02999999999999997113 ) ;
#3118 = LINE ( 'NONE', #1811, #1453 ) ;
#3119 = DIRECTION ( 'NONE',  ( -0.000000000000000000, -0.000000000000000000, 1.000000000000000000 ) ) ;
#3120 = VERTEX_POINT ( 'NONE', #526 ) ;
#3121 = EDGE_CURVE ( 'NONE', #3059, #1437, #202, .T. ) ;
#3122 = FACE_OUTER_BOUND ( 'NONE', #1236, .T. ) ;
#3123 = UNCERTAINTY_MEASURE_WITH_UNIT (LENGTH_MEASURE( 1.000000000000000082E-05 ), #1894, 'distance_accuracy_value', 'NONE');
#3124 = ADVANCED_FACE ( 'NONE', ( #2672 ), #694, .T. ) ;
#3125 = ORIENTED_EDGE ( 'NONE', *, *, #2796, .F. ) ;
#3126 = EDGE_LOOP ( 'NONE', ( #2198, #3228 ) ) ;
#3127 = FACE_OUTER_BOUND ( 'NONE', #571, .T. ) ;
#3128 = CARTESIAN_POINT ( 'NONE',  ( -0.9999999999999997780, 0.7750000000000000222, 0.1199999999999999956 ) ) ;
#3129 = CARTESIAN_POINT ( 'NONE',  ( -0.9699999999999998623, 0.9700000000000001954, 0.5999999999999999778 ) ) ;
#3130 = EDGE_CURVE ( 'NONE', #277, #2376, #2440, .T. ) ;
#3131 = SURFACE_STYLE_FILL_AREA ( #2639 ) ;
#3132 = ORIENTED_EDGE ( 'NONE', *, *, #3232, .F. ) ;
#3133 = CARTESIAN_POINT ( 'NONE',  ( -0.9999999999999997780, 0.7750000000000000222, 0.000000000000000000 ) ) ;
#3134 = VERTEX_POINT ( 'NONE', #1443 ) ;
#3135 = CARTESIAN_POINT ( 'NONE',  ( -0.6699999999999997069, 0.7700000000000002398, 0.5899999999999999689 ) ) ;
#3136 = ORIENTED_EDGE ( 'NONE', *, *, #2988, .T. ) ;
#3137 = VERTEX_POINT ( 'NONE', #1707 ) ;
#3138 = FACE_OUTER_BOUND ( 'NONE', #137, .T. ) ;
#3139 = VERTEX_POINT ( 'NONE', #3231 ) ;
#3140 = ORIENTED_EDGE ( 'NONE', *, *, #1456, .F. ) ;
#3141 = DIRECTION ( 'NONE',  ( 0.000000000000000000, 0.000000000000000000, -1.000000000000000000 ) ) ;
#3142 = LINE ( 'NONE', #1360, #1465 ) ;
#3143 = EDGE_CURVE ( 'NONE', #3160, #210, #185, .T. ) ;
#3144 = DIRECTION ( 'NONE',  ( -1.000000000000000000, 0.000000000000000000, 0.000000000000000000 ) ) ;
#3145 =( NAMED_UNIT ( * ) PLANE_ANGLE_UNIT ( ) SI_UNIT ( $, .RADIAN. ) );
#3146 = ADVANCED_FACE ( 'NONE', ( #2936 ), #2741, .F. ) ;
#3147 = ORIENTED_EDGE ( 'NONE', *, *, #950, .T. ) ;
#3148 = CARTESIAN_POINT ( 'NONE',  ( 0.3549999999999995937, 0.7749999999999999112, 0.01000000000000000021 ) ) ;
#3149 = VERTEX_POINT ( 'NONE', #168 ) ;
#3150 = CARTESIAN_POINT ( 'NONE',  ( 0.000000000000000000, 0.6500000000000000222, 0.1199999999999999956 ) ) ;
#3151 = ADVANCED_FACE ( 'NONE', ( #1678 ), #2184, .T. ) ;
#3152 = CARTESIAN_POINT ( 'NONE',  ( -0.4299999999999998268, -0.2000000000000002887, 0.000000000000000000 ) ) ;
#3153 = LINE ( 'NONE', #1699, #302 ) ;
#3154 = CARTESIAN_POINT ( 'NONE',  ( -0.7699999999999997957, 0.7700000000000002398, 0.5899999999999999689 ) ) ;
#3155 = ORIENTED_EDGE ( 'NONE', *, *, #3104, .F. ) ;
#3156 = ORIENTED_EDGE ( 'NONE', *, *, #1352, .F. ) ;
#3157 = ORIENTED_EDGE ( 'NONE', *, *, #834, .T. ) ;
#3158 = AXIS2_PLACEMENT_3D ( 'NONE', #861, #145, #406 ) ;
#3159 = EDGE_CURVE ( 'NONE', #616, #1054, #3199, .T. ) ;
#3160 = VERTEX_POINT ( 'NONE', #907 ) ;
#3161 = VECTOR ( 'NONE', #3017, 1000.000000000000000 ) ;
#3162 = FILL_AREA_STYLE ('',( #1655 ) ) ;
#3163 = DIRECTION ( 'NONE',  ( -1.000000000000000000, 0.000000000000000000, 0.000000000000000000 ) ) ;
#3164 = MECHANICAL_DESIGN_GEOMETRIC_PRESENTATION_REPRESENTATION (  '', ( #2097 ), #506 ) ;
#3165 = DIRECTION ( 'NONE',  ( 1.000000000000000000, 0.000000000000000000, 0.000000000000000000 ) ) ;
#3166 = AXIS2_PLACEMENT_3D ( 'NONE', #2743, #204, #1948 ) ;
#3167 = ORIENTED_EDGE ( 'NONE', *, *, #177, .T. ) ;
#3168 = CARTESIAN_POINT ( 'NONE',  ( 0.4300000000000001044, -0.7000000000000001776, 0.000000000000000000 ) ) ;
#3169 = VECTOR ( 'NONE', #1, 1000.000000000000000 ) ;
#3170 = ORIENTED_EDGE ( 'NONE', *, *, #2242, .T. ) ;
#3171 = CARTESIAN_POINT ( 'NONE',  ( -0.6499999999999998002, -0.7749999999999998002, 0.000000000000000000 ) ) ;
#3172 = MECHANICAL_DESIGN_GEOMETRIC_PRESENTATION_REPRESENTATION (  '', ( #2325 ), #1944 ) ;
#3173 = ORIENTED_EDGE ( 'NONE', *, *, #594, .T. ) ;
#3174 = CARTESIAN_POINT ( 'NONE',  ( -0.9999999999999997780, -0.1249999999999998890, 0.1199999999999999956 ) ) ;
#3175 = SURFACE_STYLE_FILL_AREA ( #98 ) ;
#3176 = DIRECTION ( 'NONE',  ( 1.000000000000000000, -3.097720492815726673E-16, 0.000000000000000000 ) ) ;
#3177 = EDGE_CURVE ( 'NONE', #818, #2010, #2763, .T. ) ;
#3178 = ORIENTED_EDGE ( 'NONE', *, *, #2988, .F. ) ;
#3179 = ORIENTED_EDGE ( 'NONE', *, *, #1683, .T. ) ;
#3180 = SURFACE_STYLE_USAGE ( .BOTH. , #101 ) ;
#3181 = DIRECTION ( 'NONE',  ( -0.000000000000000000, 0.000000000000000000, 1.000000000000000000 ) ) ;
#3182 = CARTESIAN_POINT ( 'NONE',  ( -0.5050000000000003375, 0.1249999999999999167, 0.01000000000000000021 ) ) ;
#3183 = CARTESIAN_POINT ( 'NONE',  ( -0.6499999999999998002, -0.5250000000000000222, 0.000000000000000000 ) ) ;
#3184 = ADVANCED_FACE ( 'NONE', ( #414 ), #633, .F. ) ;
#3185 = VERTEX_POINT ( 'NONE', #1386 ) ;
#3186 = DIRECTION ( 'NONE',  ( 0.000000000000000000, 0.000000000000000000, 1.000000000000000000 ) ) ;
#3187 = ORIENTED_EDGE ( 'NONE', *, *, #2628, .T. ) ;
#3188 = PLANE ( 'NONE',  #2269 ) ;
#3189 = ADVANCED_FACE ( 'NONE', ( #1175 ), #2418, .F. ) ;
#3190 = ORIENTED_EDGE ( 'NONE', *, *, #789, .F. ) ;
#3191 = LINE ( 'NONE', #193, #2801 ) ;
#3192 = CARTESIAN_POINT ( 'NONE',  ( -0.9999999999999997780, -0.9699999999999998623, 0.5699999999999999512 ) ) ;
#3193 = ORIENTED_EDGE ( 'NONE', *, *, #1601, .T. ) ;
#3194 = ORIENTED_EDGE ( 'NONE', *, *, #283, .T. ) ;
#3195 = EDGE_CURVE ( 'NONE', #1124, #2745, #2791, .T. ) ;
#3196 = CARTESIAN_POINT ( 'NONE',  ( -0.5049999999999997824, 0.1999999999999998723, 0.000000000000000000 ) ) ;
#3197 = PLANE ( 'NONE',  #90 ) ;
#3198 = CARTESIAN_POINT ( 'NONE',  ( -0.9999999999999997780, 0.1250000000000000000, 0.1199999999999999956 ) ) ;
#3199 = LINE ( 'NONE', #446, #823 ) ;
#3200 = CARTESIAN_POINT ( 'NONE',  ( 0.4300000000000001044, -0.6999999999999996225, 0.01000000000000000021 ) ) ;
#3201 = EDGE_LOOP ( 'NONE', ( #1878, #1234, #1288, #3190 ) ) ;
#3202 = VERTEX_POINT ( 'NONE', #270 ) ;
#3203 = CARTESIAN_POINT ( 'NONE',  ( -0.9699999999999998623, 0.9700000000000003064, 0.5699999999999999512 ) ) ;
#3204 = DIRECTION ( 'NONE',  ( 0.000000000000000000, 0.000000000000000000, -1.000000000000000000 ) ) ;
#3205 = DIRECTION ( 'NONE',  ( 0.000000000000000000, 0.000000000000000000, -1.000000000000000000 ) ) ;
#3206 = VERTEX_POINT ( 'NONE', #1483 ) ;
#3207 = CARTESIAN_POINT ( 'NONE',  ( -0.4299999999999998823, 0.6999999999999992895, 0.01000000000000000021 ) ) ;
#3208 = FACE_OUTER_BOUND ( 'NONE', #2926, .T. ) ;
#3209 = ADVANCED_FACE ( 'NONE', ( #1498 ), #978, .T. ) ;
#3210 = VECTOR ( 'NONE', #500, 1000.000000000000000 ) ;
#3211 = DIRECTION ( 'NONE',  ( 0.000000000000000000, -1.000000000000000000, 0.000000000000000000 ) ) ;
#3212 = LINE ( 'NONE', #927, #501 ) ;
#3213 = PLANE ( 'NONE',  #716 ) ;
#3214 = VERTEX_POINT ( 'NONE', #1997 ) ;
#3215 = DIRECTION ( 'NONE',  ( 1.000000000000000000, 0.000000000000000000, 0.000000000000000000 ) ) ;
#3216 = VECTOR ( 'NONE', #1567, 1000.000000000000000 ) ;
#3217 = ADVANCED_FACE ( 'NONE', ( #2545 ), #2016, .F. ) ;
#3218 = AXIS2_PLACEMENT_3D ( 'NONE', #2125, #3181, #872 ) ;
#3219 = AXIS2_PLACEMENT_3D ( 'NONE', #2963, #3027, #2469 ) ;
#3220 = PLANE ( 'NONE',  #237 ) ;
#3221 = CARTESIAN_POINT ( 'NONE',  ( -0.5050000000000003375, 0.1249999999999999167, 0.000000000000000000 ) ) ;
#3222 = CARTESIAN_POINT ( 'NONE',  ( 0.6499999999999995781, 0.7749999999999998002, -0.02999999999999999889 ) ) ;
#3223 = VECTOR ( 'NONE', #777, 1000.000000000000000 ) ;
#3224 = EDGE_CURVE ( 'NONE', #3137, #2931, #1535, .T. ) ;
#3225 = CARTESIAN_POINT ( 'NONE',  ( -0.5050000000000003375, -0.1249999999999997918, 0.000000000000000000 ) ) ;
#3226 = AXIS2_PLACEMENT_3D ( 'NONE', #2310, #1024, #3056 ) ;
#3227 = VECTOR ( 'NONE', #745, 1000.000000000000000 ) ;
#3228 = ORIENTED_EDGE ( 'NONE', *, *, #386, .F. ) ;
#3229 = FACE_OUTER_BOUND ( 'NONE', #40, .T. ) ;
#3230 = CARTESIAN_POINT ( 'NONE',  ( 0.9999999999999997780, 0.1249999999999997918, -0.02999999999999999889 ) ) ;
#3231 = CARTESIAN_POINT ( 'NONE',  ( 1.000000000000000222, -0.1249999999999998890, 0.000000000000000000 ) ) ;
#3232 = EDGE_CURVE ( 'NONE', #477, #1334, #2704, .T. ) ;
#3233 = DIRECTION ( 'NONE',  ( 0.000000000000000000, -0.000000000000000000, 1.000000000000000000 ) ) ;
#3234 = DIRECTION ( 'NONE',  ( -1.000000000000000000, 0.000000000000000000, -0.000000000000000000 ) ) ;
#3235 = ORIENTED_EDGE ( 'NONE', *, *, #2225, .F. ) ;
#3236 = CYLINDRICAL_SURFACE ( 'NONE', #48, 0.02999999999999997113 ) ;
#3237 = CARTESIAN_POINT ( 'NONE',  ( -0.9999999999999997780, 1.000000000000000222, 0.5699999999999999512 ) ) ;
#3238 = DIRECTION ( 'NONE',  ( -1.000000000000000000, 0.000000000000000000, 0.000000000000000000 ) ) ;
#3239 = DIRECTION ( 'NONE',  ( -1.000000000000000000, 0.000000000000000000, 0.000000000000000000 ) ) ;
#3240 = LINE ( 'NONE', #2257, #2811 ) ;
#3241 = VERTEX_POINT ( 'NONE', #1212 ) ;
#3242 = CARTESIAN_POINT ( 'NONE',  ( -0.9699999999999998623, -0.9699999999999998623, 0.5699999999999999512 ) ) ;
#3243 = DIRECTION ( 'NONE',  ( -0.000000000000000000, -0.000000000000000000, 1.000000000000000000 ) ) ;
#3244 = CARTESIAN_POINT ( 'NONE',  ( -0.6699999999999997069, 0.7700000000000002398, 0.5899999999999999689 ) ) ;
#3245 = DIRECTION ( 'NONE',  ( 1.000000000000000000, -0.000000000000000000, 0.000000000000000000 ) ) ;
#3246 = DIRECTION ( 'NONE',  ( -1.000000000000000000, -0.000000000000000000, 0.000000000000000000 ) ) ;
#3247 = DIRECTION ( 'NONE',  ( -0.000000000000000000, -0.000000000000000000, -1.000000000000000000 ) ) ;
#3248 = EDGE_CURVE ( 'NONE', #1329, #2010, #2031, .T. ) ;
#3249 = LINE ( 'NONE', #523, #2258 ) ;
#3250 = DIRECTION ( 'NONE',  ( -0.000000000000000000, 1.000000000000000000, -0.000000000000000000 ) ) ;
#3251 = ORIENTED_EDGE ( 'NONE', *, *, #522, .F. ) ;
#3252 = ADVANCED_FACE ( 'NONE', ( #3284 ), #2509, .F. ) ;
#3253 = LINE ( 'NONE', #1972, #2054 ) ;
#3254 = ORIENTED_EDGE ( 'NONE', *, *, #2654, .F. ) ;
#3255 = ADVANCED_FACE ( 'NONE', ( #760 ), #2777, .F. ) ;
#3256 = ORIENTED_EDGE ( 'NONE', *, *, #3159, .F. ) ;
#3257 = VERTEX_POINT ( 'NONE', #2270 ) ;
#3258 = PLANE ( 'NONE',  #772 ) ;
#3259 = CARTESIAN_POINT ( 'NONE',  ( 0.9999999999999997780, -0.1249999999999998890, 0.1199999999999999956 ) ) ;
#3260 = CARTESIAN_POINT ( 'NONE',  ( -0.3549999999999993716, 0.7749999999999999112, -0.02999999999999999889 ) ) ;
#3261 = DIRECTION ( 'NONE',  ( -0.000000000000000000, -0.000000000000000000, 1.000000000000000000 ) ) ;
#3262 = DIRECTION ( 'NONE',  ( -0.000000000000000000, 0.000000000000000000, -1.000000000000000000 ) ) ;
#3263 = DIRECTION ( 'NONE',  ( 3.097720492815726673E-16, 1.000000000000000000, -0.000000000000000000 ) ) ;
#3264 = VECTOR ( 'NONE', #2694, 1000.000000000000000 ) ;
#3265 = EDGE_CURVE ( 'NONE', #2667, #3257, #2917, .T. ) ;
#3266 = LINE ( 'NONE', #275, #3210 ) ;
#3267 = STYLED_ITEM ( 'NONE', ( #2304 ), #822 ) ;
#3268 = CARTESIAN_POINT ( 'NONE',  ( -0.6499999999999998002, 0.1249999999999998890, 0.009999999999999998473 ) ) ;
#3269 = ORIENTED_EDGE ( 'NONE', *, *, #2448, .F. ) ;
#3270 = AXIS2_PLACEMENT_3D ( 'NONE', #1864, #2896, #601 ) ;
#3271 = AXIS2_PLACEMENT_3D ( 'NONE', #921, #996, #1939 ) ;
#3272 = PLANE ( 'NONE',  #2382 ) ;
#3273 = ORIENTED_EDGE ( 'NONE', *, *, #3091, .T. ) ;
#3274 = VECTOR ( 'NONE', #430, 1000.000000000000000 ) ;
#3275 = EDGE_CURVE ( 'NONE', #2629, #1124, #465, .T. ) ;
#3276 = VECTOR ( 'NONE', #1147, 1000.000000000000000 ) ;
#3277 = VECTOR ( 'NONE', #922, 1000.000000000000000 ) ;
#3278 = VECTOR ( 'NONE', #2861, 1000.000000000000000 ) ;
#3279 = ORIENTED_EDGE ( 'NONE', *, *, #1555, .F. ) ;
#3280 = ORIENTED_EDGE ( 'NONE', *, *, #1931, .F. ) ;
#3281 = DIRECTION ( 'NONE',  ( -0.000000000000000000, -0.000000000000000000, -1.000000000000000000 ) ) ;
#3282 = PLANE ( 'NONE',  #1355 ) ;
#3283 = AXIS2_PLACEMENT_3D ( 'NONE', #407, #1686, #623 ) ;
#3284 = FACE_OUTER_BOUND ( 'NONE', #2539, .T. ) ;
#3285 = DIRECTION ( 'NONE',  ( -0.000000000000000000, -0.000000000000000000, 1.000000000000000000 ) ) ;
#3286 = DIRECTION ( 'NONE',  ( -0.000000000000000000, -0.000000000000000000, -1.000000000000000000 ) ) ;
#3287 = EDGE_CURVE ( 'NONE', #1431, #3022, #1759, .T. ) ;
ENDSEC;
END-ISO-10303-21;
