ISO-10303-21;
HEADER;
FILE_DESCRIPTION (( 'STEP AP214' ),
    '1' );
FILE_NAME ('ASCODV-24.000MHz-LR-T3.STEP',
    '2024-04-27T04:22:53',
    ( '' ),
    ( '' ),
    'SwSTEP 2.0',
    'SolidWorks 2023',
    '' );
FILE_SCHEMA (( 'AUTOMOTIVE_DESIGN' ));
ENDSEC;

DATA;
#1 = LINE ( 'NONE', #2937, #1581 ) ;
#2 = DIRECTION ( 'NONE',  ( 0.000000000000000000, -1.000000000000000000, 0.000000000000000000 ) ) ;
#3 = AXIS2_PLACEMENT_3D ( 'NONE', #3124, #3582, #3649 ) ;
#4 = MECHANICAL_DESIGN_GEOMETRIC_PRESENTATION_REPRESENTATION (  '', ( #3911 ), #5712 ) ;
#5 =( NAMED_UNIT ( * ) PLANE_ANGLE_UNIT ( ) SI_UNIT ( $, .RADIAN. ) );
#6 = ORIENTED_EDGE ( 'NONE', *, *, #2028, .F. ) ;
#7 = PRESENTATION_STYLE_ASSIGNMENT (( #6061 ) ) ;
#8 = EDGE_CURVE ( 'NONE', #1937, #5337, #6327, .T. ) ;
#9 = VECTOR ( 'NONE', #5763, 1000.000000000000000 ) ;
#10 = ADVANCED_FACE ( 'NONE', ( #4784 ), #6298, .T. ) ;
#11 = EDGE_LOOP ( 'NONE', ( #5466, #315, #460, #3675 ) ) ;
#12 = COLOUR_RGB ( '',0.8627450980392157298, 0.5882352941176470784, 0.06274509803921568540 ) ;
#13 = AXIS2_PLACEMENT_3D ( 'NONE', #5360, #355, #1887 ) ;
#14 = COLOUR_RGB ( '',0.8627450980392157298, 0.6274509803921568540, 0.05882352941176470507 ) ;
#15 = ORIENTED_EDGE ( 'NONE', *, *, #2285, .T. ) ;
#16 = DIRECTION ( 'NONE',  ( 0.000000000000000000, 0.000000000000000000, 1.000000000000000000 ) ) ;
#17 = FACE_OUTER_BOUND ( 'NONE', #479, .T. ) ;
#18 =( LENGTH_UNIT ( ) NAMED_UNIT ( * ) SI_UNIT ( .MILLI., .METRE. ) );
#19 = AXIS2_PLACEMENT_3D ( 'NONE', #4662, #1273, #2218 ) ;
#20 = STYLED_ITEM ( 'NONE', ( #6337 ), #5529 ) ;
#21 = MECHANICAL_DESIGN_GEOMETRIC_PRESENTATION_REPRESENTATION (  '', ( #4666 ), #3726 ) ;
#22 = CARTESIAN_POINT ( 'NONE',  ( 0.7999999999999986011, 0.4499999999999995670, 0.01999999999999994491 ) ) ;
#23 = ADVANCED_FACE ( 'NONE', ( #5016 ), #3627, .F. ) ;
#24 = CARTESIAN_POINT ( 'NONE',  ( -0.8000000000000012657, -0.4500000000000003997, 0.2800000000000000266 ) ) ;
#25 = MECHANICAL_DESIGN_GEOMETRIC_PRESENTATION_REPRESENTATION (  '', ( #3534 ), #3108 ) ;
#26 = LINE ( 'NONE', #1212, #1535 ) ;
#27 = CIRCLE ( 'NONE', #219, 0.2225000000000000311 ) ;
#28 =( LENGTH_UNIT ( ) NAMED_UNIT ( * ) SI_UNIT ( .MILLI., .METRE. ) );
#29 = STYLED_ITEM ( 'NONE', ( #5630 ), #5985 ) ;
#30 = DIRECTION ( 'NONE',  ( 1.000000000000000000, 0.000000000000000000, 0.000000000000000000 ) ) ;
#31 = VECTOR ( 'NONE', #3472, 1000.000000000000000 ) ;
#32 = CARTESIAN_POINT ( 'NONE',  ( -0.7999999999999986011, -0.5999999999999994227, -0.2800000000000000266 ) ) ;
#33 = FILL_AREA_STYLE ('',( #2990 ) ) ;
#34 = CARTESIAN_POINT ( 'NONE',  ( -0.5774999999999985700, 0.5999999999999996447, 0.01999999999999994491 ) ) ;
#35 = CARTESIAN_POINT ( 'NONE',  ( -0.5000000000000009992, 0.4249999999999996003, 0.5200000000000000178 ) ) ;
#36 = AXIS2_PLACEMENT_3D ( 'NONE', #2748, #801, #675 ) ;
#37 = DIRECTION ( 'NONE',  ( 0.000000000000000000, 0.000000000000000000, 1.000000000000000000 ) ) ;
#38 = EDGE_LOOP ( 'NONE', ( #6, #3287, #4345, #637 ) ) ;
#39 = LINE ( 'NONE', #2942, #2793 ) ;
#40 = COLOUR_RGB ( '',0.8627450980392157298, 0.6274509803921568540, 0.05882352941176470507 ) ;
#41 = LINE ( 'NONE', #1133, #6310 ) ;
#42 = ORIENTED_EDGE ( 'NONE', *, *, #4197, .T. ) ;
#43 = CARTESIAN_POINT ( 'NONE',  ( -0.6939339828220163486, 0.000000000000000000, 0.01999999999999994491 ) ) ;
#44 = PLANE ( 'NONE',  #5314 ) ;
#45 = ORIENTED_EDGE ( 'NONE', *, *, #54, .T. ) ;
#46 = CARTESIAN_POINT ( 'NONE',  ( 0.4999999999999986122, 0.2999999999999996003, 0.2950000000000000400 ) ) ;
#47 = EDGE_CURVE ( 'NONE', #2714, #2469, #3491, .T. ) ;
#48 = PRESENTATION_LAYER_ASSIGNMENT (  '', '', ( #4698 ) ) ;
#49 = ORIENTED_EDGE ( 'NONE', *, *, #5359, .T. ) ;
#50 = SURFACE_STYLE_USAGE ( .BOTH. , #5004 ) ;
#51 =( NAMED_UNIT ( * ) SI_UNIT ( $, .STERADIAN. ) SOLID_ANGLE_UNIT ( ) );
#52 = MECHANICAL_DESIGN_GEOMETRIC_PRESENTATION_REPRESENTATION (  '', ( #4804 ), #1827 ) ;
#53 = PRESENTATION_LAYER_ASSIGNMENT (  '', '', ( #3135 ) ) ;
#54 = EDGE_CURVE ( 'NONE', #1012, #3591, #26, .T. ) ;
#55 = UNCERTAINTY_MEASURE_WITH_UNIT (LENGTH_MEASURE( 1.000000000000000082E-05 ), #3184, 'distance_accuracy_value', 'NONE');
#56 = APPLICATION_PROTOCOL_DEFINITION ( 'draft international standard', 'automotive_design', 1998, #6156 ) ;
#57 = LINE ( 'NONE', #2036, #3079 ) ;
#58 = DIRECTION ( 'NONE',  ( -1.000000000000000000, 0.000000000000000000, 0.000000000000000000 ) ) ;
#59 = ORIENTED_EDGE ( 'NONE', *, *, #3487, .F. ) ;
#60 = PRESENTATION_STYLE_ASSIGNMENT (( #6024 ) ) ;
#61 = VECTOR ( 'NONE', #1923, 1000.000000000000000 ) ;
#62 = SURFACE_STYLE_USAGE ( .BOTH. , #508 ) ;
#63 = EDGE_CURVE ( 'NONE', #3140, #2065, #3955, .T. ) ;
#64 =( NAMED_UNIT ( * ) SI_UNIT ( $, .STERADIAN. ) SOLID_ANGLE_UNIT ( ) );
#65 = CARTESIAN_POINT ( 'NONE',  ( -0.2499999999999997780, -0.4939339828220177808, 0.01999999999999994491 ) ) ;
#66 = DIRECTION ( 'NONE',  ( 1.000000000000000000, 0.000000000000000000, 0.000000000000000000 ) ) ;
#67 = FACE_OUTER_BOUND ( 'NONE', #11, .T. ) ;
#68 = FACE_OUTER_BOUND ( 'NONE', #441, .T. ) ;
#69 = DIRECTION ( 'NONE',  ( 0.000000000000000000, 0.000000000000000000, 1.000000000000000000 ) ) ;
#70 = FILL_AREA_STYLE ('',( #3969 ) ) ;
#71 = FILL_AREA_STYLE ('',( #5385 ) ) ;
#72 = ORIENTED_EDGE ( 'NONE', *, *, #3196, .T. ) ;
#73 = FACE_OUTER_BOUND ( 'NONE', #4543, .T. ) ;
#74 = CARTESIAN_POINT ( 'NONE',  ( -0.5650000000000015010, -0.3050000000000004929, 0.5200000000000000178 ) ) ;
#75 = CARTESIAN_POINT ( 'NONE',  ( 0.7999999999999986011, 0.000000000000000000, -0.2800000000000000266 ) ) ;
#76 = VERTEX_POINT ( 'NONE', #197 ) ;
#77 = SURFACE_SIDE_STYLE ('',( #561 ) ) ;
#78 = ORIENTED_EDGE ( 'NONE', *, *, #3372, .T. ) ;
#79 = DIRECTION ( 'NONE',  ( 1.000000000000000000, 0.000000000000000000, -0.000000000000000000 ) ) ;
#80 = FILL_AREA_STYLE ('',( #2067 ) ) ;
#81 = ADVANCED_FACE ( 'NONE', ( #229 ), #4437, .F. ) ;
#82 = VECTOR ( 'NONE', #1732, 1000.000000000000000 ) ;
#83 = EDGE_CURVE ( 'NONE', #2776, #1637, #1020, .T. ) ;
#84 = FILL_AREA_STYLE_COLOUR ( '', #946 ) ;
#85 = CARTESIAN_POINT ( 'NONE',  ( -0.6250000000000011102, -0.3000000000000004885, 0.5050000000000000044 ) ) ;
#86 = EDGE_CURVE ( 'NONE', #4386, #3193, #3685, .T. ) ;
#87 = CIRCLE ( 'NONE', #4107, 0.01499999999999998557 ) ;
#88 = CYLINDRICAL_SURFACE ( 'NONE', #967, 0.1499999999999995226 ) ;
#89 = ORIENTED_EDGE ( 'NONE', *, *, #2243, .T. ) ;
#90 = LINE ( 'NONE', #3460, #2801 ) ;
#91 = STYLED_ITEM ( 'NONE', ( #2560 ), #707 ) ;
#92 = FILL_AREA_STYLE_COLOUR ( '', #2671 ) ;
#93 = DIRECTION ( 'NONE',  ( -1.000000000000000000, -0.000000000000000000, -0.000000000000000000 ) ) ;
#94 = EDGE_LOOP ( 'NONE', ( #3881, #6274, #5225, #3767 ) ) ;
#95 = PRESENTATION_LAYER_ASSIGNMENT (  '', '', ( #1852 ) ) ;
#96 = CARTESIAN_POINT ( 'NONE',  ( 0.7999999999999986011, -0.3774999999999997802, 0.01999999999999994491 ) ) ;
#97 =( LENGTH_UNIT ( ) NAMED_UNIT ( * ) SI_UNIT ( .MILLI., .METRE. ) );
#98 = SURFACE_SIDE_STYLE ('',( #3526 ) ) ;
#99 = ORIENTED_EDGE ( 'NONE', *, *, #115, .F. ) ;
#100 = TOROIDAL_SURFACE ( 'NONE', #3700, 0.2150000000000000244, 0.01499999999999999944 ) ;
#101 = PRESENTATION_STYLE_ASSIGNMENT (( #2595 ) ) ;
#102 = VERTEX_POINT ( 'NONE', #1248 ) ;
#103 = DIRECTION ( 'NONE',  ( 0.000000000000000000, 0.000000000000000000, 1.000000000000000000 ) ) ;
#104 = PRESENTATION_LAYER_ASSIGNMENT (  '', '', ( #5501 ) ) ;
#105 = ORIENTED_EDGE ( 'NONE', *, *, #2822, .F. ) ;
#106 = DIRECTION ( 'NONE',  ( 0.000000000000000000, 0.000000000000000000, -1.000000000000000000 ) ) ;
#107 = COLOUR_RGB ( '',0.8627450980392157298, 0.6274509803921568540, 0.05882352941176470507 ) ;
#108 = CARTESIAN_POINT ( 'NONE',  ( 0.6939339828220163486, 0.1499999999999996336, -0.2800000000000000266 ) ) ;
#109 = ORIENTED_EDGE ( 'NONE', *, *, #759, .F. ) ;
#110 = AXIS2_PLACEMENT_3D ( 'NONE', #1243, #4217, #1699 ) ;
#111 = LINE ( 'NONE', #2107, #3504 ) ;
#112 = DIRECTION ( 'NONE',  ( 1.000000000000000000, 0.000000000000000000, 0.000000000000000000 ) ) ;
#113 = FACE_OUTER_BOUND ( 'NONE', #5006, .T. ) ;
#114 = SURFACE_STYLE_USAGE ( .BOTH. , #3182 ) ;
#115 = EDGE_CURVE ( 'NONE', #1380, #3284, #2366, .T. ) ;
#116 = UNCERTAINTY_MEASURE_WITH_UNIT (LENGTH_MEASURE( 1.000000000000000082E-05 ), #4610, 'distance_accuracy_value', 'NONE');
#117 =( NAMED_UNIT ( * ) SI_UNIT ( $, .STERADIAN. ) SOLID_ANGLE_UNIT ( ) );
#118 = EDGE_CURVE ( 'NONE', #1387, #4618, #2664, .T. ) ;
#119 = ORIENTED_EDGE ( 'NONE', *, *, #869, .F. ) ;
#120 = LINE ( 'NONE', #4060, #496 ) ;
#121 = AXIS2_PLACEMENT_3D ( 'NONE', #4622, #4201, #177 ) ;
#122 = CARTESIAN_POINT ( 'NONE',  ( -0.6939339828220163486, 0.000000000000000000, -0.2800000000000000266 ) ) ;
#123 = ORIENTED_EDGE ( 'NONE', *, *, #6320, .F. ) ;
#124 =( NAMED_UNIT ( * ) SI_UNIT ( $, .STERADIAN. ) SOLID_ANGLE_UNIT ( ) );
#125 = SURFACE_STYLE_USAGE ( .BOTH. , #3516 ) ;
#126 = PRESENTATION_LAYER_ASSIGNMENT (  '', '', ( #1162 ) ) ;
#127 = EDGE_CURVE ( 'NONE', #2725, #5337, #4566, .T. ) ;
#128 = DIRECTION ( 'NONE',  ( -0.000000000000000000, -0.000000000000000000, 1.000000000000000000 ) ) ;
#129 = EDGE_LOOP ( 'NONE', ( #2931, #5769, #3536, #109, #3333, #6287, #4102, #4237, #908, #673 ) ) ;
#130 = CARTESIAN_POINT ( 'NONE',  ( -0.2499999999999997780, 0.000000000000000000, -0.2800000000000000266 ) ) ;
#131 = SURFACE_STYLE_USAGE ( .BOTH. , #3706 ) ;
#132 = CARTESIAN_POINT ( 'NONE',  ( -0.5000000000000012212, 0.2999999999999996003, 0.4400000000000000577 ) ) ;
#133 = CARTESIAN_POINT ( 'NONE',  ( 0.7999999999999986011, 0.5999999999999996447, 0.01999999999999994491 ) ) ;
#134 =( LENGTH_UNIT ( ) NAMED_UNIT ( * ) SI_UNIT ( .MILLI., .METRE. ) );
#135 = AXIS2_PLACEMENT_3D ( 'NONE', #3293, #2848, #898 ) ;
#136 = EDGE_CURVE ( 'NONE', #2843, #1566, #2119, .T. ) ;
#137 = FACE_OUTER_BOUND ( 'NONE', #243, .T. ) ;
#138 = ORIENTED_EDGE ( 'NONE', *, *, #239, .F. ) ;
#139 = PRESENTATION_STYLE_ASSIGNMENT (( #4507 ) ) ;
#140 = FILL_AREA_STYLE_COLOUR ( '', #918 ) ;
#141 = EDGE_LOOP ( 'NONE', ( #1562, #3246, #1192, #6071 ) ) ;
#142 = COLOUR_RGB ( '',0.8627450980392157298, 0.6274509803921568540, 0.05882352941176470507 ) ;
#143 = MECHANICAL_DESIGN_GEOMETRIC_PRESENTATION_REPRESENTATION (  '', ( #2926 ), #3760 ) ;
#144 = DIRECTION ( 'NONE',  ( 1.000000000000000000, 0.000000000000000000, 0.000000000000000000 ) ) ;
#145 = AXIS2_PLACEMENT_3D ( 'NONE', #2407, #2746, #5351 ) ;
#146 = LINE ( 'NONE', #3766, #5497 ) ;
#147 = ORIENTED_EDGE ( 'NONE', *, *, #2500, .T. ) ;
#148 =( LENGTH_UNIT ( ) NAMED_UNIT ( * ) SI_UNIT ( .MILLI., .METRE. ) );
#149 = CIRCLE ( 'NONE', #4294, 0.1499999999999987732 ) ;
#150 = SURFACE_STYLE_FILL_AREA ( #3691 ) ;
#151 = DIRECTION ( 'NONE',  ( -0.000000000000000000, -0.000000000000000000, -1.000000000000000000 ) ) ;
#152 = FILL_AREA_STYLE ('',( #4165 ) ) ;
#153 = CIRCLE ( 'NONE', #2017, 0.01499999999999998557 ) ;
#154 = SURFACE_SIDE_STYLE ('',( #1200 ) ) ;
#155 = ORIENTED_EDGE ( 'NONE', *, *, #4673, .T. ) ;
#156 = PRESENTATION_STYLE_ASSIGNMENT (( #4954 ) ) ;
#157 = CARTESIAN_POINT ( 'NONE',  ( -0.5000000000000012212, 0.2999999999999996003, 0.4250000000000000999 ) ) ;
#158 = SURFACE_SIDE_STYLE ('',( #5610 ) ) ;
#159 = CARTESIAN_POINT ( 'NONE',  ( 0.4999999999999986122, 0.4399999999999995581, 0.5200000000000000178 ) ) ;
#160 = UNCERTAINTY_MEASURE_WITH_UNIT (LENGTH_MEASURE( 1.000000000000000082E-05 ), #1521, 'distance_accuracy_value', 'NONE');
#161 = SURFACE_SIDE_STYLE ('',( #3136 ) ) ;
#162 = VERTEX_POINT ( 'NONE', #4066 ) ;
#163 = FILL_AREA_STYLE ('',( #1210 ) ) ;
#164 = SURFACE_STYLE_USAGE ( .BOTH. , #1242 ) ;
#165 = DIRECTION ( 'NONE',  ( -1.000000000000000000, 0.000000000000000000, 0.000000000000000000 ) ) ;
#166 = ORIENTED_EDGE ( 'NONE', *, *, #4884, .T. ) ;
#167 = EDGE_CURVE ( 'NONE', #2103, #2764, #736, .T. ) ;
#168 = CARTESIAN_POINT ( 'NONE',  ( 0.2499999999999997780, 0.000000000000000000, 0.01999999999999994491 ) ) ;
#169 = CARTESIAN_POINT ( 'NONE',  ( -0.6500000000000011324, 0.5999999999999996447, -0.2810000000000000275 ) ) ;
#170 = LINE ( 'NONE', #3764, #1863 ) ;
#171 = DIRECTION ( 'NONE',  ( -0.000000000000000000, -0.000000000000000000, -1.000000000000000000 ) ) ;
#172 = DIRECTION ( 'NONE',  ( -0.000000000000000000, -0.000000000000000000, 1.000000000000000000 ) ) ;
#173 = VECTOR ( 'NONE', #4976, 1000.000000000000000 ) ;
#174 = CARTESIAN_POINT ( 'NONE',  ( -0.7999999999999986011, 0.5999999999999996447, -0.2800000000000000266 ) ) ;
#175 =( NAMED_UNIT ( * ) PLANE_ANGLE_UNIT ( ) SI_UNIT ( $, .RADIAN. ) );
#176 = ORIENTED_EDGE ( 'NONE', *, *, #3440, .T. ) ;
#177 = DIRECTION ( 'NONE',  ( -1.000000000000000000, 0.000000000000000000, 0.000000000000000000 ) ) ;
#178 = SURFACE_STYLE_USAGE ( .BOTH. , #2272 ) ;
#179 = LINE ( 'NONE', #1685, #4737 ) ;
#180 = DIRECTION ( 'NONE',  ( -1.000000000000000000, 1.949127501097535707E-15, 0.000000000000000000 ) ) ;
#181 = VERTEX_POINT ( 'NONE', #2210 ) ;
#182 = CARTESIAN_POINT ( 'NONE',  ( -0.5000000000000011102, 0.4849999999999995981, 0.4400000000000000577 ) ) ;
#183 = ORIENTED_EDGE ( 'NONE', *, *, #4320, .T. ) ;
#184 = PRESENTATION_LAYER_ASSIGNMENT (  '', '', ( #3181 ) ) ;
#185 = DIRECTION ( 'NONE',  ( 0.000000000000000000, -1.000000000000000000, 0.000000000000000000 ) ) ;
#186 = FILL_AREA_STYLE_COLOUR ( '', #5820 ) ;
#187 = LINE ( 'NONE', #5250, #3225 ) ;
#188 = FILL_AREA_STYLE ('',( #4631 ) ) ;
#189 = AXIS2_PLACEMENT_3D ( 'NONE', #159, #3003, #3062 ) ;
#190 = VECTOR ( 'NONE', #5236, 1000.000000000000000 ) ;
#191 = EDGE_CURVE ( 'NONE', #1935, #4608, #3589, .T. ) ;
#192 =( NAMED_UNIT ( * ) SI_UNIT ( $, .STERADIAN. ) SOLID_ANGLE_UNIT ( ) );
#193 = ORIENTED_EDGE ( 'NONE', *, *, #565, .T. ) ;
#194 = DIRECTION ( 'NONE',  ( 0.000000000000000000, 0.000000000000000000, 1.000000000000000000 ) ) ;
#195 = EDGE_CURVE ( 'NONE', #1005, #438, #5258, .T. ) ;
#196 =( GEOMETRIC_REPRESENTATION_CONTEXT ( 3 ) GLOBAL_UNCERTAINTY_ASSIGNED_CONTEXT ( ( #2568 ) ) GLOBAL_UNIT_ASSIGNED_CONTEXT ( ( #4517, #4014, #4556 ) ) REPRESENTATION_CONTEXT ( 'NONE', 'WORKASPACE' ) );
#197 = CARTESIAN_POINT ( 'NONE',  ( 0.7149999999999986366, -0.3000000000000004885, 0.2800000000000000266 ) ) ;
#198 = MECHANICAL_DESIGN_GEOMETRIC_PRESENTATION_REPRESENTATION (  '', ( #4122 ), #4758 ) ;
#199 = AXIS2_PLACEMENT_3D ( 'NONE', #5259, #4191, #6224 ) ;
#200 = PRODUCT_DEFINITION ( 'UNKNOWN', '', #6138, #3348 ) ;
#201 = ORIENTED_EDGE ( 'NONE', *, *, #4368, .T. ) ;
#202 = EDGE_CURVE ( 'NONE', #398, #5754, #2767, .T. ) ;
#203 = DIRECTION ( 'NONE',  ( -0.000000000000000000, 1.000000000000000000, 0.000000000000000000 ) ) ;
#204 = DIRECTION ( 'NONE',  ( 1.000000000000000000, 0.000000000000000000, 0.000000000000000000 ) ) ;
#205 =( NAMED_UNIT ( * ) SI_UNIT ( $, .STERADIAN. ) SOLID_ANGLE_UNIT ( ) );
#206 = ORIENTED_EDGE ( 'NONE', *, *, #3770, .F. ) ;
#207 = ORIENTED_EDGE ( 'NONE', *, *, #5435, .F. ) ;
#208 =( GEOMETRIC_REPRESENTATION_CONTEXT ( 3 ) GLOBAL_UNCERTAINTY_ASSIGNED_CONTEXT ( ( #677 ) ) GLOBAL_UNIT_ASSIGNED_CONTEXT ( ( #5031, #4967, #51 ) ) REPRESENTATION_CONTEXT ( 'NONE', 'WORKASPACE' ) );
#209 = DIRECTION ( 'NONE',  ( 0.000000000000000000, 0.000000000000000000, 1.000000000000000000 ) ) ;
#210 = STYLED_ITEM ( 'NONE', ( #5971 ), #2392 ) ;
#212 = EDGE_CURVE ( 'NONE', #4259, #5864, #6082, .T. ) ;
#211 = COLOUR_RGB ( '',0.2862745098039215508, 0.2862745098039215508, 0.2862745098039215508 ) ;
#213 = CARTESIAN_POINT ( 'NONE',  ( -0.7999999999999986011, 0.000000000000000000, 0.01999999999999994491 ) ) ;
#214 = VECTOR ( 'NONE', #2674, 1000.000000000000000 ) ;
#215 = FACE_OUTER_BOUND ( 'NONE', #2310, .T. ) ;
#216 = SURFACE_STYLE_FILL_AREA ( #4624 ) ;
#217 = EDGE_LOOP ( 'NONE', ( #5849, #2659, #3453, #4136 ) ) ;
#218 = LINE ( 'NONE', #4602, #6097 ) ;
#219 = AXIS2_PLACEMENT_3D ( 'NONE', #301, #3280, #5269 ) ;
#220 = LINE ( 'NONE', #2621, #562 ) ;
#221 = EDGE_LOOP ( 'NONE', ( #4068, #15, #2199, #4562 ) ) ;
#222 = SURFACE_SIDE_STYLE ('',( #2624 ) ) ;
#223 = DIRECTION ( 'NONE',  ( 0.000000000000000000, 0.000000000000000000, -1.000000000000000000 ) ) ;
#224 = PRESENTATION_LAYER_ASSIGNMENT (  '', '', ( #3430 ) ) ;
#225 = ORIENTED_EDGE ( 'NONE', *, *, #1919, .T. ) ;
#226 = DIRECTION ( 'NONE',  ( 0.000000000000000000, 0.000000000000000000, -1.000000000000000000 ) ) ;
#227 = FILL_AREA_STYLE ('',( #5256 ) ) ;
#228 = EDGE_CURVE ( 'NONE', #1350, #2469, #5673, .T. ) ;
#229 = FACE_OUTER_BOUND ( 'NONE', #1811, .T. ) ;
#230 = CIRCLE ( 'NONE', #3844, 0.1400000000000000411 ) ;
#231 = AXIS2_PLACEMENT_3D ( 'NONE', #4757, #2656, #4699 ) ;
#232 = PRESENTATION_STYLE_ASSIGNMENT (( #2258 ) ) ;
#233 = DIRECTION ( 'NONE',  ( 1.000000000000000000, 0.000000000000000000, 0.000000000000000000 ) ) ;
#234 =( NAMED_UNIT ( * ) SI_UNIT ( $, .STERADIAN. ) SOLID_ANGLE_UNIT ( ) );
#235 = SURFACE_SIDE_STYLE ('',( #3437 ) ) ;
#236 = ORIENTED_EDGE ( 'NONE', *, *, #5665, .T. ) ;
#237 = FILL_AREA_STYLE ('',( #1220 ) ) ;
#238 =( GEOMETRIC_REPRESENTATION_CONTEXT ( 3 ) GLOBAL_UNCERTAINTY_ASSIGNED_CONTEXT ( ( #5039 ) ) GLOBAL_UNIT_ASSIGNED_CONTEXT ( ( #3316, #5310, #469 ) ) REPRESENTATION_CONTEXT ( 'NONE', 'WORKASPACE' ) );
#239 = EDGE_CURVE ( 'NONE', #4608, #3388, #1265, .T. ) ;
#240 = AXIS2_PLACEMENT_3D ( 'NONE', #5178, #1720, #5112 ) ;
#241 = SURFACE_STYLE_FILL_AREA ( #152 ) ;
#242 = DIRECTION ( 'NONE',  ( -0.000000000000000000, -0.000000000000000000, 1.000000000000000000 ) ) ;
#243 = EDGE_LOOP ( 'NONE', ( #5651, #2800 ) ) ;
#244 = VECTOR ( 'NONE', #1519, 1000.000000000000000 ) ;
#245 = EDGE_CURVE ( 'NONE', #3574, #2714, #502, .T. ) ;
#246 = VERTEX_POINT ( 'NONE', #6149 ) ;
#247 =( NAMED_UNIT ( * ) PLANE_ANGLE_UNIT ( ) SI_UNIT ( $, .RADIAN. ) );
#248 = VECTOR ( 'NONE', #106, 1000.000000000000000 ) ;
#249 = CARTESIAN_POINT ( 'NONE',  ( -0.6939339828220163486, 0.4044079500593131815, 0.01999999999999994491 ) ) ;
#250 = SURFACE_SIDE_STYLE ('',( #3676 ) ) ;
#251 = ORIENTED_EDGE ( 'NONE', *, *, #3833, .T. ) ;
#252 = DIRECTION ( 'NONE',  ( -0.000000000000000000, -0.000000000000000000, -1.000000000000000000 ) ) ;
#253 = CARTESIAN_POINT ( 'NONE',  ( -0.8000000000000012657, -0.3774999999999997802, 0.01999999999999994491 ) ) ;
#254 = DIRECTION ( 'NONE',  ( 0.000000000000000000, 0.000000000000000000, -1.000000000000000000 ) ) ;
#255 = VERTEX_POINT ( 'NONE', #1773 ) ;
#256 = SURFACE_STYLE_FILL_AREA ( #1998 ) ;
#257 = EDGE_LOOP ( 'NONE', ( #6353, #1130, #2448, #278 ) ) ;
#258 = FILL_AREA_STYLE_COLOUR ( '', #6152 ) ;
#259 =( NAMED_UNIT ( * ) PLANE_ANGLE_UNIT ( ) SI_UNIT ( $, .RADIAN. ) );
#260 = FACE_OUTER_BOUND ( 'NONE', #129, .T. ) ;
#261 = CARTESIAN_POINT ( 'NONE',  ( 0.2499999999999997780, 0.1499999999999997446, -0.2800000000000000266 ) ) ;
#262 = ADVANCED_FACE ( 'NONE', ( #4719 ), #5664, .T. ) ;
#263 = FACE_OUTER_BOUND ( 'NONE', #4581, .T. ) ;
#264 = VERTEX_POINT ( 'NONE', #3643 ) ;
#265 = CARTESIAN_POINT ( 'NONE',  ( -0.8000000000000012657, -0.6000000000000005329, 0.01999999999999994491 ) ) ;
#266 =( NAMED_UNIT ( * ) SI_UNIT ( $, .STERADIAN. ) SOLID_ANGLE_UNIT ( ) );
#267 = EDGE_CURVE ( 'NONE', #162, #2784, #5638, .T. ) ;
#268 = ORIENTED_EDGE ( 'NONE', *, *, #115, .T. ) ;
#269 =( NAMED_UNIT ( * ) PLANE_ANGLE_UNIT ( ) SI_UNIT ( $, .RADIAN. ) );
#270 = EDGE_CURVE ( 'NONE', #2614, #1606, #3285, .T. ) ;
#271 = CARTESIAN_POINT ( 'NONE',  ( 0.6939339828220163486, -0.1499999999999997446, -0.2800000000000000266 ) ) ;
#272 = ORIENTED_EDGE ( 'NONE', *, *, #2121, .F. ) ;
#273 = DIRECTION ( 'NONE',  ( 0.000000000000000000, 0.000000000000000000, -1.000000000000000000 ) ) ;
#274 = EDGE_LOOP ( 'NONE', ( #5173, #6169, #4789, #3041 ) ) ;
#275 = FILL_AREA_STYLE ('',( #4231 ) ) ;
#276 = DIRECTION ( 'NONE',  ( 0.000000000000000000, 1.000000000000000000, 0.000000000000000000 ) ) ;
#277 = CARTESIAN_POINT ( 'NONE',  ( -0.8000000000000012657, -0.6000000000000005329, 0.2800000000000000266 ) ) ;
#278 = ORIENTED_EDGE ( 'NONE', *, *, #6214, .T. ) ;
#279 = FILL_AREA_STYLE ('',( #1271 ) ) ;
#280 = EDGE_CURVE ( 'NONE', #6062, #255, #5786, .T. ) ;
#281 = CARTESIAN_POINT ( 'NONE',  ( -0.5774999999999985700, 0.5999999999999996447, 0.01999999999999994491 ) ) ;
#282 = DIRECTION ( 'NONE',  ( -1.000000000000000000, 0.000000000000000000, -0.000000000000000000 ) ) ;
#283 = MECHANICAL_DESIGN_GEOMETRIC_PRESENTATION_REPRESENTATION (  '', ( #3799 ), #4844 ) ;
#284 = ORIENTED_EDGE ( 'NONE', *, *, #3982, .F. ) ;
#285 = SURFACE_STYLE_FILL_AREA ( #3623 ) ;
#286 = PLANE ( 'NONE',  #5069 ) ;
#287 = AXIS2_PLACEMENT_3D ( 'NONE', #2502, #635, #2617 ) ;
#288 = DIRECTION ( 'NONE',  ( 0.000000000000000000, 0.000000000000000000, -1.000000000000000000 ) ) ;
#289 = VECTOR ( 'NONE', #950, 1000.000000000000000 ) ;
#290 = DIRECTION ( 'NONE',  ( 0.000000000000000000, 1.000000000000000000, 0.000000000000000000 ) ) ;
#291 = VERTEX_POINT ( 'NONE', #3745 ) ;
#292 = COLOUR_RGB ( '',0.8627450980392157298, 0.5882352941176470784, 0.06274509803921568540 ) ;
#293 = PRESENTATION_LAYER_ASSIGNMENT (  '', '', ( #3082 ) ) ;
#294 = COLOUR_RGB ( '',0.2862745098039215508, 0.2862745098039215508, 0.2862745098039215508 ) ;
#295 = PRODUCT ( 'ASCODV-24.000MHz-LR-T3', 'ASCODV-24.000MHz-LR-T3', '', ( #3539 ) ) ;
#296 = UNCERTAINTY_MEASURE_WITH_UNIT (LENGTH_MEASURE( 1.000000000000000082E-05 ), #6264, 'distance_accuracy_value', 'NONE');
#297 = DIRECTION ( 'NONE',  ( 1.000000000000000000, 0.000000000000000000, 0.000000000000000000 ) ) ;
#298 = AXIS2_PLACEMENT_3D ( 'NONE', #3212, #788, #4706 ) ;
#299 = LINE ( 'NONE', #3251, #190 ) ;
#300 = AXIS2_PLACEMENT_3D ( 'NONE', #4635, #5153, #752 ) ;
#301 = CARTESIAN_POINT ( 'NONE',  ( 0.7999999999999986011, -0.5999999999999998668, -0.2800000000000000266 ) ) ;
#302 = CARTESIAN_POINT ( 'NONE',  ( -0.6400000000000012346, -0.3000000000000004885, 0.5200000000000000178 ) ) ;
#303 = ORIENTED_EDGE ( 'NONE', *, *, #354, .T. ) ;
#304 = DIRECTION ( 'NONE',  ( -1.000000000000000000, 2.777506689063988540E-14, 0.000000000000000000 ) ) ;
#305 = CARTESIAN_POINT ( 'NONE',  ( 0.000000000000000000, -0.6000000000000005329, 0.01999999999999994491 ) ) ;
#306 = EDGE_CURVE ( 'NONE', #1697, #3235, #3256, .T. ) ;
#307 = AXIS2_PLACEMENT_3D ( 'NONE', #6309, #3782, #2449 ) ;
#308 = FILL_AREA_STYLE_COLOUR ( '', #142 ) ;
#309 = CARTESIAN_POINT ( 'NONE',  ( 0.4999999999999986122, 0.4849999999999995981, 0.4250000000000000999 ) ) ;
#310 = SURFACE_STYLE_USAGE ( .BOTH. , #5775 ) ;
#311 = VERTEX_POINT ( 'NONE', #5243 ) ;
#312 = DIRECTION ( 'NONE',  ( 0.000000000000000000, 0.000000000000000000, -1.000000000000000000 ) ) ;
#313 =( NAMED_UNIT ( * ) SI_UNIT ( $, .STERADIAN. ) SOLID_ANGLE_UNIT ( ) );
#314 = SURFACE_SIDE_STYLE ('',( #4309 ) ) ;
#315 = ORIENTED_EDGE ( 'NONE', *, *, #2265, .F. ) ;
#316 = SURFACE_SIDE_STYLE ('',( #2373 ) ) ;
#317 = AXIS2_PLACEMENT_3D ( 'NONE', #3707, #3231, #3834 ) ;
#318 = CARTESIAN_POINT ( 'NONE',  ( 3.022078354339549274E-16, 0.4939339828220178918, -0.2800000000000000266 ) ) ;
#319 = EDGE_CURVE ( 'NONE', #1291, #1481, #696, .T. ) ;
#320 = AXIS2_PLACEMENT_3D ( 'NONE', #1433, #5381, #925 ) ;
#321 = PRESENTATION_STYLE_ASSIGNMENT (( #928 ) ) ;
#322 = SURFACE_STYLE_USAGE ( .BOTH. , #5844 ) ;
#323 = ORIENTED_EDGE ( 'NONE', *, *, #3655, .T. ) ;
#324 = DIRECTION ( 'NONE',  ( 1.000000000000000000, 0.000000000000000000, 0.000000000000000000 ) ) ;
#325 =( GEOMETRIC_REPRESENTATION_CONTEXT ( 3 ) GLOBAL_UNCERTAINTY_ASSIGNED_CONTEXT ( ( #55 ) ) GLOBAL_UNIT_ASSIGNED_CONTEXT ( ( #3184, #2110, #6170 ) ) REPRESENTATION_CONTEXT ( 'NONE', 'WORKASPACE' ) );
#326 = FILL_AREA_STYLE ('',( #4768 ) ) ;
#327 = LINE ( 'NONE', #2736, #4861 ) ;
#328 = EDGE_LOOP ( 'NONE', ( #2773, #1320, #2276, #1047 ) ) ;
#329 = DIRECTION ( 'NONE',  ( -1.000000000000000000, -6.118385167737106238E-16, 0.000000000000000000 ) ) ;
#330 = CIRCLE ( 'NONE', #5000, 0.01500000000000003934 ) ;
#331 = STYLED_ITEM ( 'NONE', ( #378 ), #3479 ) ;
#332 = PRESENTATION_STYLE_ASSIGNMENT (( #4331 ) ) ;
#333 = STYLED_ITEM ( 'NONE', ( #439 ), #6176 ) ;
#334 = VECTOR ( 'NONE', #3026, 1000.000000000000000 ) ;
#335 = FACE_OUTER_BOUND ( 'NONE', #454, .T. ) ;
#336 = VERTEX_POINT ( 'NONE', #4819 ) ;
#337 =( NAMED_UNIT ( * ) PLANE_ANGLE_UNIT ( ) SI_UNIT ( $, .RADIAN. ) );
#338 = SURFACE_STYLE_FILL_AREA ( #2365 ) ;
#339 = VECTOR ( 'NONE', #226, 1000.000000000000000 ) ;
#340 = PRESENTATION_LAYER_ASSIGNMENT (  '', '', ( #2127 ) ) ;
#341 = DIRECTION ( 'NONE',  ( -1.000000000000000000, 0.000000000000000000, -0.000000000000000000 ) ) ;
#342 = SURFACE_STYLE_FILL_AREA ( #4274 ) ;
#343 = ORIENTED_EDGE ( 'NONE', *, *, #1682, .T. ) ;
#344 = SURFACE_STYLE_FILL_AREA ( #2370 ) ;
#345 =( NAMED_UNIT ( * ) PLANE_ANGLE_UNIT ( ) SI_UNIT ( $, .RADIAN. ) );
#346 = EDGE_CURVE ( 'NONE', #2776, #5741, #4840, .T. ) ;
#347 = AXIS2_PLACEMENT_3D ( 'NONE', #4501, #5556, #1992 ) ;
#348 = VERTEX_POINT ( 'NONE', #1809 ) ;
#349 = VECTOR ( 'NONE', #2232, 1000.000000000000000 ) ;
#350 = FILL_AREA_STYLE ('',( #1335 ) ) ;
#351 = COLOUR_RGB ( '',0.8627450980392157298, 0.5882352941176470784, 0.06274509803921568540 ) ;
#352 = DIRECTION ( 'NONE',  ( -1.000000000000000000, 0.000000000000000000, 0.000000000000000000 ) ) ;
#353 = ORIENTED_EDGE ( 'NONE', *, *, #4409, .F. ) ;
#354 = EDGE_CURVE ( 'NONE', #3811, #1327, #5045, .T. ) ;
#355 = DIRECTION ( 'NONE',  ( -0.000000000000000000, -0.000000000000000000, -1.000000000000000000 ) ) ;
#356 = ADVANCED_FACE ( 'NONE', ( #450 ), #3297, .F. ) ;
#357 = UNCERTAINTY_MEASURE_WITH_UNIT (LENGTH_MEASURE( 1.000000000000000082E-05 ), #5338, 'distance_accuracy_value', 'NONE');
#358 = SURFACE_STYLE_USAGE ( .BOTH. , #6377 ) ;
#359 = CARTESIAN_POINT ( 'NONE',  ( 0.000000000000000000, -0.5999999999999998668, 0.01999999999999994491 ) ) ;
#360 = SURFACE_STYLE_FILL_AREA ( #4324 ) ;
#361 = ORIENTED_EDGE ( 'NONE', *, *, #3785, .T. ) ;
#362 = CARTESIAN_POINT ( 'NONE',  ( -0.8000000000000012657, 0.5999999999999996447, -0.2800000000000000266 ) ) ;
#363 = UNCERTAINTY_MEASURE_WITH_UNIT (LENGTH_MEASURE( 1.000000000000000082E-05 ), #1325, 'distance_accuracy_value', 'NONE');
#364 = DIRECTION ( 'NONE',  ( 0.000000000000000000, 0.000000000000000000, -1.000000000000000000 ) ) ;
#365 = DIRECTION ( 'NONE',  ( 0.000000000000000000, 0.000000000000000000, 1.000000000000000000 ) ) ;
#366 = CARTESIAN_POINT ( 'NONE',  ( 0.4999999999999986122, 0.4249999999999996003, 0.5050000000000000044 ) ) ;
#367 = DIRECTION ( 'NONE',  ( 0.000000000000000000, -0.000000000000000000, 1.000000000000000000 ) ) ;
#368 = EDGE_LOOP ( 'NONE', ( #6246, #531, #3704, #809 ) ) ;
#369 = FILL_AREA_STYLE ('',( #1400 ) ) ;
#370 = DIRECTION ( 'NONE',  ( 0.000000000000000000, 0.000000000000000000, -1.000000000000000000 ) ) ;
#371 = CARTESIAN_POINT ( 'NONE',  ( 0.7999999999999986011, 0.000000000000000000, 0.01999999999999994491 ) ) ;
#372 = CIRCLE ( 'NONE', #4833, 0.2225000000000000311 ) ;
#373 = DIRECTION ( 'NONE',  ( 0.000000000000000000, 0.000000000000000000, 1.000000000000000000 ) ) ;
#374 = ORIENTED_EDGE ( 'NONE', *, *, #2430, .T. ) ;
#375 = SURFACE_SIDE_STYLE ('',( #4889 ) ) ;
#376 = CARTESIAN_POINT ( 'NONE',  ( -0.2499999999999997780, 0.000000000000000000, -0.2800000000000000266 ) ) ;
#377 = FACE_OUTER_BOUND ( 'NONE', #5690, .T. ) ;
#378 = PRESENTATION_STYLE_ASSIGNMENT (( #5808 ) ) ;
#379 = ORIENTED_EDGE ( 'NONE', *, *, #2691, .F. ) ;
#380 = PRESENTATION_STYLE_ASSIGNMENT (( #5874 ) ) ;
#381 = FILL_AREA_STYLE ('',( #2349 ) ) ;
#382 = MECHANICAL_DESIGN_GEOMETRIC_PRESENTATION_REPRESENTATION (  '', ( #2267 ), #1007 ) ;
#383 = FACE_OUTER_BOUND ( 'NONE', #3667, .T. ) ;
#384 = ORIENTED_EDGE ( 'NONE', *, *, #437, .F. ) ;
#385 =( NAMED_UNIT ( * ) SI_UNIT ( $, .STERADIAN. ) SOLID_ANGLE_UNIT ( ) );
#386 = ADVANCED_FACE ( 'NONE', ( #1953 ), #5355, .F. ) ;
#387 = ADVANCED_FACE ( 'NONE', ( #2345 ), #2904, .F. ) ;
#388 = VERTEX_POINT ( 'NONE', #5046 ) ;
#389 = DIRECTION ( 'NONE',  ( 0.000000000000000000, 0.000000000000000000, 1.000000000000000000 ) ) ;
#390 = FILL_AREA_STYLE_COLOUR ( '', #3712 ) ;
#391 = ORIENTED_EDGE ( 'NONE', *, *, #4168, .T. ) ;
#392 =( GEOMETRIC_REPRESENTATION_CONTEXT ( 3 ) GLOBAL_UNCERTAINTY_ASSIGNED_CONTEXT ( ( #5298 ) ) GLOBAL_UNIT_ASSIGNED_CONTEXT ( ( #2211, #2743, #5974 ) ) REPRESENTATION_CONTEXT ( 'NONE', 'WORKASPACE' ) );
#393 = ADVANCED_FACE ( 'NONE', ( #2965 ), #1986, .T. ) ;
#394 = CARTESIAN_POINT ( 'NONE',  ( -0.8000000000000012657, 0.4499999999999995670, 0.01999999999999994491 ) ) ;
#395 =( GEOMETRIC_REPRESENTATION_CONTEXT ( 3 ) GLOBAL_UNCERTAINTY_ASSIGNED_CONTEXT ( ( #3478 ) ) GLOBAL_UNIT_ASSIGNED_CONTEXT ( ( #2491, #5012, #574 ) ) REPRESENTATION_CONTEXT ( 'NONE', 'WORKASPACE' ) );
#396 = FILL_AREA_STYLE_COLOUR ( '', #1587 ) ;
#397 = ORIENTED_EDGE ( 'NONE', *, *, #4715, .T. ) ;
#398 = VERTEX_POINT ( 'NONE', #2475 ) ;
#399 = LINE ( 'NONE', #2399, #2910 ) ;
#400 = ORIENTED_EDGE ( 'NONE', *, *, #1107, .T. ) ;
#401 = STYLED_ITEM ( 'NONE', ( #2521 ), #1161 ) ;
#402 = STYLED_ITEM ( 'NONE', ( #3059 ), #5362 ) ;
#403 = EDGE_LOOP ( 'NONE', ( #4534, #1312, #2188, #2924 ) ) ;
#404 = ADVANCED_FACE ( 'NONE', ( #969 ), #2050, .T. ) ;
#405 = CARTESIAN_POINT ( 'NONE',  ( -0.6939339828220163486, -0.4044079500593132925, 0.01999999999999994491 ) ) ;
#406 = AXIS2_PLACEMENT_3D ( 'NONE', #2196, #1733, #204 ) ;
#407 = EDGE_LOOP ( 'NONE', ( #72, #1219, #978, #4923 ) ) ;
#408 = CARTESIAN_POINT ( 'NONE',  ( 3.663389877004025697E-17, 0.1499999999999998002, -0.2800000000000000266 ) ) ;
#409 = DIRECTION ( 'NONE',  ( -0.000000000000000000, -0.000000000000000000, -1.000000000000000000 ) ) ;
#410 = FILL_AREA_STYLE ('',( #2934 ) ) ;
#411 = CARTESIAN_POINT ( 'NONE',  ( -0.8000000000000012657, 0.5999999999999996447, 0.2800000000000000266 ) ) ;
#412 = DIRECTION ( 'NONE',  ( 0.000000000000000000, 0.000000000000000000, -1.000000000000000000 ) ) ;
#413 = SURFACE_STYLE_FILL_AREA ( #5965 ) ;
#414 = DIRECTION ( 'NONE',  ( -0.000000000000000000, -0.000000000000000000, 1.000000000000000000 ) ) ;
#415 = DIRECTION ( 'NONE',  ( 0.000000000000000000, 0.000000000000000000, -1.000000000000000000 ) ) ;
#416 =( NAMED_UNIT ( * ) PLANE_ANGLE_UNIT ( ) SI_UNIT ( $, .RADIAN. ) );
#417 = VERTEX_POINT ( 'NONE', #3088 ) ;
#418 = FILL_AREA_STYLE ('',( #3300 ) ) ;
#419 = AXIS2_PLACEMENT_3D ( 'NONE', #6087, #1744, #5643 ) ;
#420 = DIRECTION ( 'NONE',  ( -0.000000000000000000, -0.000000000000000000, -1.000000000000000000 ) ) ;
#421 = DIRECTION ( 'NONE',  ( 0.000000000000000000, 1.000000000000000000, -0.000000000000000000 ) ) ;
#422 = ORIENTED_EDGE ( 'NONE', *, *, #4644, .T. ) ;
#423 = AXIS2_PLACEMENT_3D ( 'NONE', #5172, #3083, #6110 ) ;
#424 = UNCERTAINTY_MEASURE_WITH_UNIT (LENGTH_MEASURE( 1.000000000000000082E-05 ), #2414, 'distance_accuracy_value', 'NONE');
#425 = VERTEX_POINT ( 'NONE', #3159 ) ;
#426 = FILL_AREA_STYLE ('',( #390 ) ) ;
#427 =( GEOMETRIC_REPRESENTATION_CONTEXT ( 3 ) GLOBAL_UNCERTAINTY_ASSIGNED_CONTEXT ( ( #4099 ) ) GLOBAL_UNIT_ASSIGNED_CONTEXT ( ( #6022, #1936, #3541 ) ) REPRESENTATION_CONTEXT ( 'NONE', 'WORKASPACE' ) );
#428 = ORIENTED_EDGE ( 'NONE', *, *, #429, .F. ) ;
#429 = EDGE_CURVE ( 'NONE', #2485, #1008, #2246, .T. ) ;
#430 = AXIS2_PLACEMENT_3D ( 'NONE', #3515, #4443, #1583 ) ;
#431 =( GEOMETRIC_REPRESENTATION_CONTEXT ( 3 ) GLOBAL_UNCERTAINTY_ASSIGNED_CONTEXT ( ( #2184 ) ) GLOBAL_UNIT_ASSIGNED_CONTEXT ( ( #1004, #3940, #2944 ) ) REPRESENTATION_CONTEXT ( 'NONE', 'WORKASPACE' ) );
#432 = UNCERTAINTY_MEASURE_WITH_UNIT (LENGTH_MEASURE( 1.000000000000000082E-05 ), #97, 'distance_accuracy_value', 'NONE');
#433 =( LENGTH_UNIT ( ) NAMED_UNIT ( * ) SI_UNIT ( .MILLI., .METRE. ) );
#434 = CARTESIAN_POINT ( 'NONE',  ( 0.6939339828220163486, 0.000000000000000000, 0.01999999999999994491 ) ) ;
#435 =( LENGTH_UNIT ( ) NAMED_UNIT ( * ) SI_UNIT ( .MILLI., .METRE. ) );
#436 = AXIS2_PLACEMENT_3D ( 'NONE', #2902, #3429, #6304 ) ;
#437 = EDGE_CURVE ( 'NONE', #3206, #956, #87, .T. ) ;
#438 = VERTEX_POINT ( 'NONE', #4090 ) ;
#439 = PRESENTATION_STYLE_ASSIGNMENT (( #5274 ) ) ;
#440 = DIRECTION ( 'NONE',  ( 1.000000000000000000, 0.000000000000000000, 0.000000000000000000 ) ) ;
#441 = EDGE_LOOP ( 'NONE', ( #5907, #5330, #5752, #4246 ) ) ;
#442 = DIRECTION ( 'NONE',  ( 0.000000000000000000, 0.000000000000000000, 1.000000000000000000 ) ) ;
#443 = DIRECTION ( 'NONE',  ( 0.000000000000000000, 1.000000000000000000, -0.000000000000000000 ) ) ;
#444 =( NAMED_UNIT ( * ) SI_UNIT ( $, .STERADIAN. ) SOLID_ANGLE_UNIT ( ) );
#445 = ORIENTED_EDGE ( 'NONE', *, *, #5005, .F. ) ;
#446 =( LENGTH_UNIT ( ) NAMED_UNIT ( * ) SI_UNIT ( .MILLI., .METRE. ) );
#447 = LINE ( 'NONE', #3808, #4384 ) ;
#448 = EDGE_CURVE ( 'NONE', #3662, #5468, #1127, .T. ) ;
#449 = COLOUR_RGB ( '',0.8627450980392157298, 0.5882352941176470784, 0.06274509803921568540 ) ;
#450 = FACE_OUTER_BOUND ( 'NONE', #2096, .T. ) ;
#451 = MECHANICAL_DESIGN_GEOMETRIC_PRESENTATION_REPRESENTATION (  '', ( #1498 ), #5539 ) ;
#452 = DIRECTION ( 'NONE',  ( 0.000000000000000000, 1.000000000000000000, 0.000000000000000000 ) ) ;
#453 = MECHANICAL_DESIGN_GEOMETRIC_PRESENTATION_REPRESENTATION (  '', ( #6048 ), #1295 ) ;
#454 = EDGE_LOOP ( 'NONE', ( #1415, #4342, #6229, #2223 ) ) ;
#455 = VECTOR ( 'NONE', #3423, 1000.000000000000000 ) ;
#456 = CARTESIAN_POINT ( 'NONE',  ( -0.7999999999999986011, -0.5999999999999994227, 0.01999999999999994491 ) ) ;
#457 = SURFACE_SIDE_STYLE ('',( #5909 ) ) ;
#458 = CARTESIAN_POINT ( 'NONE',  ( -0.2499999999999997780, 0.4939339828220177808, 0.01999999999999994491 ) ) ;
#459 = DIRECTION ( 'NONE',  ( -1.000000000000000000, 0.000000000000000000, 0.000000000000000000 ) ) ;
#460 = ORIENTED_EDGE ( 'NONE', *, *, #1611, .F. ) ;
#461 =( GEOMETRIC_REPRESENTATION_CONTEXT ( 3 ) GLOBAL_UNCERTAINTY_ASSIGNED_CONTEXT ( ( #4119 ) ) GLOBAL_UNIT_ASSIGNED_CONTEXT ( ( #2326, #5884, #1857 ) ) REPRESENTATION_CONTEXT ( 'NONE', 'WORKASPACE' ) );
#462 = ORIENTED_EDGE ( 'NONE', *, *, #875, .F. ) ;
#463 =( NAMED_UNIT ( * ) PLANE_ANGLE_UNIT ( ) SI_UNIT ( $, .RADIAN. ) );
#464 = LINE ( 'NONE', #359, #5218 ) ;
#465 = SURFACE_STYLE_USAGE ( .BOTH. , #4359 ) ;
#466 = STYLED_ITEM ( 'NONE', ( #3301 ), #4530 ) ;
#467 = ORIENTED_EDGE ( 'NONE', *, *, #3900, .T. ) ;
#468 =( NAMED_UNIT ( * ) SI_UNIT ( $, .STERADIAN. ) SOLID_ANGLE_UNIT ( ) );
#469 =( NAMED_UNIT ( * ) SI_UNIT ( $, .STERADIAN. ) SOLID_ANGLE_UNIT ( ) );
#470 = SURFACE_STYLE_USAGE ( .BOTH. , #3416 ) ;
#471 = LINE ( 'NONE', #2548, #4775 ) ;
#472 = VERTEX_POINT ( 'NONE', #2712 ) ;
#473 = DIRECTION ( 'NONE',  ( 1.000000000000000000, 0.000000000000000000, 0.000000000000000000 ) ) ;
#474 = ORIENTED_EDGE ( 'NONE', *, *, #3214, .F. ) ;
#475 = EDGE_CURVE ( 'NONE', #3997, #472, #4720, .T. ) ;
#476 =( NAMED_UNIT ( * ) PLANE_ANGLE_UNIT ( ) SI_UNIT ( $, .RADIAN. ) );
#477 = EDGE_CURVE ( 'NONE', #1327, #2960, #5704, .T. ) ;
#478 = DIRECTION ( 'NONE',  ( -0.000000000000000000, -0.000000000000000000, -1.000000000000000000 ) ) ;
#479 = EDGE_LOOP ( 'NONE', ( #5968, #5052, #166, #3304 ) ) ;
#480 =( NAMED_UNIT ( * ) PLANE_ANGLE_UNIT ( ) SI_UNIT ( $, .RADIAN. ) );
#481 = DIRECTION ( 'NONE',  ( 0.000000000000000000, 1.000000000000000000, 0.000000000000000000 ) ) ;
#482 = LINE ( 'NONE', #3927, #5997 ) ;
#483 = ORIENTED_EDGE ( 'NONE', *, *, #6171, .T. ) ;
#484 = CARTESIAN_POINT ( 'NONE',  ( 0.000000000000000000, -0.1499999999999997446, 0.01999999999999994491 ) ) ;
#485 = LINE ( 'NONE', #926, #3118 ) ;
#486 = DIRECTION ( 'NONE',  ( 0.000000000000000000, 1.000000000000000000, 0.000000000000000000 ) ) ;
#487 = EDGE_CURVE ( 'NONE', #6023, #3076, #6204, .T. ) ;
#488 = CARTESIAN_POINT ( 'NONE',  ( 0.7999999999999986011, 0.5999999999999996447, 0.01999999999999994491 ) ) ;
#489 = ORIENTED_EDGE ( 'NONE', *, *, #5038, .T. ) ;
#490 = CYLINDRICAL_SURFACE ( 'NONE', #4144, 0.01499999999999998557 ) ;
#491 = LINE ( 'NONE', #3469, #3465 ) ;
#492 = SURFACE_STYLE_USAGE ( .BOTH. , #5423 ) ;
#493 = CYLINDRICAL_SURFACE ( 'NONE', #4026, 0.2225000000000000311 ) ;
#494 = DIRECTION ( 'NONE',  ( 0.000000000000000000, 0.000000000000000000, -1.000000000000000000 ) ) ;
#495 = ORIENTED_EDGE ( 'NONE', *, *, #3713, .T. ) ;
#496 = VECTOR ( 'NONE', #4651, 1000.000000000000000 ) ;
#497 = UNCERTAINTY_MEASURE_WITH_UNIT (LENGTH_MEASURE( 1.000000000000000082E-05 ), #3392, 'distance_accuracy_value', 'NONE');
#498 = EDGE_CURVE ( 'NONE', #2843, #1697, #1164, .T. ) ;
#499 = ORIENTED_EDGE ( 'NONE', *, *, #2240, .T. ) ;
#500 = CARTESIAN_POINT ( 'NONE',  ( -0.7999999999999986011, 0.5999999999999996447, -0.2800000000000000266 ) ) ;
#501 = ORIENTED_EDGE ( 'NONE', *, *, #4402, .F. ) ;
#502 = CIRCLE ( 'NONE', #1222, 0.01499999999999998557 ) ;
#503 = LINE ( 'NONE', #3035, #3809 ) ;
#504 = UNCERTAINTY_MEASURE_WITH_UNIT (LENGTH_MEASURE( 1.000000000000000082E-05 ), #3928, 'distance_accuracy_value', 'NONE');
#505 = DIRECTION ( 'NONE',  ( -1.000000000000000000, 0.000000000000000000, 0.000000000000000000 ) ) ;
#506 = CARTESIAN_POINT ( 'NONE',  ( 0.000000000000000000, 0.000000000000000000, 0.01999999999999994491 ) ) ;
#507 =( NAMED_UNIT ( * ) PLANE_ANGLE_UNIT ( ) SI_UNIT ( $, .RADIAN. ) );
#508 = SURFACE_SIDE_STYLE ('',( #6129 ) ) ;
#509 = VECTOR ( 'NONE', #2992, 999.9999999999998863 ) ;
#510 = ORIENTED_EDGE ( 'NONE', *, *, #1585, .T. ) ;
#511 =( GEOMETRIC_REPRESENTATION_CONTEXT ( 3 ) GLOBAL_UNCERTAINTY_ASSIGNED_CONTEXT ( ( #497 ) ) GLOBAL_UNIT_ASSIGNED_CONTEXT ( ( #3392, #3963, #2530 ) ) REPRESENTATION_CONTEXT ( 'NONE', 'WORKASPACE' ) );
#512 =( LENGTH_UNIT ( ) NAMED_UNIT ( * ) SI_UNIT ( .MILLI., .METRE. ) );
#513 = COLOUR_RGB ( '',0.2862745098039215508, 0.2862745098039215508, 0.2862745098039215508 ) ;
#514 = SURFACE_SIDE_STYLE ('',( #1523 ) ) ;
#515 = CARTESIAN_POINT ( 'NONE',  ( 0.6939339828220163486, 0.1499999999999996336, 0.01999999999999994491 ) ) ;
#516 = EDGE_CURVE ( 'NONE', #4618, #1387, #6185, .T. ) ;
#517 = MECHANICAL_DESIGN_GEOMETRIC_PRESENTATION_REPRESENTATION (  '', ( #5501 ), #621 ) ;
#518 =( GEOMETRIC_REPRESENTATION_CONTEXT ( 3 ) GLOBAL_UNCERTAINTY_ASSIGNED_CONTEXT ( ( #5507 ) ) GLOBAL_UNIT_ASSIGNED_CONTEXT ( ( #3598, #3147, #205 ) ) REPRESENTATION_CONTEXT ( 'NONE', 'WORKASPACE' ) );
#519 = FACE_OUTER_BOUND ( 'NONE', #2302, .T. ) ;
#520 = VERTEX_POINT ( 'NONE', #2649 ) ;
#521 = DIRECTION ( 'NONE',  ( 0.000000000000000000, 0.000000000000000000, 1.000000000000000000 ) ) ;
#522 = ORIENTED_EDGE ( 'NONE', *, *, #5411, .F. ) ;
#523 = CYLINDRICAL_SURFACE ( 'NONE', #19, 0.1400000000000000411 ) ;
#524 =( NAMED_UNIT ( * ) SI_UNIT ( $, .STERADIAN. ) SOLID_ANGLE_UNIT ( ) );
#525 = AXIS2_PLACEMENT_3D ( 'NONE', #4293, #1348, #2233 ) ;
#526 = FILL_AREA_STYLE_COLOUR ( '', #5522 ) ;
#527 = ORIENTED_EDGE ( 'NONE', *, *, #6366, .T. ) ;
#528 = EDGE_CURVE ( 'NONE', #799, #3264, #4623, .T. ) ;
#529 = VECTOR ( 'NONE', #5389, 1000.000000000000000 ) ;
#530 =( GEOMETRIC_REPRESENTATION_CONTEXT ( 3 ) GLOBAL_UNCERTAINTY_ASSIGNED_CONTEXT ( ( #2514 ) ) GLOBAL_UNIT_ASSIGNED_CONTEXT ( ( #3056, #4571, #5941 ) ) REPRESENTATION_CONTEXT ( 'NONE', 'WORKASPACE' ) );
#531 = ORIENTED_EDGE ( 'NONE', *, *, #2203, .T. ) ;
#532 = SURFACE_SIDE_STYLE ('',( #2544 ) ) ;
#533 = CARTESIAN_POINT ( 'NONE',  ( 0.000000000000000000, -0.1499999999999997446, -0.2800000000000000266 ) ) ;
#534 = DIRECTION ( 'NONE',  ( -1.000000000000000000, 0.000000000000000000, 0.000000000000000000 ) ) ;
#535 = ORIENTED_EDGE ( 'NONE', *, *, #640, .T. ) ;
#536 = AXIS2_PLACEMENT_3D ( 'NONE', #5524, #3036, #4030 ) ;
#537 = EDGE_CURVE ( 'NONE', #1230, #5859, #179, .T. ) ;
#538 = DIRECTION ( 'NONE',  ( 0.000000000000000000, 0.000000000000000000, -1.000000000000000000 ) ) ;
#539 = FILL_AREA_STYLE_COLOUR ( '', #1352 ) ;
#540 = AXIS2_PLACEMENT_3D ( 'NONE', #1946, #5778, #3805 ) ;
#541 = CARTESIAN_POINT ( 'NONE',  ( 0.4999999999999986122, -0.3000000000000004885, 0.5050000000000000044 ) ) ;
#542 = ORIENTED_EDGE ( 'NONE', *, *, #3450, .F. ) ;
#543 = CARTESIAN_POINT ( 'NONE',  ( 0.6499999999999985789, 0.5999999999999996447, -0.2800000000000000266 ) ) ;
#544 = DIRECTION ( 'NONE',  ( 1.000000000000000000, 0.000000000000000000, 0.000000000000000000 ) ) ;
#545 = VECTOR ( 'NONE', #5794, 1000.000000000000000 ) ;
#546 =( GEOMETRIC_REPRESENTATION_CONTEXT ( 3 ) GLOBAL_UNCERTAINTY_ASSIGNED_CONTEXT ( ( #571 ) ) GLOBAL_UNIT_ASSIGNED_CONTEXT ( ( #4116, #4810, #3768 ) ) REPRESENTATION_CONTEXT ( 'NONE', 'WORKASPACE' ) );
#547 = CARTESIAN_POINT ( 'NONE',  ( -3.022078354339549274E-16, 0.4939339828220178918, -0.2800000000000000266 ) ) ;
#548 = PRESENTATION_LAYER_ASSIGNMENT (  '', '', ( #3330 ) ) ;
#549 = CARTESIAN_POINT ( 'NONE',  ( 0.7999999999999986011, 0.000000000000000000, 0.01999999999999994491 ) ) ;
#550 = SURFACE_SIDE_STYLE ('',( #4981 ) ) ;
#551 = SURFACE_STYLE_USAGE ( .BOTH. , #5479 ) ;
#552 = PLANE ( 'NONE',  #287 ) ;
#553 = AXIS2_PLACEMENT_3D ( 'NONE', #2403, #5375, #893 ) ;
#554 = COLOUR_RGB ( '',0.2862745098039215508, 0.2862745098039215508, 0.2862745098039215508 ) ;
#555 = SURFACE_SIDE_STYLE ('',( #4899 ) ) ;
#556 = ORIENTED_EDGE ( 'NONE', *, *, #3077, .F. ) ;
#557 =( NAMED_UNIT ( * ) SI_UNIT ( $, .STERADIAN. ) SOLID_ANGLE_UNIT ( ) );
#558 = AXIS2_PLACEMENT_3D ( 'NONE', #3116, #5103, #661 ) ;
#559 = CARTESIAN_POINT ( 'NONE',  ( 0.4999999999999986122, -0.3000000000000004885, 0.4400000000000000577 ) ) ;
#560 = ORIENTED_EDGE ( 'NONE', *, *, #267, .F. ) ;
#561 = SURFACE_STYLE_FILL_AREA ( #4999 ) ;
#562 = VECTOR ( 'NONE', #3650, 1000.000000000000000 ) ;
#563 = PRESENTATION_LAYER_ASSIGNMENT (  '', '', ( #5011 ) ) ;
#564 = VERTEX_POINT ( 'NONE', #738 ) ;
#565 = EDGE_CURVE ( 'NONE', #3974, #3981, #4171, .T. ) ;
#566 = LINE ( 'NONE', #5504, #1565 ) ;
#567 = ORIENTED_EDGE ( 'NONE', *, *, #600, .T. ) ;
#568 = SURFACE_STYLE_USAGE ( .BOTH. , #4399 ) ;
#569 = AXIS2_PLACEMENT_3D ( 'NONE', #2178, #4138, #1688 ) ;
#570 = VECTOR ( 'NONE', #5158, 1000.000000000000000 ) ;
#571 = UNCERTAINTY_MEASURE_WITH_UNIT (LENGTH_MEASURE( 1.000000000000000082E-05 ), #4116, 'distance_accuracy_value', 'NONE');
#572 = SURFACE_STYLE_FILL_AREA ( #3983 ) ;
#573 = FILL_AREA_STYLE_COLOUR ( '', #292 ) ;
#574 =( NAMED_UNIT ( * ) SI_UNIT ( $, .STERADIAN. ) SOLID_ANGLE_UNIT ( ) );
#575 = DIRECTION ( 'NONE',  ( 0.000000000000000000, 0.000000000000000000, -1.000000000000000000 ) ) ;
#576 = EDGE_LOOP ( 'NONE', ( #4128, #4510, #2239, #5845 ) ) ;
#577 = PRESENTATION_STYLE_ASSIGNMENT (( #4440 ) ) ;
#578 = LINE ( 'NONE', #1064, #2998 ) ;
#579 = VERTEX_POINT ( 'NONE', #4691 ) ;
#580 = SURFACE_STYLE_USAGE ( .BOTH. , #4982 ) ;
#581 =( NAMED_UNIT ( * ) PLANE_ANGLE_UNIT ( ) SI_UNIT ( $, .RADIAN. ) );
#582 = ORIENTED_EDGE ( 'NONE', *, *, #516, .T. ) ;
#583 = SURFACE_STYLE_USAGE ( .BOTH. , #613 ) ;
#584 = DIRECTION ( 'NONE',  ( 0.000000000000000000, 0.000000000000000000, 1.000000000000000000 ) ) ;
#585 = SURFACE_STYLE_FILL_AREA ( #1003 ) ;
#586 = FILL_AREA_STYLE ('',( #2539 ) ) ;
#587 = ORIENTED_EDGE ( 'NONE', *, *, #5295, .F. ) ;
#588 = CARTESIAN_POINT ( 'NONE',  ( 0.000000000000000000, 0.5999999999999996447, 0.01999999999999994491 ) ) ;
#589 = CARTESIAN_POINT ( 'NONE',  ( 0.6999999999999986233, -0.3000000000000004885, 0.4250000000000000999 ) ) ;
#590 = FILL_AREA_STYLE ('',( #140 ) ) ;
#591 = ORIENTED_EDGE ( 'NONE', *, *, #827, .T. ) ;
#592 = ADVANCED_FACE ( 'NONE', ( #2678 ), #6119, .T. ) ;
#593 = EDGE_CURVE ( 'NONE', #3284, #4147, #2724, .T. ) ;
#594 = COLOUR_RGB ( '',0.8627450980392157298, 0.6274509803921568540, 0.05882352941176470507 ) ;
#595 = DIRECTION ( 'NONE',  ( -0.7071067811865462405, 0.7071067811865489050, -0.000000000000000000 ) ) ;
#596 =( NAMED_UNIT ( * ) PLANE_ANGLE_UNIT ( ) SI_UNIT ( $, .RADIAN. ) );
#597 = DIRECTION ( 'NONE',  ( 0.000000000000000000, 0.000000000000000000, 1.000000000000000000 ) ) ;
#598 = COLOUR_RGB ( '',0.8627450980392157298, 0.6274509803921568540, 0.05882352941176470507 ) ;
#599 = DIRECTION ( 'NONE',  ( 1.000000000000000000, 0.000000000000000000, 0.000000000000000000 ) ) ;
#600 = EDGE_CURVE ( 'NONE', #3388, #6386, #2658, .T. ) ;
#601 = VECTOR ( 'NONE', #2143, 1000.000000000000000 ) ;
#602 = SURFACE_STYLE_USAGE ( .BOTH. , #2929 ) ;
#603 = ORIENTED_EDGE ( 'NONE', *, *, #3448, .F. ) ;
#604 = DIRECTION ( 'NONE',  ( 0.000000000000000000, 1.000000000000000000, 0.000000000000000000 ) ) ;
#605 = CARTESIAN_POINT ( 'NONE',  ( 0.5774999999999985700, 0.5999999999999996447, 0.01999999999999994491 ) ) ;
#606 = PLANE ( 'NONE',  #1384 ) ;
#607 = DIRECTION ( 'NONE',  ( 0.000000000000000000, 0.000000000000000000, 1.000000000000000000 ) ) ;
#608 = ADVANCED_FACE ( 'NONE', ( #1206 ), #1644, .F. ) ;
#609 = MECHANICAL_DESIGN_GEOMETRIC_PRESENTATION_REPRESENTATION (  '', ( #1347 ), #4743 ) ;
#610 = FILL_AREA_STYLE ('',( #5047 ) ) ;
#611 = VERTEX_POINT ( 'NONE', #2282 ) ;
#612 = DIRECTION ( 'NONE',  ( -0.000000000000000000, -0.000000000000000000, 1.000000000000000000 ) ) ;
#613 = SURFACE_SIDE_STYLE ('',( #3034 ) ) ;
#614 = DIRECTION ( 'NONE',  ( -0.000000000000000000, -0.000000000000000000, -1.000000000000000000 ) ) ;
#615 = SURFACE_STYLE_USAGE ( .BOTH. , #3973 ) ;
#616 = SURFACE_STYLE_USAGE ( .BOTH. , #158 ) ;
#617 = SURFACE_STYLE_FILL_AREA ( #6010 ) ;
#618 = STYLED_ITEM ( 'NONE', ( #6132 ), #5196 ) ;
#619 = UNCERTAINTY_MEASURE_WITH_UNIT (LENGTH_MEASURE( 1.000000000000000082E-05 ), #5493, 'distance_accuracy_value', 'NONE');
#620 = ORIENTED_EDGE ( 'NONE', *, *, #6145, .T. ) ;
#621 =( GEOMETRIC_REPRESENTATION_CONTEXT ( 3 ) GLOBAL_UNCERTAINTY_ASSIGNED_CONTEXT ( ( #5559 ) ) GLOBAL_UNIT_ASSIGNED_CONTEXT ( ( #3271, #5230, #2666 ) ) REPRESENTATION_CONTEXT ( 'NONE', 'WORKASPACE' ) );
#622 = CIRCLE ( 'NONE', #4243, 0.1500000000000000777 ) ;
#623 = SURFACE_SIDE_STYLE ('',( #3503 ) ) ;
#624 = CIRCLE ( 'NONE', #1767, 0.01499999999999998557 ) ;
#625 = LINE ( 'NONE', #3016, #6296 ) ;
#626 =( NAMED_UNIT ( * ) PLANE_ANGLE_UNIT ( ) SI_UNIT ( $, .RADIAN. ) );
#627 = VECTOR ( 'NONE', #614, 1000.000000000000000 ) ;
#628 = DIRECTION ( 'NONE',  ( 0.000000000000000000, 0.000000000000000000, -1.000000000000000000 ) ) ;
#629 = FILL_AREA_STYLE ('',( #5133 ) ) ;
#630 = CIRCLE ( 'NONE', #320, 0.2225000000000000311 ) ;
#631 = UNCERTAINTY_MEASURE_WITH_UNIT (LENGTH_MEASURE( 1.000000000000000082E-05 ), #2780, 'distance_accuracy_value', 'NONE');
#632 = DIRECTION ( 'NONE',  ( 0.000000000000000000, 0.000000000000000000, 1.000000000000000000 ) ) ;
#633 = PLANE ( 'NONE',  #1052 ) ;
#634 = VERTEX_POINT ( 'NONE', #4541 ) ;
#635 = DIRECTION ( 'NONE',  ( 0.000000000000000000, 0.000000000000000000, -1.000000000000000000 ) ) ;
#636 = MECHANICAL_DESIGN_GEOMETRIC_PRESENTATION_REPRESENTATION (  '', ( #3739 ), #2709 ) ;
#637 = ORIENTED_EDGE ( 'NONE', *, *, #1712, .T. ) ;
#638 = FILL_AREA_STYLE_COLOUR ( '', #2402 ) ;
#639 = CARTESIAN_POINT ( 'NONE',  ( -0.6939339828220163486, -0.4044079500593132925, -0.2800000000000000266 ) ) ;
#640 = EDGE_CURVE ( 'NONE', #2747, #6177, #2627, .T. ) ;
#641 =( NAMED_UNIT ( * ) PLANE_ANGLE_UNIT ( ) SI_UNIT ( $, .RADIAN. ) );
#642 = DIRECTION ( 'NONE',  ( 1.506527021941980298E-15, 1.000000000000000000, -0.000000000000000000 ) ) ;
#643 = PRESENTATION_LAYER_ASSIGNMENT (  '', '', ( #5531 ) ) ;
#644 =( LENGTH_UNIT ( ) NAMED_UNIT ( * ) SI_UNIT ( .MILLI., .METRE. ) );
#645 = SURFACE_STYLE_USAGE ( .BOTH. , #3788 ) ;
#646 = ORIENTED_EDGE ( 'NONE', *, *, #1476, .T. ) ;
#647 = FACE_OUTER_BOUND ( 'NONE', #1217, .T. ) ;
#648 = STYLED_ITEM ( 'NONE', ( #911 ), #3603 ) ;
#649 =( NAMED_UNIT ( * ) SI_UNIT ( $, .STERADIAN. ) SOLID_ANGLE_UNIT ( ) );
#650 = DIRECTION ( 'NONE',  ( 0.000000000000000000, 0.000000000000000000, 1.000000000000000000 ) ) ;
#651 = CIRCLE ( 'NONE', #5213, 0.01499999999999998557 ) ;
#652 = VECTOR ( 'NONE', #4188, 1000.000000000000000 ) ;
#653 =( GEOMETRIC_REPRESENTATION_CONTEXT ( 3 ) GLOBAL_UNCERTAINTY_ASSIGNED_CONTEXT ( ( #4472 ) ) GLOBAL_UNIT_ASSIGNED_CONTEXT ( ( #5420, #5, #5450 ) ) REPRESENTATION_CONTEXT ( 'NONE', 'WORKASPACE' ) );
#654 = DIRECTION ( 'NONE',  ( -0.000000000000000000, -0.000000000000000000, -1.000000000000000000 ) ) ;
#655 = LINE ( 'NONE', #5652, #1858 ) ;
#656 = SURFACE_SIDE_STYLE ('',( #5496 ) ) ;
#657 = MECHANICAL_DESIGN_GEOMETRIC_PRESENTATION_REPRESENTATION (  '', ( #5436 ), #4496 ) ;
#658 = CARTESIAN_POINT ( 'NONE',  ( -0.5000000000000009992, 0.4399999999999995581, 0.5200000000000000178 ) ) ;
#659 = ADVANCED_FACE ( 'NONE', ( #3063 ), #1138, .F. ) ;
#660 = PRESENTATION_LAYER_ASSIGNMENT (  '', '', ( #777 ) ) ;
#661 = DIRECTION ( 'NONE',  ( 1.000000000000000000, 0.000000000000000000, 0.000000000000000000 ) ) ;
#662 = PRESENTATION_STYLE_ASSIGNMENT (( #6080 ) ) ;
#663 = EDGE_LOOP ( 'NONE', ( #5911, #5077, #155, #567 ) ) ;
#664 = STYLED_ITEM ( 'NONE', ( #5970 ), #4592 ) ;
#665 = DIRECTION ( 'NONE',  ( -0.000000000000000000, -0.000000000000000000, 1.000000000000000000 ) ) ;
#666 = EDGE_CURVE ( 'NONE', #1826, #3974, #3072, .T. ) ;
#667 = EDGE_CURVE ( 'NONE', #5187, #2021, #4033, .T. ) ;
#668 = DIRECTION ( 'NONE',  ( 1.000000000000000000, 0.000000000000000000, 0.000000000000000000 ) ) ;
#669 = ORIENTED_EDGE ( 'NONE', *, *, #4961, .F. ) ;
#670 = SURFACE_STYLE_USAGE ( .BOTH. , #4094 ) ;
#671 = SURFACE_STYLE_FILL_AREA ( #5116 ) ;
#672 =( LENGTH_UNIT ( ) NAMED_UNIT ( * ) SI_UNIT ( .MILLI., .METRE. ) );
#673 = ORIENTED_EDGE ( 'NONE', *, *, #1382, .F. ) ;
#674 = DIRECTION ( 'NONE',  ( 1.000000000000000000, 8.131516293641284241E-16, 0.000000000000000000 ) ) ;
#675 = DIRECTION ( 'NONE',  ( -1.000000000000000000, 0.000000000000000000, 0.000000000000000000 ) ) ;
#676 = CARTESIAN_POINT ( 'NONE',  ( 0.000000000000000000, -0.4939339828220177808, -0.2800000000000000266 ) ) ;
#677 = UNCERTAINTY_MEASURE_WITH_UNIT (LENGTH_MEASURE( 1.000000000000000082E-05 ), #5031, 'distance_accuracy_value', 'NONE');
#678 = SURFACE_SIDE_STYLE ('',( #4633 ) ) ;
#679 = ORIENTED_EDGE ( 'NONE', *, *, #4445, .T. ) ;
#680 = ORIENTED_EDGE ( 'NONE', *, *, #6289, .T. ) ;
#681 = LINE ( 'NONE', #784, #2541 ) ;
#682 = CARTESIAN_POINT ( 'NONE',  ( 0.2499999999999997780, 0.1499999999999997446, 0.01999999999999994491 ) ) ;
#683 = DIRECTION ( 'NONE',  ( 0.000000000000000000, 0.000000000000000000, -1.000000000000000000 ) ) ;
#684 = EDGE_CURVE ( 'NONE', #5443, #5619, #3588, .T. ) ;
#685 = AXIS2_PLACEMENT_3D ( 'NONE', #4020, #5897, #2045 ) ;
#686 = DIRECTION ( 'NONE',  ( -1.000000000000000000, 0.000000000000000000, -0.000000000000000000 ) ) ;
#687 = ORIENTED_EDGE ( 'NONE', *, *, #6137, .F. ) ;
#688 = PRESENTATION_STYLE_ASSIGNMENT (( #3211 ) ) ;
#689 =( NAMED_UNIT ( * ) SI_UNIT ( $, .STERADIAN. ) SOLID_ANGLE_UNIT ( ) );
#690 = DIRECTION ( 'NONE',  ( -1.000000000000000000, 0.000000000000000000, 0.000000000000000000 ) ) ;
#691 = VERTEX_POINT ( 'NONE', #5975 ) ;
#692 = ORIENTED_EDGE ( 'NONE', *, *, #6391, .F. ) ;
#693 = PLANE ( 'NONE',  #4162 ) ;
#694 = CLOSED_SHELL ( 'NONE', ( #6321, #1022, #5833, #2706, #1829, #5659, #5075, #1034, #23, #984, #2392, #3322, #2162, #3827, #5843, #2439, #2482, #6184, #757, #81, #5082, #659, #2802, #2610, #5483, #1282, #1155, #4925, #3603, #4329, #1714, #2004, #6146, #387, #4318, #3912, #1226, #5727, #1548, #6253, #1821, #608, #6231, #5675, #1909, #6076, #2346, #3711, #5836, #2953, #5033, #707, #6269, #2771 ) ) ;
#695 = SURFACE_STYLE_USAGE ( .BOTH. , #769 ) ;
#696 = CIRCLE ( 'NONE', #5146, 0.06000000000000026840 ) ;
#697 = SURFACE_SIDE_STYLE ('',( #1193 ) ) ;
#698 = PLANE ( 'NONE',  #423 ) ;
#699 = EDGE_LOOP ( 'NONE', ( #6007, #5644, #3183, #4863 ) ) ;
#700 = DIRECTION ( 'NONE',  ( -0.000000000000000000, -0.000000000000000000, -1.000000000000000000 ) ) ;
#701 = COLOUR_RGB ( '',0.2862745098039215508, 0.2862745098039215508, 0.2862745098039215508 ) ;
#702 = DIRECTION ( 'NONE',  ( 0.000000000000000000, -1.000000000000000000, 0.000000000000000000 ) ) ;
#703 = CARTESIAN_POINT ( 'NONE',  ( 0.2499999999999997780, 0.000000000000000000, 0.01999999999999994491 ) ) ;
#704 = ORIENTED_EDGE ( 'NONE', *, *, #528, .F. ) ;
#705 = PRESENTATION_STYLE_ASSIGNMENT (( #5143 ) ) ;
#706 = VECTOR ( 'NONE', #2593, 1000.000000000000000 ) ;
#707 = ADVANCED_FACE ( 'NONE', ( #3498 ), #552, .T. ) ;
#708 =( NAMED_UNIT ( * ) PLANE_ANGLE_UNIT ( ) SI_UNIT ( $, .RADIAN. ) );
#709 = CARTESIAN_POINT ( 'NONE',  ( -0.5000000000000012212, -0.5150000000000004574, 0.2800000000000000266 ) ) ;
#710 = CARTESIAN_POINT ( 'NONE',  ( -0.6044079500593120269, 0.4939339828220175588, -0.2800000000000000266 ) ) ;
#711 = CARTESIAN_POINT ( 'NONE',  ( 0.000000000000000000, 0.000000000000000000, 0.01999999999999994491 ) ) ;
#712 = VECTOR ( 'NONE', #2, 1000.000000000000000 ) ;
#713 =( GEOMETRIC_REPRESENTATION_CONTEXT ( 3 ) GLOBAL_UNCERTAINTY_ASSIGNED_CONTEXT ( ( #5515 ) ) GLOBAL_UNIT_ASSIGNED_CONTEXT ( ( #4333, #1398, #4226 ) ) REPRESENTATION_CONTEXT ( 'NONE', 'WORKASPACE' ) );
#714 = PRESENTATION_STYLE_ASSIGNMENT (( #5151 ) ) ;
#715 = ORIENTED_EDGE ( 'NONE', *, *, #5101, .T. ) ;
#716 = CARTESIAN_POINT ( 'NONE',  ( -0.7999999999999986011, 0.5999999999999996447, 0.01999999999999994491 ) ) ;
#717 =( NAMED_UNIT ( * ) PLANE_ANGLE_UNIT ( ) SI_UNIT ( $, .RADIAN. ) );
#718 = ORIENTED_EDGE ( 'NONE', *, *, #2194, .T. ) ;
#719 =( GEOMETRIC_REPRESENTATION_CONTEXT ( 3 ) GLOBAL_UNCERTAINTY_ASSIGNED_CONTEXT ( ( #2561 ) ) GLOBAL_UNIT_ASSIGNED_CONTEXT ( ( #4206, #4238, #4660 ) ) REPRESENTATION_CONTEXT ( 'NONE', 'WORKASPACE' ) );
#720 = EDGE_CURVE ( 'NONE', #4816, #4259, #3968, .T. ) ;
#721 = VECTOR ( 'NONE', #4425, 1000.000000000000000 ) ;
#722 = TOROIDAL_SURFACE ( 'NONE', #1759, 0.1250000000000000000, 0.01499999999999999944 ) ;
#723 =( NAMED_UNIT ( * ) PLANE_ANGLE_UNIT ( ) SI_UNIT ( $, .RADIAN. ) );
#724 = CARTESIAN_POINT ( 'NONE',  ( -3.022078354339549274E-16, 0.4939339828220178918, 0.01999999999999994491 ) ) ;
#725 = FILL_AREA_STYLE_COLOUR ( '', #1659 ) ;
#726 = DIRECTION ( 'NONE',  ( 0.000000000000000000, 0.000000000000000000, -1.000000000000000000 ) ) ;
#727 = EDGE_CURVE ( 'NONE', #2248, #2013, #1032, .T. ) ;
#728 = ORIENTED_EDGE ( 'NONE', *, *, #2814, .T. ) ;
#729 =( LENGTH_UNIT ( ) NAMED_UNIT ( * ) SI_UNIT ( .MILLI., .METRE. ) );
#730 = DIRECTION ( 'NONE',  ( 0.000000000000000000, 1.000000000000000000, 0.000000000000000000 ) ) ;
#731 = MECHANICAL_DESIGN_GEOMETRIC_PRESENTATION_REPRESENTATION (  '', ( #210 ), #3208 ) ;
#732 = PRESENTATION_LAYER_ASSIGNMENT (  '', '', ( #2397 ) ) ;
#733 = CARTESIAN_POINT ( 'NONE',  ( -0.5774999999999985700, 0.5999999999999996447, 0.01999999999999994491 ) ) ;
#734 = CARTESIAN_POINT ( 'NONE',  ( 0.4999999999999986122, -0.3000000000000004885, 0.2950000000000000400 ) ) ;
#735 = CARTESIAN_POINT ( 'NONE',  ( -0.7999999999999986011, -0.4500000000000002887, -0.2800000000000000266 ) ) ;
#736 = LINE ( 'NONE', #1718, #2062 ) ;
#737 = COLOUR_RGB ( '',0.2862745098039215508, 0.2862745098039215508, 0.2862745098039215508 ) ;
#738 = CARTESIAN_POINT ( 'NONE',  ( 0.6999999999999986233, -0.3000000000000004885, 0.2950000000000000400 ) ) ;
#739 = VECTOR ( 'NONE', #1075, 1000.000000000000000 ) ;
#740 = CARTESIAN_POINT ( 'NONE',  ( -0.6939339828220163486, 0.1499999999999996336, -0.2800000000000000266 ) ) ;
#741 = ORIENTED_EDGE ( 'NONE', *, *, #827, .F. ) ;
#742 = PRESENTATION_LAYER_ASSIGNMENT (  '', '', ( #2413 ) ) ;
#743 = CARTESIAN_POINT ( 'NONE',  ( -3.022078354339549274E-16, 0.4939339828220178918, -0.2800000000000000266 ) ) ;
#744 = PRESENTATION_STYLE_ASSIGNMENT (( #1689 ) ) ;
#745 = VERTEX_POINT ( 'NONE', #5044 ) ;
#746 = DIRECTION ( 'NONE',  ( 1.000000000000000000, -0.000000000000000000, 0.000000000000000000 ) ) ;
#747 = CIRCLE ( 'NONE', #5194, 0.1999999999999999833 ) ;
#748 = STYLED_ITEM ( 'NONE', ( #1532 ), #3126 ) ;
#749 = UNCERTAINTY_MEASURE_WITH_UNIT (LENGTH_MEASURE( 1.000000000000000082E-05 ), #1374, 'distance_accuracy_value', 'NONE');
#750 = CARTESIAN_POINT ( 'NONE',  ( 0.7999999999999986011, 0.5999999999999996447, -0.2800000000000000266 ) ) ;
#751 = EDGE_LOOP ( 'NONE', ( #2807, #1716, #3784, #3622 ) ) ;
#752 = DIRECTION ( 'NONE',  ( 1.000000000000000000, 0.000000000000000000, 0.000000000000000000 ) ) ;
#753 = CYLINDRICAL_SURFACE ( 'NONE', #4073, 0.1500000000000000777 ) ;
#754 = COLOUR_RGB ( '',0.8627450980392157298, 0.5882352941176470784, 0.06274509803921568540 ) ;
#755 = AXIS2_PLACEMENT_3D ( 'NONE', #1434, #3394, #4928 ) ;
#756 = MECHANICAL_DESIGN_GEOMETRIC_PRESENTATION_REPRESENTATION (  '', ( #5531 ), #5938 ) ;
#757 = ADVANCED_FACE ( 'NONE', ( #2553 ), #4529, .F. ) ;
#758 = UNCERTAINTY_MEASURE_WITH_UNIT (LENGTH_MEASURE( 1.000000000000000082E-05 ), #1748, 'distance_accuracy_value', 'NONE');
#759 = EDGE_CURVE ( 'NONE', #5754, #4740, #2559, .T. ) ;
#760 = PRESENTATION_STYLE_ASSIGNMENT (( #568 ) ) ;
#761 = CARTESIAN_POINT ( 'NONE',  ( 0.7999999999999986011, 0.5999999999999996447, 0.01999999999999994491 ) ) ;
#762 = CARTESIAN_POINT ( 'NONE',  ( -0.6850000000000011635, 0.2999999999999996003, 0.4400000000000000577 ) ) ;
#763 = DIRECTION ( 'NONE',  ( 0.000000000000000000, -1.000000000000000000, 0.000000000000000000 ) ) ;
#764 =( GEOMETRIC_REPRESENTATION_CONTEXT ( 3 ) GLOBAL_UNCERTAINTY_ASSIGNED_CONTEXT ( ( #6380 ) ) GLOBAL_UNIT_ASSIGNED_CONTEXT ( ( #28, #476, #64 ) ) REPRESENTATION_CONTEXT ( 'NONE', 'WORKASPACE' ) );
#765 = DIRECTION ( 'NONE',  ( 0.000000000000000000, 1.000000000000000000, -0.000000000000000000 ) ) ;
#766 = AXIS2_PLACEMENT_3D ( 'NONE', #5141, #3674, #3554 ) ;
#767 = UNCERTAINTY_MEASURE_WITH_UNIT (LENGTH_MEASURE( 1.000000000000000082E-05 ), #1025, 'distance_accuracy_value', 'NONE');
#768 =( GEOMETRIC_REPRESENTATION_CONTEXT ( 3 ) GLOBAL_UNCERTAINTY_ASSIGNED_CONTEXT ( ( #1221 ) ) GLOBAL_UNIT_ASSIGNED_CONTEXT ( ( #800, #345, #313 ) ) REPRESENTATION_CONTEXT ( 'NONE', 'WORKASPACE' ) );
#769 = SURFACE_SIDE_STYLE ('',( #1122 ) ) ;
#770 = COLOUR_RGB ( '',0.8627450980392157298, 0.6274509803921568540, 0.05882352941176470507 ) ;
#771 = DIRECTION ( 'NONE',  ( 1.000000000000000000, 0.000000000000000000, -0.000000000000000000 ) ) ;
#772 = ORIENTED_EDGE ( 'NONE', *, *, #6391, .T. ) ;
#773 = MECHANICAL_DESIGN_GEOMETRIC_PRESENTATION_REPRESENTATION (  '', ( #5017 ), #4291 ) ;
#774 = DIRECTION ( 'NONE',  ( -0.000000000000000000, -1.000000000000000000, -0.000000000000000000 ) ) ;
#775 = ORIENTED_EDGE ( 'NONE', *, *, #2474, .F. ) ;
#776 = PRESENTATION_STYLE_ASSIGNMENT (( #670 ) ) ;
#777 = STYLED_ITEM ( 'NONE', ( #2545 ), #4318 ) ;
#778 = SURFACE_STYLE_USAGE ( .BOTH. , #5742 ) ;
#779 = SURFACE_SIDE_STYLE ('',( #4096 ) ) ;
#780 = CARTESIAN_POINT ( 'NONE',  ( 0.7999999999999986011, 0.4499999999999996780, 0.01999999999999994491 ) ) ;
#781 =( LENGTH_UNIT ( ) NAMED_UNIT ( * ) SI_UNIT ( .MILLI., .METRE. ) );
#782 = EDGE_LOOP ( 'NONE', ( #1402, #5079, #4882, #4275, #303, #3476, #4908, #353, #6094 ) ) ;
#783 = CARTESIAN_POINT ( 'NONE',  ( -0.4450000000000009504, -0.3050000000000004929, 0.5200000000000000178 ) ) ;
#784 = CARTESIAN_POINT ( 'NONE',  ( -0.5000000000000012212, -0.4400000000000004463, 0.4550000000000000711 ) ) ;
#785 = CARTESIAN_POINT ( 'NONE',  ( -0.5774999999999985700, 0.5999999999999996447, -0.2800000000000000266 ) ) ;
#786 =( LENGTH_UNIT ( ) NAMED_UNIT ( * ) SI_UNIT ( .MILLI., .METRE. ) );
#787 = FILL_AREA_STYLE_COLOUR ( '', #1411 ) ;
#788 = DIRECTION ( 'NONE',  ( -1.000000000000000000, 0.000000000000000000, 0.000000000000000000 ) ) ;
#789 =( NAMED_UNIT ( * ) SI_UNIT ( $, .STERADIAN. ) SOLID_ANGLE_UNIT ( ) );
#790 = ORIENTED_EDGE ( 'NONE', *, *, #5499, .T. ) ;
#791 = EDGE_CURVE ( 'NONE', #3605, #3801, #3474, .T. ) ;
#792 =( NAMED_UNIT ( * ) SI_UNIT ( $, .STERADIAN. ) SOLID_ANGLE_UNIT ( ) );
#793 = ORIENTED_EDGE ( 'NONE', *, *, #4019, .F. ) ;
#794 = DIRECTION ( 'NONE',  ( 0.000000000000000000, 0.000000000000000000, -1.000000000000000000 ) ) ;
#795 = STYLED_ITEM ( 'NONE', ( #662 ), #4925 ) ;
#796 = DIRECTION ( 'NONE',  ( 0.7071067811865436870, -0.7071067811865513475, 0.000000000000000000 ) ) ;
#797 = CARTESIAN_POINT ( 'NONE',  ( 0.7999999999999986011, -0.6000000000000005329, 0.01999999999999994491 ) ) ;
#798 = DIRECTION ( 'NONE',  ( -0.000000000000000000, -0.000000000000000000, 1.000000000000000000 ) ) ;
#799 = VERTEX_POINT ( 'NONE', #2626 ) ;
#800 =( LENGTH_UNIT ( ) NAMED_UNIT ( * ) SI_UNIT ( .MILLI., .METRE. ) );
#801 = DIRECTION ( 'NONE',  ( 0.000000000000000000, 0.000000000000000000, -1.000000000000000000 ) ) ;
#802 = EDGE_CURVE ( 'NONE', #5715, #2725, #2970, .T. ) ;
#803 = AXIS2_PLACEMENT_3D ( 'NONE', #2663, #4641, #5620 ) ;
#804 = UNCERTAINTY_MEASURE_WITH_UNIT (LENGTH_MEASURE( 1.000000000000000082E-05 ), #1628, 'distance_accuracy_value', 'NONE');
#805 = MECHANICAL_DESIGN_GEOMETRIC_PRESENTATION_REPRESENTATION (  '', ( #3181 ), #1227 ) ;
#806 = ORIENTED_EDGE ( 'NONE', *, *, #5147, .T. ) ;
#807 =( NAMED_UNIT ( * ) PLANE_ANGLE_UNIT ( ) SI_UNIT ( $, .RADIAN. ) );
#808 = LINE ( 'NONE', #2877, #4298 ) ;
#809 = ORIENTED_EDGE ( 'NONE', *, *, #2304, .T. ) ;
#810 = VECTOR ( 'NONE', #4605, 1000.000000000000000 ) ;
#811 = CARTESIAN_POINT ( 'NONE',  ( 0.7999999999999986011, -0.5999999999999998668, 0.01999999999999994491 ) ) ;
#812 = DIRECTION ( 'NONE',  ( -1.000000000000000000, 0.000000000000000000, 0.000000000000000000 ) ) ;
#813 = AXIS2_PLACEMENT_3D ( 'NONE', #2473, #5840, #4444 ) ;
#814 = CARTESIAN_POINT ( 'NONE',  ( 0.7999999999999986011, -0.4500000000000003997, 0.01999999999999994491 ) ) ;
#815 = PRESENTATION_LAYER_ASSIGNMENT (  '', '', ( #2576 ) ) ;
#816 = ORIENTED_EDGE ( 'NONE', *, *, #5563, .T. ) ;
#817 = PLANE ( 'NONE',  #1173 ) ;
#818 = AXIS2_PLACEMENT_3D ( 'NONE', #811, #4219, #1666 ) ;
#819 = AXIS2_PLACEMENT_3D ( 'NONE', #5541, #1669, #2198 ) ;
#820 = PLANE ( 'NONE',  #2622 ) ;
#821 =( LENGTH_UNIT ( ) NAMED_UNIT ( * ) SI_UNIT ( .MILLI., .METRE. ) );
#822 = MECHANICAL_DESIGN_GEOMETRIC_PRESENTATION_REPRESENTATION (  '', ( #1760 ), #1661 ) ;
#823 = CARTESIAN_POINT ( 'NONE',  ( 0.5774999999999985700, 0.5999999999999996447, 0.01999999999999994491 ) ) ;
#824 = ORIENTED_EDGE ( 'NONE', *, *, #83, .T. ) ;
#825 = STYLED_ITEM ( 'NONE', ( #2377 ), #2252 ) ;
#826 = DIRECTION ( 'NONE',  ( 1.000000000000000000, 0.000000000000000000, 0.000000000000000000 ) ) ;
#827 = EDGE_CURVE ( 'NONE', #336, #1935, #3838, .T. ) ;
#828 = ORIENTED_EDGE ( 'NONE', *, *, #5148, .T. ) ;
#829 = DIRECTION ( 'NONE',  ( -1.000000000000000000, 0.000000000000000000, 0.000000000000000000 ) ) ;
#830 = FILL_AREA_STYLE ('',( #5709 ) ) ;
#831 =( GEOMETRIC_REPRESENTATION_CONTEXT ( 3 ) GLOBAL_UNCERTAINTY_ASSIGNED_CONTEXT ( ( #6069 ) ) GLOBAL_UNIT_ASSIGNED_CONTEXT ( ( #3163, #708, #1308 ) ) REPRESENTATION_CONTEXT ( 'NONE', 'WORKASPACE' ) );
#832 = CARTESIAN_POINT ( 'NONE',  ( 0.5774999999999985700, -0.6000000000000005329, 0.01999999999999994491 ) ) ;
#833 = EDGE_CURVE ( 'NONE', #181, #4839, #482, .T. ) ;
#834 = DIRECTION ( 'NONE',  ( 0.000000000000000000, -0.000000000000000000, 1.000000000000000000 ) ) ;
#835 = ORIENTED_EDGE ( 'NONE', *, *, #4718, .T. ) ;
#836 = CARTESIAN_POINT ( 'NONE',  ( -0.2499999999999997780, 0.1499999999999987732, -0.2800000000000000266 ) ) ;
#837 =( LENGTH_UNIT ( ) NAMED_UNIT ( * ) SI_UNIT ( .MILLI., .METRE. ) );
#838 = LINE ( 'NONE', #904, #2792 ) ;
#839 = SURFACE_SIDE_STYLE ('',( #4114 ) ) ;
#840 = PRESENTATION_LAYER_ASSIGNMENT (  '', '', ( #5824 ) ) ;
#841 = STYLED_ITEM ( 'NONE', ( #1299 ), #2802 ) ;
#842 = DIRECTION ( 'NONE',  ( -1.000000000000000000, 0.000000000000000000, 0.000000000000000000 ) ) ;
#843 = DIRECTION ( 'NONE',  ( -1.000000000000000000, 6.118385167737106238E-16, 0.000000000000000000 ) ) ;
#844 = CARTESIAN_POINT ( 'NONE',  ( -0.5499999999999997113, -0.1499999999999997446, 0.01999999999999994491 ) ) ;
#845 = ORIENTED_EDGE ( 'NONE', *, *, #3355, .F. ) ;
#846 = CIRCLE ( 'NONE', #3117, 0.2225000000000000311 ) ;
#847 = VECTOR ( 'NONE', #5145, 1000.000000000000000 ) ;
#848 = MECHANICAL_DESIGN_GEOMETRIC_PRESENTATION_REPRESENTATION (  '', ( #5628 ), #5325 ) ;
#849 = STYLED_ITEM ( 'NONE', ( #4364 ), #3557 ) ;
#850 = VERTEX_POINT ( 'NONE', #4855 ) ;
#851 = FILL_AREA_STYLE ('',( #6271 ) ) ;
#852 = EDGE_LOOP ( 'NONE', ( #2291, #4284, #6074, #3872 ) ) ;
#853 = CARTESIAN_POINT ( 'NONE',  ( -0.6550000000000012479, 0.2999999999999996003, 0.4550000000000000711 ) ) ;
#854 = DIRECTION ( 'NONE',  ( 0.000000000000000000, 0.000000000000000000, -1.000000000000000000 ) ) ;
#855 = ADVANCED_FACE ( 'NONE', ( #924 ), #1913, .F. ) ;
#856 = MECHANICAL_DESIGN_GEOMETRIC_PRESENTATION_REPRESENTATION (  '', ( #466 ), #1799 ) ;
#857 = CIRCLE ( 'NONE', #4492, 0.01500000000000003934 ) ;
#858 = CARTESIAN_POINT ( 'NONE',  ( 0.6499999999999985789, 0.5999999999999996447, -0.2810000000000000275 ) ) ;
#859 = CARTESIAN_POINT ( 'NONE',  ( -0.6939339828220163486, 0.4044079500593131815, -0.2800000000000000266 ) ) ;
#860 = ORIENTED_EDGE ( 'NONE', *, *, #3798, .T. ) ;
#861 = SURFACE_STYLE_USAGE ( .BOTH. , #5280 ) ;
#862 = DIRECTION ( 'NONE',  ( 0.000000000000000000, 0.000000000000000000, 1.000000000000000000 ) ) ;
#863 = CARTESIAN_POINT ( 'NONE',  ( 0.2499999999999997780, 0.000000000000000000, 0.01999999999999994491 ) ) ;
#864 =( GEOMETRIC_REPRESENTATION_CONTEXT ( 3 ) GLOBAL_UNCERTAINTY_ASSIGNED_CONTEXT ( ( #3731 ) ) GLOBAL_UNIT_ASSIGNED_CONTEXT ( ( #4207, #6154, #1649 ) ) REPRESENTATION_CONTEXT ( 'NONE', 'WORKASPACE' ) );
#865 = DIRECTION ( 'NONE',  ( -1.000000000000000000, 0.000000000000000000, 0.000000000000000000 ) ) ;
#866 = CIRCLE ( 'NONE', #5747, 0.2150000000000000244 ) ;
#867 = DIRECTION ( 'NONE',  ( 0.000000000000000000, 0.000000000000000000, -1.000000000000000000 ) ) ;
#868 = ADVANCED_FACE ( 'NONE', ( #2899 ), #4894, .T. ) ;
#869 = EDGE_CURVE ( 'NONE', #2132, #5745, #1525, .T. ) ;
#870 = AXIS2_PLACEMENT_3D ( 'NONE', #4104, #5716, #3718 ) ;
#871 = PRESENTATION_STYLE_ASSIGNMENT (( #4282 ) ) ;
#872 = ORIENTED_EDGE ( 'NONE', *, *, #3985, .F. ) ;
#873 = FACE_OUTER_BOUND ( 'NONE', #5430, .T. ) ;
#874 = ORIENTED_EDGE ( 'NONE', *, *, #118, .F. ) ;
#875 = EDGE_CURVE ( 'NONE', #6317, #994, #2874, .T. ) ;
#876 = CIRCLE ( 'NONE', #2623, 0.1499999999999987732 ) ;
#877 = EDGE_CURVE ( 'NONE', #6173, #388, #2016, .T. ) ;
#878 = EDGE_CURVE ( 'NONE', #2883, #3677, #1985, .T. ) ;
#879 = UNCERTAINTY_MEASURE_WITH_UNIT (LENGTH_MEASURE( 1.000000000000000082E-05 ), #3521, 'distance_accuracy_value', 'NONE');
#880 = ORIENTED_EDGE ( 'NONE', *, *, #3240, .T. ) ;
#881 = SURFACE_SIDE_STYLE ('',( #1894 ) ) ;
#882 = FACE_OUTER_BOUND ( 'NONE', #4260, .T. ) ;
#883 = CARTESIAN_POINT ( 'NONE',  ( 0.7999999999999986011, 0.3774999999999995581, -0.2800000000000000266 ) ) ;
#884 = ORIENTED_EDGE ( 'NONE', *, *, #4152, .T. ) ;
#885 = EDGE_CURVE ( 'NONE', #76, #1994, #2778, .T. ) ;
#886 = UNCERTAINTY_MEASURE_WITH_UNIT (LENGTH_MEASURE( 1.000000000000000082E-05 ), #3987, 'distance_accuracy_value', 'NONE');
#887 = CARTESIAN_POINT ( 'NONE',  ( -0.6939339828220163486, -0.1499999999999997446, -0.2800000000000000266 ) ) ;
#888 = EDGE_LOOP ( 'NONE', ( #6093, #1123, #3352, #5291 ) ) ;
#889 = CARTESIAN_POINT ( 'NONE',  ( 0.4999999999999986122, -0.3000000000000004885, 0.4550000000000000711 ) ) ;
#890 = DIRECTION ( 'NONE',  ( 0.000000000000000000, 0.000000000000000000, 1.000000000000000000 ) ) ;
#891 = ORIENTED_EDGE ( 'NONE', *, *, #3713, .F. ) ;
#892 = ORIENTED_EDGE ( 'NONE', *, *, #3993, .T. ) ;
#893 = DIRECTION ( 'NONE',  ( -1.000000000000000000, 0.000000000000000000, 0.000000000000000000 ) ) ;
#894 = CARTESIAN_POINT ( 'NONE',  ( 0.6499999999999986899, -0.5999999999999998668, -0.2800000000000000266 ) ) ;
#895 = ORIENTED_EDGE ( 'NONE', *, *, #802, .F. ) ;
#896 = DIRECTION ( 'NONE',  ( -0.000000000000000000, -0.000000000000000000, -1.000000000000000000 ) ) ;
#897 = ORIENTED_EDGE ( 'NONE', *, *, #5951, .F. ) ;
#898 = DIRECTION ( 'NONE',  ( -1.000000000000000000, 3.410973126920687487E-15, 0.000000000000000000 ) ) ;
#899 = CARTESIAN_POINT ( 'NONE',  ( -0.7000000000000011768, -0.3000000000000004885, 0.2950000000000000400 ) ) ;
#900 = CARTESIAN_POINT ( 'NONE',  ( -0.7999999999999986011, 0.5999999999999996447, 0.01999999999999994491 ) ) ;
#901 = ORIENTED_EDGE ( 'NONE', *, *, #212, .F. ) ;
#902 =( NAMED_UNIT ( * ) SI_UNIT ( $, .STERADIAN. ) SOLID_ANGLE_UNIT ( ) );
#903 = VECTOR ( 'NONE', #4305, 1000.000000000000000 ) ;
#904 = CARTESIAN_POINT ( 'NONE',  ( -0.6400000000000012346, 0.2999999999999996003, 0.4550000000000000711 ) ) ;
#905 = ORIENTED_EDGE ( 'NONE', *, *, #4522, .F. ) ;
#906 = EDGE_CURVE ( 'NONE', #255, #2505, #6095, .T. ) ;
#907 = SURFACE_STYLE_USAGE ( .BOTH. , #2886 ) ;
#908 = ORIENTED_EDGE ( 'NONE', *, *, #2694, .F. ) ;
#909 = MECHANICAL_DESIGN_GEOMETRIC_PRESENTATION_REPRESENTATION (  '', ( #1540 ), #392 ) ;
#910 = SURFACE_SIDE_STYLE ('',( #1866 ) ) ;
#911 = PRESENTATION_STYLE_ASSIGNMENT (( #5858 ) ) ;
#912 = EDGE_CURVE ( 'NONE', #1230, #2268, #1028, .T. ) ;
#913 = VERTEX_POINT ( 'NONE', #3464 ) ;
#914 = SURFACE_STYLE_FILL_AREA ( #5370 ) ;
#915 = MECHANICAL_DESIGN_GEOMETRIC_PRESENTATION_REPRESENTATION (  '', ( #1346 ), #4233 ) ;
#916 = MECHANICAL_DESIGN_GEOMETRIC_PRESENTATION_REPRESENTATION (  '', ( #1137 ), #4125 ) ;
#917 = VERTEX_POINT ( 'NONE', #996 ) ;
#918 = COLOUR_RGB ( '',0.2862745098039215508, 0.2862745098039215508, 0.2862745098039215508 ) ;
#919 = CARTESIAN_POINT ( 'NONE',  ( -0.6939339828220163486, 0.4044079500593131815, 0.01999999999999994491 ) ) ;
#920 = VERTEX_POINT ( 'NONE', #3967 ) ;
#921 = CARTESIAN_POINT ( 'NONE',  ( 0.2499999999999997780, 0.000000000000000000, 0.01999999999999994491 ) ) ;
#922 = DIRECTION ( 'NONE',  ( 1.000000000000000000, 0.000000000000000000, 0.000000000000000000 ) ) ;
#923 =( NAMED_UNIT ( * ) SI_UNIT ( $, .STERADIAN. ) SOLID_ANGLE_UNIT ( ) );
#924 = FACE_OUTER_BOUND ( 'NONE', #1182, .T. ) ;
#925 = DIRECTION ( 'NONE',  ( -1.000000000000000000, 0.000000000000000000, 0.000000000000000000 ) ) ;
#926 = CARTESIAN_POINT ( 'NONE',  ( 0.4999999999999985012, -0.5000000000000004441, 0.2950000000000000400 ) ) ;
#927 = CIRCLE ( 'NONE', #110, 0.1400000000000000411 ) ;
#928 = SURFACE_STYLE_USAGE ( .BOTH. , #5906 ) ;
#929 = PLANE ( 'NONE',  #3347 ) ;
#930 = ORIENTED_EDGE ( 'NONE', *, *, #1247, .F. ) ;
#931 = CARTESIAN_POINT ( 'NONE',  ( 0.2499999999999997780, -0.4939339828220177808, 0.01999999999999994491 ) ) ;
#932 = PRESENTATION_LAYER_ASSIGNMENT (  '', '', ( #2697 ) ) ;
#933 = CARTESIAN_POINT ( 'NONE',  ( 0.6044079500593120269, -0.4939339828220177808, 0.01999999999999994491 ) ) ;
#934 = DIRECTION ( 'NONE',  ( -0.000000000000000000, -1.000000000000000000, -0.000000000000000000 ) ) ;
#935 = DIRECTION ( 'NONE',  ( -0.000000000000000000, -0.000000000000000000, 1.000000000000000000 ) ) ;
#936 = ORIENTED_EDGE ( 'NONE', *, *, #2093, .F. ) ;
#937 = AXIS2_PLACEMENT_3D ( 'NONE', #1134, #1690, #3165 ) ;
#938 = VECTOR ( 'NONE', #443, 1000.000000000000000 ) ;
#939 = UNCERTAINTY_MEASURE_WITH_UNIT (LENGTH_MEASURE( 1.000000000000000082E-05 ), #1681, 'distance_accuracy_value', 'NONE');
#940 = ORIENTED_EDGE ( 'NONE', *, *, #1999, .T. ) ;
#941 = DIRECTION ( 'NONE',  ( 1.000000000000000000, 0.000000000000000000, 0.000000000000000000 ) ) ;
#942 =( GEOMETRIC_REPRESENTATION_CONTEXT ( 3 ) GLOBAL_UNCERTAINTY_ASSIGNED_CONTEXT ( ( #3134 ) ) GLOBAL_UNIT_ASSIGNED_CONTEXT ( ( #729, #2641, #1710 ) ) REPRESENTATION_CONTEXT ( 'NONE', 'WORKASPACE' ) );
#943 = EDGE_LOOP ( 'NONE', ( #2364, #5273, #123, #5305 ) ) ;
#944 = EDGE_CURVE ( 'NONE', #4044, #4608, #5447, .T. ) ;
#945 = EDGE_CURVE ( 'NONE', #3657, #4027, #5354, .T. ) ;
#946 = COLOUR_RGB ( '',0.2862745098039215508, 0.2862745098039215508, 0.2862745098039215508 ) ;
#947 = COLOUR_RGB ( '',0.8627450980392157298, 0.6274509803921568540, 0.05882352941176470507 ) ;
#948 = DIRECTION ( 'NONE',  ( -1.000000000000000000, 2.442259918002687003E-16, 0.000000000000000000 ) ) ;
#949 = EDGE_LOOP ( 'NONE', ( #816, #6219, #4638, #4693 ) ) ;
#950 = DIRECTION ( 'NONE',  ( 0.000000000000000000, 0.000000000000000000, -1.000000000000000000 ) ) ;
#951 = MECHANICAL_DESIGN_GEOMETRIC_PRESENTATION_REPRESENTATION (  '', ( #4164 ), #1899 ) ;
#952 = DIRECTION ( 'NONE',  ( -1.000000000000000000, 0.000000000000000000, -0.000000000000000000 ) ) ;
#953 = CIRCLE ( 'NONE', #36, 0.1499999999999995226 ) ;
#954 = VERTEX_POINT ( 'NONE', #3364 ) ;
#955 = FILL_AREA_STYLE_COLOUR ( '', #1128 ) ;
#956 = VERTEX_POINT ( 'NONE', #4948 ) ;
#957 = COLOUR_RGB ( '',0.8627450980392157298, 0.5882352941176470784, 0.06274509803921568540 ) ;
#958 = UNCERTAINTY_MEASURE_WITH_UNIT (LENGTH_MEASURE( 1.000000000000000082E-05 ), #435, 'distance_accuracy_value', 'NONE');
#959 = VECTOR ( 'NONE', #2951, 1000.000000000000000 ) ;
#960 = PLANE ( 'NONE',  #2834 ) ;
#961 = ORIENTED_EDGE ( 'NONE', *, *, #1278, .T. ) ;
#962 = EDGE_LOOP ( 'NONE', ( #2906, #3747, #1553, #1430 ) ) ;
#963 = PLANE ( 'NONE',  #5251 ) ;
#964 = CARTESIAN_POINT ( 'NONE',  ( 0.6939339828220163486, -0.1499999999999997446, 0.01999999999999994491 ) ) ;
#965 = SURFACE_STYLE_FILL_AREA ( #410 ) ;
#966 = DIRECTION ( 'NONE',  ( 0.000000000000000000, 1.000000000000000000, 0.000000000000000000 ) ) ;
#967 = AXIS2_PLACEMENT_3D ( 'NONE', #2079, #4017, #5928 ) ;
#968 = AXIS2_PLACEMENT_3D ( 'NONE', #5803, #4788, #3359 ) ;
#969 = FACE_OUTER_BOUND ( 'NONE', #3006, .T. ) ;
#970 = SURFACE_STYLE_USAGE ( .BOTH. , #555 ) ;
#971 = AXIS2_PLACEMENT_3D ( 'NONE', #2499, #2957, #922 ) ;
#972 = VERTEX_POINT ( 'NONE', #515 ) ;
#973 = LINE ( 'NONE', #2556, #4870 ) ;
#974 = MECHANICAL_DESIGN_GEOMETRIC_PRESENTATION_REPRESENTATION (  '', ( #5637 ), #3351 ) ;
#975 = CARTESIAN_POINT ( 'NONE',  ( -0.6044079500593120269, 0.4939339828220175588, -0.2800000000000000266 ) ) ;
#976 = CARTESIAN_POINT ( 'NONE',  ( 0.000000000000000000, -0.4939339828220177808, 0.01999999999999994491 ) ) ;
#977 = FILL_AREA_STYLE ('',( #4391 ) ) ;
#978 = ORIENTED_EDGE ( 'NONE', *, *, #6098, .F. ) ;
#979 = PLANE ( 'NONE',  #2633 ) ;
#980 =( NAMED_UNIT ( * ) PLANE_ANGLE_UNIT ( ) SI_UNIT ( $, .RADIAN. ) );
#981 = MECHANICAL_DESIGN_GEOMETRIC_PRESENTATION_REPRESENTATION (  '', ( #4283 ), #1184 ) ;
#982 = SHAPE_DEFINITION_REPRESENTATION ( #5281, #4355 ) ;
#983 = CARTESIAN_POINT ( 'NONE',  ( 0.000000000000000000, -0.1499999999999997446, 0.01999999999999994491 ) ) ;
#984 = ADVANCED_FACE ( 'NONE', ( #2501 ), #1363, .T. ) ;
#985 = DIRECTION ( 'NONE',  ( 0.000000000000000000, 0.000000000000000000, 1.000000000000000000 ) ) ;
#986 = SURFACE_STYLE_FILL_AREA ( #4434 ) ;
#987 = EDGE_LOOP ( 'NONE', ( #5224, #3497, #6084, #1026 ) ) ;
#988 = SURFACE_SIDE_STYLE ('',( #3481 ) ) ;
#989 =( LENGTH_UNIT ( ) NAMED_UNIT ( * ) SI_UNIT ( .MILLI., .METRE. ) );
#990 = DIRECTION ( 'NONE',  ( 0.000000000000000000, 0.000000000000000000, -1.000000000000000000 ) ) ;
#991 = DIRECTION ( 'NONE',  ( 1.000000000000000000, 0.000000000000000000, 0.000000000000000000 ) ) ;
#992 = SURFACE_STYLE_FILL_AREA ( #5444 ) ;
#993 = DIRECTION ( 'NONE',  ( 0.000000000000000000, 0.000000000000000000, -1.000000000000000000 ) ) ;
#994 = VERTEX_POINT ( 'NONE', #4742 ) ;
#995 = DIRECTION ( 'NONE',  ( -1.000000000000000000, 0.000000000000000000, 0.000000000000000000 ) ) ;
#996 = CARTESIAN_POINT ( 'NONE',  ( -0.5774999999999987921, -0.6000000000000005329, -0.2800000000000000266 ) ) ;
#997 = FILL_AREA_STYLE ('',( #1500 ) ) ;
#998 = ORIENTED_EDGE ( 'NONE', *, *, #3869, .T. ) ;
#999 = CARTESIAN_POINT ( 'NONE',  ( 0.6499999999999985789, 0.5999999999999996447, 0.01999999999999994491 ) ) ;
#1000 = FILL_AREA_STYLE ('',( #5452 ) ) ;
#1001 = EDGE_CURVE ( 'NONE', #4874, #6386, #2283, .T. ) ;
#1002 = DIRECTION ( 'NONE',  ( 1.000000000000000000, 0.000000000000000000, 0.000000000000000000 ) ) ;
#1003 = FILL_AREA_STYLE ('',( #2538 ) ) ;
#1004 =( LENGTH_UNIT ( ) NAMED_UNIT ( * ) SI_UNIT ( .MILLI., .METRE. ) );
#1005 = VERTEX_POINT ( 'NONE', #2303 ) ;
#1006 = UNCERTAINTY_MEASURE_WITH_UNIT (LENGTH_MEASURE( 1.000000000000000082E-05 ), #3045, 'distance_accuracy_value', 'NONE');
#1007 =( GEOMETRIC_REPRESENTATION_CONTEXT ( 3 ) GLOBAL_UNCERTAINTY_ASSIGNED_CONTEXT ( ( #939 ) ) GLOBAL_UNIT_ASSIGNED_CONTEXT ( ( #1681, #1303, #3671 ) ) REPRESENTATION_CONTEXT ( 'NONE', 'WORKASPACE' ) );
#1008 = VERTEX_POINT ( 'NONE', #735 ) ;
#1009 = FACE_OUTER_BOUND ( 'NONE', #2861, .T. ) ;
#1010 = FACE_OUTER_BOUND ( 'NONE', #6355, .T. ) ;
#1011 = DIRECTION ( 'NONE',  ( -0.000000000000000000, -0.000000000000000000, -1.000000000000000000 ) ) ;
#1012 = VERTEX_POINT ( 'NONE', #6240 ) ;
#1013 = AXIS2_PLACEMENT_3D ( 'NONE', #900, #415, #352 ) ;
#1014 = UNCERTAINTY_MEASURE_WITH_UNIT (LENGTH_MEASURE( 1.000000000000000082E-05 ), #6070, 'distance_accuracy_value', 'NONE');
#1015 = STYLED_ITEM ( 'NONE', ( #1588 ), #387 ) ;
#1016 = DIRECTION ( 'NONE',  ( 1.000000000000000000, 0.000000000000000000, 0.000000000000000000 ) ) ;
#1017 = FACE_OUTER_BOUND ( 'NONE', #2945, .T. ) ;
#1018 = VERTEX_POINT ( 'NONE', #5772 ) ;
#1019 =( NAMED_UNIT ( * ) SI_UNIT ( $, .STERADIAN. ) SOLID_ANGLE_UNIT ( ) );
#1020 = LINE ( 'NONE', #2525, #82 ) ;
#1021 = COLOUR_RGB ( '',0.8627450980392157298, 0.6274509803921568540, 0.05882352941176470507 ) ;
#1022 = ADVANCED_FACE ( 'NONE', ( #1326 ), #3510, .T. ) ;
#1023 = STYLED_ITEM ( 'NONE', ( #3917 ), #5111 ) ;
#1024 = SURFACE_STYLE_USAGE ( .BOTH. , #1579 ) ;
#1025 =( LENGTH_UNIT ( ) NAMED_UNIT ( * ) SI_UNIT ( .MILLI., .METRE. ) );
#1026 = ORIENTED_EDGE ( 'NONE', *, *, #3283, .T. ) ;
#1027 = FACE_OUTER_BOUND ( 'NONE', #1922, .T. ) ;
#1028 = CIRCLE ( 'NONE', #813, 0.2225000000000000311 ) ;
#1029 = CIRCLE ( 'NONE', #2182, 0.2224999999999998368 ) ;
#1030 = LINE ( 'NONE', #1497, #334 ) ;
#1031 = CARTESIAN_POINT ( 'NONE',  ( -0.5000000000000012212, -0.3000000000000004885, 0.4400000000000000577 ) ) ;
#1032 = LINE ( 'NONE', #3052, #509 ) ;
#1033 = EDGE_CURVE ( 'NONE', #398, #5873, #503, .T. ) ;
#1034 = ADVANCED_FACE ( 'NONE', ( #5476 ), #5159, .T. ) ;
#1035 = VECTOR ( 'NONE', #1189, 1000.000000000000000 ) ;
#1036 = SURFACE_STYLE_USAGE ( .BOTH. , #2090 ) ;
#1037 = ORIENTED_EDGE ( 'NONE', *, *, #3158, .T. ) ;
#1038 = SURFACE_STYLE_USAGE ( .BOTH. , #1103 ) ;
#1039 = CARTESIAN_POINT ( 'NONE',  ( 0.6499999999999982458, -0.6000000000000005329, 0.01999999999999994491 ) ) ;
#1040 = SURFACE_STYLE_USAGE ( .BOTH. , #3495 ) ;
#1041 = DIRECTION ( 'NONE',  ( -1.000000000000000000, 0.000000000000000000, 0.000000000000000000 ) ) ;
#1042 = PRESENTATION_LAYER_ASSIGNMENT (  '', '', ( #3817 ) ) ;
#1043 = STYLED_ITEM ( 'NONE', ( #2353 ), #1236 ) ;
#1044 = EDGE_CURVE ( 'NONE', #4996, #2415, #655, .T. ) ;
#1045 = COLOUR_RGB ( '',0.8039215686274510109, 0.8039215686274510109, 0.8039215686274510109 ) ;
#1046 = PRESENTATION_LAYER_ASSIGNMENT (  '', '', ( #3822 ) ) ;
#1047 = ORIENTED_EDGE ( 'NONE', *, *, #4599, .F. ) ;
#1048 = FILL_AREA_STYLE ('',( #3445 ) ) ;
#1049 = VERTEX_POINT ( 'NONE', #5588 ) ;
#1050 = VECTOR ( 'NONE', #481, 1000.000000000000000 ) ;
#1051 = CARTESIAN_POINT ( 'NONE',  ( 0.7999999999999986011, 0.5999999999999996447, 0.01999999999999994491 ) ) ;
#1052 = AXIS2_PLACEMENT_3D ( 'NONE', #6323, #3317, #4880 ) ;
#1053 = CARTESIAN_POINT ( 'NONE',  ( -0.5000000000000012212, 0.2999999999999996003, 0.2950000000000000400 ) ) ;
#1054 = SURFACE_SIDE_STYLE ('',( #2952 ) ) ;
#1055 = EDGE_LOOP ( 'NONE', ( #6042, #6384, #3320, #6257 ) ) ;
#1056 = DIRECTION ( 'NONE',  ( -0.000000000000000000, -0.000000000000000000, -1.000000000000000000 ) ) ;
#1057 = DIRECTION ( 'NONE',  ( 1.000000000000000000, 0.000000000000000000, -0.000000000000000000 ) ) ;
#1058 = AXIS2_PLACEMENT_3D ( 'NONE', #4451, #1925, #4867 ) ;
#1059 = SURFACE_SIDE_STYLE ('',( #3887 ) ) ;
#1060 = VECTOR ( 'NONE', #6135, 1000.000000000000000 ) ;
#1061 = DIRECTION ( 'NONE',  ( 1.000000000000000000, 0.000000000000000000, 0.000000000000000000 ) ) ;
#1062 = EDGE_LOOP ( 'NONE', ( #4892, #1932, #5512, #2027 ) ) ;
#1063 = FILL_AREA_STYLE_COLOUR ( '', #6373 ) ;
#1064 = CARTESIAN_POINT ( 'NONE',  ( 0.000000000000000000, -0.1499999999999997446, 0.01999999999999994491 ) ) ;
#1065 = CARTESIAN_POINT ( 'NONE',  ( 0.6939339828220163486, 0.000000000000000000, -0.2800000000000000266 ) ) ;
#1066 = VECTOR ( 'NONE', #5242, 1000.000000000000000 ) ;
#1067 = VECTOR ( 'NONE', #252, 1000.000000000000000 ) ;
#1068 = DIRECTION ( 'NONE',  ( -0.000000000000000000, 0.000000000000000000, -1.000000000000000000 ) ) ;
#1069 = FILL_AREA_STYLE ('',( #3031 ) ) ;
#1070 = ORIENTED_EDGE ( 'NONE', *, *, #6374, .F. ) ;
#1071 = DIRECTION ( 'NONE',  ( 0.000000000000000000, 1.000000000000000000, 0.000000000000000000 ) ) ;
#1072 = FACE_OUTER_BOUND ( 'NONE', #4832, .T. ) ;
#1073 = EDGE_CURVE ( 'NONE', #2132, #2271, #2567, .T. ) ;
#1074 = FILL_AREA_STYLE ('',( #3972 ) ) ;
#1075 = DIRECTION ( 'NONE',  ( 0.000000000000000000, 0.000000000000000000, -1.000000000000000000 ) ) ;
#1076 =( GEOMETRIC_REPRESENTATION_CONTEXT ( 3 ) GLOBAL_UNCERTAINTY_ASSIGNED_CONTEXT ( ( #5677 ) ) GLOBAL_UNIT_ASSIGNED_CONTEXT ( ( #2490, #3884, #5921 ) ) REPRESENTATION_CONTEXT ( 'NONE', 'WORKASPACE' ) );
#1077 = FACE_OUTER_BOUND ( 'NONE', #38, .T. ) ;
#1078 = VERTEX_POINT ( 'NONE', #4550 ) ;
#1079 = VECTOR ( 'NONE', #3775, 1000.000000000000000 ) ;
#1080 = ORIENTED_EDGE ( 'NONE', *, *, #906, .F. ) ;
#1081 = FILL_AREA_STYLE ('',( #3978 ) ) ;
#1082 = SURFACE_STYLE_USAGE ( .BOTH. , #2564 ) ;
#1083 = EDGE_CURVE ( 'NONE', #4115, #4374, #111, .T. ) ;
#1084 = ADVANCED_FACE ( 'NONE', ( #4048 ), #1877, .F. ) ;
#1085 = VERTEX_POINT ( 'NONE', #1183 ) ;
#1086 = CIRCLE ( 'NONE', #5850, 0.1550000000000000822 ) ;
#1087 =( LENGTH_UNIT ( ) NAMED_UNIT ( * ) SI_UNIT ( .MILLI., .METRE. ) );
#1088 = VECTOR ( 'NONE', #6262, 1000.000000000000000 ) ;
#1089 =( LENGTH_UNIT ( ) NAMED_UNIT ( * ) SI_UNIT ( .MILLI., .METRE. ) );
#1090 = LINE ( 'NONE', #2137, #5689 ) ;
#1091 = EDGE_CURVE ( 'NONE', #4732, #920, #4079, .T. ) ;
#1092 = ORIENTED_EDGE ( 'NONE', *, *, #136, .F. ) ;
#1093 = UNCERTAINTY_MEASURE_WITH_UNIT (LENGTH_MEASURE( 1.000000000000000082E-05 ), #2638, 'distance_accuracy_value', 'NONE');
#1094 = FILL_AREA_STYLE ('',( #6388 ) ) ;
#1095 = ORIENTED_EDGE ( 'NONE', *, *, #3379, .T. ) ;
#1096 = LINE ( 'NONE', #5041, #1213 ) ;
#1097 = FILL_AREA_STYLE_COLOUR ( '', #5303 ) ;
#1098 = CARTESIAN_POINT ( 'NONE',  ( 0.6999999999999986233, 0.2999999999999996003, 0.2950000000000000400 ) ) ;
#1099 = DIRECTION ( 'NONE',  ( -0.000000000000000000, 1.000000000000000000, -0.000000000000000000 ) ) ;
#1100 =( LENGTH_UNIT ( ) NAMED_UNIT ( * ) SI_UNIT ( .MILLI., .METRE. ) );
#1101 = CARTESIAN_POINT ( 'NONE',  ( -0.7999999999999986011, 0.5999999999999996447, -0.2800000000000000266 ) ) ;
#1102 = ORIENTED_EDGE ( 'NONE', *, *, #4402, .T. ) ;
#1103 = SURFACE_SIDE_STYLE ('',( #5489 ) ) ;
#1104 = CARTESIAN_POINT ( 'NONE',  ( 0.000000000000000000, -0.1499999999999997446, 0.01999999999999994491 ) ) ;
#1105 =( NAMED_UNIT ( * ) PLANE_ANGLE_UNIT ( ) SI_UNIT ( $, .RADIAN. ) );
#1106 =( NAMED_UNIT ( * ) SI_UNIT ( $, .STERADIAN. ) SOLID_ANGLE_UNIT ( ) );
#1107 = EDGE_CURVE ( 'NONE', #2013, #4996, #5336, .T. ) ;
#1108 = VERTEX_POINT ( 'NONE', #5408 ) ;
#1109 = DIRECTION ( 'NONE',  ( 0.000000000000000000, 0.000000000000000000, 1.000000000000000000 ) ) ;
#1110 = CARTESIAN_POINT ( 'NONE',  ( 2.259790532912949344E-16, 0.1499999999999985789, 0.01999999999999994491 ) ) ;
#1111 = ORIENTED_EDGE ( 'NONE', *, *, #4016, .T. ) ;
#1112 = SURFACE_STYLE_FILL_AREA ( #5623 ) ;
#1113 = ADVANCED_FACE ( 'NONE', ( #215 ), #4612, .F. ) ;
#1114 = SURFACE_STYLE_USAGE ( .BOTH. , #2159 ) ;
#1115 = CARTESIAN_POINT ( 'NONE',  ( -0.5000000000000012212, -0.3000000000000004885, 0.5050000000000000044 ) ) ;
#1116 = DIRECTION ( 'NONE',  ( 0.000000000000000000, 0.000000000000000000, 1.000000000000000000 ) ) ;
#1117 = VECTOR ( 'NONE', #2085, 1000.000000000000000 ) ;
#1118 = ORIENTED_EDGE ( 'NONE', *, *, #593, .T. ) ;
#1119 =( NAMED_UNIT ( * ) PLANE_ANGLE_UNIT ( ) SI_UNIT ( $, .RADIAN. ) );
#1120 = EDGE_CURVE ( 'NONE', #1012, #1380, #2635, .T. ) ;
#1121 = COLOUR_RGB ( '',0.8627450980392157298, 0.5882352941176470784, 0.06274509803921568540 ) ;
#1122 = SURFACE_STYLE_FILL_AREA ( #2611 ) ;
#1123 = ORIENTED_EDGE ( 'NONE', *, *, #5147, .F. ) ;
#1124 = CARTESIAN_POINT ( 'NONE',  ( 0.4999999999999985012, -0.5150000000000004574, 0.2950000000000000400 ) ) ;
#1125 = FACE_OUTER_BOUND ( 'NONE', #5211, .T. ) ;
#1126 = PRESENTATION_LAYER_ASSIGNMENT (  '', '', ( #1540 ) ) ;
#1127 = LINE ( 'NONE', #1645, #2971 ) ;
#1128 = COLOUR_RGB ( '',0.8039215686274510109, 0.8039215686274510109, 0.8039215686274510109 ) ;
#1129 = CARTESIAN_POINT ( 'NONE',  ( 0.6044079500593121379, -0.4939339828220176698, 0.01999999999999994491 ) ) ;
#1130 = ORIENTED_EDGE ( 'NONE', *, *, #2390, .T. ) ;
#1131 = AXIS2_PLACEMENT_3D ( 'NONE', #541, #2522, #1016 ) ;
#1132 = FACE_OUTER_BOUND ( 'NONE', #2328, .T. ) ;
#1133 = CARTESIAN_POINT ( 'NONE',  ( -0.2499999999999997780, 0.000000000000000000, -0.2800000000000000266 ) ) ;
#1134 = CARTESIAN_POINT ( 'NONE',  ( 0.4999999999999986122, 0.2999999999999996003, 0.4250000000000000999 ) ) ;
#1135 = SURFACE_SIDE_STYLE ('',( #2128 ) ) ;
#1136 = COLOUR_RGB ( '',0.8039215686274510109, 0.8039215686274510109, 0.8039215686274510109 ) ;
#1137 = STYLED_ITEM ( 'NONE', ( #2569 ), #1113 ) ;
#1138 = CYLINDRICAL_SURFACE ( 'NONE', #1966, 0.01499999999999998557 ) ;
#1139 = AXIS2_PLACEMENT_3D ( 'NONE', #844, #2829, #2453 ) ;
#1140 = ORIENTED_EDGE ( 'NONE', *, *, #4193, .T. ) ;
#1141 = PLANE ( 'NONE',  #2890 ) ;
#1142 = CIRCLE ( 'NONE', #525, 0.1999999999999999833 ) ;
#1143 = DIRECTION ( 'NONE',  ( -0.000000000000000000, 0.000000000000000000, -1.000000000000000000 ) ) ;
#1144 = COLOUR_RGB ( '',0.8627450980392157298, 0.6274509803921568540, 0.05882352941176470507 ) ;
#1145 = EDGE_CURVE ( 'NONE', #3574, #1955, #625, .T. ) ;
#1146 = MECHANICAL_DESIGN_GEOMETRIC_PRESENTATION_REPRESENTATION (  '', ( #2892 ), #208 ) ;
#1147 = FILL_AREA_STYLE ('',( #2356 ) ) ;
#1148 = SURFACE_SIDE_STYLE ('',( #5591 ) ) ;
#1149 = VECTOR ( 'NONE', #2847, 1000.000000000000000 ) ;
#1150 = SURFACE_SIDE_STYLE ('',( #5593 ) ) ;
#1151 = ORIENTED_EDGE ( 'NONE', *, *, #3680, .T. ) ;
#1152 = EDGE_CURVE ( 'NONE', #162, #6179, #2786, .T. ) ;
#1153 = CARTESIAN_POINT ( 'NONE',  ( 0.5774999999999981259, -0.6000000000000005329, -0.2800000000000000266 ) ) ;
#1154 = FILL_AREA_STYLE ('',( #84 ) ) ;
#1155 = ADVANCED_FACE ( 'NONE', ( #1509 ), #5061, .T. ) ;
#1156 = VECTOR ( 'NONE', #2141, 1000.000000000000000 ) ;
#1157 = CYLINDRICAL_SURFACE ( 'NONE', #558, 0.06000000000000026840 ) ;
#1158 = DIRECTION ( 'NONE',  ( -1.000000000000000000, 0.000000000000000000, 0.000000000000000000 ) ) ;
#1159 = COLOUR_RGB ( '',0.2862745098039215508, 0.2862745098039215508, 0.2862745098039215508 ) ;
#1160 = PRESENTATION_LAYER_ASSIGNMENT (  '', '', ( #5193 ) ) ;
#1161 = ADVANCED_FACE ( 'NONE', ( #5093 ), #2135, .F. ) ;
#1162 = STYLED_ITEM ( 'NONE', ( #3150 ), #5966 ) ;
#1163 = COLOUR_RGB ( '',0.8627450980392157298, 0.6274509803921568540, 0.05882352941176470507 ) ;
#1164 = LINE ( 'NONE', #4658, #2668 ) ;
#1165 = ORIENTED_EDGE ( 'NONE', *, *, #1297, .T. ) ;
#1166 = SURFACE_SIDE_STYLE ('',( #4694 ) ) ;
#1167 = LINE ( 'NONE', #1722, #3853 ) ;
#1168 = CYLINDRICAL_SURFACE ( 'NONE', #317, 0.1400000000000000411 ) ;
#1169 = ORIENTED_EDGE ( 'NONE', *, *, #6157, .T. ) ;
#1170 = SURFACE_STYLE_USAGE ( .BOTH. , #222 ) ;
#1171 = CARTESIAN_POINT ( 'NONE',  ( -0.7999999999999986011, -0.5999999999999994227, 0.01999999999999994491 ) ) ;
#1172 = EDGE_CURVE ( 'NONE', #3024, #5187, #4459, .T. ) ;
#1173 = AXIS2_PLACEMENT_3D ( 'NONE', #2791, #4773, #329 ) ;
#1174 = PRESENTATION_LAYER_ASSIGNMENT (  '', '', ( #331 ) ) ;
#1175 =( LENGTH_UNIT ( ) NAMED_UNIT ( * ) SI_UNIT ( .MILLI., .METRE. ) );
#1176 = PRESENTATION_LAYER_ASSIGNMENT (  '', '', ( #5538 ) ) ;
#1177 = ORIENTED_EDGE ( 'NONE', *, *, #1740, .F. ) ;
#1178 = PRESENTATION_STYLE_ASSIGNMENT (( #2726 ) ) ;
#1179 = MECHANICAL_DESIGN_GEOMETRIC_PRESENTATION_REPRESENTATION (  '', ( #648 ), #2825 ) ;
#1180 = DIRECTION ( 'NONE',  ( 0.000000000000000000, -0.000000000000000000, 1.000000000000000000 ) ) ;
#1181 = DIRECTION ( 'NONE',  ( 0.000000000000000000, 1.000000000000000000, 0.000000000000000000 ) ) ;
#1182 = EDGE_LOOP ( 'NONE', ( #1737, #1997, #1420, #2025 ) ) ;
#1183 = CARTESIAN_POINT ( 'NONE',  ( 0.7999999999999986011, -0.3774999999999997802, 0.01999999999999994491 ) ) ;
#1184 =( GEOMETRIC_REPRESENTATION_CONTEXT ( 3 ) GLOBAL_UNCERTAINTY_ASSIGNED_CONTEXT ( ( #2526 ) ) GLOBAL_UNIT_ASSIGNED_CONTEXT ( ( #5814, #3335, #5294 ) ) REPRESENTATION_CONTEXT ( 'NONE', 'WORKASPACE' ) );
#1185 = CARTESIAN_POINT ( 'NONE',  ( -0.6400000000000012346, 0.2999999999999996003, 0.5200000000000000178 ) ) ;
#1186 = FILL_AREA_STYLE ('',( #787 ) ) ;
#1187 =( NAMED_UNIT ( * ) SI_UNIT ( $, .STERADIAN. ) SOLID_ANGLE_UNIT ( ) );
#1188 = CARTESIAN_POINT ( 'NONE',  ( -0.6939339828220163486, 0.1499999999999996336, 0.01999999999999994491 ) ) ;
#1189 = DIRECTION ( 'NONE',  ( 0.000000000000000000, -1.000000000000000000, 0.000000000000000000 ) ) ;
#1190 = ADVANCED_FACE ( 'NONE', ( #260 ), #5686, .T. ) ;
#1191 = SURFACE_SIDE_STYLE ('',( #150 ) ) ;
#1192 = ORIENTED_EDGE ( 'NONE', *, *, #4016, .F. ) ;
#1193 = SURFACE_STYLE_FILL_AREA ( #3640 ) ;
#1194 = CARTESIAN_POINT ( 'NONE',  ( 0.6249999999999985567, -0.3000000000000004885, 0.5050000000000000044 ) ) ;
#1195 = VERTEX_POINT ( 'NONE', #3721 ) ;
#1196 = FACE_OUTER_BOUND ( 'NONE', #3403, .T. ) ;
#1197 =( GEOMETRIC_REPRESENTATION_CONTEXT ( 3 ) GLOBAL_UNCERTAINTY_ASSIGNED_CONTEXT ( ( #4057 ) ) GLOBAL_UNIT_ASSIGNED_CONTEXT ( ( #4423, #2054, #557 ) ) REPRESENTATION_CONTEXT ( 'NONE', 'WORKASPACE' ) );
#1198 = SURFACE_STYLE_FILL_AREA ( #275 ) ;
#1199 = CARTESIAN_POINT ( 'NONE',  ( 0.000000000000000000, -0.6000000000000005329, 0.01999999999999994491 ) ) ;
#1200 = SURFACE_STYLE_FILL_AREA ( #610 ) ;
#1201 = ORIENTED_EDGE ( 'NONE', *, *, #4991, .T. ) ;
#1202 = CARTESIAN_POINT ( 'NONE',  ( -0.2499999999999997780, 0.1499999999999987732, 0.4442640687119290832 ) ) ;
#1203 = DIRECTION ( 'NONE',  ( 0.000000000000000000, 1.000000000000000000, -0.000000000000000000 ) ) ;
#1204 = SURFACE_STYLE_USAGE ( .BOTH. , #779 ) ;
#1205 = FILL_AREA_STYLE_COLOUR ( '', #5528 ) ;
#1206 = FACE_OUTER_BOUND ( 'NONE', #3268, .T. ) ;
#1207 = UNCERTAINTY_MEASURE_WITH_UNIT (LENGTH_MEASURE( 1.000000000000000082E-05 ), #134, 'distance_accuracy_value', 'NONE');
#1208 = ADVANCED_FACE ( 'NONE', ( #1250 ), #2231, .F. ) ;
#1209 = PRESENTATION_STYLE_ASSIGNMENT (( #6122 ) ) ;
#1210 = FILL_AREA_STYLE_COLOUR ( '', #1467 ) ;
#1211 = CARTESIAN_POINT ( 'NONE',  ( -0.5000000000000009992, 0.4249999999999996003, 0.5050000000000000044 ) ) ;
#1212 = CARTESIAN_POINT ( 'NONE',  ( -0.6939339828220163486, -0.1499999999999997446, 0.01999999999999994491 ) ) ;
#1213 = VECTOR ( 'NONE', #1158, 1000.000000000000000 ) ;
#1214 = DIRECTION ( 'NONE',  ( 0.000000000000000000, 0.000000000000000000, -1.000000000000000000 ) ) ;
#1215 = FILL_AREA_STYLE ('',( #5655 ) ) ;
#1216 = SURFACE_STYLE_FILL_AREA ( #4643 ) ;
#1217 = EDGE_LOOP ( 'NONE', ( #284, #1889, #4405, #1255 ) ) ;
#1218 = SURFACE_STYLE_FILL_AREA ( #4083 ) ;
#1219 = ORIENTED_EDGE ( 'NONE', *, *, #6032, .F. ) ;
#1220 = FILL_AREA_STYLE_COLOUR ( '', #5722 ) ;
#1221 = UNCERTAINTY_MEASURE_WITH_UNIT (LENGTH_MEASURE( 1.000000000000000082E-05 ), #800, 'distance_accuracy_value', 'NONE');
#1222 = AXIS2_PLACEMENT_3D ( 'NONE', #6112, #3223, #4269 ) ;
#1223 =( NAMED_UNIT ( * ) SI_UNIT ( $, .STERADIAN. ) SOLID_ANGLE_UNIT ( ) );
#1224 = ORIENTED_EDGE ( 'NONE', *, *, #5064, .F. ) ;
#1225 = DIRECTION ( 'NONE',  ( -0.000000000000000000, -0.000000000000000000, 1.000000000000000000 ) ) ;
#1226 = ADVANCED_FACE ( 'NONE', ( #1793 ), #2788, .F. ) ;
#1227 =( GEOMETRIC_REPRESENTATION_CONTEXT ( 3 ) GLOBAL_UNCERTAINTY_ASSIGNED_CONTEXT ( ( #879 ) ) GLOBAL_UNIT_ASSIGNED_CONTEXT ( ( #3521, #2554, #2504 ) ) REPRESENTATION_CONTEXT ( 'NONE', 'WORKASPACE' ) );
#1228 = DIRECTION ( 'NONE',  ( 1.000000000000000000, 0.000000000000000000, 0.000000000000000000 ) ) ;
#1229 = DIRECTION ( 'NONE',  ( 0.000000000000000000, 0.000000000000000000, -1.000000000000000000 ) ) ;
#1230 = VERTEX_POINT ( 'NONE', #4292 ) ;
#1231 = LINE ( 'NONE', #4603, #5636 ) ;
#1232 = ORIENTED_EDGE ( 'NONE', *, *, #4644, .F. ) ;
#1233 = CARTESIAN_POINT ( 'NONE',  ( 0.4999999999999983902, -0.4250000000000004885, 0.5200000000000000178 ) ) ;
#1234 = CARTESIAN_POINT ( 'NONE',  ( 0.000000000000000000, 0.000000000000000000, -0.2800000000000000266 ) ) ;
#1235 = ADVANCED_FACE ( 'NONE', ( #2826 ), #5787, .T. ) ;
#1236 = ADVANCED_FACE ( 'NONE', ( #4429 ), #5819, .F. ) ;
#1237 = VECTOR ( 'NONE', #486, 1000.000000000000000 ) ;
#1238 = MECHANICAL_DESIGN_GEOMETRIC_PRESENTATION_REPRESENTATION (  '', ( #1852 ), #713 ) ;
#1239 =( LENGTH_UNIT ( ) NAMED_UNIT ( * ) SI_UNIT ( .MILLI., .METRE. ) );
#1240 = EDGE_LOOP ( 'NONE', ( #2157, #3161, #1876, #3338 ) ) ;
#1241 = SURFACE_STYLE_FILL_AREA ( #163 ) ;
#1242 = SURFACE_SIDE_STYLE ('',( #285 ) ) ;
#1243 = CARTESIAN_POINT ( 'NONE',  ( -0.5000000000000012212, -0.3000000000000004885, 0.4550000000000000711 ) ) ;
#1244 = ORIENTED_EDGE ( 'NONE', *, *, #1526, .F. ) ;
#1245 = AXIS2_PLACEMENT_3D ( 'NONE', #5462, #4049, #5508 ) ;
#1246 = MECHANICAL_DESIGN_GEOMETRIC_PRESENTATION_REPRESENTATION (  '', ( #402 ), #3705 ) ;
#1247 = EDGE_CURVE ( 'NONE', #425, #579, #5002, .T. ) ;
#1248 = CARTESIAN_POINT ( 'NONE',  ( -0.6400000000000012346, 0.2999999999999996003, 0.4550000000000000711 ) ) ;
#1249 = VECTOR ( 'NONE', #4075, 1000.000000000000000 ) ;
#1250 = FACE_OUTER_BOUND ( 'NONE', #2104, .T. ) ;
#1251 = FACE_OUTER_BOUND ( 'NONE', #2376, .T. ) ;
#1252 = PLANE ( 'NONE',  #298 ) ;
#1253 = FACE_OUTER_BOUND ( 'NONE', #2830, .T. ) ;
#1254 = ORIENTED_EDGE ( 'NONE', *, *, #4836, .T. ) ;
#1255 = ORIENTED_EDGE ( 'NONE', *, *, #5880, .T. ) ;
#1256 = SURFACE_SIDE_STYLE ('',( #4223 ) ) ;
#1257 = COLOUR_RGB ( '',0.2862745098039215508, 0.2862745098039215508, 0.2862745098039215508 ) ;
#1258 = SURFACE_STYLE_USAGE ( .BOTH. , #1191 ) ;
#1259 = VECTOR ( 'NONE', #185, 1000.000000000000000 ) ;
#1260 = ORIENTED_EDGE ( 'NONE', *, *, #2729, .T. ) ;
#1261 = DIRECTION ( 'NONE',  ( -1.000000000000000000, -6.118385167737106238E-16, 0.000000000000000000 ) ) ;
#1262 =( LENGTH_UNIT ( ) NAMED_UNIT ( * ) SI_UNIT ( .MILLI., .METRE. ) );
#1263 = ORIENTED_EDGE ( 'NONE', *, *, #63, .F. ) ;
#1264 = VECTOR ( 'NONE', #746, 1000.000000000000000 ) ;
#1265 = LINE ( 'NONE', #305, #3278 ) ;
#1266 = PRESENTATION_LAYER_ASSIGNMENT (  '', '', ( #4365 ) ) ;
#1267 = PRESENTATION_STYLE_ASSIGNMENT (( #4270 ) ) ;
#1268 = PRESENTATION_LAYER_ASSIGNMENT (  '', '', ( #3218 ) ) ;
#1269 = CARTESIAN_POINT ( 'NONE',  ( 0.4999999999999986122, 0.2999999999999996003, 0.4400000000000000577 ) ) ;
#1270 = ORIENTED_EDGE ( 'NONE', *, *, #1382, .T. ) ;
#1271 = FILL_AREA_STYLE_COLOUR ( '', #5589 ) ;
#1272 = PRESENTATION_STYLE_ASSIGNMENT (( #131 ) ) ;
#1273 = DIRECTION ( 'NONE',  ( -0.000000000000000000, -0.000000000000000000, -1.000000000000000000 ) ) ;
#1274 = DIRECTION ( 'NONE',  ( -1.000000000000000000, 0.000000000000000000, 0.000000000000000000 ) ) ;
#1275 = CARTESIAN_POINT ( 'NONE',  ( 0.6249999999999985567, 0.2999999999999996003, 0.5050000000000000044 ) ) ;
#1276 = AXIS2_PLACEMENT_3D ( 'NONE', #6286, #935, #4353 ) ;
#1277 = UNCERTAINTY_MEASURE_WITH_UNIT (LENGTH_MEASURE( 1.000000000000000082E-05 ), #2444, 'distance_accuracy_value', 'NONE');
#1278 = EDGE_CURVE ( 'NONE', #1955, #3657, #4132, .T. ) ;
#1279 =( NAMED_UNIT ( * ) PLANE_ANGLE_UNIT ( ) SI_UNIT ( $, .RADIAN. ) );
#1280 = EDGE_LOOP ( 'NONE', ( #5365, #4335, #2864, #1455, #5357, #5391, #3363, #824 ) ) ;
#1281 = SURFACE_STYLE_USAGE ( .BOTH. , #5616 ) ;
#1282 = ADVANCED_FACE ( 'NONE', ( #3042, #3592 ), #2515, .T. ) ;
#1283 =( NAMED_UNIT ( * ) SI_UNIT ( $, .STERADIAN. ) SOLID_ANGLE_UNIT ( ) );
#1284 = VECTOR ( 'NONE', #4590, 1000.000000000000000 ) ;
#1285 = DIRECTION ( 'NONE',  ( -1.000000000000000000, 0.000000000000000000, -0.000000000000000000 ) ) ;
#1286 = ORIENTED_EDGE ( 'NONE', *, *, #498, .T. ) ;
#1287 =( GEOMETRIC_REPRESENTATION_CONTEXT ( 3 ) GLOBAL_UNCERTAINTY_ASSIGNED_CONTEXT ( ( #4579 ) ) GLOBAL_UNIT_ASSIGNED_CONTEXT ( ( #3060, #4241, #4180 ) ) REPRESENTATION_CONTEXT ( 'NONE', 'WORKASPACE' ) );
#1288 = COLOUR_RGB ( '',0.2862745098039215508, 0.2862745098039215508, 0.2862745098039215508 ) ;
#1289 = STYLED_ITEM ( 'NONE', ( #3381 ), #3549 ) ;
#1290 = FILL_AREA_STYLE ('',( #4155 ) ) ;
#1291 = VERTEX_POINT ( 'NONE', #3532 ) ;
#1292 = AXIS2_PLACEMENT_3D ( 'NONE', #2112, #6107, #4120 ) ;
#1293 = VECTOR ( 'NONE', #6083, 1000.000000000000000 ) ;
#1294 = UNCERTAINTY_MEASURE_WITH_UNIT (LENGTH_MEASURE( 1.000000000000000082E-05 ), #1262, 'distance_accuracy_value', 'NONE');
#1295 =( GEOMETRIC_REPRESENTATION_CONTEXT ( 3 ) GLOBAL_UNCERTAINTY_ASSIGNED_CONTEXT ( ( #2704 ) ) GLOBAL_UNIT_ASSIGNED_CONTEXT ( ( #4239, #2371, #6208 ) ) REPRESENTATION_CONTEXT ( 'NONE', 'WORKASPACE' ) );
#1296 = LINE ( 'NONE', #2266, #2532 ) ;
#1297 = EDGE_CURVE ( 'NONE', #264, #4093, #2586, .T. ) ;
#1298 = DIRECTION ( 'NONE',  ( 1.000000000000000000, 0.000000000000000000, 0.000000000000000000 ) ) ;
#1299 = PRESENTATION_STYLE_ASSIGNMENT (( #2797 ) ) ;
#1300 = DIRECTION ( 'NONE',  ( 0.000000000000000000, 0.000000000000000000, 1.000000000000000000 ) ) ;
#1301 = SURFACE_STYLE_FILL_AREA ( #2648 ) ;
#1302 = MECHANICAL_DESIGN_GEOMETRIC_PRESENTATION_REPRESENTATION (  '', ( #6252 ), #5641 ) ;
#1303 =( NAMED_UNIT ( * ) PLANE_ANGLE_UNIT ( ) SI_UNIT ( $, .RADIAN. ) );
#1304 = SURFACE_SIDE_STYLE ('',( #3358 ) ) ;
#1305 = DIRECTION ( 'NONE',  ( -0.000000000000000000, -0.000000000000000000, 1.000000000000000000 ) ) ;
#1306 = CARTESIAN_POINT ( 'NONE',  ( -0.5000000000000012212, -0.4400000000000004463, 0.5050000000000000044 ) ) ;
#1307 = ORIENTED_EDGE ( 'NONE', *, *, #1598, .F. ) ;
#1308 =( NAMED_UNIT ( * ) SI_UNIT ( $, .STERADIAN. ) SOLID_ANGLE_UNIT ( ) );
#1309 = SURFACE_STYLE_USAGE ( .BOTH. , #1375 ) ;
#1310 = CARTESIAN_POINT ( 'NONE',  ( 0.6549999999999986944, 0.000000000000000000, 0.4400000000000000577 ) ) ;
#1311 = FILL_AREA_STYLE_COLOUR ( '', #2528 ) ;
#1312 = ORIENTED_EDGE ( 'NONE', *, *, #3175, .T. ) ;
#1313 = CARTESIAN_POINT ( 'NONE',  ( -0.6500000000000012434, 0.5999999999999996447, 0.01999999999999994491 ) ) ;
#1314 = CARTESIAN_POINT ( 'NONE',  ( -0.2499999999999997780, 0.4939339828220177808, -0.2800000000000000266 ) ) ;
#1315 = LINE ( 'NONE', #6190, #4018 ) ;
#1316 = ADVANCED_FACE ( 'NONE', ( #1009 ), #1141, .T. ) ;
#1317 = LINE ( 'NONE', #5339, #1088 ) ;
#1318 = SURFACE_STYLE_USAGE ( .BOTH. , #5302 ) ;
#1319 = SURFACE_STYLE_FILL_AREA ( #5262 ) ;
#1320 = ORIENTED_EDGE ( 'NONE', *, *, #2430, .F. ) ;
#1321 =( NAMED_UNIT ( * ) PLANE_ANGLE_UNIT ( ) SI_UNIT ( $, .RADIAN. ) );
#1322 = ORIENTED_EDGE ( 'NONE', *, *, #4512, .T. ) ;
#1323 = FILL_AREA_STYLE_COLOUR ( '', #3602 ) ;
#1324 = ORIENTED_EDGE ( 'NONE', *, *, #63, .T. ) ;
#1325 =( LENGTH_UNIT ( ) NAMED_UNIT ( * ) SI_UNIT ( .MILLI., .METRE. ) );
#1326 = FACE_OUTER_BOUND ( 'NONE', #6343, .T. ) ;
#1327 = VERTEX_POINT ( 'NONE', #2064 ) ;
#1328 = ADVANCED_FACE ( 'NONE', ( #5088 ), #4582, .T. ) ;
#1329 =( NAMED_UNIT ( * ) PLANE_ANGLE_UNIT ( ) SI_UNIT ( $, .RADIAN. ) );
#1330 = VERTEX_POINT ( 'NONE', #5123 ) ;
#1331 = PLANE ( 'NONE',  #5495 ) ;
#1332 = SURFACE_STYLE_FILL_AREA ( #1839 ) ;
#1333 = ORIENTED_EDGE ( 'NONE', *, *, #3414, .T. ) ;
#1334 = DIRECTION ( 'NONE',  ( 0.000000000000000000, -1.000000000000000000, 0.000000000000000000 ) ) ;
#1335 = FILL_AREA_STYLE_COLOUR ( '', #554 ) ;
#1336 = UNCERTAINTY_MEASURE_WITH_UNIT (LENGTH_MEASURE( 1.000000000000000082E-05 ), #3178, 'distance_accuracy_value', 'NONE');
#1337 = SURFACE_SIDE_STYLE ('',( #1844 ) ) ;
#1338 =( NAMED_UNIT ( * ) SI_UNIT ( $, .STERADIAN. ) SOLID_ANGLE_UNIT ( ) );
#1339 = EDGE_LOOP ( 'NONE', ( #4679, #6206, #5708, #1741 ) ) ;
#1340 = LINE ( 'NONE', #4316, #2503 ) ;
#1341 = FACE_OUTER_BOUND ( 'NONE', #3341, .T. ) ;
#1342 = SURFACE_STYLE_USAGE ( .BOTH. , #5132 ) ;
#1343 = COLOUR_RGB ( '',0.8627450980392157298, 0.5882352941176470784, 0.06274509803921568540 ) ;
#1344 = UNCERTAINTY_MEASURE_WITH_UNIT (LENGTH_MEASURE( 1.000000000000000082E-05 ), #3933, 'distance_accuracy_value', 'NONE');
#1345 =( LENGTH_UNIT ( ) NAMED_UNIT ( * ) SI_UNIT ( .MILLI., .METRE. ) );
#1346 = STYLED_ITEM ( 'NONE', ( #6207 ), #1739 ) ;
#1347 = STYLED_ITEM ( 'NONE', ( #1515 ), #1022 ) ;
#1348 = DIRECTION ( 'NONE',  ( -0.000000000000000000, -0.000000000000000000, 1.000000000000000000 ) ) ;
#1349 = MECHANICAL_DESIGN_GEOMETRIC_PRESENTATION_REPRESENTATION (  '', ( #1023 ), #5060 ) ;
#1350 = VERTEX_POINT ( 'NONE', #2287 ) ;
#1351 = DIRECTION ( 'NONE',  ( 0.000000000000000000, 1.000000000000000000, 0.000000000000000000 ) ) ;
#1352 = COLOUR_RGB ( '',0.8627450980392157298, 0.6274509803921568540, 0.05882352941176470507 ) ;
#1353 = MECHANICAL_DESIGN_GEOMETRIC_PRESENTATION_REPRESENTATION (  '', ( #4127 ), #5693 ) ;
#1354 = LINE ( 'NONE', #4299, #5427 ) ;
#1355 = EDGE_CURVE ( 'NONE', #5037, #2348, #2693, .T. ) ;
#1356 = AXIS2_PLACEMENT_3D ( 'NONE', #4509, #165, #650 ) ;
#1357 = ORIENTED_EDGE ( 'NONE', *, *, #5761, .T. ) ;
#1358 = EDGE_CURVE ( 'NONE', #5245, #5475, #3412, .T. ) ;
#1359 = AXIS2_PLACEMENT_3D ( 'NONE', #3067, #4456, #5057 ) ;
#1360 = CARTESIAN_POINT ( 'NONE',  ( -0.5050000000000012257, -0.3050000000000004929, 0.5100000000000000089 ) ) ;
#1361 = ORIENTED_EDGE ( 'NONE', *, *, #3070, .T. ) ;
#1362 = FILL_AREA_STYLE_COLOUR ( '', #3735 ) ;
#1363 = CYLINDRICAL_SURFACE ( 'NONE', #5059, 0.01500000000000003934 ) ;
#1364 = ORIENTED_EDGE ( 'NONE', *, *, #528, .T. ) ;
#1365 = VECTOR ( 'NONE', #934, 1000.000000000000000 ) ;
#1366 = PRESENTATION_LAYER_ASSIGNMENT (  '', '', ( #1665 ) ) ;
#1367 = SURFACE_SIDE_STYLE ('',( #1428 ) ) ;
#1368 = DIRECTION ( 'NONE',  ( 0.000000000000000000, 0.000000000000000000, 1.000000000000000000 ) ) ;
#1369 = LINE ( 'NONE', #3325, #4798 ) ;
#1370 = ORIENTED_EDGE ( 'NONE', *, *, #5283, .T. ) ;
#1371 = DIRECTION ( 'NONE',  ( 0.000000000000000000, 0.000000000000000000, 1.000000000000000000 ) ) ;
#1372 =( NAMED_UNIT ( * ) SI_UNIT ( $, .STERADIAN. ) SOLID_ANGLE_UNIT ( ) );
#1373 = EDGE_CURVE ( 'NONE', #1697, #3170, #622, .T. ) ;
#1374 =( LENGTH_UNIT ( ) NAMED_UNIT ( * ) SI_UNIT ( .MILLI., .METRE. ) );
#1375 = SURFACE_SIDE_STYLE ('',( #4310 ) ) ;
#1376 = MECHANICAL_DESIGN_GEOMETRIC_PRESENTATION_REPRESENTATION (  '', ( #5183 ), #2993 ) ;
#1377 = VECTOR ( 'NONE', #4823, 1000.000000000000000 ) ;
#1378 = SURFACE_STYLE_FILL_AREA ( #3367 ) ;
#1379 = DIRECTION ( 'NONE',  ( 0.000000000000000000, 0.000000000000000000, -1.000000000000000000 ) ) ;
#1380 = VERTEX_POINT ( 'NONE', #5221 ) ;
#1381 = FILL_AREA_STYLE_COLOUR ( '', #2192 ) ;
#1382 = EDGE_CURVE ( 'NONE', #3591, #3407, #6188, .T. ) ;
#1383 = SURFACE_STYLE_FILL_AREA ( #3815 ) ;
#1384 = AXIS2_PLACEMENT_3D ( 'NONE', #484, #1496, #3025 ) ;
#1385 = CIRCLE ( 'NONE', #4986, 0.06000000000000026840 ) ;
#1386 = MECHANICAL_DESIGN_GEOMETRIC_PRESENTATION_REPRESENTATION (  '', ( #2113 ), #4265 ) ;
#1387 = VERTEX_POINT ( 'NONE', #783 ) ;
#1388 = CARTESIAN_POINT ( 'NONE',  ( -0.7999999999999986011, -0.5999999999999994227, 0.01999999999999994491 ) ) ;
#1389 = MECHANICAL_DESIGN_GEOMETRIC_PRESENTATION_REPRESENTATION (  '', ( #1784 ), #431 ) ;
#1390 =( NAMED_UNIT ( * ) PLANE_ANGLE_UNIT ( ) SI_UNIT ( $, .RADIAN. ) );
#1391 = ORIENTED_EDGE ( 'NONE', *, *, #5471, .F. ) ;
#1392 = CARTESIAN_POINT ( 'NONE',  ( -0.7999999999999986011, 0.5999999999999996447, -0.2800000000000000266 ) ) ;
#1393 = CIRCLE ( 'NONE', #5003, 0.01500000000000003934 ) ;
#1394 = FACE_OUTER_BOUND ( 'NONE', #5152, .T. ) ;
#1395 = AXIS2_PLACEMENT_3D ( 'NONE', #4617, #172, #3152 ) ;
#1396 = VECTOR ( 'NONE', #948, 1000.000000000000000 ) ;
#1397 = ORIENTED_EDGE ( 'NONE', *, *, #3241, .F. ) ;
#1398 =( NAMED_UNIT ( * ) PLANE_ANGLE_UNIT ( ) SI_UNIT ( $, .RADIAN. ) );
#1399 = EDGE_LOOP ( 'NONE', ( #3797, #3708, #2969, #5940 ) ) ;
#1400 = FILL_AREA_STYLE_COLOUR ( '', #2805 ) ;
#1401 =( NAMED_UNIT ( * ) SI_UNIT ( $, .STERADIAN. ) SOLID_ANGLE_UNIT ( ) );
#1402 = ORIENTED_EDGE ( 'NONE', *, *, #3789, .T. ) ;
#1403 = AXIS2_PLACEMENT_3D ( 'NONE', #4533, #93, #37 ) ;
#1404 = CARTESIAN_POINT ( 'NONE',  ( 0.4999999999999986122, 0.5149999999999995692, 0.2800000000000000266 ) ) ;
#1405 =( LENGTH_UNIT ( ) NAMED_UNIT ( * ) SI_UNIT ( .MILLI., .METRE. ) );
#1406 = ORIENTED_EDGE ( 'NONE', *, *, #5791, .F. ) ;
#1407 =( LENGTH_UNIT ( ) NAMED_UNIT ( * ) SI_UNIT ( .MILLI., .METRE. ) );
#1408 = CYLINDRICAL_SURFACE ( 'NONE', #6147, 0.2224999999999998368 ) ;
#1409 = LINE ( 'NONE', #2775, #938 ) ;
#1410 = DIRECTION ( 'NONE',  ( 0.000000000000000000, 0.000000000000000000, -1.000000000000000000 ) ) ;
#1411 = COLOUR_RGB ( '',0.8627450980392157298, 0.6274509803921568540, 0.05882352941176470507 ) ;
#1412 = CARTESIAN_POINT ( 'NONE',  ( -0.2499999999999997780, -0.4500000000000018430, -0.2800000000000000266 ) ) ;
#1413 = EDGE_CURVE ( 'NONE', #4386, #5706, #1752, .T. ) ;
#1414 = DIRECTION ( 'NONE',  ( -1.000000000000000000, 3.459701314448125721E-14, 0.000000000000000000 ) ) ;
#1415 = ORIENTED_EDGE ( 'NONE', *, *, #2194, .F. ) ;
#1416 = SURFACE_STYLE_USAGE ( .BOTH. , #2907 ) ;
#1417 = SURFACE_SIDE_STYLE ('',( #6258 ) ) ;
#1418 = DIRECTION ( 'NONE',  ( 0.000000000000000000, -1.000000000000000000, 0.000000000000000000 ) ) ;
#1419 = EDGE_CURVE ( 'NONE', #4809, #2355, #3087, .T. ) ;
#1420 = ORIENTED_EDGE ( 'NONE', *, *, #4103, .T. ) ;
#1421 =( NAMED_UNIT ( * ) SI_UNIT ( $, .STERADIAN. ) SOLID_ANGLE_UNIT ( ) );
#1422 = DIRECTION ( 'NONE',  ( -1.000000000000000000, 0.000000000000000000, 0.000000000000000000 ) ) ;
#1423 = ORIENTED_EDGE ( 'NONE', *, *, #4794, .F. ) ;
#1424 = FILL_AREA_STYLE ('',( #5343 ) ) ;
#1425 = SURFACE_SIDE_STYLE ('',( #6319 ) ) ;
#1426 = VERTEX_POINT ( 'NONE', #3621 ) ;
#1427 = ORIENTED_EDGE ( 'NONE', *, *, #1439, .T. ) ;
#1428 = SURFACE_STYLE_FILL_AREA ( #5800 ) ;
#1429 = FILL_AREA_STYLE ('',( #1910 ) ) ;
#1430 = ORIENTED_EDGE ( 'NONE', *, *, #3457, .F. ) ;
#1431 =( NAMED_UNIT ( * ) PLANE_ANGLE_UNIT ( ) SI_UNIT ( $, .RADIAN. ) );
#1432 = EDGE_CURVE ( 'NONE', #1330, #6173, #3914, .T. ) ;
#1433 = CARTESIAN_POINT ( 'NONE',  ( 0.7999999999999986011, -0.5999999999999998668, -0.2800000000000000266 ) ) ;
#1434 = CARTESIAN_POINT ( 'NONE',  ( 0.6399999999999986811, -0.3000000000000004885, 0.5200000000000000178 ) ) ;
#1435 =( NAMED_UNIT ( * ) SI_UNIT ( $, .STERADIAN. ) SOLID_ANGLE_UNIT ( ) );
#1436 = CARTESIAN_POINT ( 'NONE',  ( 0.000000000000000000, 0.000000000000000000, 0.01999999999999994491 ) ) ;
#1437 = ORIENTED_EDGE ( 'NONE', *, *, #118, .T. ) ;
#1438 = PRESENTATION_LAYER_ASSIGNMENT (  '', '', ( #2562 ) ) ;
#1439 = EDGE_CURVE ( 'NONE', #1018, #3657, #624, .T. ) ;
#1440 = ADVANCED_FACE ( 'NONE', ( #647 ), #5649, .T. ) ;
#1441 = ORIENTED_EDGE ( 'NONE', *, *, #4110, .F. ) ;
#1442 = STYLED_ITEM ( 'NONE', ( #5749 ), #592 ) ;
#1443 = ORIENTED_EDGE ( 'NONE', *, *, #5326, .T. ) ;
#1444 = PRESENTATION_STYLE_ASSIGNMENT (( #1963 ) ) ;
#1445 = DIRECTION ( 'NONE',  ( 1.000000000000000000, -1.506527021941980298E-15, 0.000000000000000000 ) ) ;
#1446 = EDGE_LOOP ( 'NONE', ( #4421, #6134, #542, #1095 ) ) ;
#1447 = PRESENTATION_LAYER_ASSIGNMENT (  '', '', ( #4951 ) ) ;
#1448 =( GEOMETRIC_REPRESENTATION_CONTEXT ( 3 ) GLOBAL_UNCERTAINTY_ASSIGNED_CONTEXT ( ( #6314 ) ) GLOBAL_UNIT_ASSIGNED_CONTEXT ( ( #3740, #4783, #1401 ) ) REPRESENTATION_CONTEXT ( 'NONE', 'WORKASPACE' ) );
#1449 =( GEOMETRIC_REPRESENTATION_CONTEXT ( 3 ) GLOBAL_UNCERTAINTY_ASSIGNED_CONTEXT ( ( #1933 ) ) GLOBAL_UNIT_ASSIGNED_CONTEXT ( ( #3794, #1831, #3734 ) ) REPRESENTATION_CONTEXT ( 'NONE', 'WORKASPACE' ) );
#1450 =( NAMED_UNIT ( * ) PLANE_ANGLE_UNIT ( ) SI_UNIT ( $, .RADIAN. ) );
#1451 = FILL_AREA_STYLE_COLOUR ( '', #513 ) ;
#1452 = PRESENTATION_STYLE_ASSIGNMENT (( #3480 ) ) ;
#1453 = PRESENTATION_LAYER_ASSIGNMENT (  '', '', ( #1653 ) ) ;
#1454 = VECTOR ( 'NONE', #763, 1000.000000000000000 ) ;
#1455 = ORIENTED_EDGE ( 'NONE', *, *, #5064, .T. ) ;
#1456 = MANIFOLD_SOLID_BREP ( 'Boss-Extrude4[2]', #3275 ) ;
#1457 = CYLINDRICAL_SURFACE ( 'NONE', #3948, 0.01499999999999998557 ) ;
#1458 = AXIS2_PLACEMENT_3D ( 'NONE', #3409, #2949, #2828 ) ;
#1459 = VECTOR ( 'NONE', #3171, 1000.000000000000000 ) ;
#1460 = CARTESIAN_POINT ( 'NONE',  ( 0.000000000000000000, -0.1499999999999997446, -0.2800000000000000266 ) ) ;
#1461 = EDGE_LOOP ( 'NONE', ( #4455, #4461, #4708, #2124 ) ) ;
#1462 = SURFACE_SIDE_STYLE ('',( #5019 ) ) ;
#1463 = CARTESIAN_POINT ( 'NONE',  ( -0.7999999999999986011, -0.4500000000000002887, 0.01999999999999994491 ) ) ;
#1464 = CARTESIAN_POINT ( 'NONE',  ( 0.4999999999999986122, -0.4250000000000004885, 0.5050000000000000044 ) ) ;
#1465 = DIRECTION ( 'NONE',  ( 1.000000000000000000, -0.000000000000000000, -0.000000000000000000 ) ) ;
#1466 = CIRCLE ( 'NONE', #6017, 0.2224999999999998368 ) ;
#1467 = COLOUR_RGB ( '',0.2862745098039215508, 0.2862745098039215508, 0.2862745098039215508 ) ;
#1468 = SURFACE_STYLE_FILL_AREA ( #6279 ) ;
#1469 =( NAMED_UNIT ( * ) PLANE_ANGLE_UNIT ( ) SI_UNIT ( $, .RADIAN. ) );
#1470 = ORIENTED_EDGE ( 'NONE', *, *, #1882, .F. ) ;
#1471 = CYLINDRICAL_SURFACE ( 'NONE', #5070, 0.2224999999999998368 ) ;
#1472 = FILL_AREA_STYLE_COLOUR ( '', #3660 ) ;
#1473 = FILL_AREA_STYLE_COLOUR ( '', #4973 ) ;
#1474 = ORIENTED_EDGE ( 'NONE', *, *, #1828, .F. ) ;
#1475 = MECHANICAL_DESIGN_GEOMETRIC_PRESENTATION_REPRESENTATION (  '', ( #2105 ), #2201 ) ;
#1476 = EDGE_CURVE ( 'NONE', #2415, #2248, #5292, .T. ) ;
#1477 = ORIENTED_EDGE ( 'NONE', *, *, #4915, .T. ) ;
#1478 = COLOUR_RGB ( '',0.8627450980392157298, 0.5882352941176470784, 0.06274509803921568540 ) ;
#1479 = SURFACE_STYLE_USAGE ( .BOTH. , #1964 ) ;
#1480 = AXIS2_PLACEMENT_3D ( 'NONE', #4939, #5891, #5440 ) ;
#1481 = VERTEX_POINT ( 'NONE', #1818 ) ;
#1482 = STYLED_ITEM ( 'NONE', ( #5848 ), #3085 ) ;
#1483 = UNCERTAINTY_MEASURE_WITH_UNIT (LENGTH_MEASURE( 1.000000000000000082E-05 ), #4450, 'distance_accuracy_value', 'NONE');
#1484 = LINE ( 'NONE', #22, #5488 ) ;
#1485 = LINE ( 'NONE', #2492, #6316 ) ;
#1486 = CARTESIAN_POINT ( 'NONE',  ( 0.4999999999999986122, 0.2999999999999996003, 0.4550000000000000711 ) ) ;
#1487 = VECTOR ( 'NONE', #5646, 1000.000000000000000 ) ;
#1488 = SURFACE_SIDE_STYLE ('',( #1702 ) ) ;
#1489 = EDGE_CURVE ( 'NONE', #799, #520, #1340, .T. ) ;
#1490 = AXIS2_PLACEMENT_3D ( 'NONE', #2705, #3637, #5201 ) ;
#1491 =( LENGTH_UNIT ( ) NAMED_UNIT ( * ) SI_UNIT ( .MILLI., .METRE. ) );
#1492 = PRESENTATION_STYLE_ASSIGNMENT (( #3387 ) ) ;
#1493 = CARTESIAN_POINT ( 'NONE',  ( 0.6044079500593120269, -0.4939339828220177808, -0.2800000000000000266 ) ) ;
#1494 = LINE ( 'NONE', #964, #1571 ) ;
#1495 = CARTESIAN_POINT ( 'NONE',  ( -0.8000000000000012657, 0.5999999999999996447, -0.2810000000000000275 ) ) ;
#1496 = DIRECTION ( 'NONE',  ( 0.000000000000000000, -1.000000000000000000, 0.000000000000000000 ) ) ;
#1497 = CARTESIAN_POINT ( 'NONE',  ( 0.6044079500593120269, -0.4939339828220177808, 0.01999999999999994491 ) ) ;
#1498 = STYLED_ITEM ( 'NONE', ( #3315 ), #6321 ) ;
#1499 = VECTOR ( 'NONE', #6221, 1000.000000000000000 ) ;
#1500 = FILL_AREA_STYLE_COLOUR ( '', #449 ) ;
#1501 = VECTOR ( 'NONE', #5144, 1000.000000000000000 ) ;
#1502 = VERTEX_POINT ( 'NONE', #836 ) ;
#1503 = CARTESIAN_POINT ( 'NONE',  ( -0.5650000000000015010, -0.3050000000000004929, 0.5200000000000000178 ) ) ;
#1504 = FACE_OUTER_BOUND ( 'NONE', #5804, .T. ) ;
#1505 = AXIS2_PLACEMENT_3D ( 'NONE', #2288, #1143, #5125 ) ;
#1506 = ORIENTED_EDGE ( 'NONE', *, *, #4598, .T. ) ;
#1507 = PRESENTATION_STYLE_ASSIGNMENT (( #1479 ) ) ;
#1508 = PRESENTATION_LAYER_ASSIGNMENT (  '', '', ( #664 ) ) ;
#1509 = FACE_OUTER_BOUND ( 'NONE', #5757, .T. ) ;
#1510 =( NAMED_UNIT ( * ) PLANE_ANGLE_UNIT ( ) SI_UNIT ( $, .RADIAN. ) );
#1511 = ADVANCED_FACE ( 'NONE', ( #2817 ), #1471, .F. ) ;
#1512 = DIRECTION ( 'NONE',  ( 0.000000000000000000, 0.000000000000000000, -1.000000000000000000 ) ) ;
#1513 = DIRECTION ( 'NONE',  ( 0.000000000000000000, 0.000000000000000000, 1.000000000000000000 ) ) ;
#1514 = EDGE_LOOP ( 'NONE', ( #4428, #3174, #1391, #1947 ) ) ;
#1515 = PRESENTATION_STYLE_ASSIGNMENT (( #4494 ) ) ;
#1516 = EDGE_CURVE ( 'NONE', #5776, #3299, #2416, .T. ) ;
#1517 = PRESENTATION_STYLE_ASSIGNMENT (( #3456 ) ) ;
#1518 = SURFACE_STYLE_FILL_AREA ( #3422 ) ;
#1519 = DIRECTION ( 'NONE',  ( 0.000000000000000000, -1.000000000000000000, 0.000000000000000000 ) ) ;
#1520 = FACE_OUTER_BOUND ( 'NONE', #852, .T. ) ;
#1521 =( LENGTH_UNIT ( ) NAMED_UNIT ( * ) SI_UNIT ( .MILLI., .METRE. ) );
#1522 = CARTESIAN_POINT ( 'NONE',  ( 0.7999999999999986011, 0.000000000000000000, 0.01999999999999994491 ) ) ;
#1523 = SURFACE_STYLE_FILL_AREA ( #2583 ) ;
#1524 = SURFACE_STYLE_FILL_AREA ( #3463 ) ;
#1525 = LINE ( 'NONE', #3490, #712 ) ;
#1526 = EDGE_CURVE ( 'NONE', #1078, #2747, #5387, .T. ) ;
#1527 = VECTOR ( 'NONE', #151, 1000.000000000000000 ) ;
#1528 = ORIENTED_EDGE ( 'NONE', *, *, #5587, .T. ) ;
#1529 = FILL_AREA_STYLE ('',( #1591 ) ) ;
#1530 = DIRECTION ( 'NONE',  ( 0.000000000000000000, 0.000000000000000000, -1.000000000000000000 ) ) ;
#1531 = FILL_AREA_STYLE ('',( #2024 ) ) ;
#1532 = PRESENTATION_STYLE_ASSIGNMENT (( #616 ) ) ;
#1533 = PRESENTATION_LAYER_ASSIGNMENT (  '', '', ( #3885 ) ) ;
#1534 = UNCERTAINTY_MEASURE_WITH_UNIT (LENGTH_MEASURE( 1.000000000000000082E-05 ), #6164, 'distance_accuracy_value', 'NONE');
#1535 = VECTOR ( 'NONE', #683, 1000.000000000000000 ) ;
#1536 = VERTEX_POINT ( 'NONE', #3898 ) ;
#1537 = FILL_AREA_STYLE ('',( #5979 ) ) ;
#1538 = CYLINDRICAL_SURFACE ( 'NONE', #4131, 0.1400000000000000411 ) ;
#1539 = ORIENTED_EDGE ( 'NONE', *, *, #1987, .F. ) ;
#1540 = STYLED_ITEM ( 'NONE', ( #1267 ), #757 ) ;
#1541 = LINE ( 'NONE', #4412, #2677 ) ;
#1542 = FILL_AREA_STYLE_COLOUR ( '', #3110 ) ;
#1543 = VERTEX_POINT ( 'NONE', #6256 ) ;
#1544 = DIRECTION ( 'NONE',  ( 0.000000000000000000, 0.000000000000000000, 1.000000000000000000 ) ) ;
#1545 = FILL_AREA_STYLE ('',( #5989 ) ) ;
#1546 = MECHANICAL_DESIGN_GEOMETRIC_PRESENTATION_REPRESENTATION (  '', ( #4229 ), #1448 ) ;
#1547 = AXIS2_PLACEMENT_3D ( 'NONE', #366, #2362, #794 ) ;
#1548 = ADVANCED_FACE ( 'NONE', ( #5049 ), #490, .F. ) ;
#1549 = UNCERTAINTY_MEASURE_WITH_UNIT (LENGTH_MEASURE( 1.000000000000000082E-05 ), #5546, 'distance_accuracy_value', 'NONE');
#1550 = EDGE_CURVE ( 'NONE', #6350, #745, #4765, .T. ) ;
#1551 = CARTESIAN_POINT ( 'NONE',  ( 0.4999999999999986122, -0.3000000000000004885, 0.4250000000000000999 ) ) ;
#1552 = VECTOR ( 'NONE', #6275, 1000.000000000000000 ) ;
#1553 = ORIENTED_EDGE ( 'NONE', *, *, #5316, .F. ) ;
#1554 =( GEOMETRIC_REPRESENTATION_CONTEXT ( 3 ) GLOBAL_UNCERTAINTY_ASSIGNED_CONTEXT ( ( #1534 ) ) GLOBAL_UNIT_ASSIGNED_CONTEXT ( ( #6164, #6131, #5624 ) ) REPRESENTATION_CONTEXT ( 'NONE', 'WORKASPACE' ) );
#1555 = LINE ( 'NONE', #3488, #3105 ) ;
#1556 = STYLED_ITEM ( 'NONE', ( #5910 ), #5335 ) ;
#1557 = SURFACE_STYLE_FILL_AREA ( #2962 ) ;
#1558 = AXIS2_PLACEMENT_3D ( 'NONE', #5977, #16, #79 ) ;
#1559 = EDGE_CURVE ( 'NONE', #3299, #2850, #2477, .T. ) ;
#1560 = EDGE_CURVE ( 'NONE', #472, #2850, #973, .T. ) ;
#1561 = SURFACE_STYLE_FILL_AREA ( #997 ) ;
#1562 = ORIENTED_EDGE ( 'NONE', *, *, #4361, .T. ) ;
#1563 = DIRECTION ( 'NONE',  ( 1.000000000000000000, 0.000000000000000000, 0.000000000000000000 ) ) ;
#1564 = VERTEX_POINT ( 'NONE', #3468 ) ;
#1565 = VECTOR ( 'NONE', #6043, 1000.000000000000000 ) ;
#1566 = VERTEX_POINT ( 'NONE', #3033 ) ;
#1567 =( GEOMETRIC_REPRESENTATION_CONTEXT ( 3 ) GLOBAL_UNCERTAINTY_ASSIGNED_CONTEXT ( ( #5085 ) ) GLOBAL_UNIT_ASSIGNED_CONTEXT ( ( #2279, #4604, #6209 ) ) REPRESENTATION_CONTEXT ( 'NONE', 'WORKASPACE' ) );
#1568 = ORIENTED_EDGE ( 'NONE', *, *, #3234, .F. ) ;
#1569 = PRESENTATION_STYLE_ASSIGNMENT (( #6016 ) ) ;
#1570 = EDGE_LOOP ( 'NONE', ( #4835, #687, #2262, #3326 ) ) ;
#1571 = VECTOR ( 'NONE', #2046, 1000.000000000000000 ) ;
#1572 = VECTOR ( 'NONE', #1410, 1000.000000000000000 ) ;
#1573 = AXIS2_PLACEMENT_3D ( 'NONE', #4266, #3736, #367 ) ;
#1574 = PRESENTATION_STYLE_ASSIGNMENT (( #3632 ) ) ;
#1575 = SURFACE_SIDE_STYLE ('',( #986 ) ) ;
#1576 = CARTESIAN_POINT ( 'NONE',  ( 0.6939339828220163486, 0.4044079500593131815, 0.01999999999999994491 ) ) ;
#1577 =( GEOMETRIC_REPRESENTATION_CONTEXT ( 3 ) GLOBAL_UNCERTAINTY_ASSIGNED_CONTEXT ( ( #3413 ) ) GLOBAL_UNIT_ASSIGNED_CONTEXT ( ( #3992, #5478, #4565 ) ) REPRESENTATION_CONTEXT ( 'NONE', 'WORKASPACE' ) );
#1578 = MECHANICAL_DESIGN_GEOMETRIC_PRESENTATION_REPRESENTATION (  '', ( #748 ), #2813 ) ;
#1579 = SURFACE_SIDE_STYLE ('',( #1518 ) ) ;
#1580 = TOROIDAL_SURFACE ( 'NONE', #5413, 0.1550000000000000266, 0.01499999999999999944 ) ;
#1581 = VECTOR ( 'NONE', #1465, 1000.000000000000000 ) ;
#1582 = CARTESIAN_POINT ( 'NONE',  ( -0.2499999999999997780, -0.4939339828220177808, 0.01999999999999994491 ) ) ;
#1583 = DIRECTION ( 'NONE',  ( 0.000000000000000000, 0.000000000000000000, -1.000000000000000000 ) ) ;
#1584 = CARTESIAN_POINT ( 'NONE',  ( 0.000000000000000000, 0.000000000000000000, -0.2800000000000000266 ) ) ;
#1585 = EDGE_CURVE ( 'NONE', #1426, #2925, #3998, .T. ) ;
#1586 = CARTESIAN_POINT ( 'NONE',  ( 0.5774999999999985700, 0.5999999999999996447, 0.01999999999999994491 ) ) ;
#1587 = COLOUR_RGB ( '',0.8627450980392157298, 0.5882352941176470784, 0.06274509803921568540 ) ;
#1588 = PRESENTATION_STYLE_ASSIGNMENT (( #2088 ) ) ;
#1589 = DIRECTION ( 'NONE',  ( 0.000000000000000000, 1.000000000000000000, 0.000000000000000000 ) ) ;
#1590 = ORIENTED_EDGE ( 'NONE', *, *, #1797, .T. ) ;
#1591 = FILL_AREA_STYLE_COLOUR ( '', #3204 ) ;
#1592 = SURFACE_SIDE_STYLE ('',( #6035 ) ) ;
#1593 =( GEOMETRIC_REPRESENTATION_CONTEXT ( 3 ) GLOBAL_UNCERTAINTY_ASSIGNED_CONTEXT ( ( #5234 ) ) GLOBAL_UNIT_ASSIGNED_CONTEXT ( ( #4473, #3990, #5442 ) ) REPRESENTATION_CONTEXT ( 'NONE', 'WORKASPACE' ) );
#1594 = SURFACE_SIDE_STYLE ('',( #5080 ) ) ;
#1595 = CARTESIAN_POINT ( 'NONE',  ( 0.2499999999999997780, -0.1499999999999997446, -0.2800000000000000266 ) ) ;
#1596 = VECTOR ( 'NONE', #1589, 1000.000000000000000 ) ;
#1597 = PRESENTATION_STYLE_ASSIGNMENT (( #2095 ) ) ;
#1598 = EDGE_CURVE ( 'NONE', #5765, #972, #39, .T. ) ;
#1599 =( LENGTH_UNIT ( ) NAMED_UNIT ( * ) SI_UNIT ( .MILLI., .METRE. ) );
#1600 = PRESENTATION_LAYER_ASSIGNMENT (  '', '', ( #1498 ) ) ;
#1601 = COLOUR_RGB ( '',0.8627450980392157298, 0.6274509803921568540, 0.05882352941176470507 ) ;
#1602 = UNCERTAINTY_MEASURE_WITH_UNIT (LENGTH_MEASURE( 1.000000000000000082E-05 ), #4200, 'distance_accuracy_value', 'NONE');
#1603 =( GEOMETRIC_REPRESENTATION_CONTEXT ( 3 ) GLOBAL_UNCERTAINTY_ASSIGNED_CONTEXT ( ( #767 ) ) GLOBAL_UNIT_ASSIGNED_CONTEXT ( ( #1025, #4887, #2012 ) ) REPRESENTATION_CONTEXT ( 'NONE', 'WORKASPACE' ) );
#1604 = ORIENTED_EDGE ( 'NONE', *, *, #6366, .F. ) ;
#1605 =( NAMED_UNIT ( * ) SI_UNIT ( $, .STERADIAN. ) SOLID_ANGLE_UNIT ( ) );
#1606 = VERTEX_POINT ( 'NONE', #999 ) ;
#1607 = SURFACE_STYLE_FILL_AREA ( #4076 ) ;
#1608 = DIRECTION ( 'NONE',  ( -1.000000000000000000, 0.000000000000000000, 0.000000000000000000 ) ) ;
#1609 = ORIENTED_EDGE ( 'NONE', *, *, #4024, .T. ) ;
#1610 = CIRCLE ( 'NONE', #1915, 0.1849999999999999423 ) ;
#1611 = EDGE_CURVE ( 'NONE', #2454, #5852, #2097, .T. ) ;
#1612 = FILL_AREA_STYLE_COLOUR ( '', #2380 ) ;
#1613 = MECHANICAL_DESIGN_GEOMETRIC_PRESENTATION_REPRESENTATION (  '', ( #777 ), #4499 ) ;
#1614 = DIRECTION ( 'NONE',  ( 0.000000000000000000, 0.000000000000000000, -1.000000000000000000 ) ) ;
#1615 =( NAMED_UNIT ( * ) PLANE_ANGLE_UNIT ( ) SI_UNIT ( $, .RADIAN. ) );
#1616 = ORIENTED_EDGE ( 'NONE', *, *, #498, .F. ) ;
#1617 = LINE ( 'NONE', #5658, #1060 ) ;
#1618 = UNCERTAINTY_MEASURE_WITH_UNIT (LENGTH_MEASURE( 1.000000000000000082E-05 ), #821, 'distance_accuracy_value', 'NONE');
#1619 = EDGE_LOOP ( 'NONE', ( #5421, #1905, #2893, #3921 ) ) ;
#1620 = DIRECTION ( 'NONE',  ( -0.000000000000000000, -0.000000000000000000, -1.000000000000000000 ) ) ;
#1621 = SURFACE_STYLE_USAGE ( .BOTH. , #4526 ) ;
#1622 = ORIENTED_EDGE ( 'NONE', *, *, #3655, .F. ) ;
#1623 = CARTESIAN_POINT ( 'NONE',  ( 0.000000000000000000, 0.4849999999999995981, 0.4250000000000000999 ) ) ;
#1624 = CARTESIAN_POINT ( 'NONE',  ( -0.7000000000000011768, 0.4999999999999995559, 0.4400000000000000577 ) ) ;
#1625 = MANIFOLD_SOLID_BREP ( 'Cut-Extrude3', #694 ) ;
#1626 = CARTESIAN_POINT ( 'NONE',  ( 0.6939339828220163486, 0.000000000000000000, 0.01999999999999994491 ) ) ;
#1627 = ORIENTED_EDGE ( 'NONE', *, *, #2041, .T. ) ;
#1628 =( LENGTH_UNIT ( ) NAMED_UNIT ( * ) SI_UNIT ( .MILLI., .METRE. ) );
#1629 = LINE ( 'NONE', #2217, #5107 ) ;
#1630 = SURFACE_STYLE_USAGE ( .BOTH. , #3558 ) ;
#1631 = ADVANCED_FACE ( 'NONE', ( #5555 ), #4535, .T. ) ;
#1632 = ORIENTED_EDGE ( 'NONE', *, *, #5761, .F. ) ;
#1633 =( NAMED_UNIT ( * ) PLANE_ANGLE_UNIT ( ) SI_UNIT ( $, .RADIAN. ) );
#1634 = MECHANICAL_DESIGN_GEOMETRIC_PRESENTATION_REPRESENTATION (  '', ( #795 ), #2049 ) ;
#1635 = LINE ( 'NONE', #2156, #3095 ) ;
#1636 = FILL_AREA_STYLE_COLOUR ( '', #1975 ) ;
#1637 = VERTEX_POINT ( 'NONE', #182 ) ;
#1638 = AXIS2_PLACEMENT_3D ( 'NONE', #797, #665, #5773 ) ;
#1639 =( NAMED_UNIT ( * ) SI_UNIT ( $, .STERADIAN. ) SOLID_ANGLE_UNIT ( ) );
#1640 = SURFACE_STYLE_USAGE ( .BOTH. , #2670 ) ;
#1641 =( GEOMETRIC_REPRESENTATION_CONTEXT ( 3 ) GLOBAL_UNCERTAINTY_ASSIGNED_CONTEXT ( ( #424 ) ) GLOBAL_UNIT_ASSIGNED_CONTEXT ( ( #2414, #3431, #1435 ) ) REPRESENTATION_CONTEXT ( 'NONE', 'WORKASPACE' ) );
#1642 = DIRECTION ( 'NONE',  ( -1.000000000000000000, 1.949127501097535707E-15, 0.000000000000000000 ) ) ;
#1643 = DIRECTION ( 'NONE',  ( 0.000000000000000000, -1.000000000000000000, 0.000000000000000000 ) ) ;
#1644 = TOROIDAL_SURFACE ( 'NONE', #4224, 0.2150000000000000244, 0.01499999999999999944 ) ;
#1645 = CARTESIAN_POINT ( 'NONE',  ( 0.6399999999999986811, -0.3000000000000004885, 0.5200000000000000178 ) ) ;
#1646 = ORIENTED_EDGE ( 'NONE', *, *, #4110, .T. ) ;
#1647 =( GEOMETRIC_REPRESENTATION_CONTEXT ( 3 ) GLOBAL_UNCERTAINTY_ASSIGNED_CONTEXT ( ( #1618 ) ) GLOBAL_UNIT_ASSIGNED_CONTEXT ( ( #821, #269, #2299 ) ) REPRESENTATION_CONTEXT ( 'NONE', 'WORKASPACE' ) );
#1648 = PLANE ( 'NONE',  #3 ) ;
#1649 =( NAMED_UNIT ( * ) SI_UNIT ( $, .STERADIAN. ) SOLID_ANGLE_UNIT ( ) );
#1650 = CARTESIAN_POINT ( 'NONE',  ( 0.6849999999999984990, 0.2999999999999996003, 0.4400000000000000577 ) ) ;
#1651 = PLANE ( 'NONE',  #4568 ) ;
#1652 = PLANE ( 'NONE',  #4485 ) ;
#1653 = STYLED_ITEM ( 'NONE', ( #2249 ), #1672 ) ;
#1654 = AXIS2_PLACEMENT_3D ( 'NONE', #761, #3629, #1704 ) ;
#1655 = CARTESIAN_POINT ( 'NONE',  ( -0.7999999999999986011, 0.5999999999999996447, 0.01999999999999994491 ) ) ;
#1656 = AXIS2_PLACEMENT_3D ( 'NONE', #6228, #1796, #2699 ) ;
#1657 = ORIENTED_EDGE ( 'NONE', *, *, #2354, .F. ) ;
#1658 = DIRECTION ( 'NONE',  ( 0.000000000000000000, 0.000000000000000000, -1.000000000000000000 ) ) ;
#1659 = COLOUR_RGB ( '',0.8627450980392157298, 0.5882352941176470784, 0.06274509803921568540 ) ;
#1660 =( NAMED_UNIT ( * ) PLANE_ANGLE_UNIT ( ) SI_UNIT ( $, .RADIAN. ) );
#1661 =( GEOMETRIC_REPRESENTATION_CONTEXT ( 3 ) GLOBAL_UNCERTAINTY_ASSIGNED_CONTEXT ( ( #1791 ) ) GLOBAL_UNIT_ASSIGNED_CONTEXT ( ( #4038, #2031, #1605 ) ) REPRESENTATION_CONTEXT ( 'NONE', 'WORKASPACE' ) );
#1662 = FACE_OUTER_BOUND ( 'NONE', #368, .T. ) ;
#1663 = EDGE_CURVE ( 'NONE', #2469, #76, #218, .T. ) ;
#1664 = AXIS2_PLACEMENT_3D ( 'NONE', #3266, #4731, #1285 ) ;
#1665 = STYLED_ITEM ( 'NONE', ( #7 ), #1625 ) ;
#1666 = DIRECTION ( 'NONE',  ( -1.000000000000000000, 0.000000000000000000, 0.000000000000000000 ) ) ;
#1667 = CARTESIAN_POINT ( 'NONE',  ( 0.4999999999999986122, -0.3000000000000004885, 0.5200000000000000178 ) ) ;
#1668 = PRESENTATION_LAYER_ASSIGNMENT (  '', '', ( #210 ) ) ;
#1669 = DIRECTION ( 'NONE',  ( -0.000000000000000000, -0.000000000000000000, 1.000000000000000000 ) ) ;
#1670 = EDGE_LOOP ( 'NONE', ( #4545, #2476, #6210, #5505 ) ) ;
#1671 = SURFACE_SIDE_STYLE ('',( #5099 ) ) ;
#1672 = ADVANCED_FACE ( 'NONE', ( #2216 ), #1648, .F. ) ;
#1673 = AXIS2_PLACEMENT_3D ( 'NONE', #2870, #409, #2408 ) ;
#1674 = PLANE ( 'NONE',  #1490 ) ;
#1675 = FILL_AREA_STYLE_COLOUR ( '', #2284 ) ;
#1676 = CIRCLE ( 'NONE', #5409, 0.01499999999999998557 ) ;
#1677 = CARTESIAN_POINT ( 'NONE',  ( 0.6939339828220163486, 0.4044079500593131815, -0.2800000000000000266 ) ) ;
#1678 = ORIENTED_EDGE ( 'NONE', *, *, #5195, .T. ) ;
#1679 = DIRECTION ( 'NONE',  ( 0.000000000000000000, 0.000000000000000000, -1.000000000000000000 ) ) ;
#1680 = MECHANICAL_DESIGN_GEOMETRIC_PRESENTATION_REPRESENTATION (  '', ( #841 ), #2606 ) ;
#1681 =( LENGTH_UNIT ( ) NAMED_UNIT ( * ) SI_UNIT ( .MILLI., .METRE. ) );
#1682 = EDGE_CURVE ( 'NONE', #2925, #1764, #3229, .T. ) ;
#1683 = MECHANICAL_DESIGN_GEOMETRIC_PRESENTATION_REPRESENTATION (  '', ( #29 ), #546 ) ;
#1684 = CIRCLE ( 'NONE', #2111, 0.01499999999999998557 ) ;
#1685 = CARTESIAN_POINT ( 'NONE',  ( 0.000000000000000000, 0.5999999999999996447, -0.2800000000000000266 ) ) ;
#1686 =( NAMED_UNIT ( * ) PLANE_ANGLE_UNIT ( ) SI_UNIT ( $, .RADIAN. ) );
#1687 = ORIENTED_EDGE ( 'NONE', *, *, #2240, .F. ) ;
#1688 = DIRECTION ( 'NONE',  ( 1.000000000000000000, 6.118385167737106238E-16, 0.000000000000000000 ) ) ;
#1689 = SURFACE_STYLE_USAGE ( .BOTH. , #2149 ) ;
#1690 = DIRECTION ( 'NONE',  ( 0.000000000000000000, 0.000000000000000000, 1.000000000000000000 ) ) ;
#1691 = CARTESIAN_POINT ( 'NONE',  ( -0.5000000000000012212, -0.5000000000000004441, 0.4250000000000000999 ) ) ;
#1692 = VECTOR ( 'NONE', #867, 1000.000000000000000 ) ;
#1693 = CARTESIAN_POINT ( 'NONE',  ( -0.6939339828220163486, -0.1499999999999997446, 0.01999999999999994491 ) ) ;
#1694 = ORIENTED_EDGE ( 'NONE', *, *, #885, .T. ) ;
#1695 = DIRECTION ( 'NONE',  ( 0.000000000000000000, 0.000000000000000000, -1.000000000000000000 ) ) ;
#1696 = PRESENTATION_LAYER_ASSIGNMENT (  '', '', ( #5424 ) ) ;
#1697 = VERTEX_POINT ( 'NONE', #5605 ) ;
#1698 = DIRECTION ( 'NONE',  ( 0.000000000000000000, -1.000000000000000000, 0.000000000000000000 ) ) ;
#1699 = DIRECTION ( 'NONE',  ( 1.000000000000000000, 0.000000000000000000, 0.000000000000000000 ) ) ;
#1700 = AXIS2_PLACEMENT_3D ( 'NONE', #5309, #3854, #297 ) ;
#1701 = COLOUR_RGB ( '',0.8627450980392157298, 0.6274509803921568540, 0.05882352941176470507 ) ;
#1702 = SURFACE_STYLE_FILL_AREA ( #2550 ) ;
#1703 = MECHANICAL_DESIGN_GEOMETRIC_PRESENTATION_REPRESENTATION (  '', ( #5011 ), #653 ) ;
#1704 = DIRECTION ( 'NONE',  ( -1.000000000000000000, 0.000000000000000000, 0.000000000000000000 ) ) ;
#1705 = CARTESIAN_POINT ( 'NONE',  ( -0.4450000000000009504, -0.3050000000000004929, 0.5100000000000000089 ) ) ;
#1706 = VECTOR ( 'NONE', #2653, 1000.000000000000000 ) ;
#1707 = CIRCLE ( 'NONE', #2840, 0.1999999999999999833 ) ;
#1708 = FACE_OUTER_BOUND ( 'NONE', #1055, .T. ) ;
#1709 = ORIENTED_EDGE ( 'NONE', *, *, #3169, .F. ) ;
#1710 =( NAMED_UNIT ( * ) SI_UNIT ( $, .STERADIAN. ) SOLID_ANGLE_UNIT ( ) );
#1711 =( NAMED_UNIT ( * ) SI_UNIT ( $, .STERADIAN. ) SOLID_ANGLE_UNIT ( ) );
#1712 = EDGE_CURVE ( 'NONE', #3344, #1502, #4137, .T. ) ;
#1713 = CARTESIAN_POINT ( 'NONE',  ( -0.5774999999999987921, -0.6000000000000005329, 0.01999999999999994491 ) ) ;
#1714 = ADVANCED_FACE ( 'NONE', ( #1132 ), #5078, .F. ) ;
#1715 = DIRECTION ( 'NONE',  ( 0.000000000000000000, 0.000000000000000000, 1.000000000000000000 ) ) ;
#1716 = ORIENTED_EDGE ( 'NONE', *, *, #3833, .F. ) ;
#1717 =( LENGTH_UNIT ( ) NAMED_UNIT ( * ) SI_UNIT ( .MILLI., .METRE. ) );
#1718 = CARTESIAN_POINT ( 'NONE',  ( 0.6939339828220163486, 0.000000000000000000, -0.2800000000000000266 ) ) ;
#1719 = SURFACE_STYLE_FILL_AREA ( #6150 ) ;
#1720 = DIRECTION ( 'NONE',  ( -0.000000000000000000, -0.000000000000000000, 1.000000000000000000 ) ) ;
#1721 = ORIENTED_EDGE ( 'NONE', *, *, #5435, .T. ) ;
#1722 = CARTESIAN_POINT ( 'NONE',  ( -0.8000000000000012657, 0.3774999999999995581, 0.01999999999999994491 ) ) ;
#1723 = ADVANCED_FACE ( 'NONE', ( #3327 ), #2774, .F. ) ;
#1724 = FILL_AREA_STYLE ('',( #6155 ) ) ;
#1725 = DIRECTION ( 'NONE',  ( 0.000000000000000000, -1.000000000000000000, 0.000000000000000000 ) ) ;
#1726 = UNCERTAINTY_MEASURE_WITH_UNIT (LENGTH_MEASURE( 1.000000000000000082E-05 ), #3401, 'distance_accuracy_value', 'NONE');
#1727 = DIRECTION ( 'NONE',  ( 0.000000000000000000, -1.000000000000000000, 0.000000000000000000 ) ) ;
#1728 = ORIENTED_EDGE ( 'NONE', *, *, #5185, .F. ) ;
#1729 = DIRECTION ( 'NONE',  ( -1.000000000000000000, 0.000000000000000000, 0.000000000000000000 ) ) ;
#1730 = FILL_AREA_STYLE_COLOUR ( '', #4918 ) ;
#1731 = VERTEX_POINT ( 'NONE', #1812 ) ;
#1732 = DIRECTION ( 'NONE',  ( -1.000000000000000000, 0.000000000000000000, 0.000000000000000000 ) ) ;
#1733 = DIRECTION ( 'NONE',  ( 0.000000000000000000, 0.000000000000000000, 1.000000000000000000 ) ) ;
#1734 = FILL_AREA_STYLE_COLOUR ( '', #4553 ) ;
#1735 = LINE ( 'NONE', #3601, #1284 ) ;
#1736 = AXIS2_PLACEMENT_3D ( 'NONE', #309, #4273, #6244 ) ;
#1737 = ORIENTED_EDGE ( 'NONE', *, *, #1550, .F. ) ;
#1738 = SURFACE_STYLE_USAGE ( .BOTH. , #6174 ) ;
#1739 = ADVANCED_FACE ( 'NONE', ( #5246 ), #1331, .F. ) ;
#1740 = EDGE_CURVE ( 'NONE', #1543, #181, #2340, .T. ) ;
#1741 = ORIENTED_EDGE ( 'NONE', *, *, #4036, .T. ) ;
#1742 = DIRECTION ( 'NONE',  ( -0.000000000000000000, -0.000000000000000000, 1.000000000000000000 ) ) ;
#1743 = AXIS2_PLACEMENT_3D ( 'NONE', #1495, #2959, #3865 ) ;
#1744 = DIRECTION ( 'NONE',  ( -1.000000000000000000, 0.000000000000000000, 0.000000000000000000 ) ) ;
#1745 = EDGE_LOOP ( 'NONE', ( #2692, #4340, #5700, #2091 ) ) ;
#1746 = FACE_OUTER_BOUND ( 'NONE', #949, .T. ) ;
#1747 = LINE ( 'NONE', #1691, #2222 ) ;
#1748 =( LENGTH_UNIT ( ) NAMED_UNIT ( * ) SI_UNIT ( .MILLI., .METRE. ) );
#1749 = EDGE_CURVE ( 'NONE', #5579, #5187, #57, .T. ) ;
#1750 = AXIS2_PLACEMENT_3D ( 'NONE', #4513, #4081, #3107 ) ;
#1751 = ORIENTED_EDGE ( 'NONE', *, *, #2571, .T. ) ;
#1752 = LINE ( 'NONE', #1313, #5912 ) ;
#1753 = EDGE_LOOP ( 'NONE', ( #2044, #998, #3424, #6308 ) ) ;
#1754 = SURFACE_SIDE_STYLE ('',( #5682 ) ) ;
#1755 = SURFACE_SIDE_STYLE ('',( #3238 ) ) ;
#1756 = AXIS2_PLACEMENT_3D ( 'NONE', #4588, #2980, #4972 ) ;
#1757 = AXIS2_PLACEMENT_3D ( 'NONE', #43, #2094, #4956 ) ;
#1758 = EDGE_CURVE ( 'NONE', #6357, #1018, #3984, .T. ) ;
#1759 = AXIS2_PLACEMENT_3D ( 'NONE', #1115, #2607, #144 ) ;
#1760 = STYLED_ITEM ( 'NONE', ( #2599 ), #1316 ) ;
#1761 = DIRECTION ( 'NONE',  ( 0.000000000000000000, 0.000000000000000000, 1.000000000000000000 ) ) ;
#1762 = DIRECTION ( 'NONE',  ( 0.000000000000000000, 1.000000000000000000, 0.000000000000000000 ) ) ;
#1763 =( LENGTH_UNIT ( ) NAMED_UNIT ( * ) SI_UNIT ( .MILLI., .METRE. ) );
#1764 = VERTEX_POINT ( 'NONE', #3046 ) ;
#1765 = FACE_OUTER_BOUND ( 'NONE', #3228, .T. ) ;
#1766 = AXIS2_PLACEMENT_3D ( 'NONE', #3566, #6259, #3658 ) ;
#1767 = AXIS2_PLACEMENT_3D ( 'NONE', #4609, #4148, #3682 ) ;
#1768 = CARTESIAN_POINT ( 'NONE',  ( -0.5050000000000012257, -0.3050000000000004929, 0.5100000000000000089 ) ) ;
#1769 = COLOUR_RGB ( '',0.8627450980392157298, 0.6274509803921568540, 0.05882352941176470507 ) ;
#1770 = ORIENTED_EDGE ( 'NONE', *, *, #1476, .F. ) ;
#1771 = DIRECTION ( 'NONE',  ( 0.000000000000000000, 0.000000000000000000, -1.000000000000000000 ) ) ;
#1772 = SURFACE_SIDE_STYLE ('',( #3353 ) ) ;
#1773 = CARTESIAN_POINT ( 'NONE',  ( -0.5000000000000012212, -0.4550000000000005151, 0.4400000000000000577 ) ) ;
#1774 = MECHANICAL_DESIGN_GEOMETRIC_PRESENTATION_REPRESENTATION (  '', ( #5713 ), #2602 ) ;
#1775 = CARTESIAN_POINT ( 'NONE',  ( -0.8000000000000012657, 0.3774999999999995581, 0.01999999999999994491 ) ) ;
#1776 = VECTOR ( 'NONE', #796, 1000.000000000000000 ) ;
#1777 = CARTESIAN_POINT ( 'NONE',  ( -0.5499999999999986011, -0.1499999999999997446, -0.2800000000000000266 ) ) ;
#1778 = ORIENTED_EDGE ( 'NONE', *, *, #4836, .F. ) ;
#1779 = COLOUR_RGB ( '',0.8627450980392157298, 0.6274509803921568540, 0.05882352941176470507 ) ;
#1780 = SURFACE_STYLE_FILL_AREA ( #2654 ) ;
#1781 = ORIENTED_EDGE ( 'NONE', *, *, #245, .T. ) ;
#1782 =( NAMED_UNIT ( * ) SI_UNIT ( $, .STERADIAN. ) SOLID_ANGLE_UNIT ( ) );
#1783 = SURFACE_SIDE_STYLE ('',( #1719 ) ) ;
#1784 = STYLED_ITEM ( 'NONE', ( #3875 ), #3043 ) ;
#1785 = ORIENTED_EDGE ( 'NONE', *, *, #5499, .F. ) ;
#1786 = CARTESIAN_POINT ( 'NONE',  ( -0.5000000000000012212, -0.4250000000000004885, 0.5050000000000000044 ) ) ;
#1787 = CIRCLE ( 'NONE', #5418, 0.1500000000000000777 ) ;
#1788 = SURFACE_SIDE_STYLE ('',( #4637 ) ) ;
#1789 = MECHANICAL_DESIGN_GEOMETRIC_PRESENTATION_REPRESENTATION (  '', ( #4586 ), #2613 ) ;
#1790 = PRESENTATION_LAYER_ASSIGNMENT (  '', '', ( #5208 ) ) ;
#1791 = UNCERTAINTY_MEASURE_WITH_UNIT (LENGTH_MEASURE( 1.000000000000000082E-05 ), #4038, 'distance_accuracy_value', 'NONE');
#1792 = VECTOR ( 'NONE', #5751, 1000.000000000000000 ) ;
#1793 = FACE_OUTER_BOUND ( 'NONE', #1461, .T. ) ;
#1794 = DIRECTION ( 'NONE',  ( 1.000000000000000000, 6.118385167737106238E-16, 0.000000000000000000 ) ) ;
#1795 = CARTESIAN_POINT ( 'NONE',  ( 0.2499999999999997780, -0.4939339828220177808, 0.01999999999999994491 ) ) ;
#1796 = DIRECTION ( 'NONE',  ( -1.000000000000000000, -0.000000000000000000, -0.000000000000000000 ) ) ;
#1797 = EDGE_CURVE ( 'NONE', #1380, #3407, #1541, .T. ) ;
#1798 = ORIENTED_EDGE ( 'NONE', *, *, #4232, .T. ) ;
#1799 =( GEOMETRIC_REPRESENTATION_CONTEXT ( 3 ) GLOBAL_UNCERTAINTY_ASSIGNED_CONTEXT ( ( #3665 ) ) GLOBAL_UNIT_ASSIGNED_CONTEXT ( ( #837, #2851, #2450 ) ) REPRESENTATION_CONTEXT ( 'NONE', 'WORKASPACE' ) );
#1800 = MECHANICAL_DESIGN_GEOMETRIC_PRESENTATION_REPRESENTATION (  '', ( #4698 ), #5429 ) ;
#1801 = AXIS2_PLACEMENT_3D ( 'NONE', #1051, #538, #4912 ) ;
#1802 = PRESENTATION_LAYER_ASSIGNMENT (  '', '', ( #3551 ) ) ;
#1803 = DIRECTION ( 'NONE',  ( -1.000000000000000000, 1.949127501097535707E-15, 0.000000000000000000 ) ) ;
#1804 = AXIS2_PLACEMENT_3D ( 'NONE', #3723, #1761, #5128 ) ;
#1805 = FACE_OUTER_BOUND ( 'NONE', #257, .T. ) ;
#1806 =( NAMED_UNIT ( * ) PLANE_ANGLE_UNIT ( ) SI_UNIT ( $, .RADIAN. ) );
#1807 = STYLED_ITEM ( 'NONE', ( #6014 ), #4312 ) ;
#1808 = DIRECTION ( 'NONE',  ( -0.000000000000000000, -1.000000000000000000, -0.000000000000000000 ) ) ;
#1809 = CARTESIAN_POINT ( 'NONE',  ( -0.6250000000000011102, -0.3000000000000004885, 0.5200000000000000178 ) ) ;
#1810 = FILL_AREA_STYLE ('',( #4851 ) ) ;
#1811 = EDGE_LOOP ( 'NONE', ( #1357, #6326, #6348, #1980 ) ) ;
#1812 = CARTESIAN_POINT ( 'NONE',  ( -0.5000000000000012212, -0.5000000000000004441, 0.2950000000000000400 ) ) ;
#1813 = AXIS2_PLACEMENT_3D ( 'NONE', #4830, #1819, #3783 ) ;
#1814 = LINE ( 'NONE', #5865, #4767 ) ;
#1815 = CARTESIAN_POINT ( 'NONE',  ( -0.2499999999999997780, -0.4939339828220177808, -0.2800000000000000266 ) ) ;
#1816 = DIRECTION ( 'NONE',  ( -1.000000000000000000, 0.000000000000000000, 0.000000000000000000 ) ) ;
#1817 = EDGE_LOOP ( 'NONE', ( #489, #3467, #5312, #2745 ) ) ;
#1818 = CARTESIAN_POINT ( 'NONE',  ( -0.4450000000000009504, -0.3050000000000004929, 0.5100000000000000089 ) ) ;
#1819 = DIRECTION ( 'NONE',  ( -6.118385167737106238E-16, -1.000000000000000000, 0.000000000000000000 ) ) ;
#1820 = CYLINDRICAL_SURFACE ( 'NONE', #13, 0.2225000000000000311 ) ;
#1821 = ADVANCED_FACE ( 'NONE', ( #113 ), #100, .F. ) ;
#1822 = DIRECTION ( 'NONE',  ( 0.000000000000000000, 0.000000000000000000, -1.000000000000000000 ) ) ;
#1823 = FILL_AREA_STYLE_COLOUR ( '', #4407 ) ;
#1824 = PRESENTATION_STYLE_ASSIGNMENT (( #6263 ) ) ;
#1825 = SURFACE_STYLE_USAGE ( .BOTH. , #235 ) ;
#1826 = VERTEX_POINT ( 'NONE', #2136 ) ;
#1827 =( GEOMETRIC_REPRESENTATION_CONTEXT ( 3 ) GLOBAL_UNCERTAINTY_ASSIGNED_CONTEXT ( ( #6387 ) ) GLOBAL_UNIT_ASSIGNED_CONTEXT ( ( #4890, #5960, #2988 ) ) REPRESENTATION_CONTEXT ( 'NONE', 'WORKASPACE' ) );
#1828 = EDGE_CURVE ( 'NONE', #6179, #2089, #3908, .T. ) ;
#1829 = ADVANCED_FACE ( 'NONE', ( #4516 ), #722, .T. ) ;
#1830 = CARTESIAN_POINT ( 'NONE',  ( -0.6550000000000012479, -0.3000000000000004885, 0.4550000000000000711 ) ) ;
#1831 =( NAMED_UNIT ( * ) PLANE_ANGLE_UNIT ( ) SI_UNIT ( $, .RADIAN. ) );
#1832 = MECHANICAL_DESIGN_GEOMETRIC_PRESENTATION_REPRESENTATION (  '', ( #5572 ), #4433 ) ;
#1833 =( NAMED_UNIT ( * ) PLANE_ANGLE_UNIT ( ) SI_UNIT ( $, .RADIAN. ) );
#1834 = EDGE_CURVE ( 'NONE', #5124, #2454, #5566, .T. ) ;
#1835 = AXIS2_PLACEMENT_3D ( 'NONE', #5207, #774, #2306 ) ;
#1836 = DIRECTION ( 'NONE',  ( -1.000000000000000000, 0.000000000000000000, 0.000000000000000000 ) ) ;
#1837 = EDGE_LOOP ( 'NONE', ( #535, #1847, #5321, #3737 ) ) ;
#1838 = FILL_AREA_STYLE ('',( #2809 ) ) ;
#1839 = FILL_AREA_STYLE ('',( #4414 ) ) ;
#1840 = CARTESIAN_POINT ( 'NONE',  ( 0.6939339828220163486, -0.4044079500593134036, 0.01999999999999994491 ) ) ;
#1841 = SURFACE_SIDE_STYLE ('',( #2344 ) ) ;
#1842 = MECHANICAL_DESIGN_GEOMETRIC_PRESENTATION_REPRESENTATION (  '', ( #1442 ), #1960 ) ;
#1843 = CARTESIAN_POINT ( 'NONE',  ( -0.7999999999999986011, -0.5999999999999994227, 0.01999999999999994491 ) ) ;
#1844 = SURFACE_STYLE_FILL_AREA ( #1918 ) ;
#1845 =( GEOMETRIC_REPRESENTATION_CONTEXT ( 3 ) GLOBAL_UNCERTAINTY_ASSIGNED_CONTEXT ( ( #3976 ) ) GLOBAL_UNIT_ASSIGNED_CONTEXT ( ( #1599, #5449, #5551 ) ) REPRESENTATION_CONTEXT ( 'NONE', 'WORKASPACE' ) );
#1846 = LINE ( 'NONE', #3810, #1792 ) ;
#1847 = ORIENTED_EDGE ( 'NONE', *, *, #5448, .F. ) ;
#1848 = CARTESIAN_POINT ( 'NONE',  ( 0.000000000000000000, -0.4939339828220177808, -0.2800000000000000266 ) ) ;
#1849 = CARTESIAN_POINT ( 'NONE',  ( -0.6939339828220163486, -0.1499999999999997446, 0.01999999999999994491 ) ) ;
#1850 = FILL_AREA_STYLE ('',( #4865 ) ) ;
#1851 = FILL_AREA_STYLE_COLOUR ( '', #1163 ) ;
#1852 = STYLED_ITEM ( 'NONE', ( #6238 ), #5066 ) ;
#1853 = UNCERTAINTY_MEASURE_WITH_UNIT (LENGTH_MEASURE( 1.000000000000000082E-05 ), #4764, 'distance_accuracy_value', 'NONE');
#1854 = ORIENTED_EDGE ( 'NONE', *, *, #5013, .F. ) ;
#1855 = SURFACE_SIDE_STYLE ('',( #2422 ) ) ;
#1856 = PRESENTATION_LAYER_ASSIGNMENT (  '', '', ( #3505 ) ) ;
#1857 =( NAMED_UNIT ( * ) SI_UNIT ( $, .STERADIAN. ) SOLID_ANGLE_UNIT ( ) );
#1858 = VECTOR ( 'NONE', #595, 999.9999999999998863 ) ;
#1859 =( LENGTH_UNIT ( ) NAMED_UNIT ( * ) SI_UNIT ( .MILLI., .METRE. ) );
#1860 = PRESENTATION_LAYER_ASSIGNMENT (  '', '', ( #618 ) ) ;
#1861 = ORIENTED_EDGE ( 'NONE', *, *, #2237, .T. ) ;
#1862 = SURFACE_STYLE_FILL_AREA ( #6266 ) ;
#1863 = VECTOR ( 'NONE', #4256, 1000.000000000000000 ) ;
#1864 = COLOUR_RGB ( '',0.2862745098039215508, 0.2862745098039215508, 0.2862745098039215508 ) ;
#1865 = UNCERTAINTY_MEASURE_WITH_UNIT (LENGTH_MEASURE( 1.000000000000000082E-05 ), #3078, 'distance_accuracy_value', 'NONE');
#1866 = SURFACE_STYLE_FILL_AREA ( #1424 ) ;
#1867 = CIRCLE ( 'NONE', #5175, 0.1500000000000000777 ) ;
#1868 = ORIENTED_EDGE ( 'NONE', *, *, #5189, .F. ) ;
#1869 = AXIS2_PLACEMENT_3D ( 'NONE', #1929, #5299, #1822 ) ;
#1870 =( NAMED_UNIT ( * ) SI_UNIT ( $, .STERADIAN. ) SOLID_ANGLE_UNIT ( ) );
#1871 = FACE_BOUND ( 'NONE', #6000, .T. ) ;
#1872 = DIRECTION ( 'NONE',  ( -1.000000000000000000, 0.000000000000000000, 0.000000000000000000 ) ) ;
#1873 = CIRCLE ( 'NONE', #5813, 0.1499999999999995226 ) ;
#1874 = MECHANICAL_DESIGN_GEOMETRIC_PRESENTATION_REPRESENTATION (  '', ( #3822 ), #719 ) ;
#1875 = CARTESIAN_POINT ( 'NONE',  ( -0.5650000000000015010, -0.3050000000000004929, 0.5100000000000000089 ) ) ;
#1876 = ORIENTED_EDGE ( 'NONE', *, *, #875, .T. ) ;
#1877 = CYLINDRICAL_SURFACE ( 'NONE', #4652, 0.2225000000000000311 ) ;
#1878 = CARTESIAN_POINT ( 'NONE',  ( 0.000000000000000000, -0.5999999999999998668, 0.01999999999999994491 ) ) ;
#1879 = CARTESIAN_POINT ( 'NONE',  ( -0.6550000000000012479, -0.3000000000000004885, 0.4400000000000000577 ) ) ;
#1880 = PRESENTATION_LAYER_ASSIGNMENT (  '', '', ( #3824 ) ) ;
#1881 = CARTESIAN_POINT ( 'NONE',  ( 0.6939339828220163486, 0.000000000000000000, 0.01999999999999994491 ) ) ;
#1882 = EDGE_CURVE ( 'NONE', #1481, #1387, #170, .T. ) ;
#1883 = STYLED_ITEM ( 'NONE', ( #3094 ), #5483 ) ;
#1884 = EDGE_LOOP ( 'NONE', ( #5615, #5380, #2947, #6376 ) ) ;
#1885 = CARTESIAN_POINT ( 'NONE',  ( -0.5499999999999997113, -0.1499999999999997446, 0.01999999999999994491 ) ) ;
#1886 = CARTESIAN_POINT ( 'NONE',  ( 0.4999999999999986122, 0.4399999999999995581, 0.4550000000000000711 ) ) ;
#1887 = DIRECTION ( 'NONE',  ( -1.000000000000000000, 0.000000000000000000, 0.000000000000000000 ) ) ;
#1888 = FACE_OUTER_BOUND ( 'NONE', #4005, .T. ) ;
#1889 = ORIENTED_EDGE ( 'NONE', *, *, #1073, .F. ) ;
#1890 = AXIS2_PLACEMENT_3D ( 'NONE', #1464, #5995, #2935 ) ;
#1891 =( GEOMETRIC_REPRESENTATION_CONTEXT ( 3 ) GLOBAL_UNCERTAINTY_ASSIGNED_CONTEXT ( ( #3656 ) ) GLOBAL_UNIT_ASSIGNED_CONTEXT ( ( #2854, #5361, #5877 ) ) REPRESENTATION_CONTEXT ( 'NONE', 'WORKASPACE' ) );
#1892 = VECTOR ( 'NONE', #2983, 1000.000000000000000 ) ;
#1893 = ORIENTED_EDGE ( 'NONE', *, *, #167, .T. ) ;
#1894 = SURFACE_STYLE_FILL_AREA ( #326 ) ;
#1895 = AXIS2_PLACEMENT_3D ( 'NONE', #3892, #5903, #4792 ) ;
#1896 = LINE ( 'NONE', #3044, #248 ) ;
#1897 = CARTESIAN_POINT ( 'NONE',  ( 0.000000000000000000, 0.000000000000000000, 0.2800000000000000266 ) ) ;
#1898 = VERTEX_POINT ( 'NONE', #1795 ) ;
#1899 =( GEOMETRIC_REPRESENTATION_CONTEXT ( 3 ) GLOBAL_UNCERTAINTY_ASSIGNED_CONTEXT ( ( #5034 ) ) GLOBAL_UNIT_ASSIGNED_CONTEXT ( ( #2264, #4261, #5766 ) ) REPRESENTATION_CONTEXT ( 'NONE', 'WORKASPACE' ) );
#1900 = STYLED_ITEM ( 'NONE', ( #1597 ), #3168 ) ;
#1901 = SURFACE_STYLE_FILL_AREA ( #3950 ) ;
#1902 = MECHANICAL_DESIGN_GEOMETRIC_PRESENTATION_REPRESENTATION (  '', ( #5208 ), #764 ) ;
#1903 = PRESENTATION_LAYER_ASSIGNMENT (  '', '', ( #5732 ) ) ;
#1904 =( NAMED_UNIT ( * ) SI_UNIT ( $, .STERADIAN. ) SOLID_ANGLE_UNIT ( ) );
#1905 = ORIENTED_EDGE ( 'NONE', *, *, #5120, .F. ) ;
#1906 = MECHANICAL_DESIGN_GEOMETRIC_PRESENTATION_REPRESENTATION (  '', ( #3551 ), #768 ) ;
#1907 = EDGE_CURVE ( 'NONE', #4447, #2348, #4157, .T. ) ;
#1908 = FACE_OUTER_BOUND ( 'NONE', #2145, .T. ) ;
#1909 = ADVANCED_FACE ( 'NONE', ( #3309 ), #3306, .T. ) ;
#1910 = FILL_AREA_STYLE_COLOUR ( '', #4065 ) ;
#1911 = EDGE_LOOP ( 'NONE', ( #2463, #6273, #4039, #2917 ) ) ;
#1912 = SURFACE_STYLE_FILL_AREA ( #4723 ) ;
#1913 = CYLINDRICAL_SURFACE ( 'NONE', #1743, 0.1500000000000000777 ) ;
#1914 = CARTESIAN_POINT ( 'NONE',  ( 0.7999999999999986011, 0.5999999999999996447, 0.01999999999999994491 ) ) ;
#1915 = AXIS2_PLACEMENT_3D ( 'NONE', #3831, #373, #2806 ) ;
#1916 = LINE ( 'NONE', #1412, #3444 ) ;
#1917 = SURFACE_STYLE_USAGE ( .BOTH. , #2411 ) ;
#1918 = FILL_AREA_STYLE ('',( #4418 ) ) ;
#1919 = EDGE_CURVE ( 'NONE', #4027, #1731, #1142, .T. ) ;
#1920 = FILL_AREA_STYLE_COLOUR ( '', #2325 ) ;
#1921 = ORIENTED_EDGE ( 'NONE', *, *, #2855, .T. ) ;
#1922 = EDGE_LOOP ( 'NONE', ( #4325, #6123, #1307, #89 ) ) ;
#1923 = DIRECTION ( 'NONE',  ( 0.000000000000000000, 0.000000000000000000, 1.000000000000000000 ) ) ;
#1924 = DIRECTION ( 'NONE',  ( 1.000000000000000000, 0.000000000000000000, 0.000000000000000000 ) ) ;
#1925 = DIRECTION ( 'NONE',  ( -0.000000000000000000, -0.000000000000000000, -1.000000000000000000 ) ) ;
#1926 = UNCERTAINTY_MEASURE_WITH_UNIT (LENGTH_MEASURE( 1.000000000000000082E-05 ), #786, 'distance_accuracy_value', 'NONE');
#1927 = UNCERTAINTY_MEASURE_WITH_UNIT (LENGTH_MEASURE( 1.000000000000000082E-05 ), #5871, 'distance_accuracy_value', 'NONE');
#1928 = ORIENTED_EDGE ( 'NONE', *, *, #1585, .F. ) ;
#1929 = CARTESIAN_POINT ( 'NONE',  ( 0.7149999999999986366, -0.5000000000000004441, 0.2950000000000000400 ) ) ;
#1930 = FILL_AREA_STYLE ('',( #1823 ) ) ;
#1931 = LINE ( 'NONE', #3880, #5286 ) ;
#1932 = ORIENTED_EDGE ( 'NONE', *, *, #2852, .F. ) ;
#1933 = UNCERTAINTY_MEASURE_WITH_UNIT (LENGTH_MEASURE( 1.000000000000000082E-05 ), #3794, 'distance_accuracy_value', 'NONE');
#1934 = APPLICATION_PROTOCOL_DEFINITION ( 'draft international standard', 'automotive_design', 1998, #5156 ) ;
#1935 = VERTEX_POINT ( 'NONE', #814 ) ;
#1936 =( NAMED_UNIT ( * ) PLANE_ANGLE_UNIT ( ) SI_UNIT ( $, .RADIAN. ) );
#1937 = VERTEX_POINT ( 'NONE', #2327 ) ;
#1938 =( NAMED_UNIT ( * ) SI_UNIT ( $, .STERADIAN. ) SOLID_ANGLE_UNIT ( ) );
#1939 = EDGE_LOOP ( 'NONE', ( #4713, #201, #560, #251 ) ) ;
#1940 = UNCERTAINTY_MEASURE_WITH_UNIT (LENGTH_MEASURE( 1.000000000000000082E-05 ), #3173, 'distance_accuracy_value', 'NONE');
#1941 = DIRECTION ( 'NONE',  ( 1.000000000000000000, 0.000000000000000000, 0.000000000000000000 ) ) ;
#1942 = VECTOR ( 'NONE', #1981, 1000.000000000000000 ) ;
#1943 = DIRECTION ( 'NONE',  ( 1.000000000000000000, 0.000000000000000000, 0.000000000000000000 ) ) ;
#1944 = ORIENTED_EDGE ( 'NONE', *, *, #1091, .F. ) ;
#1945 = DIRECTION ( 'NONE',  ( 0.000000000000000000, 0.000000000000000000, -1.000000000000000000 ) ) ;
#1946 = CARTESIAN_POINT ( 'NONE',  ( -0.8000000000000012657, -0.6000000000000005329, 0.2800000000000000266 ) ) ;
#1947 = ORIENTED_EDGE ( 'NONE', *, *, #4368, .F. ) ;
#1948 = DIRECTION ( 'NONE',  ( 0.000000000000000000, -1.000000000000000000, 0.000000000000000000 ) ) ;
#1949 = DIRECTION ( 'NONE',  ( 0.000000000000000000, 0.000000000000000000, -1.000000000000000000 ) ) ;
#1950 = DIRECTION ( 'NONE',  ( 0.000000000000000000, -1.000000000000000000, -0.000000000000000000 ) ) ;
#1951 = ADVANCED_FACE ( 'NONE', ( #2734 ), #1252, .F. ) ;
#1952 = AXIS2_PLACEMENT_3D ( 'NONE', #3385, #5373, #1872 ) ;
#1953 = FACE_OUTER_BOUND ( 'NONE', #4306, .T. ) ;
#1954 = CYLINDRICAL_SURFACE ( 'NONE', #766, 0.01499999999999998557 ) ;
#1955 = VERTEX_POINT ( 'NONE', #5726 ) ;
#1956 = STYLED_ITEM ( 'NONE', ( #1517 ), #81 ) ;
#1957 = LINE ( 'NONE', #4735, #3608 ) ;
#1958 = ORIENTED_EDGE ( 'NONE', *, *, #477, .T. ) ;
#1959 = EDGE_CURVE ( 'NONE', #246, #5797, #2260, .T. ) ;
#1960 =( GEOMETRIC_REPRESENTATION_CONTEXT ( 3 ) GLOBAL_UNCERTAINTY_ASSIGNED_CONTEXT ( ( #758 ) ) GLOBAL_UNIT_ASSIGNED_CONTEXT ( ( #1748, #4181, #3201 ) ) REPRESENTATION_CONTEXT ( 'NONE', 'WORKASPACE' ) );
#1961 = ORIENTED_EDGE ( 'NONE', *, *, #2814, .F. ) ;
#1962 = FILL_AREA_STYLE_COLOUR ( '', #2696 ) ;
#1963 = SURFACE_STYLE_USAGE ( .BOTH. , #4323 ) ;
#1964 = SURFACE_SIDE_STYLE ('',( #6378 ) ) ;
#1965 = ORIENTED_EDGE ( 'NONE', *, *, #3680, .F. ) ;
#1966 = AXIS2_PLACEMENT_3D ( 'NONE', #2151, #6068, #5053 ) ;
#1967 = EDGE_CURVE ( 'NONE', #4732, #3888, #2758, .T. ) ;
#1968 = PRESENTATION_LAYER_ASSIGNMENT (  '', '', ( #2071 ) ) ;
#1969 = VECTOR ( 'NONE', #4846, 1000.000000000000000 ) ;
#1970 = DIRECTION ( 'NONE',  ( 0.000000000000000000, 0.000000000000000000, 1.000000000000000000 ) ) ;
#1971 = FILL_AREA_STYLE_COLOUR ( '', #5612 ) ;
#1972 = LINE ( 'NONE', #1576, #3439 ) ;
#1973 = PRESENTATION_LAYER_ASSIGNMENT (  '', '', ( #4747 ) ) ;
#1974 = STYLED_ITEM ( 'NONE', ( #4554 ), #1155 ) ;
#1975 = COLOUR_RGB ( '',0.8627450980392157298, 0.6274509803921568540, 0.05882352941176470507 ) ;
#1976 = ORIENTED_EDGE ( 'NONE', *, *, #306, .T. ) ;
#1977 = COLOUR_RGB ( '',0.2862745098039215508, 0.2862745098039215508, 0.2862745098039215508 ) ;
#1978 = AXIS2_PLACEMENT_3D ( 'NONE', #1786, #5188, #2632 ) ;
#1979 = SURFACE_STYLE_USAGE ( .BOTH. , #2338 ) ;
#1980 = ORIENTED_EDGE ( 'NONE', *, *, #2427, .F. ) ;
#1981 = DIRECTION ( 'NONE',  ( 0.000000000000000000, -1.000000000000000000, 0.000000000000000000 ) ) ;
#1982 = PRESENTATION_STYLE_ASSIGNMENT (( #6392 ) ) ;
#1983 = PRESENTATION_STYLE_ASSIGNMENT (( #3461 ) ) ;
#1984 = CARTESIAN_POINT ( 'NONE',  ( 0.6939339828220163486, 0.4044079500593131815, 0.01999999999999994491 ) ) ;
#1985 = LINE ( 'NONE', #2445, #5898 ) ;
#1986 = CYLINDRICAL_SURFACE ( 'NONE', #4332, 0.2225000000000000311 ) ;
#1987 = EDGE_CURVE ( 'NONE', #1955, #5982, #5399, .T. ) ;
#1988 = CARTESIAN_POINT ( 'NONE',  ( -0.8000000000000012657, 0.000000000000000000, 0.01999999999999994491 ) ) ;
#1989 = ORIENTED_EDGE ( 'NONE', *, *, #2511, .F. ) ;
#1990 =( LENGTH_UNIT ( ) NAMED_UNIT ( * ) SI_UNIT ( .MILLI., .METRE. ) );
#1991 = CIRCLE ( 'NONE', #4023, 0.1400000000000000411 ) ;
#1992 = DIRECTION ( 'NONE',  ( 1.000000000000000000, 0.000000000000000000, 0.000000000000000000 ) ) ;
#1993 = LINE ( 'NONE', #976, #2305 ) ;
#1994 = VERTEX_POINT ( 'NONE', #3446 ) ;
#1995 = VECTOR ( 'NONE', #5645, 1000.000000000000000 ) ;
#1996 = AXIS2_PLACEMENT_3D ( 'NONE', #32, #4441, #5445 ) ;
#1997 = ORIENTED_EDGE ( 'NONE', *, *, #2315, .T. ) ;
#1998 = FILL_AREA_STYLE ('',( #4006 ) ) ;
#1999 = EDGE_CURVE ( 'NONE', #6111, #2619, #2887, .T. ) ;
#2000 = DIRECTION ( 'NONE',  ( 0.000000000000000000, 0.000000000000000000, 1.000000000000000000 ) ) ;
#2001 = ORIENTED_EDGE ( 'NONE', *, *, #833, .T. ) ;
#2002 = AXIS2_PLACEMENT_3D ( 'NONE', #4161, #2138, #599 ) ;
#2003 = FILL_AREA_STYLE_COLOUR ( '', #3340 ) ;
#2004 = ADVANCED_FACE ( 'NONE', ( #2487 ), #4936, .F. ) ;
#2005 = DIRECTION ( 'NONE',  ( 0.000000000000000000, 0.000000000000000000, -1.000000000000000000 ) ) ;
#2006 =( GEOMETRIC_REPRESENTATION_CONTEXT ( 3 ) GLOBAL_UNCERTAINTY_ASSIGNED_CONTEXT ( ( #1014 ) ) GLOBAL_UNIT_ASSIGNED_CONTEXT ( ( #6070, #6092, #5614 ) ) REPRESENTATION_CONTEXT ( 'NONE', 'WORKASPACE' ) );
#2007 =( NAMED_UNIT ( * ) SI_UNIT ( $, .STERADIAN. ) SOLID_ANGLE_UNIT ( ) );
#2008 = COLOUR_RGB ( '',0.8627450980392157298, 0.6274509803921568540, 0.05882352941176470507 ) ;
#2009 =( GEOMETRIC_REPRESENTATION_CONTEXT ( 3 ) GLOBAL_UNCERTAINTY_ASSIGNED_CONTEXT ( ( #2460 ) ) GLOBAL_UNIT_ASSIGNED_CONTEXT ( ( #2307, #1329, #2803 ) ) REPRESENTATION_CONTEXT ( 'NONE', 'WORKASPACE' ) );
#2010 = UNCERTAINTY_MEASURE_WITH_UNIT (LENGTH_MEASURE( 1.000000000000000082E-05 ), #1405, 'distance_accuracy_value', 'NONE');
#2011 =( GEOMETRIC_REPRESENTATION_CONTEXT ( 3 ) GLOBAL_UNCERTAINTY_ASSIGNED_CONTEXT ( ( #5169 ) ) GLOBAL_UNIT_ASSIGNED_CONTEXT ( ( #781, #416, #1338 ) ) REPRESENTATION_CONTEXT ( 'NONE', 'WORKASPACE' ) );
#2012 =( NAMED_UNIT ( * ) SI_UNIT ( $, .STERADIAN. ) SOLID_ANGLE_UNIT ( ) );
#2013 = VERTEX_POINT ( 'NONE', #6352 ) ;
#2014 = PRESENTATION_STYLE_ASSIGNMENT (( #1621 ) ) ;
#2015 = SURFACE_STYLE_FILL_AREA ( #4527 ) ;
#2016 = LINE ( 'NONE', #35, #5586 ) ;
#2017 = AXIS2_PLACEMENT_3D ( 'NONE', #4388, #6345, #5847 ) ;
#2018 = MECHANICAL_DESIGN_GEOMETRIC_PRESENTATION_REPRESENTATION (  '', ( #2230 ), #6141 ) ;
#2019 = PRESENTATION_STYLE_ASSIGNMENT (( #970 ) ) ;
#2020 = PRESENTATION_LAYER_ASSIGNMENT (  '', '', ( #4804 ) ) ;
#2021 = VERTEX_POINT ( 'NONE', #883 ) ;
#2022 = DIRECTION ( 'NONE',  ( -1.000000000000000000, 0.000000000000000000, 0.000000000000000000 ) ) ;
#2023 = CIRCLE ( 'NONE', #3556, 0.1500000000000000777 ) ;
#2024 = FILL_AREA_STYLE_COLOUR ( '', #1045 ) ;
#2025 = ORIENTED_EDGE ( 'NONE', *, *, #4121, .T. ) ;
#2026 = DIRECTION ( 'NONE',  ( 1.000000000000000000, 0.000000000000000000, 0.000000000000000000 ) ) ;
#2027 = ORIENTED_EDGE ( 'NONE', *, *, #1419, .T. ) ;
#2028 = EDGE_CURVE ( 'NONE', #3801, #1502, #1931, .T. ) ;
#2029 = AXIS2_PLACEMENT_3D ( 'NONE', #5364, #2457, #5300 ) ;
#2030 = ORIENTED_EDGE ( 'NONE', *, *, #1828, .T. ) ;
#2031 =( NAMED_UNIT ( * ) PLANE_ANGLE_UNIT ( ) SI_UNIT ( $, .RADIAN. ) );
#2032 = SURFACE_STYLE_FILL_AREA ( #1048 ) ;
#2033 = AXIS2_PLACEMENT_3D ( 'NONE', #5908, #1530, #2536 ) ;
#2034 = DIRECTION ( 'NONE',  ( 0.000000000000000000, 0.000000000000000000, 1.000000000000000000 ) ) ;
#2035 = EDGE_CURVE ( 'NONE', #3886, #5124, #2687, .T. ) ;
#2036 = CARTESIAN_POINT ( 'NONE',  ( 0.7999999999999986011, 0.000000000000000000, 0.01999999999999994491 ) ) ;
#2037 = PLANE ( 'NONE',  #4642 ) ;
#2038 = FACE_OUTER_BOUND ( 'NONE', #2384, .T. ) ;
#2039 = FILL_AREA_STYLE_COLOUR ( '', #4383 ) ;
#2040 = EDGE_LOOP ( 'NONE', ( #4140, #5487, #3153, #3008 ) ) ;
#2041 = EDGE_CURVE ( 'NONE', #3852, #6034, #2391, .T. ) ;
#2042 = CARTESIAN_POINT ( 'NONE',  ( 0.4999999999999983902, -0.4250000000000004885, 0.5200000000000000178 ) ) ;
#2043 = CARTESIAN_POINT ( 'NONE',  ( 0.6499999999999982458, -0.6000000000000005329, 0.2800000000000000266 ) ) ;
#2044 = ORIENTED_EDGE ( 'NONE', *, *, #1297, .F. ) ;
#2045 = DIRECTION ( 'NONE',  ( -1.000000000000000000, 2.442259918002687003E-16, 0.000000000000000000 ) ) ;
#2046 = DIRECTION ( 'NONE',  ( -0.000000000000000000, -0.000000000000000000, -1.000000000000000000 ) ) ;
#2047 = SURFACE_SIDE_STYLE ('',( #5548 ) ) ;
#2048 = DIRECTION ( 'NONE',  ( 1.000000000000000000, 0.000000000000000000, 0.000000000000000000 ) ) ;
#2049 =( GEOMETRIC_REPRESENTATION_CONTEXT ( 3 ) GLOBAL_UNCERTAINTY_ASSIGNED_CONTEXT ( ( #1549 ) ) GLOBAL_UNIT_ASSIGNED_CONTEXT ( ( #5546, #4595, #3081 ) ) REPRESENTATION_CONTEXT ( 'NONE', 'WORKASPACE' ) );
#2050 = CYLINDRICAL_SURFACE ( 'NONE', #5150, 0.06000000000000026840 ) ;
#2051 = PRESENTATION_STYLE_ASSIGNMENT (( #3934 ) ) ;
#2052 = ORIENTED_EDGE ( 'NONE', *, *, #878, .T. ) ;
#2053 = CARTESIAN_POINT ( 'NONE',  ( -0.8000000000000012657, 0.5999999999999996447, 0.01999999999999994491 ) ) ;
#2054 =( NAMED_UNIT ( * ) PLANE_ANGLE_UNIT ( ) SI_UNIT ( $, .RADIAN. ) );
#2055 = CARTESIAN_POINT ( 'NONE',  ( -0.8000000000000012657, -0.3774999999999997802, 0.01999999999999994491 ) ) ;
#2056 = VERTEX_POINT ( 'NONE', #4808 ) ;
#2057 = LINE ( 'NONE', #3471, #3194 ) ;
#2058 = DIRECTION ( 'NONE',  ( 0.000000000000000000, -1.000000000000000000, 0.000000000000000000 ) ) ;
#2059 = ORIENTED_EDGE ( 'NONE', *, *, #3366, .T. ) ;
#2060 = COLOUR_RGB ( '',0.8039215686274510109, 0.8039215686274510109, 0.8039215686274510109 ) ;
#2061 = UNCERTAINTY_MEASURE_WITH_UNIT (LENGTH_MEASURE( 1.000000000000000082E-05 ), #4853, 'distance_accuracy_value', 'NONE');
#2062 = VECTOR ( 'NONE', #2245, 1000.000000000000000 ) ;
#2063 = ORIENTED_EDGE ( 'NONE', *, *, #2265, .T. ) ;
#2064 = CARTESIAN_POINT ( 'NONE',  ( 0.5774999999999981259, -0.6000000000000005329, 0.01999999999999994491 ) ) ;
#2065 = VERTEX_POINT ( 'NONE', #2458 ) ;
#2066 = DIRECTION ( 'NONE',  ( 0.000000000000000000, 0.000000000000000000, -1.000000000000000000 ) ) ;
#2067 = FILL_AREA_STYLE_COLOUR ( '', #2395 ) ;
#2068 = ORIENTED_EDGE ( 'NONE', *, *, #6374, .T. ) ;
#2069 = UNCERTAINTY_MEASURE_WITH_UNIT (LENGTH_MEASURE( 1.000000000000000082E-05 ), #2833, 'distance_accuracy_value', 'NONE');
#2070 = DIRECTION ( 'NONE',  ( 0.000000000000000000, -1.000000000000000000, 0.000000000000000000 ) ) ;
#2071 = STYLED_ITEM ( 'NONE', ( #2441 ), #868 ) ;
#2072 = ADVANCED_FACE ( 'NONE', ( #2388 ), #3377, .F. ) ;
#2073 = SURFACE_STYLE_FILL_AREA ( #4589 ) ;
#2074 = SURFACE_STYLE_USAGE ( .BOTH. , #1150 ) ;
#2075 = FACE_OUTER_BOUND ( 'NONE', #782, .T. ) ;
#2076 = SURFACE_STYLE_USAGE ( .BOTH. , #988 ) ;
#2077 = AXIS2_PLACEMENT_3D ( 'NONE', #4381, #3395, #3837 ) ;
#2078 = AXIS2_PLACEMENT_3D ( 'NONE', #4614, #1116, #2640 ) ;
#2079 = CARTESIAN_POINT ( 'NONE',  ( -0.7999999999999986011, -0.5999999999999994227, 0.01999999999999994491 ) ) ;
#2080 = ORIENTED_EDGE ( 'NONE', *, *, #4711, .T. ) ;
#2081 =( NAMED_UNIT ( * ) SI_UNIT ( $, .STERADIAN. ) SOLID_ANGLE_UNIT ( ) );
#2082 = ADVANCED_FACE ( 'NONE', ( #5058 ), #5091, .F. ) ;
#2083 = DIRECTION ( 'NONE',  ( -1.000000000000000000, 6.118385167737106238E-16, 0.000000000000000000 ) ) ;
#2084 = EDGE_LOOP ( 'NONE', ( #3904, #1854, #5629, #2001 ) ) ;
#2085 = DIRECTION ( 'NONE',  ( 0.000000000000000000, 1.000000000000000000, 0.000000000000000000 ) ) ;
#2086 = VECTOR ( 'NONE', #5340, 1000.000000000000000 ) ;
#2087 =( GEOMETRIC_REPRESENTATION_CONTEXT ( 3 ) GLOBAL_UNCERTAINTY_ASSIGNED_CONTEXT ( ( #2824 ) ) GLOBAL_UNIT_ASSIGNED_CONTEXT ( ( #2948, #3443, #2456 ) ) REPRESENTATION_CONTEXT ( 'NONE', 'WORKASPACE' ) );
#2088 = SURFACE_STYLE_USAGE ( .BOTH. , #5327 ) ;
#2089 = VERTEX_POINT ( 'NONE', #4042 ) ;
#2090 = SURFACE_SIDE_STYLE ('',( #3432 ) ) ;
#2091 = ORIENTED_EDGE ( 'NONE', *, *, #4639, .T. ) ;
#2092 = PRESENTATION_STYLE_ASSIGNMENT (( #5025 ) ) ;
#2093 = EDGE_CURVE ( 'NONE', #4228, #1078, #1635, .T. ) ;
#2094 = DIRECTION ( 'NONE',  ( 1.000000000000000000, 0.000000000000000000, -0.000000000000000000 ) ) ;
#2095 = SURFACE_STYLE_USAGE ( .BOTH. , #98 ) ;
#2096 = EDGE_LOOP ( 'NONE', ( #3781, #6077, #5545, #4659 ) ) ;
#2097 = CIRCLE ( 'NONE', #4362, 0.01499999999999998557 ) ;
#2098 = STYLED_ITEM ( 'NONE', ( #4139 ), #2482 ) ;
#2099 = EDGE_LOOP ( 'NONE', ( #4555, #4484, #501, #2631 ) ) ;
#2100 = SURFACE_STYLE_USAGE ( .BOTH. , #532 ) ;
#2101 = LINE ( 'NONE', #533, #2238 ) ;
#2102 = CARTESIAN_POINT ( 'NONE',  ( -0.5000000000000012212, -0.3000000000000004885, 0.5200000000000000178 ) ) ;
#2103 = VERTEX_POINT ( 'NONE', #108 ) ;
#2104 = EDGE_LOOP ( 'NONE', ( #2405, #3970, #2601, #3164 ) ) ;
#2105 = STYLED_ITEM ( 'NONE', ( #3835 ), #5634 ) ;
#2106 = COLOUR_RGB ( '',0.8039215686274510109, 0.8039215686274510109, 0.8039215686274510109 ) ;
#2107 = CARTESIAN_POINT ( 'NONE',  ( -0.6850000000000011635, -0.3000000000000004885, 0.4400000000000000577 ) ) ;
#2108 = AXIS2_PLACEMENT_3D ( 'NONE', #4062, #242, #2242 ) ;
#2109 = CARTESIAN_POINT ( 'NONE',  ( -0.7150000000000011902, 0.2999999999999996003, 0.2800000000000000266 ) ) ;
#2110 =( NAMED_UNIT ( * ) PLANE_ANGLE_UNIT ( ) SI_UNIT ( $, .RADIAN. ) );
#2111 = AXIS2_PLACEMENT_3D ( 'NONE', #2351, #421, #5390 ) ;
#2112 = CARTESIAN_POINT ( 'NONE',  ( 0.6999999999999986233, 0.5149999999999995692, 0.2950000000000000400 ) ) ;
#2113 = STYLED_ITEM ( 'NONE', ( #60 ), #5843 ) ;
#2114 = PRESENTATION_LAYER_ASSIGNMENT (  '', '', ( #4586 ) ) ;
#2115 = ORIENTED_EDGE ( 'NONE', *, *, #5993, .F. ) ;
#2116 = DIRECTION ( 'NONE',  ( 0.000000000000000000, -0.000000000000000000, 1.000000000000000000 ) ) ;
#2117 = CARTESIAN_POINT ( 'NONE',  ( -0.5000000000000012212, 0.2999999999999996003, 0.4400000000000000577 ) ) ;
#2118 =( NAMED_UNIT ( * ) SI_UNIT ( $, .STERADIAN. ) SOLID_ANGLE_UNIT ( ) );
#2119 = LINE ( 'NONE', #1586, #3386 ) ;
#2120 = PRESENTATION_LAYER_ASSIGNMENT (  '', '', ( #4164 ) ) ;
#2121 = EDGE_CURVE ( 'NONE', #3981, #3344, #3593, .T. ) ;
#2122 = COLOUR_RGB ( '',0.8627450980392157298, 0.6274509803921568540, 0.05882352941176470507 ) ;
#2123 = EDGE_CURVE ( 'NONE', #5619, #4654, #1466, .T. ) ;
#2124 = ORIENTED_EDGE ( 'NONE', *, *, #3520, .F. ) ;
#2125 =( GEOMETRIC_REPRESENTATION_CONTEXT ( 3 ) GLOBAL_UNCERTAINTY_ASSIGNED_CONTEXT ( ( #3276 ) ) GLOBAL_UNIT_ASSIGNED_CONTEXT ( ( #4058, #6172, #3666 ) ) REPRESENTATION_CONTEXT ( 'NONE', 'WORKASPACE' ) );
#2126 = DIRECTION ( 'NONE',  ( 1.000000000000000000, -1.049227908856939635E-15, 0.000000000000000000 ) ) ;
#2127 = STYLED_ITEM ( 'NONE', ( #2144 ), #3827 ) ;
#2128 = SURFACE_STYLE_FILL_AREA ( #586 ) ;
#2129 = DIRECTION ( 'NONE',  ( -1.000000000000000000, 1.949127501097535707E-15, 0.000000000000000000 ) ) ;
#2130 = AXIS2_PLACEMENT_3D ( 'NONE', #5282, #829, #862 ) ;
#2131 = CIRCLE ( 'NONE', #1804, 0.1500000000000000777 ) ;
#2132 = VERTEX_POINT ( 'NONE', #5981 ) ;
#2133 = CARTESIAN_POINT ( 'NONE',  ( -0.5000000000000012212, -0.3000000000000004885, 0.2950000000000000400 ) ) ;
#2134 = DIRECTION ( 'NONE',  ( -1.000000000000000000, 0.000000000000000000, -0.000000000000000000 ) ) ;
#2135 = CYLINDRICAL_SURFACE ( 'NONE', #818, 0.1499999999999997446 ) ;
#2136 = CARTESIAN_POINT ( 'NONE',  ( -0.8000000000000012657, 0.3774999999999995581, 0.01999999999999994491 ) ) ;
#2137 = CARTESIAN_POINT ( 'NONE',  ( 0.7999999999999986011, 0.000000000000000000, 0.01999999999999994491 ) ) ;
#2138 = DIRECTION ( 'NONE',  ( -0.000000000000000000, -0.000000000000000000, 1.000000000000000000 ) ) ;
#2139 = ORIENTED_EDGE ( 'NONE', *, *, #4521, .T. ) ;
#2140 = CARTESIAN_POINT ( 'NONE',  ( 0.7999999999999986011, -0.4500000000000002887, 0.01999999999999994491 ) ) ;
#2141 = DIRECTION ( 'NONE',  ( -0.000000000000000000, -0.000000000000000000, -1.000000000000000000 ) ) ;
#2142 = CARTESIAN_POINT ( 'NONE',  ( 0.6939339828220163486, -0.4044079500593134036, 0.01999999999999994491 ) ) ;
#2143 = DIRECTION ( 'NONE',  ( 0.000000000000000000, 0.000000000000000000, -1.000000000000000000 ) ) ;
#2144 = PRESENTATION_STYLE_ASSIGNMENT (( #4135 ) ) ;
#2145 = EDGE_LOOP ( 'NONE', ( #5142, #5342, #5349, #5648 ) ) ;
#2146 = SURFACE_STYLE_FILL_AREA ( #2620 ) ;
#2147 = CARTESIAN_POINT ( 'NONE',  ( -0.6044079500593120269, 0.4939339828220175588, 0.01999999999999994491 ) ) ;
#2148 = EDGE_CURVE ( 'NONE', #1085, #634, #566, .T. ) ;
#2149 = SURFACE_SIDE_STYLE ('',( #1780 ) ) ;
#2150 = DIRECTION ( 'NONE',  ( -1.000000000000000000, 1.506527021941980298E-15, 0.000000000000000000 ) ) ;
#2151 = CARTESIAN_POINT ( 'NONE',  ( 0.4999999999999986122, 0.4549999999999995715, 0.4550000000000000711 ) ) ;
#2152 = EDGE_LOOP ( 'NONE', ( #4101, #3197, #891, #1333 ) ) ;
#2153 = ORIENTED_EDGE ( 'NONE', *, *, #2361, .F. ) ;
#2154 = DIRECTION ( 'NONE',  ( 0.000000000000000000, 1.000000000000000000, 0.000000000000000000 ) ) ;
#2155 =( GEOMETRIC_REPRESENTATION_CONTEXT ( 3 ) GLOBAL_UNCERTAINTY_ASSIGNED_CONTEXT ( ( #5882 ) ) GLOBAL_UNIT_ASSIGNED_CONTEXT ( ( #4436, #1833, #2400 ) ) REPRESENTATION_CONTEXT ( 'NONE', 'WORKASPACE' ) );
#2156 = CARTESIAN_POINT ( 'NONE',  ( 0.2499999999999997780, 0.000000000000000000, 0.01999999999999994491 ) ) ;
#2157 = ORIENTED_EDGE ( 'NONE', *, *, #2762, .F. ) ;
#2158 = CLOSED_SHELL ( 'NONE', ( #2228, #3479, #2551, #6064, #4244, #3157, #5362, #5335, #5393, #2252, #2950, #356, #1440, #4530, #592, #3030, #1084, #1208, #1739, #5666, #5111, #1631, #4761, #1511, #4252, #5985, #5473, #3625, #5718, #5966, #3958, #855, #2763, #2546, #3636, #5634, #2082, #2072, #3126 ) ) ;
#2159 = SURFACE_SIDE_STYLE ('',( #572 ) ) ;
#2160 = DIRECTION ( 'NONE',  ( 0.000000000000000000, -0.000000000000000000, 1.000000000000000000 ) ) ;
#2161 = LINE ( 'NONE', #658, #4010 ) ;
#2162 = ADVANCED_FACE ( 'NONE', ( #1662 ), #1538, .T. ) ;
#2163 = EDGE_LOOP ( 'NONE', ( #5263, #5372, #6040, #4337 ) ) ;
#2164 = LINE ( 'NONE', #3572, #2911 ) ;
#2165 = AXIS2_PLACEMENT_3D ( 'NONE', #1624, #4950, #1068 ) ;
#2166 =( LENGTH_UNIT ( ) NAMED_UNIT ( * ) SI_UNIT ( .MILLI., .METRE. ) );
#2167 = LINE ( 'NONE', #1713, #4744 ) ;
#2168 = CARTESIAN_POINT ( 'NONE',  ( -0.5000000000000012212, 0.2999999999999996003, 0.5200000000000000178 ) ) ;
#2169 = ORIENTED_EDGE ( 'NONE', *, *, #2285, .F. ) ;
#2170 = DIRECTION ( 'NONE',  ( 0.000000000000000000, 0.000000000000000000, 1.000000000000000000 ) ) ;
#2171 = MECHANICAL_DESIGN_GEOMETRIC_PRESENTATION_REPRESENTATION (  '', ( #4951 ), #4738 ) ;
#2172 = TOROIDAL_SURFACE ( 'NONE', #1131, 0.1250000000000000000, 0.01499999999999999944 ) ;
#2173 = MECHANICAL_DESIGN_GEOMETRIC_PRESENTATION_REPRESENTATION (  '', ( #1653 ), #2785 ) ;
#2174 = CARTESIAN_POINT ( 'NONE',  ( -0.5050000000000012257, -0.3050000000000004929, 0.5100000000000000089 ) ) ;
#2175 =( NAMED_UNIT ( * ) SI_UNIT ( $, .STERADIAN. ) SOLID_ANGLE_UNIT ( ) );
#2176 = ORIENTED_EDGE ( 'NONE', *, *, #720, .F. ) ;
#2177 = DIRECTION ( 'NONE',  ( 0.000000000000000000, 0.000000000000000000, -1.000000000000000000 ) ) ;
#2178 = CARTESIAN_POINT ( 'NONE',  ( -3.022078354339549274E-16, 0.4939339828220178918, 0.01999999999999994491 ) ) ;
#2179 = SURFACE_SIDE_STYLE ('',( #3778 ) ) ;
#2180 = VECTOR ( 'NONE', #4873, 1000.000000000000000 ) ;
#2181 = COLOUR_RGB ( '',0.8627450980392157298, 0.6274509803921568540, 0.05882352941176470507 ) ;
#2182 = AXIS2_PLACEMENT_3D ( 'NONE', #3633, #628, #690 ) ;
#2183 = EDGE_CURVE ( 'NONE', #5124, #4302, #5702, .T. ) ;
#2184 = UNCERTAINTY_MEASURE_WITH_UNIT (LENGTH_MEASURE( 1.000000000000000082E-05 ), #1004, 'distance_accuracy_value', 'NONE');
#2185 = EDGE_LOOP ( 'NONE', ( #5717, #587, #1441, #4085 ) ) ;
#2186 = CARTESIAN_POINT ( 'NONE',  ( -0.6939339828220163486, 0.000000000000000000, -0.2800000000000000266 ) ) ;
#2187 = PRESENTATION_LAYER_ASSIGNMENT (  '', '', ( #2892 ) ) ;
#2188 = ORIENTED_EDGE ( 'NONE', *, *, #5923, .T. ) ;
#2189 = AXIS2_PLACEMENT_3D ( 'NONE', #1388, #3307, #842 ) ;
#2190 =( NAMED_UNIT ( * ) SI_UNIT ( $, .STERADIAN. ) SOLID_ANGLE_UNIT ( ) );
#2191 = CARTESIAN_POINT ( 'NONE',  ( -0.5000000000000012212, 0.2999999999999996003, 0.4550000000000000711 ) ) ;
#2192 = COLOUR_RGB ( '',0.2862745098039215508, 0.2862745098039215508, 0.2862745098039215508 ) ;
#2193 = EDGE_CURVE ( 'NONE', #3888, #5818, #6222, .T. ) ;
#2194 = EDGE_CURVE ( 'NONE', #5706, #2558, #1315, .T. ) ;
#2195 = SURFACE_STYLE_FILL_AREA ( #3242 ) ;
#2196 = CARTESIAN_POINT ( 'NONE',  ( -0.5000000000000012212, 0.2999999999999996003, 0.4250000000000000999 ) ) ;
#2197 = AXIS2_PLACEMENT_3D ( 'NONE', #559, #5453, #1002 ) ;
#2198 = DIRECTION ( 'NONE',  ( -1.000000000000000000, 3.410973126920687487E-15, 0.000000000000000000 ) ) ;
#2199 = ORIENTED_EDGE ( 'NONE', *, *, #5774, .F. ) ;
#2200 = DIRECTION ( 'NONE',  ( 1.000000000000000000, -1.506527021941980298E-15, 0.000000000000000000 ) ) ;
#2201 =( GEOMETRIC_REPRESENTATION_CONTEXT ( 3 ) GLOBAL_UNCERTAINTY_ASSIGNED_CONTEXT ( ( #4971 ) ) GLOBAL_UNIT_ASSIGNED_CONTEXT ( ( #446, #5284, #4756 ) ) REPRESENTATION_CONTEXT ( 'NONE', 'WORKASPACE' ) );
#2202 = AXIS2_PLACEMENT_3D ( 'NONE', #2168, #1715, #5698 ) ;
#2203 = EDGE_CURVE ( 'NONE', #4852, #6062, #927, .T. ) ;
#2204 = UNCERTAINTY_MEASURE_WITH_UNIT (LENGTH_MEASURE( 1.000000000000000082E-05 ), #4215, 'distance_accuracy_value', 'NONE');
#2205 = PRESENTATION_STYLE_ASSIGNMENT (( #695 ) ) ;
#2206 = ORIENTED_EDGE ( 'NONE', *, *, #1107, .F. ) ;
#2207 = FILL_AREA_STYLE_COLOUR ( '', #2106 ) ;
#2208 = SURFACE_STYLE_USAGE ( .BOTH. , #3186 ) ;
#2209 = COLOUR_RGB ( '',0.8627450980392157298, 0.5882352941176470784, 0.06274509803921568540 ) ;
#2210 = CARTESIAN_POINT ( 'NONE',  ( -0.6499999999999986899, -0.5999999999999998668, 0.01999999999999994491 ) ) ;
#2211 =( LENGTH_UNIT ( ) NAMED_UNIT ( * ) SI_UNIT ( .MILLI., .METRE. ) );
#2212 = MECHANICAL_DESIGN_GEOMETRIC_PRESENTATION_REPRESENTATION (  '', ( #5527 ), #3537 ) ;
#2213 = FILL_AREA_STYLE_COLOUR ( '', #3396 ) ;
#2214 = CARTESIAN_POINT ( 'NONE',  ( -0.6400000000000012346, 0.2999999999999996003, 0.5200000000000000178 ) ) ;
#2215 = VERTEX_POINT ( 'NONE', #785 ) ;
#2216 = FACE_OUTER_BOUND ( 'NONE', #1745, .T. ) ;
#2217 = CARTESIAN_POINT ( 'NONE',  ( 0.4999999999999986122, 0.4399999999999995581, 0.5050000000000000044 ) ) ;
#2218 = DIRECTION ( 'NONE',  ( -1.000000000000000000, 0.000000000000000000, 0.000000000000000000 ) ) ;
#2219 =( LENGTH_UNIT ( ) NAMED_UNIT ( * ) SI_UNIT ( .MILLI., .METRE. ) );
#2220 = CARTESIAN_POINT ( 'NONE',  ( 0.4999999999999986122, 0.2999999999999996003, 0.2950000000000000400 ) ) ;
#2221 = MECHANICAL_DESIGN_GEOMETRIC_PRESENTATION_REPRESENTATION (  '', ( #4901 ), #5832 ) ;
#2222 = VECTOR ( 'NONE', #3131, 1000.000000000000000 ) ;
#2223 = ORIENTED_EDGE ( 'NONE', *, *, #5241, .T. ) ;
#2224 = CARTESIAN_POINT ( 'NONE',  ( 0.7999999999999986011, 0.5999999999999996447, 0.01999999999999994491 ) ) ;
#2225 = AXIS2_PLACEMENT_3D ( 'NONE', #4385, #5872, #1816 ) ;
#2226 = CARTESIAN_POINT ( 'NONE',  ( -0.8000000000000012657, 0.5999999999999996447, 0.2800000000000000266 ) ) ;
#2227 =( NAMED_UNIT ( * ) SI_UNIT ( $, .STERADIAN. ) SOLID_ANGLE_UNIT ( ) );
#2228 = ADVANCED_FACE ( 'NONE', ( #2783 ), #5618, .T. ) ;
#2229 = VECTOR ( 'NONE', #6085, 1000.000000000000000 ) ;
#2230 = STYLED_ITEM ( 'NONE', ( #2019 ), #3679 ) ;
#2231 = PLANE ( 'NONE',  #199 ) ;
#2232 = DIRECTION ( 'NONE',  ( 0.000000000000000000, -1.000000000000000000, 0.000000000000000000 ) ) ;
#2233 = DIRECTION ( 'NONE',  ( -1.000000000000000000, 0.000000000000000000, 0.000000000000000000 ) ) ;
#2234 = VECTOR ( 'NONE', #5863, 1000.000000000000000 ) ;
#2235 = EDGE_CURVE ( 'NONE', #4374, #956, #3511, .T. ) ;
#2236 = SURFACE_STYLE_FILL_AREA ( #237 ) ;
#2237 = EDGE_CURVE ( 'NONE', #5829, #6111, #2728, .T. ) ;
#2238 = VECTOR ( 'NONE', #5502, 1000.000000000000000 ) ;
#2239 = ORIENTED_EDGE ( 'NONE', *, *, #3371, .F. ) ;
#2240 = EDGE_CURVE ( 'NONE', #5579, #1606, #1867, .T. ) ;
#2241 = LINE ( 'NONE', #4126, #1156 ) ;
#2242 = DIRECTION ( 'NONE',  ( 1.000000000000000000, 0.000000000000000000, 0.000000000000000000 ) ) ;
#2243 = EDGE_CURVE ( 'NONE', #5765, #4186, #5223, .T. ) ;
#2244 = ADVANCED_FACE ( 'NONE', ( #4251 ), #286, .F. ) ;
#2245 = DIRECTION ( 'NONE',  ( 0.000000000000000000, 1.000000000000000000, 0.000000000000000000 ) ) ;
#2246 = LINE ( 'NONE', #4133, #601 ) ;
#2247 = CARTESIAN_POINT ( 'NONE',  ( 0.7999999999999986011, -0.5999999999999998668, -0.2800000000000000266 ) ) ;
#2248 = VERTEX_POINT ( 'NONE', #2878 ) ;
#2249 = PRESENTATION_STYLE_ASSIGNMENT (( #4174 ) ) ;
#2250 = FACE_OUTER_BOUND ( 'NONE', #4439, .T. ) ;
#2251 = FACE_OUTER_BOUND ( 'NONE', #5811, .T. ) ;
#2252 = ADVANCED_FACE ( 'NONE', ( #383 ), #1820, .F. ) ;
#2253 = UNCERTAINTY_MEASURE_WITH_UNIT (LENGTH_MEASURE( 1.000000000000000082E-05 ), #5137, 'distance_accuracy_value', 'NONE');
#2254 = FILL_AREA_STYLE ('',( #4580 ) ) ;
#2255 = ORIENTED_EDGE ( 'NONE', *, *, #833, .F. ) ;
#2256 = PRESENTATION_STYLE_ASSIGNMENT (( #164 ) ) ;
#2257 =( LENGTH_UNIT ( ) NAMED_UNIT ( * ) SI_UNIT ( .MILLI., .METRE. ) );
#2258 = SURFACE_STYLE_USAGE ( .BOTH. , #5762 ) ;
#2259 = PLANE ( 'NONE',  #5950 ) ;
#2260 = LINE ( 'NONE', #6193, #3199 ) ;
#2261 = PLANE ( 'NONE',  #1139 ) ;
#2262 = ORIENTED_EDGE ( 'NONE', *, *, #4512, .F. ) ;
#2263 = FILL_AREA_STYLE ('',( #4326 ) ) ;
#2264 =( LENGTH_UNIT ( ) NAMED_UNIT ( * ) SI_UNIT ( .MILLI., .METRE. ) );
#2265 = EDGE_CURVE ( 'NONE', #5852, #4302, #2418, .T. ) ;
#2266 = CARTESIAN_POINT ( 'NONE',  ( 0.6399999999999986811, -0.3000000000000004885, 0.5050000000000000044 ) ) ;
#2267 = STYLED_ITEM ( 'NONE', ( #6241 ), #262 ) ;
#2268 = VERTEX_POINT ( 'NONE', #4390 ) ;
#2269 = SURFACE_STYLE_FILL_AREA ( #2741 ) ;
#2270 = FILL_AREA_STYLE ('',( #2207 ) ) ;
#2271 = VERTEX_POINT ( 'NONE', #5296 ) ;
#2272 = SURFACE_SIDE_STYLE ('',( #1198 ) ) ;
#2273 = VECTOR ( 'NONE', #276, 1000.000000000000000 ) ;
#2274 = CARTESIAN_POINT ( 'NONE',  ( 0.5774999999999981259, -0.6000000000000005329, 0.01999999999999994491 ) ) ;
#2275 = LINE ( 'NONE', #1875, #3452 ) ;
#2276 = ORIENTED_EDGE ( 'NONE', *, *, #4232, .F. ) ;
#2277 = FILL_AREA_STYLE ('',( #5180 ) ) ;
#2278 = VECTOR ( 'NONE', #3753, 1000.000000000000000 ) ;
#2279 =( LENGTH_UNIT ( ) NAMED_UNIT ( * ) SI_UNIT ( .MILLI., .METRE. ) );
#2280 = EDGE_LOOP ( 'NONE', ( #2966, #1609, #3819, #4684 ) ) ;
#2281 = DIRECTION ( 'NONE',  ( -1.000000000000000000, 0.000000000000000000, 0.000000000000000000 ) ) ;
#2282 = CARTESIAN_POINT ( 'NONE',  ( 0.4999999999999985012, -0.5000000000000004441, 0.2950000000000000400 ) ) ;
#2283 = CIRCLE ( 'NONE', #4854, 0.2225000000000000311 ) ;
#2284 = COLOUR_RGB ( '',0.8627450980392157298, 0.5882352941176470784, 0.06274509803921568540 ) ;
#2285 = EDGE_CURVE ( 'NONE', #102, #4852, #838, .T. ) ;
#2286 = EDGE_LOOP ( 'NONE', ( #5458, #6223, #1944, #3311 ) ) ;
#2287 = CARTESIAN_POINT ( 'NONE',  ( 0.6999999999999986233, 0.2999999999999996003, 0.2950000000000000400 ) ) ;
#2288 = CARTESIAN_POINT ( 'NONE',  ( -0.5000000000000012212, -0.3000000000000004885, 0.4400000000000000577 ) ) ;
#2289 = FILL_AREA_STYLE ('',( #2661 ) ) ;
#2290 = AXIS2_PLACEMENT_3D ( 'NONE', #3162, #3195, #5707 ) ;
#2291 = ORIENTED_EDGE ( 'NONE', *, *, #3158, .F. ) ;
#2292 = STYLED_ITEM ( 'NONE', ( #139 ), #1282 ) ;
#2293 = CARTESIAN_POINT ( 'NONE',  ( -0.8000000000000012657, -0.3774999999999997802, -0.2800000000000000266 ) ) ;
#2294 = FILL_AREA_STYLE ('',( #725 ) ) ;
#2295 = ORIENTED_EDGE ( 'NONE', *, *, #6032, .T. ) ;
#2296 = MECHANICAL_DESIGN_GEOMETRIC_PRESENTATION_REPRESENTATION (  '', ( #825 ), #5913 ) ;
#2297 = VECTOR ( 'NONE', #2506, 1000.000000000000000 ) ;
#2298 = ORIENTED_EDGE ( 'NONE', *, *, #4877, .F. ) ;
#2299 =( NAMED_UNIT ( * ) SI_UNIT ( $, .STERADIAN. ) SOLID_ANGLE_UNIT ( ) );
#2300 = SURFACE_SIDE_STYLE ('',( #3828 ) ) ;
#2301 = CARTESIAN_POINT ( 'NONE',  ( -0.6939339828220163486, -0.4044079500593132925, 0.01999999999999994491 ) ) ;
#2302 = EDGE_LOOP ( 'NONE', ( #1798, #1568, #3374, #2836 ) ) ;
#2303 = CARTESIAN_POINT ( 'NONE',  ( 0.6399999999999986811, 0.2999999999999996003, 0.4550000000000000711 ) ) ;
#2304 = EDGE_CURVE ( 'NONE', #5475, #4816, #3313, .T. ) ;
#2305 = VECTOR ( 'NONE', #2026, 1000.000000000000000 ) ;
#2306 = DIRECTION ( 'NONE',  ( 0.000000000000000000, 0.000000000000000000, -1.000000000000000000 ) ) ;
#2307 =( LENGTH_UNIT ( ) NAMED_UNIT ( * ) SI_UNIT ( .MILLI., .METRE. ) );
#2308 = CIRCLE ( 'NONE', #3324, 0.1849999999999999978 ) ;
#2309 = FILL_AREA_STYLE_COLOUR ( '', #5108 ) ;
#2310 = EDGE_LOOP ( 'NONE', ( #2684, #1244, #936, #6060 ) ) ;
#2311 = SURFACE_SIDE_STYLE ('',( #1912 ) ) ;
#2312 = ORIENTED_EDGE ( 'NONE', *, *, #5759, .T. ) ;
#2313 = DIRECTION ( 'NONE',  ( -0.000000000000000000, -0.000000000000000000, 1.000000000000000000 ) ) ;
#2314 = EDGE_CURVE ( 'NONE', #3947, #5363, #2452, .T. ) ;
#2315 = EDGE_CURVE ( 'NONE', #6350, #1426, #2908, .T. ) ;
#2316 = AXIS2_PLACEMENT_3D ( 'NONE', #4904, #5972, #4539 ) ;
#2317 = UNCERTAINTY_MEASURE_WITH_UNIT (LENGTH_MEASURE( 1.000000000000000082E-05 ), #18, 'distance_accuracy_value', 'NONE');
#2318 = DIRECTION ( 'NONE',  ( 1.000000000000000000, -2.442259918002687003E-16, 0.000000000000000000 ) ) ;
#2319 = ORIENTED_EDGE ( 'NONE', *, *, #4445, .F. ) ;
#2320 = SURFACE_STYLE_FILL_AREA ( #418 ) ;
#2321 = PLANE ( 'NONE',  #1813 ) ;
#2322 = PRESENTATION_LAYER_ASSIGNMENT (  '', '', ( #4271 ) ) ;
#2323 = CIRCLE ( 'NONE', #231, 0.2224999999999998368 ) ;
#2324 = STYLED_ITEM ( 'NONE', ( #4921 ), #6231 ) ;
#2325 = COLOUR_RGB ( '',0.2862745098039215508, 0.2862745098039215508, 0.2862745098039215508 ) ;
#2326 =( LENGTH_UNIT ( ) NAMED_UNIT ( * ) SI_UNIT ( .MILLI., .METRE. ) );
#2327 = CARTESIAN_POINT ( 'NONE',  ( 0.6939339828220163486, -0.1499999999999997446, 0.01999999999999994491 ) ) ;
#2328 = EDGE_LOOP ( 'NONE', ( #4736, #2798, #669, #4898 ) ) ;
#2329 = CYLINDRICAL_SURFACE ( 'NONE', #4585, 0.01499999999999998557 ) ;
#2330 = COLOUR_RGB ( '',0.8627450980392157298, 0.6274509803921568540, 0.05882352941176470507 ) ;
#2331 = EDGE_CURVE ( 'NONE', #1008, #4839, #1873, .T. ) ;
#2332 = CARTESIAN_POINT ( 'NONE',  ( -0.7150000000000011902, -0.3000000000000004885, 0.2800000000000000266 ) ) ;
#2333 = COLOUR_RGB ( '',0.8627450980392157298, 0.5882352941176470784, 0.06274509803921568540 ) ;
#2334 = FILL_AREA_STYLE ('',( #5311 ) ) ;
#2335 = CIRCLE ( 'NONE', #2029, 0.01499999999999998557 ) ;
#2336 = CARTESIAN_POINT ( 'NONE',  ( 0.6939339828220163486, -0.1499999999999997446, 0.01999999999999994491 ) ) ;
#2337 = DIRECTION ( 'NONE',  ( -1.000000000000000000, 0.000000000000000000, 0.000000000000000000 ) ) ;
#2338 = SURFACE_SIDE_STYLE ('',( #342 ) ) ;
#2339 = ORIENTED_EDGE ( 'NONE', *, *, #666, .F. ) ;
#2340 = LINE ( 'NONE', #4307, #1552 ) ;
#2341 = CARTESIAN_POINT ( 'NONE',  ( -0.7999999999999986011, -0.5999999999999994227, 0.01999999999999994491 ) ) ;
#2342 = LINE ( 'NONE', #376, #4471 ) ;
#2343 = FILL_AREA_STYLE_COLOUR ( '', #4255 ) ;
#2344 = SURFACE_STYLE_FILL_AREA ( #350 ) ;
#2345 = FACE_OUTER_BOUND ( 'NONE', #4296, .T. ) ;
#2346 = ADVANCED_FACE ( 'NONE', ( #2853 ), #5601, .T. ) ;
#2347 = PLANE ( 'NONE',  #4591 ) ;
#2348 = VERTEX_POINT ( 'NONE', #5876 ) ;
#2349 = FILL_AREA_STYLE_COLOUR ( '', #1701 ) ;
#2350 = DIRECTION ( 'NONE',  ( 0.000000000000000000, 0.000000000000000000, -1.000000000000000000 ) ) ;
#2351 = CARTESIAN_POINT ( 'NONE',  ( -0.6850000000000011635, 0.2999999999999996003, 0.4250000000000000999 ) ) ;
#2352 = ORIENTED_EDGE ( 'NONE', *, *, #5951, .T. ) ;
#2353 = PRESENTATION_STYLE_ASSIGNMENT (( #358 ) ) ;
#2354 = EDGE_CURVE ( 'NONE', #291, #5619, #3058, .T. ) ;
#2355 = VERTEX_POINT ( 'NONE', #74 ) ;
#2356 = FILL_AREA_STYLE_COLOUR ( '', #2181 ) ;
#2357 = LINE ( 'NONE', #362, #6328 ) ;
#2358 = AXIS2_PLACEMENT_3D ( 'NONE', #1124, #2707, #632 ) ;
#2359 = SURFACE_STYLE_FILL_AREA ( #6234 ) ;
#2360 = CARTESIAN_POINT ( 'NONE',  ( 0.4999999999999986122, 0.4999999999999995559, 0.2950000000000000400 ) ) ;
#2361 = EDGE_CURVE ( 'NONE', #5982, #5741, #4480, .T. ) ;
#2362 = DIRECTION ( 'NONE',  ( 1.000000000000000000, 0.000000000000000000, 0.000000000000000000 ) ) ;
#2363 = SURFACE_STYLE_FILL_AREA ( #2334 ) ;
#2364 = ORIENTED_EDGE ( 'NONE', *, *, #3825, .T. ) ;
#2365 = FILL_AREA_STYLE ('',( #5893 ) ) ;
#2366 = CIRCLE ( 'NONE', #5576, 0.2224999999999998368 ) ;
#2367 =( LENGTH_UNIT ( ) NAMED_UNIT ( * ) SI_UNIT ( .MILLI., .METRE. ) );
#2368 = DIRECTION ( 'NONE',  ( -0.000000000000000000, -0.000000000000000000, 1.000000000000000000 ) ) ;
#2369 = ORIENTED_EDGE ( 'NONE', *, *, #3372, .F. ) ;
#2370 = FILL_AREA_STYLE ('',( #3389 ) ) ;
#2371 =( NAMED_UNIT ( * ) PLANE_ANGLE_UNIT ( ) SI_UNIT ( $, .RADIAN. ) );
#2372 = EDGE_LOOP ( 'NONE', ( #4123, #4145, #3419, #3692 ) ) ;
#2373 = SURFACE_STYLE_FILL_AREA ( #6249 ) ;
#2374 = STYLED_ITEM ( 'NONE', ( #4378 ), #855 ) ;
#2375 = CARTESIAN_POINT ( 'NONE',  ( 0.6399999999999986811, -0.3000000000000004885, 0.5050000000000000044 ) ) ;
#2376 = EDGE_LOOP ( 'NONE', ( #6163, #3123, #2052, #4267, #3624, #3492, #1506, #5782, #5257 ) ) ;
#2377 = PRESENTATION_STYLE_ASSIGNMENT (( #3813 ) ) ;
#2378 = CYLINDRICAL_SURFACE ( 'NONE', #3840, 0.2225000000000000311 ) ;
#2379 = VERTEX_POINT ( 'NONE', #3584 ) ;
#2380 = COLOUR_RGB ( '',0.2862745098039215508, 0.2862745098039215508, 0.2862745098039215508 ) ;
#2381 = EDGE_CURVE ( 'NONE', #4740, #2013, #41, .T. ) ;
#2382 = MECHANICAL_DESIGN_GEOMETRIC_PRESENTATION_REPRESENTATION (  '', ( #6291 ), #395 ) ;
#2383 = UNCERTAINTY_MEASURE_WITH_UNIT (LENGTH_MEASURE( 1.000000000000000082E-05 ), #5469, 'distance_accuracy_value', 'NONE');
#2384 = EDGE_LOOP ( 'NONE', ( #1370, #5001, #1961, #4395 ) ) ;
#2385 = AXIS2_PLACEMENT_3D ( 'NONE', #5805, #2406, #1371 ) ;
#2386 = CARTESIAN_POINT ( 'NONE',  ( -0.6400000000000012346, 0.2999999999999996003, 0.5050000000000000044 ) ) ;
#2387 =( GEOMETRIC_REPRESENTATION_CONTEXT ( 3 ) GLOBAL_UNCERTAINTY_ASSIGNED_CONTEXT ( ( #3405 ) ) GLOBAL_UNIT_ASSIGNED_CONTEXT ( ( #3269, #2732, #4675 ) ) REPRESENTATION_CONTEXT ( 'NONE', 'WORKASPACE' ) );
#2388 = FACE_OUTER_BOUND ( 'NONE', #3774, .T. ) ;
#2389 = ORIENTED_EDGE ( 'NONE', *, *, #1758, .T. ) ;
#2390 = EDGE_CURVE ( 'NONE', #1005, #5363, #1991, .T. ) ;
#2391 = CIRCLE ( 'NONE', #1458, 0.1499999999999997446 ) ;
#2392 = ADVANCED_FACE ( 'NONE', ( #3093 ), #2795, .T. ) ;
#2393 = UNCERTAINTY_MEASURE_WITH_UNIT (LENGTH_MEASURE( 1.000000000000000082E-05 ), #2219, 'distance_accuracy_value', 'NONE');
#2394 = FILL_AREA_STYLE ('',( #396 ) ) ;
#2395 = COLOUR_RGB ( '',0.8039215686274510109, 0.8039215686274510109, 0.8039215686274510109 ) ;
#2396 = CARTESIAN_POINT ( 'NONE',  ( 0.000000000000000000, 0.000000000000000000, -0.2800000000000000266 ) ) ;
#2397 = STYLED_ITEM ( 'NONE', ( #4028 ), #1548 ) ;
#2398 = CARTESIAN_POINT ( 'NONE',  ( 0.4999999999999983902, -0.4400000000000004463, 0.4550000000000000711 ) ) ;
#2399 = CARTESIAN_POINT ( 'NONE',  ( 3.663389877004025697E-17, 0.1499999999999998002, -0.2800000000000000266 ) ) ;
#2400 =( NAMED_UNIT ( * ) SI_UNIT ( $, .STERADIAN. ) SOLID_ANGLE_UNIT ( ) );
#2401 =( GEOMETRIC_REPRESENTATION_CONTEXT ( 3 ) GLOBAL_UNCERTAINTY_ASSIGNED_CONTEXT ( ( #3530 ) ) GLOBAL_UNIT_ASSIGNED_CONTEXT ( ( #672, #2718, #4627 ) ) REPRESENTATION_CONTEXT ( 'NONE', 'WORKASPACE' ) );
#2402 = COLOUR_RGB ( '',0.8627450980392157298, 0.5882352941176470784, 0.06274509803921568540 ) ;
#2403 = CARTESIAN_POINT ( 'NONE',  ( 0.4999999999999986122, -0.3000000000000004885, 0.2950000000000000400 ) ) ;
#2404 = CARTESIAN_POINT ( 'NONE',  ( -0.7000000000000011768, -0.3000000000000004885, 0.2950000000000000400 ) ) ;
#2405 = ORIENTED_EDGE ( 'NONE', *, *, #4486, .T. ) ;
#2406 = DIRECTION ( 'NONE',  ( -1.000000000000000000, 0.000000000000000000, 0.000000000000000000 ) ) ;
#2407 = CARTESIAN_POINT ( 'NONE',  ( 0.7149999999999986366, -0.3000000000000004885, 0.2950000000000000400 ) ) ;
#2408 = DIRECTION ( 'NONE',  ( -1.000000000000000000, 0.000000000000000000, 0.000000000000000000 ) ) ;
#2409 =( LENGTH_UNIT ( ) NAMED_UNIT ( * ) SI_UNIT ( .MILLI., .METRE. ) );
#2410 = PRESENTATION_STYLE_ASSIGNMENT (( #6180 ) ) ;
#2411 = SURFACE_SIDE_STYLE ('',( #413 ) ) ;
#2412 = AXIS2_PLACEMENT_3D ( 'NONE', #411, #1948, #3891 ) ;
#2413 = STYLED_ITEM ( 'NONE', ( #2981 ), #2881 ) ;
#2414 =( LENGTH_UNIT ( ) NAMED_UNIT ( * ) SI_UNIT ( .MILLI., .METRE. ) );
#2415 = VERTEX_POINT ( 'NONE', #4575 ) ;
#2416 = LINE ( 'NONE', #1848, #3518 ) ;
#2417 = CARTESIAN_POINT ( 'NONE',  ( 0.7999999999999986011, 0.5999999999999996447, 0.01999999999999994491 ) ) ;
#2418 = LINE ( 'NONE', #4800, #1365 ) ;
#2419 = VERTEX_POINT ( 'NONE', #3524 ) ;
#2420 = PRESENTATION_LAYER_ASSIGNMENT (  '', '', ( #3739 ) ) ;
#2421 = ORIENTED_EDGE ( 'NONE', *, *, #2694, .T. ) ;
#2422 = SURFACE_STYLE_FILL_AREA ( #2884 ) ;
#2423 = CARTESIAN_POINT ( 'NONE',  ( -0.6939339828220163486, 0.000000000000000000, 0.01999999999999994491 ) ) ;
#2424 = ORIENTED_EDGE ( 'NONE', *, *, #4289, .T. ) ;
#2425 = AXIS2_PLACEMENT_3D ( 'NONE', #2597, #5086, #6186 ) ;
#2426 = DIRECTION ( 'NONE',  ( 0.000000000000000000, 0.000000000000000000, 1.000000000000000000 ) ) ;
#2427 = EDGE_CURVE ( 'NONE', #4722, #1195, #5401, .T. ) ;
#2428 = AXIS2_PLACEMENT_3D ( 'NONE', #1101, #128, #180 ) ;
#2429 = LINE ( 'NONE', #5405, #289 ) ;
#2430 = EDGE_CURVE ( 'NONE', #2419, #3289, #6113, .T. ) ;
#2431 = CIRCLE ( 'NONE', #1801, 0.2225000000000000311 ) ;
#2432 = AXIS2_PLACEMENT_3D ( 'NONE', #4661, #1742, #4070 ) ;
#2433 = AXIS2_PLACEMENT_3D ( 'NONE', #5991, #5376, #2896 ) ;
#2434 = PRODUCT_RELATED_PRODUCT_CATEGORY ( 'part', '', ( #295 ) ) ;
#2435 = LINE ( 'NONE', #3486, #244 ) ;
#2436 = ORIENTED_EDGE ( 'NONE', *, *, #727, .F. ) ;
#2437 = SURFACE_STYLE_USAGE ( .BOTH. , #375 ) ;
#2438 = LINE ( 'NONE', #4413, #3882 ) ;
#2439 = ADVANCED_FACE ( 'NONE', ( #4955 ), #523, .T. ) ;
#2440 = FACE_OUTER_BOUND ( 'NONE', #6026, .T. ) ;
#2441 = PRESENTATION_STYLE_ASSIGNMENT (( #4946 ) ) ;
#2442 = CARTESIAN_POINT ( 'NONE',  ( -0.8000000000000012657, -0.3774999999999997802, -0.2800000000000000266 ) ) ;
#2443 = VECTOR ( 'NONE', #6101, 1000.000000000000000 ) ;
#2444 =( LENGTH_UNIT ( ) NAMED_UNIT ( * ) SI_UNIT ( .MILLI., .METRE. ) );
#2445 = CARTESIAN_POINT ( 'NONE',  ( -0.2499999999999997780, 0.000000000000000000, 0.01999999999999994491 ) ) ;
#2446 = PRESENTATION_LAYER_ASSIGNMENT (  '', '', ( #6252 ) ) ;
#2447 = DIRECTION ( 'NONE',  ( -1.000000000000000000, 0.000000000000000000, -0.000000000000000000 ) ) ;
#2448 = ORIENTED_EDGE ( 'NONE', *, *, #2314, .F. ) ;
#2449 = DIRECTION ( 'NONE',  ( -0.000000000000000000, 0.000000000000000000, -1.000000000000000000 ) ) ;
#2450 =( NAMED_UNIT ( * ) SI_UNIT ( $, .STERADIAN. ) SOLID_ANGLE_UNIT ( ) );
#2451 = ADVANCED_FACE ( 'NONE', ( #5181 ), #4724, .F. ) ;
#2452 = LINE ( 'NONE', #3370, #529 ) ;
#2453 = DIRECTION ( 'NONE',  ( 0.000000000000000000, 0.000000000000000000, -1.000000000000000000 ) ) ;
#2454 = VERTEX_POINT ( 'NONE', #1650 ) ;
#2455 = ORIENTED_EDGE ( 'NONE', *, *, #5993, .T. ) ;
#2456 =( NAMED_UNIT ( * ) SI_UNIT ( $, .STERADIAN. ) SOLID_ANGLE_UNIT ( ) );
#2457 = DIRECTION ( 'NONE',  ( -0.000000000000000000, -1.000000000000000000, -0.000000000000000000 ) ) ;
#2458 = CARTESIAN_POINT ( 'NONE',  ( -0.7000000000000011768, 0.2999999999999996003, 0.4250000000000000999 ) ) ;
#2459 = ORIENTED_EDGE ( 'NONE', *, *, #3982, .T. ) ;
#2460 = UNCERTAINTY_MEASURE_WITH_UNIT (LENGTH_MEASURE( 1.000000000000000082E-05 ), #2307, 'distance_accuracy_value', 'NONE');
#2461 = ORIENTED_EDGE ( 'NONE', *, *, #5295, .T. ) ;
#2462 = DIRECTION ( 'NONE',  ( -1.000000000000000000, 0.000000000000000000, 0.000000000000000000 ) ) ;
#2463 = ORIENTED_EDGE ( 'NONE', *, *, #3785, .F. ) ;
#2464 = FILL_AREA_STYLE ('',( #2039 ) ) ;
#2465 = SURFACE_SIDE_STYLE ('',( #338 ) ) ;
#2466 = MECHANICAL_DESIGN_GEOMETRIC_PRESENTATION_REPRESENTATION (  '', ( #2860 ), #4937 ) ;
#2467 = DIRECTION ( 'NONE',  ( -1.000000000000000000, 0.000000000000000000, 0.000000000000000000 ) ) ;
#2468 = PRESENTATION_STYLE_ASSIGNMENT (( #1979 ) ) ;
#2469 = VERTEX_POINT ( 'NONE', #3614 ) ;
#2470 = SURFACE_STYLE_USAGE ( .BOTH. , #5962 ) ;
#2471 = CYLINDRICAL_SURFACE ( 'NONE', #5719, 0.01499999999999998557 ) ;
#2472 = FACE_OUTER_BOUND ( 'NONE', #699, .T. ) ;
#2473 = CARTESIAN_POINT ( 'NONE',  ( 0.7999999999999986011, 0.5999999999999996447, -0.2800000000000000266 ) ) ;
#2474 = EDGE_CURVE ( 'NONE', #3255, #3344, #3651, .T. ) ;
#2475 = CARTESIAN_POINT ( 'NONE',  ( -0.6044079500593120269, -0.4939339828220177808, 0.01999999999999994491 ) ) ;
#2476 = ORIENTED_EDGE ( 'NONE', *, *, #1560, .T. ) ;
#2477 = LINE ( 'NONE', #130, #2297 ) ;
#2478 = COLOUR_RGB ( '',0.8627450980392157298, 0.5882352941176470784, 0.06274509803921568540 ) ;
#2479 = CARTESIAN_POINT ( 'NONE',  ( 0.4999999999999986122, 0.4399999999999996136, 0.4550000000000000711 ) ) ;
#2480 = FACE_OUTER_BOUND ( 'NONE', #3066, .T. ) ;
#2481 = ORIENTED_EDGE ( 'NONE', *, *, #3919, .T. ) ;
#2482 = ADVANCED_FACE ( 'NONE', ( #5608 ), #1168, .T. ) ;
#2483 = ORIENTED_EDGE ( 'NONE', *, *, #4103, .F. ) ;
#2484 = SURFACE_STYLE_FILL_AREA ( #1081 ) ;
#2485 = VERTEX_POINT ( 'NONE', #1463 ) ;
#2486 = DIRECTION ( 'NONE',  ( 0.000000000000000000, 0.000000000000000000, -1.000000000000000000 ) ) ;
#2487 = FACE_OUTER_BOUND ( 'NONE', #3841, .T. ) ;
#2488 = AXIS2_PLACEMENT_3D ( 'NONE', #1655, #5029, #2129 ) ;
#2489 = VECTOR ( 'NONE', #2963, 1000.000000000000000 ) ;
#2490 =( LENGTH_UNIT ( ) NAMED_UNIT ( * ) SI_UNIT ( .MILLI., .METRE. ) );
#2491 =( LENGTH_UNIT ( ) NAMED_UNIT ( * ) SI_UNIT ( .MILLI., .METRE. ) );
#2492 = CARTESIAN_POINT ( 'NONE',  ( -0.6044079500593120269, 0.4939339828220175588, 0.01999999999999994491 ) ) ;
#2493 = CARTESIAN_POINT ( 'NONE',  ( -0.5000000000000012212, -0.3000000000000004885, 0.4550000000000000711 ) ) ;
#2494 = AXIS2_PLACEMENT_3D ( 'NONE', #6191, #3659, #686 ) ;
#2495 = COLOUR_RGB ( '',0.2862745098039215508, 0.2862745098039215508, 0.2862745098039215508 ) ;
#2496 = DIRECTION ( 'NONE',  ( 0.000000000000000000, 0.000000000000000000, 1.000000000000000000 ) ) ;
#2497 = STYLED_ITEM ( 'NONE', ( #3717 ), #1328 ) ;
#2498 = VERTEX_POINT ( 'NONE', #6247 ) ;
#2499 = CARTESIAN_POINT ( 'NONE',  ( -0.5050000000000012257, -0.3050000000000004929, 0.5200000000000000178 ) ) ;
#2500 = EDGE_CURVE ( 'NONE', #3289, #255, #1814, .T. ) ;
#2501 = FACE_OUTER_BOUND ( 'NONE', #2099, .T. ) ;
#2502 = CARTESIAN_POINT ( 'NONE',  ( -0.8000000000000012657, 0.6099999999999996536, 0.2800000000000000266 ) ) ;
#2503 = VECTOR ( 'NONE', #3842, 1000.000000000000000 ) ;
#2504 =( NAMED_UNIT ( * ) SI_UNIT ( $, .STERADIAN. ) SOLID_ANGLE_UNIT ( ) );
#2505 = VERTEX_POINT ( 'NONE', #1879 ) ;
#2506 = DIRECTION ( 'NONE',  ( 0.000000000000000000, 1.000000000000000000, 0.000000000000000000 ) ) ;
#2507 =( LENGTH_UNIT ( ) NAMED_UNIT ( * ) SI_UNIT ( .MILLI., .METRE. ) );
#2508 = EDGE_CURVE ( 'NONE', #5204, #5765, #6335, .T. ) ;
#2509 = CARTESIAN_POINT ( 'NONE',  ( 0.4999999999999986122, 0.2999999999999996003, 0.4550000000000000711 ) ) ;
#2510 =( NAMED_UNIT ( * ) PLANE_ANGLE_UNIT ( ) SI_UNIT ( $, .RADIAN. ) );
#2511 = EDGE_CURVE ( 'NONE', #2555, #3378, #2342, .T. ) ;
#2512 = ORIENTED_EDGE ( 'NONE', *, *, #4091, .F. ) ;
#2513 = VECTOR ( 'NONE', #3329, 1000.000000000000000 ) ;
#2514 = UNCERTAINTY_MEASURE_WITH_UNIT (LENGTH_MEASURE( 1.000000000000000082E-05 ), #3056, 'distance_accuracy_value', 'NONE');
#2515 = PLANE ( 'NONE',  #1558 ) ;
#2516 = DIRECTION ( 'NONE',  ( 0.000000000000000000, 0.000000000000000000, 1.000000000000000000 ) ) ;
#2517 = CIRCLE ( 'NONE', #430, 0.01500000000000003934 ) ;
#2518 = SURFACE_STYLE_USAGE ( .BOTH. , #623 ) ;
#2519 =( GEOMETRIC_REPRESENTATION_CONTEXT ( 3 ) GLOBAL_UNCERTAINTY_ASSIGNED_CONTEXT ( ( #958 ) ) GLOBAL_UNIT_ASSIGNED_CONTEXT ( ( #435, #4334, #1904 ) ) REPRESENTATION_CONTEXT ( 'NONE', 'WORKASPACE' ) );
#2520 = VECTOR ( 'NONE', #171, 1000.000000000000000 ) ;
#2521 = PRESENTATION_STYLE_ASSIGNMENT (( #3109 ) ) ;
#2522 = DIRECTION ( 'NONE',  ( 0.000000000000000000, 0.000000000000000000, 1.000000000000000000 ) ) ;
#2523 = ORIENTED_EDGE ( 'NONE', *, *, #167, .F. ) ;
#2524 = FILL_AREA_STYLE_COLOUR ( '', #754 ) ;
#2525 = CARTESIAN_POINT ( 'NONE',  ( -0.5000000000000011102, 0.4849999999999995981, 0.4400000000000000577 ) ) ;
#2526 = UNCERTAINTY_MEASURE_WITH_UNIT (LENGTH_MEASURE( 1.000000000000000082E-05 ), #5814, 'distance_accuracy_value', 'NONE');
#2527 = CYLINDRICAL_SURFACE ( 'NONE', #1292, 0.01499999999999998557 ) ;
#2528 = COLOUR_RGB ( '',0.2862745098039215508, 0.2862745098039215508, 0.2862745098039215508 ) ;
#2529 = LINE ( 'NONE', #1460, #6049 ) ;
#2530 =( NAMED_UNIT ( * ) SI_UNIT ( $, .STERADIAN. ) SOLID_ANGLE_UNIT ( ) );
#2531 =( LENGTH_UNIT ( ) NAMED_UNIT ( * ) SI_UNIT ( .MILLI., .METRE. ) );
#2532 = VECTOR ( 'NONE', #3250, 1000.000000000000000 ) ;
#2533 = MECHANICAL_DESIGN_GEOMETRIC_PRESENTATION_REPRESENTATION (  '', ( #5329 ), #2636 ) ;
#2534 = DIRECTION ( 'NONE',  ( -1.000000000000000000, 0.000000000000000000, 0.000000000000000000 ) ) ;
#2535 = EDGE_LOOP ( 'NONE', ( #5789, #6167, #4888, #3814, #1140, #3180, #2523, #1406, #2512 ) ) ;
#2536 = DIRECTION ( 'NONE',  ( -1.000000000000000000, 0.000000000000000000, -0.000000000000000000 ) ) ;
#2537 = PRESENTATION_STYLE_ASSIGNMENT (( #1040 ) ) ;
#2538 = FILL_AREA_STYLE_COLOUR ( '', #294 ) ;
#2539 = FILL_AREA_STYLE_COLOUR ( '', #6127 ) ;
#2540 = ORIENTED_EDGE ( 'NONE', *, *, #306, .F. ) ;
#2541 = VECTOR ( 'NONE', #4249, 1000.000000000000000 ) ;
#2542 = EDGE_CURVE ( 'NONE', #5468, #1005, #1409, .T. ) ;
#2543 = ORIENTED_EDGE ( 'NONE', *, *, #3013, .F. ) ;
#2544 = SURFACE_STYLE_FILL_AREA ( #6072 ) ;
#2545 = PRESENTATION_STYLE_ASSIGNMENT (( #50 ) ) ;
#2546 = ADVANCED_FACE ( 'NONE', ( #4277 ), #4891, .F. ) ;
#2547 = FILL_AREA_STYLE_COLOUR ( '', #3506 ) ;
#2548 = CARTESIAN_POINT ( 'NONE',  ( 0.6939339828220163486, 0.1499999999999996336, 0.01999999999999994491 ) ) ;
#2549 = LINE ( 'NONE', #3920, #6125 ) ;
#2550 = FILL_AREA_STYLE ('',( #4153 ) ) ;
#2551 = ADVANCED_FACE ( 'NONE', ( #2440 ), #5352, .F. ) ;
#2552 = FILL_AREA_STYLE_COLOUR ( '', #957 ) ;
#2553 = FACE_OUTER_BOUND ( 'NONE', #3859, .T. ) ;
#2554 =( NAMED_UNIT ( * ) PLANE_ANGLE_UNIT ( ) SI_UNIT ( $, .RADIAN. ) );
#2555 = VERTEX_POINT ( 'NONE', #4377 ) ;
#2556 = CARTESIAN_POINT ( 'NONE',  ( -0.2499999999999997780, -0.4500000000000018430, 0.01999999999999994491 ) ) ;
#2557 = PLANE ( 'NONE',  #2033 ) ;
#2558 = VERTEX_POINT ( 'NONE', #3864 ) ;
#2559 = LINE ( 'NONE', #5028, #706 ) ;
#2560 = PRESENTATION_STYLE_ASSIGNMENT (( #4003 ) ) ;
#2561 = UNCERTAINTY_MEASURE_WITH_UNIT (LENGTH_MEASURE( 1.000000000000000082E-05 ), #4206, 'distance_accuracy_value', 'NONE');
#2562 = STYLED_ITEM ( 'NONE', ( #5842 ), #356 ) ;
#2563 = VERTEX_POINT ( 'NONE', #5933 ) ;
#2564 = SURFACE_SIDE_STYLE ('',( #1607 ) ) ;
#2565 = ORIENTED_EDGE ( 'NONE', *, *, #3274, .T. ) ;
#2566 = COLOUR_RGB ( '',0.8627450980392157298, 0.6274509803921568540, 0.05882352941176470507 ) ;
#2567 = LINE ( 'NONE', #3106, #3404 ) ;
#2568 = UNCERTAINTY_MEASURE_WITH_UNIT (LENGTH_MEASURE( 1.000000000000000082E-05 ), #4517, 'distance_accuracy_value', 'NONE');
#2569 = PRESENTATION_STYLE_ASSIGNMENT (( #3569 ) ) ;
#2570 = PRESENTATION_LAYER_ASSIGNMENT (  '', '', ( #5374 ) ) ;
#2571 = EDGE_CURVE ( 'NONE', #5873, #4740, #5042, .T. ) ;
#2572 = DIRECTION ( 'NONE',  ( -0.000000000000000000, -0.000000000000000000, -1.000000000000000000 ) ) ;
#2573 = CARTESIAN_POINT ( 'NONE',  ( 0.6939339828220163486, 0.000000000000000000, 0.01999999999999994491 ) ) ;
#2574 = EDGE_CURVE ( 'NONE', #994, #2751, #1494, .T. ) ;
#2575 =( GEOMETRIC_REPRESENTATION_CONTEXT ( 3 ) GLOBAL_UNCERTAINTY_ASSIGNED_CONTEXT ( ( #3475 ) ) GLOBAL_UNIT_ASSIGNED_CONTEXT ( ( #2166, #1321, #266 ) ) REPRESENTATION_CONTEXT ( 'NONE', 'WORKASPACE' ) );
#2576 = STYLED_ITEM ( 'NONE', ( #3771 ), #5075 ) ;
#2577 = UNCERTAINTY_MEASURE_WITH_UNIT (LENGTH_MEASURE( 1.000000000000000082E-05 ), #6073, 'distance_accuracy_value', 'NONE');
#2578 = FILL_AREA_STYLE ('',( #2552 ) ) ;
#2579 = PRESENTATION_LAYER_ASSIGNMENT (  '', '', ( #1974 ) ) ;
#2580 = DIRECTION ( 'NONE',  ( 1.000000000000000000, 0.000000000000000000, 0.000000000000000000 ) ) ;
#2581 = DIRECTION ( 'NONE',  ( -1.000000000000000000, 0.000000000000000000, 0.000000000000000000 ) ) ;
#2582 = AXIS2_PLACEMENT_3D ( 'NONE', #6066, #5943, #4031 ) ;
#2583 = FILL_AREA_STYLE ('',( #5963 ) ) ;
#2584 = FILL_AREA_STYLE_COLOUR ( '', #4280 ) ;
#2585 =( GEOMETRIC_REPRESENTATION_CONTEXT ( 3 ) GLOBAL_UNCERTAINTY_ASSIGNED_CONTEXT ( ( #4035 ) ) GLOBAL_UNIT_ASSIGNED_CONTEXT ( ( #1859, #980, #3477 ) ) REPRESENTATION_CONTEXT ( 'NONE', 'WORKASPACE' ) );
#2586 = CIRCLE ( 'NONE', #5697, 0.06000000000000026840 ) ;
#2587 =( NAMED_UNIT ( * ) PLANE_ANGLE_UNIT ( ) SI_UNIT ( $, .RADIAN. ) );
#2588 = CARTESIAN_POINT ( 'NONE',  ( 0.7999999999999986011, 0.5999999999999996447, -0.2800000000000000266 ) ) ;
#2589 = ORIENTED_EDGE ( 'NONE', *, *, #5154, .F. ) ;
#2590 =( NAMED_UNIT ( * ) PLANE_ANGLE_UNIT ( ) SI_UNIT ( $, .RADIAN. ) );
#2591 = STYLED_ITEM ( 'NONE', ( #5756 ), #2244 ) ;
#2592 = DIRECTION ( 'NONE',  ( 0.7071067811865513475, 0.7071067811865436870, 0.000000000000000000 ) ) ;
#2593 = DIRECTION ( 'NONE',  ( 1.000000000000000000, 0.000000000000000000, 0.000000000000000000 ) ) ;
#2594 = MECHANICAL_DESIGN_GEOMETRIC_PRESENTATION_REPRESENTATION (  '', ( #5510 ), #3098 ) ;
#2595 = SURFACE_STYLE_USAGE ( .BOTH. , #4482 ) ;
#2596 = COLOUR_RGB ( '',0.8039215686274510109, 0.8039215686274510109, 0.8039215686274510109 ) ;
#2597 = CARTESIAN_POINT ( 'NONE',  ( 0.7999999999999986011, -0.5999999999999998668, 0.01999999999999994491 ) ) ;
#2598 = EDGE_LOOP ( 'NONE', ( #5976, #1976, #4871, #1721 ) ) ;
#2599 = PRESENTATION_STYLE_ASSIGNMENT (( #2100 ) ) ;
#2600 = DIRECTION ( 'NONE',  ( 1.000000000000000000, -1.506527021941980298E-15, 0.000000000000000000 ) ) ;
#2601 = ORIENTED_EDGE ( 'NONE', *, *, #4208, .F. ) ;
#2602 =( GEOMETRIC_REPRESENTATION_CONTEXT ( 3 ) GLOBAL_UNCERTAINTY_ASSIGNED_CONTEXT ( ( #749 ) ) GLOBAL_UNIT_ASSIGNED_CONTEXT ( ( #1374, #4791, #923 ) ) REPRESENTATION_CONTEXT ( 'NONE', 'WORKASPACE' ) );
#2603 = SURFACE_SIDE_STYLE ('',( #1112 ) ) ;
#2604 = VECTOR ( 'NONE', #3254, 1000.000000000000000 ) ;
#2605 = DIRECTION ( 'NONE',  ( 0.000000000000000000, 0.000000000000000000, -1.000000000000000000 ) ) ;
#2606 =( GEOMETRIC_REPRESENTATION_CONTEXT ( 3 ) GLOBAL_UNCERTAINTY_ASSIGNED_CONTEXT ( ( #3064 ) ) GLOBAL_UNIT_ASSIGNED_CONTEXT ( ( #4301, #1806, #1870 ) ) REPRESENTATION_CONTEXT ( 'NONE', 'WORKASPACE' ) );
#2607 = DIRECTION ( 'NONE',  ( 0.000000000000000000, 0.000000000000000000, 1.000000000000000000 ) ) ;
#2608 = CARTESIAN_POINT ( 'NONE',  ( 0.2499999999999997780, 0.4939339828220177808, 0.01999999999999994491 ) ) ;
#2609 = SURFACE_STYLE_FILL_AREA ( #629 ) ;
#2610 = ADVANCED_FACE ( 'NONE', ( #67 ), #5994, .T. ) ;
#2611 = FILL_AREA_STYLE ('',( #4649 ) ) ;
#2612 = PRESENTATION_LAYER_ASSIGNMENT (  '', '', ( #4901 ) ) ;
#2613 =( GEOMETRIC_REPRESENTATION_CONTEXT ( 3 ) GLOBAL_UNCERTAINTY_ASSIGNED_CONTEXT ( ( #1277 ) ) GLOBAL_UNIT_ASSIGNED_CONTEXT ( ( #2444, #4858, #5382 ) ) REPRESENTATION_CONTEXT ( 'NONE', 'WORKASPACE' ) );
#2614 = VERTEX_POINT ( 'NONE', #605 ) ;
#2615 = LINE ( 'NONE', #5170, #4089 ) ;
#2616 = SURFACE_SIDE_STYLE ('',( #3669 ) ) ;
#2617 = DIRECTION ( 'NONE',  ( -1.000000000000000000, 0.000000000000000000, -0.000000000000000000 ) ) ;
#2618 = MECHANICAL_DESIGN_GEOMETRIC_PRESENTATION_REPRESENTATION (  '', ( #2324 ), #4689 ) ;
#2619 = VERTEX_POINT ( 'NONE', #3514 ) ;
#2620 = FILL_AREA_STYLE ('',( #638 ) ) ;
#2621 = CARTESIAN_POINT ( 'NONE',  ( 0.6499999999999986899, -0.5999999999999998668, 0.01999999999999994491 ) ) ;
#2622 = AXIS2_PLACEMENT_3D ( 'NONE', #4841, #2794, #4777 ) ;
#2623 = AXIS2_PLACEMENT_3D ( 'NONE', #4536, #4932, #4029 ) ;
#2624 = SURFACE_STYLE_FILL_AREA ( #6088 ) ;
#2625 = CIRCLE ( 'NONE', #6243, 0.2225000000000000311 ) ;
#2626 = CARTESIAN_POINT ( 'NONE',  ( -0.5774999999999985700, -0.6000000000000005329, 0.01999999999999994491 ) ) ;
#2627 = LINE ( 'NONE', #676, #810 ) ;
#2628 = COLOUR_RGB ( '',0.8627450980392157298, 0.6274509803921568540, 0.05882352941176470507 ) ;
#2629 = PRESENTATION_LAYER_ASSIGNMENT (  '', '', ( #5017 ) ) ;
#2630 = CYLINDRICAL_SURFACE ( 'NONE', #2425, 0.2225000000000000311 ) ;
#2631 = ORIENTED_EDGE ( 'NONE', *, *, #877, .F. ) ;
#2632 = DIRECTION ( 'NONE',  ( 0.000000000000000000, 0.000000000000000000, -1.000000000000000000 ) ) ;
#2633 = AXIS2_PLACEMENT_3D ( 'NONE', #4040, #4487, #2516 ) ;
#2634 = PRESENTATION_STYLE_ASSIGNMENT (( #4587 ) ) ;
#2635 = LINE ( 'NONE', #5565, #4749 ) ;
#2636 =( GEOMETRIC_REPRESENTATION_CONTEXT ( 3 ) GLOBAL_UNCERTAINTY_ASSIGNED_CONTEXT ( ( #4920 ) ) GLOBAL_UNIT_ASSIGNED_CONTEXT ( ( #2507, #2999, #3899 ) ) REPRESENTATION_CONTEXT ( 'NONE', 'WORKASPACE' ) );
#2637 = ORIENTED_EDGE ( 'NONE', *, *, #3565, .T. ) ;
#2638 =( LENGTH_UNIT ( ) NAMED_UNIT ( * ) SI_UNIT ( .MILLI., .METRE. ) );
#2639 = CARTESIAN_POINT ( 'NONE',  ( 0.6849999999999984990, 0.2999999999999996003, 0.4400000000000000577 ) ) ;
#2640 = DIRECTION ( 'NONE',  ( 1.000000000000000000, 0.000000000000000000, 0.000000000000000000 ) ) ;
#2641 =( NAMED_UNIT ( * ) PLANE_ANGLE_UNIT ( ) SI_UNIT ( $, .RADIAN. ) );
#2642 = FACE_OUTER_BOUND ( 'NONE', #2372, .T. ) ;
#2643 = UNCERTAINTY_MEASURE_WITH_UNIT (LENGTH_MEASURE( 1.000000000000000082E-05 ), #433, 'distance_accuracy_value', 'NONE');
#2644 = DIRECTION ( 'NONE',  ( -1.000000000000000000, 0.000000000000000000, 0.000000000000000000 ) ) ;
#2645 = ORIENTED_EDGE ( 'NONE', *, *, #565, .F. ) ;
#2646 = DIRECTION ( 'NONE',  ( 1.000000000000000000, 0.000000000000000000, 0.000000000000000000 ) ) ;
#2647 = CYLINDRICAL_SURFACE ( 'NONE', #121, 0.1999999999999999833 ) ;
#2648 = FILL_AREA_STYLE ('',( #92 ) ) ;
#2649 = CARTESIAN_POINT ( 'NONE',  ( -0.5774999999999985700, -0.6000000000000005329, -0.2800000000000000266 ) ) ;
#2650 = DIRECTION ( 'NONE',  ( -1.000000000000000000, 0.000000000000000000, 0.000000000000000000 ) ) ;
#2651 = ORIENTED_EDGE ( 'NONE', *, *, #4682, .F. ) ;
#2652 = SURFACE_STYLE_FILL_AREA ( #2277 ) ;
#2653 = DIRECTION ( 'NONE',  ( 0.000000000000000000, 0.000000000000000000, -1.000000000000000000 ) ) ;
#2654 = FILL_AREA_STYLE ('',( #3127 ) ) ;
#2655 = LINE ( 'NONE', #1233, #1264 ) ;
#2656 = DIRECTION ( 'NONE',  ( -0.000000000000000000, -0.000000000000000000, 1.000000000000000000 ) ) ;
#2657 = EDGE_CURVE ( 'NONE', #3076, #850, #1555, .T. ) ;
#2658 = LINE ( 'NONE', #6215, #2278 ) ;
#2659 = ORIENTED_EDGE ( 'NONE', *, *, #4064, .T. ) ;
#2660 = CARTESIAN_POINT ( 'NONE',  ( -0.6850000000000011635, -0.3000000000000004885, 0.4400000000000000577 ) ) ;
#2661 = FILL_AREA_STYLE_COLOUR ( '', #5394 ) ;
#2662 = EDGE_CURVE ( 'NONE', #4654, #3620, #5519, .T. ) ;
#2663 = CARTESIAN_POINT ( 'NONE',  ( 0.4999999999999986122, 0.2999999999999996003, 0.2800000000000000266 ) ) ;
#2664 = CIRCLE ( 'NONE', #2761, 0.06000000000000026840 ) ;
#2665 = SURFACE_STYLE_USAGE ( .BOTH. , #5228 ) ;
#2666 =( NAMED_UNIT ( * ) SI_UNIT ( $, .STERADIAN. ) SOLID_ANGLE_UNIT ( ) );
#2667 = DIRECTION ( 'NONE',  ( -0.000000000000000000, -0.000000000000000000, -1.000000000000000000 ) ) ;
#2668 = VECTOR ( 'NONE', #3122, 1000.000000000000000 ) ;
#2669 = FILL_AREA_STYLE_COLOUR ( '', #4584 ) ;
#2670 = SURFACE_SIDE_STYLE ('',( #2609 ) ) ;
#2671 = COLOUR_RGB ( '',0.8039215686274510109, 0.8039215686274510109, 0.8039215686274510109 ) ;
#2672 =( NAMED_UNIT ( * ) PLANE_ANGLE_UNIT ( ) SI_UNIT ( $, .RADIAN. ) );
#2673 = FILL_AREA_STYLE_COLOUR ( '', #4431 ) ;
#2674 = DIRECTION ( 'NONE',  ( 0.000000000000000000, 1.000000000000000000, 0.000000000000000000 ) ) ;
#2675 = CIRCLE ( 'NONE', #3188, 0.1250000000000000000 ) ;
#2676 = DIRECTION ( 'NONE',  ( 0.000000000000000000, 0.000000000000000000, -1.000000000000000000 ) ) ;
#2677 = VECTOR ( 'NONE', #1614, 1000.000000000000000 ) ;
#2678 = FACE_OUTER_BOUND ( 'NONE', #3849, .T. ) ;
#2679 = MECHANICAL_DESIGN_GEOMETRIC_PRESENTATION_REPRESENTATION (  '', ( #4646 ), #5272 ) ;
#2680 = DIRECTION ( 'NONE',  ( 0.000000000000000000, 1.000000000000000000, 0.000000000000000000 ) ) ;
#2681 = ORIENTED_EDGE ( 'NONE', *, *, #4295, .T. ) ;
#2682 = COLOUR_RGB ( '',0.8627450980392157298, 0.6274509803921568540, 0.05882352941176470507 ) ;
#2683 = CARTESIAN_POINT ( 'NONE',  ( 0.2499999999999997780, 0.4939339828220177808, 0.01999999999999994491 ) ) ;
#2684 = ORIENTED_EDGE ( 'NONE', *, *, #5602, .T. ) ;
#2685 = FILL_AREA_STYLE_COLOUR ( '', #3004 ) ;
#2686 = PLANE ( 'NONE',  #755 ) ;
#2687 = CIRCLE ( 'NONE', #4242, 0.1849999999999999423 ) ;
#2688 = STYLED_ITEM ( 'NONE', ( #2914 ), #1226 ) ;
#2689 = SURFACE_SIDE_STYLE ('',( #5647 ) ) ;
#2690 = UNCERTAINTY_MEASURE_WITH_UNIT (LENGTH_MEASURE( 1.000000000000000082E-05 ), #2531, 'distance_accuracy_value', 'NONE');
#2691 = EDGE_CURVE ( 'NONE', #994, #2498, #578, .T. ) ;
#2692 = ORIENTED_EDGE ( 'NONE', *, *, #4091, .T. ) ;
#2693 = LINE ( 'NONE', #4247, #5392 ) ;
#2694 = EDGE_CURVE ( 'NONE', #3407, #4147, #4151, .T. ) ;
#2695 = LINE ( 'NONE', #4669, #339 ) ;
#2696 = COLOUR_RGB ( '',0.8627450980392157298, 0.6274509803921568540, 0.05882352941176470507 ) ;
#2697 = STYLED_ITEM ( 'NONE', ( #744 ), #2451 ) ;
#2698 = EDGE_CURVE ( 'NONE', #425, #2132, #90, .T. ) ;
#2699 = DIRECTION ( 'NONE',  ( 0.000000000000000000, 0.000000000000000000, 1.000000000000000000 ) ) ;
#2700 = ORIENTED_EDGE ( 'NONE', *, *, #5013, .T. ) ;
#2701 = DIRECTION ( 'NONE',  ( 1.000000000000000000, 0.000000000000000000, -0.000000000000000000 ) ) ;
#2702 = CIRCLE ( 'NONE', #4369, 0.1999999999999999833 ) ;
#2703 = AXIS2_PLACEMENT_3D ( 'NONE', #506, #5014, #952 ) ;
#2704 = UNCERTAINTY_MEASURE_WITH_UNIT (LENGTH_MEASURE( 1.000000000000000082E-05 ), #4239, 'distance_accuracy_value', 'NONE');
#2705 = CARTESIAN_POINT ( 'NONE',  ( 0.6999999999999986233, 0.4999999999999995559, 0.4400000000000000577 ) ) ;
#2706 = ADVANCED_FACE ( 'NONE', ( #5547 ), #4061, .T. ) ;
#2707 = DIRECTION ( 'NONE',  ( -1.000000000000000000, 0.000000000000000000, 0.000000000000000000 ) ) ;
#2708 = SURFACE_STYLE_FILL_AREA ( #5074 ) ;
#2709 =( GEOMETRIC_REPRESENTATION_CONTEXT ( 3 ) GLOBAL_UNCERTAINTY_ASSIGNED_CONTEXT ( ( #3714 ) ) GLOBAL_UNIT_ASSIGNED_CONTEXT ( ( #4160, #5297, #385 ) ) REPRESENTATION_CONTEXT ( 'NONE', 'WORKASPACE' ) );
#2710 = EDGE_LOOP ( 'NONE', ( #5861, #4209, #1037, #4828, #5248, #105, #5386, #4755, #6288 ) ) ;
#2711 =( GEOMETRIC_REPRESENTATION_CONTEXT ( 3 ) GLOBAL_UNCERTAINTY_ASSIGNED_CONTEXT ( ( #5826 ) ) GLOBAL_UNIT_ASSIGNED_CONTEXT ( ( #5892, #6356, #1938 ) ) REPRESENTATION_CONTEXT ( 'NONE', 'WORKASPACE' ) );
#2712 = CARTESIAN_POINT ( 'NONE',  ( -0.2499999999999997780, -0.4500000000000018430, 0.01999999999999994491 ) ) ;
#2713 = SURFACE_SIDE_STYLE ('',( #216 ) ) ;
#2714 = VERTEX_POINT ( 'NONE', #3155 ) ;
#2715 = DIRECTION ( 'NONE',  ( 0.000000000000000000, -1.000000000000000000, -0.000000000000000000 ) ) ;
#2716 = ORIENTED_EDGE ( 'NONE', *, *, #4199, .F. ) ;
#2717 = DIRECTION ( 'NONE',  ( 0.000000000000000000, 0.000000000000000000, -1.000000000000000000 ) ) ;
#2718 =( NAMED_UNIT ( * ) PLANE_ANGLE_UNIT ( ) SI_UNIT ( $, .RADIAN. ) );
#2719 = EDGE_LOOP ( 'NONE', ( #1893, #845, #897, #1921 ) ) ;
#2720 = LINE ( 'NONE', #3653, #1995 ) ;
#2721 = DIRECTION ( 'NONE',  ( 0.000000000000000000, 0.000000000000000000, -1.000000000000000000 ) ) ;
#2722 = AXIS2_PLACEMENT_3D ( 'NONE', #1392, #3217, #3247 ) ;
#2723 = AXIS2_PLACEMENT_3D ( 'NONE', #5022, #607, #5550 ) ;
#2724 = LINE ( 'NONE', #253, #3397 ) ;
#2725 = VERTEX_POINT ( 'NONE', #5205 ) ;
#2726 = SURFACE_STYLE_USAGE ( .BOTH. , #3203 ) ;
#2727 = PLANE ( 'NONE',  #3346 ) ;
#2728 = LINE ( 'NONE', #4149, #4560 ) ;
#2729 = EDGE_CURVE ( 'NONE', #388, #954, #3929, .T. ) ;
#2730 = COLOUR_RGB ( '',0.8627450980392157298, 0.6274509803921568540, 0.05882352941176470507 ) ;
#2731 = PRESENTATION_LAYER_ASSIGNMENT (  '', '', ( #2230 ) ) ;
#2732 =( NAMED_UNIT ( * ) PLANE_ANGLE_UNIT ( ) SI_UNIT ( $, .RADIAN. ) );
#2733 = CARTESIAN_POINT ( 'NONE',  ( 0.6939339828220163486, -0.4044079500593134036, -0.2800000000000000266 ) ) ;
#2734 = FACE_OUTER_BOUND ( 'NONE', #2719, .T. ) ;
#2735 = CIRCLE ( 'NONE', #6349, 0.1999999999999999833 ) ;
#2736 = CARTESIAN_POINT ( 'NONE',  ( -0.5000000000000012212, -0.5150000000000004574, 0.2800000000000000266 ) ) ;
#2737 = FACE_OUTER_BOUND ( 'NONE', #2185, .T. ) ;
#2738 = PRESENTATION_LAYER_ASSIGNMENT (  '', '', ( #1807 ) ) ;
#2739 = FILL_AREA_STYLE_COLOUR ( '', #4906 ) ;
#2740 = ORIENTED_EDGE ( 'NONE', *, *, #4168, .F. ) ;
#2741 = FILL_AREA_STYLE ('',( #4714 ) ) ;
#2742 = EDGE_CURVE ( 'NONE', #2498, #1564, #2241, .T. ) ;
#2743 =( NAMED_UNIT ( * ) PLANE_ANGLE_UNIT ( ) SI_UNIT ( $, .RADIAN. ) );
#2744 = CARTESIAN_POINT ( 'NONE',  ( -0.6250000000000011102, -0.3000000000000004885, 0.5050000000000000044 ) ) ;
#2745 = ORIENTED_EDGE ( 'NONE', *, *, #6214, .F. ) ;
#2746 = DIRECTION ( 'NONE',  ( -0.000000000000000000, -1.000000000000000000, -0.000000000000000000 ) ) ;
#2747 = VERTEX_POINT ( 'NONE', #4716 ) ;
#2748 = CARTESIAN_POINT ( 'NONE',  ( -0.7999999999999986011, -0.5999999999999994227, 0.01999999999999994491 ) ) ;
#2749 = DIRECTION ( 'NONE',  ( 0.000000000000000000, 0.000000000000000000, -1.000000000000000000 ) ) ;
#2750 = UNCERTAINTY_MEASURE_WITH_UNIT (LENGTH_MEASURE( 1.000000000000000082E-05 ), #512, 'distance_accuracy_value', 'NONE');
#2751 = VERTEX_POINT ( 'NONE', #271 ) ;
#2752 =( LENGTH_UNIT ( ) NAMED_UNIT ( * ) SI_UNIT ( .MILLI., .METRE. ) );
#2753 = CARTESIAN_POINT ( 'NONE',  ( 0.7999999999999986011, 0.000000000000000000, 0.01999999999999994491 ) ) ;
#2754 = EDGE_LOOP ( 'NONE', ( #828, #2838, #2030, #2295, #3568, #3862, #1260, #4037 ) ) ;
#2755 = UNCERTAINTY_MEASURE_WITH_UNIT (LENGTH_MEASURE( 1.000000000000000082E-05 ), #644, 'distance_accuracy_value', 'NONE');
#2756 = LINE ( 'NONE', #724, #3957 ) ;
#2757 = EDGE_CURVE ( 'NONE', #3677, #2563, #3641, .T. ) ;
#2758 = LINE ( 'NONE', #4734, #4964 ) ;
#2759 = PRESENTATION_STYLE_ASSIGNMENT (( #4710 ) ) ;
#2760 = CYLINDRICAL_SURFACE ( 'NONE', #3550, 0.06000000000000026840 ) ;
#2761 = AXIS2_PLACEMENT_3D ( 'NONE', #3894, #69, #2048 ) ;
#2762 = EDGE_CURVE ( 'NONE', #4134, #2751, #5073, .T. ) ;
#2763 = ADVANCED_FACE ( 'NONE', ( #3607 ), #698, .T. ) ;
#2764 = VERTEX_POINT ( 'NONE', #1677 ) ;
#2765 = CARTESIAN_POINT ( 'NONE',  ( -0.6044079500593120269, -0.4939339828220177808, -0.2800000000000000266 ) ) ;
#2766 = CARTESIAN_POINT ( 'NONE',  ( 0.4999999999999986122, 0.4249999999999996003, 0.5050000000000000044 ) ) ;
#2767 = LINE ( 'NONE', #3699, #5987 ) ;
#2768 = COLOUR_RGB ( '',0.8627450980392157298, 0.6274509803921568540, 0.05882352941176470507 ) ;
#2769 = LINE ( 'NONE', #405, #4051 ) ;
#2770 = DIRECTION ( 'NONE',  ( 0.000000000000000000, 0.000000000000000000, 1.000000000000000000 ) ) ;
#2771 = ADVANCED_FACE ( 'NONE', ( #4653 ), #633, .T. ) ;
#2772 = DIRECTION ( 'NONE',  ( -1.000000000000000000, 6.118385167737106238E-16, 0.000000000000000000 ) ) ;
#2773 = ORIENTED_EDGE ( 'NONE', *, *, #5471, .T. ) ;
#2774 = PLANE ( 'NONE',  #2977 ) ;
#2775 = CARTESIAN_POINT ( 'NONE',  ( 0.6399999999999986811, -0.3000000000000004885, 0.4550000000000000711 ) ) ;
#2776 = VERTEX_POINT ( 'NONE', #5768 ) ;
#2777 = CARTESIAN_POINT ( 'NONE',  ( -0.2499999999999997780, 0.4939339828220177808, 0.01999999999999994491 ) ) ;
#2778 = CIRCLE ( 'NONE', #2077, 0.2150000000000000244 ) ;
#2779 = DIRECTION ( 'NONE',  ( -2.442259918002687003E-16, -1.000000000000000000, 0.000000000000000000 ) ) ;
#2780 =( LENGTH_UNIT ( ) NAMED_UNIT ( * ) SI_UNIT ( .MILLI., .METRE. ) );
#2781 = ORIENTED_EDGE ( 'NONE', *, *, #1907, .F. ) ;
#2782 = ADVANCED_FACE ( 'NONE', ( #335 ), #4815, .T. ) ;
#2783 = FACE_OUTER_BOUND ( 'NONE', #5396, .T. ) ;
#2784 = VERTEX_POINT ( 'NONE', #2398 ) ;
#2785 =( GEOMETRIC_REPRESENTATION_CONTEXT ( 3 ) GLOBAL_UNCERTAINTY_ASSIGNED_CONTEXT ( ( #804 ) ) GLOBAL_UNIT_ASSIGNED_CONTEXT ( ( #1628, #247, #3091 ) ) REPRESENTATION_CONTEXT ( 'NONE', 'WORKASPACE' ) );
#2786 = CIRCLE ( 'NONE', #1245, 0.01500000000000003934 ) ;
#2787 = PRESENTATION_LAYER_ASSIGNMENT (  '', '', ( #5596 ) ) ;
#2788 = CYLINDRICAL_SURFACE ( 'NONE', #1869, 0.01499999999999998557 ) ;
#2789 = SURFACE_STYLE_FILL_AREA ( #1215 ) ;
#2790 = EDGE_LOOP ( 'NONE', ( #3688, #1474, #5457, #4935 ) ) ;
#2791 = CARTESIAN_POINT ( 'NONE',  ( -3.022078354339549274E-16, 0.4939339828220178918, 0.01999999999999994491 ) ) ;
#2792 = VECTOR ( 'NONE', #1418, 1000.000000000000000 ) ;
#2793 = VECTOR ( 'NONE', #4069, 1000.000000000000000 ) ;
#2794 = DIRECTION ( 'NONE',  ( 1.000000000000000000, 0.000000000000000000, 0.000000000000000000 ) ) ;
#2795 = TOROIDAL_SURFACE ( 'NONE', #536, 0.1250000000000000000, 0.01499999999999999944 ) ;
#2796 = LINE ( 'NONE', #3693, #1969 ) ;
#2797 = SURFACE_STYLE_USAGE ( .BOTH. , #3857 ) ;
#2798 = ORIENTED_EDGE ( 'NONE', *, *, #5326, .F. ) ;
#2799 = MECHANICAL_DESIGN_GEOMETRIC_PRESENTATION_REPRESENTATION (  '', ( #4979 ), #3724 ) ;
#2800 = ORIENTED_EDGE ( 'NONE', *, *, #319, .F. ) ;
#2801 = VECTOR ( 'NONE', #2083, 1000.000000000000000 ) ;
#2802 = ADVANCED_FACE ( 'NONE', ( #5734 ), #3328, .T. ) ;
#2803 =( NAMED_UNIT ( * ) SI_UNIT ( $, .STERADIAN. ) SOLID_ANGLE_UNIT ( ) );
#2804 = CARTESIAN_POINT ( 'NONE',  ( 0.7999999999999986011, -0.5999999999999998668, 0.01999999999999994491 ) ) ;
#2805 = COLOUR_RGB ( '',0.8627450980392157298, 0.6274509803921568540, 0.05882352941176470507 ) ;
#2806 = DIRECTION ( 'NONE',  ( 1.000000000000000000, 0.000000000000000000, 0.000000000000000000 ) ) ;
#2807 = ORIENTED_EDGE ( 'NONE', *, *, #1358, .T. ) ;
#2808 = PRESENTATION_LAYER_ASSIGNMENT (  '', '', ( #2901 ) ) ;
#2809 = FILL_AREA_STYLE_COLOUR ( '', #2832 ) ;
#2810 =( NAMED_UNIT ( * ) SI_UNIT ( $, .STERADIAN. ) SOLID_ANGLE_UNIT ( ) );
#2811 = DIRECTION ( 'NONE',  ( 1.000000000000000000, 0.000000000000000000, 0.000000000000000000 ) ) ;
#2812 = TOROIDAL_SURFACE ( 'NONE', #4046, 0.1550000000000000266, 0.01499999999999999944 ) ;
#2813 =( GEOMETRIC_REPRESENTATION_CONTEXT ( 3 ) GLOBAL_UNCERTAINTY_ASSIGNED_CONTEXT ( ( #1207 ) ) GLOBAL_UNIT_ASSIGNED_CONTEXT ( ( #134, #2510, #1106 ) ) REPRESENTATION_CONTEXT ( 'NONE', 'WORKASPACE' ) );
#2814 = EDGE_CURVE ( 'NONE', #691, #5915, #3383, .T. ) ;
#2815 = CYLINDRICAL_SURFACE ( 'NONE', #2225, 0.1999999999999999833 ) ;
#2816 = ORIENTED_EDGE ( 'NONE', *, *, #346, .T. ) ;
#2817 = FACE_OUTER_BOUND ( 'NONE', #1570, .T. ) ;
#2818 = PLANE ( 'NONE',  #6260 ) ;
#2819 = DIRECTION ( 'NONE',  ( -0.000000000000000000, -0.000000000000000000, 1.000000000000000000 ) ) ;
#2820 = VECTOR ( 'NONE', #3262, 1000.000000000000000 ) ;
#2821 =( LENGTH_UNIT ( ) NAMED_UNIT ( * ) SI_UNIT ( .MILLI., .METRE. ) );
#2822 = EDGE_CURVE ( 'NONE', #6177, #2960, #27, .T. ) ;
#2823 = PRESENTATION_LAYER_ASSIGNMENT (  '', '', ( #5628 ) ) ;
#2824 = UNCERTAINTY_MEASURE_WITH_UNIT (LENGTH_MEASURE( 1.000000000000000082E-05 ), #2948, 'distance_accuracy_value', 'NONE');
#2825 =( GEOMETRIC_REPRESENTATION_CONTEXT ( 3 ) GLOBAL_UNCERTAINTY_ASSIGNED_CONTEXT ( ( #2643 ) ) GLOBAL_UNIT_ASSIGNED_CONTEXT ( ( #433, #1450, #3871 ) ) REPRESENTATION_CONTEXT ( 'NONE', 'WORKASPACE' ) );
#2826 = FACE_OUTER_BOUND ( 'NONE', #6116, .T. ) ;
#2827 = PRESENTATION_STYLE_ASSIGNMENT (( #907 ) ) ;
#2828 = DIRECTION ( 'NONE',  ( -1.000000000000000000, 0.000000000000000000, 0.000000000000000000 ) ) ;
#2829 = DIRECTION ( 'NONE',  ( -0.7071067811865489050, -0.7071067811865462405, -0.000000000000000000 ) ) ;
#2830 = EDGE_LOOP ( 'NONE', ( #3522, #2206, #2436, #1770 ) ) ;
#2831 = UNCERTAINTY_MEASURE_WITH_UNIT (LENGTH_MEASURE( 1.000000000000000082E-05 ), #6272, 'distance_accuracy_value', 'NONE');
#2832 = COLOUR_RGB ( '',0.2862745098039215508, 0.2862745098039215508, 0.2862745098039215508 ) ;
#2833 =( LENGTH_UNIT ( ) NAMED_UNIT ( * ) SI_UNIT ( .MILLI., .METRE. ) );
#2834 = AXIS2_PLACEMENT_3D ( 'NONE', #3687, #203, #2160 ) ;
#2835 = ORIENTED_EDGE ( 'NONE', *, *, #3843, .F. ) ;
#2836 = ORIENTED_EDGE ( 'NONE', *, *, #2542, .F. ) ;
#2837 = SURFACE_SIDE_STYLE ('',( #5313 ) ) ;
#2838 = ORIENTED_EDGE ( 'NONE', *, *, #5521, .T. ) ;
#2839 = CARTESIAN_POINT ( 'NONE',  ( 0.7999999999999986011, -0.5999999999999998668, -0.2800000000000000266 ) ) ;
#2840 = AXIS2_PLACEMENT_3D ( 'NONE', #3177, #4254, #233 ) ;
#2841 = CARTESIAN_POINT ( 'NONE',  ( -0.5050000000000012257, -0.3050000000000004929, 0.5100000000000000089 ) ) ;
#2842 = LINE ( 'NONE', #1306, #4594 ) ;
#2843 = VERTEX_POINT ( 'NONE', #823 ) ;
#2844 =( NAMED_UNIT ( * ) SI_UNIT ( $, .STERADIAN. ) SOLID_ANGLE_UNIT ( ) );
#2845 =( GEOMETRIC_REPRESENTATION_CONTEXT ( 3 ) GLOBAL_UNCERTAINTY_ASSIGNED_CONTEXT ( ( #2204 ) ) GLOBAL_UNIT_ASSIGNED_CONTEXT ( ( #4215, #1660, #1283 ) ) REPRESENTATION_CONTEXT ( 'NONE', 'WORKASPACE' ) );
#2846 = SURFACE_STYLE_USAGE ( .BOTH. , #2311 ) ;
#2847 = DIRECTION ( 'NONE',  ( 0.000000000000000000, -1.000000000000000000, 0.000000000000000000 ) ) ;
#2848 = DIRECTION ( 'NONE',  ( -0.000000000000000000, -0.000000000000000000, 1.000000000000000000 ) ) ;
#2849 = CARTESIAN_POINT ( 'NONE',  ( 0.6499999999999985789, 0.5999999999999996447, 0.01999999999999994491 ) ) ;
#2850 = VERTEX_POINT ( 'NONE', #4779 ) ;
#2851 =( NAMED_UNIT ( * ) PLANE_ANGLE_UNIT ( ) SI_UNIT ( $, .RADIAN. ) );
#2852 = EDGE_CURVE ( 'NONE', #4093, #264, #1385, .T. ) ;
#2853 = FACE_OUTER_BOUND ( 'NONE', #1399, .T. ) ;
#2854 =( LENGTH_UNIT ( ) NAMED_UNIT ( * ) SI_UNIT ( .MILLI., .METRE. ) );
#2855 = EDGE_CURVE ( 'NONE', #972, #2103, #471, .T. ) ;
#2856 = ORIENTED_EDGE ( 'NONE', *, *, #4163, .F. ) ;
#2857 =( NAMED_UNIT ( * ) SI_UNIT ( $, .STERADIAN. ) SOLID_ANGLE_UNIT ( ) );
#2858 = CARTESIAN_POINT ( 'NONE',  ( 0.000000000000000000, -0.1499999999999997446, 0.01999999999999994491 ) ) ;
#2859 = ORIENTED_EDGE ( 'NONE', *, *, #4072, .F. ) ;
#2860 = STYLED_ITEM ( 'NONE', ( #577 ), #4843 ) ;
#2861 = EDGE_LOOP ( 'NONE', ( #5027, #3787, #3357, #323 ) ) ;
#2862 = DIRECTION ( 'NONE',  ( 1.000000000000000000, 0.000000000000000000, 0.000000000000000000 ) ) ;
#2863 = LINE ( 'NONE', #302, #2604 ) ;
#2864 = ORIENTED_EDGE ( 'NONE', *, *, #2235, .T. ) ;
#2865 = PRESENTATION_LAYER_ASSIGNMENT (  '', '', ( #2267 ) ) ;
#2866 = CARTESIAN_POINT ( 'NONE',  ( 0.6499999999999986899, -0.5999999999999998668, 0.01999999999999994491 ) ) ;
#2867 = ORIENTED_EDGE ( 'NONE', *, *, #5072, .T. ) ;
#2868 =( NAMED_UNIT ( * ) SI_UNIT ( $, .STERADIAN. ) SOLID_ANGLE_UNIT ( ) );
#2869 = LINE ( 'NONE', #408, #1079 ) ;
#2870 = CARTESIAN_POINT ( 'NONE',  ( -0.7999999999999986011, 0.5999999999999996447, 0.01999999999999994491 ) ) ;
#2871 = ORIENTED_EDGE ( 'NONE', *, *, #2972, .T. ) ;
#2872 = CARTESIAN_POINT ( 'NONE',  ( 0.7999999999999986011, 0.4499999999999995670, 0.01999999999999994491 ) ) ;
#2873 = LINE ( 'NONE', #4824, #1692 ) ;
#2874 = LINE ( 'NONE', #1881, #1237 ) ;
#2875 = CARTESIAN_POINT ( 'NONE',  ( -0.8000000000000012657, -0.6000000000000005329, 0.2800000000000000266 ) ) ;
#2876 = ORIENTED_EDGE ( 'NONE', *, *, #2123, .F. ) ;
#2877 = CARTESIAN_POINT ( 'NONE',  ( 0.000000000000000000, -0.4939339828220177808, -0.2800000000000000266 ) ) ;
#2878 = CARTESIAN_POINT ( 'NONE',  ( -0.5499999999999997113, -0.1499999999999997446, -0.2800000000000000266 ) ) ;
#2879 = AXIS2_PLACEMENT_3D ( 'NONE', #85, #4489, #2034 ) ;
#2880 = PRESENTATION_LAYER_ASSIGNMENT (  '', '', ( #6393 ) ) ;
#2881 = ADVANCED_FACE ( 'NONE', ( #1017 ), #4974, .F. ) ;
#2882 = ADVANCED_FACE ( 'NONE', ( #2075 ), #5988, .F. ) ;
#2883 = VERTEX_POINT ( 'NONE', #2923 ) ;
#2884 = FILL_AREA_STYLE ('',( #1962 ) ) ;
#2885 = VECTOR ( 'NONE', #5986, 1000.000000000000000 ) ;
#2886 = SURFACE_SIDE_STYLE ('',( #4396 ) ) ;
#2887 = LINE ( 'NONE', #2858, #2086 ) ;
#2888 = EDGE_LOOP ( 'NONE', ( #1111, #3433, #5526, #5134 ) ) ;
#2889 = MECHANICAL_DESIGN_GEOMETRIC_PRESENTATION_REPRESENTATION (  '', ( #6200 ), #4969 ) ;
#2890 = AXIS2_PLACEMENT_3D ( 'NONE', #588, #3563, #3007 ) ;
#2891 = EDGE_CURVE ( 'NONE', #3922, #4570, #1485, .T. ) ;
#2892 = STYLED_ITEM ( 'NONE', ( #1569 ), #2162 ) ;
#2893 = ORIENTED_EDGE ( 'NONE', *, *, #878, .F. ) ;
#2894 = EDGE_CURVE ( 'NONE', #611, #1108, #4467, .T. ) ;
#2895 = FILL_AREA_STYLE ('',( #308 ) ) ;
#2896 = DIRECTION ( 'NONE',  ( 0.000000000000000000, 0.000000000000000000, -1.000000000000000000 ) ) ;
#2897 = ORIENTED_EDGE ( 'NONE', *, *, #4598, .F. ) ;
#2898 = CARTESIAN_POINT ( 'NONE',  ( -0.6400000000000012346, -0.3000000000000004885, 0.4550000000000000711 ) ) ;
#2899 = FACE_OUTER_BOUND ( 'NONE', #2084, .T. ) ;
#2900 = CARTESIAN_POINT ( 'NONE',  ( 0.2499999999999997780, 0.000000000000000000, -0.2800000000000000266 ) ) ;
#2901 = STYLED_ITEM ( 'NONE', ( #5106 ), #2771 ) ;
#2902 = CARTESIAN_POINT ( 'NONE',  ( 0.7999999999999986011, 0.5999999999999996447, 0.01999999999999994491 ) ) ;
#2903 =( GEOMETRIC_REPRESENTATION_CONTEXT ( 3 ) GLOBAL_UNCERTAINTY_ASSIGNED_CONTEXT ( ( #1294 ) ) GLOBAL_UNIT_ASSIGNED_CONTEXT ( ( #1262, #6081, #3609 ) ) REPRESENTATION_CONTEXT ( 'NONE', 'WORKASPACE' ) );
#2904 = PLANE ( 'NONE',  #2165 ) ;
#2905 = CARTESIAN_POINT ( 'NONE',  ( -0.2499999999999997780, 0.4939339828220177808, 0.01999999999999994491 ) ) ;
#2906 = ORIENTED_EDGE ( 'NONE', *, *, #3664, .T. ) ;
#2907 = SURFACE_SIDE_STYLE ('',( #2320 ) ) ;
#2908 = LINE ( 'NONE', #4424, #4142 ) ;
#2909 = ORIENTED_EDGE ( 'NONE', *, *, #1355, .F. ) ;
#2910 = VECTOR ( 'NONE', #4367, 1000.000000000000000 ) ;
#2911 = VECTOR ( 'NONE', #2200, 1000.000000000000000 ) ;
#2912 = PRESENTATION_LAYER_ASSIGNMENT (  '', '', ( #5199 ) ) ;
#2913 = ORIENTED_EDGE ( 'NONE', *, *, #1489, .F. ) ;
#2914 = PRESENTATION_STYLE_ASSIGNMENT (( #3375 ) ) ;
#2915 =( NAMED_UNIT ( * ) PLANE_ANGLE_UNIT ( ) SI_UNIT ( $, .RADIAN. ) );
#2916 = FILL_AREA_STYLE_COLOUR ( '', #1977 ) ;
#2917 = ORIENTED_EDGE ( 'NONE', *, *, #5537, .T. ) ;
#2918 = CIRCLE ( 'NONE', #4683, 0.1500000000000000777 ) ;
#2919 = MECHANICAL_DESIGN_GEOMETRIC_PRESENTATION_REPRESENTATION (  '', ( #3949 ), #2011 ) ;
#2920 = LINE ( 'NONE', #3823, #1396 ) ;
#2921 = CIRCLE ( 'NONE', #4793, 0.01499999999999998557 ) ;
#2922 =( LENGTH_UNIT ( ) NAMED_UNIT ( * ) SI_UNIT ( .MILLI., .METRE. ) );
#2923 = CARTESIAN_POINT ( 'NONE',  ( -0.2499999999999995837, 0.1499999999999996336, 0.01999999999999994491 ) ) ;
#2924 = ORIENTED_EDGE ( 'NONE', *, *, #3365, .T. ) ;
#2925 = VERTEX_POINT ( 'NONE', #24 ) ;
#2926 = STYLED_ITEM ( 'NONE', ( #332 ), #6346 ) ;
#2927 = PRESENTATION_LAYER_ASSIGNMENT (  '', '', ( #4910 ) ) ;
#2928 = CIRCLE ( 'NONE', #6148, 0.1400000000000000411 ) ;
#2929 = SURFACE_SIDE_STYLE ('',( #5040 ) ) ;
#2930 = SURFACE_STYLE_FILL_AREA ( #1429 ) ;
#2931 = ORIENTED_EDGE ( 'NONE', *, *, #4295, .F. ) ;
#2932 = LINE ( 'NONE', #4924, #1942 ) ;
#2933 = FILL_AREA_STYLE_COLOUR ( '', #4879 ) ;
#2934 = FILL_AREA_STYLE_COLOUR ( '', #4542 ) ;
#2935 = DIRECTION ( 'NONE',  ( 0.000000000000000000, 0.000000000000000000, 1.000000000000000000 ) ) ;
#2936 = CIRCLE ( 'NONE', #870, 0.01499999999999998557 ) ;
#2937 = CARTESIAN_POINT ( 'NONE',  ( 0.000000000000000000, 0.4549999999999995715, 0.4400000000000000577 ) ) ;
#2938 = CARTESIAN_POINT ( 'NONE',  ( 0.000000000000000000, -0.5999999999999998668, 0.01999999999999994491 ) ) ;
#2939 = EDGE_CURVE ( 'NONE', #6159, #4963, #3529, .T. ) ;
#2940 = SURFACE_SIDE_STYLE ('',( #1561 ) ) ;
#2941 = EDGE_LOOP ( 'NONE', ( #4548, #445, #3716, #3148 ) ) ;
#2942 = CARTESIAN_POINT ( 'NONE',  ( 3.663389877004025697E-17, 0.1499999999999998002, 0.01999999999999994491 ) ) ;
#2943 = PRESENTATION_STYLE_ASSIGNMENT (( #492 ) ) ;
#2944 =( NAMED_UNIT ( * ) SI_UNIT ( $, .STERADIAN. ) SOLID_ANGLE_UNIT ( ) );
#2945 = EDGE_LOOP ( 'NONE', ( #4801, #5253, #2716, #2424 ) ) ;
#2946 = UNCERTAINTY_MEASURE_WITH_UNIT (LENGTH_MEASURE( 1.000000000000000082E-05 ), #1175, 'distance_accuracy_value', 'NONE');
#2947 = ORIENTED_EDGE ( 'NONE', *, *, #1033, .F. ) ;
#2948 =( LENGTH_UNIT ( ) NAMED_UNIT ( * ) SI_UNIT ( .MILLI., .METRE. ) );
#2949 = DIRECTION ( 'NONE',  ( 0.000000000000000000, 0.000000000000000000, -1.000000000000000000 ) ) ;
#2950 = ADVANCED_FACE ( 'NONE', ( #2038 ), #3986, .F. ) ;
#2951 = DIRECTION ( 'NONE',  ( -1.000000000000000000, 0.000000000000000000, 0.000000000000000000 ) ) ;
#2952 = SURFACE_STYLE_FILL_AREA ( #6354 ) ;
#2953 = ADVANCED_FACE ( 'NONE', ( #3075 ), #5594, .F. ) ;
#2954 = DIRECTION ( 'NONE',  ( 0.000000000000000000, -1.000000000000000000, 0.000000000000000000 ) ) ;
#2955 =( LENGTH_UNIT ( ) NAMED_UNIT ( * ) SI_UNIT ( .MILLI., .METRE. ) );
#2956 = EDGE_LOOP ( 'NONE', ( #2816, #2153, #1778, #5663 ) ) ;
#2957 = DIRECTION ( 'NONE',  ( 0.000000000000000000, 0.000000000000000000, 1.000000000000000000 ) ) ;
#2958 = SURFACE_STYLE_FILL_AREA ( #4926 ) ;
#2959 = DIRECTION ( 'NONE',  ( -0.000000000000000000, -0.000000000000000000, 1.000000000000000000 ) ) ;
#2960 = VERTEX_POINT ( 'NONE', #1153 ) ;
#2961 =( LENGTH_UNIT ( ) NAMED_UNIT ( * ) SI_UNIT ( .MILLI., .METRE. ) );
#2962 = FILL_AREA_STYLE ('',( #3966 ) ) ;
#2963 = DIRECTION ( 'NONE',  ( 0.000000000000000000, 0.000000000000000000, -1.000000000000000000 ) ) ;
#2964 = AXIS2_PLACEMENT_3D ( 'NONE', #4745, #1808, #2676 ) ;
#2965 = FACE_OUTER_BOUND ( 'NONE', #1446, .T. ) ;
#2966 = ORIENTED_EDGE ( 'NONE', *, *, #5154, .T. ) ;
#2967 = PRESENTATION_LAYER_ASSIGNMENT (  '', '', ( #1956 ) ) ;
#2968 = DIRECTION ( 'NONE',  ( 0.000000000000000000, 0.000000000000000000, 1.000000000000000000 ) ) ;
#2969 = ORIENTED_EDGE ( 'NONE', *, *, #4715, .F. ) ;
#2970 = LINE ( 'NONE', #6306, #5155 ) ;
#2971 = VECTOR ( 'NONE', #4203, 1000.000000000000000 ) ;
#2972 = EDGE_CURVE ( 'NONE', #3981, #3801, #4615, .T. ) ;
#2973 = EDGE_LOOP ( 'NONE', ( #1443, #2080, #2389, #5113, #483, #5279, #5206, #1694 ) ) ;
#2974 = FILL_AREA_STYLE_COLOUR ( '', #107 ) ;
#2975 = SURFACE_STYLE_FILL_AREA ( #80 ) ;
#2976 = PRESENTATION_LAYER_ASSIGNMENT (  '', '', ( #6291 ) ) ;
#2977 = AXIS2_PLACEMENT_3D ( 'NONE', #4753, #3361, #312 ) ;
#2978 = PRESENTATION_LAYER_ASSIGNMENT (  '', '', ( #4229 ) ) ;
#2979 = AXIS2_PLACEMENT_3D ( 'NONE', #5162, #597, #3047 ) ;
#2980 = DIRECTION ( 'NONE',  ( -0.000000000000000000, 1.000000000000000000, 0.000000000000000000 ) ) ;
#2981 = PRESENTATION_STYLE_ASSIGNMENT (( #3952 ) ) ;
#2982 = ORIENTED_EDGE ( 'NONE', *, *, #3249, .F. ) ;
#2983 = DIRECTION ( 'NONE',  ( 1.000000000000000000, -0.000000000000000000, 0.000000000000000000 ) ) ;
#2984 = MECHANICAL_DESIGN_GEOMETRIC_PRESENTATION_REPRESENTATION (  '', ( #5801 ), #2585 ) ;
#2985 = VECTOR ( 'NONE', #2600, 1000.000000000000000 ) ;
#2986 = PRESENTATION_LAYER_ASSIGNMENT (  '', '', ( #2292 ) ) ;
#2987 = CARTESIAN_POINT ( 'NONE',  ( -0.6939339828220163486, 0.1499999999999996336, 0.01999999999999994491 ) ) ;
#2988 =( NAMED_UNIT ( * ) SI_UNIT ( $, .STERADIAN. ) SOLID_ANGLE_UNIT ( ) );
#2989 =( NAMED_UNIT ( * ) PLANE_ANGLE_UNIT ( ) SI_UNIT ( $, .RADIAN. ) );
#2990 = FILL_AREA_STYLE_COLOUR ( '', #1021 ) ;
#2991 = FACE_OUTER_BOUND ( 'NONE', #2956, .T. ) ;
#2992 = DIRECTION ( 'NONE',  ( 0.7071067811865462405, -0.7071067811865489050, -0.000000000000000000 ) ) ;
#2993 =( GEOMETRIC_REPRESENTATION_CONTEXT ( 3 ) GLOBAL_UNCERTAINTY_ASSIGNED_CONTEXT ( ( #1726 ) ) GLOBAL_UNIT_ASSIGNED_CONTEXT ( ( #3401, #3336, #5557 ) ) REPRESENTATION_CONTEXT ( 'NONE', 'WORKASPACE' ) );
#2994 =( GEOMETRIC_REPRESENTATION_CONTEXT ( 3 ) GLOBAL_UNCERTAINTY_ASSIGNED_CONTEXT ( ( #5817 ) ) GLOBAL_UNIT_ASSIGNED_CONTEXT ( ( #1990, #3936, #5024 ) ) REPRESENTATION_CONTEXT ( 'NONE', 'WORKASPACE' ) );
#2995 =( NAMED_UNIT ( * ) PLANE_ANGLE_UNIT ( ) SI_UNIT ( $, .RADIAN. ) );
#2996 = ORIENTED_EDGE ( 'NONE', *, *, #5626, .T. ) ;
#2997 = DIRECTION ( 'NONE',  ( 0.000000000000000000, 0.000000000000000000, 1.000000000000000000 ) ) ;
#2998 = VECTOR ( 'NONE', #2581, 1000.000000000000000 ) ;
#2999 =( NAMED_UNIT ( * ) PLANE_ANGLE_UNIT ( ) SI_UNIT ( $, .RADIAN. ) );
#3000 = CARTESIAN_POINT ( 'NONE',  ( -0.8000000000000012657, 0.3774999999999995581, -0.2800000000000000266 ) ) ;
#3001 =( NAMED_UNIT ( * ) SI_UNIT ( $, .STERADIAN. ) SOLID_ANGLE_UNIT ( ) );
#3002 = ORIENTED_EDGE ( 'NONE', *, *, #3642, .F. ) ;
#3003 = DIRECTION ( 'NONE',  ( 0.000000000000000000, -1.000000000000000000, 0.000000000000000000 ) ) ;
#3004 = COLOUR_RGB ( '',0.2862745098039215508, 0.2862745098039215508, 0.2862745098039215508 ) ;
#3005 = COLOUR_RGB ( '',0.2862745098039215508, 0.2862745098039215508, 0.2862745098039215508 ) ;
#3006 = EDGE_LOOP ( 'NONE', ( #4845, #6255, #874, #1470 ) ) ;
#3007 = DIRECTION ( 'NONE',  ( 0.000000000000000000, -0.000000000000000000, 1.000000000000000000 ) ) ;
#3008 = ORIENTED_EDGE ( 'NONE', *, *, #1145, .T. ) ;
#3009 = SURFACE_STYLE_USAGE ( .BOTH. , #3533 ) ;
#3010 = PRESENTATION_LAYER_ASSIGNMENT (  '', '', ( #3729 ) ) ;
#3011 = DIRECTION ( 'NONE',  ( 0.000000000000000000, -1.000000000000000000, 0.000000000000000000 ) ) ;
#3012 = ORIENTED_EDGE ( 'NONE', *, *, #3440, .F. ) ;
#3013 = EDGE_CURVE ( 'NONE', #920, #2883, #2164, .T. ) ;
#3014 = MECHANICAL_DESIGN_GEOMETRIC_PRESENTATION_REPRESENTATION (  '', ( #5199 ), #4896 ) ;
#3015 = UNCERTAINTY_MEASURE_WITH_UNIT (LENGTH_MEASURE( 1.000000000000000082E-05 ), #4141, 'distance_accuracy_value', 'NONE');
#3016 = CARTESIAN_POINT ( 'NONE',  ( -0.5000000000000011102, 0.4999999999999995559, 0.2950000000000000400 ) ) ;
#3017 = DIRECTION ( 'NONE',  ( 0.000000000000000000, 0.000000000000000000, 1.000000000000000000 ) ) ;
#3018 = EDGE_LOOP ( 'NONE', ( #1477, #1397, #5494, #5640 ) ) ;
#3019 = CARTESIAN_POINT ( 'NONE',  ( -0.2499999999999997780, -0.4939339828220177808, 0.01999999999999994491 ) ) ;
#3020 = AXIS2_PLACEMENT_3D ( 'NONE', #6059, #3930, #995 ) ;
#3021 = ORIENTED_EDGE ( 'NONE', *, *, #1712, .F. ) ;
#3022 = EDGE_LOOP ( 'NONE', ( #4113, #1657, #6360, #5532, #1928, #5669, #1965, #4074 ) ) ;
#3023 = FILL_AREA_STYLE ('',( #1063 ) ) ;
#3024 = VERTEX_POINT ( 'NONE', #5568 ) ;
#3025 = DIRECTION ( 'NONE',  ( 0.000000000000000000, -0.000000000000000000, -1.000000000000000000 ) ) ;
#3026 = DIRECTION ( 'NONE',  ( -0.000000000000000000, -0.000000000000000000, -1.000000000000000000 ) ) ;
#3027 = AXIS2_PLACEMENT_3D ( 'NONE', #5437, #2426, #6381 ) ;
#3028 = VECTOR ( 'NONE', #2680, 1000.000000000000000 ) ;
#3029 = SURFACE_SIDE_STYLE ('',( #5998 ) ) ;
#3030 = ADVANCED_FACE ( 'NONE', ( #3114 ), #3303, .F. ) ;
#3031 = FILL_AREA_STYLE_COLOUR ( '', #5104 ) ;
#3032 = ORIENTED_EDGE ( 'NONE', *, *, #3770, .T. ) ;
#3033 = CARTESIAN_POINT ( 'NONE',  ( 0.5774999999999985700, 0.5999999999999996447, -0.2800000000000000266 ) ) ;
#3034 = SURFACE_STYLE_FILL_AREA ( #3435 ) ;
#3035 = CARTESIAN_POINT ( 'NONE',  ( 0.000000000000000000, -0.4939339828220177808, 0.01999999999999994491 ) ) ;
#3036 = DIRECTION ( 'NONE',  ( 0.000000000000000000, 0.000000000000000000, 1.000000000000000000 ) ) ;
#3037 = VERTEX_POINT ( 'NONE', #4426 ) ;
#3038 =( NAMED_UNIT ( * ) PLANE_ANGLE_UNIT ( ) SI_UNIT ( $, .RADIAN. ) );
#3039 =( GEOMETRIC_REPRESENTATION_CONTEXT ( 3 ) GLOBAL_UNCERTAINTY_ASSIGNED_CONTEXT ( ( #6198 ) ) GLOBAL_UNIT_ASSIGNED_CONTEXT ( ( #4430, #2915, #3851 ) ) REPRESENTATION_CONTEXT ( 'NONE', 'WORKASPACE' ) );
#3040 = EDGE_CURVE ( 'NONE', #4093, #4809, #3402, .T. ) ;
#3041 = ORIENTED_EDGE ( 'NONE', *, *, #5448, .T. ) ;
#3042 = FACE_BOUND ( 'NONE', #3061, .T. ) ;
#3043 = ADVANCED_FACE ( 'NONE', ( #2480 ), #2378, .T. ) ;
#3044 = CARTESIAN_POINT ( 'NONE',  ( 0.6044079500593120269, 0.4939339828220175588, 0.01999999999999994491 ) ) ;
#3045 =( LENGTH_UNIT ( ) NAMED_UNIT ( * ) SI_UNIT ( .MILLI., .METRE. ) );
#3046 = CARTESIAN_POINT ( 'NONE',  ( -0.8000000000000012657, -0.4500000000000003997, 0.01999999999999994491 ) ) ;
#3047 = DIRECTION ( 'NONE',  ( 1.000000000000000000, 0.000000000000000000, 0.000000000000000000 ) ) ;
#3048 = CARTESIAN_POINT ( 'NONE',  ( 0.4999999999999985012, -0.5000000000000004441, 0.4400000000000000577 ) ) ;
#3049 = SURFACE_STYLE_FILL_AREA ( #5477 ) ;
#3050 = PRESENTATION_STYLE_ASSIGNMENT (( #580 ) ) ;
#3051 = DIRECTION ( 'NONE',  ( 0.000000000000000000, 1.000000000000000000, 0.000000000000000000 ) ) ;
#3052 = CARTESIAN_POINT ( 'NONE',  ( -0.3500000000000006994, -0.3499999999999994782, -0.2800000000000000266 ) ) ;
#3053 = PRESENTATION_LAYER_ASSIGNMENT (  '', '', ( #2860 ) ) ;
#3054 = FACE_OUTER_BOUND ( 'NONE', #1939, .T. ) ;
#3055 = ORIENTED_EDGE ( 'NONE', *, *, #3571, .T. ) ;
#3056 =( LENGTH_UNIT ( ) NAMED_UNIT ( * ) SI_UNIT ( .MILLI., .METRE. ) );
#3057 = DIRECTION ( 'NONE',  ( 0.000000000000000000, -1.000000000000000000, -0.000000000000000000 ) ) ;
#3058 = LINE ( 'NONE', #2055, #627 ) ;
#3059 = PRESENTATION_STYLE_ASSIGNMENT (( #615 ) ) ;
#3060 =( LENGTH_UNIT ( ) NAMED_UNIT ( * ) SI_UNIT ( .MILLI., .METRE. ) );
#3061 = EDGE_LOOP ( 'NONE', ( #49, #4106, #3398, #3594, #5779, #374, #147, #5947 ) ) ;
#3062 = DIRECTION ( 'NONE',  ( 0.000000000000000000, -0.000000000000000000, -1.000000000000000000 ) ) ;
#3063 = FACE_OUTER_BOUND ( 'NONE', #962, .T. ) ;
#3064 = UNCERTAINTY_MEASURE_WITH_UNIT (LENGTH_MEASURE( 1.000000000000000082E-05 ), #4301, 'distance_accuracy_value', 'NONE');
#3065 = MECHANICAL_DESIGN_GEOMETRIC_PRESENTATION_REPRESENTATION (  '', ( #2562 ), #1641 ) ;
#3066 = EDGE_LOOP ( 'NONE', ( #2455, #5451, #1868, #422 ) ) ;
#3067 = CARTESIAN_POINT ( 'NONE',  ( -0.5000000000000012212, 0.2999999999999996003, 0.2950000000000000400 ) ) ;
#3068 =( NAMED_UNIT ( * ) SI_UNIT ( $, .STERADIAN. ) SOLID_ANGLE_UNIT ( ) );
#3069 = CARTESIAN_POINT ( 'NONE',  ( -0.7999999999999986011, -0.5999999999999994227, -0.2800000000000000266 ) ) ;
#3070 = EDGE_CURVE ( 'NONE', #2065, #4115, #1684, .T. ) ;
#3071 = ORIENTED_EDGE ( 'NONE', *, *, #2474, .T. ) ;
#3072 = CIRCLE ( 'NONE', #2488, 0.2225000000000000311 ) ;
#3073 = FILL_AREA_STYLE_COLOUR ( '', #1136 ) ;
#3074 = CARTESIAN_POINT ( 'NONE',  ( 0.000000000000000000, -0.1499999999999997446, 0.01999999999999994491 ) ) ;
#3075 = FACE_OUTER_BOUND ( 'NONE', #1514, .T. ) ;
#3076 = VERTEX_POINT ( 'NONE', #4317 ) ;
#3077 = EDGE_CURVE ( 'NONE', #1085, #5715, #3942, .T. ) ;
#3078 =( LENGTH_UNIT ( ) NAMED_UNIT ( * ) SI_UNIT ( .MILLI., .METRE. ) );
#3079 = VECTOR ( 'NONE', #5129, 1000.000000000000000 ) ;
#3080 = ORIENTED_EDGE ( 'NONE', *, *, #3520, .T. ) ;
#3081 =( NAMED_UNIT ( * ) SI_UNIT ( $, .STERADIAN. ) SOLID_ANGLE_UNIT ( ) );
#3082 = STYLED_ITEM ( 'NONE', ( #232 ), #1190 ) ;
#3083 = DIRECTION ( 'NONE',  ( 0.000000000000000000, 0.000000000000000000, -1.000000000000000000 ) ) ;
#3084 = ORIENTED_EDGE ( 'NONE', *, *, #3919, .F. ) ;
#3085 = ADVANCED_FACE ( 'NONE', ( #1888 ), #5815, .T. ) ;
#3086 = PRESENTATION_LAYER_ASSIGNMENT (  '', '', ( #4122 ) ) ;
#3087 = CIRCLE ( 'NONE', #300, 0.06000000000000026840 ) ;
#3088 = CARTESIAN_POINT ( 'NONE',  ( -0.6500000000000011324, -0.6000000000000005329, 0.2800000000000000266 ) ) ;
#3089 = PLANE ( 'NONE',  #968 ) ;
#3090 = ORIENTED_EDGE ( 'NONE', *, *, #1278, .F. ) ;
#3091 =( NAMED_UNIT ( * ) SI_UNIT ( $, .STERADIAN. ) SOLID_ANGLE_UNIT ( ) );
#3092 =( NAMED_UNIT ( * ) PLANE_ANGLE_UNIT ( ) SI_UNIT ( $, .RADIAN. ) );
#3093 = FACE_OUTER_BOUND ( 'NONE', #1817, .T. ) ;
#3094 = PRESENTATION_STYLE_ASSIGNMENT (( #1170 ) ) ;
#3095 = VECTOR ( 'NONE', #3011, 1000.000000000000000 ) ;
#3096 = SURFACE_STYLE_USAGE ( .BOTH. , #1135 ) ;
#3097 = DIRECTION ( 'NONE',  ( 0.000000000000000000, -1.000000000000000000, 0.000000000000000000 ) ) ;
#3098 =( GEOMETRIC_REPRESENTATION_CONTEXT ( 3 ) GLOBAL_UNCERTAINTY_ASSIGNED_CONTEXT ( ( #5760 ) ) GLOBAL_UNIT_ASSIGNED_CONTEXT ( ( #2752, #5753, #4387 ) ) REPRESENTATION_CONTEXT ( 'NONE', 'WORKASPACE' ) );
#3099 =( NAMED_UNIT ( * ) SI_UNIT ( $, .STERADIAN. ) SOLID_ANGLE_UNIT ( ) );
#3100 =( NAMED_UNIT ( * ) SI_UNIT ( $, .STERADIAN. ) SOLID_ANGLE_UNIT ( ) );
#3101 = ORIENTED_EDGE ( 'NONE', *, *, #5957, .F. ) ;
#3102 = CARTESIAN_POINT ( 'NONE',  ( -0.6500000000000012434, 0.5999999999999996447, 0.01999999999999994491 ) ) ;
#3103 = PRESENTATION_STYLE_ASSIGNMENT (( #2518 ) ) ;
#3104 = AXIS2_PLACEMENT_3D ( 'NONE', #3232, #1274, #5215 ) ;
#3105 = VECTOR ( 'NONE', #4945, 1000.000000000000000 ) ;
#3106 = CARTESIAN_POINT ( 'NONE',  ( 0.2499999999999997780, 0.4939339828220177808, 0.01999999999999994491 ) ) ;
#3107 = DIRECTION ( 'NONE',  ( 1.000000000000000000, 0.000000000000000000, 0.000000000000000000 ) ) ;
#3108 =( GEOMETRIC_REPRESENTATION_CONTEXT ( 3 ) GLOBAL_UNCERTAINTY_ASSIGNED_CONTEXT ( ( #5367 ) ) GLOBAL_UNIT_ASSIGNED_CONTEXT ( ( #2961, #5138, #124 ) ) REPRESENTATION_CONTEXT ( 'NONE', 'WORKASPACE' ) );
#3109 = SURFACE_STYLE_USAGE ( .BOTH. , #1148 ) ;
#3110 = COLOUR_RGB ( '',0.2862745098039215508, 0.2862745098039215508, 0.2862745098039215508 ) ;
#3111 = DIRECTION ( 'NONE',  ( -0.000000000000000000, -0.000000000000000000, 1.000000000000000000 ) ) ;
#3112 = DIRECTION ( 'NONE',  ( 0.000000000000000000, 0.000000000000000000, -1.000000000000000000 ) ) ;
#3113 = FILL_AREA_STYLE_COLOUR ( '', #2495 ) ;
#3114 = FACE_OUTER_BOUND ( 'NONE', #1911, .T. ) ;
#3115 =( GEOMETRIC_REPRESENTATION_CONTEXT ( 3 ) GLOBAL_UNCERTAINTY_ASSIGNED_CONTEXT ( ( #6121 ) ) GLOBAL_UNIT_ASSIGNED_CONTEXT ( ( #2821, #1615, #1639 ) ) REPRESENTATION_CONTEXT ( 'NONE', 'WORKASPACE' ) );
#3116 = CARTESIAN_POINT ( 'NONE',  ( -0.5050000000000012257, -0.3050000000000004929, 0.5100000000000000089 ) ) ;
#3117 = AXIS2_PLACEMENT_3D ( 'NONE', #3800, #3860, #2337 ) ;
#3118 = VECTOR ( 'NONE', #4347, 1000.000000000000000 ) ;
#3119 = CARTESIAN_POINT ( 'NONE',  ( 0.000000000000000000, -0.1499999999999997446, -0.2800000000000000266 ) ) ;
#3120 = CARTESIAN_POINT ( 'NONE',  ( -0.6500000000000012434, 0.5999999999999996447, -0.2800000000000000266 ) ) ;
#3121 = PRESENTATION_LAYER_ASSIGNMENT (  '', '', ( #849 ) ) ;
#3122 = DIRECTION ( 'NONE',  ( 1.000000000000000000, 0.000000000000000000, 0.000000000000000000 ) ) ;
#3123 = ORIENTED_EDGE ( 'NONE', *, *, #3013, .T. ) ;
#3124 = CARTESIAN_POINT ( 'NONE',  ( 0.2499999999999997780, 0.000000000000000000, 0.01999999999999994491 ) ) ;
#3125 = CARTESIAN_POINT ( 'NONE',  ( -0.2499999999999997780, -0.4939339828220177808, -0.2800000000000000266 ) ) ;
#3126 = ADVANCED_FACE ( 'NONE', ( #6067 ), #44, .F. ) ;
#3127 = FILL_AREA_STYLE_COLOUR ( '', #1769 ) ;
#3128 = STYLED_ITEM ( 'NONE', ( #2256 ), #4382 ) ;
#3129 =( NAMED_UNIT ( * ) PLANE_ANGLE_UNIT ( ) SI_UNIT ( $, .RADIAN. ) );
#3130 = CIRCLE ( 'NONE', #2428, 0.2225000000000000311 ) ;
#3131 = DIRECTION ( 'NONE',  ( -1.000000000000000000, 0.000000000000000000, -0.000000000000000000 ) ) ;
#3132 = DIRECTION ( 'NONE',  ( -0.000000000000000000, -1.000000000000000000, -0.000000000000000000 ) ) ;
#3133 = AXIS2_PLACEMENT_3D ( 'NONE', #4095, #2717, #5670 ) ;
#3134 = UNCERTAINTY_MEASURE_WITH_UNIT (LENGTH_MEASURE( 1.000000000000000082E-05 ), #729, 'distance_accuracy_value', 'NONE');
#3135 = STYLED_ITEM ( 'NONE', ( #2468 ), #3958 ) ;
#3136 = SURFACE_STYLE_FILL_AREA ( #2254 ) ;
#3137 = ORIENTED_EDGE ( 'NONE', *, *, #6003, .F. ) ;
#3138 = ORIENTED_EDGE ( 'NONE', *, *, #1044, .T. ) ;
#3139 = DIRECTION ( 'NONE',  ( 0.000000000000000000, 0.000000000000000000, 1.000000000000000000 ) ) ;
#3140 = VERTEX_POINT ( 'NONE', #5584 ) ;
#3141 = COLOUR_RGB ( '',0.8627450980392157298, 0.6274509803921568540, 0.05882352941176470507 ) ;
#3142 = PRESENTATION_STYLE_ASSIGNMENT (( #62 ) ) ;
#3143 = DIRECTION ( 'NONE',  ( 0.000000000000000000, -1.000000000000000000, 0.000000000000000000 ) ) ;
#3144 = SURFACE_STYLE_FILL_AREA ( #1290 ) ;
#3145 = MECHANICAL_DESIGN_GEOMETRIC_PRESENTATION_REPRESENTATION (  '', ( #664 ), #1197 ) ;
#3146 = LINE ( 'NONE', #4192, #349 ) ;
#3147 =( NAMED_UNIT ( * ) PLANE_ANGLE_UNIT ( ) SI_UNIT ( $, .RADIAN. ) );
#3148 = ORIENTED_EDGE ( 'NONE', *, *, #3903, .F. ) ;
#3149 = PRESENTATION_STYLE_ASSIGNMENT (( #1342 ) ) ;
#3150 = PRESENTATION_STYLE_ASSIGNMENT (( #4557 ) ) ;
#3151 = UNCERTAINTY_MEASURE_WITH_UNIT (LENGTH_MEASURE( 1.000000000000000082E-05 ), #2955, 'distance_accuracy_value', 'NONE');
#3152 = DIRECTION ( 'NONE',  ( -1.000000000000000000, 3.410973126920687487E-15, 0.000000000000000000 ) ) ;
#3153 = ORIENTED_EDGE ( 'NONE', *, *, #4876, .T. ) ;
#3154 = FACE_OUTER_BOUND ( 'NONE', #403, .T. ) ;
#3155 = CARTESIAN_POINT ( 'NONE',  ( 0.4999999999999986122, 0.5149999999999995692, 0.2800000000000000266 ) ) ;
#3156 = DIRECTION ( 'NONE',  ( 0.000000000000000000, 0.000000000000000000, -1.000000000000000000 ) ) ;
#3157 = ADVANCED_FACE ( 'NONE', ( #1077 ), #1652, .T. ) ;
#3158 = EDGE_CURVE ( 'NONE', #634, #6034, #4097, .T. ) ;
#3159 = CARTESIAN_POINT ( 'NONE',  ( 0.6044079500593120269, 0.4939339828220175588, 0.01999999999999994491 ) ) ;
#3160 = SURFACE_STYLE_USAGE ( .BOTH. , #2713 ) ;
#3161 = ORIENTED_EDGE ( 'NONE', *, *, #5537, .F. ) ;
#3162 = CARTESIAN_POINT ( 'NONE',  ( 0.000000000000000000, 0.000000000000000000, 0.01999999999999994491 ) ) ;
#3163 =( LENGTH_UNIT ( ) NAMED_UNIT ( * ) SI_UNIT ( .MILLI., .METRE. ) );
#3164 = ORIENTED_EDGE ( 'NONE', *, *, #3494, .T. ) ;
#3165 = DIRECTION ( 'NONE',  ( 1.000000000000000000, 0.000000000000000000, 0.000000000000000000 ) ) ;
#3166 = DIRECTION ( 'NONE',  ( -1.000000000000000000, 0.000000000000000000, 0.000000000000000000 ) ) ;
#3167 = VECTOR ( 'NONE', #6142, 1000.000000000000000 ) ;
#3168 = ADVANCED_FACE ( 'NONE', ( #6089 ), #4001, .T. ) ;
#3169 = EDGE_CURVE ( 'NONE', #745, #3527, #5119, .T. ) ;
#3170 = VERTEX_POINT ( 'NONE', #780 ) ;
#3171 = DIRECTION ( 'NONE',  ( 0.000000000000000000, -1.000000000000000000, 0.000000000000000000 ) ) ;
#3172 = DIRECTION ( 'NONE',  ( -1.000000000000000000, 0.000000000000000000, 0.000000000000000000 ) ) ;
#3173 =( LENGTH_UNIT ( ) NAMED_UNIT ( * ) SI_UNIT ( .MILLI., .METRE. ) );
#3174 = ORIENTED_EDGE ( 'NONE', *, *, #2500, .F. ) ;
#3175 = EDGE_CURVE ( 'NONE', #1108, #3206, #1747, .T. ) ;
#3176 = AXIS2_PLACEMENT_3D ( 'NONE', #5276, #341, #1368 ) ;
#3177 = CARTESIAN_POINT ( 'NONE',  ( -0.5000000000000012212, -0.3000000000000004885, 0.4250000000000000999 ) ) ;
#3178 =( LENGTH_UNIT ( ) NAMED_UNIT ( * ) SI_UNIT ( .MILLI., .METRE. ) );
#3179 = SURFACE_STYLE_USAGE ( .BOTH. , #5627 ) ;
#3180 = ORIENTED_EDGE ( 'NONE', *, *, #5563, .F. ) ;
#3181 = STYLED_ITEM ( 'NONE', ( #3553 ), #393 ) ;
#3182 = SURFACE_SIDE_STYLE ('',( #1218 ) ) ;
#3183 = ORIENTED_EDGE ( 'NONE', *, *, #666, .T. ) ;
#3184 =( LENGTH_UNIT ( ) NAMED_UNIT ( * ) SI_UNIT ( .MILLI., .METRE. ) );
#3185 = CARTESIAN_POINT ( 'NONE',  ( -0.7000000000000011768, -0.5000000000000004441, 0.4400000000000000577 ) ) ;
#3186 = SURFACE_SIDE_STYLE ('',( #2708 ) ) ;
#3187 = PRESENTATION_LAYER_ASSIGNMENT (  '', '', ( #5999 ) ) ;
#3188 = AXIS2_PLACEMENT_3D ( 'NONE', #5439, #985, #3951 ) ;
#3189 = MECHANICAL_DESIGN_GEOMETRIC_PRESENTATION_REPRESENTATION (  '', ( #5166 ), #5692 ) ;
#3190 = DIRECTION ( 'NONE',  ( -1.000000000000000000, 0.000000000000000000, 0.000000000000000000 ) ) ;
#3191 = MECHANICAL_DESIGN_GEOMETRIC_PRESENTATION_REPRESENTATION (  '', ( #2688 ), #3702 ) ;
#3192 =( NAMED_UNIT ( * ) PLANE_ANGLE_UNIT ( ) SI_UNIT ( $, .RADIAN. ) );
#3193 = VERTEX_POINT ( 'NONE', #281 ) ;
#3194 = VECTOR ( 'NONE', #4576, 1000.000000000000000 ) ;
#3195 = DIRECTION ( 'NONE',  ( 0.000000000000000000, 0.000000000000000000, -1.000000000000000000 ) ) ;
#3196 = EDGE_CURVE ( 'NONE', #5878, #1330, #1393, .T. ) ;
#3197 = ORIENTED_EDGE ( 'NONE', *, *, #2742, .F. ) ;
#3198 = DIRECTION ( 'NONE',  ( 1.000000000000000000, 0.000000000000000000, 0.000000000000000000 ) ) ;
#3199 = VECTOR ( 'NONE', #1762, 1000.000000000000000 ) ;
#3200 = MECHANICAL_DESIGN_GEOMETRIC_PRESENTATION_REPRESENTATION (  '', ( #2497 ), #4868 ) ;
#3201 =( NAMED_UNIT ( * ) SI_UNIT ( $, .STERADIAN. ) SOLID_ANGLE_UNIT ( ) );
#3202 = UNCERTAINTY_MEASURE_WITH_UNIT (LENGTH_MEASURE( 1.000000000000000082E-05 ), #6004, 'distance_accuracy_value', 'NONE');
#3203 = SURFACE_SIDE_STYLE ('',( #1241 ) ) ;
#3204 = COLOUR_RGB ( '',0.8039215686274510109, 0.8039215686274510109, 0.8039215686274510109 ) ;
#3205 =( NAMED_UNIT ( * ) PLANE_ANGLE_UNIT ( ) SI_UNIT ( $, .RADIAN. ) );
#3206 = VERTEX_POINT ( 'NONE', #5711 ) ;
#3207 = EDGE_CURVE ( 'NONE', #5878, #1005, #3750, .T. ) ;
#3208 =( GEOMETRIC_REPRESENTATION_CONTEXT ( 3 ) GLOBAL_UNCERTAINTY_ASSIGNED_CONTEXT ( ( #3202 ) ) GLOBAL_UNIT_ASSIGNED_CONTEXT ( ( #6004, #1105, #3938 ) ) REPRESENTATION_CONTEXT ( 'NONE', 'WORKASPACE' ) );
#3209 = MECHANICAL_DESIGN_GEOMETRIC_PRESENTATION_REPRESENTATION (  '', ( #4457 ), #5275 ) ;
#3210 = PRESENTATION_STYLE_ASSIGNMENT (( #2665 ) ) ;
#3211 = SURFACE_STYLE_USAGE ( .BOTH. , #6192 ) ;
#3212 = CARTESIAN_POINT ( 'NONE',  ( 0.6939339828220163486, 0.000000000000000000, 0.01999999999999994491 ) ) ;
#3213 =( GEOMETRIC_REPRESENTATION_CONTEXT ( 3 ) GLOBAL_UNCERTAINTY_ASSIGNED_CONTEXT ( ( #2253 ) ) GLOBAL_UNIT_ASSIGNED_CONTEXT ( ( #5137, #3221, #5662 ) ) REPRESENTATION_CONTEXT ( 'NONE', 'WORKASPACE' ) );
#3214 = EDGE_CURVE ( 'NONE', #579, #2271, #5748, .T. ) ;
#3215 = ORIENTED_EDGE ( 'NONE', *, *, #3249, .T. ) ;
#3216 = EDGE_LOOP ( 'NONE', ( #4628, #4905, #3581, #5978 ) ) ;
#3217 = DIRECTION ( 'NONE',  ( -0.000000000000000000, -0.000000000000000000, 1.000000000000000000 ) ) ;
#3218 = STYLED_ITEM ( 'NONE', ( #4947 ), #5659 ) ;
#3219 = DIRECTION ( 'NONE',  ( 0.000000000000000000, 0.000000000000000000, 1.000000000000000000 ) ) ;
#3220 = MECHANICAL_DESIGN_GEOMETRIC_PRESENTATION_REPRESENTATION (  '', ( #3729 ), #4372 ) ;
#3221 =( NAMED_UNIT ( * ) PLANE_ANGLE_UNIT ( ) SI_UNIT ( $, .RADIAN. ) );
#3222 = VERTEX_POINT ( 'NONE', #710 ) ;
#3223 = DIRECTION ( 'NONE',  ( 1.000000000000000000, 0.000000000000000000, 0.000000000000000000 ) ) ;
#3224 = PRESENTATION_LAYER_ASSIGNMENT (  '', '', ( #2113 ) ) ;
#3225 = VECTOR ( 'NONE', #223, 1000.000000000000000 ) ;
#3226 = DIRECTION ( 'NONE',  ( 0.000000000000000000, 0.000000000000000000, 1.000000000000000000 ) ) ;
#3227 = DIRECTION ( 'NONE',  ( -1.000000000000000000, 0.000000000000000000, 0.000000000000000000 ) ) ;
#3228 = EDGE_LOOP ( 'NONE', ( #5831, #1224, #384, #4360 ) ) ;
#3229 = LINE ( 'NONE', #5212, #3604 ) ;
#3230 = LINE ( 'NONE', #743, #1501 ) ;
#3231 = DIRECTION ( 'NONE',  ( -0.000000000000000000, -0.000000000000000000, -1.000000000000000000 ) ) ;
#3232 = CARTESIAN_POINT ( 'NONE',  ( 0.4999999999999983902, -0.4550000000000004596, 0.4550000000000000711 ) ) ;
#3233 = CARTESIAN_POINT ( 'NONE',  ( 0.6499999999999985789, 0.5999999999999996447, 0.2800000000000000266 ) ) ;
#3234 = EDGE_CURVE ( 'NONE', #438, #2419, #3654, .T. ) ;
#3235 = VERTEX_POINT ( 'NONE', #3233 ) ;
#3236 = DIRECTION ( 'NONE',  ( -0.000000000000000000, -0.000000000000000000, 1.000000000000000000 ) ) ;
#3237 = AXIS2_PLACEMENT_3D ( 'NONE', #2588, #1229, #4569 ) ;
#3238 = SURFACE_STYLE_FILL_AREA ( #227 ) ;
#3239 = AXIS2_PLACEMENT_3D ( 'NONE', #5642, #1203, #3613 ) ;
#3240 = EDGE_CURVE ( 'NONE', #2379, #799, #3944, .T. ) ;
#3241 = EDGE_CURVE ( 'NONE', #4228, #5377, #187, .T. ) ;
#3242 = FILL_AREA_STYLE ('',( #5723 ) ) ;
#3243 =( NAMED_UNIT ( * ) SI_UNIT ( $, .STERADIAN. ) SOLID_ANGLE_UNIT ( ) );
#3244 = TOROIDAL_SURFACE ( 'NONE', #5021, 0.2150000000000000244, 0.01499999999999999944 ) ;
#3245 =( NAMED_UNIT ( * ) PLANE_ANGLE_UNIT ( ) SI_UNIT ( $, .RADIAN. ) );
#3246 = ORIENTED_EDGE ( 'NONE', *, *, #1919, .F. ) ;
#3247 = DIRECTION ( 'NONE',  ( -1.000000000000000000, 3.410973126920687487E-15, 0.000000000000000000 ) ) ;
#3248 = COLOUR_RGB ( '',0.2862745098039215508, 0.2862745098039215508, 0.2862745098039215508 ) ;
#3249 = EDGE_CURVE ( 'NONE', #2485, #181, #953, .T. ) ;
#3250 = DIRECTION ( 'NONE',  ( -0.000000000000000000, -1.000000000000000000, -0.000000000000000000 ) ) ;
#3251 = CARTESIAN_POINT ( 'NONE',  ( -0.6939339828220163486, 0.1499999999999996336, 0.01999999999999994491 ) ) ;
#3252 = CARTESIAN_POINT ( 'NONE',  ( 0.4999999999999986122, -0.3000000000000004885, 0.4250000000000000999 ) ) ;
#3253 = ORIENTED_EDGE ( 'NONE', *, *, #2542, .T. ) ;
#3254 = DIRECTION ( 'NONE',  ( -0.000000000000000000, -0.000000000000000000, -1.000000000000000000 ) ) ;
#3255 = VERTEX_POINT ( 'NONE', #2777 ) ;
#3256 = LINE ( 'NONE', #858, #6284 ) ;
#3257 = FACE_OUTER_BOUND ( 'NONE', #2598, .T. ) ;
#3258 = ORIENTED_EDGE ( 'NONE', *, *, #3283, .F. ) ;
#3259 =( NAMED_UNIT ( * ) PLANE_ANGLE_UNIT ( ) SI_UNIT ( $, .RADIAN. ) );
#3260 = ORIENTED_EDGE ( 'NONE', *, *, #4208, .T. ) ;
#3261 = DIRECTION ( 'NONE',  ( 0.000000000000000000, 0.000000000000000000, -1.000000000000000000 ) ) ;
#3262 = DIRECTION ( 'NONE',  ( -0.000000000000000000, -1.000000000000000000, 0.000000000000000000 ) ) ;
#3263 = SURFACE_STYLE_FILL_AREA ( #3298 ) ;
#3264 = VERTEX_POINT ( 'NONE', #4143 ) ;
#3265 = DIRECTION ( 'NONE',  ( 0.000000000000000000, 1.000000000000000000, 0.000000000000000000 ) ) ;
#3266 = CARTESIAN_POINT ( 'NONE',  ( 0.000000000000000000, 0.000000000000000000, 0.01999999999999994491 ) ) ;
#3267 = ORIENTED_EDGE ( 'NONE', *, *, #54, .F. ) ;
#3268 = EDGE_LOOP ( 'NONE', ( #3652, #3417, #4315, #3258 ) ) ;
#3269 =( LENGTH_UNIT ( ) NAMED_UNIT ( * ) SI_UNIT ( .MILLI., .METRE. ) );
#3270 =( NAMED_UNIT ( * ) SI_UNIT ( $, .STERADIAN. ) SOLID_ANGLE_UNIT ( ) );
#3271 =( LENGTH_UNIT ( ) NAMED_UNIT ( * ) SI_UNIT ( .MILLI., .METRE. ) );
#3272 = SURFACE_STYLE_USAGE ( .BOTH. , #3902 ) ;
#3273 = ORIENTED_EDGE ( 'NONE', *, *, #1247, .T. ) ;
#3274 = EDGE_CURVE ( 'NONE', #917, #5754, #2323, .T. ) ;
#3275 = CLOSED_SHELL ( 'NONE', ( #2451, #5202, #1113, #4382, #10, #4748, #1161, #4843, #6106, #2882, #5066 ) ) ;
#3276 = UNCERTAINTY_MEASURE_WITH_UNIT (LENGTH_MEASURE( 1.000000000000000082E-05 ), #4058, 'distance_accuracy_value', 'NONE');
#3277 =( NAMED_UNIT ( * ) SI_UNIT ( $, .STERADIAN. ) SOLID_ANGLE_UNIT ( ) );
#3278 = VECTOR ( 'NONE', #3741, 1000.000000000000000 ) ;
#3279 = SURFACE_STYLE_FILL_AREA ( #6201 ) ;
#3280 = DIRECTION ( 'NONE',  ( -0.000000000000000000, -0.000000000000000000, 1.000000000000000000 ) ) ;
#3281 = ORIENTED_EDGE ( 'NONE', *, *, #1907, .T. ) ;
#3282 =( NAMED_UNIT ( * ) PLANE_ANGLE_UNIT ( ) SI_UNIT ( $, .RADIAN. ) );
#3283 = EDGE_CURVE ( 'NONE', #1350, #3574, #4897, .T. ) ;
#3284 = VERTEX_POINT ( 'NONE', #6251 ) ;
#3285 = LINE ( 'NONE', #5802, #903 ) ;
#3286 = PRESENTATION_STYLE_ASSIGNMENT (( #310 ) ) ;
#3287 = ORIENTED_EDGE ( 'NONE', *, *, #2972, .F. ) ;
#3288 = DIRECTION ( 'NONE',  ( -1.000000000000000000, 0.000000000000000000, 0.000000000000000000 ) ) ;
#3289 = VERTEX_POINT ( 'NONE', #3678 ) ;
#3290 = FACE_OUTER_BOUND ( 'NONE', #3694, .T. ) ;
#3291 = VECTOR ( 'NONE', #4098, 1000.000000000000000 ) ;
#3292 = PRESENTATION_STYLE_ASSIGNMENT (( #6362 ) ) ;
#3293 = CARTESIAN_POINT ( 'NONE',  ( -0.7999999999999986011, 0.5999999999999996447, 0.01999999999999994491 ) ) ;
#3294 = EDGE_CURVE ( 'NONE', #5475, #6062, #4630, .T. ) ;
#3295 = PRESENTATION_LAYER_ASSIGNMENT (  '', '', ( #1347 ) ) ;
#3296 = AXIS2_PLACEMENT_3D ( 'NONE', #2396, #5733, #6270 ) ;
#3297 = PLANE ( 'NONE',  #5470 ) ;
#3298 = FILL_AREA_STYLE ('',( #1311 ) ) ;
#3299 = VERTEX_POINT ( 'NONE', #1815 ) ;
#3300 = FILL_AREA_STYLE_COLOUR ( '', #14 ) ;
#3301 = PRESENTATION_STYLE_ASSIGNMENT (( #3873 ) ) ;
#3302 =( GEOMETRIC_REPRESENTATION_CONTEXT ( 3 ) GLOBAL_UNCERTAINTY_ASSIGNED_CONTEXT ( ( #4183 ) ) GLOBAL_UNIT_ASSIGNED_CONTEXT ( ( #5095, #5062, #1187 ) ) REPRESENTATION_CONTEXT ( 'NONE', 'WORKASPACE' ) );
#3303 = CYLINDRICAL_SURFACE ( 'NONE', #1058, 0.2225000000000000311 ) ;
#3304 = ORIENTED_EDGE ( 'NONE', *, *, #5598, .T. ) ;
#3305 = MECHANICAL_DESIGN_GEOMETRIC_PRESENTATION_REPRESENTATION (  '', ( #618 ), #518 ) ;
#3306 = TOROIDAL_SURFACE ( 'NONE', #406, 0.1849999999999999978, 0.01499999999999999944 ) ;
#3307 = DIRECTION ( 'NONE',  ( 0.000000000000000000, 0.000000000000000000, -1.000000000000000000 ) ) ;
#3308 = CARTESIAN_POINT ( 'NONE',  ( 0.2499999999999997780, -0.1499999999999997446, 0.01999999999999994491 ) ) ;
#3309 = FACE_OUTER_BOUND ( 'NONE', #3634, .T. ) ;
#3310 = FILL_AREA_STYLE ('',( #3786 ) ) ;
#3311 = ORIENTED_EDGE ( 'NONE', *, *, #1967, .T. ) ;
#3312 = DIRECTION ( 'NONE',  ( -0.000000000000000000, -0.000000000000000000, 1.000000000000000000 ) ) ;
#3313 = CIRCLE ( 'NONE', #6307, 0.1400000000000000411 ) ;
#3314 = PRESENTATION_LAYER_ASSIGNMENT (  '', '', ( #3719 ) ) ;
#3315 = PRESENTATION_STYLE_ASSIGNMENT (( #4363 ) ) ;
#3316 =( LENGTH_UNIT ( ) NAMED_UNIT ( * ) SI_UNIT ( .MILLI., .METRE. ) );
#3317 = DIRECTION ( 'NONE',  ( 0.000000000000000000, 0.000000000000000000, 1.000000000000000000 ) ) ;
#3318 = CARTESIAN_POINT ( 'NONE',  ( 0.6999999999999986233, 0.2999999999999996003, 0.4400000000000000577 ) ) ;
#3319 = PRESENTATION_LAYER_ASSIGNMENT (  '', '', ( #2105 ) ) ;
#3320 = ORIENTED_EDGE ( 'NONE', *, *, #1882, .T. ) ;
#3321 =( GEOMETRIC_REPRESENTATION_CONTEXT ( 3 ) GLOBAL_UNCERTAINTY_ASSIGNED_CONTEXT ( ( #4700 ) ) GLOBAL_UNIT_ASSIGNED_CONTEXT ( ( #3890, #5899, #2810 ) ) REPRESENTATION_CONTEXT ( 'NONE', 'WORKASPACE' ) );
#3322 = ADVANCED_FACE ( 'NONE', ( #2251 ), #2686, .F. ) ;
#3323 = CARTESIAN_POINT ( 'NONE',  ( -0.5050000000000012257, -0.3050000000000004929, 0.5100000000000000089 ) ) ;
#3324 = AXIS2_PLACEMENT_3D ( 'NONE', #2117, #2170, #4129 ) ;
#3325 = CARTESIAN_POINT ( 'NONE',  ( 3.022078354339549274E-16, 0.4939339828220178918, -0.2800000000000000266 ) ) ;
#3326 = ORIENTED_EDGE ( 'NONE', *, *, #2354, .T. ) ;
#3327 = FACE_OUTER_BOUND ( 'NONE', #2286, .T. ) ;
#3328 = TOROIDAL_SURFACE ( 'NONE', #6120, 0.1849999999999999978, 0.01499999999999999944 ) ;
#3329 = DIRECTION ( 'NONE',  ( 0.000000000000000000, 0.000000000000000000, -1.000000000000000000 ) ) ;
#3330 = STYLED_ITEM ( 'NONE', ( #4957 ), #3157 ) ;
#3331 =( NAMED_UNIT ( * ) SI_UNIT ( $, .STERADIAN. ) SOLID_ANGLE_UNIT ( ) );
#3332 = CARTESIAN_POINT ( 'NONE',  ( -0.7000000000000011768, 0.2999999999999996003, 0.2950000000000000400 ) ) ;
#3333 = ORIENTED_EDGE ( 'NONE', *, *, #3274, .F. ) ;
#3334 =( NAMED_UNIT ( * ) SI_UNIT ( $, .STERADIAN. ) SOLID_ANGLE_UNIT ( ) );
#3335 =( NAMED_UNIT ( * ) PLANE_ANGLE_UNIT ( ) SI_UNIT ( $, .RADIAN. ) );
#3336 =( NAMED_UNIT ( * ) PLANE_ANGLE_UNIT ( ) SI_UNIT ( $, .RADIAN. ) );
#3337 = SURFACE_SIDE_STYLE ('',( #1383 ) ) ;
#3338 = ORIENTED_EDGE ( 'NONE', *, *, #2574, .T. ) ;
#3339 = CIRCLE ( 'NONE', #1395, 0.2225000000000000311 ) ;
#3340 = COLOUR_RGB ( '',0.2862745098039215508, 0.2862745098039215508, 0.2862745098039215508 ) ;
#3341 = EDGE_LOOP ( 'NONE', ( #4205, #646, #2681, #3267 ) ) ;
#3342 = PLANE ( 'NONE',  #3356 ) ;
#3343 = CARTESIAN_POINT ( 'NONE',  ( -0.5000000000000011102, 0.4999999999999995559, 0.4400000000000000577 ) ) ;
#3344 = VERTEX_POINT ( 'NONE', #3836 ) ;
#3345 = PRESENTATION_LAYER_ASSIGNMENT (  '', '', ( #2926 ) ) ;
#3346 = AXIS2_PLACEMENT_3D ( 'NONE', #5222, #2154, #1180 ) ;
#3347 = AXIS2_PLACEMENT_3D ( 'NONE', #1436, #5486, #2447 ) ;
#3348 = PRODUCT_DEFINITION_CONTEXT ( 'detailed design', #5156, 'design' ) ;
#3349 = VECTOR ( 'NONE', #3999, 1000.000000000000000 ) ;
#3350 = CARTESIAN_POINT ( 'NONE',  ( 0.000000000000000000, -0.1499999999999997446, 0.01999999999999994491 ) ) ;
#3351 =( GEOMETRIC_REPRESENTATION_CONTEXT ( 3 ) GLOBAL_UNCERTAINTY_ASSIGNED_CONTEXT ( ( #3151 ) ) GLOBAL_UNIT_ASSIGNED_CONTEXT ( ( #2955, #5687, #3270 ) ) REPRESENTATION_CONTEXT ( 'NONE', 'WORKASPACE' ) );
#3352 = ORIENTED_EDGE ( 'NONE', *, *, #1749, .T. ) ;
#3353 = SURFACE_STYLE_FILL_AREA ( #369 ) ;
#3354 = DIRECTION ( 'NONE',  ( -0.000000000000000000, -0.000000000000000000, 1.000000000000000000 ) ) ;
#3355 = EDGE_CURVE ( 'NONE', #3024, #2764, #4311, .T. ) ;
#3356 = AXIS2_PLACEMENT_3D ( 'NONE', #2423, #4837, #389 ) ;
#3357 = ORIENTED_EDGE ( 'NONE', *, *, #270, .T. ) ;
#3358 = SURFACE_STYLE_FILL_AREA ( #2895 ) ;
#3359 = DIRECTION ( 'NONE',  ( 0.000000000000000000, -0.000000000000000000, 1.000000000000000000 ) ) ;
#3360 = ORIENTED_EDGE ( 'NONE', *, *, #4611, .T. ) ;
#3361 = DIRECTION ( 'NONE',  ( 1.000000000000000000, 0.000000000000000000, 0.000000000000000000 ) ) ;
#3362 = CARTESIAN_POINT ( 'NONE',  ( 0.7999999999999986011, -0.5999999999999998668, 0.01999999999999994491 ) ) ;
#3363 = ORIENTED_EDGE ( 'NONE', *, *, #3903, .T. ) ;
#3364 = CARTESIAN_POINT ( 'NONE',  ( -0.6250000000000012212, 0.2999999999999996003, 0.5200000000000000178 ) ) ;
#3365 = EDGE_CURVE ( 'NONE', #1731, #611, #485, .T. ) ;
#3366 = EDGE_CURVE ( 'NONE', #4447, #691, #5092, .T. ) ;
#3367 = FILL_AREA_STYLE ('',( #3870 ) ) ;
#3368 = ORIENTED_EDGE ( 'NONE', *, *, #6145, .F. ) ;
#3369 = DIRECTION ( 'NONE',  ( 0.000000000000000000, 0.000000000000000000, -1.000000000000000000 ) ) ;
#3370 = CARTESIAN_POINT ( 'NONE',  ( 0.4999999999999986122, 0.4399999999999996136, 0.5200000000000000178 ) ) ;
#3371 = EDGE_CURVE ( 'NONE', #2850, #3935, #1916, .T. ) ;
#3372 = EDGE_CURVE ( 'NONE', #3922, #3527, #6233, .T. ) ;
#3373 = EDGE_CURVE ( 'NONE', #4963, #6034, #2873, .T. ) ;
#3374 = ORIENTED_EDGE ( 'NONE', *, *, #195, .F. ) ;
#3375 = SURFACE_STYLE_USAGE ( .BOTH. , #881 ) ;
#3376 = CARTESIAN_POINT ( 'NONE',  ( 0.000000000000000000, -0.4939339828220177808, 0.01999999999999994491 ) ) ;
#3377 = PLANE ( 'NONE',  #5695 ) ;
#3378 = VERTEX_POINT ( 'NONE', #5285 ) ;
#3379 = EDGE_CURVE ( 'NONE', #2614, #1230, #4893, .T. ) ;
#3380 = FILL_AREA_STYLE_COLOUR ( '', #5743 ) ;
#3381 = PRESENTATION_STYLE_ASSIGNMENT (( #551 ) ) ;
#3382 = CARTESIAN_POINT ( 'NONE',  ( -0.8000000000000012657, 0.000000000000000000, 0.01999999999999994491 ) ) ;
#3383 = LINE ( 'NONE', #3772, #545 ) ;
#3384 =( NAMED_UNIT ( * ) SI_UNIT ( $, .STERADIAN. ) SOLID_ANGLE_UNIT ( ) );
#3385 = CARTESIAN_POINT ( 'NONE',  ( 0.7999999999999986011, -0.5999999999999998668, 0.01999999999999994491 ) ) ;
#3386 = VECTOR ( 'NONE', #5552, 1000.000000000000000 ) ;
#3387 = SURFACE_STYLE_USAGE ( .BOTH. , #4922 ) ;
#3388 = VERTEX_POINT ( 'NONE', #832 ) ;
#3389 = FILL_AREA_STYLE_COLOUR ( '', #5904 ) ;
#3390 = DIRECTION ( 'NONE',  ( 0.000000000000000000, -1.000000000000000000, -0.000000000000000000 ) ) ;
#3391 = DIRECTION ( 'NONE',  ( 0.000000000000000000, 1.000000000000000000, 0.000000000000000000 ) ) ;
#3392 =( LENGTH_UNIT ( ) NAMED_UNIT ( * ) SI_UNIT ( .MILLI., .METRE. ) );
#3393 = CARTESIAN_POINT ( 'NONE',  ( 0.6999999999999986233, -0.3000000000000004885, 0.4400000000000000577 ) ) ;
#3394 = DIRECTION ( 'NONE',  ( -1.000000000000000000, 0.000000000000000000, 0.000000000000000000 ) ) ;
#3395 = DIRECTION ( 'NONE',  ( 0.000000000000000000, 0.000000000000000000, -1.000000000000000000 ) ) ;
#3396 = COLOUR_RGB ( '',0.2862745098039215508, 0.2862745098039215508, 0.2862745098039215508 ) ;
#3397 = VECTOR ( 'NONE', #6182, 1000.000000000000000 ) ;
#3398 = ORIENTED_EDGE ( 'NONE', *, *, #3457, .T. ) ;
#3399 =( NAMED_UNIT ( * ) PLANE_ANGLE_UNIT ( ) SI_UNIT ( $, .RADIAN. ) );
#3400 = FILL_AREA_STYLE_COLOUR ( '', #3248 ) ;
#3401 =( LENGTH_UNIT ( ) NAMED_UNIT ( * ) SI_UNIT ( .MILLI., .METRE. ) );
#3402 = LINE ( 'NONE', #5425, #31 ) ;
#3403 = EDGE_LOOP ( 'NONE', ( #3500, #1528, #4751, #343 ) ) ;
#3404 = VECTOR ( 'NONE', #654, 1000.000000000000000 ) ;
#3405 = UNCERTAINTY_MEASURE_WITH_UNIT (LENGTH_MEASURE( 1.000000000000000082E-05 ), #3269, 'distance_accuracy_value', 'NONE');
#3406 = UNCERTAINTY_MEASURE_WITH_UNIT (LENGTH_MEASURE( 1.000000000000000082E-05 ), #5927, 'distance_accuracy_value', 'NONE');
#3407 = VERTEX_POINT ( 'NONE', #5781 ) ;
#3408 = FILL_AREA_STYLE ('',( #5917 ) ) ;
#3409 = CARTESIAN_POINT ( 'NONE',  ( 0.7999999999999986011, -0.5999999999999998668, -0.2800000000000000266 ) ) ;
#3410 = PRESENTATION_LAYER_ASSIGNMENT (  '', '', ( #6100 ) ) ;
#3411 = ORIENTED_EDGE ( 'NONE', *, *, #3366, .F. ) ;
#3412 = CIRCLE ( 'NONE', #1978, 0.01500000000000003934 ) ;
#3413 = UNCERTAINTY_MEASURE_WITH_UNIT (LENGTH_MEASURE( 1.000000000000000082E-05 ), #3992, 'distance_accuracy_value', 'NONE');
#3414 = EDGE_CURVE ( 'NONE', #1898, #4276, #5417, .T. ) ;
#3415 = VECTOR ( 'NONE', #6162, 1000.000000000000000 ) ;
#3416 = SURFACE_SIDE_STYLE ('',( #914 ) ) ;
#3417 = ORIENTED_EDGE ( 'NONE', *, *, #47, .F. ) ;
#3418 = FACE_OUTER_BOUND ( 'NONE', #4178, .T. ) ;
#3419 = ORIENTED_EDGE ( 'NONE', *, *, #3487, .T. ) ;
#3420 = PRESENTATION_LAYER_ASSIGNMENT (  '', '', ( #5183 ) ) ;
#3421 = UNCERTAINTY_MEASURE_WITH_UNIT (LENGTH_MEASURE( 1.000000000000000082E-05 ), #2257, 'distance_accuracy_value', 'NONE');
#3422 = FILL_AREA_STYLE ('',( #3484 ) ) ;
#3423 = DIRECTION ( 'NONE',  ( -0.000000000000000000, -0.000000000000000000, -1.000000000000000000 ) ) ;
#3424 = ORIENTED_EDGE ( 'NONE', *, *, #4811, .T. ) ;
#3425 =( LENGTH_UNIT ( ) NAMED_UNIT ( * ) SI_UNIT ( .MILLI., .METRE. ) );
#3426 =( GEOMETRIC_REPRESENTATION_CONTEXT ( 3 ) GLOBAL_UNCERTAINTY_ASSIGNED_CONTEXT ( ( #5308 ) ) GLOBAL_UNIT_ASSIGNED_CONTEXT ( ( #2409, #4379, #4346 ) ) REPRESENTATION_CONTEXT ( 'NONE', 'WORKASPACE' ) );
#3427 = FILL_AREA_STYLE_COLOUR ( '', #4154 ) ;
#3428 = PRESENTATION_LAYER_ASSIGNMENT (  '', '', ( #6217 ) ) ;
#3429 = DIRECTION ( 'NONE',  ( 0.000000000000000000, 0.000000000000000000, -1.000000000000000000 ) ) ;
#3430 = STYLED_ITEM ( 'NONE', ( #1452 ), #2882 ) ;
#3431 =( NAMED_UNIT ( * ) PLANE_ANGLE_UNIT ( ) SI_UNIT ( $, .RADIAN. ) );
#3432 = SURFACE_STYLE_FILL_AREA ( #71 ) ;
#3433 = ORIENTED_EDGE ( 'NONE', *, *, #945, .F. ) ;
#3434 = FILL_AREA_STYLE_COLOUR ( '', #4561 ) ;
#3435 = FILL_AREA_STYLE ('',( #1472 ) ) ;
#3436 = SURFACE_STYLE_FILL_AREA ( #4449 ) ;
#3437 = SURFACE_STYLE_FILL_AREA ( #3310 ) ;
#3438 = EDGE_LOOP ( 'NONE', ( #3612, #3759, #4500, #3681, #718, #2115, #3988, #1989, #3002 ) ) ;
#3439 = VECTOR ( 'NONE', #1056, 1000.000000000000000 ) ;
#3440 = EDGE_CURVE ( 'NONE', #520, #6386, #3867, .T. ) ;
#3441 = MECHANICAL_DESIGN_GEOMETRIC_PRESENTATION_REPRESENTATION (  '', ( #6039 ), #2006 ) ;
#3442 = ORIENTED_EDGE ( 'NONE', *, *, #5560, .T. ) ;
#3443 =( NAMED_UNIT ( * ) PLANE_ANGLE_UNIT ( ) SI_UNIT ( $, .RADIAN. ) );
#3444 = VECTOR ( 'NONE', #6364, 1000.000000000000000 ) ;
#3445 = FILL_AREA_STYLE_COLOUR ( '', #351 ) ;
#3446 = CARTESIAN_POINT ( 'NONE',  ( 0.4999999999999985012, -0.5150000000000004574, 0.2800000000000000266 ) ) ;
#3447 = PRESENTATION_LAYER_ASSIGNMENT (  '', '', ( #333 ) ) ;
#3448 = EDGE_CURVE ( 'NONE', #1008, #4147, #447, .T. ) ;
#3449 = CIRCLE ( 'NONE', #1403, 0.01499999999999998557 ) ;
#3450 = EDGE_CURVE ( 'NONE', #2614, #913, #5319, .T. ) ;
#3451 = PRESENTATION_LAYER_ASSIGNMENT (  '', '', ( #3128 ) ) ;
#3452 = VECTOR ( 'NONE', #798, 1000.000000000000000 ) ;
#3453 = ORIENTED_EDGE ( 'NONE', *, *, #2894, .F. ) ;
#3454 = CARTESIAN_POINT ( 'NONE',  ( 0.4999999999999986122, 0.2999999999999996003, 0.5200000000000000178 ) ) ;
#3455 = FACE_OUTER_BOUND ( 'NONE', #4822, .T. ) ;
#3456 = SURFACE_STYLE_USAGE ( .BOTH. , #1488 ) ;
#3457 = EDGE_CURVE ( 'NONE', #1195, #2056, #1, .T. ) ;
#3458 = PRESENTATION_LAYER_ASSIGNMENT (  '', '', ( #5436 ) ) ;
#3459 = LINE ( 'NONE', #213, #3578 ) ;
#3460 = CARTESIAN_POINT ( 'NONE',  ( 3.022078354339549274E-16, 0.4939339828220178918, 0.01999999999999994491 ) ) ;
#3461 = SURFACE_STYLE_USAGE ( .BOTH. , #2047 ) ;
#3462 = MECHANICAL_DESIGN_GEOMETRIC_PRESENTATION_REPRESENTATION (  '', ( #1807 ), #4914 ) ;
#3463 = FILL_AREA_STYLE ('',( #2584 ) ) ;
#3464 = CARTESIAN_POINT ( 'NONE',  ( 0.6044079500593120269, 0.4939339828220175588, 0.01999999999999994491 ) ) ;
#3465 = VECTOR ( 'NONE', #5490, 1000.000000000000000 ) ;
#3466 =( NAMED_UNIT ( * ) SI_UNIT ( $, .STERADIAN. ) SOLID_ANGLE_UNIT ( ) );
#3467 = ORIENTED_EDGE ( 'NONE', *, *, #1432, .F. ) ;
#3468 = CARTESIAN_POINT ( 'NONE',  ( 0.2499999999999997780, -0.1499999999999997446, -0.2800000000000000266 ) ) ;
#3469 = CARTESIAN_POINT ( 'NONE',  ( 0.7999999999999986011, -0.4500000000000003997, -0.2810000000000000275 ) ) ;
#3470 = DIRECTION ( 'NONE',  ( -0.000000000000000000, -0.000000000000000000, -1.000000000000000000 ) ) ;
#3471 = CARTESIAN_POINT ( 'NONE',  ( -0.6550000000000012479, 0.000000000000000000, 0.4400000000000000577 ) ) ;
#3472 = DIRECTION ( 'NONE',  ( -0.000000000000000000, -0.000000000000000000, 1.000000000000000000 ) ) ;
#3473 = ORIENTED_EDGE ( 'NONE', *, *, #6290, .F. ) ;
#3474 = LINE ( 'NONE', #3587, #4112 ) ;
#3475 = UNCERTAINTY_MEASURE_WITH_UNIT (LENGTH_MEASURE( 1.000000000000000082E-05 ), #2166, 'distance_accuracy_value', 'NONE');
#3476 = ORIENTED_EDGE ( 'NONE', *, *, #4197, .F. ) ;
#3477 =( NAMED_UNIT ( * ) SI_UNIT ( $, .STERADIAN. ) SOLID_ANGLE_UNIT ( ) );
#3478 = UNCERTAINTY_MEASURE_WITH_UNIT (LENGTH_MEASURE( 1.000000000000000082E-05 ), #2491, 'distance_accuracy_value', 'NONE');
#3479 = ADVANCED_FACE ( 'NONE', ( #2472 ), #5324, .F. ) ;
#3480 = SURFACE_STYLE_USAGE ( .BOTH. , #5954 ) ;
#3481 = SURFACE_STYLE_FILL_AREA ( #5441 ) ;
#3482 = PRESENTATION_LAYER_ASSIGNMENT (  '', '', ( #795 ) ) ;
#3483 = UNCERTAINTY_MEASURE_WITH_UNIT (LENGTH_MEASURE( 1.000000000000000082E-05 ), #3425, 'distance_accuracy_value', 'NONE');
#3484 = FILL_AREA_STYLE_COLOUR ( '', #40 ) ;
#3485 = CLOSED_SHELL ( 'NONE', ( #4080, #1236, #4563, #6346, #262, #3085, #6213, #868, #1235, #3673, #1190, #5266 ) ) ;
#3486 = CARTESIAN_POINT ( 'NONE',  ( 0.2499999999999997780, 0.000000000000000000, -0.2800000000000000266 ) ) ;
#3487 = EDGE_CURVE ( 'NONE', #246, #4044, #3639, .T. ) ;
#3488 = CARTESIAN_POINT ( 'NONE',  ( -0.7999999999999986011, 0.000000000000000000, -0.2800000000000000266 ) ) ;
#3489 = SURFACE_STYLE_USAGE ( .BOTH. , #514 ) ;
#3490 = CARTESIAN_POINT ( 'NONE',  ( 0.2499999999999997780, 0.000000000000000000, 0.01999999999999994491 ) ) ;
#3491 = CIRCLE ( 'NONE', #803, 0.2150000000000000244 ) ;
#3492 = ORIENTED_EDGE ( 'NONE', *, *, #86, .F. ) ;
#3493 = DIRECTION ( 'NONE',  ( 0.000000000000000000, 0.000000000000000000, -1.000000000000000000 ) ) ;
#3494 = EDGE_CURVE ( 'NONE', #4504, #4874, #1030, .T. ) ;
#3495 = SURFACE_SIDE_STYLE ('',( #5491 ) ) ;
#3496 = CARTESIAN_POINT ( 'NONE',  ( 0.2499999999999997780, 0.1499999999999997446, -0.2800000000000000266 ) ) ;
#3497 = ORIENTED_EDGE ( 'NONE', *, *, #5005, .T. ) ;
#3498 = FACE_OUTER_BOUND ( 'NONE', #2973, .T. ) ;
#3499 = COLOUR_RGB ( '',0.8039215686274510109, 0.8039215686274510109, 0.8039215686274510109 ) ;
#3500 = ORIENTED_EDGE ( 'NONE', *, *, #6031, .F. ) ;
#3501 = CARTESIAN_POINT ( 'NONE',  ( -0.5050000000000012257, -0.3050000000000004929, 0.5100000000000000089 ) ) ;
#3502 = SURFACE_STYLE_FILL_AREA ( #1537 ) ;
#3503 = SURFACE_STYLE_FILL_AREA ( #590 ) ;
#3504 = VECTOR ( 'NONE', #3143, 1000.000000000000000 ) ;
#3505 = STYLED_ITEM ( 'NONE', ( #5350 ), #1723 ) ;
#3506 = COLOUR_RGB ( '',0.8627450980392157298, 0.5882352941176470784, 0.06274509803921568540 ) ;
#3507 = SURFACE_STYLE_FILL_AREA ( #6075 ) ;
#3508 = FILL_AREA_STYLE_COLOUR ( '', #4549 ) ;
#3509 = SURFACE_SIDE_STYLE ('',( #5467 ) ) ;
#3510 = CYLINDRICAL_SURFACE ( 'NONE', #2879, 0.01500000000000003934 ) ;
#3511 = CIRCLE ( 'NONE', #3916, 0.1849999999999999978 ) ;
#3512 = PRESENTATION_LAYER_ASSIGNMENT (  '', '', ( #1043 ) ) ;
#3513 = EDGE_LOOP ( 'NONE', ( #6175, #1165 ) ) ;
#3514 = CARTESIAN_POINT ( 'NONE',  ( -0.5499999999999986011, -0.1499999999999997446, 0.01999999999999994491 ) ) ;
#3515 = CARTESIAN_POINT ( 'NONE',  ( -0.6250000000000012212, 0.2999999999999996003, 0.5050000000000000044 ) ) ;
#3516 = SURFACE_SIDE_STYLE ('',( #1557 ) ) ;
#3517 = STYLED_ITEM ( 'NONE', ( #2537 ), #2439 ) ;
#3518 = VECTOR ( 'NONE', #5846, 1000.000000000000000 ) ;
#3519 = ADVANCED_FACE ( 'NONE', ( #4475 ), #4022, .T. ) ;
#3520 = EDGE_CURVE ( 'NONE', #564, #1350, #4984, .T. ) ;
#3521 =( LENGTH_UNIT ( ) NAMED_UNIT ( * ) SI_UNIT ( .MILLI., .METRE. ) );
#3522 = ORIENTED_EDGE ( 'NONE', *, *, #1044, .F. ) ;
#3523 = SURFACE_SIDE_STYLE ('',( #6370 ) ) ;
#3524 = CARTESIAN_POINT ( 'NONE',  ( 0.6549999999999986944, -0.3000000000000004885, 0.4400000000000000577 ) ) ;
#3525 = PLANE ( 'NONE',  #1757 ) ;
#3526 = SURFACE_STYLE_FILL_AREA ( #6006 ) ;
#3527 = VERTEX_POINT ( 'NONE', #34 ) ;
#3528 = MECHANICAL_DESIGN_GEOMETRIC_PRESENTATION_REPRESENTATION (  '', ( #1883 ), #4878 ) ;
#3529 = CIRCLE ( 'NONE', #3730, 0.1499999999999997446 ) ;
#3530 = UNCERTAINTY_MEASURE_WITH_UNIT (LENGTH_MEASURE( 1.000000000000000082E-05 ), #672, 'distance_accuracy_value', 'NONE');
#3531 = ORIENTED_EDGE ( 'NONE', *, *, #5185, .T. ) ;
#3532 = CARTESIAN_POINT ( 'NONE',  ( -0.5650000000000015010, -0.3050000000000004929, 0.5100000000000000089 ) ) ;
#3533 = SURFACE_SIDE_STYLE ('',( #3502 ) ) ;
#3534 = STYLED_ITEM ( 'NONE', ( #1983 ), #5675 ) ;
#3535 = PRESENTATION_LAYER_ASSIGNMENT (  '', '', ( #4998 ) ) ;
#3536 = ORIENTED_EDGE ( 'NONE', *, *, #2381, .F. ) ;
#3537 =( GEOMETRIC_REPRESENTATION_CONTEXT ( 3 ) GLOBAL_UNCERTAINTY_ASSIGNED_CONTEXT ( ( #363 ) ) GLOBAL_UNIT_ASSIGNED_CONTEXT ( ( #1325, #3282, #3384 ) ) REPRESENTATION_CONTEXT ( 'NONE', 'WORKASPACE' ) );
#3538 = AXIS2_PLACEMENT_3D ( 'NONE', #1171, #2721, #2281 ) ;
#3539 = PRODUCT_CONTEXT ( 'NONE', #6156, 'mechanical' ) ;
#3540 = MECHANICAL_DESIGN_GEOMETRIC_PRESENTATION_REPRESENTATION (  '', ( #4271 ), #4785 ) ;
#3541 =( NAMED_UNIT ( * ) SI_UNIT ( $, .STERADIAN. ) SOLID_ANGLE_UNIT ( ) );
#3542 = VECTOR ( 'NONE', #3051, 1000.000000000000000 ) ;
#3543 = FACE_OUTER_BOUND ( 'NONE', #4478, .T. ) ;
#3544 = CIRCLE ( 'NONE', #4393, 0.2225000000000000311 ) ;
#3545 = SURFACE_SIDE_STYLE ('',( #5573 ) ) ;
#3546 = ORIENTED_EDGE ( 'NONE', *, *, #1120, .F. ) ;
#3547 = FILL_AREA_STYLE ('',( #4021 ) ) ;
#3548 = DIRECTION ( 'NONE',  ( 0.000000000000000000, 0.000000000000000000, -1.000000000000000000 ) ) ;
#3549 = MANIFOLD_SOLID_BREP ( 'Boss-Extrude6', #5783 ) ;
#3550 = AXIS2_PLACEMENT_3D ( 'NONE', #1768, #4812, #5767 ) ;
#3551 = STYLED_ITEM ( 'NONE', ( #4376 ), #4761 ) ;
#3552 = MECHANICAL_DESIGN_GEOMETRIC_PRESENTATION_REPRESENTATION (  '', ( #5633 ), #6344 ) ;
#3553 = PRESENTATION_STYLE_ASSIGNMENT (( #4929 ) ) ;
#3554 = DIRECTION ( 'NONE',  ( 0.000000000000000000, 0.000000000000000000, 1.000000000000000000 ) ) ;
#3555 = ORIENTED_EDGE ( 'NONE', *, *, #3567, .T. ) ;
#3556 = AXIS2_PLACEMENT_3D ( 'NONE', #5516, #5895, #1061 ) ;
#3557 = ADVANCED_FACE ( 'NONE', ( #1394 ), #5043, .T. ) ;
#3558 = SURFACE_SIDE_STYLE ('',( #585 ) ) ;
#3559 = EDGE_CURVE ( 'NONE', #1937, #4228, #4403, .T. ) ;
#3560 =( NAMED_UNIT ( * ) SI_UNIT ( $, .STERADIAN. ) SOLID_ANGLE_UNIT ( ) );
#3561 = STYLED_ITEM ( 'NONE', ( #1444 ), #4252 ) ;
#3562 = ORIENTED_EDGE ( 'NONE', *, *, #5359, .F. ) ;
#3563 = DIRECTION ( 'NONE',  ( -0.000000000000000000, 1.000000000000000000, 0.000000000000000000 ) ) ;
#3564 =( LENGTH_UNIT ( ) NAMED_UNIT ( * ) SI_UNIT ( .MILLI., .METRE. ) );
#3565 = EDGE_CURVE ( 'NONE', #2415, #1012, #5438, .T. ) ;
#3566 = CARTESIAN_POINT ( 'NONE',  ( 0.6849999999999984990, -0.3000000000000004885, 0.4250000000000000999 ) ) ;
#3567 = EDGE_CURVE ( 'NONE', #5873, #4996, #5344, .T. ) ;
#3568 = ORIENTED_EDGE ( 'NONE', *, *, #1432, .T. ) ;
#3569 = SURFACE_STYLE_USAGE ( .BOTH. , #656 ) ;
#3570 = FACE_OUTER_BOUND ( 'NONE', #3018, .T. ) ;
#3571 = EDGE_CURVE ( 'NONE', #5915, #5745, #2920, .T. ) ;
#3572 = CARTESIAN_POINT ( 'NONE',  ( 2.259790532912949344E-16, 0.1499999999999985789, 0.01999999999999994491 ) ) ;
#3573 = EDGE_LOOP ( 'NONE', ( #5561, #5575, #193, #2871 ) ) ;
#3574 = VERTEX_POINT ( 'NONE', #2360 ) ;
#3575 = LINE ( 'NONE', #733, #1527 ) ;
#3576 = DIRECTION ( 'NONE',  ( 0.000000000000000000, 0.000000000000000000, -1.000000000000000000 ) ) ;
#3577 =( NAMED_UNIT ( * ) SI_UNIT ( $, .STERADIAN. ) SOLID_ANGLE_UNIT ( ) );
#3578 = VECTOR ( 'NONE', #604, 1000.000000000000000 ) ;
#3579 = PRESENTATION_STYLE_ASSIGNMENT (( #4446 ) ) ;
#3580 =( LENGTH_UNIT ( ) NAMED_UNIT ( * ) SI_UNIT ( .MILLI., .METRE. ) );
#3581 = ORIENTED_EDGE ( 'NONE', *, *, #1999, .F. ) ;
#3582 = DIRECTION ( 'NONE',  ( 1.000000000000000000, 0.000000000000000000, 0.000000000000000000 ) ) ;
#3583 = CARTESIAN_POINT ( 'NONE',  ( -0.6550000000000012479, 0.2999999999999996003, 0.4400000000000000577 ) ) ;
#3584 = CARTESIAN_POINT ( 'NONE',  ( -0.6044079500593120269, -0.4939339828220177808, 0.01999999999999994491 ) ) ;
#3585 = CARTESIAN_POINT ( 'NONE',  ( 0.7999999999999986011, 0.4499999999999995670, -0.2800000000000000266 ) ) ;
#3586 = DIRECTION ( 'NONE',  ( 0.000000000000000000, 0.000000000000000000, -1.000000000000000000 ) ) ;
#3587 = CARTESIAN_POINT ( 'NONE',  ( -0.6939339828220163486, 0.000000000000000000, -0.2800000000000000266 ) ) ;
#3588 = LINE ( 'NONE', #3975, #6091 ) ;
#3589 = CIRCLE ( 'NONE', #1638, 0.1500000000000000777 ) ;
#3590 = DIRECTION ( 'NONE',  ( -1.000000000000000000, 0.000000000000000000, 0.000000000000000000 ) ) ;
#3591 = VERTEX_POINT ( 'NONE', #887 ) ;
#3592 = FACE_OUTER_BOUND ( 'NONE', #1280, .T. ) ;
#3593 = LINE ( 'NONE', #1110, #2985 ) ;
#3594 = ORIENTED_EDGE ( 'NONE', *, *, #4025, .T. ) ;
#3595 = FILL_AREA_STYLE ('',( #539 ) ) ;
#3596 =( GEOMETRIC_REPRESENTATION_CONTEXT ( 3 ) GLOBAL_UNCERTAINTY_ASSIGNED_CONTEXT ( ( #2755 ) ) GLOBAL_UNIT_ASSIGNED_CONTEXT ( ( #644, #3038, #3099 ) ) REPRESENTATION_CONTEXT ( 'NONE', 'WORKASPACE' ) );
#3597 = PRESENTATION_STYLE_ASSIGNMENT (( #6102 ) ) ;
#3598 =( LENGTH_UNIT ( ) NAMED_UNIT ( * ) SI_UNIT ( .MILLI., .METRE. ) );
#3599 = ORIENTED_EDGE ( 'NONE', *, *, #4599, .T. ) ;
#3600 = SURFACE_STYLE_FILL_AREA ( #6050 ) ;
#3601 = CARTESIAN_POINT ( 'NONE',  ( -0.5000000000000012212, -0.5000000000000004441, 0.4400000000000000577 ) ) ;
#3602 = COLOUR_RGB ( '',0.8039215686274510109, 0.8039215686274510109, 0.8039215686274510109 ) ;
#3603 = ADVANCED_FACE ( 'NONE', ( #3855 ), #2815, .T. ) ;
#3604 = VECTOR ( 'NONE', #2177, 1000.000000000000000 ) ;
#3605 = VERTEX_POINT ( 'NONE', #6341 ) ;
#3606 = CARTESIAN_POINT ( 'NONE',  ( 0.4999999999999986122, 0.2999999999999996003, 0.4250000000000000999 ) ) ;
#3607 = FACE_OUTER_BOUND ( 'NONE', #6187, .T. ) ;
#3608 = VECTOR ( 'NONE', #290, 1000.000000000000000 ) ;
#3609 =( NAMED_UNIT ( * ) SI_UNIT ( $, .STERADIAN. ) SOLID_ANGLE_UNIT ( ) );
#3610 = MECHANICAL_DESIGN_GEOMETRIC_PRESENTATION_REPRESENTATION (  '', ( #5596 ), #4463 ) ;
#3611 = CARTESIAN_POINT ( 'NONE',  ( -0.2499999999999997780, 0.000000000000000000, 0.01999999999999994491 ) ) ;
#3612 = ORIENTED_EDGE ( 'NONE', *, *, #2193, .F. ) ;
#3613 = DIRECTION ( 'NONE',  ( 0.000000000000000000, 0.000000000000000000, 1.000000000000000000 ) ) ;
#3614 = CARTESIAN_POINT ( 'NONE',  ( 0.7149999999999986366, 0.2999999999999996003, 0.2800000000000000266 ) ) ;
#3615 = PRESENTATION_STYLE_ASSIGNMENT (( #1204 ) ) ;
#3616 = PRESENTATION_LAYER_ASSIGNMENT (  '', '', ( #825 ) ) ;
#3617 =( GEOMETRIC_REPRESENTATION_CONTEXT ( 3 ) GLOBAL_UNCERTAINTY_ASSIGNED_CONTEXT ( ( #1853 ) ) GLOBAL_UNIT_ASSIGNED_CONTEXT ( ( #4764, #3399, #3334 ) ) REPRESENTATION_CONTEXT ( 'NONE', 'WORKASPACE' ) );
#3618 = DIRECTION ( 'NONE',  ( -1.000000000000000000, 0.000000000000000000, 0.000000000000000000 ) ) ;
#3619 = MECHANICAL_DESIGN_GEOMETRIC_PRESENTATION_REPRESENTATION (  '', ( #2697 ), #2401 ) ;
#3620 = VERTEX_POINT ( 'NONE', #6218 ) ;
#3621 = CARTESIAN_POINT ( 'NONE',  ( -0.8000000000000012657, 0.4499999999999995670, 0.2800000000000000266 ) ) ;
#3622 = ORIENTED_EDGE ( 'NONE', *, *, #5521, .F. ) ;
#3623 = FILL_AREA_STYLE ('',( #258 ) ) ;
#3624 = ORIENTED_EDGE ( 'NONE', *, *, #5189, .T. ) ;
#3625 = ADVANCED_FACE ( 'NONE', ( #4827 ), #4762, .T. ) ;
#3626 = PRESENTATION_LAYER_ASSIGNMENT (  '', '', ( #20 ) ) ;
#3627 = PLANE ( 'NONE',  #4328 ) ;
#3628 = STYLED_ITEM ( 'NONE', ( #3050 ), #5666 ) ;
#3629 = DIRECTION ( 'NONE',  ( -0.000000000000000000, -0.000000000000000000, 1.000000000000000000 ) ) ;
#3630 = MECHANICAL_DESIGN_GEOMETRIC_PRESENTATION_REPRESENTATION (  '', ( #5193 ), #2519 ) ;
#3631 = LINE ( 'NONE', #5625, #570 ) ;
#3632 = SURFACE_STYLE_USAGE ( .BOTH. , #6020 ) ;
#3633 = CARTESIAN_POINT ( 'NONE',  ( -0.7999999999999986011, -0.5999999999999994227, -0.2800000000000000266 ) ) ;
#3634 = EDGE_LOOP ( 'NONE', ( #1254, #1785, #1361, #5564 ) ) ;
#3635 = CARTESIAN_POINT ( 'NONE',  ( -0.6939339828220163486, 0.000000000000000000, 0.01999999999999994491 ) ) ;
#3636 = ADVANCED_FACE ( 'NONE', ( #3755 ), #2347, .F. ) ;
#3637 = DIRECTION ( 'NONE',  ( 0.000000000000000000, -1.000000000000000000, 0.000000000000000000 ) ) ;
#3638 = TOROIDAL_SURFACE ( 'NONE', #553, 0.2150000000000000244, 0.01499999999999999944 ) ;
#3639 = CIRCLE ( 'NONE', #2723, 0.1500000000000000777 ) ;
#3640 = FILL_AREA_STYLE ('',( #1675 ) ) ;
#3641 = LINE ( 'NONE', #4087, #4771 ) ;
#3642 = EDGE_CURVE ( 'NONE', #5818, #2555, #1846, .T. ) ;
#3643 = CARTESIAN_POINT ( 'NONE',  ( -0.5650000000000015010, -0.3050000000000004929, 0.5100000000000000089 ) ) ;
#3644 = AXIS2_PLACEMENT_3D ( 'NONE', #5544, #4438, #1941 ) ;
#3645 = SURFACE_SIDE_STYLE ('',( #1301 ) ) ;
#3646 = PRESENTATION_LAYER_ASSIGNMENT (  '', '', ( #1289 ) ) ;
#3647 = DIRECTION ( 'NONE',  ( 1.000000000000000000, 0.000000000000000000, 0.000000000000000000 ) ) ;
#3648 = ORIENTED_EDGE ( 'NONE', *, *, #4949, .T. ) ;
#3649 = DIRECTION ( 'NONE',  ( 0.000000000000000000, 0.000000000000000000, -1.000000000000000000 ) ) ;
#3650 = DIRECTION ( 'NONE',  ( 0.000000000000000000, 0.000000000000000000, -1.000000000000000000 ) ) ;
#3651 = LINE ( 'NONE', #4176, #1259 ) ;
#3652 = ORIENTED_EDGE ( 'NONE', *, *, #228, .T. ) ;
#3653 = CARTESIAN_POINT ( 'NONE',  ( 0.6044079500593121379, -0.4939339828220176698, 0.01999999999999994491 ) ) ;
#3654 = LINE ( 'NONE', #1310, #2820 ) ;
#3655 = EDGE_CURVE ( 'NONE', #1606, #5859, #5810, .T. ) ;
#3656 = UNCERTAINTY_MEASURE_WITH_UNIT (LENGTH_MEASURE( 1.000000000000000082E-05 ), #2854, 'distance_accuracy_value', 'NONE');
#3657 = VERTEX_POINT ( 'NONE', #3332 ) ;
#3658 = DIRECTION ( 'NONE',  ( 0.000000000000000000, 0.000000000000000000, 1.000000000000000000 ) ) ;
#3659 = DIRECTION ( 'NONE',  ( 0.000000000000000000, 0.000000000000000000, -1.000000000000000000 ) ) ;
#3660 = COLOUR_RGB ( '',0.8627450980392157298, 0.6274509803921568540, 0.05882352941176470507 ) ;
#3661 = DIRECTION ( 'NONE',  ( -1.000000000000000000, 0.000000000000000000, -0.000000000000000000 ) ) ;
#3662 = VERTEX_POINT ( 'NONE', #2375 ) ;
#3663 = DIRECTION ( 'NONE',  ( 1.000000000000000000, 0.000000000000000000, 0.000000000000000000 ) ) ;
#3664 = EDGE_CURVE ( 'NONE', #1195, #1049, #3449, .T. ) ;
#3665 = UNCERTAINTY_MEASURE_WITH_UNIT (LENGTH_MEASURE( 1.000000000000000082E-05 ), #837, 'distance_accuracy_value', 'NONE');
#3666 =( NAMED_UNIT ( * ) SI_UNIT ( $, .STERADIAN. ) SOLID_ANGLE_UNIT ( ) );
#3667 = EDGE_LOOP ( 'NONE', ( #860, #5446, #3411, #3281 ) ) ;
#3668 = SURFACE_STYLE_USAGE ( .BOTH. , #697 ) ;
#3669 = SURFACE_STYLE_FILL_AREA ( #2270 ) ;
#3670 = ORIENTED_EDGE ( 'NONE', *, *, #2662, .T. ) ;
#3671 =( NAMED_UNIT ( * ) SI_UNIT ( $, .STERADIAN. ) SOLID_ANGLE_UNIT ( ) );
#3672 = CARTESIAN_POINT ( 'NONE',  ( -0.5050000000000012257, -0.3050000000000004929, 0.5200000000000000178 ) ) ;
#3673 = ADVANCED_FACE ( 'NONE', ( #3896 ), #929, .F. ) ;
#3674 = DIRECTION ( 'NONE',  ( 0.000000000000000000, 1.000000000000000000, -0.000000000000000000 ) ) ;
#3675 = ORIENTED_EDGE ( 'NONE', *, *, #1834, .F. ) ;
#3676 = SURFACE_STYLE_FILL_AREA ( #1724 ) ;
#3677 = VERTEX_POINT ( 'NONE', #2905 ) ;
#3678 = CARTESIAN_POINT ( 'NONE',  ( 0.4999999999999983902, -0.4550000000000004596, 0.4400000000000000577 ) ) ;
#3679 = MANIFOLD_SOLID_BREP ( 'Cut-Extrude4', #2158 ) ;
#3680 = EDGE_CURVE ( 'NONE', #1826, #6350, #4987, .T. ) ;
#3681 = ORIENTED_EDGE ( 'NONE', *, *, #4320, .F. ) ;
#3682 = DIRECTION ( 'NONE',  ( 0.000000000000000000, 0.000000000000000000, -1.000000000000000000 ) ) ;
#3683 = FILL_AREA_STYLE ('',( #1730 ) ) ;
#3684 = CARTESIAN_POINT ( 'NONE',  ( -0.6939339828220163486, 0.000000000000000000, -0.2800000000000000266 ) ) ;
#3685 = LINE ( 'NONE', #4190, #3994 ) ;
#3686 = AXIS2_PLACEMENT_3D ( 'NONE', #5240, #5109, #4130 ) ;
#3687 = CARTESIAN_POINT ( 'NONE',  ( 0.000000000000000000, -0.4939339828220177808, 0.01999999999999994491 ) ) ;
#3688 = ORIENTED_EDGE ( 'NONE', *, *, #6098, .T. ) ;
#3689 = VECTOR ( 'NONE', #4234, 1000.000000000000000 ) ;
#3690 = VECTOR ( 'NONE', #4442, 1000.000000000000000 ) ;
#3691 = FILL_AREA_STYLE ('',( #2739 ) ) ;
#3692 = ORIENTED_EDGE ( 'NONE', *, *, #944, .T. ) ;
#3693 = CARTESIAN_POINT ( 'NONE',  ( 0.4999999999999985012, -0.4850000000000004863, 0.4400000000000000577 ) ) ;
#3694 = EDGE_LOOP ( 'NONE', ( #1678, #2913, #5239, #4411 ) ) ;
#3695 = DIRECTION ( 'NONE',  ( -1.000000000000000000, 0.000000000000000000, 0.000000000000000000 ) ) ;
#3696 = DIRECTION ( 'NONE',  ( 1.000000000000000000, 0.000000000000000000, -0.000000000000000000 ) ) ;
#3697 = MECHANICAL_DESIGN_GEOMETRIC_PRESENTATION_REPRESENTATION (  '', ( #5999 ), #2575 ) ;
#3698 = MECHANICAL_DESIGN_GEOMETRIC_PRESENTATION_REPRESENTATION (  '', ( #6393 ), #1647 ) ;
#3699 = CARTESIAN_POINT ( 'NONE',  ( -0.6044079500593120269, -0.4939339828220177808, 0.01999999999999994491 ) ) ;
#3700 = AXIS2_PLACEMENT_3D ( 'NONE', #1053, #3112, #5592 ) ;
#3701 =( NAMED_UNIT ( * ) SI_UNIT ( $, .STERADIAN. ) SOLID_ANGLE_UNIT ( ) );
#3702 =( GEOMETRIC_REPRESENTATION_CONTEXT ( 3 ) GLOBAL_UNCERTAINTY_ASSIGNED_CONTEXT ( ( #5881 ) ) GLOBAL_UNIT_ASSIGNED_CONTEXT ( ( #1345, #463, #2857 ) ) REPRESENTATION_CONTEXT ( 'NONE', 'WORKASPACE' ) );
#3703 = CYLINDRICAL_SURFACE ( 'NONE', #5543, 0.1999999999999999833 ) ;
#3704 = ORIENTED_EDGE ( 'NONE', *, *, #3294, .F. ) ;
#3705 =( GEOMETRIC_REPRESENTATION_CONTEXT ( 3 ) GLOBAL_UNCERTAINTY_ASSIGNED_CONTEXT ( ( #432 ) ) GLOBAL_UNIT_ASSIGNED_CONTEXT ( ( #97, #6005, #4993 ) ) REPRESENTATION_CONTEXT ( 'NONE', 'WORKASPACE' ) );
#3706 = SURFACE_SIDE_STYLE ('',( #671 ) ) ;
#3707 = CARTESIAN_POINT ( 'NONE',  ( -0.5000000000000012212, 0.2999999999999996003, 0.5200000000000000178 ) ) ;
#3708 = ORIENTED_EDGE ( 'NONE', *, *, #2235, .F. ) ;
#3709 = CYLINDRICAL_SURFACE ( 'NONE', #6115, 0.2225000000000000311 ) ;
#3710 = DIRECTION ( 'NONE',  ( 0.000000000000000000, 0.000000000000000000, -1.000000000000000000 ) ) ;
#3711 = ADVANCED_FACE ( 'NONE', ( #519 ), #1954, .F. ) ;
#3712 = COLOUR_RGB ( '',0.8627450980392157298, 0.5882352941176470784, 0.06274509803921568540 ) ;
#3713 = EDGE_CURVE ( 'NONE', #1898, #2498, #4067, .T. ) ;
#3714 = UNCERTAINTY_MEASURE_WITH_UNIT (LENGTH_MEASURE( 1.000000000000000082E-05 ), #4160, 'distance_accuracy_value', 'NONE');
#3715 = PRESENTATION_STYLE_ASSIGNMENT (( #645 ) ) ;
#3716 = ORIENTED_EDGE ( 'NONE', *, *, #346, .F. ) ;
#3717 = PRESENTATION_STYLE_ASSIGNMENT (( #1281 ) ) ;
#3718 = DIRECTION ( 'NONE',  ( 0.000000000000000000, 0.000000000000000000, -1.000000000000000000 ) ) ;
#3719 = STYLED_ITEM ( 'NONE', ( #380 ), #1511 ) ;
#3720 = UNCERTAINTY_MEASURE_WITH_UNIT (LENGTH_MEASURE( 1.000000000000000082E-05 ), #4415, 'distance_accuracy_value', 'NONE');
#3721 = CARTESIAN_POINT ( 'NONE',  ( -0.5000000000000009992, 0.4549999999999995715, 0.4400000000000000577 ) ) ;
#3722 = MANIFOLD_SOLID_BREP ( 'Chamfer1', #3485 ) ;
#3723 = CARTESIAN_POINT ( 'NONE',  ( -0.8000000000000012657, 0.5999999999999996447, 0.2800000000000000266 ) ) ;
#3724 =( GEOMETRIC_REPRESENTATION_CONTEXT ( 3 ) GLOBAL_UNCERTAINTY_ASSIGNED_CONTEXT ( ( #3015 ) ) GLOBAL_UNIT_ASSIGNED_CONTEXT ( ( #4141, #641, #1782 ) ) REPRESENTATION_CONTEXT ( 'NONE', 'WORKASPACE' ) );
#3725 = CARTESIAN_POINT ( 'NONE',  ( 0.7999999999999986011, 0.3774999999999995581, 0.01999999999999994491 ) ) ;
#3726 =( GEOMETRIC_REPRESENTATION_CONTEXT ( 3 ) GLOBAL_UNCERTAINTY_ASSIGNED_CONTEXT ( ( #2750 ) ) GLOBAL_UNIT_ASSIGNED_CONTEXT ( ( #512, #2989, #4498 ) ) REPRESENTATION_CONTEXT ( 'NONE', 'WORKASPACE' ) );
#3727 = ORIENTED_EDGE ( 'NONE', *, *, #6003, .T. ) ;
#3728 = CARTESIAN_POINT ( 'NONE',  ( -0.8000000000000012657, 0.3774999999999995581, 0.01999999999999994491 ) ) ;
#3729 = STYLED_ITEM ( 'NONE', ( #5174 ), #5718 ) ;
#3730 = AXIS2_PLACEMENT_3D ( 'NONE', #4493, #1512, #58 ) ;
#3731 = UNCERTAINTY_MEASURE_WITH_UNIT (LENGTH_MEASURE( 1.000000000000000082E-05 ), #4207, 'distance_accuracy_value', 'NONE');
#3732 =( NAMED_UNIT ( * ) PLANE_ANGLE_UNIT ( ) SI_UNIT ( $, .RADIAN. ) );
#3733 = ORIENTED_EDGE ( 'NONE', *, *, #2304, .F. ) ;
#3734 =( NAMED_UNIT ( * ) SI_UNIT ( $, .STERADIAN. ) SOLID_ANGLE_UNIT ( ) );
#3735 = COLOUR_RGB ( '',0.8039215686274510109, 0.8039215686274510109, 0.8039215686274510109 ) ;
#3736 = DIRECTION ( 'NONE',  ( -0.000000000000000000, 1.000000000000000000, 0.000000000000000000 ) ) ;
#3737 = ORIENTED_EDGE ( 'NONE', *, *, #1526, .T. ) ;
#3738 = CARTESIAN_POINT ( 'NONE',  ( 0.4999999999999986122, -0.3000000000000004885, 0.5200000000000000178 ) ) ;
#3739 = STYLED_ITEM ( 'NONE', ( #5164 ), #3030 ) ;
#3740 =( LENGTH_UNIT ( ) NAMED_UNIT ( * ) SI_UNIT ( .MILLI., .METRE. ) );
#3741 = DIRECTION ( 'NONE',  ( -1.000000000000000000, 0.000000000000000000, 0.000000000000000000 ) ) ;
#3742 = VECTOR ( 'NONE', #765, 1000.000000000000000 ) ;
#3743 = CARTESIAN_POINT ( 'NONE',  ( 0.4999999999999986122, 0.4249999999999996003, 0.5200000000000000178 ) ) ;
#3744 = PRESENTATION_LAYER_ASSIGNMENT (  '', '', ( #1900 ) ) ;
#3745 = CARTESIAN_POINT ( 'NONE',  ( -0.8000000000000012657, -0.3774999999999997802, 0.01999999999999994491 ) ) ;
#3746 = CARTESIAN_POINT ( 'NONE',  ( 0.4999999999999985012, -0.4850000000000004863, 0.4400000000000000577 ) ) ;
#3747 = ORIENTED_EDGE ( 'NONE', *, *, #4521, .F. ) ;
#3748 = CARTESIAN_POINT ( 'NONE',  ( -0.6939339828220163486, 0.4044079500593131815, 0.01999999999999994491 ) ) ;
#3749 = LINE ( 'NONE', #1840, #4150 ) ;
#3750 = LINE ( 'NONE', #4279, #1487 ) ;
#3751 = CIRCLE ( 'NONE', #2722, 0.2225000000000000311 ) ;
#3752 =( GEOMETRIC_REPRESENTATION_CONTEXT ( 3 ) GLOBAL_UNCERTAINTY_ASSIGNED_CONTEXT ( ( #631 ) ) GLOBAL_UNIT_ASSIGNED_CONTEXT ( ( #2780, #5356, #6254 ) ) REPRESENTATION_CONTEXT ( 'NONE', 'WORKASPACE' ) );
#3753 = DIRECTION ( 'NONE',  ( -0.000000000000000000, -0.000000000000000000, -1.000000000000000000 ) ) ;
#3754 = EDGE_CURVE ( 'NONE', #4259, #102, #5553, .T. ) ;
#3755 = FACE_OUTER_BOUND ( 'NONE', #3022, .T. ) ;
#3756 = VERTEX_POINT ( 'NONE', #4172 ) ;
#3757 =( GEOMETRIC_REPRESENTATION_CONTEXT ( 3 ) GLOBAL_UNCERTAINTY_ASSIGNED_CONTEXT ( ( #4648 ) ) GLOBAL_UNIT_ASSIGNED_CONTEXT ( ( #4092, #1686, #5705 ) ) REPRESENTATION_CONTEXT ( 'NONE', 'WORKASPACE' ) );
#3758 = PRESENTATION_STYLE_ASSIGNMENT (( #4703 ) ) ;
#3759 = ORIENTED_EDGE ( 'NONE', *, *, #3825, .F. ) ;
#3760 =( GEOMETRIC_REPRESENTATION_CONTEXT ( 3 ) GLOBAL_UNCERTAINTY_ASSIGNED_CONTEXT ( ( #4464 ) ) GLOBAL_UNIT_ASSIGNED_CONTEXT ( ( #6199, #3732, #3277 ) ) REPRESENTATION_CONTEXT ( 'NONE', 'WORKASPACE' ) );
#3761 = CIRCLE ( 'NONE', #971, 0.06000000000000026840 ) ;
#3762 = PRESENTATION_LAYER_ASSIGNMENT (  '', '', ( #5637 ) ) ;
#3763 = CARTESIAN_POINT ( 'NONE',  ( -0.7000000000000011768, 0.2999999999999996003, 0.4400000000000000577 ) ) ;
#3764 = CARTESIAN_POINT ( 'NONE',  ( -0.4450000000000009504, -0.3050000000000004929, 0.5100000000000000089 ) ) ;
#3765 = COLOUR_RGB ( '',0.8627450980392157298, 0.5882352941176470784, 0.06274509803921568540 ) ;
#3766 = CARTESIAN_POINT ( 'NONE',  ( -0.5774999999999985700, 0.5999999999999996447, 0.01999999999999994491 ) ) ;
#3767 = ORIENTED_EDGE ( 'NONE', *, *, #2035, .F. ) ;
#3768 =( NAMED_UNIT ( * ) SI_UNIT ( $, .STERADIAN. ) SOLID_ANGLE_UNIT ( ) );
#3769 =( NAMED_UNIT ( * ) PLANE_ANGLE_UNIT ( ) SI_UNIT ( $, .RADIAN. ) );
#3770 = EDGE_CURVE ( 'NONE', #1543, #398, #5540, .T. ) ;
#3771 = PRESENTATION_STYLE_ASSIGNMENT (( #5267 ) ) ;
#3772 = CARTESIAN_POINT ( 'NONE',  ( 0.6939339828220163486, 0.000000000000000000, 0.01999999999999994491 ) ) ;
#3773 = CARTESIAN_POINT ( 'NONE',  ( -0.6044079500593120269, 0.4939339828220175588, 0.01999999999999994491 ) ) ;
#3774 = EDGE_LOOP ( 'NONE', ( #510, #2859, #2481, #59, #4772, #3473, #679, #2483 ) ) ;
#3775 = DIRECTION ( 'NONE',  ( -1.000000000000000000, 2.442259918002687003E-16, 0.000000000000000000 ) ) ;
#3776 = SURFACE_STYLE_USAGE ( .BOTH. , #314 ) ;
#3777 = ORIENTED_EDGE ( 'NONE', *, *, #4419, .F. ) ;
#3778 = SURFACE_STYLE_FILL_AREA ( #4211 ) ;
#3779 = UNCERTAINTY_MEASURE_WITH_UNIT (LENGTH_MEASURE( 1.000000000000000082E-05 ), #4341, 'distance_accuracy_value', 'NONE');
#3780 = FILL_AREA_STYLE ('',( #1920 ) ) ;
#3781 = ORIENTED_EDGE ( 'NONE', *, *, #4794, .T. ) ;
#3782 = DIRECTION ( 'NONE',  ( 1.000000000000000000, 0.000000000000000000, -0.000000000000000000 ) ) ;
#3783 = DIRECTION ( 'NONE',  ( 1.000000000000000000, -6.118385167737106238E-16, 0.000000000000000000 ) ) ;
#3784 = ORIENTED_EDGE ( 'NONE', *, *, #1152, .T. ) ;
#3785 = EDGE_CURVE ( 'NONE', #5037, #4134, #3544, .T. ) ;
#3786 = FILL_AREA_STYLE_COLOUR ( '', #2682 ) ;
#3787 = ORIENTED_EDGE ( 'NONE', *, *, #3379, .F. ) ;
#3788 = SURFACE_SIDE_STYLE ('',( #1862 ) ) ;
#3789 = EDGE_CURVE ( 'NONE', #5715, #1937, #5603, .T. ) ;
#3790 = UNCERTAINTY_MEASURE_WITH_UNIT (LENGTH_MEASURE( 1.000000000000000082E-05 ), #1717, 'distance_accuracy_value', 'NONE');
#3791 = DIRECTION ( 'NONE',  ( 0.000000000000000000, -1.000000000000000000, 0.000000000000000000 ) ) ;
#3792 = PRESENTATION_LAYER_ASSIGNMENT (  '', '', ( #6086 ) ) ;
#3793 = ORIENTED_EDGE ( 'NONE', *, *, #1516, .T. ) ;
#3794 =( LENGTH_UNIT ( ) NAMED_UNIT ( * ) SI_UNIT ( .MILLI., .METRE. ) );
#3795 = PRESENTATION_STYLE_ASSIGNMENT (( #5371 ) ) ;
#3796 = DIRECTION ( 'NONE',  ( -0.000000000000000000, -0.000000000000000000, 1.000000000000000000 ) ) ;
#3797 = ORIENTED_EDGE ( 'NONE', *, *, #437, .T. ) ;
#3798 = EDGE_CURVE ( 'NONE', #2348, #5837, #4907, .T. ) ;
#3799 = STYLED_ITEM ( 'NONE', ( #321 ), #386 ) ;
#3800 = CARTESIAN_POINT ( 'NONE',  ( 0.7999999999999986011, 0.5999999999999996447, -0.2800000000000000266 ) ) ;
#3801 = VERTEX_POINT ( 'NONE', #740 ) ;
#3802 =( NAMED_UNIT ( * ) SI_UNIT ( $, .STERADIAN. ) SOLID_ANGLE_UNIT ( ) );
#3803 = FACE_OUTER_BOUND ( 'NONE', #1619, .T. ) ;
#3804 =( GEOMETRIC_REPRESENTATION_CONTEXT ( 3 ) GLOBAL_UNCERTAINTY_ASSIGNED_CONTEXT ( ( #3720 ) ) GLOBAL_UNIT_ASSIGNED_CONTEXT ( ( #4415, #5934, #444 ) ) REPRESENTATION_CONTEXT ( 'NONE', 'WORKASPACE' ) );
#3805 = DIRECTION ( 'NONE',  ( 0.000000000000000000, -0.000000000000000000, 1.000000000000000000 ) ) ;
#3806 = AXIS2_PLACEMENT_3D ( 'NONE', #3454, #6383, #505 ) ;
#3807 = PLANE ( 'NONE',  #2412 ) ;
#3808 = CARTESIAN_POINT ( 'NONE',  ( -0.7999999999999986011, 0.000000000000000000, -0.2800000000000000266 ) ) ;
#3809 = VECTOR ( 'NONE', #2580, 1000.000000000000000 ) ;
#3810 = CARTESIAN_POINT ( 'NONE',  ( 2.259790532912949344E-16, 0.1499999999999985789, -0.2800000000000000266 ) ) ;
#3811 = VERTEX_POINT ( 'NONE', #1129 ) ;
#3812 = SURFACE_STYLE_USAGE ( .BOTH. , #1754 ) ;
#3813 = SURFACE_STYLE_USAGE ( .BOTH. , #457 ) ;
#3814 = ORIENTED_EDGE ( 'NONE', *, *, #6128, .F. ) ;
#3815 = FILL_AREA_STYLE ('',( #1851 ) ) ;
#3816 = STYLED_ITEM ( 'NONE', ( #3210 ), #1208 ) ;
#3817 = STYLED_ITEM ( 'NONE', ( #3758 ), #2228 ) ;
#3818 = MECHANICAL_DESIGN_GEOMETRIC_PRESENTATION_REPRESENTATION (  '', ( #4558 ), #2087 ) ;
#3819 = ORIENTED_EDGE ( 'NONE', *, *, #3754, .F. ) ;
#3820 = ORIENTED_EDGE ( 'NONE', *, *, #1073, .T. ) ;
#3821 = AXIS2_PLACEMENT_3D ( 'NONE', #6036, #584, #5582 ) ;
#3822 = STYLED_ITEM ( 'NONE', ( #776 ), #1631 ) ;
#3823 = CARTESIAN_POINT ( 'NONE',  ( 3.663389877004025697E-17, 0.1499999999999998002, 0.01999999999999994491 ) ) ;
#3824 = STYLED_ITEM ( 'NONE', ( #4227 ), #2763 ) ;
#3825 = EDGE_CURVE ( 'NONE', #3076, #3888, #3130, .T. ) ;
#3826 = PLANE ( 'NONE',  #3296 ) ;
#3827 = ADVANCED_FACE ( 'NONE', ( #3054 ), #3089, .F. ) ;
#3828 = SURFACE_STYLE_FILL_AREA ( #851 ) ;
#3829 = CARTESIAN_POINT ( 'NONE',  ( 0.2499999999999997780, 0.1499999999999997446, 0.01999999999999994491 ) ) ;
#3830 = MECHANICAL_DESIGN_GEOMETRIC_PRESENTATION_REPRESENTATION (  '', ( #2901 ), #4156 ) ;
#3831 = CARTESIAN_POINT ( 'NONE',  ( 0.4999999999999986122, 0.2999999999999996003, 0.4400000000000000577 ) ) ;
#3832 = ORIENTED_EDGE ( 'NONE', *, *, #2390, .F. ) ;
#3833 = EDGE_CURVE ( 'NONE', #162, #5475, #2842, .T. ) ;
#3834 = DIRECTION ( 'NONE',  ( -1.000000000000000000, 0.000000000000000000, 0.000000000000000000 ) ) ;
#3835 = PRESENTATION_STYLE_ASSIGNMENT (( #6303 ) ) ;
#3836 = CARTESIAN_POINT ( 'NONE',  ( -0.2499999999999997780, 0.1499999999999987732, 0.01999999999999994491 ) ) ;
#3837 = DIRECTION ( 'NONE',  ( -1.000000000000000000, 0.000000000000000000, 0.000000000000000000 ) ) ;
#3838 = LINE ( 'NONE', #1522, #3690 ) ;
#3839 = AXIS2_PLACEMENT_3D ( 'NONE', #3738, #1300, #4881 ) ;
#3840 = AXIS2_PLACEMENT_3D ( 'NONE', #4934, #494, #459 ) ;
#3841 = EDGE_LOOP ( 'NONE', ( #5191, #2063, #3442, #3080 ) ) ;
#3842 = DIRECTION ( 'NONE',  ( -0.000000000000000000, -0.000000000000000000, -1.000000000000000000 ) ) ;
#3843 = EDGE_CURVE ( 'NONE', #336, #6317, #2625, .T. ) ;
#3844 = AXIS2_PLACEMENT_3D ( 'NONE', #4786, #4818, #4338 ) ;
#3845 = DIRECTION ( 'NONE',  ( -1.000000000000000000, 0.000000000000000000, 0.000000000000000000 ) ) ;
#3846 =( GEOMETRIC_REPRESENTATION_CONTEXT ( 3 ) GLOBAL_UNCERTAINTY_ASSIGNED_CONTEXT ( ( #619 ) ) GLOBAL_UNIT_ASSIGNED_CONTEXT ( ( #5493, #5081, #3001 ) ) REPRESENTATION_CONTEXT ( 'NONE', 'WORKASPACE' ) );
#3847 = MECHANICAL_DESIGN_GEOMETRIC_PRESENTATION_REPRESENTATION (  '', ( #333 ), #2009 ) ;
#3848 = AXIS2_PLACEMENT_3D ( 'NONE', #4842, #365, #5369 ) ;
#3849 = EDGE_LOOP ( 'NONE', ( #462, #2835, #591, #4780, #5347, #3941, #3260, #495, #379 ) ) ;
#3850 = FILL_AREA_STYLE_COLOUR ( '', #4657 ) ;
#3851 =( NAMED_UNIT ( * ) SI_UNIT ( $, .STERADIAN. ) SOLID_ANGLE_UNIT ( ) );
#3852 = VERTEX_POINT ( 'NONE', #894 ) ;
#3853 = VECTOR ( 'NONE', #6063, 1000.000000000000000 ) ;
#3854 = DIRECTION ( 'NONE',  ( 0.000000000000000000, 0.000000000000000000, 1.000000000000000000 ) ) ;
#3855 = FACE_OUTER_BOUND ( 'NONE', #217, .T. ) ;
#3856 = CYLINDRICAL_SURFACE ( 'NONE', #3806, 0.1400000000000000411 ) ;
#3857 = SURFACE_SIDE_STYLE ('',( #2363 ) ) ;
#3858 = PRESENTATION_LAYER_ASSIGNMENT (  '', '', ( #5855 ) ) ;
#3859 = EDGE_LOOP ( 'NONE', ( #5214, #2139, #2589, #835 ) ) ;
#3860 = DIRECTION ( 'NONE',  ( 0.000000000000000000, 0.000000000000000000, -1.000000000000000000 ) ) ;
#3861 = DIRECTION ( 'NONE',  ( -0.000000000000000000, -0.000000000000000000, -1.000000000000000000 ) ) ;
#3862 = ORIENTED_EDGE ( 'NONE', *, *, #877, .T. ) ;
#3863 = PRESENTATION_STYLE_ASSIGNMENT (( #2846 ) ) ;
#3864 = CARTESIAN_POINT ( 'NONE',  ( -0.5774999999999985700, 0.5999999999999996447, -0.2800000000000000266 ) ) ;
#3865 = DIRECTION ( 'NONE',  ( 1.000000000000000000, 0.000000000000000000, 0.000000000000000000 ) ) ;
#3866 = DIRECTION ( 'NONE',  ( -0.000000000000000000, -0.000000000000000000, 1.000000000000000000 ) ) ;
#3867 = LINE ( 'NONE', #5868, #5939 ) ;
#3868 = PRESENTATION_STYLE_ASSIGNMENT (( #1917 ) ) ;
#3869 = EDGE_CURVE ( 'NONE', #264, #2355, #2275, .T. ) ;
#3870 = FILL_AREA_STYLE_COLOUR ( '', #2768 ) ;
#3871 =( NAMED_UNIT ( * ) SI_UNIT ( $, .STERADIAN. ) SOLID_ANGLE_UNIT ( ) );
#3872 = ORIENTED_EDGE ( 'NONE', *, *, #3373, .T. ) ;
#3873 = SURFACE_STYLE_USAGE ( .BOTH. , #1417 ) ;
#3874 =( NAMED_UNIT ( * ) PLANE_ANGLE_UNIT ( ) SI_UNIT ( $, .RADIAN. ) );
#3875 = PRESENTATION_STYLE_ASSIGNMENT (( #5456 ) ) ;
#3876 = EDGE_CURVE ( 'NONE', #2268, #1536, #1369, .T. ) ;
#3877 = ORIENTED_EDGE ( 'NONE', *, *, #4877, .T. ) ;
#3878 = CARTESIAN_POINT ( 'NONE',  ( -0.2499999999999997780, 0.000000000000000000, 0.01999999999999994491 ) ) ;
#3879 = SURFACE_STYLE_FILL_AREA ( #1930 ) ;
#3880 = CARTESIAN_POINT ( 'NONE',  ( 2.259790532912949344E-16, 0.1499999999999985789, -0.2800000000000000266 ) ) ;
#3881 = ORIENTED_EDGE ( 'NONE', *, *, #6261, .F. ) ;
#3882 = VECTOR ( 'NONE', #1945, 1000.000000000000000 ) ;
#3883 = CARTESIAN_POINT ( 'NONE',  ( 0.5774999999999985700, -0.6000000000000005329, -0.2800000000000000266 ) ) ;
#3884 =( NAMED_UNIT ( * ) PLANE_ANGLE_UNIT ( ) SI_UNIT ( $, .RADIAN. ) );
#3885 = STYLED_ITEM ( 'NONE', ( #4304 ), #10 ) ;
#3886 = VERTEX_POINT ( 'NONE', #3746 ) ;
#3887 = SURFACE_STYLE_FILL_AREA ( #2578 ) ;
#3888 = VERTEX_POINT ( 'NONE', #859 ) ;
#3889 = FILL_AREA_STYLE_COLOUR ( '', #2628 ) ;
#3890 =( LENGTH_UNIT ( ) NAMED_UNIT ( * ) SI_UNIT ( .MILLI., .METRE. ) );
#3891 = DIRECTION ( 'NONE',  ( 0.000000000000000000, -0.000000000000000000, -1.000000000000000000 ) ) ;
#3892 = CARTESIAN_POINT ( 'NONE',  ( 0.7999999999999986011, 0.5999999999999996447, 0.01999999999999994491 ) ) ;
#3893 = VECTOR ( 'NONE', #5577, 1000.000000000000000 ) ;
#3894 = CARTESIAN_POINT ( 'NONE',  ( -0.5050000000000012257, -0.3050000000000004929, 0.5200000000000000178 ) ) ;
#3895 = VECTOR ( 'NONE', #1099, 1000.000000000000000 ) ;
#3896 = FACE_OUTER_BOUND ( 'NONE', #5056, .T. ) ;
#3897 = ORIENTED_EDGE ( 'NONE', *, *, #593, .F. ) ;
#3898 = CARTESIAN_POINT ( 'NONE',  ( 0.2499999999999997780, 0.4939339828220177808, -0.2800000000000000266 ) ) ;
#3899 =( NAMED_UNIT ( * ) SI_UNIT ( $, .STERADIAN. ) SOLID_ANGLE_UNIT ( ) );
#3900 = EDGE_CURVE ( 'NONE', #348, #4816, #857, .T. ) ;
#3901 = DIRECTION ( 'NONE',  ( -0.000000000000000000, -0.000000000000000000, -1.000000000000000000 ) ) ;
#3902 = SURFACE_SIDE_STYLE ('',( #1319 ) ) ;
#3903 = EDGE_CURVE ( 'NONE', #2454, #2776, #1610, .T. ) ;
#3904 = ORIENTED_EDGE ( 'NONE', *, *, #4933, .F. ) ;
#3905 = PRESENTATION_LAYER_ASSIGNMENT (  '', '', ( #4646 ) ) ;
#3906 = CIRCLE ( 'NONE', #819, 0.2225000000000000311 ) ;
#3907 = ORIENTED_EDGE ( 'NONE', *, *, #2729, .F. ) ;
#3908 = CIRCLE ( 'NONE', #4551, 0.1250000000000000000 ) ;
#3909 = VECTOR ( 'NONE', #5866, 1000.000000000000000 ) ;
#3910 = CARTESIAN_POINT ( 'NONE',  ( 0.6999999999999986233, -0.5000000000000004441, 0.4400000000000000577 ) ) ;
#3911 = STYLED_ITEM ( 'NONE', ( #5558 ), #5393 ) ;
#3912 = ADVANCED_FACE ( 'NONE', ( #5278 ), #3703, .T. ) ;
#3913 = PRESENTATION_LAYER_ASSIGNMENT (  '', '', ( #5801 ) ) ;
#3914 = CIRCLE ( 'NONE', #4664, 0.1250000000000000000 ) ;
#3915 = UNCERTAINTY_MEASURE_WITH_UNIT (LENGTH_MEASURE( 1.000000000000000082E-05 ), #1239, 'distance_accuracy_value', 'NONE');
#3916 = AXIS2_PLACEMENT_3D ( 'NONE', #4288, #6126, #324 ) ;
#3917 = PRESENTATION_STYLE_ASSIGNMENT (( #470 ) ) ;
#3919 = EDGE_CURVE ( 'NONE', #417, #4044, #4721, .T. ) ;
#3918 = PRESENTATION_LAYER_ASSIGNMENT (  '', '', ( #6203 ) ) ;
#3920 = CARTESIAN_POINT ( 'NONE',  ( 0.2499999999999997780, 0.1499999999999997446, 0.01999999999999994491 ) ) ;
#3921 = ORIENTED_EDGE ( 'NONE', *, *, #4419, .T. ) ;
#3922 = VERTEX_POINT ( 'NONE', #3773 ) ;
#3923 = FACE_OUTER_BOUND ( 'NONE', #4213, .T. ) ;
#3924 = FACE_OUTER_BOUND ( 'NONE', #1884, .T. ) ;
#3925 = PRESENTATION_STYLE_ASSIGNMENT (( #6361 ) ) ;
#3926 = AXIS2_PLACEMENT_3D ( 'NONE', #5323, #3866, #865 ) ;
#3927 = CARTESIAN_POINT ( 'NONE',  ( -0.6499999999999986899, -0.5999999999999998668, 0.01999999999999994491 ) ) ;
#3928 =( LENGTH_UNIT ( ) NAMED_UNIT ( * ) SI_UNIT ( .MILLI., .METRE. ) );
#3929 = CIRCLE ( 'NONE', #2202, 0.1250000000000000000 ) ;
#3930 = DIRECTION ( 'NONE',  ( -0.000000000000000000, -0.000000000000000000, -1.000000000000000000 ) ) ;
#3931 = DIRECTION ( 'NONE',  ( -1.000000000000000000, 0.000000000000000000, 0.000000000000000000 ) ) ;
#3932 = MECHANICAL_DESIGN_GEOMETRIC_PRESENTATION_REPRESENTATION (  '', ( #3628 ), #4041 ) ;
#3933 =( LENGTH_UNIT ( ) NAMED_UNIT ( * ) SI_UNIT ( .MILLI., .METRE. ) );
#3934 = SURFACE_STYLE_USAGE ( .BOTH. , #2940 ) ;
#3935 = VERTEX_POINT ( 'NONE', #1777 ) ;
#3936 =( NAMED_UNIT ( * ) PLANE_ANGLE_UNIT ( ) SI_UNIT ( $, .RADIAN. ) );
#3937 = LINE ( 'NONE', #96, #3349 ) ;
#3938 =( NAMED_UNIT ( * ) SI_UNIT ( $, .STERADIAN. ) SOLID_ANGLE_UNIT ( ) );
#3939 = CARTESIAN_POINT ( 'NONE',  ( 0.6939339828220163486, -0.1499999999999997446, -0.2800000000000000266 ) ) ;
#3940 =( NAMED_UNIT ( * ) PLANE_ANGLE_UNIT ( ) SI_UNIT ( $, .RADIAN. ) );
#3941 = ORIENTED_EDGE ( 'NONE', *, *, #4673, .F. ) ;
#3942 = CIRCLE ( 'NONE', #1276, 0.2225000000000000311 ) ;
#3943 = ORIENTED_EDGE ( 'NONE', *, *, #4025, .F. ) ;
#3944 = CIRCLE ( 'NONE', #3538, 0.2224999999999998368 ) ;
#3945 = DIRECTION ( 'NONE',  ( -1.000000000000000000, 0.000000000000000000, 0.000000000000000000 ) ) ;
#3946 = DIRECTION ( 'NONE',  ( 0.000000000000000000, 0.000000000000000000, 1.000000000000000000 ) ) ;
#3947 = VERTEX_POINT ( 'NONE', #5740 ) ;
#3948 = AXIS2_PLACEMENT_3D ( 'NONE', #5018, #2954, #990 ) ;
#3949 = STYLED_ITEM ( 'NONE', ( #871 ), #3625 ) ;
#3950 = FILL_AREA_STYLE ('',( #2003 ) ) ;
#3951 = DIRECTION ( 'NONE',  ( 1.000000000000000000, 0.000000000000000000, 0.000000000000000000 ) ) ;
#3952 = SURFACE_STYLE_USAGE ( .BOTH. , #1575 ) ;
#3953 = CARTESIAN_POINT ( 'NONE',  ( 0.6939339828220163486, 0.4044079500593131815, -0.2800000000000000266 ) ) ;
#3954 = SURFACE_SIDE_STYLE ('',( #4849 ) ) ;
#3955 = LINE ( 'NONE', #5956, #173 ) ;
#3956 = AXIS2_PLACEMENT_3D ( 'NONE', #1878, #3390, #6302 ) ;
#3957 = VECTOR ( 'NONE', #1794, 1000.000000000000000 ) ;
#3958 = ADVANCED_FACE ( 'NONE', ( #3257 ), #5244, .F. ) ;
#3959 = CARTESIAN_POINT ( 'NONE',  ( 0.6044079500593121379, -0.4939339828220176698, -0.2800000000000000266 ) ) ;
#3960 = CARTESIAN_POINT ( 'NONE',  ( -0.5000000000000012212, 0.2999999999999996003, 0.2800000000000000266 ) ) ;
#3961 = ORIENTED_EDGE ( 'NONE', *, *, #1489, .T. ) ;
#3962 = CARTESIAN_POINT ( 'NONE',  ( -0.6400000000000012346, -0.3000000000000004885, 0.5050000000000000044 ) ) ;
#3963 =( NAMED_UNIT ( * ) PLANE_ANGLE_UNIT ( ) SI_UNIT ( $, .RADIAN. ) );
#3964 = FACE_OUTER_BOUND ( 'NONE', #751, .T. ) ;
#3965 = COLOUR_RGB ( '',0.2862745098039215508, 0.2862745098039215508, 0.2862745098039215508 ) ;
#3966 = FILL_AREA_STYLE_COLOUR ( '', #2122 ) ;
#3967 = CARTESIAN_POINT ( 'NONE',  ( -0.6939339828220163486, 0.1499999999999996336, 0.01999999999999994491 ) ) ;
#3968 = LINE ( 'NONE', #5482, #3895 ) ;
#3969 = FILL_AREA_STYLE_COLOUR ( '', #2566 ) ;
#3970 = ORIENTED_EDGE ( 'NONE', *, *, #3414, .F. ) ;
#3971 = CARTESIAN_POINT ( 'NONE',  ( -0.7150000000000011902, 0.4999999999999995559, 0.2950000000000000400 ) ) ;
#3972 = FILL_AREA_STYLE_COLOUR ( '', #2596 ) ;
#3973 = SURFACE_SIDE_STYLE ('',( #5455 ) ) ;
#3974 = VERTEX_POINT ( 'NONE', #919 ) ;
#3975 = CARTESIAN_POINT ( 'NONE',  ( -0.8000000000000012657, -0.6000000000000005329, -0.2800000000000000266 ) ) ;
#3976 = UNCERTAINTY_MEASURE_WITH_UNIT (LENGTH_MEASURE( 1.000000000000000082E-05 ), #1599, 'distance_accuracy_value', 'NONE');
#3977 = ORIENTED_EDGE ( 'NONE', *, *, #2508, .T. ) ;
#3978 = FILL_AREA_STYLE_COLOUR ( '', #12 ) ;
#3979 = CYLINDRICAL_SURFACE ( 'NONE', #1505, 0.1999999999999999833 ) ;
#3980 =( LENGTH_UNIT ( ) NAMED_UNIT ( * ) SI_UNIT ( .MILLI., .METRE. ) );
#3981 = VERTEX_POINT ( 'NONE', #2987 ) ;
#3982 = EDGE_CURVE ( 'NONE', #2271, #5426, #2435, .T. ) ;
#3983 = FILL_AREA_STYLE ('',( #2547 ) ) ;
#3984 = LINE ( 'NONE', #2109, #2885 ) ;
#3985 = EDGE_CURVE ( 'NONE', #1018, #3756, #866, .T. ) ;
#3986 = PLANE ( 'NONE',  #4578 ) ;
#3987 =( LENGTH_UNIT ( ) NAMED_UNIT ( * ) SI_UNIT ( .MILLI., .METRE. ) );
#3988 = ORIENTED_EDGE ( 'NONE', *, *, #3993, .F. ) ;
#3989 = UNCERTAINTY_MEASURE_WITH_UNIT (LENGTH_MEASURE( 1.000000000000000082E-05 ), #4573, 'distance_accuracy_value', 'NONE');
#3990 =( NAMED_UNIT ( * ) PLANE_ANGLE_UNIT ( ) SI_UNIT ( $, .RADIAN. ) );
#3991 = PLANE ( 'NONE',  #685 ) ;
#3992 =( LENGTH_UNIT ( ) NAMED_UNIT ( * ) SI_UNIT ( .MILLI., .METRE. ) );
#3993 = EDGE_CURVE ( 'NONE', #3378, #3222, #4978, .T. ) ;
#3994 = VECTOR ( 'NONE', #5684, 1000.000000000000000 ) ;
#3995 = FILL_AREA_STYLE_COLOUR ( '', #701 ) ;
#3996 =( LENGTH_UNIT ( ) NAMED_UNIT ( * ) SI_UNIT ( .MILLI., .METRE. ) );
#3997 = VERTEX_POINT ( 'NONE', #5930 ) ;
#3998 = LINE ( 'NONE', #4448, #4466 ) ;
#3999 = DIRECTION ( 'NONE',  ( -0.000000000000000000, -0.000000000000000000, -1.000000000000000000 ) ) ;
#4000 =( GEOMETRIC_REPRESENTATION_CONTEXT ( 3 ) GLOBAL_UNCERTAINTY_ASSIGNED_CONTEXT ( ( #4834 ) ) GLOBAL_UNIT_ASSIGNED_CONTEXT ( ( #1100, #2587, #3701 ) ) REPRESENTATION_CONTEXT ( 'NONE', 'WORKASPACE' ) );
#4001 = PLANE ( 'NONE',  #5835 ) ;
#4002 = ORIENTED_EDGE ( 'NONE', *, *, #3214, .T. ) ;
#4003 = SURFACE_STYLE_USAGE ( .BOTH. , #77 ) ;
#4004 = MECHANICAL_DESIGN_GEOMETRIC_PRESENTATION_REPRESENTATION (  '', ( #2374 ), #3804 ) ;
#4005 = EDGE_LOOP ( 'NONE', ( #603, #428, #6055, #1118 ) ) ;
#4006 = FILL_AREA_STYLE_COLOUR ( '', #1144 ) ;
#4007 = PRESENTATION_STYLE_ASSIGNMENT (( #3009 ) ) ;
#4008 =( NAMED_UNIT ( * ) SI_UNIT ( $, .STERADIAN. ) SOLID_ANGLE_UNIT ( ) );
#4009 = AXIS2_PLACEMENT_3D ( 'NONE', #2938, #1950, #6305 ) ;
#4010 = VECTOR ( 'NONE', #2667, 1000.000000000000000 ) ;
#4011 = PRESENTATION_LAYER_ASSIGNMENT (  '', '', ( #4457 ) ) ;
#4012 = PRESENTATION_LAYER_ASSIGNMENT (  '', '', ( #402 ) ) ;
#4013 = DIRECTION ( 'NONE',  ( -1.000000000000000000, 0.000000000000000000, 0.000000000000000000 ) ) ;
#4014 =( NAMED_UNIT ( * ) PLANE_ANGLE_UNIT ( ) SI_UNIT ( $, .RADIAN. ) );
#4015 = PRESENTATION_LAYER_ASSIGNMENT (  '', '', ( #6200 ) ) ;
#4016 = EDGE_CURVE ( 'NONE', #6357, #4027, #4184, .T. ) ;
#4017 = DIRECTION ( 'NONE',  ( 0.000000000000000000, 0.000000000000000000, -1.000000000000000000 ) ) ;
#4018 = VECTOR ( 'NONE', #5683, 1000.000000000000000 ) ;
#4019 = EDGE_CURVE ( 'NONE', #3620, #3935, #2529, .T. ) ;
#4020 = CARTESIAN_POINT ( 'NONE',  ( 3.663389877004025697E-17, 0.1499999999999998002, 0.01999999999999994491 ) ) ;
#4021 = FILL_AREA_STYLE_COLOUR ( '', #4985 ) ;
#4022 = PLANE ( 'NONE',  #5631 ) ;
#4023 = AXIS2_PLACEMENT_3D ( 'NONE', #2509, #2968, #1563 ) ;
#4024 = EDGE_CURVE ( 'NONE', #1049, #102, #2928, .T. ) ;
#4025 = EDGE_CURVE ( 'NONE', #2056, #438, #1086, .T. ) ;
#4026 = AXIS2_PLACEMENT_3D ( 'NONE', #133, #4502, #1041 ) ;
#4027 = VERTEX_POINT ( 'NONE', #2404 ) ;
#4028 = PRESENTATION_STYLE_ASSIGNMENT (( #1038 ) ) ;
#4029 = DIRECTION ( 'NONE',  ( -1.000000000000000000, 0.000000000000000000, 0.000000000000000000 ) ) ;
#4030 = DIRECTION ( 'NONE',  ( 1.000000000000000000, 0.000000000000000000, 0.000000000000000000 ) ) ;
#4031 = DIRECTION ( 'NONE',  ( -1.000000000000000000, 0.000000000000000000, -0.000000000000000000 ) ) ;
#4032 = MECHANICAL_DESIGN_GEOMETRIC_PRESENTATION_REPRESENTATION (  '', ( #20 ), #3426 ) ;
#4033 = LINE ( 'NONE', #5611, #3291 ) ;
#4034 = MECHANICAL_DESIGN_GEOMETRIC_PRESENTATION_REPRESENTATION (  '', ( #4370 ), #942 ) ;
#4035 = UNCERTAINTY_MEASURE_WITH_UNIT (LENGTH_MEASURE( 1.000000000000000082E-05 ), #1859, 'distance_accuracy_value', 'NONE');
#4036 = EDGE_CURVE ( 'NONE', #3997, #3299, #4373, .T. ) ;
#4037 = ORIENTED_EDGE ( 'NONE', *, *, #4100, .T. ) ;
#4038 =( LENGTH_UNIT ( ) NAMED_UNIT ( * ) SI_UNIT ( .MILLI., .METRE. ) );
#4039 = ORIENTED_EDGE ( 'NONE', *, *, #3843, .T. ) ;
#4040 = CARTESIAN_POINT ( 'NONE',  ( -0.7999999999999986011, 0.000000000000000000, 0.01999999999999994491 ) ) ;
#4041 =( GEOMETRIC_REPRESENTATION_CONTEXT ( 3 ) GLOBAL_UNCERTAINTY_ASSIGNED_CONTEXT ( ( #504 ) ) GLOBAL_UNIT_ASSIGNED_CONTEXT ( ( #3928, #4927, #5935 ) ) REPRESENTATION_CONTEXT ( 'NONE', 'WORKASPACE' ) );
#4042 = CARTESIAN_POINT ( 'NONE',  ( 0.6249999999999985567, -0.3000000000000004885, 0.5200000000000000178 ) ) ;
#4043 = ORIENTED_EDGE ( 'NONE', *, *, #2381, .T. ) ;
#4044 = VERTEX_POINT ( 'NONE', #2043 ) ;
#4045 =( NAMED_UNIT ( * ) PLANE_ANGLE_UNIT ( ) SI_UNIT ( $, .RADIAN. ) );
#4046 = AXIS2_PLACEMENT_3D ( 'NONE', #2493, #1544, #473 ) ;
#4047 = AXIS2_PLACEMENT_3D ( 'NONE', #2220, #2313, #3166 ) ;
#4048 = FACE_OUTER_BOUND ( 'NONE', #663, .T. ) ;
#4049 = DIRECTION ( 'NONE',  ( -1.000000000000000000, 0.000000000000000000, 0.000000000000000000 ) ) ;
#4050 = SURFACE_SIDE_STYLE ('',( #3507 ) ) ;
#4051 = VECTOR ( 'NONE', #5318, 1000.000000000000000 ) ;
#4052 = DIRECTION ( 'NONE',  ( -0.000000000000000000, 0.000000000000000000, -1.000000000000000000 ) ) ;
#4053 = EDGE_LOOP ( 'NONE', ( #1781, #4397, #5461, #6292 ) ) ;
#4054 = LINE ( 'NONE', #2573, #5929 ) ;
#4055 =( GEOMETRIC_REPRESENTATION_CONTEXT ( 3 ) GLOBAL_UNCERTAINTY_ASSIGNED_CONTEXT ( ( #2690 ) ) GLOBAL_UNIT_ASSIGNED_CONTEXT ( ( #2531, #581, #4528 ) ) REPRESENTATION_CONTEXT ( 'NONE', 'WORKASPACE' ) );
#4056 = CIRCLE ( 'NONE', #3644, 0.1400000000000000411 ) ;
#4057 = UNCERTAINTY_MEASURE_WITH_UNIT (LENGTH_MEASURE( 1.000000000000000082E-05 ), #4423, 'distance_accuracy_value', 'NONE');
#4058 =( LENGTH_UNIT ( ) NAMED_UNIT ( * ) SI_UNIT ( .MILLI., .METRE. ) );
#4059 = PRESENTATION_LAYER_ASSIGNMENT (  '', '', ( #5633 ) ) ;
#4060 = CARTESIAN_POINT ( 'NONE',  ( 0.000000000000000000, -0.5999999999999998668, -0.2800000000000000266 ) ) ;
#4061 = CYLINDRICAL_SURFACE ( 'NONE', #4983, 0.01500000000000003934 ) ;
#4062 = CARTESIAN_POINT ( 'NONE',  ( -0.8000000000000012657, -0.6000000000000005329, -0.2810000000000000275 ) ) ;
#4063 =( LENGTH_UNIT ( ) NAMED_UNIT ( * ) SI_UNIT ( .MILLI., .METRE. ) );
#4064 = EDGE_CURVE ( 'NONE', #4302, #1108, #2735, .T. ) ;
#4065 = COLOUR_RGB ( '',0.8627450980392157298, 0.6274509803921568540, 0.05882352941176470507 ) ;
#4066 = CARTESIAN_POINT ( 'NONE',  ( 0.4999999999999983902, -0.4400000000000004463, 0.5050000000000000044 ) ) ;
#4067 = LINE ( 'NONE', #703, #3028 ) ;
#4068 = ORIENTED_EDGE ( 'NONE', *, *, #3754, .T. ) ;
#4069 = DIRECTION ( 'NONE',  ( 1.000000000000000000, -2.442259918002687003E-16, 0.000000000000000000 ) ) ;
#4070 = DIRECTION ( 'NONE',  ( -1.000000000000000000, 2.777506689063988540E-14, 0.000000000000000000 ) ) ;
#4071 = FILL_AREA_STYLE ('',( #526 ) ) ;
#4072 = EDGE_CURVE ( 'NONE', #417, #2925, #2023, .T. ) ;
#4073 = AXIS2_PLACEMENT_3D ( 'NONE', #2417, #5755, #5875 ) ;
#4074 = ORIENTED_EDGE ( 'NONE', *, *, #4709, .T. ) ;
#4075 = DIRECTION ( 'NONE',  ( -0.000000000000000000, -0.000000000000000000, -1.000000000000000000 ) ) ;
#4076 = FILL_AREA_STYLE ('',( #4546 ) ) ;
#4077 =( NAMED_UNIT ( * ) PLANE_ANGLE_UNIT ( ) SI_UNIT ( $, .RADIAN. ) );
#4078 = ORIENTED_EDGE ( 'NONE', *, *, #2698, .F. ) ;
#4079 = LINE ( 'NONE', #3635, #1035 ) ;
#4080 = ADVANCED_FACE ( 'NONE', ( #3924 ), #960, .F. ) ;
#4081 = DIRECTION ( 'NONE',  ( 0.000000000000000000, 0.000000000000000000, 1.000000000000000000 ) ) ;
#4082 = DIRECTION ( 'NONE',  ( 0.000000000000000000, -1.000000000000000000, 0.000000000000000000 ) ) ;
#4083 = FILL_AREA_STYLE ('',( #2669 ) ) ;
#4084 = CARTESIAN_POINT ( 'NONE',  ( -0.5000000000000011102, 0.4999999999999995559, 0.4250000000000000999 ) ) ;
#4085 = ORIENTED_EDGE ( 'NONE', *, *, #2891, .T. ) ;
#4086 = LINE ( 'NONE', #3119, #3167 ) ;
#4087 = CARTESIAN_POINT ( 'NONE',  ( -3.022078354339549274E-16, 0.4939339828220178918, 0.01999999999999994491 ) ) ;
#4088 = SURFACE_STYLE_FILL_AREA ( #4655 ) ;
#4089 = VECTOR ( 'NONE', #1620, 1000.000000000000000 ) ;
#4090 = CARTESIAN_POINT ( 'NONE',  ( 0.6549999999999986944, 0.2999999999999996003, 0.4400000000000000577 ) ) ;
#4091 = EDGE_CURVE ( 'NONE', #1536, #4186, #3146, .T. ) ;
#4092 =( LENGTH_UNIT ( ) NAMED_UNIT ( * ) SI_UNIT ( .MILLI., .METRE. ) );
#4093 = VERTEX_POINT ( 'NONE', #1705 ) ;
#4094 = SURFACE_SIDE_STYLE ('',( #2652 ) ) ;
#4095 = CARTESIAN_POINT ( 'NONE',  ( -0.5000000000000012212, -0.3000000000000004885, 0.2800000000000000266 ) ) ;
#4096 = SURFACE_STYLE_FILL_AREA ( #5671 ) ;
#4097 = LINE ( 'NONE', #75, #6130 ) ;
#4098 = DIRECTION ( 'NONE',  ( 0.000000000000000000, 0.000000000000000000, -1.000000000000000000 ) ) ;
#4099 = UNCERTAINTY_MEASURE_WITH_UNIT (LENGTH_MEASURE( 1.000000000000000082E-05 ), #6022, 'distance_accuracy_value', 'NONE');
#4100 = EDGE_CURVE ( 'NONE', #954, #348, #3631, .T. ) ;
#4101 = ORIENTED_EDGE ( 'NONE', *, *, #5957, .T. ) ;
#4102 = ORIENTED_EDGE ( 'NONE', *, *, #2331, .F. ) ;
#4103 = EDGE_CURVE ( 'NONE', #1426, #311, #2131, .T. ) ;
#4104 = CARTESIAN_POINT ( 'NONE',  ( -0.5000000000000012212, -0.5150000000000004574, 0.2950000000000000400 ) ) ;
#4105 = DIRECTION ( 'NONE',  ( 0.000000000000000000, 0.000000000000000000, -1.000000000000000000 ) ) ;
#4106 = ORIENTED_EDGE ( 'NONE', *, *, #2427, .T. ) ;
#4107 = AXIS2_PLACEMENT_3D ( 'NONE', #5209, #3190, #6114 ) ;
#4108 = ADVANCED_FACE ( 'NONE', ( #1251 ), #2259, .F. ) ;
#4109 =( NAMED_UNIT ( * ) SI_UNIT ( $, .STERADIAN. ) SOLID_ANGLE_UNIT ( ) );
#4110 = EDGE_CURVE ( 'NONE', #3922, #3255, #2756, .T. ) ;
#4111 = CARTESIAN_POINT ( 'NONE',  ( 0.000000000000000000, -0.5999999999999998668, -0.2800000000000000266 ) ) ;
#4112 = VECTOR ( 'NONE', #3097, 1000.000000000000000 ) ;
#4113 = ORIENTED_EDGE ( 'NONE', *, *, #684, .T. ) ;
#4114 = SURFACE_STYLE_FILL_AREA ( #5511 ) ;
#4115 = VERTEX_POINT ( 'NONE', #762 ) ;
#4116 =( LENGTH_UNIT ( ) NAMED_UNIT ( * ) SI_UNIT ( .MILLI., .METRE. ) );
#4117 = COLOUR_RGB ( '',0.8039215686274510109, 0.8039215686274510109, 0.8039215686274510109 ) ;
#4118 = PRESENTATION_LAYER_ASSIGNMENT (  '', '', ( #1023 ) ) ;
#4119 = UNCERTAINTY_MEASURE_WITH_UNIT (LENGTH_MEASURE( 1.000000000000000082E-05 ), #2326, 'distance_accuracy_value', 'NONE');
#4120 = DIRECTION ( 'NONE',  ( 0.000000000000000000, 0.000000000000000000, -1.000000000000000000 ) ) ;
#4121 = EDGE_CURVE ( 'NONE', #311, #745, #4733, .T. ) ;
#4122 = STYLED_ITEM ( 'NONE', ( #1824 ), #1951 ) ;
#4123 = ORIENTED_EDGE ( 'NONE', *, *, #191, .F. ) ;
#4124 = DIRECTION ( 'NONE',  ( 0.000000000000000000, 0.000000000000000000, -1.000000000000000000 ) ) ;
#4125 =( GEOMETRIC_REPRESENTATION_CONTEXT ( 3 ) GLOBAL_UNCERTAINTY_ASSIGNED_CONTEXT ( ( #5227 ) ) GLOBAL_UNIT_ASSIGNED_CONTEXT ( ( #1087, #4515, #5008 ) ) REPRESENTATION_CONTEXT ( 'NONE', 'WORKASPACE' ) );
#4126 = CARTESIAN_POINT ( 'NONE',  ( 0.2499999999999997780, -0.1499999999999997446, 0.01999999999999994491 ) ) ;
#4127 = STYLED_ITEM ( 'NONE', ( #5304 ), #5266 ) ;
#4128 = ORIENTED_EDGE ( 'NONE', *, *, #5759, .F. ) ;
#4129 = DIRECTION ( 'NONE',  ( 1.000000000000000000, 0.000000000000000000, 0.000000000000000000 ) ) ;
#4130 = DIRECTION ( 'NONE',  ( -1.000000000000000000, 0.000000000000000000, 0.000000000000000000 ) ) ;
#4131 = AXIS2_PLACEMENT_3D ( 'NONE', #2102, #1011, #1608 ) ;
#4132 = CIRCLE ( 'NONE', #1359, 0.1999999999999999833 ) ;
#4133 = CARTESIAN_POINT ( 'NONE',  ( -0.7999999999999986011, -0.4500000000000002887, 0.01999999999999994491 ) ) ;
#4134 = VERTEX_POINT ( 'NONE', #2733 ) ;
#4135 = SURFACE_STYLE_USAGE ( .BOTH. , #154 ) ;
#4136 = ORIENTED_EDGE ( 'NONE', *, *, #5676, .T. ) ;
#4137 = LINE ( 'NONE', #1202, #6295 ) ;
#4138 = DIRECTION ( 'NONE',  ( 6.118385167737106238E-16, -1.000000000000000000, 0.000000000000000000 ) ) ;
#4139 = PRESENTATION_STYLE_ASSIGNMENT (( #5117 ) ) ;
#4140 = ORIENTED_EDGE ( 'NONE', *, *, #1987, .T. ) ;
#4141 =( LENGTH_UNIT ( ) NAMED_UNIT ( * ) SI_UNIT ( .MILLI., .METRE. ) );
#4142 = VECTOR ( 'NONE', #2819, 1000.000000000000000 ) ;
#4143 = CARTESIAN_POINT ( 'NONE',  ( -0.6500000000000011324, -0.6000000000000005329, 0.01999999999999994491 ) ) ;
#4144 = AXIS2_PLACEMENT_3D ( 'NONE', #3971, #5969, #2997 ) ;
#4145 = ORIENTED_EDGE ( 'NONE', *, *, #4574, .T. ) ;
#4146 = FILL_AREA_STYLE ('',( #5055 ) ) ;
#4147 = VERTEX_POINT ( 'NONE', #2293 ) ;
#4148 = DIRECTION ( 'NONE',  ( 0.000000000000000000, -1.000000000000000000, 0.000000000000000000 ) ) ;
#4149 = CARTESIAN_POINT ( 'NONE',  ( -0.6939339828220163486, 0.000000000000000000, 0.01999999999999994491 ) ) ;
#4150 = VECTOR ( 'NONE', #4278, 1000.000000000000000 ) ;
#4151 = CIRCLE ( 'NONE', #1996, 0.2224999999999998368 ) ;
#4152 = EDGE_CURVE ( 'NONE', #3206, #3140, #1707, .T. ) ;
#4153 = FILL_AREA_STYLE_COLOUR ( '', #2478 ) ;
#4154 = COLOUR_RGB ( '',0.2862745098039215508, 0.2862745098039215508, 0.2862745098039215508 ) ;
#4155 = FILL_AREA_STYLE_COLOUR ( '', #5167 ) ;
#4156 =( GEOMETRIC_REPRESENTATION_CONTEXT ( 3 ) GLOBAL_UNCERTAINTY_ASSIGNED_CONTEXT ( ( #1602 ) ) GLOBAL_UNIT_ASSIGNED_CONTEXT ( ( #4200, #175, #1223 ) ) REPRESENTATION_CONTEXT ( 'NONE', 'WORKASPACE' ) );
#4157 = LINE ( 'NONE', #3725, #9 ) ;
#4158 = CYLINDRICAL_SURFACE ( 'NONE', #2979, 0.06000000000000026840 ) ;
#4159 = EDGE_LOOP ( 'NONE', ( #3360, #4221, #2781, #1728, #207, #6300, #5901, #741 ) ) ;
#4160 =( LENGTH_UNIT ( ) NAMED_UNIT ( * ) SI_UNIT ( .MILLI., .METRE. ) );
#4161 = CARTESIAN_POINT ( 'NONE',  ( 0.7999999999999986011, -0.6000000000000005329, -0.2810000000000000275 ) ) ;
#4162 = AXIS2_PLACEMENT_3D ( 'NONE', #6195, #1351, #5823 ) ;
#4163 = EDGE_CURVE ( 'NONE', #3852, #2960, #6226, .T. ) ;
#4164 = STYLED_ITEM ( 'NONE', ( #2759 ), #6064 ) ;
#4165 = FILL_AREA_STYLE_COLOUR ( '', #5821 ) ;
#4166 = FILL_AREA_STYLE_COLOUR ( '', #1478 ) ;
#4167 = ORIENTED_EDGE ( 'NONE', *, *, #3070, .F. ) ;
#4168 = EDGE_CURVE ( 'NONE', #2065, #3657, #6165, .T. ) ;
#4169 = PRESENTATION_LAYER_ASSIGNMENT (  '', '', ( #2324 ) ) ;
#4170 = VECTOR ( 'NONE', #5828, 1000.000000000000000 ) ;
#4171 = LINE ( 'NONE', #5639, #5889 ) ;
#4172 = CARTESIAN_POINT ( 'NONE',  ( -0.5000000000000011102, 0.5149999999999995692, 0.2800000000000000266 ) ) ;
#4173 = ORIENTED_EDGE ( 'NONE', *, *, #475, .F. ) ;
#4174 = SURFACE_STYLE_USAGE ( .BOTH. , #1166 ) ;
#4175 = DIRECTION ( 'NONE',  ( 1.000000000000000000, -0.000000000000000000, -0.000000000000000000 ) ) ;
#4176 = CARTESIAN_POINT ( 'NONE',  ( -0.2499999999999997780, 0.000000000000000000, 0.01999999999999994491 ) ) ;
#4177 = MECHANICAL_DESIGN_GEOMETRIC_PRESENTATION_REPRESENTATION (  '', ( #4910 ), #5010 ) ;
#4178 = EDGE_LOOP ( 'NONE', ( #1070, #1080, #5415, #4625 ) ) ;
#4179 = CARTESIAN_POINT ( 'NONE',  ( 0.6399999999999986811, -0.3000000000000004885, 0.4550000000000000711 ) ) ;
#4180 =( NAMED_UNIT ( * ) SI_UNIT ( $, .STERADIAN. ) SOLID_ANGLE_UNIT ( ) );
#4181 =( NAMED_UNIT ( * ) PLANE_ANGLE_UNIT ( ) SI_UNIT ( $, .RADIAN. ) );
#4182 = CIRCLE ( 'NONE', #3133, 0.2150000000000000244 ) ;
#4183 = UNCERTAINTY_MEASURE_WITH_UNIT (LENGTH_MEASURE( 1.000000000000000082E-05 ), #5095, 'distance_accuracy_value', 'NONE');
#4184 = CIRCLE ( 'NONE', #2433, 0.01499999999999998557 ) ;
#4185 = CARTESIAN_POINT ( 'NONE',  ( 0.000000000000000000, -0.4850000000000004863, 0.4250000000000000999 ) ) ;
#4186 = VERTEX_POINT ( 'NONE', #261 ) ;
#4187 =( NAMED_UNIT ( * ) PLANE_ANGLE_UNIT ( ) SI_UNIT ( $, .RADIAN. ) );
#4188 = DIRECTION ( 'NONE',  ( -1.000000000000000000, -0.000000000000000000, -0.000000000000000000 ) ) ;
#4189 = CARTESIAN_POINT ( 'NONE',  ( 0.7999999999999986011, 0.5999999999999996447, 0.01999999999999994491 ) ) ;
#4190 = CARTESIAN_POINT ( 'NONE',  ( 0.000000000000000000, 0.5999999999999996447, 0.01999999999999994491 ) ) ;
#4191 = DIRECTION ( 'NONE',  ( 0.000000000000000000, -1.000000000000000000, 0.000000000000000000 ) ) ;
#4192 = CARTESIAN_POINT ( 'NONE',  ( 0.2499999999999997780, 0.000000000000000000, -0.2800000000000000266 ) ) ;
#4193 = EDGE_CURVE ( 'NONE', #5407, #2021, #1317, .T. ) ;
#4194 = LINE ( 'NONE', #458, #6297 ) ;
#4195 = CARTESIAN_POINT ( 'NONE',  ( 0.6939339828220163486, 0.1499999999999996336, -0.2800000000000000266 ) ) ;
#4196 = UNCERTAINTY_MEASURE_WITH_UNIT (LENGTH_MEASURE( 1.000000000000000082E-05 ), #3996, 'distance_accuracy_value', 'NONE');
#4197 = EDGE_CURVE ( 'NONE', #6159, #1327, #464, .T. ) ;
#4198 = CARTESIAN_POINT ( 'NONE',  ( -0.2499999999999997780, -0.4500000000000007327, 0.01999999999999994491 ) ) ;
#4199 = EDGE_CURVE ( 'NONE', #913, #5204, #6315, .T. ) ;
#4200 =( LENGTH_UNIT ( ) NAMED_UNIT ( * ) SI_UNIT ( .MILLI., .METRE. ) );
#4201 = DIRECTION ( 'NONE',  ( 0.000000000000000000, 0.000000000000000000, -1.000000000000000000 ) ) ;
#4202 = DIRECTION ( 'NONE',  ( -0.000000000000000000, -0.000000000000000000, -1.000000000000000000 ) ) ;
#4203 = DIRECTION ( 'NONE',  ( -0.000000000000000000, -0.000000000000000000, -1.000000000000000000 ) ) ;
#4204 =( NAMED_UNIT ( * ) SI_UNIT ( $, .STERADIAN. ) SOLID_ANGLE_UNIT ( ) );
#4205 = ORIENTED_EDGE ( 'NONE', *, *, #3565, .F. ) ;
#4206 =( LENGTH_UNIT ( ) NAMED_UNIT ( * ) SI_UNIT ( .MILLI., .METRE. ) );
#4207 =( LENGTH_UNIT ( ) NAMED_UNIT ( * ) SI_UNIT ( .MILLI., .METRE. ) );
#4208 = EDGE_CURVE ( 'NONE', #4504, #1898, #4872, .T. ) ;
#4209 = ORIENTED_EDGE ( 'NONE', *, *, #5626, .F. ) ;
#4210 = DIRECTION ( 'NONE',  ( -0.000000000000000000, -0.000000000000000000, -1.000000000000000000 ) ) ;
#4211 = FILL_AREA_STYLE ('',( #1205 ) ) ;
#4212 =( LENGTH_UNIT ( ) NAMED_UNIT ( * ) SI_UNIT ( .MILLI., .METRE. ) );
#4213 = EDGE_LOOP ( 'NONE', ( #6151, #2255, #2982, #5235 ) ) ;
#4214 = DIRECTION ( 'NONE',  ( -1.000000000000000000, 0.000000000000000000, 0.000000000000000000 ) ) ;
#4215 =( LENGTH_UNIT ( ) NAMED_UNIT ( * ) SI_UNIT ( .MILLI., .METRE. ) );
#4216 = VECTOR ( 'NONE', #370, 1000.000000000000000 ) ;
#4217 = DIRECTION ( 'NONE',  ( 0.000000000000000000, 0.000000000000000000, 1.000000000000000000 ) ) ;
#4218 = ORIENTED_EDGE ( 'NONE', *, *, #267, .T. ) ;
#4219 = DIRECTION ( 'NONE',  ( 0.000000000000000000, 0.000000000000000000, -1.000000000000000000 ) ) ;
#4220 = PLANE ( 'NONE',  #2582 ) ;
#4221 = ORIENTED_EDGE ( 'NONE', *, *, #1355, .T. ) ;
#4222 = AXIS2_PLACEMENT_3D ( 'NONE', #3672, #5110, #668 ) ;
#4223 = SURFACE_STYLE_FILL_AREA ( #5233 ) ;
#4224 = AXIS2_PLACEMENT_3D ( 'NONE', #46, #5084, #3618 ) ;
#4225 = DIRECTION ( 'NONE',  ( -0.000000000000000000, -0.000000000000000000, 1.000000000000000000 ) ) ;
#4226 =( NAMED_UNIT ( * ) SI_UNIT ( $, .STERADIAN. ) SOLID_ANGLE_UNIT ( ) );
#4227 = PRESENTATION_STYLE_ASSIGNMENT (( #4620 ) ) ;
#4228 = VERTEX_POINT ( 'NONE', #3308 ) ;
#4229 = STYLED_ITEM ( 'NONE', ( #3868 ), #984 ) ;
#4230 = CIRCLE ( 'NONE', #1547, 0.01500000000000003934 ) ;
#4231 = FILL_AREA_STYLE_COLOUR ( '', #598 ) ;
#4232 = EDGE_CURVE ( 'NONE', #5468, #2419, #2335, .T. ) ;
#4233 =( GEOMETRIC_REPRESENTATION_CONTEXT ( 3 ) GLOBAL_UNCERTAINTY_ASSIGNED_CONTEXT ( ( #4245 ) ) GLOBAL_UNIT_ASSIGNED_CONTEXT ( ( #1407, #3259, #2868 ) ) REPRESENTATION_CONTEXT ( 'NONE', 'WORKASPACE' ) );
#4234 = DIRECTION ( 'NONE',  ( 0.000000000000000000, 0.000000000000000000, -1.000000000000000000 ) ) ;
#4235 =( GEOMETRIC_REPRESENTATION_CONTEXT ( 3 ) GLOBAL_UNCERTAINTY_ASSIGNED_CONTEXT ( ( #4962 ) ) GLOBAL_UNIT_ASSIGNED_CONTEXT ( ( #5984, #723, #5653 ) ) REPRESENTATION_CONTEXT ( 'NONE', 'WORKASPACE' ) );
#4236 = DIRECTION ( 'NONE',  ( 1.000000000000000000, 0.000000000000000000, 0.000000000000000000 ) ) ;
#4237 = ORIENTED_EDGE ( 'NONE', *, *, #3448, .T. ) ;
#4238 =( NAMED_UNIT ( * ) PLANE_ANGLE_UNIT ( ) SI_UNIT ( $, .RADIAN. ) );
#4239 =( LENGTH_UNIT ( ) NAMED_UNIT ( * ) SI_UNIT ( .MILLI., .METRE. ) );
#4240 = DIRECTION ( 'NONE',  ( 0.000000000000000000, 0.000000000000000000, 1.000000000000000000 ) ) ;
#4241 =( NAMED_UNIT ( * ) PLANE_ANGLE_UNIT ( ) SI_UNIT ( $, .RADIAN. ) );
#4242 = AXIS2_PLACEMENT_3D ( 'NONE', #5918, #2000, #941 ) ;
#4243 = AXIS2_PLACEMENT_3D ( 'NONE', #2224, #3236, #1729 ) ;
#4244 = ADVANCED_FACE ( 'NONE', ( #882 ), #5854, .F. ) ;
#4245 = UNCERTAINTY_MEASURE_WITH_UNIT (LENGTH_MEASURE( 1.000000000000000082E-05 ), #1407, 'distance_accuracy_value', 'NONE');
#4246 = ORIENTED_EDGE ( 'NONE', *, *, #2742, .T. ) ;
#4247 = CARTESIAN_POINT ( 'NONE',  ( 0.7999999999999986011, -0.6000000000000005329, -0.2800000000000000266 ) ) ;
#4248 =( GEOMETRIC_REPRESENTATION_CONTEXT ( 3 ) GLOBAL_UNCERTAINTY_ASSIGNED_CONTEXT ( ( #1940 ) ) GLOBAL_UNIT_ASSIGNED_CONTEXT ( ( #3173, #717, #2227 ) ) REPRESENTATION_CONTEXT ( 'NONE', 'WORKASPACE' ) );
#4249 = DIRECTION ( 'NONE',  ( 1.000000000000000000, 0.000000000000000000, 0.000000000000000000 ) ) ;
#4250 = MECHANICAL_DESIGN_GEOMETRIC_PRESENTATION_REPRESENTATION (  '', ( #3719 ), #3617 ) ;
#4251 = FACE_OUTER_BOUND ( 'NONE', #5048, .T. ) ;
#4252 = ADVANCED_FACE ( 'NONE', ( #4769 ), #3342, .F. ) ;
#4253 = UNCERTAINTY_MEASURE_WITH_UNIT (LENGTH_MEASURE( 1.000000000000000082E-05 ), #6041, 'distance_accuracy_value', 'NONE');
#4254 = DIRECTION ( 'NONE',  ( -0.000000000000000000, -0.000000000000000000, -1.000000000000000000 ) ) ;
#4255 = COLOUR_RGB ( '',0.2862745098039215508, 0.2862745098039215508, 0.2862745098039215508 ) ;
#4256 = DIRECTION ( 'NONE',  ( 0.000000000000000000, 0.000000000000000000, 1.000000000000000000 ) ) ;
#4257 = MECHANICAL_DESIGN_GEOMETRIC_PRESENTATION_REPRESENTATION (  '', ( #4365 ), #5922 ) ;
#4258 = LINE ( 'NONE', #4707, #1454 ) ;
#4259 = VERTEX_POINT ( 'NONE', #2386 ) ;
#4260 = EDGE_LOOP ( 'NONE', ( #3877, #3021, #775, #2461 ) ) ;
#4261 =( NAMED_UNIT ( * ) PLANE_ANGLE_UNIT ( ) SI_UNIT ( $, .RADIAN. ) );
#4262 = MECHANICAL_DESIGN_GEOMETRIC_PRESENTATION_REPRESENTATION (  '', ( #3218 ), #1577 ) ;
#4263 = MECHANICAL_DESIGN_GEOMETRIC_PRESENTATION_REPRESENTATION (  '', ( #2413 ), #427 ) ;
#4264 = SURFACE_SIDE_STYLE ('',( #3279 ) ) ;
#4265 =( GEOMETRIC_REPRESENTATION_CONTEXT ( 3 ) GLOBAL_UNCERTAINTY_ASSIGNED_CONTEXT ( ( #886 ) ) GLOBAL_UNIT_ASSIGNED_CONTEXT ( ( #3987, #507, #4917 ) ) REPRESENTATION_CONTEXT ( 'NONE', 'WORKASPACE' ) );
#4266 = CARTESIAN_POINT ( 'NONE',  ( 0.000000000000000000, 0.5999999999999996447, 0.01999999999999994491 ) ) ;
#4267 = ORIENTED_EDGE ( 'NONE', *, *, #2757, .T. ) ;
#4268 = PRESENTATION_STYLE_ASSIGNMENT (( #5238 ) ) ;
#4269 = DIRECTION ( 'NONE',  ( 0.000000000000000000, 0.000000000000000000, -1.000000000000000000 ) ) ;
#4270 = SURFACE_STYLE_USAGE ( .BOTH. , #3645 ) ;
#4271 = STYLED_ITEM ( 'NONE', ( #1209 ), #6106 ) ;
#4272 = VECTOR ( 'NONE', #6278, 1000.000000000000000 ) ;
#4273 = DIRECTION ( 'NONE',  ( -1.000000000000000000, 0.000000000000000000, 0.000000000000000000 ) ) ;
#4274 = FILL_AREA_STYLE ('',( #2309 ) ) ;
#4275 = ORIENTED_EDGE ( 'NONE', *, *, #5869, .T. ) ;
#4276 = VERTEX_POINT ( 'NONE', #4358 ) ;
#4277 = FACE_OUTER_BOUND ( 'NONE', #5400, .T. ) ;
#4278 = DIRECTION ( 'NONE',  ( -0.000000000000000000, -0.000000000000000000, -1.000000000000000000 ) ) ;
#4279 = CARTESIAN_POINT ( 'NONE',  ( 0.6399999999999986811, 0.2999999999999996003, 0.5200000000000000178 ) ) ;
#4280 = COLOUR_RGB ( '',0.8627450980392157298, 0.6274509803921568540, 0.05882352941176470507 ) ;
#4281 = SURFACE_STYLE_USAGE ( .BOTH. , #1337 ) ;
#4282 = SURFACE_STYLE_USAGE ( .BOTH. , #5328 ) ;
#4283 = STYLED_ITEM ( 'NONE', ( #4287 ), #4453 ) ;
#4284 = ORIENTED_EDGE ( 'NONE', *, *, #2148, .F. ) ;
#4285 = CARTESIAN_POINT ( 'NONE',  ( -0.7999999999999986011, -0.5999999999999994227, 0.01999999999999994491 ) ) ;
#4286 = VECTOR ( 'NONE', #452, 1000.000000000000000 ) ;
#4287 = PRESENTATION_STYLE_ASSIGNMENT (( #3812 ) ) ;
#4288 = CARTESIAN_POINT ( 'NONE',  ( -0.5000000000000012212, -0.3000000000000004885, 0.4400000000000000577 ) ) ;
#4289 = EDGE_CURVE ( 'NONE', #913, #2268, #1896, .T. ) ;
#4290 = CIRCLE ( 'NONE', #2432, 0.2225000000000000311 ) ;
#4291 =( GEOMETRIC_REPRESENTATION_CONTEXT ( 3 ) GLOBAL_UNCERTAINTY_ASSIGNED_CONTEXT ( ( #2010 ) ) GLOBAL_UNIT_ASSIGNED_CONTEXT ( ( #1405, #6205, #4204 ) ) REPRESENTATION_CONTEXT ( 'NONE', 'WORKASPACE' ) );
#4292 = CARTESIAN_POINT ( 'NONE',  ( 0.5774999999999985700, 0.5999999999999996447, -0.2800000000000000266 ) ) ;
#4293 = CARTESIAN_POINT ( 'NONE',  ( -0.5000000000000012212, -0.3000000000000004885, 0.2950000000000000400 ) ) ;
#4294 = AXIS2_PLACEMENT_3D ( 'NONE', #500, #2066, #3945 ) ;
#4295 = EDGE_CURVE ( 'NONE', #2248, #3591, #2101, .T. ) ;
#4296 = EDGE_LOOP ( 'NONE', ( #391, #5680, #527, #1324 ) ) ;
#4297 = FILL_AREA_STYLE_COLOUR ( '', #5317 ) ;
#4298 = VECTOR ( 'NONE', #5388, 1000.000000000000000 ) ;
#4299 = CARTESIAN_POINT ( 'NONE',  ( -0.7000000000000011768, -0.3000000000000004885, 0.4400000000000000577 ) ) ;
#4300 = FACE_OUTER_BOUND ( 'NONE', #2790, .T. ) ;
#4301 =( LENGTH_UNIT ( ) NAMED_UNIT ( * ) SI_UNIT ( .MILLI., .METRE. ) );
#4302 = VERTEX_POINT ( 'NONE', #589 ) ;
#4303 = CARTESIAN_POINT ( 'NONE',  ( -0.6044079500593120269, -0.4939339828220177808, -0.2800000000000000266 ) ) ;
#4304 = PRESENTATION_STYLE_ASSIGNMENT (( #5315 ) ) ;
#4305 = DIRECTION ( 'NONE',  ( 1.000000000000000000, 0.000000000000000000, 0.000000000000000000 ) ) ;
#4306 = EDGE_LOOP ( 'NONE', ( #183, #5925, #2897, #5182 ) ) ;
#4307 = CARTESIAN_POINT ( 'NONE',  ( 0.000000000000000000, -0.5999999999999998668, 0.01999999999999994491 ) ) ;
#4308 = DIRECTION ( 'NONE',  ( -0.000000000000000000, -0.000000000000000000, -1.000000000000000000 ) ) ;
#4309 = SURFACE_STYLE_FILL_AREA ( #5807 ) ;
#4310 = SURFACE_STYLE_FILL_AREA ( #830 ) ;
#4311 = LINE ( 'NONE', #1984, #5730 ) ;
#4312 = ADVANCED_FACE ( 'NONE', ( #17 ), #979, .T. ) ;
#4313 = UNCERTAINTY_MEASURE_WITH_UNIT (LENGTH_MEASURE( 1.000000000000000082E-05 ), #1089, 'distance_accuracy_value', 'NONE');
#4314 = FILL_AREA_STYLE_COLOUR ( '', #1121 ) ;
#4315 = ORIENTED_EDGE ( 'NONE', *, *, #245, .F. ) ;
#4316 = CARTESIAN_POINT ( 'NONE',  ( -0.5774999999999985700, -0.6000000000000005329, 0.01999999999999994491 ) ) ;
#4317 = CARTESIAN_POINT ( 'NONE',  ( -0.8000000000000012657, 0.3774999999999995581, -0.2800000000000000266 ) ) ;
#4318 = ADVANCED_FACE ( 'NONE', ( #4508 ), #3244, .F. ) ;
#4319 = UNCERTAINTY_MEASURE_WITH_UNIT (LENGTH_MEASURE( 1.000000000000000082E-05 ), #5331, 'distance_accuracy_value', 'NONE');
#4320 = EDGE_CURVE ( 'NONE', #5706, #850, #149, .T. ) ;
#4321 = CLOSED_SHELL ( 'NONE', ( #2881, #1672, #4826, #1951, #5529, #6176, #4453, #1316, #393, #4592, #3168 ) ) ;
#4322 = SURFACE_STYLE_USAGE ( .BOTH. , #1855 ) ;
#4323 = SURFACE_SIDE_STYLE ('',( #3879 ) ) ;
#4324 = FILL_AREA_STYLE ('',( #2916 ) ) ;
#4325 = ORIENTED_EDGE ( 'NONE', *, *, #5791, .T. ) ;
#4326 = FILL_AREA_STYLE_COLOUR ( '', #4960 ) ;
#4327 = CARTESIAN_POINT ( 'NONE',  ( 0.6249999999999985567, 0.2999999999999996003, 0.5200000000000000178 ) ) ;
#4328 = AXIS2_PLACEMENT_3D ( 'NONE', #1185, #1057, #5127 ) ;
#4329 = ADVANCED_FACE ( 'NONE', ( #1010 ), #3979, .T. ) ;
#4330 = UNCERTAINTY_MEASURE_WITH_UNIT (LENGTH_MEASURE( 1.000000000000000082E-05 ), #148, 'distance_accuracy_value', 'NONE');
#4331 = SURFACE_STYLE_USAGE ( .BOTH. , #4712 ) ;
#4332 = AXIS2_PLACEMENT_3D ( 'NONE', #488, #5484, #2534 ) ;
#4333 =( LENGTH_UNIT ( ) NAMED_UNIT ( * ) SI_UNIT ( .MILLI., .METRE. ) );
#4334 =( NAMED_UNIT ( * ) PLANE_ANGLE_UNIT ( ) SI_UNIT ( $, .RADIAN. ) );
#4335 = ORIENTED_EDGE ( 'NONE', *, *, #1083, .T. ) ;
#4336 = SURFACE_STYLE_USAGE ( .BOTH. , #1772 ) ;
#4337 = ORIENTED_EDGE ( 'NONE', *, *, #802, .T. ) ;
#4338 = DIRECTION ( 'NONE',  ( 1.000000000000000000, 0.000000000000000000, 0.000000000000000000 ) ) ;
#4339 = DIRECTION ( 'NONE',  ( 0.000000000000000000, 0.000000000000000000, -1.000000000000000000 ) ) ;
#4340 = ORIENTED_EDGE ( 'NONE', *, *, #2243, .F. ) ;
#4341 =( LENGTH_UNIT ( ) NAMED_UNIT ( * ) SI_UNIT ( .MILLI., .METRE. ) );
#4342 = ORIENTED_EDGE ( 'NONE', *, *, #1413, .F. ) ;
#4343 = AXIS2_PLACEMENT_3D ( 'NONE', #1031, #4417, #5937 ) ;
#4344 = DIRECTION ( 'NONE',  ( -1.000000000000000000, -0.000000000000000000, 0.000000000000000000 ) ) ;
#4345 = ORIENTED_EDGE ( 'NONE', *, *, #2121, .T. ) ;
#4346 =( NAMED_UNIT ( * ) SI_UNIT ( $, .STERADIAN. ) SOLID_ANGLE_UNIT ( ) );
#4347 = DIRECTION ( 'NONE',  ( 1.000000000000000000, -0.000000000000000000, 0.000000000000000000 ) ) ;
#4348 = MECHANICAL_DESIGN_GEOMETRIC_PRESENTATION_REPRESENTATION (  '', ( #3082 ), #1554 ) ;
#4349 = CIRCLE ( 'NONE', #1656, 0.01499999999999998557 ) ;
#4350 = EDGE_LOOP ( 'NONE', ( #5179, #1622, #1687, #806 ) ) ;
#4351 = DIRECTION ( 'NONE',  ( -1.000000000000000000, 0.000000000000000000, 0.000000000000000000 ) ) ;
#4352 = COLOUR_RGB ( '',0.8627450980392157298, 0.6274509803921568540, 0.05882352941176470507 ) ;
#4353 = DIRECTION ( 'NONE',  ( -1.000000000000000000, 0.000000000000000000, 0.000000000000000000 ) ) ;
#4354 =( GEOMETRIC_REPRESENTATION_CONTEXT ( 3 ) GLOBAL_UNCERTAINTY_ASSIGNED_CONTEXT ( ( #4253 ) ) GLOBAL_UNIT_ASSIGNED_CONTEXT ( ( #6041, #1633, #4544 ) ) REPRESENTATION_CONTEXT ( 'NONE', 'WORKASPACE' ) );
#4355 = ADVANCED_BREP_SHAPE_REPRESENTATION ( 'ASCODV-24.000MHz-LR-T3', ( #3722, #1456, #5731, #1625, #5888, #3549, #3679, #3027 ), #6047 ) ;
#4356 = MECHANICAL_DESIGN_GEOMETRIC_PRESENTATION_REPRESENTATION (  '', ( #2292 ), #4354 ) ;
#4357 = ORIENTED_EDGE ( 'NONE', *, *, #5587, .F. ) ;
#4358 = CARTESIAN_POINT ( 'NONE',  ( 0.2499999999999997780, -0.4939339828220177808, -0.2800000000000000266 ) ) ;
#4359 = SURFACE_SIDE_STYLE ('',( #360 ) ) ;
#4360 = ORIENTED_EDGE ( 'NONE', *, *, #3175, .F. ) ;
#4361 = EDGE_CURVE ( 'NONE', #5500, #1731, #2936, .T. ) ;
#4362 = AXIS2_PLACEMENT_3D ( 'NONE', #4989, #1071, #521 ) ;
#4363 = SURFACE_STYLE_USAGE ( .BOTH. , #910 ) ;
#4364 = PRESENTATION_STYLE_ASSIGNMENT (( #5403 ) ) ;
#4365 = STYLED_ITEM ( 'NONE', ( #2014 ), #2610 ) ;
#4366 = EDGE_LOOP ( 'NONE', ( #2996, #895, #556, #5404 ) ) ;
#4367 = DIRECTION ( 'NONE',  ( 1.000000000000000000, -2.442259918002687003E-16, 0.000000000000000000 ) ) ;
#4368 = EDGE_CURVE ( 'NONE', #6062, #2784, #681, .T. ) ;
#4369 = AXIS2_PLACEMENT_3D ( 'NONE', #157, #4210, #674 ) ;
#4370 = STYLED_ITEM ( 'NONE', ( #5098 ), #2950 ) ;
#4371 = SURFACE_STYLE_USAGE ( .BOTH. , #1367 ) ;
#4372 =( GEOMETRIC_REPRESENTATION_CONTEXT ( 3 ) GLOBAL_UNCERTAINTY_ASSIGNED_CONTEXT ( ( #3790 ) ) GLOBAL_UNIT_ASSIGNED_CONTEXT ( ( #1717, #5635, #3577 ) ) REPRESENTATION_CONTEXT ( 'NONE', 'WORKASPACE' ) );
#4373 = LINE ( 'NONE', #65, #455 ) ;
#4374 = VERTEX_POINT ( 'NONE', #2660 ) ;
#4375 = PRESENTATION_LAYER_ASSIGNMENT (  '', '', ( #748 ) ) ;
#4376 = PRESENTATION_STYLE_ASSIGNMENT (( #778 ) ) ;
#4377 = CARTESIAN_POINT ( 'NONE',  ( -0.2499999999999995837, 0.1499999999999996336, -0.2800000000000000266 ) ) ;
#4378 = PRESENTATION_STYLE_ASSIGNMENT (( #2470 ) ) ;
#4379 =( NAMED_UNIT ( * ) PLANE_ANGLE_UNIT ( ) SI_UNIT ( $, .RADIAN. ) );
#4380 = CARTESIAN_POINT ( 'NONE',  ( 0.2499999999999997780, -0.4939339828220177808, 0.01999999999999994491 ) ) ;
#4381 = CARTESIAN_POINT ( 'NONE',  ( 0.4999999999999986122, -0.3000000000000004885, 0.2800000000000000266 ) ) ;
#4382 = ADVANCED_FACE ( 'NONE', ( #4636 ), #2727, .F. ) ;
#4383 = COLOUR_RGB ( '',0.8627450980392157298, 0.5882352941176470784, 0.06274509803921568540 ) ;
#4384 = VECTOR ( 'NONE', #966, 1000.000000000000000 ) ;
#4385 = CARTESIAN_POINT ( 'NONE',  ( 0.4999999999999986122, -0.3000000000000004885, 0.4400000000000000577 ) ) ;
#4386 = VERTEX_POINT ( 'NONE', #3102 ) ;
#4387 =( NAMED_UNIT ( * ) SI_UNIT ( $, .STERADIAN. ) SOLID_ANGLE_UNIT ( ) );
#4388 = CARTESIAN_POINT ( 'NONE',  ( -0.5000000000000011102, 0.5149999999999995692, 0.2950000000000000400 ) ) ;
#4389 = COLOUR_RGB ( '',0.2862745098039215508, 0.2862745098039215508, 0.2862745098039215508 ) ;
#4390 = CARTESIAN_POINT ( 'NONE',  ( 0.6044079500593120269, 0.4939339828220175588, -0.2800000000000000266 ) ) ;
#4391 = FILL_AREA_STYLE_COLOUR ( '', #947 ) ;
#4392 = PRESENTATION_LAYER_ASSIGNMENT (  '', '', ( #6235 ) ) ;
#4393 = AXIS2_PLACEMENT_3D ( 'NONE', #2247, #4600, #2650 ) ;
#4394 = UNCERTAINTY_MEASURE_WITH_UNIT (LENGTH_MEASURE( 1.000000000000000082E-05 ), #989, 'distance_accuracy_value', 'NONE');
#4395 = ORIENTED_EDGE ( 'NONE', *, *, #5870, .T. ) ;
#4396 = SURFACE_STYLE_FILL_AREA ( #3408 ) ;
#4397 = ORIENTED_EDGE ( 'NONE', *, *, #6171, .F. ) ;
#4398 = AXIS2_PLACEMENT_3D ( 'NONE', #5368, #4225, #1803 ) ;
#4399 = SURFACE_SIDE_STYLE ('',( #4462 ) ) ;
#4400 = VECTOR ( 'NONE', #896, 1000.000000000000000 ) ;
#4401 = MECHANICAL_DESIGN_GEOMETRIC_PRESENTATION_REPRESENTATION (  '', ( #3135 ), #1603 ) ;
#4402 = EDGE_CURVE ( 'NONE', #388, #5864, #6058, .T. ) ;
#4403 = LINE ( 'NONE', #3350, #4170 ) ;
#4404 = FACE_OUTER_BOUND ( 'NONE', #1240, .T. ) ;
#4405 = ORIENTED_EDGE ( 'NONE', *, *, #869, .T. ) ;
#4406 = DIRECTION ( 'NONE',  ( 1.000000000000000000, 0.000000000000000000, 0.000000000000000000 ) ) ;
#4407 = COLOUR_RGB ( '',0.2862745098039215508, 0.2862745098039215508, 0.2862745098039215508 ) ;
#4408 = ORIENTED_EDGE ( 'NONE', *, *, #1550, .T. ) ;
#4409 = EDGE_CURVE ( 'NONE', #1085, #4963, #6124, .T. ) ;
#4410 = DIRECTION ( 'NONE',  ( 1.000000000000000000, 0.000000000000000000, -0.000000000000000000 ) ) ;
#4411 = ORIENTED_EDGE ( 'NONE', *, *, #4941, .T. ) ;
#4412 = CARTESIAN_POINT ( 'NONE',  ( -0.6939339828220162376, -0.4044079500593132370, 0.01999999999999994491 ) ) ;
#4413 = CARTESIAN_POINT ( 'NONE',  ( 0.4999999999999986122, 0.4999999999999995559, 0.4400000000000000577 ) ) ;
#4414 = FILL_AREA_STYLE_COLOUR ( '', #3005 ) ;
#4415 =( LENGTH_UNIT ( ) NAMED_UNIT ( * ) SI_UNIT ( .MILLI., .METRE. ) );
#4416 = CARTESIAN_POINT ( 'NONE',  ( 0.5774999999999985700, 0.5999999999999996447, 0.01999999999999994491 ) ) ;
#4417 = DIRECTION ( 'NONE',  ( -0.000000000000000000, -0.000000000000000000, -1.000000000000000000 ) ) ;
#4418 = FILL_AREA_STYLE_COLOUR ( '', #5887 ) ;
#4419 = EDGE_CURVE ( 'NONE', #2883, #2555, #2695, .T. ) ;
#4420 =( NAMED_UNIT ( * ) SI_UNIT ( $, .STERADIAN. ) SOLID_ANGLE_UNIT ( ) );
#4421 = ORIENTED_EDGE ( 'NONE', *, *, #912, .T. ) ;
#4422 = FILL_AREA_STYLE ('',( #1381 ) ) ;
#4423 =( LENGTH_UNIT ( ) NAMED_UNIT ( * ) SI_UNIT ( .MILLI., .METRE. ) );
#4424 = CARTESIAN_POINT ( 'NONE',  ( -0.8000000000000012657, 0.4499999999999995670, -0.2810000000000000275 ) ) ;
#4425 = DIRECTION ( 'NONE',  ( -0.000000000000000000, -0.000000000000000000, -1.000000000000000000 ) ) ;
#4426 = CARTESIAN_POINT ( 'NONE',  ( -0.7999999999999986011, 0.4499999999999994560, 0.01999999999999994491 ) ) ;
#4427 = ORIENTED_EDGE ( 'NONE', *, *, #684, .F. ) ;
#4428 = ORIENTED_EDGE ( 'NONE', *, *, #280, .T. ) ;
#4429 = FACE_OUTER_BOUND ( 'NONE', #4944, .T. ) ;
#4430 =( LENGTH_UNIT ( ) NAMED_UNIT ( * ) SI_UNIT ( .MILLI., .METRE. ) );
#4431 = COLOUR_RGB ( '',0.8627450980392157298, 0.5882352941176470784, 0.06274509803921568540 ) ;
#4432 = CARTESIAN_POINT ( 'NONE',  ( 0.6849999999999984990, -0.3000000000000004885, 0.4400000000000000577 ) ) ;
#4433 =( GEOMETRIC_REPRESENTATION_CONTEXT ( 3 ) GLOBAL_UNCERTAINTY_ASSIGNED_CONTEXT ( ( #3406 ) ) GLOBAL_UNIT_ASSIGNED_CONTEXT ( ( #5927, #4470, #5513 ) ) REPRESENTATION_CONTEXT ( 'NONE', 'WORKASPACE' ) );
#4434 = FILL_AREA_STYLE ('',( #4518 ) ) ;
#4435 = LINE ( 'NONE', #6385, #1892 ) ;
#4436 =( LENGTH_UNIT ( ) NAMED_UNIT ( * ) SI_UNIT ( .MILLI., .METRE. ) );
#4437 = TOROIDAL_SURFACE ( 'NONE', #6379, 0.1550000000000000266, 0.01499999999999999944 ) ;
#4438 = DIRECTION ( 'NONE',  ( -0.000000000000000000, -0.000000000000000000, -1.000000000000000000 ) ) ;
#4439 = EDGE_LOOP ( 'NONE', ( #2856, #2651, #42, #1958 ) ) ;
#4440 = SURFACE_STYLE_USAGE ( .BOTH. , #1462 ) ;
#4441 = DIRECTION ( 'NONE',  ( -0.000000000000000000, -0.000000000000000000, 1.000000000000000000 ) ) ;
#4442 = DIRECTION ( 'NONE',  ( 0.000000000000000000, -1.000000000000000000, 0.000000000000000000 ) ) ;
#4443 = DIRECTION ( 'NONE',  ( 0.000000000000000000, -1.000000000000000000, 0.000000000000000000 ) ) ;
#4444 = DIRECTION ( 'NONE',  ( -1.000000000000000000, 0.000000000000000000, 0.000000000000000000 ) ) ;
#4445 = EDGE_CURVE ( 'NONE', #3235, #311, #4730, .T. ) ;
#4446 = SURFACE_STYLE_USAGE ( .BOTH. , #3029 ) ;
#4447 = VERTEX_POINT ( 'NONE', #6161 ) ;
#4448 = CARTESIAN_POINT ( 'NONE',  ( -0.8000000000000012657, -0.6000000000000005329, 0.2800000000000000266 ) ) ;
#4449 = FILL_AREA_STYLE ('',( #1473 ) ) ;
#4450 =( LENGTH_UNIT ( ) NAMED_UNIT ( * ) SI_UNIT ( .MILLI., .METRE. ) );
#4451 = CARTESIAN_POINT ( 'NONE',  ( 0.7999999999999986011, -0.5999999999999998668, 0.01999999999999994491 ) ) ;
#4452 = ORIENTED_EDGE ( 'NONE', *, *, #2757, .F. ) ;
#4453 = ADVANCED_FACE ( 'NONE', ( #6189 ), #753, .F. ) ;
#4454 = VECTOR ( 'NONE', #6365, 1000.000000000000000 ) ;
#4455 = ORIENTED_EDGE ( 'NONE', *, *, #4795, .T. ) ;
#4456 = DIRECTION ( 'NONE',  ( -0.000000000000000000, -0.000000000000000000, 1.000000000000000000 ) ) ;
#4457 = STYLED_ITEM ( 'NONE', ( #705 ), #1714 ) ;
#4458 = DIRECTION ( 'NONE',  ( -1.000000000000000000, 0.000000000000000000, 0.000000000000000000 ) ) ;
#4459 = CIRCLE ( 'NONE', #1654, 0.2225000000000000311 ) ;
#4460 = PRESENTATION_LAYER_ASSIGNMENT (  '', '', ( #4127 ) ) ;
#4461 = ORIENTED_EDGE ( 'NONE', *, *, #1663, .F. ) ;
#4462 = SURFACE_STYLE_FILL_AREA ( #2263 ) ;
#4463 =( GEOMETRIC_REPRESENTATION_CONTEXT ( 3 ) GLOBAL_UNCERTAINTY_ASSIGNED_CONTEXT ( ( #2317 ) ) GLOBAL_UNIT_ASSIGNED_CONTEXT ( ( #18, #1390, #4838 ) ) REPRESENTATION_CONTEXT ( 'NONE', 'WORKASPACE' ) );
#4464 = UNCERTAINTY_MEASURE_WITH_UNIT (LENGTH_MEASURE( 1.000000000000000082E-05 ), #6199, 'distance_accuracy_value', 'NONE');
#4465 = PRESENTATION_STYLE_ASSIGNMENT (( #5953 ) ) ;
#4466 = VECTOR ( 'NONE', #4479, 1000.000000000000000 ) ;
#4467 = LINE ( 'NONE', #3048, #4883 ) ;
#4468 = CARTESIAN_POINT ( 'NONE',  ( 0.6999999999999986233, 0.2999999999999996003, 0.4250000000000000999 ) ) ;
#4469 = FILL_AREA_STYLE ('',( #955 ) ) ;
#4470 =( NAMED_UNIT ( * ) PLANE_ANGLE_UNIT ( ) SI_UNIT ( $, .RADIAN. ) );
#4471 = VECTOR ( 'NONE', #3391, 1000.000000000000000 ) ;
#4472 = UNCERTAINTY_MEASURE_WITH_UNIT (LENGTH_MEASURE( 1.000000000000000082E-05 ), #5420, 'distance_accuracy_value', 'NONE');
#4473 =( LENGTH_UNIT ( ) NAMED_UNIT ( * ) SI_UNIT ( .MILLI., .METRE. ) );
#4474 = AXIS2_PLACEMENT_3D ( 'NONE', #4564, #5961, #5020 ) ;
#4475 = FACE_OUTER_BOUND ( 'NONE', #3438, .T. ) ;
#4476 = FILL_AREA_STYLE_COLOUR ( '', #4117 ) ;
#4477 =( NAMED_UNIT ( * ) PLANE_ANGLE_UNIT ( ) SI_UNIT ( $, .RADIAN. ) );
#4478 = EDGE_LOOP ( 'NONE', ( #2068, #2169, #1632, #3562 ) ) ;
#4479 = DIRECTION ( 'NONE',  ( -0.000000000000000000, -1.000000000000000000, -0.000000000000000000 ) ) ;
#4480 = LINE ( 'NONE', #6065, #6021 ) ;
#4481 = ORIENTED_EDGE ( 'NONE', *, *, #1172, .T. ) ;
#4482 = SURFACE_SIDE_STYLE ('',( #617 ) ) ;
#4483 = AXIS2_PLACEMENT_3D ( 'NONE', #3323, #4885, #4410 ) ;
#4484 = ORIENTED_EDGE ( 'NONE', *, *, #4718, .F. ) ;
#4485 = AXIS2_PLACEMENT_3D ( 'NONE', #4503, #642, #2150 ) ;
#4486 = EDGE_CURVE ( 'NONE', #4874, #4276, #808, .T. ) ;
#4487 = DIRECTION ( 'NONE',  ( -1.000000000000000000, 0.000000000000000000, 0.000000000000000000 ) ) ;
#4488 = SURFACE_SIDE_STYLE ('',( #2975 ) ) ;
#4489 = DIRECTION ( 'NONE',  ( -0.000000000000000000, 1.000000000000000000, 0.000000000000000000 ) ) ;
#4490 = AXIS2_PLACEMENT_3D ( 'NONE', #5219, #5290, #834 ) ;
#4491 = VECTOR ( 'NONE', #1698, 1000.000000000000000 ) ;
#4492 = AXIS2_PLACEMENT_3D ( 'NONE', #2744, #4820, #4339 ) ;
#4493 = CARTESIAN_POINT ( 'NONE',  ( 0.7999999999999986011, -0.5999999999999998668, 0.01999999999999994491 ) ) ;
#4494 = SURFACE_STYLE_USAGE ( .BOTH. , #3954 ) ;
#4495 = PRESENTATION_LAYER_ASSIGNMENT (  '', '', ( #6342 ) ) ;
#4496 =( GEOMETRIC_REPRESENTATION_CONTEXT ( 3 ) GLOBAL_UNCERTAINTY_ASSIGNED_CONTEXT ( ( #1093 ) ) GLOBAL_UNIT_ASSIGNED_CONTEXT ( ( #2638, #5725, #3243 ) ) REPRESENTATION_CONTEXT ( 'NONE', 'WORKASPACE' ) );
#4497 = DIRECTION ( 'NONE',  ( 0.000000000000000000, 0.000000000000000000, 1.000000000000000000 ) ) ;
#4498 =( NAMED_UNIT ( * ) SI_UNIT ( $, .STERADIAN. ) SOLID_ANGLE_UNIT ( ) );
#4499 =( GEOMETRIC_REPRESENTATION_CONTEXT ( 3 ) GLOBAL_UNCERTAINTY_ASSIGNED_CONTEXT ( ( #5958 ) ) GLOBAL_UNIT_ASSIGNED_CONTEXT ( ( #3564, #5459, #3068 ) ) REPRESENTATION_CONTEXT ( 'NONE', 'WORKASPACE' ) );
#4500 = ORIENTED_EDGE ( 'NONE', *, *, #2657, .T. ) ;
#4501 = CARTESIAN_POINT ( 'NONE',  ( 0.4999999999999986122, -0.3000000000000004885, 0.4550000000000000711 ) ) ;
#4502 = DIRECTION ( 'NONE',  ( -0.000000000000000000, -0.000000000000000000, -1.000000000000000000 ) ) ;
#4503 = CARTESIAN_POINT ( 'NONE',  ( 2.259790532912949344E-16, 0.1499999999999985789, 0.01999999999999994491 ) ) ;
#4504 = VERTEX_POINT ( 'NONE', #933 ) ;
#4505 = FILL_AREA_STYLE_COLOUR ( '', #3499 ) ;
#4506 = VERTEX_POINT ( 'NONE', #1314 ) ;
#4507 = SURFACE_STYLE_USAGE ( .BOTH. , #5030 ) ;
#4508 = FACE_OUTER_BOUND ( 'NONE', #141, .T. ) ;
#4509 = CARTESIAN_POINT ( 'NONE',  ( 0.7999999999999986011, -0.6000000000000005329, 0.2800000000000000266 ) ) ;
#4510 = ORIENTED_EDGE ( 'NONE', *, *, #4523, .F. ) ;
#4511 = EDGE_CURVE ( 'NONE', #6111, #3620, #4864, .T. ) ;
#4512 = EDGE_CURVE ( 'NONE', #291, #5829, #4606, .T. ) ;
#4513 = CARTESIAN_POINT ( 'NONE',  ( -0.5000000000000012212, 0.2999999999999996003, 0.5050000000000000044 ) ) ;
#4514 = UNCERTAINTY_MEASURE_WITH_UNIT (LENGTH_MEASURE( 1.000000000000000082E-05 ), #1763, 'distance_accuracy_value', 'NONE');
#4515 =( NAMED_UNIT ( * ) PLANE_ANGLE_UNIT ( ) SI_UNIT ( $, .RADIAN. ) );
#4516 = FACE_OUTER_BOUND ( 'NONE', #4547, .T. ) ;
#4517 =( LENGTH_UNIT ( ) NAMED_UNIT ( * ) SI_UNIT ( .MILLI., .METRE. ) );
#4518 = FILL_AREA_STYLE_COLOUR ( '', #5825 ) ;
#4519 = ORIENTED_EDGE ( 'NONE', *, *, #4949, .F. ) ;
#4520 = CARTESIAN_POINT ( 'NONE',  ( 0.6939339828220163486, 0.1499999999999996336, 0.01999999999999994491 ) ) ;
#4521 = EDGE_CURVE ( 'NONE', #5363, #1049, #6311, .T. ) ;
#4522 = EDGE_CURVE ( 'NONE', #3756, #1955, #153, .T. ) ;
#4523 = EDGE_CURVE ( 'NONE', #3935, #2619, #4799, .T. ) ;
#4524 = SURFACE_STYLE_USAGE ( .BOTH. , #1059 ) ;
#4525 = DIRECTION ( 'NONE',  ( -1.000000000000000000, 0.000000000000000000, 0.000000000000000000 ) ) ;
#4526 = SURFACE_SIDE_STYLE ('',( #2958 ) ) ;
#4527 = FILL_AREA_STYLE ('',( #3427 ) ) ;
#4528 =( NAMED_UNIT ( * ) SI_UNIT ( $, .STERADIAN. ) SOLID_ANGLE_UNIT ( ) );
#4529 = PLANE ( 'NONE',  #189 ) ;
#4530 = ADVANCED_FACE ( 'NONE', ( #873 ), #2321, .T. ) ;
#4531 =( GEOMETRIC_REPRESENTATION_CONTEXT ( 3 ) GLOBAL_UNCERTAINTY_ASSIGNED_CONTEXT ( ( #4394 ) ) GLOBAL_UNIT_ASSIGNED_CONTEXT ( ( #989, #5157, #4672 ) ) REPRESENTATION_CONTEXT ( 'NONE', 'WORKASPACE' ) );
#4532 = FILL_AREA_STYLE ('',( #3995 ) ) ;
#4533 = CARTESIAN_POINT ( 'NONE',  ( -0.5000000000000009992, 0.4549999999999996270, 0.4550000000000000711 ) ) ;
#4534 = ORIENTED_EDGE ( 'NONE', *, *, #2894, .T. ) ;
#4535 = PLANE ( 'NONE',  #2290 ) ;
#4536 = CARTESIAN_POINT ( 'NONE',  ( -0.7999999999999986011, 0.5999999999999996447, 0.01999999999999994491 ) ) ;
#4537 = SURFACE_STYLE_USAGE ( .BOTH. , #1594 ) ;
#4538 = FACE_OUTER_BOUND ( 'NONE', #3573, .T. ) ;
#4539 = DIRECTION ( 'NONE',  ( 0.000000000000000000, 0.000000000000000000, 1.000000000000000000 ) ) ;
#4540 = ORIENTED_EDGE ( 'NONE', *, *, #5923, .F. ) ;
#4541 = CARTESIAN_POINT ( 'NONE',  ( 0.7999999999999986011, -0.3774999999999997802, -0.2800000000000000266 ) ) ;
#4542 = COLOUR_RGB ( '',0.2862745098039215508, 0.2862745098039215508, 0.2862745098039215508 ) ;
#4543 = EDGE_LOOP ( 'NONE', ( #892, #1232, #4452, #5771 ) ) ;
#4544 =( NAMED_UNIT ( * ) SI_UNIT ( $, .STERADIAN. ) SOLID_ANGLE_UNIT ( ) );
#4545 = ORIENTED_EDGE ( 'NONE', *, *, #475, .T. ) ;
#4546 = FILL_AREA_STYLE_COLOUR ( '', #3141 ) ;
#4547 = EDGE_LOOP ( 'NONE', ( #467, #3733, #4686, #6281 ) ) ;
#4548 = ORIENTED_EDGE ( 'NONE', *, *, #1611, .T. ) ;
#4549 = COLOUR_RGB ( '',0.8039215686274510109, 0.8039215686274510109, 0.8039215686274510109 ) ;
#4550 = CARTESIAN_POINT ( 'NONE',  ( 0.2499999999999997780, -0.4939339828220177808, 0.01999999999999994491 ) ) ;
#4551 = AXIS2_PLACEMENT_3D ( 'NONE', #1667, #3017, #5009 ) ;
#4552 = MECHANICAL_DESIGN_GEOMETRIC_PRESENTATION_REPRESENTATION (  '', ( #1974 ), #6197 ) ;
#4553 = COLOUR_RGB ( '',0.2862745098039215508, 0.2862745098039215508, 0.2862745098039215508 ) ;
#4554 = PRESENTATION_STYLE_ASSIGNMENT (( #1114 ) ) ;
#4555 = ORIENTED_EDGE ( 'NONE', *, *, #5038, .F. ) ;
#4556 =( NAMED_UNIT ( * ) SI_UNIT ( $, .STERADIAN. ) SOLID_ANGLE_UNIT ( ) );
#4557 = SURFACE_STYLE_USAGE ( .BOTH. , #6078 ) ;
#4558 = STYLED_ITEM ( 'NONE', ( #5916 ), #1235 ) ;
#4559 = FACE_OUTER_BOUND ( 'NONE', #4053, .T. ) ;
#4560 = VECTOR ( 'NONE', #1181, 1000.000000000000000 ) ;
#4561 = COLOUR_RGB ( '',0.8627450980392157298, 0.5882352941176470784, 0.06274509803921568540 ) ;
#4562 = ORIENTED_EDGE ( 'NONE', *, *, #720, .T. ) ;
#4563 = ADVANCED_FACE ( 'NONE', ( #1341 ), #2818, .F. ) ;
#4564 = CARTESIAN_POINT ( 'NONE',  ( 0.6849999999999984990, 0.000000000000000000, 0.4250000000000000999 ) ) ;
#4565 =( NAMED_UNIT ( * ) SI_UNIT ( $, .STERADIAN. ) SOLID_ANGLE_UNIT ( ) );
#4566 = LINE ( 'NONE', #1065, #1117 ) ;
#4567 = MECHANICAL_DESIGN_GEOMETRIC_PRESENTATION_REPRESENTATION (  '', ( #2098 ), #831 ) ;
#4568 = AXIS2_PLACEMENT_3D ( 'NONE', #5583, #5609, #4240 ) ;
#4569 = DIRECTION ( 'NONE',  ( -1.000000000000000000, 0.000000000000000000, 0.000000000000000000 ) ) ;
#4570 = VERTEX_POINT ( 'NONE', #975 ) ;
#4571 =( NAMED_UNIT ( * ) PLANE_ANGLE_UNIT ( ) SI_UNIT ( $, .RADIAN. ) );
#4572 = PRESENTATION_LAYER_ASSIGNMENT (  '', '', ( #5713 ) ) ;
#4573 =( LENGTH_UNIT ( ) NAMED_UNIT ( * ) SI_UNIT ( .MILLI., .METRE. ) );
#4574 = EDGE_CURVE ( 'NONE', #1935, #246, #491, .T. ) ;
#4575 = CARTESIAN_POINT ( 'NONE',  ( -0.5499999999999997113, -0.1499999999999997446, 0.01999999999999994491 ) ) ;
#4576 = DIRECTION ( 'NONE',  ( -0.000000000000000000, 1.000000000000000000, -0.000000000000000000 ) ) ;
#4577 =( GEOMETRIC_REPRESENTATION_CONTEXT ( 3 ) GLOBAL_UNCERTAINTY_ASSIGNED_CONTEXT ( ( #2831 ) ) GLOBAL_UNIT_ASSIGNED_CONTEXT ( ( #6272, #337, #4817 ) ) REPRESENTATION_CONTEXT ( 'NONE', 'WORKASPACE' ) );
#4578 = AXIS2_PLACEMENT_3D ( 'NONE', #5657, #2701, #4052 ) ;
#4579 = UNCERTAINTY_MEASURE_WITH_UNIT (LENGTH_MEASURE( 1.000000000000000082E-05 ), #3060, 'distance_accuracy_value', 'NONE');
#4580 = FILL_AREA_STYLE_COLOUR ( '', #1288 ) ;
#4581 = EDGE_LOOP ( 'NONE', ( #4078, #772, #1286, #5569, #3531, #2059, #728, #3055, #119 ) ) ;
#4582 = CYLINDRICAL_SURFACE ( 'NONE', #5067, 0.2225000000000000311 ) ;
#4583 = MECHANICAL_DESIGN_GEOMETRIC_PRESENTATION_REPRESENTATION (  '', ( #1162 ), #325 ) ;
#4584 = COLOUR_RGB ( '',0.2862745098039215508, 0.2862745098039215508, 0.2862745098039215508 ) ;
#4585 = AXIS2_PLACEMENT_3D ( 'NONE', #4185, #3590, #5121 ) ;
#4586 = STYLED_ITEM ( 'NONE', ( #2410 ), #3322 ) ;
#4587 = SURFACE_STYLE_USAGE ( .BOTH. , #2603 ) ;
#4588 = CARTESIAN_POINT ( 'NONE',  ( -0.6850000000000011635, 0.000000000000000000, 0.4250000000000000999 ) ) ;
#4589 = FILL_AREA_STYLE ('',( #3073 ) ) ;
#4590 = DIRECTION ( 'NONE',  ( -0.000000000000000000, 0.000000000000000000, -1.000000000000000000 ) ) ;
#4591 = AXIS2_PLACEMENT_3D ( 'NONE', #2875, #6280, #4862 ) ;
#4592 = ADVANCED_FACE ( 'NONE', ( #1072 ), #2557, .F. ) ;
#4593 = VECTOR ( 'NONE', #420, 1000.000000000000000 ) ;
#4594 = VECTOR ( 'NONE', #6245, 1000.000000000000000 ) ;
#4595 =( NAMED_UNIT ( * ) PLANE_ANGLE_UNIT ( ) SI_UNIT ( $, .RADIAN. ) );
#4596 = SURFACE_STYLE_USAGE ( .BOTH. , #2616 ) ;
#4597 = COLOUR_RGB ( '',0.8627450980392157298, 0.6274509803921568540, 0.05882352941176470507 ) ;
#4598 = EDGE_CURVE ( 'NONE', #4386, #3037, #876, .T. ) ;
#4599 = EDGE_CURVE ( 'NONE', #2784, #5468, #6242, .T. ) ;
#4600 = DIRECTION ( 'NONE',  ( -0.000000000000000000, -0.000000000000000000, 1.000000000000000000 ) ) ;
#4601 = ORIENTED_EDGE ( 'NONE', *, *, #2939, .F. ) ;
#4602 = CARTESIAN_POINT ( 'NONE',  ( 0.7149999999999986366, -0.3000000000000004885, 0.2800000000000000266 ) ) ;
#4603 = CARTESIAN_POINT ( 'NONE',  ( -0.5650000000000015010, -0.3050000000000004929, 0.5100000000000000089 ) ) ;
#4604 =( NAMED_UNIT ( * ) PLANE_ANGLE_UNIT ( ) SI_UNIT ( $, .RADIAN. ) );
#4605 = DIRECTION ( 'NONE',  ( 1.000000000000000000, -0.000000000000000000, 0.000000000000000000 ) ) ;
#4606 = CIRCLE ( 'NONE', #5946, 0.2224999999999998368 ) ;
#4607 = DIRECTION ( 'NONE',  ( -1.000000000000000000, 0.000000000000000000, 0.000000000000000000 ) ) ;
#4608 = VERTEX_POINT ( 'NONE', #1039 ) ;
#4609 = CARTESIAN_POINT ( 'NONE',  ( -0.7150000000000011902, 0.2999999999999996003, 0.2950000000000000400 ) ) ;
#4610 =( LENGTH_UNIT ( ) NAMED_UNIT ( * ) SI_UNIT ( .MILLI., .METRE. ) );
#4611 = EDGE_CURVE ( 'NONE', #336, #5037, #3937, .T. ) ;
#4612 = PLANE ( 'NONE',  #5277 ) ;
#4613 = DIRECTION ( 'NONE',  ( 0.000000000000000000, 1.000000000000000000, -0.000000000000000000 ) ) ;
#4614 = CARTESIAN_POINT ( 'NONE',  ( -0.5050000000000012257, -0.3050000000000004929, 0.5100000000000000089 ) ) ;
#4615 = LINE ( 'NONE', #1188, #2520 ) ;
#4616 = ORIENTED_EDGE ( 'NONE', *, *, #3207, .F. ) ;
#4617 = CARTESIAN_POINT ( 'NONE',  ( -0.7999999999999986011, 0.5999999999999996447, -0.2800000000000000266 ) ) ;
#4618 = VERTEX_POINT ( 'NONE', #1503 ) ;
#4619 = DIRECTION ( 'NONE',  ( 0.000000000000000000, 1.000000000000000000, 0.000000000000000000 ) ) ;
#4620 = SURFACE_STYLE_USAGE ( .BOTH. , #6143 ) ;
#4621 = ORIENTED_EDGE ( 'NONE', *, *, #3567, .F. ) ;
#4622 = CARTESIAN_POINT ( 'NONE',  ( -0.5000000000000012212, 0.2999999999999996003, 0.4400000000000000577 ) ) ;
#4623 = LINE ( 'NONE', #1199, #5790 ) ;
#4624 = FILL_AREA_STYLE ('',( #5578 ) ) ;
#4625 = ORIENTED_EDGE ( 'NONE', *, *, #2203, .F. ) ;
#4626 = ADVANCED_FACE ( 'NONE', ( #73 ), #6002, .F. ) ;
#4627 =( NAMED_UNIT ( * ) SI_UNIT ( $, .STERADIAN. ) SOLID_ANGLE_UNIT ( ) );
#4628 = ORIENTED_EDGE ( 'NONE', *, *, #4019, .T. ) ;
#4629 = FACE_OUTER_BOUND ( 'NONE', #1670, .T. ) ;
#4630 = LINE ( 'NONE', #5672, #1067 ) ;
#4631 = FILL_AREA_STYLE_COLOUR ( '', #5894 ) ;
#4632 = PRESENTATION_LAYER_ASSIGNMENT (  '', '', ( #1015 ) ) ;
#4633 = SURFACE_STYLE_FILL_AREA ( #4146 ) ;
#4634 = ORIENTED_EDGE ( 'NONE', *, *, #5665, .F. ) ;
#4635 = CARTESIAN_POINT ( 'NONE',  ( -0.5050000000000012257, -0.3050000000000004929, 0.5200000000000000178 ) ) ;
#4636 = FACE_OUTER_BOUND ( 'NONE', #1837, .T. ) ;
#4637 = SURFACE_STYLE_FILL_AREA ( #2289 ) ;
#4638 = ORIENTED_EDGE ( 'NONE', *, *, #1172, .F. ) ;
#4639 = EDGE_CURVE ( 'NONE', #5204, #1536, #6118, .T. ) ;
#4640 = MECHANICAL_DESIGN_GEOMETRIC_PRESENTATION_REPRESENTATION (  '', ( #91 ), #1845 ) ;
#4641 = DIRECTION ( 'NONE',  ( 0.000000000000000000, 0.000000000000000000, -1.000000000000000000 ) ) ;
#4642 = AXIS2_PLACEMENT_3D ( 'NONE', #434, #2462, #1970 ) ;
#4643 = FILL_AREA_STYLE ('',( #3113 ) ) ;
#4644 = EDGE_CURVE ( 'NONE', #2563, #3222, #5607, .T. ) ;
#4645 = COLOUR_RGB ( '',0.2862745098039215508, 0.2862745098039215508, 0.2862745098039215508 ) ;
#4646 = STYLED_ITEM ( 'NONE', ( #760 ), #1034 ) ;
#4647 = AXIS2_PLACEMENT_3D ( 'NONE', #3074, #5063, #726 ) ;
#4648 = UNCERTAINTY_MEASURE_WITH_UNIT (LENGTH_MEASURE( 1.000000000000000082E-05 ), #4092, 'distance_accuracy_value', 'NONE');
#4649 = FILL_AREA_STYLE_COLOUR ( '', #5097 ) ;
#4650 = VECTOR ( 'NONE', #4613, 1000.000000000000000 ) ;
#4651 = DIRECTION ( 'NONE',  ( -1.000000000000000000, 0.000000000000000000, 0.000000000000000000 ) ) ;
#4652 = AXIS2_PLACEMENT_3D ( 'NONE', #3362, #478, #2467 ) ;
#4653 = FACE_OUTER_BOUND ( 'NONE', #3513, .T. ) ;
#4654 = VERTEX_POINT ( 'NONE', #639 ) ;
#4655 = FILL_AREA_STYLE ('',( #4166 ) ) ;
#4656 =( GEOMETRIC_REPRESENTATION_CONTEXT ( 3 ) GLOBAL_UNCERTAINTY_ASSIGNED_CONTEXT ( ( #3421 ) ) GLOBAL_UNIT_ASSIGNED_CONTEXT ( ( #2257, #3205, #2190 ) ) REPRESENTATION_CONTEXT ( 'NONE', 'WORKASPACE' ) );
#4657 = COLOUR_RGB ( '',0.8627450980392157298, 0.6274509803921568540, 0.05882352941176470507 ) ;
#4658 = CARTESIAN_POINT ( 'NONE',  ( 0.000000000000000000, 0.5999999999999996447, 0.01999999999999994491 ) ) ;
#4659 = ORIENTED_EDGE ( 'NONE', *, *, #5268, .T. ) ;
#4660 =( NAMED_UNIT ( * ) SI_UNIT ( $, .STERADIAN. ) SOLID_ANGLE_UNIT ( ) );
#4661 = CARTESIAN_POINT ( 'NONE',  ( 0.7999999999999986011, -0.5999999999999998668, 0.01999999999999994491 ) ) ;
#4662 = CARTESIAN_POINT ( 'NONE',  ( 0.4999999999999986122, -0.3000000000000004885, 0.5200000000000000178 ) ) ;
#4663 = DIRECTION ( 'NONE',  ( -1.000000000000000000, 0.000000000000000000, -0.000000000000000000 ) ) ;
#4664 = AXIS2_PLACEMENT_3D ( 'NONE', #5681, #194, #6220 ) ;
#4665 = SURFACE_STYLE_USAGE ( .BOTH. , #2689 ) ;
#4666 = STYLED_ITEM ( 'NONE', ( #1982 ), #2706 ) ;
#4667 = ORIENTED_EDGE ( 'NONE', *, *, #5316, .T. ) ;
#4668 =( LENGTH_UNIT ( ) NAMED_UNIT ( * ) SI_UNIT ( .MILLI., .METRE. ) );
#4669 = CARTESIAN_POINT ( 'NONE',  ( -0.2499999999999995837, 0.1499999999999996336, 0.4442640687119288612 ) ) ;
#4670 = PRESENTATION_LAYER_ASSIGNMENT (  '', '', ( #4979 ) ) ;
#4671 = MECHANICAL_DESIGN_GEOMETRIC_PRESENTATION_REPRESENTATION (  '', ( #3430 ), #5520 ) ;
#4672 =( NAMED_UNIT ( * ) SI_UNIT ( $, .STERADIAN. ) SOLID_ANGLE_UNIT ( ) );
#4673 = EDGE_CURVE ( 'NONE', #4504, #3388, #4290, .T. ) ;
#4674 = EDGE_CURVE ( 'NONE', #4570, #4506, #3230, .T. ) ;
#4675 =( NAMED_UNIT ( * ) SI_UNIT ( $, .STERADIAN. ) SOLID_ANGLE_UNIT ( ) );
#4676 = MECHANICAL_DESIGN_GEOMETRIC_PRESENTATION_REPRESENTATION (  '', ( #1482 ), #1891 ) ;
#4677 = CARTESIAN_POINT ( 'NONE',  ( 0.000000000000000000, 0.000000000000000000, 0.01999999999999994491 ) ) ;
#4678 = DIRECTION ( 'NONE',  ( 0.000000000000000000, 0.000000000000000000, -1.000000000000000000 ) ) ;
#4679 = ORIENTED_EDGE ( 'NONE', *, *, #1516, .F. ) ;
#4680 = CARTESIAN_POINT ( 'NONE',  ( -0.5000000000000012212, -0.4550000000000004596, 0.4550000000000000711 ) ) ;
#4681 = MECHANICAL_DESIGN_GEOMETRIC_PRESENTATION_REPRESENTATION (  '', ( #5090 ), #2711 ) ;
#4682 = EDGE_CURVE ( 'NONE', #6159, #3852, #220, .T. ) ;
#4683 = AXIS2_PLACEMENT_3D ( 'NONE', #265, #3312, #5306 ) ;
#4684 = ORIENTED_EDGE ( 'NONE', *, *, #212, .T. ) ;
#4685 = FACE_OUTER_BOUND ( 'NONE', #328, .T. ) ;
#4686 = ORIENTED_EDGE ( 'NONE', *, *, #1358, .F. ) ;
#4687 = CYLINDRICAL_SURFACE ( 'NONE', #2108, 0.1500000000000000777 ) ;
#4688 = CARTESIAN_POINT ( 'NONE',  ( -0.5000000000000012212, 0.2999999999999996003, 0.5050000000000000044 ) ) ;
#4689 =( GEOMETRIC_REPRESENTATION_CONTEXT ( 3 ) GLOBAL_UNCERTAINTY_ASSIGNED_CONTEXT ( ( #4776 ) ) GLOBAL_UNIT_ASSIGNED_CONTEXT ( ( #1491, #2672, #117 ) ) REPRESENTATION_CONTEXT ( 'NONE', 'WORKASPACE' ) );
#4690 = PRESENTATION_LAYER_ASSIGNMENT (  '', '', ( #3949 ) ) ;
#4691 = CARTESIAN_POINT ( 'NONE',  ( 0.6044079500593120269, 0.4939339828220175588, -0.2800000000000000266 ) ) ;
#4692 = PRESENTATION_STYLE_ASSIGNMENT (( #3160 ) ) ;
#4693 = ORIENTED_EDGE ( 'NONE', *, *, #3355, .T. ) ;
#4694 = SURFACE_STYLE_FILL_AREA ( #279 ) ;
#4695 = DIRECTION ( 'NONE',  ( 0.000000000000000000, 0.000000000000000000, 1.000000000000000000 ) ) ;
#4696 = CIRCLE ( 'NONE', #145, 0.01499999999999998557 ) ;
#4697 = FACE_OUTER_BOUND ( 'NONE', #2941, .T. ) ;
#4698 = STYLED_ITEM ( 'NONE', ( #4692 ), #3722 ) ;
#4699 = DIRECTION ( 'NONE',  ( -1.000000000000000000, 0.000000000000000000, 0.000000000000000000 ) ) ;
#4700 = UNCERTAINTY_MEASURE_WITH_UNIT (LENGTH_MEASURE( 1.000000000000000082E-05 ), #3890, 'distance_accuracy_value', 'NONE');
#4701 = DIRECTION ( 'NONE',  ( 0.000000000000000000, 0.000000000000000000, -1.000000000000000000 ) ) ;
#4702 = ORIENTED_EDGE ( 'NONE', *, *, #3642, .T. ) ;
#4703 = SURFACE_STYLE_USAGE ( .BOTH. , #1755 ) ;
#4704 = VECTOR ( 'NONE', #812, 1000.000000000000000 ) ;
#4705 = DIRECTION ( 'NONE',  ( -1.000000000000000000, 0.000000000000000000, 0.000000000000000000 ) ) ;
#4706 = DIRECTION ( 'NONE',  ( 0.000000000000000000, 0.000000000000000000, 1.000000000000000000 ) ) ;
#4707 = CARTESIAN_POINT ( 'NONE',  ( 0.6939339828220163486, 0.000000000000000000, -0.2800000000000000266 ) ) ;
#4708 = ORIENTED_EDGE ( 'NONE', *, *, #228, .F. ) ;
#4709 = EDGE_CURVE ( 'NONE', #1826, #5443, #1167, .T. ) ;
#4710 = SURFACE_STYLE_USAGE ( .BOTH. , #1256 ) ;
#4711 = EDGE_CURVE ( 'NONE', #5500, #6357, #4182, .T. ) ;
#4712 = SURFACE_SIDE_STYLE ('',( #2359 ) ) ;
#4713 = ORIENTED_EDGE ( 'NONE', *, *, #3294, .T. ) ;
#4714 = FILL_AREA_STYLE_COLOUR ( '', #5793 ) ;
#4715 = EDGE_CURVE ( 'NONE', #3140, #4374, #5744, .T. ) ;
#4716 = CARTESIAN_POINT ( 'NONE',  ( 0.2499999999999997780, -0.4939339828220177808, -0.2800000000000000266 ) ) ;
#4717 = PLANE ( 'NONE',  #3839 ) ;
#4718 = EDGE_CURVE ( 'NONE', #5864, #3947, #1629, .T. ) ;
#4719 = FACE_OUTER_BOUND ( 'NONE', #5822, .T. ) ;
#4720 = LINE ( 'NONE', #3611, #2273 ) ;
#4721 = LINE ( 'NONE', #277, #6250 ) ;
#4722 = VERTEX_POINT ( 'NONE', #3583 ) ;
#4723 = FILL_AREA_STYLE ('',( #6334 ) ) ;
#4724 = PLANE ( 'NONE',  #419 ) ;
#4725 = CARTESIAN_POINT ( 'NONE',  ( 0.000000000000000000, 0.5999999999999996447, 0.01999999999999994491 ) ) ;
#4726 = EDGE_CURVE ( 'NONE', #1291, #4618, #1231, .T. ) ;
#4727 = SURFACE_STYLE_FILL_AREA ( #3780 ) ;
#4728 = ORIENTED_EDGE ( 'NONE', *, *, #4682, .T. ) ;
#4729 = ORIENTED_EDGE ( 'NONE', *, *, #2698, .T. ) ;
#4730 = LINE ( 'NONE', #2226, #652 ) ;
#4731 = DIRECTION ( 'NONE',  ( 0.000000000000000000, 0.000000000000000000, -1.000000000000000000 ) ) ;
#4732 = VERTEX_POINT ( 'NONE', #249 ) ;
#4733 = LINE ( 'NONE', #169, #4805 ) ;
#4734 = CARTESIAN_POINT ( 'NONE',  ( -0.6939339828220163486, 0.4044079500593131815, 0.01999999999999994491 ) ) ;
#4735 = CARTESIAN_POINT ( 'NONE',  ( -0.7999999999999986011, 0.000000000000000000, 0.01999999999999994491 ) ) ;
#4736 = ORIENTED_EDGE ( 'NONE', *, *, #4361, .F. ) ;
#4737 = VECTOR ( 'NONE', #3647, 1000.000000000000000 ) ;
#4738 =( GEOMETRIC_REPRESENTATION_CONTEXT ( 3 ) GLOBAL_UNCERTAINTY_ASSIGNED_CONTEXT ( ( #2946 ) ) GLOBAL_UNIT_ASSIGNED_CONTEXT ( ( #1175, #5530, #3560 ) ) REPRESENTATION_CONTEXT ( 'NONE', 'WORKASPACE' ) );
#4739 = FACE_OUTER_BOUND ( 'NONE', #1753, .T. ) ;
#4740 = VERTEX_POINT ( 'NONE', #3125 ) ;
#4741 = CARTESIAN_POINT ( 'NONE',  ( 0.7999999999999986011, 0.4499999999999995670, 0.2800000000000000266 ) ) ;
#4742 = CARTESIAN_POINT ( 'NONE',  ( 0.6939339828220163486, -0.1499999999999997446, 0.01999999999999994491 ) ) ;
#4743 =( GEOMETRIC_REPRESENTATION_CONTEXT ( 3 ) GLOBAL_UNCERTAINTY_ASSIGNED_CONTEXT ( ( #2383 ) ) GLOBAL_UNIT_ASSIGNED_CONTEXT ( ( #5469, #4045, #1019 ) ) REPRESENTATION_CONTEXT ( 'NONE', 'WORKASPACE' ) );
#4744 = VECTOR ( 'NONE', #4124, 1000.000000000000000 ) ;
#4745 = CARTESIAN_POINT ( 'NONE',  ( 0.6549999999999986944, 0.2999999999999996003, 0.4550000000000000711 ) ) ;
#4746 =( NAMED_UNIT ( * ) PLANE_ANGLE_UNIT ( ) SI_UNIT ( $, .RADIAN. ) );
#4747 = STYLED_ITEM ( 'NONE', ( #1574 ), #1829 ) ;
#4748 = ADVANCED_FACE ( 'NONE', ( #2250 ), #6178, .T. ) ;
#4749 = VECTOR ( 'NONE', #2070, 1000.000000000000000 ) ;
#4750 = SURFACE_STYLE_FILL_AREA ( #1810 ) ;
#4751 = ORIENTED_EDGE ( 'NONE', *, *, #4072, .T. ) ;
#4752 = PRESENTATION_LAYER_ASSIGNMENT (  '', '', ( #3911 ) ) ;
#4753 = CARTESIAN_POINT ( 'NONE',  ( -0.6939339828220163486, 0.000000000000000000, 0.01999999999999994491 ) ) ;
#4754 = SURFACE_SIDE_STYLE ('',( #1332 ) ) ;
#4755 = ORIENTED_EDGE ( 'NONE', *, *, #5602, .F. ) ;
#4756 =( NAMED_UNIT ( * ) SI_UNIT ( $, .STERADIAN. ) SOLID_ANGLE_UNIT ( ) );
#4757 = CARTESIAN_POINT ( 'NONE',  ( -0.7999999999999986011, -0.5999999999999994227, -0.2800000000000000266 ) ) ;
#4758 =( GEOMETRIC_REPRESENTATION_CONTEXT ( 3 ) GLOBAL_UNCERTAINTY_ASSIGNED_CONTEXT ( ( #1336 ) ) GLOBAL_UNIT_ASSIGNED_CONTEXT ( ( #3178, #5160, #234 ) ) REPRESENTATION_CONTEXT ( 'NONE', 'WORKASPACE' ) );
#4759 =( GEOMETRIC_REPRESENTATION_CONTEXT ( 3 ) GLOBAL_UNCERTAINTY_ASSIGNED_CONTEXT ( ( #357 ) ) GLOBAL_UNIT_ASSIGNED_CONTEXT ( ( #5338, #5397, #1421 ) ) REPRESENTATION_CONTEXT ( 'NONE', 'WORKASPACE' ) );
#4760 = DIRECTION ( 'NONE',  ( -0.000000000000000000, -0.000000000000000000, 1.000000000000000000 ) ) ;
#4761 = ADVANCED_FACE ( 'NONE', ( #3290 ), #1408, .F. ) ;
#4762 = PLANE ( 'NONE',  #4490 ) ;
#4763 = EDGE_LOOP ( 'NONE', ( #1270, #6265, #3546, #45 ) ) ;
#4764 =( LENGTH_UNIT ( ) NAMED_UNIT ( * ) SI_UNIT ( .MILLI., .METRE. ) );
#4765 = CIRCLE ( 'NONE', #6018, 0.1500000000000000777 ) ;
#4766 = DIRECTION ( 'NONE',  ( 0.000000000000000000, -1.000000000000000000, 0.000000000000000000 ) ) ;
#4767 = VECTOR ( 'NONE', #4344, 1000.000000000000000 ) ;
#4768 = FILL_AREA_STYLE_COLOUR ( '', #5503 ) ;
#4769 = FACE_OUTER_BOUND ( 'NONE', #6336, .T. ) ;
#4770 = SURFACE_SIDE_STYLE ('',( #2789 ) ) ;
#4771 = VECTOR ( 'NONE', #1261, 1000.000000000000000 ) ;
#4772 = ORIENTED_EDGE ( 'NONE', *, *, #1959, .T. ) ;
#4773 = DIRECTION ( 'NONE',  ( -6.118385167737106238E-16, 1.000000000000000000, 0.000000000000000000 ) ) ;
#4774 = PRESENTATION_LAYER_ASSIGNMENT (  '', '', ( #5083 ) ) ;
#4775 = VECTOR ( 'NONE', #575, 1000.000000000000000 ) ;
#4776 = UNCERTAINTY_MEASURE_WITH_UNIT (LENGTH_MEASURE( 1.000000000000000082E-05 ), #1491, 'distance_accuracy_value', 'NONE');
#4777 = DIRECTION ( 'NONE',  ( 0.000000000000000000, 0.000000000000000000, -1.000000000000000000 ) ) ;
#4778 = COLOUR_RGB ( '',0.2862745098039215508, 0.2862745098039215508, 0.2862745098039215508 ) ;
#4779 = CARTESIAN_POINT ( 'NONE',  ( -0.2499999999999997780, -0.4500000000000018430, -0.2800000000000000266 ) ) ;
#4780 = ORIENTED_EDGE ( 'NONE', *, *, #191, .T. ) ;
#4781 = FILL_AREA_STYLE ('',( #1362 ) ) ;
#4782 = PRESENTATION_LAYER_ASSIGNMENT (  '', '', ( #1482 ) ) ;
#4783 =( NAMED_UNIT ( * ) PLANE_ANGLE_UNIT ( ) SI_UNIT ( $, .RADIAN. ) );
#4784 = FACE_OUTER_BOUND ( 'NONE', #274, .T. ) ;
#4785 =( GEOMETRIC_REPRESENTATION_CONTEXT ( 3 ) GLOBAL_UNCERTAINTY_ASSIGNED_CONTEXT ( ( #3915 ) ) GLOBAL_UNIT_ASSIGNED_CONTEXT ( ( #1239, #1279, #3100 ) ) REPRESENTATION_CONTEXT ( 'NONE', 'WORKASPACE' ) );
#4786 = CARTESIAN_POINT ( 'NONE',  ( 0.4999999999999986122, -0.3000000000000004885, 0.5050000000000000044 ) ) ;
#4787 = MECHANICAL_DESIGN_GEOMETRIC_PRESENTATION_REPRESENTATION (  '', ( #331 ), #6325 ) ;
#4788 = DIRECTION ( 'NONE',  ( 0.000000000000000000, 1.000000000000000000, 0.000000000000000000 ) ) ;
#4789 = ORIENTED_EDGE ( 'NONE', *, *, #354, .F. ) ;
#4790 = DIRECTION ( 'NONE',  ( 0.000000000000000000, 0.000000000000000000, 1.000000000000000000 ) ) ;
#4791 =( NAMED_UNIT ( * ) PLANE_ANGLE_UNIT ( ) SI_UNIT ( $, .RADIAN. ) );
#4792 = DIRECTION ( 'NONE',  ( -1.000000000000000000, 0.000000000000000000, 0.000000000000000000 ) ) ;
#4793 = AXIS2_PLACEMENT_3D ( 'NONE', #6079, #2644, #209 ) ;
#4794 = EDGE_CURVE ( 'NONE', #5948, #5426, #2869, .T. ) ;
#4795 = EDGE_CURVE ( 'NONE', #564, #76, #4696, .T. ) ;
#4796 = ORIENTED_EDGE ( 'NONE', *, *, #2762, .T. ) ;
#4797 = SURFACE_SIDE_STYLE ('',( #4829 ) ) ;
#4798 = VECTOR ( 'NONE', #2772, 1000.000000000000000 ) ;
#4799 = LINE ( 'NONE', #5332, #61 ) ;
#4800 = CARTESIAN_POINT ( 'NONE',  ( 0.6999999999999986233, -0.3000000000000004885, 0.4250000000000000999 ) ) ;
#4801 = ORIENTED_EDGE ( 'NONE', *, *, #3876, .T. ) ;
#4802 = EDGE_CURVE ( 'NONE', #3974, #3605, #5806, .T. ) ;
#4803 = ADVANCED_FACE ( 'NONE', ( #3803 ), #5777, .F. ) ;
#4804 = STYLED_ITEM ( 'NONE', ( #3925 ), #4826 ) ;
#4805 = VECTOR ( 'NONE', #1214, 1000.000000000000000 ) ;
#4806 = FILL_AREA_STYLE ('',( #3850 ) ) ;
#4807 = CARTESIAN_POINT ( 'NONE',  ( -0.2499999999999997780, 0.000000000000000000, 0.01999999999999994491 ) ) ;
#4808 = CARTESIAN_POINT ( 'NONE',  ( 0.4999999999999986122, 0.4549999999999995715, 0.4400000000000000577 ) ) ;
#4809 = VERTEX_POINT ( 'NONE', #6027 ) ;
#4810 =( NAMED_UNIT ( * ) PLANE_ANGLE_UNIT ( ) SI_UNIT ( $, .RADIAN. ) );
#4811 = EDGE_CURVE ( 'NONE', #2355, #4809, #3761, .T. ) ;
#4812 = DIRECTION ( 'NONE',  ( -0.000000000000000000, -0.000000000000000000, 1.000000000000000000 ) ) ;
#4813 = SURFACE_SIDE_STYLE ('',( #1901 ) ) ;
#4814 = SURFACE_STYLE_USAGE ( .BOTH. , #5696 ) ;
#4815 = PLANE ( 'NONE',  #1573 ) ;
#4816 = VERTEX_POINT ( 'NONE', #3962 ) ;
#4817 =( NAMED_UNIT ( * ) SI_UNIT ( $, .STERADIAN. ) SOLID_ANGLE_UNIT ( ) );
#4818 = DIRECTION ( 'NONE',  ( -0.000000000000000000, -0.000000000000000000, -1.000000000000000000 ) ) ;
#4819 = CARTESIAN_POINT ( 'NONE',  ( 0.7999999999999986011, -0.3774999999999997802, 0.01999999999999994491 ) ) ;
#4820 = DIRECTION ( 'NONE',  ( 0.000000000000000000, -1.000000000000000000, 0.000000000000000000 ) ) ;
#4821 = ORIENTED_EDGE ( 'NONE', *, *, #4486, .F. ) ;
#4822 = EDGE_LOOP ( 'NONE', ( #5122, #3943, #4667, #3832 ) ) ;
#4823 = DIRECTION ( 'NONE',  ( -0.000000000000000000, -0.000000000000000000, 1.000000000000000000 ) ) ;
#4824 = CARTESIAN_POINT ( 'NONE',  ( 0.7999999999999986011, -0.4500000000000002887, 0.01999999999999994491 ) ) ;
#4825 = DIRECTION ( 'NONE',  ( 0.000000000000000000, 0.000000000000000000, -1.000000000000000000 ) ) ;
#4826 = ADVANCED_FACE ( 'NONE', ( #1027 ), #3991, .F. ) ;
#4827 = FACE_OUTER_BOUND ( 'NONE', #1339, .T. ) ;
#4828 = ORIENTED_EDGE ( 'NONE', *, *, #2041, .F. ) ;
#4829 = SURFACE_STYLE_FILL_AREA ( #4422 ) ;
#4830 = CARTESIAN_POINT ( 'NONE',  ( 3.022078354339549274E-16, 0.4939339828220178918, 0.01999999999999994491 ) ) ;
#4831 = DIRECTION ( 'NONE',  ( -1.000000000000000000, 1.506527021941980298E-15, 0.000000000000000000 ) ) ;
#4832 = EDGE_LOOP ( 'NONE', ( #5163, #3977, #6051, #2352, #4481, #6044, #499, #5973, #5554 ) ) ;
#4833 = AXIS2_PLACEMENT_3D ( 'NONE', #174, #5135, #1642 ) ;
#4834 = UNCERTAINTY_MEASURE_WITH_UNIT (LENGTH_MEASURE( 1.000000000000000082E-05 ), #1100, 'distance_accuracy_value', 'NONE');
#4835 = ORIENTED_EDGE ( 'NONE', *, *, #2123, .T. ) ;
#4836 = EDGE_CURVE ( 'NONE', #1637, #5982, #5460, .T. ) ;
#4837 = DIRECTION ( 'NONE',  ( -1.000000000000000000, 0.000000000000000000, 0.000000000000000000 ) ) ;
#4838 =( NAMED_UNIT ( * ) SI_UNIT ( $, .STERADIAN. ) SOLID_ANGLE_UNIT ( ) );
#4839 = VERTEX_POINT ( 'NONE', #5932 ) ;
#4840 = CIRCLE ( 'NONE', #1736, 0.01499999999999998557 ) ;
#4841 = CARTESIAN_POINT ( 'NONE',  ( -0.6939339828220163486, 0.000000000000000000, 0.01999999999999994491 ) ) ;
#4842 = CARTESIAN_POINT ( 'NONE',  ( -0.5050000000000012257, -0.3050000000000004929, 0.5200000000000000178 ) ) ;
#4843 = ADVANCED_FACE ( 'NONE', ( #1520 ), #963, .T. ) ;
#4844 =( GEOMETRIC_REPRESENTATION_CONTEXT ( 3 ) GLOBAL_UNCERTAINTY_ASSIGNED_CONTEXT ( ( #1927 ) ) GLOBAL_UNIT_ASSIGNED_CONTEXT ( ( #5871, #5289, #3331 ) ) REPRESENTATION_CONTEXT ( 'NONE', 'WORKASPACE' ) );
#4845 = ORIENTED_EDGE ( 'NONE', *, *, #5177, .T. ) ;
#4846 = DIRECTION ( 'NONE',  ( 1.000000000000000000, -0.000000000000000000, 0.000000000000000000 ) ) ;
#4847 = EDGE_LOOP ( 'NONE', ( #4218, #3599, #4958, #1169 ) ) ;
#4848 = DIRECTION ( 'NONE',  ( 0.000000000000000000, -1.000000000000000000, 0.000000000000000000 ) ) ;
#4849 = SURFACE_STYLE_FILL_AREA ( #4469 ) ;
#4850 = PLANE ( 'NONE',  #6338 ) ;
#4851 = FILL_AREA_STYLE_COLOUR ( '', #2333 ) ;
#4852 = VERTEX_POINT ( 'NONE', #2898 ) ;
#4853 =( LENGTH_UNIT ( ) NAMED_UNIT ( * ) SI_UNIT ( .MILLI., .METRE. ) );
#4854 = AXIS2_PLACEMENT_3D ( 'NONE', #2839, #3354, #304 ) ;
#4855 = CARTESIAN_POINT ( 'NONE',  ( -0.7999999999999986011, 0.4499999999999994560, -0.2800000000000000266 ) ) ;
#4856 = CIRCLE ( 'NONE', #2078, 0.06000000000000026840 ) ;
#4857 = LINE ( 'NONE', #6363, #1572 ) ;
#4858 =( NAMED_UNIT ( * ) PLANE_ANGLE_UNIT ( ) SI_UNIT ( $, .RADIAN. ) );
#4859 = CARTESIAN_POINT ( 'NONE',  ( 0.6499999999999985789, -0.6000000000000005329, -0.2810000000000000275 ) ) ;
#4860 = PRESENTATION_LAYER_ASSIGNMENT (  '', '', ( #401 ) ) ;
#4861 = VECTOR ( 'NONE', #6166, 1000.000000000000000 ) ;
#4862 = DIRECTION ( 'NONE',  ( 0.000000000000000000, 0.000000000000000000, -1.000000000000000000 ) ) ;
#4863 = ORIENTED_EDGE ( 'NONE', *, *, #4802, .T. ) ;
#4864 = LINE ( 'NONE', #1849, #4593 ) ;
#4865 = FILL_AREA_STYLE_COLOUR ( '', #5293 ) ;
#4866 = MECHANICAL_DESIGN_GEOMETRIC_PRESENTATION_REPRESENTATION (  '', ( #4747 ), #3302 ) ;
#4867 = DIRECTION ( 'NONE',  ( -1.000000000000000000, 0.000000000000000000, 0.000000000000000000 ) ) ;
#4868 =( GEOMETRIC_REPRESENTATION_CONTEXT ( 3 ) GLOBAL_UNCERTAINTY_ASSIGNED_CONTEXT ( ( #5498 ) ) GLOBAL_UNIT_ASSIGNED_CONTEXT ( ( #4668, #4187, #6160 ) ) REPRESENTATION_CONTEXT ( 'NONE', 'WORKASPACE' ) );
#4869 = MECHANICAL_DESIGN_GEOMETRIC_PRESENTATION_REPRESENTATION (  '', ( #3817 ), #4656 ) ;
#4870 = VECTOR ( 'NONE', #3493, 1000.000000000000000 ) ;
#4871 = ORIENTED_EDGE ( 'NONE', *, *, #6290, .T. ) ;
#4872 = LINE ( 'NONE', #3376, #4704 ) ;
#4873 = DIRECTION ( 'NONE',  ( -0.000000000000000000, -0.000000000000000000, 1.000000000000000000 ) ) ;
#4874 = VERTEX_POINT ( 'NONE', #1493 ) ;
#4875 = COLOUR_RGB ( '',0.8039215686274510109, 0.8039215686274510109, 0.8039215686274510109 ) ;
#4876 = EDGE_CURVE ( 'NONE', #5741, #3574, #2438, .T. ) ;
#4877 = EDGE_CURVE ( 'NONE', #4506, #1502, #2932, .T. ) ;
#4878 =( GEOMETRIC_REPRESENTATION_CONTEXT ( 3 ) GLOBAL_UNCERTAINTY_ASSIGNED_CONTEXT ( ( #2393 ) ) GLOBAL_UNIT_ASSIGNED_CONTEXT ( ( #2219, #3129, #5118 ) ) REPRESENTATION_CONTEXT ( 'NONE', 'WORKASPACE' ) );
#4879 = COLOUR_RGB ( '',0.8627450980392157298, 0.5882352941176470784, 0.06274509803921568540 ) ;
#4880 = DIRECTION ( 'NONE',  ( 1.000000000000000000, 0.000000000000000000, -0.000000000000000000 ) ) ;
#4881 = DIRECTION ( 'NONE',  ( 1.000000000000000000, 0.000000000000000000, -0.000000000000000000 ) ) ;
#4882 = ORIENTED_EDGE ( 'NONE', *, *, #2093, .T. ) ;
#4883 = VECTOR ( 'NONE', #5036, 1000.000000000000000 ) ;
#4884 = EDGE_CURVE ( 'NONE', #6023, #3037, #3459, .T. ) ;
#4885 = DIRECTION ( 'NONE',  ( 0.000000000000000000, 0.000000000000000000, 1.000000000000000000 ) ) ;
#4886 = PRESENTATION_LAYER_ASSIGNMENT (  '', '', ( #3628 ) ) ;
#4887 =( NAMED_UNIT ( * ) PLANE_ANGLE_UNIT ( ) SI_UNIT ( $, .RADIAN. ) );
#4888 = ORIENTED_EDGE ( 'NONE', *, *, #537, .T. ) ;
#4889 = SURFACE_STYLE_FILL_AREA ( #5322 ) ;
#4890 =( LENGTH_UNIT ( ) NAMED_UNIT ( * ) SI_UNIT ( .MILLI., .METRE. ) );
#4891 = PLANE ( 'NONE',  #540 ) ;
#4892 = ORIENTED_EDGE ( 'NONE', *, *, #3869, .F. ) ;
#4893 = LINE ( 'NONE', #4416, #5534 ) ;
#4894 = PLANE ( 'NONE',  #4009 ) ;
#4895 = DIRECTION ( 'NONE',  ( -1.000000000000000000, -3.410973126920690642E-15, 0.000000000000000000 ) ) ;
#4896 =( GEOMETRIC_REPRESENTATION_CONTEXT ( 3 ) GLOBAL_UNCERTAINTY_ASSIGNED_CONTEXT ( ( #4330 ) ) GLOBAL_UNIT_ASSIGNED_CONTEXT ( ( #148, #1119, #5165 ) ) REPRESENTATION_CONTEXT ( 'NONE', 'WORKASPACE' ) );
#4897 = CIRCLE ( 'NONE', #4047, 0.1999999999999999833 ) ;
#4898 = ORIENTED_EDGE ( 'NONE', *, *, #3365, .F. ) ;
#4899 = SURFACE_STYLE_FILL_AREA ( #1069 ) ;
#4900 = ORIENTED_EDGE ( 'NONE', *, *, #2891, .F. ) ;
#4901 = STYLED_ITEM ( 'NONE', ( #6358 ), #6146 ) ;
#4902 = DIRECTION ( 'NONE',  ( 1.506527021941980298E-15, 1.000000000000000000, 0.000000000000000000 ) ) ;
#4903 = CARTESIAN_POINT ( 'NONE',  ( 0.6939339828220163486, 0.1499999999999996336, 0.01999999999999994491 ) ) ;
#4904 = CARTESIAN_POINT ( 'NONE',  ( -0.7999999999999986011, 0.000000000000000000, 0.01999999999999994491 ) ) ;
#4905 = ORIENTED_EDGE ( 'NONE', *, *, #4523, .T. ) ;
#4906 = COLOUR_RGB ( '',0.8627450980392157298, 0.5882352941176470784, 0.06274509803921568540 ) ;
#4907 = CIRCLE ( 'NONE', #3237, 0.2225000000000000311 ) ;
#4908 = ORIENTED_EDGE ( 'NONE', *, *, #2939, .T. ) ;
#4909 = COLOUR_RGB ( '',0.8039215686274510109, 0.8039215686274510109, 0.8039215686274510109 ) ;
#4910 = STYLED_ITEM ( 'NONE', ( #1272 ), #4748 ) ;
#4911 = UNCERTAINTY_MEASURE_WITH_UNIT (LENGTH_MEASURE( 1.000000000000000082E-05 ), #4212, 'distance_accuracy_value', 'NONE');
#4912 = DIRECTION ( 'NONE',  ( -1.000000000000000000, 0.000000000000000000, 0.000000000000000000 ) ) ;
#4913 = CARTESIAN_POINT ( 'NONE',  ( -0.2499999999999997780, 0.000000000000000000, 0.01999999999999994491 ) ) ;
#4914 =( GEOMETRIC_REPRESENTATION_CONTEXT ( 3 ) GLOBAL_UNCERTAINTY_ASSIGNED_CONTEXT ( ( #2577 ) ) GLOBAL_UNIT_ASSIGNED_CONTEXT ( ( #6073, #5431, #4965 ) ) REPRESENTATION_CONTEXT ( 'NONE', 'WORKASPACE' ) );
#4915 = EDGE_CURVE ( 'NONE', #5337, #5377, #1096, .T. ) ;
#4916 = SURFACE_STYLE_FILL_AREA ( #5465 ) ;
#4917 =( NAMED_UNIT ( * ) SI_UNIT ( $, .STERADIAN. ) SOLID_ANGLE_UNIT ( ) );
#4918 = COLOUR_RGB ( '',0.8627450980392157298, 0.6274509803921568540, 0.05882352941176470507 ) ;
#4919 = EDGE_LOOP ( 'NONE', ( #1627, #5604, #4601, #4728 ) ) ;
#4920 = UNCERTAINTY_MEASURE_WITH_UNIT (LENGTH_MEASURE( 1.000000000000000082E-05 ), #2507, 'distance_accuracy_value', 'NONE');
#4921 = PRESENTATION_STYLE_ASSIGNMENT (( #602 ) ) ;
#4922 = SURFACE_SIDE_STYLE ('',( #2930 ) ) ;
#4923 = ORIENTED_EDGE ( 'NONE', *, *, #6333, .F. ) ;
#4924 = CARTESIAN_POINT ( 'NONE',  ( -0.2499999999999997780, 0.000000000000000000, -0.2800000000000000266 ) ) ;
#4925 = ADVANCED_FACE ( 'NONE', ( #3154 ), #6056, .F. ) ;
#4926 = FILL_AREA_STYLE ('',( #2933 ) ) ;
#4927 =( NAMED_UNIT ( * ) PLANE_ANGLE_UNIT ( ) SI_UNIT ( $, .RADIAN. ) );
#4928 = DIRECTION ( 'NONE',  ( 0.000000000000000000, 0.000000000000000000, 1.000000000000000000 ) ) ;
#4929 = SURFACE_STYLE_USAGE ( .BOTH. , #5967 ) ;
#4930 = ORIENTED_EDGE ( 'NONE', *, *, #2662, .F. ) ;
#4931 = SURFACE_STYLE_FILL_AREA ( #1529 ) ;
#4932 = DIRECTION ( 'NONE',  ( 0.000000000000000000, 0.000000000000000000, -1.000000000000000000 ) ) ;
#4933 = EDGE_CURVE ( 'NONE', #917, #4839, #120, .T. ) ;
#4934 = CARTESIAN_POINT ( 'NONE',  ( -0.7999999999999986011, 0.5999999999999996447, 0.01999999999999994491 ) ) ;
#4935 = ORIENTED_EDGE ( 'NONE', *, *, #6157, .F. ) ;
#4936 = PLANE ( 'NONE',  #6105 ) ;
#4937 =( GEOMETRIC_REPRESENTATION_CONTEXT ( 3 ) GLOBAL_UNCERTAINTY_ASSIGNED_CONTEXT ( ( #3483 ) ) GLOBAL_UNIT_ASSIGNED_CONTEXT ( ( #3425, #480, #2081 ) ) REPRESENTATION_CONTEXT ( 'NONE', 'WORKASPACE' ) );
#4938 = DIRECTION ( 'NONE',  ( 0.000000000000000000, 1.000000000000000000, 0.000000000000000000 ) ) ;
#4939 = CARTESIAN_POINT ( 'NONE',  ( 3.022078354339549274E-16, 0.4939339828220178918, 0.01999999999999994491 ) ) ;
#4940 = PRESENTATION_STYLE_ASSIGNMENT (( #2076 ) ) ;
#4941 = EDGE_CURVE ( 'NONE', #2379, #5776, #2615, .T. ) ;
#4942 = AXIS2_PLACEMENT_3D ( 'NONE', #4688, #4202, #5701 ) ;
#4943 = DIRECTION ( 'NONE',  ( 1.000000000000000000, 0.000000000000000000, 0.000000000000000000 ) ) ;
#4944 = EDGE_LOOP ( 'NONE', ( #4043, #400, #4621, #1751 ) ) ;
#4945 = DIRECTION ( 'NONE',  ( 0.000000000000000000, 1.000000000000000000, 0.000000000000000000 ) ) ;
#4946 = SURFACE_STYLE_USAGE ( .BOTH. , #550 ) ;
#4947 = PRESENTATION_STYLE_ASSIGNMENT (( #3489 ) ) ;
#4948 = CARTESIAN_POINT ( 'NONE',  ( -0.5000000000000012212, -0.4850000000000004863, 0.4400000000000000577 ) ) ;
#4949 = EDGE_CURVE ( 'NONE', #3527, #2215, #3575, .T. ) ;
#4950 = DIRECTION ( 'NONE',  ( 1.000000000000000000, 0.000000000000000000, -0.000000000000000000 ) ) ;
#4951 = STYLED_ITEM ( 'NONE', ( #101 ), #659 ) ;
#4952 =( LENGTH_UNIT ( ) NAMED_UNIT ( * ) SI_UNIT ( .MILLI., .METRE. ) );
#4953 = ORIENTED_EDGE ( 'NONE', *, *, #5283, .F. ) ;
#4954 = SURFACE_STYLE_USAGE ( .BOTH. , #1592 ) ;
#4955 = FACE_OUTER_BOUND ( 'NONE', #4847, .T. ) ;
#4956 = DIRECTION ( 'NONE',  ( -0.000000000000000000, 0.000000000000000000, -1.000000000000000000 ) ) ;
#4957 = PRESENTATION_STYLE_ASSIGNMENT (( #3096 ) ) ;
#4958 = ORIENTED_EDGE ( 'NONE', *, *, #448, .F. ) ;
#4959 = PRESENTATION_LAYER_ASSIGNMENT (  '', '', ( #1346 ) ) ;
#4960 = COLOUR_RGB ( '',0.8039215686274510109, 0.8039215686274510109, 0.8039215686274510109 ) ;
#4961 = EDGE_CURVE ( 'NONE', #611, #1994, #5136, .T. ) ;
#4962 = UNCERTAINTY_MEASURE_WITH_UNIT (LENGTH_MEASURE( 1.000000000000000082E-05 ), #5984, 'distance_accuracy_value', 'NONE');
#4963 = VERTEX_POINT ( 'NONE', #2140 ) ;
#4964 = VECTOR ( 'NONE', #288, 1000.000000000000000 ) ;
#4965 =( NAMED_UNIT ( * ) SI_UNIT ( $, .STERADIAN. ) SOLID_ANGLE_UNIT ( ) );
#4966 = MECHANICAL_DESIGN_GEOMETRIC_PRESENTATION_REPRESENTATION (  '', ( #3816 ), #2387 ) ;
#4967 =( NAMED_UNIT ( * ) PLANE_ANGLE_UNIT ( ) SI_UNIT ( $, .RADIAN. ) );
#4968 = MECHANICAL_DESIGN_GEOMETRIC_PRESENTATION_REPRESENTATION (  '', ( #6100 ), #196 ) ;
#4969 =( GEOMETRIC_REPRESENTATION_CONTEXT ( 3 ) GLOBAL_UNCERTAINTY_ASSIGNED_CONTEXT ( ( #6183 ) ) GLOBAL_UNIT_ASSIGNED_CONTEXT ( ( #3980, #4077, #4008 ) ) REPRESENTATION_CONTEXT ( 'NONE', 'WORKASPACE' ) );
#4970 = MECHANICAL_DESIGN_GEOMETRIC_PRESENTATION_REPRESENTATION (  '', ( #1043 ), #4759 ) ;
#4971 = UNCERTAINTY_MEASURE_WITH_UNIT (LENGTH_MEASURE( 1.000000000000000082E-05 ), #446, 'distance_accuracy_value', 'NONE');
#4972 = DIRECTION ( 'NONE',  ( 0.000000000000000000, 0.000000000000000000, 1.000000000000000000 ) ) ;
#4973 = COLOUR_RGB ( '',0.8627450980392157298, 0.5882352941176470784, 0.06274509803921568540 ) ;
#4974 = PLANE ( 'NONE',  #1480 ) ;
#4975 = CARTESIAN_POINT ( 'NONE',  ( -0.5000000000000009992, 0.4399999999999995581, 0.5050000000000000044 ) ) ;
#4976 = DIRECTION ( 'NONE',  ( -0.000000000000000000, 1.000000000000000000, -0.000000000000000000 ) ) ;
#4977 = AXIS2_PLACEMENT_3D ( 'NONE', #132, #3470, #2126 ) ;
#4978 = LINE ( 'NONE', #547, #2234 ) ;
#4979 = STYLED_ITEM ( 'NONE', ( #3615 ), #5473 ) ;
#4980 =( NAMED_UNIT ( * ) PLANE_ANGLE_UNIT ( ) SI_UNIT ( $, .RADIAN. ) );
#4981 = SURFACE_STYLE_FILL_AREA ( #33 ) ;
#4982 = SURFACE_SIDE_STYLE ('',( #2015 ) ) ;
#4983 = AXIS2_PLACEMENT_3D ( 'NONE', #1194, #1643, #1771 ) ;
#4984 = LINE ( 'NONE', #1098, #3542 ) ;
#4985 = COLOUR_RGB ( '',0.8627450980392157298, 0.5882352941176470784, 0.06274509803921568540 ) ;
#4986 = AXIS2_PLACEMENT_3D ( 'NONE', #1360, #890, #2862 ) ;
#4987 = LINE ( 'NONE', #1988, #4286 ) ;
#4988 = ORIENTED_EDGE ( 'NONE', *, *, #2028, .T. ) ;
#4989 = CARTESIAN_POINT ( 'NONE',  ( 0.6849999999999984990, 0.2999999999999996003, 0.4250000000000000999 ) ) ;
#4990 = DIRECTION ( 'NONE',  ( 0.000000000000000000, 0.000000000000000000, -1.000000000000000000 ) ) ;
#4991 = EDGE_CURVE ( 'NONE', #2751, #1564, #4086, .T. ) ;
#4992 = DIRECTION ( 'NONE',  ( 0.000000000000000000, 1.000000000000000000, 0.000000000000000000 ) ) ;
#4993 =( NAMED_UNIT ( * ) SI_UNIT ( $, .STERADIAN. ) SOLID_ANGLE_UNIT ( ) );
#4994 = CARTESIAN_POINT ( 'NONE',  ( -0.2499999999999997780, -0.4500000000000018430, 0.01999999999999994491 ) ) ;
#4995 = EDGE_CURVE ( 'NONE', #5443, #3605, #372, .T. ) ;
#4996 = VERTEX_POINT ( 'NONE', #4198 ) ;
#4997 = VECTOR ( 'NONE', #3796, 1000.000000000000000 ) ;
#4998 = STYLED_ITEM ( 'NONE', ( #3149 ), #2953 ) ;
#4999 = FILL_AREA_STYLE ('',( #4505 ) ) ;
#5000 = AXIS2_PLACEMENT_3D ( 'NONE', #5679, #1727, #4701 ) ;
#5001 = ORIENTED_EDGE ( 'NONE', *, *, #5268, .F. ) ;
#5002 = LINE ( 'NONE', #6013, #1249 ) ;
#5003 = AXIS2_PLACEMENT_3D ( 'NONE', #1275, #1725, #3710 ) ;
#5004 = SURFACE_SIDE_STYLE ('',( #2032 ) ) ;
#5005 = EDGE_CURVE ( 'NONE', #5741, #5852, #5661, .T. ) ;
#5006 = EDGE_LOOP ( 'NONE', ( #1427, #3090, #905, #872 ) ) ;
#5007 = PRESENTATION_LAYER_ASSIGNMENT (  '', '', ( #648 ) ) ;
#5008 =( NAMED_UNIT ( * ) SI_UNIT ( $, .STERADIAN. ) SOLID_ANGLE_UNIT ( ) );
#5009 = DIRECTION ( 'NONE',  ( 1.000000000000000000, 0.000000000000000000, 0.000000000000000000 ) ) ;
#5010 =( GEOMETRIC_REPRESENTATION_CONTEXT ( 3 ) GLOBAL_UNCERTAINTY_ASSIGNED_CONTEXT ( ( #3989 ) ) GLOBAL_UNIT_ASSIGNED_CONTEXT ( ( #4573, #3092, #1372 ) ) REPRESENTATION_CONTEXT ( 'NONE', 'WORKASPACE' ) );
#5011 = STYLED_ITEM ( 'NONE', ( #6367 ), #3673 ) ;
#5012 =( NAMED_UNIT ( * ) PLANE_ANGLE_UNIT ( ) SI_UNIT ( $, .RADIAN. ) );
#5013 = EDGE_CURVE ( 'NONE', #1543, #917, #2167, .T. ) ;
#5014 = DIRECTION ( 'NONE',  ( 0.000000000000000000, 0.000000000000000000, -1.000000000000000000 ) ) ;
#5015 = CARTESIAN_POINT ( 'NONE',  ( 0.6399999999999986811, 0.2999999999999996003, 0.5050000000000000044 ) ) ;
#5016 = FACE_OUTER_BOUND ( 'NONE', #221, .T. ) ;
#5017 = STYLED_ITEM ( 'NONE', ( #3286 ), #3912 ) ;
#5018 = CARTESIAN_POINT ( 'NONE',  ( -0.6550000000000012479, 0.2999999999999996003, 0.4550000000000000711 ) ) ;
#5019 = SURFACE_STYLE_FILL_AREA ( #3023 ) ;
#5020 = DIRECTION ( 'NONE',  ( 0.000000000000000000, 0.000000000000000000, -1.000000000000000000 ) ) ;
#5021 = AXIS2_PLACEMENT_3D ( 'NONE', #2133, #2486, #4458 ) ;
#5022 = CARTESIAN_POINT ( 'NONE',  ( 0.7999999999999986011, -0.6000000000000005329, 0.2800000000000000266 ) ) ;
#5023 = ORIENTED_EDGE ( 'NONE', *, *, #2237, .F. ) ;
#5024 =( NAMED_UNIT ( * ) SI_UNIT ( $, .STERADIAN. ) SOLID_ANGLE_UNIT ( ) );
#5025 = SURFACE_STYLE_USAGE ( .BOTH. , #3523 ) ;
#5026 = DIRECTION ( 'NONE',  ( 1.000000000000000000, -0.000000000000000000, -0.000000000000000000 ) ) ;
#5027 = ORIENTED_EDGE ( 'NONE', *, *, #537, .F. ) ;
#5028 = CARTESIAN_POINT ( 'NONE',  ( 0.000000000000000000, -0.4939339828220177808, -0.2800000000000000266 ) ) ;
#5029 = DIRECTION ( 'NONE',  ( -0.000000000000000000, -0.000000000000000000, 1.000000000000000000 ) ) ;
#5030 = SURFACE_SIDE_STYLE ('',( #2484 ) ) ;
#5031 =( LENGTH_UNIT ( ) NAMED_UNIT ( * ) SI_UNIT ( .MILLI., .METRE. ) );
#5032 = ORIENTED_EDGE ( 'NONE', *, *, #1559, .T. ) ;
#5033 = ADVANCED_FACE ( 'NONE', ( #4685 ), #5900, .F. ) ;
#5034 = UNCERTAINTY_MEASURE_WITH_UNIT (LENGTH_MEASURE( 1.000000000000000082E-05 ), #2264, 'distance_accuracy_value', 'NONE');
#5035 = FILL_AREA_STYLE ('',( #1636 ) ) ;
#5036 = DIRECTION ( 'NONE',  ( -0.000000000000000000, -0.000000000000000000, 1.000000000000000000 ) ) ;
#5037 = VERTEX_POINT ( 'NONE', #6109 ) ;
#5038 = EDGE_CURVE ( 'NONE', #3947, #6173, #4230, .T. ) ;
#5039 = UNCERTAINTY_MEASURE_WITH_UNIT (LENGTH_MEASURE( 1.000000000000000082E-05 ), #3316, 'distance_accuracy_value', 'NONE');
#5040 = SURFACE_STYLE_FILL_AREA ( #1094 ) ;
#5041 = CARTESIAN_POINT ( 'NONE',  ( 0.000000000000000000, -0.1499999999999997446, -0.2800000000000000266 ) ) ;
#5042 = LINE ( 'NONE', #1582, #5606 ) ;
#5043 = PLANE ( 'NONE',  #3848 ) ;
#5044 = CARTESIAN_POINT ( 'NONE',  ( -0.6500000000000012434, 0.5999999999999996447, 0.01999999999999994491 ) ) ;
#5045 = CIRCLE ( 'NONE', #5366, 0.2225000000000000311 ) ;
#5046 = CARTESIAN_POINT ( 'NONE',  ( -0.5000000000000009992, 0.4249999999999996003, 0.5200000000000000178 ) ) ;
#5047 = FILL_AREA_STYLE_COLOUR ( '', #6046 ) ;
#5048 = EDGE_LOOP ( 'NONE', ( #4702, #3777, #2543, #2867 ) ) ;
#5049 = FACE_OUTER_BOUND ( 'NONE', #2888, .T. ) ;
#5050 = PRESENTATION_LAYER_ASSIGNMENT (  '', '', ( #1442 ) ) ;
#5051 = FILL_AREA_STYLE_COLOUR ( '', #5905 ) ;
#5052 = ORIENTED_EDGE ( 'NONE', *, *, #487, .F. ) ;
#5053 = DIRECTION ( 'NONE',  ( 0.000000000000000000, 0.000000000000000000, 1.000000000000000000 ) ) ;
#5054 = PRESENTATION_LAYER_ASSIGNMENT (  '', '', ( #91 ) ) ;
#5055 = FILL_AREA_STYLE_COLOUR ( '', #5203 ) ;
#5056 = EDGE_LOOP ( 'NONE', ( #3555, #3138, #2637, #6012, #268, #5735, #3215, #1177, #3032, #5883 ) ) ;
#5057 = DIRECTION ( 'NONE',  ( -1.000000000000000000, -8.131516293641284241E-16, 0.000000000000000000 ) ) ;
#5058 = FACE_OUTER_BOUND ( 'NONE', #4159, .T. ) ;
#5059 = AXIS2_PLACEMENT_3D ( 'NONE', #2766, #3696, #854 ) ;
#5060 =( GEOMETRIC_REPRESENTATION_CONTEXT ( 3 ) GLOBAL_UNCERTAINTY_ASSIGNED_CONTEXT ( ( #6019 ) ) GLOBAL_UNIT_ASSIGNED_CONTEXT ( ( #2922, #1510, #5463 ) ) REPRESENTATION_CONTEXT ( 'NONE', 'WORKASPACE' ) );
#5061 = CYLINDRICAL_SURFACE ( 'NONE', #1756, 0.01499999999999998557 ) ;
#5062 =( NAMED_UNIT ( * ) PLANE_ANGLE_UNIT ( ) SI_UNIT ( $, .RADIAN. ) );
#5063 = DIRECTION ( 'NONE',  ( 0.000000000000000000, -1.000000000000000000, -0.000000000000000000 ) ) ;
#5064 = EDGE_CURVE ( 'NONE', #956, #3886, #2796, .T. ) ;
#5065 = FACE_OUTER_BOUND ( 'NONE', #3216, .T. ) ;
#5066 = ADVANCED_FACE ( 'NONE', ( #5345 ), #3826, .T. ) ;
#5067 = AXIS2_PLACEMENT_3D ( 'NONE', #716, #1658, #4214 ) ;
#5068 =( NAMED_UNIT ( * ) PLANE_ANGLE_UNIT ( ) SI_UNIT ( $, .RADIAN. ) );
#5069 = AXIS2_PLACEMENT_3D ( 'NONE', #6285, #4902, #4831 ) ;
#5070 = AXIS2_PLACEMENT_3D ( 'NONE', #4285, #6282, #5254 ) ;
#5071 = FILL_AREA_STYLE ('',( #2673 ) ) ;
#5072 = EDGE_CURVE ( 'NONE', #920, #5818, #299, .T. ) ;
#5073 = LINE ( 'NONE', #5574, #214 ) ;
#5074 = FILL_AREA_STYLE ('',( #6144 ) ) ;
#5075 = ADVANCED_FACE ( 'NONE', ( #4300 ), #2172, .T. ) ;
#5076 = CIRCLE ( 'NONE', #3926, 0.2225000000000000311 ) ;
#5077 = ORIENTED_EDGE ( 'NONE', *, *, #3494, .F. ) ;
#5078 = CYLINDRICAL_SURFACE ( 'NONE', #2385, 0.01499999999999998557 ) ;
#5079 = ORIENTED_EDGE ( 'NONE', *, *, #3559, .T. ) ;
#5080 = SURFACE_STYLE_FILL_AREA ( #1074 ) ;
#5081 =( NAMED_UNIT ( * ) PLANE_ANGLE_UNIT ( ) SI_UNIT ( $, .RADIAN. ) );
#5082 = ADVANCED_FACE ( 'NONE', ( #1805 ), #3856, .T. ) ;
#5083 = STYLED_ITEM ( 'NONE', ( #5699 ), #5727 ) ;
#5084 = DIRECTION ( 'NONE',  ( 0.000000000000000000, 0.000000000000000000, -1.000000000000000000 ) ) ;
#5085 = UNCERTAINTY_MEASURE_WITH_UNIT (LENGTH_MEASURE( 1.000000000000000082E-05 ), #2279, 'distance_accuracy_value', 'NONE');
#5086 = DIRECTION ( 'NONE',  ( 0.000000000000000000, 0.000000000000000000, -1.000000000000000000 ) ) ;
#5087 = ORIENTED_EDGE ( 'NONE', *, *, #4100, .F. ) ;
#5088 = FACE_OUTER_BOUND ( 'NONE', #943, .T. ) ;
#5089 =( NAMED_UNIT ( * ) PLANE_ANGLE_UNIT ( ) SI_UNIT ( $, .RADIAN. ) );
#5090 = STYLED_ITEM ( 'NONE', ( #4940 ), #5836 ) ;
#5091 = PLANE ( 'NONE',  #1356 ) ;
#5092 = CIRCLE ( 'NONE', #436, 0.2225000000000000311 ) ;
#5093 = FACE_OUTER_BOUND ( 'NONE', #4919, .T. ) ;
#5094 = DIRECTION ( 'NONE',  ( -0.000000000000000000, -0.000000000000000000, -1.000000000000000000 ) ) ;
#5095 =( LENGTH_UNIT ( ) NAMED_UNIT ( * ) SI_UNIT ( .MILLI., .METRE. ) );
#5096 = PRESENTATION_STYLE_ASSIGNMENT (( #2074 ) ) ;
#5097 = COLOUR_RGB ( '',0.8039215686274510109, 0.8039215686274510109, 0.8039215686274510109 ) ;
#5098 = PRESENTATION_STYLE_ASSIGNMENT (( #6103 ) ) ;
#5099 = SURFACE_STYLE_FILL_AREA ( #1154 ) ;
#5100 = VECTOR ( 'NONE', #4938, 1000.000000000000000 ) ;
#5101 = EDGE_CURVE ( 'NONE', #1764, #291, #5860, .T. ) ;
#5102 = PRESENTATION_LAYER_ASSIGNMENT (  '', '', ( #4283 ) ) ;
#5103 = DIRECTION ( 'NONE',  ( -0.000000000000000000, -0.000000000000000000, 1.000000000000000000 ) ) ;
#5104 = COLOUR_RGB ( '',0.2862745098039215508, 0.2862745098039215508, 0.2862745098039215508 ) ;
#5105 = DIRECTION ( 'NONE',  ( -0.000000000000000000, -0.000000000000000000, -1.000000000000000000 ) ) ;
#5106 = PRESENTATION_STYLE_ASSIGNMENT (( #4596 ) ) ;
#5107 = VECTOR ( 'NONE', #4175, 1000.000000000000000 ) ;
#5108 = COLOUR_RGB ( '',0.2862745098039215508, 0.2862745098039215508, 0.2862745098039215508 ) ;
#5109 = DIRECTION ( 'NONE',  ( 0.000000000000000000, 0.000000000000000000, -1.000000000000000000 ) ) ;
#5110 = DIRECTION ( 'NONE',  ( 0.000000000000000000, 0.000000000000000000, 1.000000000000000000 ) ) ;
#5111 = ADVANCED_FACE ( 'NONE', ( #4404 ), #2037, .T. ) ;
#5112 = DIRECTION ( 'NONE',  ( -1.000000000000000000, 0.000000000000000000, 0.000000000000000000 ) ) ;
#5113 = ORIENTED_EDGE ( 'NONE', *, *, #3985, .T. ) ;
#5114 = DIRECTION ( 'NONE',  ( -0.000000000000000000, -0.000000000000000000, -1.000000000000000000 ) ) ;
#5115 = VECTOR ( 'NONE', #4705, 1000.000000000000000 ) ;
#5116 = FILL_AREA_STYLE ('',( #5580 ) ) ;
#5117 = SURFACE_STYLE_USAGE ( .BOTH. , #250 ) ;
#5118 =( NAMED_UNIT ( * ) SI_UNIT ( $, .STERADIAN. ) SOLID_ANGLE_UNIT ( ) );
#5119 = LINE ( 'NONE', #4725, #5200 ) ;
#5120 = EDGE_CURVE ( 'NONE', #3677, #3378, #2429, .T. ) ;
#5121 = DIRECTION ( 'NONE',  ( 0.000000000000000000, 0.000000000000000000, 1.000000000000000000 ) ) ;
#5122 = ORIENTED_EDGE ( 'NONE', *, *, #195, .T. ) ;
#5123 = CARTESIAN_POINT ( 'NONE',  ( 0.6249999999999985567, 0.2999999999999996003, 0.5200000000000000178 ) ) ;
#5124 = VERTEX_POINT ( 'NONE', #4432 ) ;
#5125 = DIRECTION ( 'NONE',  ( -1.000000000000000000, 0.000000000000000000, 0.000000000000000000 ) ) ;
#5126 = DIRECTION ( 'NONE',  ( 0.000000000000000000, 0.000000000000000000, -1.000000000000000000 ) ) ;
#5127 = DIRECTION ( 'NONE',  ( -0.000000000000000000, 0.000000000000000000, -1.000000000000000000 ) ) ;
#5128 = DIRECTION ( 'NONE',  ( 1.000000000000000000, 0.000000000000000000, 0.000000000000000000 ) ) ;
#5129 = DIRECTION ( 'NONE',  ( 0.000000000000000000, -1.000000000000000000, 0.000000000000000000 ) ) ;
#5130 = CARTESIAN_POINT ( 'NONE',  ( 0.7999999999999986011, 0.3774999999999995581, 0.01999999999999994491 ) ) ;
#5131 = ORIENTED_EDGE ( 'NONE', *, *, #6333, .T. ) ;
#5132 = SURFACE_SIDE_STYLE ('',( #3600 ) ) ;
#5133 = FILL_AREA_STYLE_COLOUR ( '', #4778 ) ;
#5134 = ORIENTED_EDGE ( 'NONE', *, *, #1758, .F. ) ;
#5135 = DIRECTION ( 'NONE',  ( -0.000000000000000000, -0.000000000000000000, 1.000000000000000000 ) ) ;
#5136 = CIRCLE ( 'NONE', #2358, 0.01499999999999998557 ) ;
#5137 =( LENGTH_UNIT ( ) NAMED_UNIT ( * ) SI_UNIT ( .MILLI., .METRE. ) );
#5138 =( NAMED_UNIT ( * ) PLANE_ANGLE_UNIT ( ) SI_UNIT ( $, .RADIAN. ) );
#5139 = CARTESIAN_POINT ( 'NONE',  ( 0.4999999999999983902, -0.4400000000000004463, 0.5200000000000000178 ) ) ;
#5140 = DIRECTION ( 'NONE',  ( -1.000000000000000000, 0.000000000000000000, 0.000000000000000000 ) ) ;
#5141 = CARTESIAN_POINT ( 'NONE',  ( 0.6549999999999986944, -0.3000000000000004885, 0.4550000000000000711 ) ) ;
#5142 = ORIENTED_EDGE ( 'NONE', *, *, #4961, .T. ) ;
#5143 = SURFACE_STYLE_USAGE ( .BOTH. , #6117 ) ;
#5144 = DIRECTION ( 'NONE',  ( 1.000000000000000000, 6.118385167737106238E-16, 0.000000000000000000 ) ) ;
#5145 = DIRECTION ( 'NONE',  ( -1.000000000000000000, 6.118385167737106238E-16, 0.000000000000000000 ) ) ;
#5146 = AXIS2_PLACEMENT_3D ( 'NONE', #2841, #2770, #826 ) ;
#5147 = EDGE_CURVE ( 'NONE', #5579, #5407, #1484, .T. ) ;
#5148 = EDGE_CURVE ( 'NONE', #348, #5245, #2675, .T. ) ;
#5149 = UNCERTAINTY_MEASURE_WITH_UNIT (LENGTH_MEASURE( 1.000000000000000082E-05 ), #4063, 'distance_accuracy_value', 'NONE');
#5150 = AXIS2_PLACEMENT_3D ( 'NONE', #2174, #3226, #1228 ) ;
#5151 = SURFACE_STYLE_USAGE ( .BOTH. , #161 ) ;
#5152 = EDGE_LOOP ( 'NONE', ( #1437, #582 ) ) ;
#5153 = DIRECTION ( 'NONE',  ( 0.000000000000000000, 0.000000000000000000, 1.000000000000000000 ) ) ;
#5154 = EDGE_CURVE ( 'NONE', #5864, #1049, #2161, .T. ) ;
#5155 = VECTOR ( 'NONE', #4825, 1000.000000000000000 ) ;
#5156 = APPLICATION_CONTEXT ( 'automotive_design' ) ;
#5157 =( NAMED_UNIT ( * ) PLANE_ANGLE_UNIT ( ) SI_UNIT ( $, .RADIAN. ) );
#5158 = DIRECTION ( 'NONE',  ( 0.000000000000000000, -1.000000000000000000, 0.000000000000000000 ) ) ;
#5159 = TOROIDAL_SURFACE ( 'NONE', #1750, 0.1250000000000000000, 0.01499999999999999944 ) ;
#5160 =( NAMED_UNIT ( * ) PLANE_ANGLE_UNIT ( ) SI_UNIT ( $, .RADIAN. ) );
#5161 = MECHANICAL_DESIGN_GEOMETRIC_PRESENTATION_REPRESENTATION (  '', ( #2576 ), #1449 ) ;
#5162 = CARTESIAN_POINT ( 'NONE',  ( -0.5050000000000012257, -0.3050000000000004929, 0.5100000000000000089 ) ) ;
#5163 = ORIENTED_EDGE ( 'NONE', *, *, #4199, .T. ) ;
#5164 = PRESENTATION_STYLE_ASSIGNMENT (( #114 ) ) ;
#5165 =( NAMED_UNIT ( * ) SI_UNIT ( $, .STERADIAN. ) SOLID_ANGLE_UNIT ( ) );
#5166 = STYLED_ITEM ( 'NONE', ( #3597 ), #1821 ) ;
#5167 = COLOUR_RGB ( '',0.8627450980392157298, 0.6274509803921568540, 0.05882352941176470507 ) ;
#5168 = PRESENTATION_LAYER_ASSIGNMENT (  '', '', ( #1556 ) ) ;
#5169 = UNCERTAINTY_MEASURE_WITH_UNIT (LENGTH_MEASURE( 1.000000000000000082E-05 ), #781, 'distance_accuracy_value', 'NONE');
#5170 = CARTESIAN_POINT ( 'NONE',  ( -0.6044079500593120269, -0.4939339828220177808, 0.01999999999999994491 ) ) ;
#5171 = PRESENTATION_LAYER_ASSIGNMENT (  '', '', ( #1760 ) ) ;
#5172 = CARTESIAN_POINT ( 'NONE',  ( 0.000000000000000000, 0.000000000000000000, -0.2800000000000000266 ) ) ;
#5173 = ORIENTED_EDGE ( 'NONE', *, *, #2822, .T. ) ;
#5174 = PRESENTATION_STYLE_ASSIGNMENT (( #2208 ) ) ;
#5175 = AXIS2_PLACEMENT_3D ( 'NONE', #4189, #5126, #5190 ) ;
#5176 = MECHANICAL_DESIGN_GEOMETRIC_PRESENTATION_REPRESENTATION (  '', ( #6203 ), #5184 ) ;
#5177 = EDGE_CURVE ( 'NONE', #1481, #1291, #4856, .T. ) ;
#5178 = CARTESIAN_POINT ( 'NONE',  ( -0.7999999999999986011, -0.5999999999999994227, 0.01999999999999994491 ) ) ;
#5179 = ORIENTED_EDGE ( 'NONE', *, *, #6128, .T. ) ;
#5180 = FILL_AREA_STYLE_COLOUR ( '', #211 ) ;
#5181 = FACE_OUTER_BOUND ( 'NONE', #2163, .T. ) ;
#5182 = ORIENTED_EDGE ( 'NONE', *, *, #1413, .T. ) ;
#5183 = STYLED_ITEM ( 'NONE', ( #2943 ), #2346 ) ;
#5184 =( GEOMETRIC_REPRESENTATION_CONTEXT ( 3 ) GLOBAL_UNCERTAINTY_ASSIGNED_CONTEXT ( ( #4319 ) ) GLOBAL_UNIT_ASSIGNED_CONTEXT ( ( #5331, #807, #902 ) ) REPRESENTATION_CONTEXT ( 'NONE', 'WORKASPACE' ) );
#5185 = EDGE_CURVE ( 'NONE', #3170, #4447, #1090, .T. ) ;
#5186 = FACE_OUTER_BOUND ( 'NONE', #4366, .T. ) ;
#5187 = VERTEX_POINT ( 'NONE', #5130 ) ;
#5188 = DIRECTION ( 'NONE',  ( 1.000000000000000000, 0.000000000000000000, -0.000000000000000000 ) ) ;
#5189 = EDGE_CURVE ( 'NONE', #2563, #3193, #3906, .T. ) ;
#5190 = DIRECTION ( 'NONE',  ( -1.000000000000000000, 0.000000000000000000, 0.000000000000000000 ) ) ;
#5191 = ORIENTED_EDGE ( 'NONE', *, *, #5809, .T. ) ;
#5192 = VECTOR ( 'NONE', #1334, 1000.000000000000000 ) ;
#5193 = STYLED_ITEM ( 'NONE', ( #3795 ), #2782 ) ;
#5194 = AXIS2_PLACEMENT_3D ( 'NONE', #734, #1225, #3695 ) ;
#5195 = EDGE_CURVE ( 'NONE', #5776, #520, #1029, .T. ) ;
#5196 = ADVANCED_FACE ( 'NONE', ( #1708 ), #4158, .T. ) ;
#5197 = CARTESIAN_POINT ( 'NONE',  ( -0.5000000000000012212, -0.4250000000000004885, 0.5200000000000000178 ) ) ;
#5198 = CARTESIAN_POINT ( 'NONE',  ( 0.7999999999999986011, -0.4500000000000002887, -0.2800000000000000266 ) ) ;
#5199 = STYLED_ITEM ( 'NONE', ( #5570 ), #5888 ) ;
#5200 = VECTOR ( 'NONE', #3198, 1000.000000000000000 ) ;
#5201 = DIRECTION ( 'NONE',  ( 0.000000000000000000, -0.000000000000000000, -1.000000000000000000 ) ) ;
#5202 = ADVANCED_FACE ( 'NONE', ( #3570 ), #5567, .F. ) ;
#5203 = COLOUR_RGB ( '',0.8627450980392157298, 0.6274509803921568540, 0.05882352941176470507 ) ;
#5204 = VERTEX_POINT ( 'NONE', #2608 ) ;
#5205 = CARTESIAN_POINT ( 'NONE',  ( 0.6939339828220163486, -0.4044079500593134036, -0.2800000000000000266 ) ) ;
#5206 = ORIENTED_EDGE ( 'NONE', *, *, #1663, .T. ) ;
#5207 = CARTESIAN_POINT ( 'NONE',  ( 0.7149999999999986366, 0.2999999999999996003, 0.2950000000000000400 ) ) ;
#5208 = STYLED_ITEM ( 'NONE', ( #6025 ), #6184 ) ;
#5209 = CARTESIAN_POINT ( 'NONE',  ( -0.5000000000000012212, -0.4850000000000004863, 0.4250000000000000999 ) ) ;
#5210 = DIRECTION ( 'NONE',  ( 0.000000000000000000, 0.000000000000000000, -1.000000000000000000 ) ) ;
#5211 = EDGE_LOOP ( 'NONE', ( #2740, #790, #1539, #961 ) ) ;
#5212 = CARTESIAN_POINT ( 'NONE',  ( -0.8000000000000012657, -0.4500000000000003997, -0.2810000000000000275 ) ) ;
#5213 = AXIS2_PLACEMENT_3D ( 'NONE', #1830, #3791, #364 ) ;
#5214 = ORIENTED_EDGE ( 'NONE', *, *, #2314, .T. ) ;
#5215 = DIRECTION ( 'NONE',  ( 0.000000000000000000, 0.000000000000000000, 1.000000000000000000 ) ) ;
#5216 = AXIS2_PLACEMENT_3D ( 'NONE', #6359, #3111, #440 ) ;
#5217 = DIRECTION ( 'NONE',  ( 0.000000000000000000, 0.000000000000000000, -1.000000000000000000 ) ) ;
#5218 = VECTOR ( 'NONE', #1422, 1000.000000000000000 ) ;
#5219 = CARTESIAN_POINT ( 'NONE',  ( 0.000000000000000000, -0.4939339828220177808, 0.01999999999999994491 ) ) ;
#5220 = ORIENTED_EDGE ( 'NONE', *, *, #4511, .F. ) ;
#5221 = CARTESIAN_POINT ( 'NONE',  ( -0.6939339828220162376, -0.4044079500593132370, 0.01999999999999994491 ) ) ;
#5222 = CARTESIAN_POINT ( 'NONE',  ( 0.000000000000000000, -0.4939339828220177808, 0.01999999999999994491 ) ) ;
#5223 = LINE ( 'NONE', #682, #3415 ) ;
#5224 = ORIENTED_EDGE ( 'NONE', *, *, #4876, .F. ) ;
#5225 = ORIENTED_EDGE ( 'NONE', *, *, #2183, .F. ) ;
#5226 = PRESENTATION_LAYER_ASSIGNMENT (  '', '', ( #3561 ) ) ;
#5227 = UNCERTAINTY_MEASURE_WITH_UNIT (LENGTH_MEASURE( 1.000000000000000082E-05 ), #1087, 'distance_accuracy_value', 'NONE');
#5228 = SURFACE_SIDE_STYLE ('',( #2195 ) ) ;
#5229 = DIRECTION ( 'NONE',  ( 0.000000000000000000, 0.000000000000000000, -1.000000000000000000 ) ) ;
#5230 =( NAMED_UNIT ( * ) PLANE_ANGLE_UNIT ( ) SI_UNIT ( $, .RADIAN. ) );
#5231 =( NAMED_UNIT ( * ) SI_UNIT ( $, .STERADIAN. ) SOLID_ANGLE_UNIT ( ) );
#5232 = ORIENTED_EDGE ( 'NONE', *, *, #4674, .F. ) ;
#5233 = FILL_AREA_STYLE ('',( #5265 ) ) ;
#5234 = UNCERTAINTY_MEASURE_WITH_UNIT (LENGTH_MEASURE( 1.000000000000000082E-05 ), #4473, 'distance_accuracy_value', 'NONE');
#5235 = ORIENTED_EDGE ( 'NONE', *, *, #429, .T. ) ;
#5236 = DIRECTION ( 'NONE',  ( 0.000000000000000000, 0.000000000000000000, -1.000000000000000000 ) ) ;
#5237 = DIRECTION ( 'NONE',  ( 0.000000000000000000, 0.000000000000000000, 1.000000000000000000 ) ) ;
#5238 = SURFACE_STYLE_USAGE ( .BOTH. , #2837 ) ;
#5239 = ORIENTED_EDGE ( 'NONE', *, *, #3240, .F. ) ;
#5240 = CARTESIAN_POINT ( 'NONE',  ( -0.7999999999999986011, -0.5999999999999994227, 0.01999999999999994491 ) ) ;
#5241 = EDGE_CURVE ( 'NONE', #3193, #2558, #146, .T. ) ;
#5242 = DIRECTION ( 'NONE',  ( 1.000000000000000000, -0.000000000000000000, -0.000000000000000000 ) ) ;
#5243 = CARTESIAN_POINT ( 'NONE',  ( -0.6500000000000011324, 0.5999999999999996447, 0.2800000000000000266 ) ) ;
#5244 = CYLINDRICAL_SURFACE ( 'NONE', #5216, 0.1500000000000000777 ) ;
#5245 = VERTEX_POINT ( 'NONE', #5197 ) ;
#5246 = FACE_OUTER_BOUND ( 'NONE', #2152, .T. ) ;
#5247 = SURFACE_STYLE_FILL_AREA ( #1838 ) ;
#5248 = ORIENTED_EDGE ( 'NONE', *, *, #4163, .T. ) ;
#5249 = LINE ( 'NONE', #5839, #1377 ) ;
#5250 = CARTESIAN_POINT ( 'NONE',  ( 0.2499999999999997780, -0.1499999999999997446, 0.01999999999999994491 ) ) ;
#5251 = AXIS2_PLACEMENT_3D ( 'NONE', #549, #66, #6390 ) ;
#5252 = PRESENTATION_STYLE_ASSIGNMENT (( #322 ) ) ;
#5253 = ORIENTED_EDGE ( 'NONE', *, *, #4639, .F. ) ;
#5254 = DIRECTION ( 'NONE',  ( -1.000000000000000000, 0.000000000000000000, 0.000000000000000000 ) ) ;
#5255 = CLOSED_SHELL ( 'NONE', ( #404, #5196, #6133, #3557 ) ) ;
#5256 = FILL_AREA_STYLE_COLOUR ( '', #1257 ) ;
#5257 = ORIENTED_EDGE ( 'NONE', *, *, #6320, .T. ) ;
#5258 = CIRCLE ( 'NONE', #2964, 0.01499999999999998557 ) ;
#5259 = CARTESIAN_POINT ( 'NONE',  ( 0.000000000000000000, -0.4939339828220177808, 0.01999999999999994491 ) ) ;
#5260 = DIRECTION ( 'NONE',  ( 1.000000000000000000, 0.000000000000000000, -0.000000000000000000 ) ) ;
#5261 = EDGE_CURVE ( 'NONE', #2485, #3284, #1957, .T. ) ;
#5262 = FILL_AREA_STYLE ('',( #1734 ) ) ;
#5263 = ORIENTED_EDGE ( 'NONE', *, *, #127, .T. ) ;
#5264 = MECHANICAL_DESIGN_GEOMETRIC_PRESENTATION_REPRESENTATION (  '', ( #1015 ), #5990 ) ;
#5265 = FILL_AREA_STYLE_COLOUR ( '', #4389 ) ;
#5266 = ADVANCED_FACE ( 'NONE', ( #1253 ), #2261, .F. ) ;
#5267 = SURFACE_STYLE_USAGE ( .BOTH. , #4264 ) ;
#5268 = EDGE_CURVE ( 'NONE', #5915, #5948, #5764, .T. ) ;
#5269 = DIRECTION ( 'NONE',  ( -1.000000000000000000, 3.459701314448125721E-14, 0.000000000000000000 ) ) ;
#5270 = ORIENTED_EDGE ( 'NONE', *, *, #4811, .F. ) ;
#5271 = PRESENTATION_STYLE_ASSIGNMENT (( #4336 ) ) ;
#5272 =( GEOMETRIC_REPRESENTATION_CONTEXT ( 3 ) GLOBAL_UNCERTAINTY_ASSIGNED_CONTEXT ( ( #1926 ) ) GLOBAL_UNIT_ASSIGNED_CONTEXT ( ( #786, #259, #5721 ) ) REPRESENTATION_CONTEXT ( 'NONE', 'WORKASPACE' ) );
#5273 = ORIENTED_EDGE ( 'NONE', *, *, #1967, .F. ) ;
#5274 = SURFACE_STYLE_USAGE ( .BOTH. , #1304 ) ;
#5275 =( GEOMETRIC_REPRESENTATION_CONTEXT ( 3 ) GLOBAL_UNCERTAINTY_ASSIGNED_CONTEXT ( ( #3779 ) ) GLOBAL_UNIT_ASSIGNED_CONTEXT ( ( #4341, #1431, #3802 ) ) REPRESENTATION_CONTEXT ( 'NONE', 'WORKASPACE' ) );
#5276 = CARTESIAN_POINT ( 'NONE',  ( -0.5000000000000012212, -0.4550000000000004596, 0.4550000000000000711 ) ) ;
#5277 = AXIS2_PLACEMENT_3D ( 'NONE', #168, #112, #2605 ) ;
#5278 = FACE_OUTER_BOUND ( 'NONE', #987, .T. ) ;
#5279 = ORIENTED_EDGE ( 'NONE', *, *, #47, .T. ) ;
#5280 = SURFACE_SIDE_STYLE ('',( #344 ) ) ;
#5282 = CARTESIAN_POINT ( 'NONE',  ( -0.2499999999999997780, 0.000000000000000000, 0.01999999999999994491 ) ) ;
#5281 = PRODUCT_DEFINITION_SHAPE ( 'NONE', 'NONE',  #200 ) ;
#5283 = EDGE_CURVE ( 'NONE', #5837, #5948, #4258, .T. ) ;
#5284 =( NAMED_UNIT ( * ) PLANE_ANGLE_UNIT ( ) SI_UNIT ( $, .RADIAN. ) );
#5285 = CARTESIAN_POINT ( 'NONE',  ( -0.2499999999999997780, 0.4939339828220177808, -0.2800000000000000266 ) ) ;
#5286 = VECTOR ( 'NONE', #1445, 1000.000000000000000 ) ;
#5287 = AXIS2_PLACEMENT_3D ( 'NONE', #3878, #5562, #1109 ) ;
#5288 = UNCERTAINTY_MEASURE_WITH_UNIT (LENGTH_MEASURE( 1.000000000000000082E-05 ), #5784, 'distance_accuracy_value', 'NONE');
#5289 =( NAMED_UNIT ( * ) PLANE_ANGLE_UNIT ( ) SI_UNIT ( $, .RADIAN. ) );
#5290 = DIRECTION ( 'NONE',  ( 0.000000000000000000, 1.000000000000000000, 0.000000000000000000 ) ) ;
#5291 = ORIENTED_EDGE ( 'NONE', *, *, #667, .T. ) ;
#5292 = LINE ( 'NONE', #1885, #6108 ) ;
#5293 = COLOUR_RGB ( '',0.2862745098039215508, 0.2862745098039215508, 0.2862745098039215508 ) ;
#5294 =( NAMED_UNIT ( * ) SI_UNIT ( $, .STERADIAN. ) SOLID_ANGLE_UNIT ( ) );
#5295 = EDGE_CURVE ( 'NONE', #3255, #4506, #4194, .T. ) ;
#5296 = CARTESIAN_POINT ( 'NONE',  ( 0.2499999999999997780, 0.4939339828220177808, -0.2800000000000000266 ) ) ;
#5297 =( NAMED_UNIT ( * ) PLANE_ANGLE_UNIT ( ) SI_UNIT ( $, .RADIAN. ) );
#5298 = UNCERTAINTY_MEASURE_WITH_UNIT (LENGTH_MEASURE( 1.000000000000000082E-05 ), #2211, 'distance_accuracy_value', 'NONE');
#5299 = DIRECTION ( 'NONE',  ( 0.000000000000000000, -1.000000000000000000, 0.000000000000000000 ) ) ;
#5300 = DIRECTION ( 'NONE',  ( 0.000000000000000000, 0.000000000000000000, -1.000000000000000000 ) ) ;
#5301 = COLOUR_RGB ( '',0.8627450980392157298, 0.6274509803921568540, 0.05882352941176470507 ) ;
#5302 = SURFACE_SIDE_STYLE ('',( #6227 ) ) ;
#5303 = COLOUR_RGB ( '',0.8039215686274510109, 0.8039215686274510109, 0.8039215686274510109 ) ;
#5304 = PRESENTATION_STYLE_ASSIGNMENT (( #1825 ) ) ;
#5305 = ORIENTED_EDGE ( 'NONE', *, *, #487, .T. ) ;
#5306 = DIRECTION ( 'NONE',  ( -1.000000000000000000, 0.000000000000000000, 0.000000000000000000 ) ) ;
#5307 = MECHANICAL_DESIGN_GEOMETRIC_PRESENTATION_REPRESENTATION (  '', ( #5824 ), #4577 ) ;
#5308 = UNCERTAINTY_MEASURE_WITH_UNIT (LENGTH_MEASURE( 1.000000000000000082E-05 ), #2409, 'distance_accuracy_value', 'NONE');
#5309 = CARTESIAN_POINT ( 'NONE',  ( 0.7999999999999986011, 0.5999999999999996447, 0.2800000000000000266 ) ) ;
#5310 =( NAMED_UNIT ( * ) PLANE_ANGLE_UNIT ( ) SI_UNIT ( $, .RADIAN. ) );
#5311 = FILL_AREA_STYLE_COLOUR ( '', #2209 ) ;
#5312 = ORIENTED_EDGE ( 'NONE', *, *, #3196, .F. ) ;
#5313 = SURFACE_STYLE_FILL_AREA ( #4781 ) ;
#5314 = AXIS2_PLACEMENT_3D ( 'NONE', #4994, #2592, #3586 ) ;
#5315 = SURFACE_STYLE_USAGE ( .BOTH. , #2465 ) ;
#5316 = EDGE_CURVE ( 'NONE', #2056, #5363, #4349, .T. ) ;
#5317 = COLOUR_RGB ( '',0.8627450980392157298, 0.5882352941176470784, 0.06274509803921568540 ) ;
#5318 = DIRECTION ( 'NONE',  ( -0.000000000000000000, -0.000000000000000000, -1.000000000000000000 ) ) ;
#5319 = CIRCLE ( 'NONE', #1895, 0.2225000000000000311 ) ;
#5320 = CARTESIAN_POINT ( 'NONE',  ( 0.7999999999999986011, -0.5999999999999998668, 0.01999999999999994491 ) ) ;
#5321 = ORIENTED_EDGE ( 'NONE', *, *, #5869, .F. ) ;
#5322 = FILL_AREA_STYLE ('',( #6301 ) ) ;
#5323 = CARTESIAN_POINT ( 'NONE',  ( 0.7999999999999986011, 0.5999999999999996447, -0.2800000000000000266 ) ) ;
#5324 = CYLINDRICAL_SURFACE ( 'NONE', #3020, 0.2225000000000000311 ) ;
#5325 =( GEOMETRIC_REPRESENTATION_CONTEXT ( 3 ) GLOBAL_UNCERTAINTY_ASSIGNED_CONTEXT ( ( #1865 ) ) GLOBAL_UNIT_ASSIGNED_CONTEXT ( ( #3078, #5068, #1711 ) ) REPRESENTATION_CONTEXT ( 'NONE', 'WORKASPACE' ) );
#5326 = EDGE_CURVE ( 'NONE', #1994, #5500, #327, .T. ) ;
#5327 = SURFACE_SIDE_STYLE ('',( #1468 ) ) ;
#5328 = SURFACE_SIDE_STYLE ('',( #4727 ) ) ;
#5329 = STYLED_ITEM ( 'NONE', ( #2092 ), #4563 ) ;
#5330 = ORIENTED_EDGE ( 'NONE', *, *, #2574, .F. ) ;
#5331 =( LENGTH_UNIT ( ) NAMED_UNIT ( * ) SI_UNIT ( .MILLI., .METRE. ) );
#5332 = CARTESIAN_POINT ( 'NONE',  ( -0.5499999999999986011, -0.1499999999999997446, 0.01999999999999994491 ) ) ;
#5333 =( NAMED_UNIT ( * ) SI_UNIT ( $, .STERADIAN. ) SOLID_ANGLE_UNIT ( ) );
#5334 = SURFACE_STYLE_USAGE ( .BOTH. , #3337 ) ;
#5335 = ADVANCED_FACE ( 'NONE', ( #263 ), #4220, .T. ) ;
#5336 = LINE ( 'NONE', #5851, #3909 ) ;
#5337 = VERTEX_POINT ( 'NONE', #3939 ) ;
#5338 =( LENGTH_UNIT ( ) NAMED_UNIT ( * ) SI_UNIT ( .MILLI., .METRE. ) );
#5339 = CARTESIAN_POINT ( 'NONE',  ( 0.7999999999999986011, 0.000000000000000000, -0.2800000000000000266 ) ) ;
#5340 = DIRECTION ( 'NONE',  ( 1.000000000000000000, 0.000000000000000000, 0.000000000000000000 ) ) ;
#5341 = MECHANICAL_DESIGN_GEOMETRIC_PRESENTATION_REPRESENTATION (  '', ( #3561 ), #461 ) ;
#5342 = ORIENTED_EDGE ( 'NONE', *, *, #885, .F. ) ;
#5343 = FILL_AREA_STYLE_COLOUR ( '', #4909 ) ;
#5344 = LINE ( 'NONE', #4913, #5100 ) ;
#5345 = FACE_OUTER_BOUND ( 'NONE', #2710, .T. ) ;
#5346 = DIRECTION ( 'NONE',  ( 1.000000000000000000, 0.000000000000000000, 0.000000000000000000 ) ) ;
#5347 = ORIENTED_EDGE ( 'NONE', *, *, #239, .T. ) ;
#5348 =( NAMED_UNIT ( * ) SI_UNIT ( $, .STERADIAN. ) SOLID_ANGLE_UNIT ( ) );
#5349 = ORIENTED_EDGE ( 'NONE', *, *, #4795, .F. ) ;
#5350 = PRESENTATION_STYLE_ASSIGNMENT (( #861 ) ) ;
#5351 = DIRECTION ( 'NONE',  ( 0.000000000000000000, 0.000000000000000000, -1.000000000000000000 ) ) ;
#5352 = CYLINDRICAL_SURFACE ( 'NONE', #1673, 0.2225000000000000311 ) ;
#5353 = ORIENTED_EDGE ( 'NONE', *, *, #1419, .F. ) ;
#5354 = LINE ( 'NONE', #899, #4454 ) ;
#5355 = CYLINDRICAL_SURFACE ( 'NONE', #1013, 0.1499999999999987732 ) ;
#5356 =( NAMED_UNIT ( * ) PLANE_ANGLE_UNIT ( ) SI_UNIT ( $, .RADIAN. ) );
#5357 = ORIENTED_EDGE ( 'NONE', *, *, #2035, .T. ) ;
#5358 = DIRECTION ( 'NONE',  ( 0.000000000000000000, 0.000000000000000000, -1.000000000000000000 ) ) ;
#5359 = EDGE_CURVE ( 'NONE', #2505, #4722, #2057, .T. ) ;
#5360 = CARTESIAN_POINT ( 'NONE',  ( 0.7999999999999986011, 0.5999999999999996447, 0.01999999999999994491 ) ) ;
#5361 =( NAMED_UNIT ( * ) PLANE_ANGLE_UNIT ( ) SI_UNIT ( $, .RADIAN. ) );
#5362 = ADVANCED_FACE ( 'NONE', ( #4538 ), #3525, .T. ) ;
#5363 = VERTEX_POINT ( 'NONE', #2479 ) ;
#5364 = CARTESIAN_POINT ( 'NONE',  ( 0.6549999999999986944, -0.3000000000000004885, 0.4550000000000000711 ) ) ;
#5365 = ORIENTED_EDGE ( 'NONE', *, *, #5685, .T. ) ;
#5366 = AXIS2_PLACEMENT_3D ( 'NONE', #2804, #4760, #1414 ) ;
#5367 = UNCERTAINTY_MEASURE_WITH_UNIT (LENGTH_MEASURE( 1.000000000000000082E-05 ), #2961, 'distance_accuracy_value', 'NONE');
#5368 = CARTESIAN_POINT ( 'NONE',  ( -0.7999999999999986011, 0.5999999999999996447, 0.01999999999999994491 ) ) ;
#5369 = DIRECTION ( 'NONE',  ( 1.000000000000000000, 0.000000000000000000, -0.000000000000000000 ) ) ;
#5370 = FILL_AREA_STYLE ('',( #1451 ) ) ;
#5371 = SURFACE_STYLE_USAGE ( .BOTH. , #2300 ) ;
#5372 = ORIENTED_EDGE ( 'NONE', *, *, #8, .F. ) ;
#5373 = DIRECTION ( 'NONE',  ( 0.000000000000000000, 0.000000000000000000, -1.000000000000000000 ) ) ;
#5374 = STYLED_ITEM ( 'NONE', ( #6158 ), #608 ) ;
#5375 = DIRECTION ( 'NONE',  ( 0.000000000000000000, 0.000000000000000000, -1.000000000000000000 ) ) ;
#5376 = DIRECTION ( 'NONE',  ( 0.000000000000000000, -1.000000000000000000, 0.000000000000000000 ) ) ;
#5377 = VERTEX_POINT ( 'NONE', #1595 ) ;
#5378 =( NAMED_UNIT ( * ) PLANE_ANGLE_UNIT ( ) SI_UNIT ( $, .RADIAN. ) );
#5379 = AXIS2_PLACEMENT_3D ( 'NONE', #889, #3219, #1298 ) ;
#5380 = ORIENTED_EDGE ( 'NONE', *, *, #2571, .F. ) ;
#5381 = DIRECTION ( 'NONE',  ( -0.000000000000000000, -0.000000000000000000, 1.000000000000000000 ) ) ;
#5382 =( NAMED_UNIT ( * ) SI_UNIT ( $, .STERADIAN. ) SOLID_ANGLE_UNIT ( ) );
#5383 = PRESENTATION_LAYER_ASSIGNMENT (  '', '', ( #1137 ) ) ;
#5384 = MECHANICAL_DESIGN_GEOMETRIC_PRESENTATION_REPRESENTATION (  '', ( #1556 ), #6011 ) ;
#5385 = FILL_AREA_STYLE_COLOUR ( '', #2330 ) ;
#5386 = ORIENTED_EDGE ( 'NONE', *, *, #640, .F. ) ;
#5387 = LINE ( 'NONE', #931, #5600 ) ;
#5388 = DIRECTION ( 'NONE',  ( -1.000000000000000000, 0.000000000000000000, 0.000000000000000000 ) ) ;
#5389 = DIRECTION ( 'NONE',  ( -0.000000000000000000, -0.000000000000000000, -1.000000000000000000 ) ) ;
#5390 = DIRECTION ( 'NONE',  ( 0.000000000000000000, 0.000000000000000000, 1.000000000000000000 ) ) ;
#5391 = ORIENTED_EDGE ( 'NONE', *, *, #1834, .T. ) ;
#5392 = VECTOR ( 'NONE', #3265, 1000.000000000000000 ) ;
#5393 = ADVANCED_FACE ( 'NONE', ( #1504 ), #493, .F. ) ;
#5394 = COLOUR_RGB ( '',0.8627450980392157298, 0.6274509803921568540, 0.05882352941176470507 ) ;
#5395 = MECHANICAL_DESIGN_GEOMETRIC_PRESENTATION_REPRESENTATION (  '', ( #2397 ), #530 ) ;
#5396 = EDGE_LOOP ( 'NONE', ( #2645, #2339, #1151, #4408, #5454, #2369, #1646, #3071, #272 ) ) ;
#5397 =( NAMED_UNIT ( * ) PLANE_ANGLE_UNIT ( ) SI_UNIT ( $, .RADIAN. ) );
#5398 = CARTESIAN_POINT ( 'NONE',  ( 3.022078354339549274E-16, 0.4939339828220178918, 0.01999999999999994491 ) ) ;
#5399 = LINE ( 'NONE', #3343, #2180 ) ;
#5400 = EDGE_LOOP ( 'NONE', ( #5536, #138, #6332, #3084, #4357, #704, #3961, #176 ) ) ;
#5401 = CIRCLE ( 'NONE', #4977, 0.1550000000000000266 ) ;
#5402 = CIRCLE ( 'NONE', #3104, 0.01499999999999998557 ) ;
#5403 = SURFACE_STYLE_USAGE ( .BOTH. , #4813 ) ;
#5404 = ORIENTED_EDGE ( 'NONE', *, *, #2148, .T. ) ;
#5405 = CARTESIAN_POINT ( 'NONE',  ( -0.2499999999999997780, 0.4939339828220177808, 0.01999999999999994491 ) ) ;
#5406 =( LENGTH_UNIT ( ) NAMED_UNIT ( * ) SI_UNIT ( .MILLI., .METRE. ) );
#5407 = VERTEX_POINT ( 'NONE', #3585 ) ;
#5408 = CARTESIAN_POINT ( 'NONE',  ( 0.4999999999999985012, -0.5000000000000004441, 0.4250000000000000999 ) ) ;
#5409 = AXIS2_PLACEMENT_3D ( 'NONE', #853, #4848, #273 ) ;
#5410 = ORIENTED_EDGE ( 'NONE', *, *, #6137, .T. ) ;
#5411 = EDGE_CURVE ( 'NONE', #2379, #3997, #1993, .T. ) ;
#5412 = PRESENTATION_STYLE_ASSIGNMENT (( #1024 ) ) ;
#5413 = AXIS2_PLACEMENT_3D ( 'NONE', #1486, #1513, #4406 ) ;
#5414 = DIRECTION ( 'NONE',  ( 1.000000000000000000, 0.000000000000000000, 0.000000000000000000 ) ) ;
#5415 = ORIENTED_EDGE ( 'NONE', *, *, #280, .F. ) ;
#5416 = COLOUR_RGB ( '',0.8627450980392157298, 0.5882352941176470784, 0.06274509803921568540 ) ;
#5417 = LINE ( 'NONE', #4380, #4272 ) ;
#5418 = AXIS2_PLACEMENT_3D ( 'NONE', #750, #254, #4607 ) ;
#5419 = CARTESIAN_POINT ( 'NONE',  ( 3.663389877004025697E-17, 0.1499999999999998002, 0.01999999999999994491 ) ) ;
#5420 =( LENGTH_UNIT ( ) NAMED_UNIT ( * ) SI_UNIT ( .MILLI., .METRE. ) );
#5421 = ORIENTED_EDGE ( 'NONE', *, *, #2511, .T. ) ;
#5422 = SURFACE_SIDE_STYLE ('',( #4931 ) ) ;
#5423 = SURFACE_SIDE_STYLE ('',( #3436 ) ) ;
#5424 = STYLED_ITEM ( 'NONE', ( #5964 ), #3519 ) ;
#5425 = CARTESIAN_POINT ( 'NONE',  ( -0.4450000000000009504, -0.3050000000000004929, 0.5100000000000000089 ) ) ;
#5426 = VERTEX_POINT ( 'NONE', #3496 ) ;
#5427 = VECTOR ( 'NONE', #6268, 1000.000000000000000 ) ;
#5428 = AXIS2_PLACEMENT_3D ( 'NONE', #1211, #3172, #3139 ) ;
#5429 =( GEOMETRIC_REPRESENTATION_CONTEXT ( 3 ) GLOBAL_UNCERTAINTY_ASSIGNED_CONTEXT ( ( #5694 ) ) GLOBAL_UNIT_ASSIGNED_CONTEXT ( ( #3580, #3192, #5668 ) ) REPRESENTATION_CONTEXT ( 'NONE', 'WORKASPACE' ) );
#5430 = EDGE_LOOP ( 'NONE', ( #474, #930, #4729, #3820 ) ) ;
#5431 =( NAMED_UNIT ( * ) PLANE_ANGLE_UNIT ( ) SI_UNIT ( $, .RADIAN. ) );
#5432 = PRESENTATION_STYLE_ASSIGNMENT (( #465 ) ) ;
#5433 = ORIENTED_EDGE ( 'NONE', *, *, #6289, .F. ) ;
#5434 = CIRCLE ( 'NONE', #4398, 0.2225000000000000311 ) ;
#5435 = EDGE_CURVE ( 'NONE', #5797, #3170, #5525, .T. ) ;
#5436 = STYLED_ITEM ( 'NONE', ( #688 ), #4108 ) ;
#5437 = CARTESIAN_POINT ( 'NONE',  ( 0.000000000000000000, 0.000000000000000000, 0.000000000000000000 ) ) ;
#5438 = LINE ( 'NONE', #983, #959 ) ;
#5439 = CARTESIAN_POINT ( 'NONE',  ( -0.5000000000000012212, -0.3000000000000004885, 0.5200000000000000178 ) ) ;
#5440 = DIRECTION ( 'NONE',  ( 1.000000000000000000, -6.118385167737106238E-16, 0.000000000000000000 ) ) ;
#5441 = FILL_AREA_STYLE ('',( #2524 ) ) ;
#5442 =( NAMED_UNIT ( * ) SI_UNIT ( $, .STERADIAN. ) SOLID_ANGLE_UNIT ( ) );
#5443 = VERTEX_POINT ( 'NONE', #3000 ) ;
#5444 = FILL_AREA_STYLE ('',( #3889 ) ) ;
#5445 = DIRECTION ( 'NONE',  ( -1.000000000000000000, -3.410973126920690642E-15, 0.000000000000000000 ) ) ;
#5446 = ORIENTED_EDGE ( 'NONE', *, *, #5870, .F. ) ;
#5447 = LINE ( 'NONE', #4859, #2489 ) ;
#5448 = EDGE_CURVE ( 'NONE', #3811, #6177, #2720, .T. ) ;
#5449 =( NAMED_UNIT ( * ) PLANE_ANGLE_UNIT ( ) SI_UNIT ( $, .RADIAN. ) );
#5450 =( NAMED_UNIT ( * ) SI_UNIT ( $, .STERADIAN. ) SOLID_ANGLE_UNIT ( ) );
#5451 = ORIENTED_EDGE ( 'NONE', *, *, #5241, .F. ) ;
#5452 = FILL_AREA_STYLE_COLOUR ( '', #2730 ) ;
#5453 = DIRECTION ( 'NONE',  ( -0.000000000000000000, -0.000000000000000000, -1.000000000000000000 ) ) ;
#5454 = ORIENTED_EDGE ( 'NONE', *, *, #3169, .T. ) ;
#5455 = SURFACE_STYLE_FILL_AREA ( #6037 ) ;
#5456 = SURFACE_STYLE_USAGE ( .BOTH. , #6347 ) ;
#5457 = ORIENTED_EDGE ( 'NONE', *, *, #1152, .F. ) ;
#5458 = ORIENTED_EDGE ( 'NONE', *, *, #2193, .T. ) ;
#5459 =( NAMED_UNIT ( * ) PLANE_ANGLE_UNIT ( ) SI_UNIT ( $, .RADIAN. ) );
#5460 = CIRCLE ( 'NONE', #5879, 0.01499999999999998557 ) ;
#5461 = ORIENTED_EDGE ( 'NONE', *, *, #4522, .T. ) ;
#5462 = CARTESIAN_POINT ( 'NONE',  ( 0.4999999999999983902, -0.4250000000000004885, 0.5050000000000000044 ) ) ;
#5463 =( NAMED_UNIT ( * ) SI_UNIT ( $, .STERADIAN. ) SOLID_ANGLE_UNIT ( ) );
#5464 = VECTOR ( 'NONE', #700, 1000.000000000000000 ) ;
#5465 = FILL_AREA_STYLE ('',( #1971 ) ) ;
#5466 = ORIENTED_EDGE ( 'NONE', *, *, #2183, .T. ) ;
#5467 = SURFACE_STYLE_FILL_AREA ( #2464 ) ;
#5468 = VERTEX_POINT ( 'NONE', #4179 ) ;
#5469 =( LENGTH_UNIT ( ) NAMED_UNIT ( * ) SI_UNIT ( .MILLI., .METRE. ) );
#5470 = AXIS2_PLACEMENT_3D ( 'NONE', #5419, #2779, #2318 ) ;
#5471 = EDGE_CURVE ( 'NONE', #2784, #3289, #5402, .T. ) ;
#5472 = DIRECTION ( 'NONE',  ( 0.000000000000000000, 0.000000000000000000, -1.000000000000000000 ) ) ;
#5473 = ADVANCED_FACE ( 'NONE', ( #4629 ), #1651, .T. ) ;
#5474 = DIRECTION ( 'NONE',  ( -1.000000000000000000, 0.000000000000000000, 0.000000000000000000 ) ) ;
#5475 = VERTEX_POINT ( 'NONE', #6211 ) ;
#5476 = FACE_OUTER_BOUND ( 'NONE', #5856, .T. ) ;
#5477 = FILL_AREA_STYLE ('',( #1097 ) ) ;
#5478 =( NAMED_UNIT ( * ) PLANE_ANGLE_UNIT ( ) SI_UNIT ( $, .RADIAN. ) );
#5479 = SURFACE_SIDE_STYLE ('',( #1524 ) ) ;
#5480 = DIRECTION ( 'NONE',  ( 0.000000000000000000, 1.000000000000000000, 0.000000000000000000 ) ) ;
#5481 = MECHANICAL_DESIGN_GEOMETRIC_PRESENTATION_REPRESENTATION (  '', ( #5374 ), #3596 ) ;
#5482 = CARTESIAN_POINT ( 'NONE',  ( -0.6400000000000012346, 0.2999999999999996003, 0.5050000000000000044 ) ) ;
#5483 = ADVANCED_FACE ( 'NONE', ( #4697 ), #5518, .T. ) ;
#5484 = DIRECTION ( 'NONE',  ( 0.000000000000000000, 0.000000000000000000, -1.000000000000000000 ) ) ;
#5485 = MECHANICAL_DESIGN_GEOMETRIC_PRESENTATION_REPRESENTATION (  '', ( #2071 ), #511 ) ;
#5486 = DIRECTION ( 'NONE',  ( 0.000000000000000000, 0.000000000000000000, -1.000000000000000000 ) ) ;
#5487 = ORIENTED_EDGE ( 'NONE', *, *, #2361, .T. ) ;
#5488 = VECTOR ( 'NONE', #2005, 1000.000000000000000 ) ;
#5489 = SURFACE_STYLE_FILL_AREA ( #6001 ) ;
#5490 = DIRECTION ( 'NONE',  ( -0.000000000000000000, -0.000000000000000000, 1.000000000000000000 ) ) ;
#5491 = SURFACE_STYLE_FILL_AREA ( #1531 ) ;
#5492 = CARTESIAN_POINT ( 'NONE',  ( 0.7999999999999986011, 0.4499999999999995670, -0.2810000000000000275 ) ) ;
#5493 =( LENGTH_UNIT ( ) NAMED_UNIT ( * ) SI_UNIT ( .MILLI., .METRE. ) );
#5494 = ORIENTED_EDGE ( 'NONE', *, *, #3559, .F. ) ;
#5495 = AXIS2_PLACEMENT_3D ( 'NONE', #921, #3288, #4790 ) ;
#5496 = SURFACE_STYLE_FILL_AREA ( #1147 ) ;
#5497 = VECTOR ( 'NONE', #4678, 1000.000000000000000 ) ;
#5498 = UNCERTAINTY_MEASURE_WITH_UNIT (LENGTH_MEASURE( 1.000000000000000082E-05 ), #4668, 'distance_accuracy_value', 'NONE');
#5499 = EDGE_CURVE ( 'NONE', #2065, #5982, #2702, .T. ) ;
#5500 = VERTEX_POINT ( 'NONE', #709 ) ;
#5501 = STYLED_ITEM ( 'NONE', ( #5688 ), #1909 ) ;
#5502 = DIRECTION ( 'NONE',  ( -1.000000000000000000, 0.000000000000000000, 0.000000000000000000 ) ) ;
#5503 = COLOUR_RGB ( '',0.8627450980392157298, 0.5882352941176470784, 0.06274509803921568540 ) ;
#5504 = CARTESIAN_POINT ( 'NONE',  ( 0.7999999999999986011, -0.3774999999999997802, 0.01999999999999994491 ) ) ;
#5505 = ORIENTED_EDGE ( 'NONE', *, *, #4036, .F. ) ;
#5506 = PRESENTATION_LAYER_ASSIGNMENT (  '', '', ( #2591 ) ) ;
#5507 = UNCERTAINTY_MEASURE_WITH_UNIT (LENGTH_MEASURE( 1.000000000000000082E-05 ), #3598, 'distance_accuracy_value', 'NONE');
#5508 = DIRECTION ( 'NONE',  ( 0.000000000000000000, 0.000000000000000000, 1.000000000000000000 ) ) ;
#5509 = PRESENTATION_LAYER_ASSIGNMENT (  '', '', ( #3517 ) ) ;
#5510 = STYLED_ITEM ( 'NONE', ( #1178 ), #1440 ) ;
#5511 = FILL_AREA_STYLE ('',( #1542 ) ) ;
#5512 = ORIENTED_EDGE ( 'NONE', *, *, #3040, .T. ) ;
#5513 =( NAMED_UNIT ( * ) SI_UNIT ( $, .STERADIAN. ) SOLID_ANGLE_UNIT ( ) );
#5514 = MECHANICAL_DESIGN_GEOMETRIC_PRESENTATION_REPRESENTATION (  '', ( #3824 ), #3213 ) ;
#5515 = UNCERTAINTY_MEASURE_WITH_UNIT (LENGTH_MEASURE( 1.000000000000000082E-05 ), #4333, 'distance_accuracy_value', 'NONE');
#5516 = CARTESIAN_POINT ( 'NONE',  ( -0.8000000000000012657, -0.6000000000000005329, 0.2800000000000000266 ) ) ;
#5517 = SURFACE_SIDE_STYLE ('',( #992 ) ) ;
#5518 = TOROIDAL_SURFACE ( 'NONE', #937, 0.1849999999999999978, 0.01499999999999999944 ) ;
#5519 = LINE ( 'NONE', #122, #1050 ) ;
#5520 =( GEOMETRIC_REPRESENTATION_CONTEXT ( 3 ) GLOBAL_UNCERTAINTY_ASSIGNED_CONTEXT ( ( #5613 ) ) GLOBAL_UNIT_ASSIGNED_CONTEXT ( ( #5406, #5924, #2007 ) ) REPRESENTATION_CONTEXT ( 'NONE', 'WORKASPACE' ) );
#5521 = EDGE_CURVE ( 'NONE', #5245, #6179, #2655, .T. ) ;
#5522 = COLOUR_RGB ( '',0.2862745098039215508, 0.2862745098039215508, 0.2862745098039215508 ) ;
#5523 = ORIENTED_EDGE ( 'NONE', *, *, #5195, .F. ) ;
#5524 = CARTESIAN_POINT ( 'NONE',  ( 0.4999999999999986122, 0.2999999999999996003, 0.5050000000000000044 ) ) ;
#5525 = LINE ( 'NONE', #5492, #739 ) ;
#5526 = ORIENTED_EDGE ( 'NONE', *, *, #1439, .F. ) ;
#5527 = STYLED_ITEM ( 'NONE', ( #4268 ), #5833 ) ;
#5528 = COLOUR_RGB ( '',0.8039215686274510109, 0.8039215686274510109, 0.8039215686274510109 ) ;
#5529 = ADVANCED_FACE ( 'NONE', ( #1746 ), #3709, .T. ) ;
#5530 =( NAMED_UNIT ( * ) PLANE_ANGLE_UNIT ( ) SI_UNIT ( $, .RADIAN. ) );
#5531 = STYLED_ITEM ( 'NONE', ( #3715 ), #6076 ) ;
#5532 = ORIENTED_EDGE ( 'NONE', *, *, #1682, .F. ) ;
#5533 = DIRECTION ( 'NONE',  ( 1.000000000000000000, 0.000000000000000000, 0.000000000000000000 ) ) ;
#5534 = VECTOR ( 'NONE', #1949, 1000.000000000000000 ) ;
#5535 = DIRECTION ( 'NONE',  ( 0.000000000000000000, 0.000000000000000000, -1.000000000000000000 ) ) ;
#5536 = ORIENTED_EDGE ( 'NONE', *, *, #600, .F. ) ;
#5537 = EDGE_CURVE ( 'NONE', #6317, #4134, #3749, .T. ) ;
#5538 = STYLED_ITEM ( 'NONE', ( #6140 ), #6253 ) ;
#5539 =( GEOMETRIC_REPRESENTATION_CONTEXT ( 3 ) GLOBAL_UNCERTAINTY_ASSIGNED_CONTEXT ( ( #2069 ) ) GLOBAL_UNIT_ASSIGNED_CONTEXT ( ( #2833, #3769, #792 ) ) REPRESENTATION_CONTEXT ( 'NONE', 'WORKASPACE' ) );
#5540 = CIRCLE ( 'NONE', #240, 0.2224999999999998368 ) ;
#5541 = CARTESIAN_POINT ( 'NONE',  ( -0.7999999999999986011, 0.5999999999999996447, 0.01999999999999994491 ) ) ;
#5542 = DIRECTION ( 'NONE',  ( -0.000000000000000000, -0.000000000000000000, -1.000000000000000000 ) ) ;
#5543 = AXIS2_PLACEMENT_3D ( 'NONE', #1269, #5210, #3227 ) ;
#5544 = CARTESIAN_POINT ( 'NONE',  ( 0.4999999999999986122, 0.2999999999999996003, 0.5050000000000000044 ) ) ;
#5545 = ORIENTED_EDGE ( 'NONE', *, *, #3571, .F. ) ;
#5546 =( LENGTH_UNIT ( ) NAMED_UNIT ( * ) SI_UNIT ( .MILLI., .METRE. ) );
#5547 = FACE_OUTER_BOUND ( 'NONE', #407, .T. ) ;
#5548 = SURFACE_STYLE_FILL_AREA ( #3547 ) ;
#5549 = MECHANICAL_DESIGN_GEOMETRIC_PRESENTATION_REPRESENTATION (  '', ( #5855 ), #3039 ) ;
#5550 = DIRECTION ( 'NONE',  ( 1.000000000000000000, 0.000000000000000000, 0.000000000000000000 ) ) ;
#5551 =( NAMED_UNIT ( * ) SI_UNIT ( $, .STERADIAN. ) SOLID_ANGLE_UNIT ( ) );
#5552 = DIRECTION ( 'NONE',  ( -0.000000000000000000, -0.000000000000000000, -1.000000000000000000 ) ) ;
#5553 = LINE ( 'NONE', #2214, #1293 ) ;
#5554 = ORIENTED_EDGE ( 'NONE', *, *, #3450, .T. ) ;
#5555 = FACE_OUTER_BOUND ( 'NONE', #5595, .T. ) ;
#5556 = DIRECTION ( 'NONE',  ( 0.000000000000000000, 0.000000000000000000, 1.000000000000000000 ) ) ;
#5557 =( NAMED_UNIT ( * ) SI_UNIT ( $, .STERADIAN. ) SOLID_ANGLE_UNIT ( ) );
#5558 = PRESENTATION_STYLE_ASSIGNMENT (( #1630 ) ) ;
#5559 = UNCERTAINTY_MEASURE_WITH_UNIT (LENGTH_MEASURE( 1.000000000000000082E-05 ), #3271, 'distance_accuracy_value', 'NONE');
#5560 = EDGE_CURVE ( 'NONE', #4302, #564, #5746, .T. ) ;
#5561 = ORIENTED_EDGE ( 'NONE', *, *, #791, .F. ) ;
#5562 = DIRECTION ( 'NONE',  ( -1.000000000000000000, 0.000000000000000000, 0.000000000000000000 ) ) ;
#5563 = EDGE_CURVE ( 'NONE', #2764, #2021, #5076, .T. ) ;
#5564 = ORIENTED_EDGE ( 'NONE', *, *, #5685, .F. ) ;
#5565 = CARTESIAN_POINT ( 'NONE',  ( -0.6939339828220163486, 0.000000000000000000, 0.01999999999999994491 ) ) ;
#5566 = LINE ( 'NONE', #2639, #4650 ) ;
#5567 = PLANE ( 'NONE',  #4647 ) ;
#5568 = CARTESIAN_POINT ( 'NONE',  ( 0.6939339828220163486, 0.4044079500593131815, 0.01999999999999994491 ) ) ;
#5569 = ORIENTED_EDGE ( 'NONE', *, *, #1373, .T. ) ;
#5570 = PRESENTATION_STYLE_ASSIGNMENT (( #6052 ) ) ;
#5571 = FACE_OUTER_BOUND ( 'NONE', #1062, .T. ) ;
#5572 = STYLED_ITEM ( 'NONE', ( #3142 ), #23 ) ;
#5573 = SURFACE_STYLE_FILL_AREA ( #5071 ) ;
#5574 = CARTESIAN_POINT ( 'NONE',  ( 0.6939339828220163486, 0.000000000000000000, -0.2800000000000000266 ) ) ;
#5575 = ORIENTED_EDGE ( 'NONE', *, *, #4802, .F. ) ;
#5576 = AXIS2_PLACEMENT_3D ( 'NONE', #1843, #414, #4895 ) ;
#5577 = DIRECTION ( 'NONE',  ( 0.000000000000000000, 0.000000000000000000, -1.000000000000000000 ) ) ;
#5578 = FILL_AREA_STYLE_COLOUR ( '', #770 ) ;
#5579 = VERTEX_POINT ( 'NONE', #2872 ) ;
#5580 = FILL_AREA_STYLE_COLOUR ( '', #4597 ) ;
#5581 = AXIS2_PLACEMENT_3D ( 'NONE', #711, #2749, #282 ) ;
#5582 = DIRECTION ( 'NONE',  ( 1.000000000000000000, 0.000000000000000000, 0.000000000000000000 ) ) ;
#5583 = CARTESIAN_POINT ( 'NONE',  ( -0.2499999999999997780, 0.000000000000000000, 0.01999999999999994491 ) ) ;
#5584 = CARTESIAN_POINT ( 'NONE',  ( -0.7000000000000011768, -0.3000000000000004885, 0.4250000000000000999 ) ) ;
#5585 = ORIENTED_EDGE ( 'NONE', *, *, #3900, .F. ) ;
#5586 = VECTOR ( 'NONE', #3931, 1000.000000000000000 ) ;
#5587 = EDGE_CURVE ( 'NONE', #3264, #417, #5249, .T. ) ;
#5588 = CARTESIAN_POINT ( 'NONE',  ( -0.5000000000000009992, 0.4399999999999995581, 0.4550000000000000711 ) ) ;
#5589 = COLOUR_RGB ( '',0.8627450980392157298, 0.6274509803921568540, 0.05882352941176470507 ) ;
#5590 = MECHANICAL_DESIGN_GEOMETRIC_PRESENTATION_REPRESENTATION (  '', ( #401 ), #4235 ) ;
#5591 = SURFACE_STYLE_FILL_AREA ( #3595 ) ;
#5592 = DIRECTION ( 'NONE',  ( -1.000000000000000000, 0.000000000000000000, 0.000000000000000000 ) ) ;
#5593 = SURFACE_STYLE_FILL_AREA ( #5035 ) ;
#5594 = CYLINDRICAL_SURFACE ( 'NONE', #5931, 0.01499999999999998557 ) ;
#5595 = EDGE_LOOP ( 'NONE', ( #940, #2312, #4173, #522, #880, #1364, #6237, #715, #1322, #1861 ) ) ;
#5596 = STYLED_ITEM ( 'NONE', ( #5432 ), #2072 ) ;
#5597 = PRESENTATION_LAYER_ASSIGNMENT (  '', '', ( #4558 ) ) ;
#5598 = EDGE_CURVE ( 'NONE', #3037, #850, #4857, .T. ) ;
#5599 = VECTOR ( 'NONE', #4766, 1000.000000000000000 ) ;
#5600 = VECTOR ( 'NONE', #6369, 1000.000000000000000 ) ;
#5601 = TOROIDAL_SURFACE ( 'NONE', #3821, 0.1849999999999999978, 0.01499999999999999944 ) ;
#5602 = EDGE_CURVE ( 'NONE', #5377, #2747, #5867, .T. ) ;
#5603 = LINE ( 'NONE', #1626, #1596 ) ;
#5604 = ORIENTED_EDGE ( 'NONE', *, *, #3373, .F. ) ;
#5605 = CARTESIAN_POINT ( 'NONE',  ( 0.6499999999999985789, 0.5999999999999996447, 0.01999999999999994491 ) ) ;
#5606 = VECTOR ( 'NONE', #3576, 1000.000000000000000 ) ;
#5607 = LINE ( 'NONE', #2147, #2229 ) ;
#5608 = FACE_OUTER_BOUND ( 'NONE', #2280, .T. ) ;
#5609 = DIRECTION ( 'NONE',  ( -1.000000000000000000, 0.000000000000000000, 0.000000000000000000 ) ) ;
#5610 = SURFACE_STYLE_FILL_AREA ( #4071 ) ;
#5611 = CARTESIAN_POINT ( 'NONE',  ( 0.7999999999999986011, 0.3774999999999995581, 0.01999999999999994491 ) ) ;
#5612 = COLOUR_RGB ( '',0.8627450980392157298, 0.6274509803921568540, 0.05882352941176470507 ) ;
#5613 = UNCERTAINTY_MEASURE_WITH_UNIT (LENGTH_MEASURE( 1.000000000000000082E-05 ), #5406, 'distance_accuracy_value', 'NONE');
#5614 =( NAMED_UNIT ( * ) SI_UNIT ( $, .STERADIAN. ) SOLID_ANGLE_UNIT ( ) );
#5615 = ORIENTED_EDGE ( 'NONE', *, *, #759, .T. ) ;
#5616 = SURFACE_SIDE_STYLE ('',( #256 ) ) ;
#5617 = PRESENTATION_LAYER_ASSIGNMENT (  '', '', ( #29 ) ) ;
#5618 = PLANE ( 'NONE',  #1664 ) ;
#5619 = VERTEX_POINT ( 'NONE', #2442 ) ;
#5620 = DIRECTION ( 'NONE',  ( -1.000000000000000000, 0.000000000000000000, 0.000000000000000000 ) ) ;
#5621 = COLOUR_RGB ( '',0.8627450980392157298, 0.5882352941176470784, 0.06274509803921568540 ) ;
#5622 = MECHANICAL_DESIGN_GEOMETRIC_PRESENTATION_REPRESENTATION (  '', ( #1900 ), #1287 ) ;
#5623 = FILL_AREA_STYLE ('',( #1612 ) ) ;
#5624 =( NAMED_UNIT ( * ) SI_UNIT ( $, .STERADIAN. ) SOLID_ANGLE_UNIT ( ) );
#5625 = CARTESIAN_POINT ( 'NONE',  ( -0.6250000000000011102, -0.3000000000000004885, 0.5200000000000000178 ) ) ;
#5626 = EDGE_CURVE ( 'NONE', #634, #2725, #630, .T. ) ;
#5627 = SURFACE_SIDE_STYLE ('',( #1216 ) ) ;
#5628 = STYLED_ITEM ( 'NONE', ( #2205 ), #6269 ) ;
#5629 = ORIENTED_EDGE ( 'NONE', *, *, #1740, .T. ) ;
#5630 = PRESENTATION_STYLE_ASSIGNMENT (( #1640 ) ) ;
#5631 = AXIS2_PLACEMENT_3D ( 'NONE', #1584, #3548, #5996 ) ;
#5632 = PRESENTATION_LAYER_ASSIGNMENT (  '', '', ( #466 ) ) ;
#5633 = STYLED_ITEM ( 'NONE', ( #2051 ), #3711 ) ;
#5634 = ADVANCED_FACE ( 'NONE', ( #377 ), #3807, .F. ) ;
#5635 =( NAMED_UNIT ( * ) PLANE_ANGLE_UNIT ( ) SI_UNIT ( $, .RADIAN. ) );
#5636 = VECTOR ( 'NONE', #4695, 1000.000000000000000 ) ;
#5637 = STYLED_ITEM ( 'NONE', ( #1492 ), #4080 ) ;
#5638 = LINE ( 'NONE', #5139, #5464 ) ;
#5639 = CARTESIAN_POINT ( 'NONE',  ( -0.6939339828220163486, 0.000000000000000000, 0.01999999999999994491 ) ) ;
#5640 = ORIENTED_EDGE ( 'NONE', *, *, #8, .T. ) ;
#5641 =( GEOMETRIC_REPRESENTATION_CONTEXT ( 3 ) GLOBAL_UNCERTAINTY_ASSIGNED_CONTEXT ( ( #116 ) ) GLOBAL_UNIT_ASSIGNED_CONTEXT ( ( #4610, #5089, #649 ) ) REPRESENTATION_CONTEXT ( 'NONE', 'WORKASPACE' ) );
#5642 = CARTESIAN_POINT ( 'NONE',  ( -0.6850000000000011635, -0.3000000000000004885, 0.4250000000000000999 ) ) ;
#5643 = DIRECTION ( 'NONE',  ( 0.000000000000000000, 0.000000000000000000, 1.000000000000000000 ) ) ;
#5644 = ORIENTED_EDGE ( 'NONE', *, *, #4709, .F. ) ;
#5645 = DIRECTION ( 'NONE',  ( 0.000000000000000000, 0.000000000000000000, -1.000000000000000000 ) ) ;
#5646 = DIRECTION ( 'NONE',  ( -0.000000000000000000, -0.000000000000000000, -1.000000000000000000 ) ) ;
#5647 = SURFACE_STYLE_FILL_AREA ( #188 ) ;
#5648 = ORIENTED_EDGE ( 'NONE', *, *, #5676, .F. ) ;
#5649 = PLANE ( 'NONE',  #307 ) ;
#5650 = SURFACE_STYLE_USAGE ( .BOTH. , #1788 ) ;
#5651 = ORIENTED_EDGE ( 'NONE', *, *, #5177, .F. ) ;
#5652 = CARTESIAN_POINT ( 'NONE',  ( -0.5499999999999997113, -0.1499999999999997446, 0.01999999999999994491 ) ) ;
#5653 =( NAMED_UNIT ( * ) SI_UNIT ( $, .STERADIAN. ) SOLID_ANGLE_UNIT ( ) );
#5654 = SURFACE_STYLE_FILL_AREA ( #1186 ) ;
#5655 = FILL_AREA_STYLE_COLOUR ( '', #4352 ) ;
#5656 = ORIENTED_EDGE ( 'NONE', *, *, #136, .T. ) ;
#5657 = CARTESIAN_POINT ( 'NONE',  ( 0.6939339828220163486, 0.000000000000000000, 0.01999999999999994491 ) ) ;
#5658 = CARTESIAN_POINT ( 'NONE',  ( 0.2499999999999997780, 0.000000000000000000, -0.2800000000000000266 ) ) ;
#5659 = ADVANCED_FACE ( 'NONE', ( #3964 ), #5902, .T. ) ;
#5660 = PRESENTATION_STYLE_ASSIGNMENT (( #3668 ) ) ;
#5661 = CIRCLE ( 'NONE', #6194, 0.1999999999999999833 ) ;
#5662 =( NAMED_UNIT ( * ) SI_UNIT ( $, .STERADIAN. ) SOLID_ANGLE_UNIT ( ) );
#5663 = ORIENTED_EDGE ( 'NONE', *, *, #83, .F. ) ;
#5664 = CYLINDRICAL_SURFACE ( 'NONE', #3686, 0.2224999999999998368 ) ;
#5665 = EDGE_CURVE ( 'NONE', #954, #4259, #2517, .T. ) ;
#5666 = ADVANCED_FACE ( 'NONE', ( #68 ), #606, .T. ) ;
#5667 = PRESENTATION_LAYER_ASSIGNMENT (  '', '', ( #5572 ) ) ;
#5668 =( NAMED_UNIT ( * ) SI_UNIT ( $, .STERADIAN. ) SOLID_ANGLE_UNIT ( ) );
#5669 = ORIENTED_EDGE ( 'NONE', *, *, #2315, .F. ) ;
#5670 = DIRECTION ( 'NONE',  ( -1.000000000000000000, 0.000000000000000000, 0.000000000000000000 ) ) ;
#5671 = FILL_AREA_STYLE ('',( #2685 ) ) ;
#5672 = CARTESIAN_POINT ( 'NONE',  ( -0.5000000000000012212, -0.4400000000000005018, 0.5200000000000000178 ) ) ;
#5673 = CIRCLE ( 'NONE', #1835, 0.01499999999999998557 ) ;
#5674 = SURFACE_STYLE_USAGE ( .BOTH. , #1783 ) ;
#5675 = ADVANCED_FACE ( 'NONE', ( #2991 ), #2471, .T. ) ;
#5676 = EDGE_CURVE ( 'NONE', #611, #564, #747, .T. ) ;
#5677 = UNCERTAINTY_MEASURE_WITH_UNIT (LENGTH_MEASURE( 1.000000000000000082E-05 ), #2490, 'distance_accuracy_value', 'NONE');
#5678 = MECHANICAL_DESIGN_GEOMETRIC_PRESENTATION_REPRESENTATION (  '', ( #6086 ), #4000 ) ;
#5679 = CARTESIAN_POINT ( 'NONE',  ( 0.6249999999999985567, -0.3000000000000004885, 0.5050000000000000044 ) ) ;
#5680 = ORIENTED_EDGE ( 'NONE', *, *, #945, .T. ) ;
#5681 = CARTESIAN_POINT ( 'NONE',  ( 0.4999999999999986122, 0.2999999999999996003, 0.5200000000000000178 ) ) ;
#5682 = SURFACE_STYLE_FILL_AREA ( #3683 ) ;
#5683 = DIRECTION ( 'NONE',  ( 1.000000000000000000, 0.000000000000000000, 0.000000000000000000 ) ) ;
#5684 = DIRECTION ( 'NONE',  ( 1.000000000000000000, 0.000000000000000000, 0.000000000000000000 ) ) ;
#5685 = EDGE_CURVE ( 'NONE', #1637, #4115, #2308, .T. ) ;
#5686 = PLANE ( 'NONE',  #2494 ) ;
#5687 =( NAMED_UNIT ( * ) PLANE_ANGLE_UNIT ( ) SI_UNIT ( $, .RADIAN. ) );
#5688 = PRESENTATION_STYLE_ASSIGNMENT (( #1318 ) ) ;
#5689 = VECTOR ( 'NONE', #4082, 1000.000000000000000 ) ;
#5690 = EDGE_LOOP ( 'NONE', ( #4519, #1709, #5896, #2319, #2540, #1616, #5656, #3727 ) ) ;
#5691 = CARTESIAN_POINT ( 'NONE',  ( -0.5000000000000012212, -0.4400000000000005018, 0.4550000000000000711 ) ) ;
#5692 =( GEOMETRIC_REPRESENTATION_CONTEXT ( 3 ) GLOBAL_UNCERTAINTY_ASSIGNED_CONTEXT ( ( #4313 ) ) GLOBAL_UNIT_ASSIGNED_CONTEXT ( ( #1089, #626, #689 ) ) REPRESENTATION_CONTEXT ( 'NONE', 'WORKASPACE' ) );
#5693 =( GEOMETRIC_REPRESENTATION_CONTEXT ( 3 ) GLOBAL_UNCERTAINTY_ASSIGNED_CONTEXT ( ( #296 ) ) GLOBAL_UNIT_ASSIGNED_CONTEXT ( ( #6264, #5788, #5231 ) ) REPRESENTATION_CONTEXT ( 'NONE', 'WORKASPACE' ) );
#5694 = UNCERTAINTY_MEASURE_WITH_UNIT (LENGTH_MEASURE( 1.000000000000000082E-05 ), #3580, 'distance_accuracy_value', 'NONE');
#5695 = AXIS2_PLACEMENT_3D ( 'NONE', #1897, #5535, #2134 ) ;
#5696 = SURFACE_SIDE_STYLE ('',( #2269 ) ) ;
#5697 = AXIS2_PLACEMENT_3D ( 'NONE', #3501, #103, #5533 ) ;
#5698 = DIRECTION ( 'NONE',  ( 1.000000000000000000, 0.000000000000000000, 0.000000000000000000 ) ) ;
#5699 = PRESENTATION_STYLE_ASSIGNMENT (( #1738 ) ) ;
#5700 = ORIENTED_EDGE ( 'NONE', *, *, #2508, .F. ) ;
#5701 = DIRECTION ( 'NONE',  ( 1.000000000000000000, 0.000000000000000000, 0.000000000000000000 ) ) ;
#5702 = CIRCLE ( 'NONE', #1766, 0.01499999999999998557 ) ;
#5703 = MECHANICAL_DESIGN_GEOMETRIC_PRESENTATION_REPRESENTATION (  '', ( #1665 ), #2994 ) ;
#5704 = LINE ( 'NONE', #2274, #3689 ) ;
#5705 =( NAMED_UNIT ( * ) SI_UNIT ( $, .STERADIAN. ) SOLID_ANGLE_UNIT ( ) );
#5706 = VERTEX_POINT ( 'NONE', #3120 ) ;
#5707 = DIRECTION ( 'NONE',  ( -1.000000000000000000, 0.000000000000000000, -0.000000000000000000 ) ) ;
#5708 = ORIENTED_EDGE ( 'NONE', *, *, #5411, .T. ) ;
#5709 = FILL_AREA_STYLE_COLOUR ( '', #5301 ) ;
#5710 = PRESENTATION_LAYER_ASSIGNMENT (  '', '', ( #2098 ) ) ;
#5711 = CARTESIAN_POINT ( 'NONE',  ( -0.5000000000000012212, -0.5000000000000004441, 0.4250000000000000999 ) ) ;
#5712 =( GEOMETRIC_REPRESENTATION_CONTEXT ( 3 ) GLOBAL_UNCERTAINTY_ASSIGNED_CONTEXT ( ( #1483 ) ) GLOBAL_UNIT_ASSIGNED_CONTEXT ( ( #4450, #2590, #524 ) ) REPRESENTATION_CONTEXT ( 'NONE', 'WORKASPACE' ) );
#5713 = STYLED_ITEM ( 'NONE', ( #6277 ), #2546 ) ;
#5714 =( NAMED_UNIT ( * ) PLANE_ANGLE_UNIT ( ) SI_UNIT ( $, .RADIAN. ) );
#5715 = VERTEX_POINT ( 'NONE', #2142 ) ;
#5716 = DIRECTION ( 'NONE',  ( 1.000000000000000000, -0.000000000000000000, 0.000000000000000000 ) ) ;
#5717 = ORIENTED_EDGE ( 'NONE', *, *, #4674, .T. ) ;
#5718 = ADVANCED_FACE ( 'NONE', ( #1196 ), #4687, .F. ) ;
#5719 = AXIS2_PLACEMENT_3D ( 'NONE', #1623, #771, #1679 ) ;
#5720 = PRESENTATION_LAYER_ASSIGNMENT (  '', '', ( #4370 ) ) ;
#5721 =( NAMED_UNIT ( * ) SI_UNIT ( $, .STERADIAN. ) SOLID_ANGLE_UNIT ( ) );
#5722 = COLOUR_RGB ( '',0.2862745098039215508, 0.2862745098039215508, 0.2862745098039215508 ) ;
#5723 = FILL_AREA_STYLE_COLOUR ( '', #1864 ) ;
#5724 = MECHANICAL_DESIGN_GEOMETRIC_PRESENTATION_REPRESENTATION (  '', ( #4998 ), #3115 ) ;
#5725 =( NAMED_UNIT ( * ) PLANE_ANGLE_UNIT ( ) SI_UNIT ( $, .RADIAN. ) );
#5726 = CARTESIAN_POINT ( 'NONE',  ( -0.5000000000000011102, 0.4999999999999995559, 0.2950000000000000400 ) ) ;
#5727 = ADVANCED_FACE ( 'NONE', ( #1125 ), #2647, .T. ) ;
#5728 = DIRECTION ( 'NONE',  ( -1.000000000000000000, -0.000000000000000000, -0.000000000000000000 ) ) ;
#5729 = PRESENTATION_LAYER_ASSIGNMENT (  '', '', ( #5527 ) ) ;
#5730 = VECTOR ( 'NONE', #412, 1000.000000000000000 ) ;
#5731 = MANIFOLD_SOLID_BREP ( 'Boss-Extrude4[3]', #4321 ) ;
#5732 = STYLED_ITEM ( 'NONE', ( #5252 ), #3636 ) ;
#5733 = DIRECTION ( 'NONE',  ( 0.000000000000000000, 0.000000000000000000, -1.000000000000000000 ) ) ;
#5734 = FACE_OUTER_BOUND ( 'NONE', #94, .T. ) ;
#5735 = ORIENTED_EDGE ( 'NONE', *, *, #5261, .F. ) ;
#5736 = CARTESIAN_POINT ( 'NONE',  ( 0.4999999999999986122, 0.4999999999999995559, 0.4250000000000000999 ) ) ;
#5737 = COLOUR_RGB ( '',0.8627450980392157298, 0.5882352941176470784, 0.06274509803921568540 ) ;
#5738 = MECHANICAL_DESIGN_GEOMETRIC_PRESENTATION_REPRESENTATION (  '', ( #2127 ), #3757 ) ;
#5739 = FACE_OUTER_BOUND ( 'NONE', #888, .T. ) ;
#5740 = CARTESIAN_POINT ( 'NONE',  ( 0.4999999999999986122, 0.4399999999999996136, 0.5050000000000000044 ) ) ;
#5741 = VERTEX_POINT ( 'NONE', #5736 ) ;
#5742 = SURFACE_SIDE_STYLE ('',( #5247 ) ) ;
#5743 = COLOUR_RGB ( '',0.8627450980392157298, 0.6274509803921568540, 0.05882352941176470507 ) ;
#5744 = CIRCLE ( 'NONE', #3239, 0.01499999999999998557 ) ;
#5745 = VERTEX_POINT ( 'NONE', #3829 ) ;
#5746 = LINE ( 'NONE', #3393, #2513 ) ;
#5747 = AXIS2_PLACEMENT_3D ( 'NONE', #3960, #6389, #5474 ) ;
#5748 = LINE ( 'NONE', #318, #847 ) ;
#5749 = PRESENTATION_STYLE_ASSIGNMENT (( #5674 ) ) ;
#5750 = AXIS2_PLACEMENT_3D ( 'NONE', #4807, #5260, #6351 ) ;
#5751 = DIRECTION ( 'NONE',  ( 1.000000000000000000, -1.506527021941980298E-15, 0.000000000000000000 ) ) ;
#5752 = ORIENTED_EDGE ( 'NONE', *, *, #2691, .T. ) ;
#5753 =( NAMED_UNIT ( * ) PLANE_ANGLE_UNIT ( ) SI_UNIT ( $, .RADIAN. ) );
#5754 = VERTEX_POINT ( 'NONE', #4303 ) ;
#5755 = DIRECTION ( 'NONE',  ( 0.000000000000000000, 0.000000000000000000, -1.000000000000000000 ) ) ;
#5756 = PRESENTATION_STYLE_ASSIGNMENT (( #5650 ) ) ;
#5757 = EDGE_LOOP ( 'NONE', ( #397, #6153, #4167, #1263 ) ) ;
#5758 = PRESENTATION_LAYER_ASSIGNMENT (  '', '', ( #5329 ) ) ;
#5759 = EDGE_CURVE ( 'NONE', #2619, #472, #5796, .T. ) ;
#5760 = UNCERTAINTY_MEASURE_WITH_UNIT (LENGTH_MEASURE( 1.000000000000000082E-05 ), #2752, 'distance_accuracy_value', 'NONE');
#5761 = EDGE_CURVE ( 'NONE', #4722, #102, #1676, .T. ) ;
#5762 = SURFACE_SIDE_STYLE ('',( #3144 ) ) ;
#5763 = DIRECTION ( 'NONE',  ( -0.000000000000000000, -0.000000000000000000, -1.000000000000000000 ) ) ;
#5764 = LINE ( 'NONE', #4903, #721 ) ;
#5765 = VERTEX_POINT ( 'NONE', #6294 ) ;
#5766 =( NAMED_UNIT ( * ) SI_UNIT ( $, .STERADIAN. ) SOLID_ANGLE_UNIT ( ) );
#5767 = DIRECTION ( 'NONE',  ( 1.000000000000000000, 0.000000000000000000, 0.000000000000000000 ) ) ;
#5768 = CARTESIAN_POINT ( 'NONE',  ( 0.4999999999999986122, 0.4849999999999995981, 0.4400000000000000577 ) ) ;
#5769 = ORIENTED_EDGE ( 'NONE', *, *, #727, .T. ) ;
#5770 = CARTESIAN_POINT ( 'NONE',  ( -0.6939339828220163486, 0.1499999999999996336, -0.2800000000000000266 ) ) ;
#5771 = ORIENTED_EDGE ( 'NONE', *, *, #5120, .T. ) ;
#5772 = CARTESIAN_POINT ( 'NONE',  ( -0.7150000000000011902, 0.2999999999999996003, 0.2800000000000000266 ) ) ;
#5773 = DIRECTION ( 'NONE',  ( -1.000000000000000000, 0.000000000000000000, 0.000000000000000000 ) ) ;
#5774 = EDGE_CURVE ( 'NONE', #4816, #4852, #2863, .T. ) ;
#5775 = SURFACE_SIDE_STYLE ('',( #4750 ) ) ;
#5776 = VERTEX_POINT ( 'NONE', #2765 ) ;
#5777 = PLANE ( 'NONE',  #2130 ) ;
#5778 = DIRECTION ( 'NONE',  ( 0.000000000000000000, 1.000000000000000000, 0.000000000000000000 ) ) ;
#5779 = ORIENTED_EDGE ( 'NONE', *, *, #3234, .T. ) ;
#5780 = DIRECTION ( 'NONE',  ( -1.000000000000000000, 0.000000000000000000, 0.000000000000000000 ) ) ;
#5781 = CARTESIAN_POINT ( 'NONE',  ( -0.6939339828220162376, -0.4044079500593132370, -0.2800000000000000266 ) ) ;
#5782 = ORIENTED_EDGE ( 'NONE', *, *, #4884, .F. ) ;
#5783 = CLOSED_SHELL ( 'NONE', ( #1723, #2244, #4803, #4626, #3043, #2782, #386, #4312, #1328, #4108, #3519 ) ) ;
#5784 =( LENGTH_UNIT ( ) NAMED_UNIT ( * ) SI_UNIT ( .MILLI., .METRE. ) );
#5785 = DIRECTION ( 'NONE',  ( 0.000000000000000000, 0.000000000000000000, -1.000000000000000000 ) ) ;
#5786 = CIRCLE ( 'NONE', #3176, 0.01499999999999998557 ) ;
#5787 = CYLINDRICAL_SURFACE ( 'NONE', #2189, 0.2224999999999998368 ) ;
#5788 =( NAMED_UNIT ( * ) PLANE_ANGLE_UNIT ( ) SI_UNIT ( $, .RADIAN. ) );
#5789 = ORIENTED_EDGE ( 'NONE', *, *, #3876, .F. ) ;
#5790 = VECTOR ( 'NONE', #5140, 1000.000000000000000 ) ;
#5791 = EDGE_CURVE ( 'NONE', #4186, #2103, #399, .T. ) ;
#5792 = PRESENTATION_LAYER_ASSIGNMENT (  '', '', ( #2374 ) ) ;
#5793 = COLOUR_RGB ( '',0.8627450980392157298, 0.6274509803921568540, 0.05882352941176470507 ) ;
#5794 = DIRECTION ( 'NONE',  ( 0.000000000000000000, -1.000000000000000000, 0.000000000000000000 ) ) ;
#5795 = ORIENTED_EDGE ( 'NONE', *, *, #4995, .T. ) ;
#5796 = LINE ( 'NONE', #5862, #1776 ) ;
#5797 = VERTEX_POINT ( 'NONE', #4741 ) ;
#5798 =( GEOMETRIC_REPRESENTATION_CONTEXT ( 3 ) GLOBAL_UNCERTAINTY_ASSIGNED_CONTEXT ( ( #2061 ) ) GLOBAL_UNIT_ASSIGNED_CONTEXT ( ( #4853, #5378, #2844 ) ) REPRESENTATION_CONTEXT ( 'NONE', 'WORKASPACE' ) );
#5799 = ORIENTED_EDGE ( 'NONE', *, *, #448, .T. ) ;
#5800 = FILL_AREA_STYLE ('',( #6299 ) ) ;
#5801 = STYLED_ITEM ( 'NONE', ( #1507 ), #2004 ) ;
#5802 = CARTESIAN_POINT ( 'NONE',  ( 0.000000000000000000, 0.5999999999999996447, 0.01999999999999994491 ) ) ;
#5803 = CARTESIAN_POINT ( 'NONE',  ( -0.5000000000000012212, -0.4400000000000004463, 0.5200000000000000178 ) ) ;
#5804 = EDGE_LOOP ( 'NONE', ( #620, #1092, #692, #3273 ) ) ;
#5805 = CARTESIAN_POINT ( 'NONE',  ( -0.7000000000000011768, -0.5150000000000004574, 0.2950000000000000400 ) ) ;
#5806 = LINE ( 'NONE', #3748, #4400 ) ;
#5807 = FILL_AREA_STYLE ('',( #5838 ) ) ;
#5808 = SURFACE_STYLE_USAGE ( .BOTH. , #1841 ) ;
#5809 = EDGE_CURVE ( 'NONE', #1350, #5852, #6239, .T. ) ;
#5810 = LINE ( 'NONE', #2849, #6236 ) ;
#5811 = EDGE_LOOP ( 'NONE', ( #5799, #3253, #4616, #5131 ) ) ;
#5812 = PRESENTATION_STYLE_ASSIGNMENT (( #1416 ) ) ;
#5813 = AXIS2_PLACEMENT_3D ( 'NONE', #6371, #2350, #3845 ) ;
#5814 =( LENGTH_UNIT ( ) NAMED_UNIT ( * ) SI_UNIT ( .MILLI., .METRE. ) );
#5815 = PLANE ( 'NONE',  #2316 ) ;
#5816 = PRESENTATION_LAYER_ASSIGNMENT (  '', '', ( #4666 ) ) ;
#5817 = UNCERTAINTY_MEASURE_WITH_UNIT (LENGTH_MEASURE( 1.000000000000000082E-05 ), #1990, 'distance_accuracy_value', 'NONE');
#5818 = VERTEX_POINT ( 'NONE', #5770 ) ;
#5819 = PLANE ( 'NONE',  #5287 ) ;
#5820 = COLOUR_RGB ( '',0.8627450980392157298, 0.5882352941176470784, 0.06274509803921568540 ) ;
#5821 = COLOUR_RGB ( '',0.2862745098039215508, 0.2862745098039215508, 0.2862745098039215508 ) ;
#5822 = EDGE_LOOP ( 'NONE', ( #2421, #3897, #99, #1590 ) ) ;
#5823 = DIRECTION ( 'NONE',  ( 0.000000000000000000, -0.000000000000000000, 1.000000000000000000 ) ) ;
#5824 = STYLED_ITEM ( 'NONE', ( #5271 ), #5731 ) ;
#5825 = COLOUR_RGB ( '',0.8627450980392157298, 0.6274509803921568540, 0.05882352941176470507 ) ;
#5826 = UNCERTAINTY_MEASURE_WITH_UNIT (LENGTH_MEASURE( 1.000000000000000082E-05 ), #5892, 'distance_accuracy_value', 'NONE');
#5827 = FACE_OUTER_BOUND ( 'NONE', #4763, .T. ) ;
#5828 = DIRECTION ( 'NONE',  ( -1.000000000000000000, 0.000000000000000000, 0.000000000000000000 ) ) ;
#5829 = VERTEX_POINT ( 'NONE', #2301 ) ;
#5830 = MECHANICAL_DESIGN_GEOMETRIC_PRESENTATION_REPRESENTATION (  '', ( #3330 ), #3846 ) ;
#5831 = ORIENTED_EDGE ( 'NONE', *, *, #6261, .T. ) ;
#5832 =( GEOMETRIC_REPRESENTATION_CONTEXT ( 3 ) GLOBAL_UNCERTAINTY_ASSIGNED_CONTEXT ( ( #5952 ) ) GLOBAL_UNIT_ASSIGNED_CONTEXT ( ( #2367, #4746, #5348 ) ) REPRESENTATION_CONTEXT ( 'NONE', 'WORKASPACE' ) );
#5833 = ADVANCED_FACE ( 'NONE', ( #1871, #6324 ), #4717, .T. ) ;
#5834 = LINE ( 'NONE', #1404, #1066 ) ;
#5835 = AXIS2_PLACEMENT_3D ( 'NONE', #1234, #5217, #4663 ) ;
#5836 = ADVANCED_FACE ( 'NONE', ( #3455 ), #1580, .F. ) ;
#5837 = VERTEX_POINT ( 'NONE', #3953 ) ;
#5838 = FILL_AREA_STYLE_COLOUR ( '', #737 ) ;
#5839 = CARTESIAN_POINT ( 'NONE',  ( -0.6500000000000011324, -0.6000000000000005329, -0.2810000000000000275 ) ) ;
#5840 = DIRECTION ( 'NONE',  ( -0.000000000000000000, -0.000000000000000000, 1.000000000000000000 ) ) ;
#5841 = MECHANICAL_DESIGN_GEOMETRIC_PRESENTATION_REPRESENTATION (  '', ( #5732 ), #3752 ) ;
#5842 = PRESENTATION_STYLE_ASSIGNMENT (( #4281 ) ) ;
#5843 = ADVANCED_FACE ( 'NONE', ( #3418 ), #2812, .F. ) ;
#5844 = SURFACE_SIDE_STYLE ('',( #3263 ) ) ;
#5845 = ORIENTED_EDGE ( 'NONE', *, *, #1560, .F. ) ;
#5846 = DIRECTION ( 'NONE',  ( 1.000000000000000000, 0.000000000000000000, 0.000000000000000000 ) ) ;
#5847 = DIRECTION ( 'NONE',  ( 0.000000000000000000, 0.000000000000000000, 1.000000000000000000 ) ) ;
#5848 = PRESENTATION_STYLE_ASSIGNMENT (( #5334 ) ) ;
#5849 = ORIENTED_EDGE ( 'NONE', *, *, #5560, .F. ) ;
#5850 = AXIS2_PLACEMENT_3D ( 'NONE', #6331, #5094, #30 ) ;
#5851 = CARTESIAN_POINT ( 'NONE',  ( -0.2499999999999997780, -0.4500000000000007327, 0.01999999999999994491 ) ) ;
#5852 = VERTEX_POINT ( 'NONE', #4468 ) ;
#5853 = SURFACE_STYLE_FILL_AREA ( #4806 ) ;
#5854 = PLANE ( 'NONE',  #5750 ) ;
#5855 = STYLED_ITEM ( 'NONE', ( #2827 ), #4244 ) ;
#5856 = EDGE_LOOP ( 'NONE', ( #1102, #901, #4634, #3907 ) ) ;
#5857 = CARTESIAN_POINT ( 'NONE',  ( 0.6939339828220163486, -0.4044079500593134036, 0.01999999999999994491 ) ) ;
#5858 = SURFACE_STYLE_USAGE ( .BOTH. , #1425 ) ;
#5859 = VERTEX_POINT ( 'NONE', #543 ) ;
#5860 = LINE ( 'NONE', #3382, #6096 ) ;
#5861 = ORIENTED_EDGE ( 'NONE', *, *, #127, .F. ) ;
#5862 = CARTESIAN_POINT ( 'NONE',  ( -0.3500000000000021427, -0.3499999999999983680, 0.01999999999999994491 ) ) ;
#5863 = DIRECTION ( 'NONE',  ( -1.000000000000000000, -6.118385167737106238E-16, 0.000000000000000000 ) ) ;
#5864 = VERTEX_POINT ( 'NONE', #4975 ) ;
#5865 = CARTESIAN_POINT ( 'NONE',  ( 0.000000000000000000, -0.4550000000000004596, 0.4400000000000000577 ) ) ;
#5866 = DIRECTION ( 'NONE',  ( 0.000000000000000000, 0.000000000000000000, 1.000000000000000000 ) ) ;
#5867 = LINE ( 'NONE', #2900, #5192 ) ;
#5868 = CARTESIAN_POINT ( 'NONE',  ( -0.8000000000000012657, -0.6000000000000005329, -0.2800000000000000266 ) ) ;
#5869 = EDGE_CURVE ( 'NONE', #1078, #3811, #4435, .T. ) ;
#5870 = EDGE_CURVE ( 'NONE', #691, #5837, #1972, .T. ) ;
#5871 =( LENGTH_UNIT ( ) NAMED_UNIT ( * ) SI_UNIT ( .MILLI., .METRE. ) );
#5872 = DIRECTION ( 'NONE',  ( 0.000000000000000000, 0.000000000000000000, -1.000000000000000000 ) ) ;
#5873 = VERTEX_POINT ( 'NONE', #3019 ) ;
#5874 = SURFACE_STYLE_USAGE ( .BOTH. , #4797 ) ;
#5875 = DIRECTION ( 'NONE',  ( -1.000000000000000000, 0.000000000000000000, 0.000000000000000000 ) ) ;
#5876 = CARTESIAN_POINT ( 'NONE',  ( 0.7999999999999986011, 0.3774999999999995581, -0.2800000000000000266 ) ) ;
#5877 =( NAMED_UNIT ( * ) SI_UNIT ( $, .STERADIAN. ) SOLID_ANGLE_UNIT ( ) );
#5878 = VERTEX_POINT ( 'NONE', #5015 ) ;
#5879 = AXIS2_PLACEMENT_3D ( 'NONE', #5992, #4525, #442 ) ;
#5880 = EDGE_CURVE ( 'NONE', #5745, #5426, #2549, .T. ) ;
#5881 = UNCERTAINTY_MEASURE_WITH_UNIT (LENGTH_MEASURE( 1.000000000000000082E-05 ), #1345, 'distance_accuracy_value', 'NONE');
#5882 = UNCERTAINTY_MEASURE_WITH_UNIT (LENGTH_MEASURE( 1.000000000000000082E-05 ), #4436, 'distance_accuracy_value', 'NONE');
#5883 = ORIENTED_EDGE ( 'NONE', *, *, #1033, .T. ) ;
#5884 =( NAMED_UNIT ( * ) PLANE_ANGLE_UNIT ( ) SI_UNIT ( $, .RADIAN. ) );
#5885 = DIRECTION ( 'NONE',  ( -1.000000000000000000, 0.000000000000000000, 0.000000000000000000 ) ) ;
#5886 = ORIENTED_EDGE ( 'NONE', *, *, #3798, .F. ) ;
#5887 = COLOUR_RGB ( '',0.2862745098039215508, 0.2862745098039215508, 0.2862745098039215508 ) ;
#5888 = MANIFOLD_SOLID_BREP ( 'Boss-Extrude5', #5255 ) ;
#5889 = VECTOR ( 'NONE', #702, 1000.000000000000000 ) ;
#5890 = DIRECTION ( 'NONE',  ( 0.000000000000000000, 1.000000000000000000, 0.000000000000000000 ) ) ;
#5891 = DIRECTION ( 'NONE',  ( -6.118385167737106238E-16, -1.000000000000000000, 0.000000000000000000 ) ) ;
#5892 =( LENGTH_UNIT ( ) NAMED_UNIT ( * ) SI_UNIT ( .MILLI., .METRE. ) );
#5893 = FILL_AREA_STYLE_COLOUR ( '', #594 ) ;
#5894 = COLOUR_RGB ( '',0.8627450980392157298, 0.5882352941176470784, 0.06274509803921568540 ) ;
#5895 = DIRECTION ( 'NONE',  ( 0.000000000000000000, 0.000000000000000000, 1.000000000000000000 ) ) ;
#5896 = ORIENTED_EDGE ( 'NONE', *, *, #4121, .F. ) ;
#5897 = DIRECTION ( 'NONE',  ( 2.442259918002687003E-16, 1.000000000000000000, 0.000000000000000000 ) ) ;
#5898 = VECTOR ( 'NONE', #5480, 1000.000000000000000 ) ;
#5899 =( NAMED_UNIT ( * ) PLANE_ANGLE_UNIT ( ) SI_UNIT ( $, .RADIAN. ) );
#5900 = TOROIDAL_SURFACE ( 'NONE', #5379, 0.1550000000000000266, 0.01499999999999999944 ) ;
#5901 = ORIENTED_EDGE ( 'NONE', *, *, #4574, .F. ) ;
#5902 = CYLINDRICAL_SURFACE ( 'NONE', #1890, 0.01500000000000003934 ) ;
#5903 = DIRECTION ( 'NONE',  ( -0.000000000000000000, -0.000000000000000000, 1.000000000000000000 ) ) ;
#5904 = COLOUR_RGB ( '',0.8627450980392157298, 0.6274509803921568540, 0.05882352941176470507 ) ;
#5905 = COLOUR_RGB ( '',0.2862745098039215508, 0.2862745098039215508, 0.2862745098039215508 ) ;
#5906 = SURFACE_SIDE_STYLE ('',( #1378 ) ) ;
#5907 = ORIENTED_EDGE ( 'NONE', *, *, #4991, .F. ) ;
#5908 = CARTESIAN_POINT ( 'NONE',  ( 0.000000000000000000, 0.000000000000000000, 0.01999999999999994491 ) ) ;
#5909 = SURFACE_STYLE_FILL_AREA ( #1850 ) ;
#5910 = PRESENTATION_STYLE_ASSIGNMENT (( #3272 ) ) ;
#5911 = ORIENTED_EDGE ( 'NONE', *, *, #1001, .F. ) ;
#5912 = VECTOR ( 'NONE', #1695, 1000.000000000000000 ) ;
#5913 =( GEOMETRIC_REPRESENTATION_CONTEXT ( 3 ) GLOBAL_UNCERTAINTY_ASSIGNED_CONTEXT ( ( #5288 ) ) GLOBAL_UNIT_ASSIGNED_CONTEXT ( ( #5784, #3874, #5333 ) ) REPRESENTATION_CONTEXT ( 'NONE', 'WORKASPACE' ) );
#5914 = PRESENTATION_LAYER_ASSIGNMENT (  '', '', ( #5510 ) ) ;
#5915 = VERTEX_POINT ( 'NONE', #4520 ) ;
#5916 = PRESENTATION_STYLE_ASSIGNMENT (( #4322 ) ) ;
#5917 = FILL_AREA_STYLE_COLOUR ( '', #3965 ) ;
#5918 = CARTESIAN_POINT ( 'NONE',  ( 0.4999999999999986122, -0.3000000000000004885, 0.4400000000000000577 ) ) ;
#5919 = ORIENTED_EDGE ( 'NONE', *, *, #1001, .T. ) ;
#5920 =( NAMED_UNIT ( * ) PLANE_ANGLE_UNIT ( ) SI_UNIT ( $, .RADIAN. ) );
#5921 =( NAMED_UNIT ( * ) SI_UNIT ( $, .STERADIAN. ) SOLID_ANGLE_UNIT ( ) );
#5922 =( GEOMETRIC_REPRESENTATION_CONTEXT ( 3 ) GLOBAL_UNCERTAINTY_ASSIGNED_CONTEXT ( ( #160 ) ) GLOBAL_UNIT_ASSIGNED_CONTEXT ( ( #1521, #4980, #6029 ) ) REPRESENTATION_CONTEXT ( 'NONE', 'WORKASPACE' ) );
#5923 = EDGE_CURVE ( 'NONE', #3206, #1731, #1735, .T. ) ;
#5924 =( NAMED_UNIT ( * ) PLANE_ANGLE_UNIT ( ) SI_UNIT ( $, .RADIAN. ) );
#5925 = ORIENTED_EDGE ( 'NONE', *, *, #5598, .F. ) ;
#5926 = MECHANICAL_DESIGN_GEOMETRIC_PRESENTATION_REPRESENTATION (  '', ( #5083 ), #2903 ) ;
#5927 =( LENGTH_UNIT ( ) NAMED_UNIT ( * ) SI_UNIT ( .MILLI., .METRE. ) );
#5928 = DIRECTION ( 'NONE',  ( -1.000000000000000000, 0.000000000000000000, 0.000000000000000000 ) ) ;
#5929 = VECTOR ( 'NONE', #730, 1000.000000000000000 ) ;
#5930 = CARTESIAN_POINT ( 'NONE',  ( -0.2499999999999997780, -0.4939339828220177808, 0.01999999999999994491 ) ) ;
#5931 = AXIS2_PLACEMENT_3D ( 'NONE', #4680, #3663, #5785 ) ;
#5932 = CARTESIAN_POINT ( 'NONE',  ( -0.6499999999999986899, -0.5999999999999998668, -0.2800000000000000266 ) ) ;
#5933 = CARTESIAN_POINT ( 'NONE',  ( -0.6044079500593120269, 0.4939339828220175588, 0.01999999999999994491 ) ) ;
#5934 =( NAMED_UNIT ( * ) PLANE_ANGLE_UNIT ( ) SI_UNIT ( $, .RADIAN. ) );
#5935 =( NAMED_UNIT ( * ) SI_UNIT ( $, .STERADIAN. ) SOLID_ANGLE_UNIT ( ) );
#5936 =( NAMED_UNIT ( * ) PLANE_ANGLE_UNIT ( ) SI_UNIT ( $, .RADIAN. ) );
#5937 = DIRECTION ( 'NONE',  ( 1.000000000000000000, 0.000000000000000000, 0.000000000000000000 ) ) ;
#5938 =( GEOMETRIC_REPRESENTATION_CONTEXT ( 3 ) GLOBAL_UNCERTAINTY_ASSIGNED_CONTEXT ( ( #4911 ) ) GLOBAL_UNIT_ASSIGNED_CONTEXT ( ( #4212, #5714, #192 ) ) REPRESENTATION_CONTEXT ( 'NONE', 'WORKASPACE' ) );
#5939 = VECTOR ( 'NONE', #2811, 1000.000000000000000 ) ;
#5940 = ORIENTED_EDGE ( 'NONE', *, *, #4152, .F. ) ;
#5941 =( NAMED_UNIT ( * ) SI_UNIT ( $, .STERADIAN. ) SOLID_ANGLE_UNIT ( ) );
#5942 = MECHANICAL_DESIGN_GEOMETRIC_PRESENTATION_REPRESENTATION (  '', ( #6235 ), #1593 ) ;
#5943 = DIRECTION ( 'NONE',  ( 0.000000000000000000, 0.000000000000000000, -1.000000000000000000 ) ) ;
#5944 = SURFACE_STYLE_FILL_AREA ( #977 ) ;
#5945 = ORIENTED_EDGE ( 'NONE', *, *, #791, .T. ) ;
#5946 = AXIS2_PLACEMENT_3D ( 'NONE', #456, #5358, #4351 ) ;
#5947 = ORIENTED_EDGE ( 'NONE', *, *, #906, .T. ) ;
#5948 = VERTEX_POINT ( 'NONE', #4195 ) ;
#5949 = PRESENTATION_LAYER_ASSIGNMENT (  '', '', ( #6048 ) ) ;
#5950 = AXIS2_PLACEMENT_3D ( 'NONE', #4677, #5229, #3661 ) ;
#5951 = EDGE_CURVE ( 'NONE', #972, #3024, #4054, .T. ) ;
#5952 = UNCERTAINTY_MEASURE_WITH_UNIT (LENGTH_MEASURE( 1.000000000000000082E-05 ), #2367, 'distance_accuracy_value', 'NONE');
#5953 = SURFACE_STYLE_USAGE ( .BOTH. , #1054 ) ;
#5954 = SURFACE_SIDE_STYLE ('',( #4916 ) ) ;
#5955 = MECHANICAL_DESIGN_GEOMETRIC_PRESENTATION_REPRESENTATION (  '', ( #3128 ), #2845 ) ;
#5956 = CARTESIAN_POINT ( 'NONE',  ( -0.7000000000000011768, 0.2999999999999996003, 0.4250000000000000999 ) ) ;
#5957 = EDGE_CURVE ( 'NONE', #4276, #1564, #1617, .T. ) ;
#5958 = UNCERTAINTY_MEASURE_WITH_UNIT (LENGTH_MEASURE( 1.000000000000000082E-05 ), #3564, 'distance_accuracy_value', 'NONE');
#5959 = CARTESIAN_POINT ( 'NONE',  ( -0.5000000000000012212, 0.2999999999999996003, 0.4550000000000000711 ) ) ;
#5960 =( NAMED_UNIT ( * ) PLANE_ANGLE_UNIT ( ) SI_UNIT ( $, .RADIAN. ) );
#5961 = DIRECTION ( 'NONE',  ( 0.000000000000000000, -1.000000000000000000, 0.000000000000000000 ) ) ;
#5962 = SURFACE_SIDE_STYLE ('',( #965 ) ) ;
#5963 = FILL_AREA_STYLE_COLOUR ( '', #6028 ) ;
#5964 = PRESENTATION_STYLE_ASSIGNMENT (( #125 ) ) ;
#5965 = FILL_AREA_STYLE ('',( #4476 ) ) ;
#5966 = ADVANCED_FACE ( 'NONE', ( #2642 ), #6104, .F. ) ;
#5967 = SURFACE_SIDE_STYLE ('',( #6033 ) ) ;
#5968 = ORIENTED_EDGE ( 'NONE', *, *, #2657, .F. ) ;
#5969 = DIRECTION ( 'NONE',  ( 0.000000000000000000, 1.000000000000000000, 0.000000000000000000 ) ) ;
#5970 = PRESENTATION_STYLE_ASSIGNMENT (( #583 ) ) ;
#5971 = PRESENTATION_STYLE_ASSIGNMENT (( #4537 ) ) ;
#5972 = DIRECTION ( 'NONE',  ( -1.000000000000000000, 0.000000000000000000, 0.000000000000000000 ) ) ;
#5973 = ORIENTED_EDGE ( 'NONE', *, *, #270, .F. ) ;
#5974 =( NAMED_UNIT ( * ) SI_UNIT ( $, .STERADIAN. ) SOLID_ANGLE_UNIT ( ) );
#5975 = CARTESIAN_POINT ( 'NONE',  ( 0.6939339828220163486, 0.4044079500593131815, 0.01999999999999994491 ) ) ;
#5976 = ORIENTED_EDGE ( 'NONE', *, *, #1373, .F. ) ;
#5977 = CARTESIAN_POINT ( 'NONE',  ( 0.000000000000000000, 0.000000000000000000, 0.4400000000000000577 ) ) ;
#5978 = ORIENTED_EDGE ( 'NONE', *, *, #4511, .T. ) ;
#5979 = FILL_AREA_STYLE_COLOUR ( '', #3765 ) ;
#5980 = AXIS2_PLACEMENT_3D ( 'NONE', #3185, #4619, #2116 ) ;
#5981 = CARTESIAN_POINT ( 'NONE',  ( 0.2499999999999997780, 0.4939339828220177808, 0.01999999999999994491 ) ) ;
#5982 = VERTEX_POINT ( 'NONE', #4084 ) ;
#5983 =( LENGTH_UNIT ( ) NAMED_UNIT ( * ) SI_UNIT ( .MILLI., .METRE. ) );
#5984 =( LENGTH_UNIT ( ) NAMED_UNIT ( * ) SI_UNIT ( .MILLI., .METRE. ) );
#5985 = ADVANCED_FACE ( 'NONE', ( #5065 ), #693, .F. ) ;
#5986 = DIRECTION ( 'NONE',  ( -0.000000000000000000, 1.000000000000000000, -0.000000000000000000 ) ) ;
#5987 = VECTOR ( 'NONE', #3156, 1000.000000000000000 ) ;
#5988 = PLANE ( 'NONE',  #2703 ) ;
#5989 = FILL_AREA_STYLE_COLOUR ( '', #2060 ) ;
#5990 =( GEOMETRIC_REPRESENTATION_CONTEXT ( 3 ) GLOBAL_UNCERTAINTY_ASSIGNED_CONTEXT ( ( #1344 ) ) GLOBAL_UNIT_ASSIGNED_CONTEXT ( ( #3933, #2995, #3466 ) ) REPRESENTATION_CONTEXT ( 'NONE', 'WORKASPACE' ) );
#5991 = CARTESIAN_POINT ( 'NONE',  ( -0.7150000000000011902, -0.3000000000000004885, 0.2950000000000000400 ) ) ;
#5992 = CARTESIAN_POINT ( 'NONE',  ( -0.5000000000000011102, 0.4849999999999995981, 0.4250000000000000999 ) ) ;
#5993 = EDGE_CURVE ( 'NONE', #3222, #2558, #3751, .T. ) ;
#5994 = CYLINDRICAL_SURFACE ( 'NONE', #4474, 0.01499999999999998557 ) ;
#5995 = DIRECTION ( 'NONE',  ( -1.000000000000000000, 0.000000000000000000, 0.000000000000000000 ) ) ;
#5996 = DIRECTION ( 'NONE',  ( -1.000000000000000000, 0.000000000000000000, -0.000000000000000000 ) ) ;
#5997 = VECTOR ( 'NONE', #993, 1000.000000000000000 ) ;
#5998 = SURFACE_STYLE_FILL_AREA ( #4532 ) ;
#5999 = STYLED_ITEM ( 'NONE', ( #2634 ), #1084 ) ;
#6000 = EDGE_LOOP ( 'NONE', ( #5353, #5270 ) ) ;
#6001 = FILL_AREA_STYLE ('',( #3434 ) ) ;
#6002 = PLANE ( 'NONE',  #569 ) ;
#6003 = EDGE_CURVE ( 'NONE', #1566, #2215, #2357, .T. ) ;
#6004 =( LENGTH_UNIT ( ) NAMED_UNIT ( * ) SI_UNIT ( .MILLI., .METRE. ) );
#6005 =( NAMED_UNIT ( * ) PLANE_ANGLE_UNIT ( ) SI_UNIT ( $, .RADIAN. ) );
#6006 = FILL_AREA_STYLE ('',( #6038 ) ) ;
#6007 = ORIENTED_EDGE ( 'NONE', *, *, #4995, .F. ) ;
#6008 = PRESENTATION_LAYER_ASSIGNMENT (  '', '', ( #5166 ) ) ;
#6009 = PRESENTATION_LAYER_ASSIGNMENT (  '', '', ( #2688 ) ) ;
#6010 = FILL_AREA_STYLE ('',( #6090 ) ) ;
#6011 =( GEOMETRIC_REPRESENTATION_CONTEXT ( 3 ) GLOBAL_UNCERTAINTY_ASSIGNED_CONTEXT ( ( #4514 ) ) GLOBAL_UNIT_ASSIGNED_CONTEXT ( ( #1763, #3245, #789 ) ) REPRESENTATION_CONTEXT ( 'NONE', 'WORKASPACE' ) );
#6012 = ORIENTED_EDGE ( 'NONE', *, *, #1120, .T. ) ;
#6013 = CARTESIAN_POINT ( 'NONE',  ( 0.6044079500593120269, 0.4939339828220175588, 0.01999999999999994491 ) ) ;
#6014 = PRESENTATION_STYLE_ASSIGNMENT (( #1082 ) ) ;
#6015 = PRESENTATION_LAYER_ASSIGNMENT (  '', '', ( #2497 ) ) ;
#6016 = SURFACE_STYLE_USAGE ( .BOTH. , #4488 ) ;
#6017 = AXIS2_PLACEMENT_3D ( 'NONE', #3069, #4105, #534 ) ;
#6018 = AXIS2_PLACEMENT_3D ( 'NONE', #2053, #612, #2022 ) ;
#6019 = UNCERTAINTY_MEASURE_WITH_UNIT (LENGTH_MEASURE( 1.000000000000000082E-05 ), #2922, 'distance_accuracy_value', 'NONE');
#6020 = SURFACE_SIDE_STYLE ('',( #2073 ) ) ;
#6021 = VECTOR ( 'NONE', #5026, 1000.000000000000000 ) ;
#6022 =( LENGTH_UNIT ( ) NAMED_UNIT ( * ) SI_UNIT ( .MILLI., .METRE. ) );
#6023 = VERTEX_POINT ( 'NONE', #3728 ) ;
#6024 = SURFACE_STYLE_USAGE ( .BOTH. , #3509 ) ;
#6025 = PRESENTATION_STYLE_ASSIGNMENT (( #4524 ) ) ;
#6026 = EDGE_LOOP ( 'NONE', ( #5433, #4900, #78, #3648 ) ) ;
#6027 = CARTESIAN_POINT ( 'NONE',  ( -0.4450000000000009504, -0.3050000000000004929, 0.5200000000000000178 ) ) ;
#6028 = COLOUR_RGB ( '',0.8039215686274510109, 0.8039215686274510109, 0.8039215686274510109 ) ;
#6029 =( NAMED_UNIT ( * ) SI_UNIT ( $, .STERADIAN. ) SOLID_ANGLE_UNIT ( ) );
#6030 = PRESENTATION_LAYER_ASSIGNMENT (  '', '', ( #841 ) ) ;
#6031 = EDGE_CURVE ( 'NONE', #3264, #1764, #2918, .T. ) ;
#6032 = EDGE_CURVE ( 'NONE', #2089, #1330, #6230, .T. ) ;
#6033 = SURFACE_STYLE_FILL_AREA ( #70 ) ;
#6034 = VERTEX_POINT ( 'NONE', #5198 ) ;
#6035 = SURFACE_STYLE_FILL_AREA ( #1000 ) ;
#6036 = CARTESIAN_POINT ( 'NONE',  ( -0.5000000000000012212, -0.3000000000000004885, 0.4250000000000000999 ) ) ;
#6037 = FILL_AREA_STYLE ('',( #5051 ) ) ;
#6038 = FILL_AREA_STYLE_COLOUR ( '', #2008 ) ;
#6039 = STYLED_ITEM ( 'NONE', ( #714 ), #6133 ) ;
#6040 = ORIENTED_EDGE ( 'NONE', *, *, #3789, .F. ) ;
#6041 =( LENGTH_UNIT ( ) NAMED_UNIT ( * ) SI_UNIT ( .MILLI., .METRE. ) );
#6042 = ORIENTED_EDGE ( 'NONE', *, *, #4726, .F. ) ;
#6043 = DIRECTION ( 'NONE',  ( 0.000000000000000000, 0.000000000000000000, -1.000000000000000000 ) ) ;
#6044 = ORIENTED_EDGE ( 'NONE', *, *, #1749, .F. ) ;
#6045 = MECHANICAL_DESIGN_GEOMETRIC_PRESENTATION_REPRESENTATION (  '', ( #5538 ), #2125 ) ;
#6046 = COLOUR_RGB ( '',0.8039215686274510109, 0.8039215686274510109, 0.8039215686274510109 ) ;
#6047 =( GEOMETRIC_REPRESENTATION_CONTEXT ( 3 ) GLOBAL_UNCERTAINTY_ASSIGNED_CONTEXT ( ( #6267 ) ) GLOBAL_UNIT_ASSIGNED_CONTEXT ( ( #5983, #5920, #468 ) ) REPRESENTATION_CONTEXT ( 'NONE', 'WORKASPACE' ) );
#6048 = STYLED_ITEM ( 'NONE', ( #3863 ), #4803 ) ;
#6049 = VECTOR ( 'NONE', #991, 1000.000000000000000 ) ;
#6050 = FILL_AREA_STYLE ('',( #6168 ) ) ;
#6051 = ORIENTED_EDGE ( 'NONE', *, *, #1598, .T. ) ;
#6052 = SURFACE_STYLE_USAGE ( .BOTH. , #1671 ) ;
#6053 = VECTOR ( 'NONE', #843, 1000.000000000000000 ) ;
#6054 = FACE_OUTER_BOUND ( 'NONE', #2040, .T. ) ;
#6055 = ORIENTED_EDGE ( 'NONE', *, *, #5261, .T. ) ;
#6056 = PLANE ( 'NONE',  #5980 ) ;
#6057 = SURFACE_SIDE_STYLE ('',( #3049 ) ) ;
#6058 = CIRCLE ( 'NONE', #5428, 0.01500000000000003934 ) ;
#6059 = CARTESIAN_POINT ( 'NONE',  ( -0.7999999999999986011, 0.5999999999999996447, 0.01999999999999994491 ) ) ;
#6060 = ORIENTED_EDGE ( 'NONE', *, *, #3241, .T. ) ;
#6061 = SURFACE_STYLE_USAGE ( .BOTH. , #5422 ) ;
#6062 = VERTEX_POINT ( 'NONE', #5691 ) ;
#6063 = DIRECTION ( 'NONE',  ( -0.000000000000000000, -0.000000000000000000, -1.000000000000000000 ) ) ;
#6064 = ADVANCED_FACE ( 'NONE', ( #2737 ), #817, .F. ) ;
#6065 = CARTESIAN_POINT ( 'NONE',  ( 0.4999999999999986122, 0.4999999999999995559, 0.4250000000000000999 ) ) ;
#6066 = CARTESIAN_POINT ( 'NONE',  ( 0.000000000000000000, 0.000000000000000000, 0.01999999999999994491 ) ) ;
#6067 = FACE_OUTER_BOUND ( 'NONE', #576, .T. ) ;
#6068 = DIRECTION ( 'NONE',  ( -1.000000000000000000, 0.000000000000000000, 0.000000000000000000 ) ) ;
#6069 = UNCERTAINTY_MEASURE_WITH_UNIT (LENGTH_MEASURE( 1.000000000000000082E-05 ), #3163, 'distance_accuracy_value', 'NONE');
#6070 =( LENGTH_UNIT ( ) NAMED_UNIT ( * ) SI_UNIT ( .MILLI., .METRE. ) );
#6071 = ORIENTED_EDGE ( 'NONE', *, *, #4711, .F. ) ;
#6072 = FILL_AREA_STYLE ('',( #2974 ) ) ;
#6073 =( LENGTH_UNIT ( ) NAMED_UNIT ( * ) SI_UNIT ( .MILLI., .METRE. ) );
#6074 = ORIENTED_EDGE ( 'NONE', *, *, #4409, .T. ) ;
#6075 = FILL_AREA_STYLE ('',( #573 ) ) ;
#6076 = ADVANCED_FACE ( 'NONE', ( #1765 ), #2329, .T. ) ;
#6077 = ORIENTED_EDGE ( 'NONE', *, *, #5880, .F. ) ;
#6078 = SURFACE_SIDE_STYLE ('',( #2236 ) ) ;
#6079 = CARTESIAN_POINT ( 'NONE',  ( 0.4999999999999985012, -0.4850000000000004863, 0.4250000000000000999 ) ) ;
#6080 = SURFACE_STYLE_USAGE ( .BOTH. , #3545 ) ;
#6081 =( NAMED_UNIT ( * ) PLANE_ANGLE_UNIT ( ) SI_UNIT ( $, .RADIAN. ) );
#6082 = CIRCLE ( 'NONE', #4942, 0.1400000000000000411 ) ;
#6083 = DIRECTION ( 'NONE',  ( -0.000000000000000000, -0.000000000000000000, -1.000000000000000000 ) ) ;
#6084 = ORIENTED_EDGE ( 'NONE', *, *, #5809, .F. ) ;
#6085 = DIRECTION ( 'NONE',  ( 0.000000000000000000, 0.000000000000000000, -1.000000000000000000 ) ) ;
#6086 = STYLED_ITEM ( 'NONE', ( #3579 ), #404 ) ;
#6087 = CARTESIAN_POINT ( 'NONE',  ( 0.6939339828220163486, 0.000000000000000000, 0.01999999999999994491 ) ) ;
#6088 = FILL_AREA_STYLE ('',( #186 ) ) ;
#6089 = FACE_OUTER_BOUND ( 'NONE', #2535, .T. ) ;
#6090 = FILL_AREA_STYLE_COLOUR ( '', #1343 ) ;
#6091 = VECTOR ( 'NONE', #3132, 1000.000000000000000 ) ;
#6092 =( NAMED_UNIT ( * ) PLANE_ANGLE_UNIT ( ) SI_UNIT ( $, .RADIAN. ) );
#6093 = ORIENTED_EDGE ( 'NONE', *, *, #4193, .F. ) ;
#6094 = ORIENTED_EDGE ( 'NONE', *, *, #3077, .T. ) ;
#6095 = CIRCLE ( 'NONE', #4343, 0.1550000000000000266 ) ;
#6096 = VECTOR ( 'NONE', #5890, 1000.000000000000000 ) ;
#6097 = VECTOR ( 'NONE', #2715, 1000.000000000000000 ) ;
#6098 = EDGE_CURVE ( 'NONE', #3662, #2089, #330, .T. ) ;
#6099 = PRESENTATION_LAYER_ASSIGNMENT (  '', '', ( #3816 ) ) ;
#6100 = STYLED_ITEM ( 'NONE', ( #5096 ), #5202 ) ;
#6101 = DIRECTION ( 'NONE',  ( 0.000000000000000000, 0.000000000000000000, -1.000000000000000000 ) ) ;
#6102 = SURFACE_STYLE_USAGE ( .BOTH. , #4050 ) ;
#6103 = SURFACE_STYLE_USAGE ( .BOTH. , #839 ) ;
#6104 = CYLINDRICAL_SURFACE ( 'NONE', #2002, 0.1500000000000000777 ) ;
#6105 = AXIS2_PLACEMENT_3D ( 'NONE', #3910, #5885, #3946 ) ;
#6106 = ADVANCED_FACE ( 'NONE', ( #5186 ), #2630, .T. ) ;
#6107 = DIRECTION ( 'NONE',  ( 1.000000000000000000, 0.000000000000000000, 0.000000000000000000 ) ) ;
#6108 = VECTOR ( 'NONE', #3369, 1000.000000000000000 ) ;
#6109 = CARTESIAN_POINT ( 'NONE',  ( 0.7999999999999986011, -0.3774999999999997802, -0.2800000000000000266 ) ) ;
#6110 = DIRECTION ( 'NONE',  ( -1.000000000000000000, 0.000000000000000000, -0.000000000000000000 ) ) ;
#6111 = VERTEX_POINT ( 'NONE', #1693 ) ;
#6112 = CARTESIAN_POINT ( 'NONE',  ( 0.4999999999999986122, 0.5149999999999995692, 0.2950000000000000400 ) ) ;
#6113 = CIRCLE ( 'NONE', #2197, 0.1550000000000000822 ) ;
#6114 = DIRECTION ( 'NONE',  ( 0.000000000000000000, 0.000000000000000000, 1.000000000000000000 ) ) ;
#6115 = AXIS2_PLACEMENT_3D ( 'NONE', #1914, #3261, #5780 ) ;
#6116 = EDGE_LOOP ( 'NONE', ( #2565, #6368, #206, #2700 ) ) ;
#6117 = SURFACE_SIDE_STYLE ('',( #2146 ) ) ;
#6118 = LINE ( 'NONE', #2683, #1706 ) ;
#6119 = PLANE ( 'NONE',  #5581 ) ;
#6120 = AXIS2_PLACEMENT_3D ( 'NONE', #3252, #5237, #5346 ) ;
#6121 = UNCERTAINTY_MEASURE_WITH_UNIT (LENGTH_MEASURE( 1.000000000000000082E-05 ), #2821, 'distance_accuracy_value', 'NONE');
#6122 = SURFACE_STYLE_USAGE ( .BOTH. , #678 ) ;
#6123 = ORIENTED_EDGE ( 'NONE', *, *, #2855, .F. ) ;
#6124 = LINE ( 'NONE', #2753, #4491 ) ;
#6125 = VECTOR ( 'NONE', #5542, 1000.000000000000000 ) ;
#6126 = DIRECTION ( 'NONE',  ( 0.000000000000000000, 0.000000000000000000, 1.000000000000000000 ) ) ;
#6127 = COLOUR_RGB ( '',0.2862745098039215508, 0.2862745098039215508, 0.2862745098039215508 ) ;
#6128 = EDGE_CURVE ( 'NONE', #5407, #5859, #1787, .T. ) ;
#6129 = SURFACE_STYLE_FILL_AREA ( #1545 ) ;
#6130 = VECTOR ( 'NONE', #2058, 1000.000000000000000 ) ;
#6131 =( NAMED_UNIT ( * ) PLANE_ANGLE_UNIT ( ) SI_UNIT ( $, .RADIAN. ) );
#6132 = PRESENTATION_STYLE_ASSIGNMENT (( #3179 ) ) ;
#6133 = ADVANCED_FACE ( 'NONE', ( #137 ), #6329, .F. ) ;
#6134 = ORIENTED_EDGE ( 'NONE', *, *, #4289, .F. ) ;
#6135 = DIRECTION ( 'NONE',  ( 0.000000000000000000, 1.000000000000000000, 0.000000000000000000 ) ) ;
#6136 = MECHANICAL_DESIGN_GEOMETRIC_PRESENTATION_REPRESENTATION (  '', ( #1289 ), #1076 ) ;
#6137 = EDGE_CURVE ( 'NONE', #5829, #4654, #2769, .T. ) ;
#6138 = PRODUCT_DEFINITION_FORMATION_WITH_SPECIFIED_SOURCE ( 'ANY', '', #295, .NOT_KNOWN. ) ;
#6139 = UNCERTAINTY_MEASURE_WITH_UNIT (LENGTH_MEASURE( 1.000000000000000082E-05 ), #4952, 'distance_accuracy_value', 'NONE');
#6140 = PRESENTATION_STYLE_ASSIGNMENT (( #1258 ) ) ;
#6141 =( GEOMETRIC_REPRESENTATION_CONTEXT ( 3 ) GLOBAL_UNCERTAINTY_ASSIGNED_CONTEXT ( ( #4196 ) ) GLOBAL_UNIT_ASSIGNED_CONTEXT ( ( #3996, #1469, #4420 ) ) REPRESENTATION_CONTEXT ( 'NONE', 'WORKASPACE' ) );
#6142 = DIRECTION ( 'NONE',  ( -1.000000000000000000, 0.000000000000000000, 0.000000000000000000 ) ) ;
#6143 = SURFACE_SIDE_STYLE ('',( #241 ) ) ;
#6144 = FILL_AREA_STYLE_COLOUR ( '', #1159 ) ;
#6145 = EDGE_CURVE ( 'NONE', #579, #1566, #846, .T. ) ;
#6146 = ADVANCED_FACE ( 'NONE', ( #1908 ), #3638, .F. ) ;
#6147 = AXIS2_PLACEMENT_3D ( 'NONE', #2341, #4308, #6276 ) ;
#6148 = AXIS2_PLACEMENT_3D ( 'NONE', #5959, #4497, #1943 ) ;
#6149 = CARTESIAN_POINT ( 'NONE',  ( 0.7999999999999986011, -0.4500000000000003997, 0.2800000000000000266 ) ) ;
#6150 = FILL_AREA_STYLE ('',( #2213 ) ) ;
#6151 = ORIENTED_EDGE ( 'NONE', *, *, #2331, .T. ) ;
#6152 = COLOUR_RGB ( '',0.8627450980392157298, 0.6274509803921568540, 0.05882352941176470507 ) ;
#6153 = ORIENTED_EDGE ( 'NONE', *, *, #1083, .F. ) ;
#6154 =( NAMED_UNIT ( * ) PLANE_ANGLE_UNIT ( ) SI_UNIT ( $, .RADIAN. ) );
#6155 = FILL_AREA_STYLE_COLOUR ( '', #4875 ) ;
#6156 = APPLICATION_CONTEXT ( 'automotive_design' ) ;
#6157 = EDGE_CURVE ( 'NONE', #3662, #162, #230, .T. ) ;
#6158 = PRESENTATION_STYLE_ASSIGNMENT (( #4665 ) ) ;
#6159 = VERTEX_POINT ( 'NONE', #2866 ) ;
#6160 =( NAMED_UNIT ( * ) SI_UNIT ( $, .STERADIAN. ) SOLID_ANGLE_UNIT ( ) );
#6161 = CARTESIAN_POINT ( 'NONE',  ( 0.7999999999999986011, 0.3774999999999995581, 0.01999999999999994491 ) ) ;
#6162 = DIRECTION ( 'NONE',  ( 0.000000000000000000, 0.000000000000000000, -1.000000000000000000 ) ) ;
#6163 = ORIENTED_EDGE ( 'NONE', *, *, #1091, .T. ) ;
#6164 =( LENGTH_UNIT ( ) NAMED_UNIT ( * ) SI_UNIT ( .MILLI., .METRE. ) );
#6165 = LINE ( 'NONE', #3763, #2443 ) ;
#6166 = DIRECTION ( 'NONE',  ( -1.000000000000000000, -0.000000000000000000, -0.000000000000000000 ) ) ;
#6167 = ORIENTED_EDGE ( 'NONE', *, *, #912, .F. ) ;
#6168 = FILL_AREA_STYLE_COLOUR ( '', #5416 ) ;
#6169 = ORIENTED_EDGE ( 'NONE', *, *, #477, .F. ) ;
#6170 =( NAMED_UNIT ( * ) SI_UNIT ( $, .STERADIAN. ) SOLID_ANGLE_UNIT ( ) );
#6171 = EDGE_CURVE ( 'NONE', #3756, #2714, #5834, .T. ) ;
#6172 =( NAMED_UNIT ( * ) PLANE_ANGLE_UNIT ( ) SI_UNIT ( $, .RADIAN. ) );
#6173 = VERTEX_POINT ( 'NONE', #3743 ) ;
#6174 = SURFACE_SIDE_STYLE ('',( #4088 ) ) ;
#6175 = ORIENTED_EDGE ( 'NONE', *, *, #2852, .T. ) ;
#6176 = ADVANCED_FACE ( 'NONE', ( #5739 ), #4850, .T. ) ;
#6177 = VERTEX_POINT ( 'NONE', #3959 ) ;
#6178 = PLANE ( 'NONE',  #3956 ) ;
#6179 = VERTEX_POINT ( 'NONE', #2042 ) ;
#6180 = SURFACE_STYLE_USAGE ( .BOTH. , #2179 ) ;
#6181 = MECHANICAL_DESIGN_GEOMETRIC_PRESENTATION_REPRESENTATION (  '', ( #1956 ), #4531 ) ;
#6182 = DIRECTION ( 'NONE',  ( 0.000000000000000000, 0.000000000000000000, -1.000000000000000000 ) ) ;
#6183 = UNCERTAINTY_MEASURE_WITH_UNIT (LENGTH_MEASURE( 1.000000000000000082E-05 ), #3980, 'distance_accuracy_value', 'NONE');
#6184 = ADVANCED_FACE ( 'NONE', ( #3543 ), #1457, .F. ) ;
#6185 = CIRCLE ( 'NONE', #4222, 0.06000000000000026840 ) ;
#6186 = DIRECTION ( 'NONE',  ( -1.000000000000000000, 0.000000000000000000, 0.000000000000000000 ) ) ;
#6187 = EDGE_LOOP ( 'NONE', ( #4988, #2298, #5232, #680, #3137, #3368, #4002, #2459, #1423, #4953, #5886, #2909, #361, #4796, #1201, #3101, #4821, #5919, #3012, #5523, #3793, #5032, #6293, #793, #4930, #2876, #4427, #5795, #5945 ) ) ;
#6188 = LINE ( 'NONE', #2186, #1459 ) ;
#6189 = FACE_OUTER_BOUND ( 'NONE', #4350, .T. ) ;
#6190 = CARTESIAN_POINT ( 'NONE',  ( 0.000000000000000000, 0.5999999999999996447, -0.2800000000000000266 ) ) ;
#6191 = CARTESIAN_POINT ( 'NONE',  ( 0.000000000000000000, 0.000000000000000000, -0.2800000000000000266 ) ) ;
#6192 = SURFACE_SIDE_STYLE ('',( #5654 ) ) ;
#6193 = CARTESIAN_POINT ( 'NONE',  ( 0.7999999999999986011, -0.6000000000000005329, 0.2800000000000000266 ) ) ;
#6194 = AXIS2_PLACEMENT_3D ( 'NONE', #3606, #5105, #2646 ) ;
#6195 = CARTESIAN_POINT ( 'NONE',  ( 0.000000000000000000, -0.1499999999999997446, 0.01999999999999994491 ) ) ;
#6196 = MECHANICAL_DESIGN_GEOMETRIC_PRESENTATION_REPRESENTATION (  '', ( #3505 ), #5798 ) ;
#6197 =( GEOMETRIC_REPRESENTATION_CONTEXT ( 3 ) GLOBAL_UNCERTAINTY_ASSIGNED_CONTEXT ( ( #1006 ) ) GLOBAL_UNIT_ASSIGNED_CONTEXT ( ( #3045, #596, #4109 ) ) REPRESENTATION_CONTEXT ( 'NONE', 'WORKASPACE' ) );
#6198 = UNCERTAINTY_MEASURE_WITH_UNIT (LENGTH_MEASURE( 1.000000000000000082E-05 ), #4430, 'distance_accuracy_value', 'NONE');
#6199 =( LENGTH_UNIT ( ) NAMED_UNIT ( * ) SI_UNIT ( .MILLI., .METRE. ) );
#6200 = STYLED_ITEM ( 'NONE', ( #3103 ), #2082 ) ;
#6201 = FILL_AREA_STYLE ('',( #1323 ) ) ;
#6202 = MECHANICAL_DESIGN_GEOMETRIC_PRESENTATION_REPRESENTATION (  '', ( #2591 ), #4248 ) ;
#6203 = STYLED_ITEM ( 'NONE', ( #5812 ), #1456 ) ;
#6204 = LINE ( 'NONE', #1775, #3893 ) ;
#6205 =( NAMED_UNIT ( * ) PLANE_ANGLE_UNIT ( ) SI_UNIT ( $, .RADIAN. ) );
#6206 = ORIENTED_EDGE ( 'NONE', *, *, #4941, .F. ) ;
#6207 = PRESENTATION_STYLE_ASSIGNMENT (( #2437 ) ) ;
#6208 =( NAMED_UNIT ( * ) SI_UNIT ( $, .STERADIAN. ) SOLID_ANGLE_UNIT ( ) );
#6209 =( NAMED_UNIT ( * ) SI_UNIT ( $, .STERADIAN. ) SOLID_ANGLE_UNIT ( ) );
#6210 = ORIENTED_EDGE ( 'NONE', *, *, #1559, .F. ) ;
#6211 = CARTESIAN_POINT ( 'NONE',  ( -0.5000000000000012212, -0.4400000000000005018, 0.5050000000000000044 ) ) ;
#6212 = MECHANICAL_DESIGN_GEOMETRIC_PRESENTATION_REPRESENTATION (  '', ( #3517 ), #1567 ) ;
#6213 = ADVANCED_FACE ( 'NONE', ( #3923 ), #88, .F. ) ;
#6214 = EDGE_CURVE ( 'NONE', #3947, #5878, #4056, .T. ) ;
#6215 = CARTESIAN_POINT ( 'NONE',  ( 0.5774999999999985700, -0.6000000000000005329, 0.01999999999999994491 ) ) ;
#6216 = PRESENTATION_LAYER_ASSIGNMENT (  '', '', ( #1883 ) ) ;
#6217 = STYLED_ITEM ( 'NONE', ( #3292 ), #2551 ) ;
#6218 = CARTESIAN_POINT ( 'NONE',  ( -0.6939339828220163486, -0.1499999999999997446, -0.2800000000000000266 ) ) ;
#6219 = ORIENTED_EDGE ( 'NONE', *, *, #667, .F. ) ;
#6220 = DIRECTION ( 'NONE',  ( 1.000000000000000000, 0.000000000000000000, 0.000000000000000000 ) ) ;
#6221 = DIRECTION ( 'NONE',  ( -1.000000000000000000, 0.000000000000000000, 0.000000000000000000 ) ) ;
#6222 = LINE ( 'NONE', #3684, #5599 ) ;
#6223 = ORIENTED_EDGE ( 'NONE', *, *, #5072, .F. ) ;
#6224 = DIRECTION ( 'NONE',  ( 0.000000000000000000, -0.000000000000000000, -1.000000000000000000 ) ) ;
#6225 = PRESENTATION_LAYER_ASSIGNMENT (  '', '', ( #1784 ) ) ;
#6226 = LINE ( 'NONE', #4111, #5115 ) ;
#6227 = SURFACE_STYLE_FILL_AREA ( #2294 ) ;
#6228 = CARTESIAN_POINT ( 'NONE',  ( 0.4999999999999986122, 0.4549999999999995715, 0.4550000000000000711 ) ) ;
#6229 = ORIENTED_EDGE ( 'NONE', *, *, #86, .T. ) ;
#6230 = LINE ( 'NONE', #4327, #3742 ) ;
#6231 = ADVANCED_FACE ( 'NONE', ( #4559 ), #2527, .F. ) ;
#6232 = PRESENTATION_LAYER_ASSIGNMENT (  '', '', ( #6039 ) ) ;
#6233 = CIRCLE ( 'NONE', #135, 0.2225000000000000311 ) ;
#6234 = FILL_AREA_STYLE ('',( #3380 ) ) ;
#6235 = STYLED_ITEM ( 'NONE', ( #5412 ), #6213 ) ;
#6236 = VECTOR ( 'NONE', #1379, 1000.000000000000000 ) ;
#6237 = ORIENTED_EDGE ( 'NONE', *, *, #6031, .T. ) ;
#6238 = PRESENTATION_STYLE_ASSIGNMENT (( #4814 ) ) ;
#6239 = LINE ( 'NONE', #3318, #4997 ) ;
#6240 = CARTESIAN_POINT ( 'NONE',  ( -0.6939339828220163486, -0.1499999999999997446, 0.01999999999999994491 ) ) ;
#6241 = PRESENTATION_STYLE_ASSIGNMENT (( #178 ) ) ;
#6242 = CIRCLE ( 'NONE', #347, 0.1400000000000000411 ) ;
#6243 = AXIS2_PLACEMENT_3D ( 'NONE', #5320, #2368, #1836 ) ;
#6244 = DIRECTION ( 'NONE',  ( 0.000000000000000000, 0.000000000000000000, 1.000000000000000000 ) ) ;
#6245 = DIRECTION ( 'NONE',  ( -1.000000000000000000, 0.000000000000000000, -0.000000000000000000 ) ) ;
#6246 = ORIENTED_EDGE ( 'NONE', *, *, #5774, .T. ) ;
#6247 = CARTESIAN_POINT ( 'NONE',  ( 0.2499999999999997780, -0.1499999999999997446, 0.01999999999999994491 ) ) ;
#6248 = MECHANICAL_DESIGN_GEOMETRIC_PRESENTATION_REPRESENTATION (  '', ( #6342 ), #864 ) ;
#6249 = FILL_AREA_STYLE ('',( #2343 ) ) ;
#6250 = VECTOR ( 'NONE', #4236, 1000.000000000000000 ) ;
#6251 = CARTESIAN_POINT ( 'NONE',  ( -0.8000000000000012657, -0.3774999999999997802, 0.01999999999999994491 ) ) ;
#6252 = STYLED_ITEM ( 'NONE', ( #4007 ), #4329 ) ;
#6253 = ADVANCED_FACE ( 'NONE', ( #6054 ), #1674, .F. ) ;
#6254 =( NAMED_UNIT ( * ) SI_UNIT ( $, .STERADIAN. ) SOLID_ANGLE_UNIT ( ) );
#6255 = ORIENTED_EDGE ( 'NONE', *, *, #4726, .T. ) ;
#6256 = CARTESIAN_POINT ( 'NONE',  ( -0.5774999999999987921, -0.6000000000000005329, 0.01999999999999994491 ) ) ;
#6257 = ORIENTED_EDGE ( 'NONE', *, *, #516, .F. ) ;
#6258 = SURFACE_STYLE_FILL_AREA ( #6283 ) ;
#6259 = DIRECTION ( 'NONE',  ( 0.000000000000000000, 1.000000000000000000, 0.000000000000000000 ) ) ;
#6260 = AXIS2_PLACEMENT_3D ( 'NONE', #1104, #3057, #4990 ) ;
#6261 = EDGE_CURVE ( 'NONE', #1108, #3886, #2921, .T. ) ;
#6262 = DIRECTION ( 'NONE',  ( 0.000000000000000000, -1.000000000000000000, 0.000000000000000000 ) ) ;
#6263 = SURFACE_STYLE_USAGE ( .BOTH. , #4770 ) ;
#6264 =( LENGTH_UNIT ( ) NAMED_UNIT ( * ) SI_UNIT ( .MILLI., .METRE. ) );
#6265 = ORIENTED_EDGE ( 'NONE', *, *, #1797, .F. ) ;
#6266 = FILL_AREA_STYLE ('',( #4297 ) ) ;
#6267 = UNCERTAINTY_MEASURE_WITH_UNIT (LENGTH_MEASURE( 1.000000000000000082E-05 ), #5983, 'distance_accuracy_value', 'NONE');
#6268 = DIRECTION ( 'NONE',  ( 0.000000000000000000, -0.000000000000000000, 1.000000000000000000 ) ) ;
#6269 = ADVANCED_FACE ( 'NONE', ( #5571 ), #1157, .F. ) ;
#6270 = DIRECTION ( 'NONE',  ( -1.000000000000000000, 0.000000000000000000, -0.000000000000000000 ) ) ;
#6271 = FILL_AREA_STYLE_COLOUR ( '', #1779 ) ;
#6272 =( LENGTH_UNIT ( ) NAMED_UNIT ( * ) SI_UNIT ( .MILLI., .METRE. ) );
#6273 = ORIENTED_EDGE ( 'NONE', *, *, #4611, .F. ) ;
#6274 = ORIENTED_EDGE ( 'NONE', *, *, #4064, .F. ) ;
#6275 = DIRECTION ( 'NONE',  ( -1.000000000000000000, 0.000000000000000000, 0.000000000000000000 ) ) ;
#6276 = DIRECTION ( 'NONE',  ( -1.000000000000000000, 0.000000000000000000, 0.000000000000000000 ) ) ;
#6277 = PRESENTATION_STYLE_ASSIGNMENT (( #3776 ) ) ;
#6278 = DIRECTION ( 'NONE',  ( -0.000000000000000000, -0.000000000000000000, -1.000000000000000000 ) ) ;
#6279 = FILL_AREA_STYLE ('',( #4314 ) ) ;
#6280 = DIRECTION ( 'NONE',  ( 1.000000000000000000, 0.000000000000000000, 0.000000000000000000 ) ) ;
#6281 = ORIENTED_EDGE ( 'NONE', *, *, #5148, .F. ) ;
#6282 = DIRECTION ( 'NONE',  ( -0.000000000000000000, -0.000000000000000000, -1.000000000000000000 ) ) ;
#6283 = FILL_AREA_STYLE ('',( #3400 ) ) ;
#6284 = VECTOR ( 'NONE', #1305, 1000.000000000000000 ) ;
#6285 = CARTESIAN_POINT ( 'NONE',  ( 2.259790532912949344E-16, 0.1499999999999985789, 0.01999999999999994491 ) ) ;
#6286 = CARTESIAN_POINT ( 'NONE',  ( 0.7999999999999986011, -0.5999999999999998668, 0.01999999999999994491 ) ) ;
#6287 = ORIENTED_EDGE ( 'NONE', *, *, #4933, .T. ) ;
#6288 = ORIENTED_EDGE ( 'NONE', *, *, #4915, .F. ) ;
#6289 = EDGE_CURVE ( 'NONE', #4570, #2215, #3339, .T. ) ;
#6290 = EDGE_CURVE ( 'NONE', #3235, #5797, #6340, .T. ) ;
#6291 = STYLED_ITEM ( 'NONE', ( #4465 ), #5082 ) ;
#6292 = ORIENTED_EDGE ( 'NONE', *, *, #1145, .F. ) ;
#6293 = ORIENTED_EDGE ( 'NONE', *, *, #3371, .T. ) ;
#6294 = CARTESIAN_POINT ( 'NONE',  ( 0.2499999999999997780, 0.1499999999999997446, 0.01999999999999994491 ) ) ;
#6295 = VECTOR ( 'NONE', #5114, 1000.000000000000000 ) ;
#6296 = VECTOR ( 'NONE', #4013, 1000.000000000000000 ) ;
#6297 = VECTOR ( 'NONE', #6372, 1000.000000000000000 ) ;
#6298 = CYLINDRICAL_SURFACE ( 'NONE', #1952, 0.2225000000000000311 ) ;
#6299 = FILL_AREA_STYLE_COLOUR ( '', #5621 ) ;
#6300 = ORIENTED_EDGE ( 'NONE', *, *, #1959, .F. ) ;
#6301 = FILL_AREA_STYLE_COLOUR ( '', #4645 ) ;
#6302 = DIRECTION ( 'NONE',  ( 0.000000000000000000, 0.000000000000000000, -1.000000000000000000 ) ) ;
#6303 = SURFACE_STYLE_USAGE ( .BOTH. , #316 ) ;
#6304 = DIRECTION ( 'NONE',  ( -1.000000000000000000, 0.000000000000000000, 0.000000000000000000 ) ) ;
#6305 = DIRECTION ( 'NONE',  ( 0.000000000000000000, 0.000000000000000000, -1.000000000000000000 ) ) ;
#6306 = CARTESIAN_POINT ( 'NONE',  ( 0.6939339828220163486, -0.4044079500593134036, 0.01999999999999994491 ) ) ;
#6307 = AXIS2_PLACEMENT_3D ( 'NONE', #6312, #3901, #1924 ) ;
#6308 = ORIENTED_EDGE ( 'NONE', *, *, #3040, .F. ) ;
#6309 = CARTESIAN_POINT ( 'NONE',  ( 0.2499999999999997780, 0.000000000000000000, 0.01999999999999994491 ) ) ;
#6310 = VECTOR ( 'NONE', #4992, 1000.000000000000000 ) ;
#6311 = LINE ( 'NONE', #1886, #1499 ) ;
#6312 = CARTESIAN_POINT ( 'NONE',  ( -0.5000000000000012212, -0.3000000000000004885, 0.5050000000000000044 ) ) ;
#6313 = MECHANICAL_DESIGN_GEOMETRIC_PRESENTATION_REPRESENTATION (  '', ( #6217 ), #3321 ) ;
#6314 = UNCERTAINTY_MEASURE_WITH_UNIT (LENGTH_MEASURE( 1.000000000000000082E-05 ), #3740, 'distance_accuracy_value', 'NONE');
#6315 = LINE ( 'NONE', #5398, #6053 ) ;
#6316 = VECTOR ( 'NONE', #2572, 1000.000000000000000 ) ;
#6317 = VERTEX_POINT ( 'NONE', #5857 ) ;
#6318 = PRESENTATION_LAYER_ASSIGNMENT (  '', '', ( #3534 ) ) ;
#6319 = SURFACE_STYLE_FILL_AREA ( #2394 ) ;
#6320 = EDGE_CURVE ( 'NONE', #6023, #4732, #5434, .T. ) ;
#6321 = ADVANCED_FACE ( 'NONE', ( #4739 ), #2760, .F. ) ;
#6322 = PRESENTATION_LAYER_ASSIGNMENT (  '', '', ( #5090 ) ) ;
#6323 = CARTESIAN_POINT ( 'NONE',  ( -0.5050000000000012257, -0.3050000000000004929, 0.5100000000000000089 ) ) ;
#6324 = FACE_OUTER_BOUND ( 'NONE', #2754, .T. ) ;
#6325 =( GEOMETRIC_REPRESENTATION_CONTEXT ( 3 ) GLOBAL_UNCERTAINTY_ASSIGNED_CONTEXT ( ( #5149 ) ) GLOBAL_UNIT_ASSIGNED_CONTEXT ( ( #4063, #5936, #2118 ) ) REPRESENTATION_CONTEXT ( 'NONE', 'WORKASPACE' ) );
#6326 = ORIENTED_EDGE ( 'NONE', *, *, #4024, .F. ) ;
#6327 = LINE ( 'NONE', #2336, #4216 ) ;
#6328 = VECTOR ( 'NONE', #5728, 1000.000000000000000 ) ;
#6329 = PLANE ( 'NONE',  #4483 ) ;
#6330 = MECHANICAL_DESIGN_GEOMETRIC_PRESENTATION_REPRESENTATION (  '', ( #849 ), #238 ) ;
#6331 = CARTESIAN_POINT ( 'NONE',  ( 0.4999999999999986122, 0.2999999999999996003, 0.4400000000000000577 ) ) ;
#6332 = ORIENTED_EDGE ( 'NONE', *, *, #944, .F. ) ;
#6333 = EDGE_CURVE ( 'NONE', #5878, #3662, #1296, .T. ) ;
#6334 = FILL_AREA_STYLE_COLOUR ( '', #1601 ) ;
#6335 = LINE ( 'NONE', #863, #1149 ) ;
#6336 = EDGE_LOOP ( 'NONE', ( #3670, #5220, #5023, #5410 ) ) ;
#6337 = PRESENTATION_STYLE_ASSIGNMENT (( #1309 ) ) ;
#6338 = AXIS2_PLACEMENT_3D ( 'NONE', #371, #4943, #5472 ) ;
#6339 = MECHANICAL_DESIGN_GEOMETRIC_PRESENTATION_REPRESENTATION (  '', ( #5424 ), #4055 ) ;
#6340 = CIRCLE ( 'NONE', #1700, 0.1500000000000000777 ) ;
#6341 = CARTESIAN_POINT ( 'NONE',  ( -0.6939339828220163486, 0.4044079500593131815, -0.2800000000000000266 ) ) ;
#6342 = STYLED_ITEM ( 'NONE', ( #156 ), #4626 ) ;
#6343 = EDGE_LOOP ( 'NONE', ( #236, #2176, #5585, #5087 ) ) ;
#6344 =( GEOMETRIC_REPRESENTATION_CONTEXT ( 3 ) GLOBAL_UNCERTAINTY_ASSIGNED_CONTEXT ( ( #6139 ) ) GLOBAL_UNIT_ASSIGNED_CONTEXT ( ( #4952, #4477, #2175 ) ) REPRESENTATION_CONTEXT ( 'NONE', 'WORKASPACE' ) );
#6345 = DIRECTION ( 'NONE',  ( -1.000000000000000000, -0.000000000000000000, -0.000000000000000000 ) ) ;
#6346 = ADVANCED_FACE ( 'NONE', ( #5827 ), #820, .F. ) ;
#6347 = SURFACE_SIDE_STYLE ('',( #5944 ) ) ;
#6348 = ORIENTED_EDGE ( 'NONE', *, *, #3664, .F. ) ;
#6349 = AXIS2_PLACEMENT_3D ( 'NONE', #1551, #3861, #5414 ) ;
#6350 = VERTEX_POINT ( 'NONE', #394 ) ;
#6351 = DIRECTION ( 'NONE',  ( -0.000000000000000000, 0.000000000000000000, -1.000000000000000000 ) ) ;
#6352 = CARTESIAN_POINT ( 'NONE',  ( -0.2499999999999997780, -0.4500000000000007327, -0.2800000000000000266 ) ) ;
#6353 = ORIENTED_EDGE ( 'NONE', *, *, #3207, .T. ) ;
#6354 = FILL_AREA_STYLE ('',( #3508 ) ) ;
#6355 = EDGE_LOOP ( 'NONE', ( #4540, #884, #1604, #225 ) ) ;
#6356 =( NAMED_UNIT ( * ) PLANE_ANGLE_UNIT ( ) SI_UNIT ( $, .RADIAN. ) );
#6357 = VERTEX_POINT ( 'NONE', #2332 ) ;
#6358 = PRESENTATION_STYLE_ASSIGNMENT (( #4371 ) ) ;
#6359 = CARTESIAN_POINT ( 'NONE',  ( 0.7999999999999986011, 0.5999999999999996447, -0.2810000000000000275 ) ) ;
#6360 = ORIENTED_EDGE ( 'NONE', *, *, #5101, .F. ) ;
#6361 = SURFACE_STYLE_USAGE ( .BOTH. , #5517 ) ;
#6362 = SURFACE_STYLE_USAGE ( .BOTH. , #4754 ) ;
#6363 = CARTESIAN_POINT ( 'NONE',  ( -0.7999999999999986011, 0.4499999999999994560, 0.01999999999999994491 ) ) ;
#6364 = DIRECTION ( 'NONE',  ( -0.7071067811865436870, 0.7071067811865513475, 0.000000000000000000 ) ) ;
#6365 = DIRECTION ( 'NONE',  ( 0.000000000000000000, -1.000000000000000000, 0.000000000000000000 ) ) ;
#6366 = EDGE_CURVE ( 'NONE', #4027, #3140, #1354, .T. ) ;
#6367 = PRESENTATION_STYLE_ASSIGNMENT (( #1036 ) ) ;
#6368 = ORIENTED_EDGE ( 'NONE', *, *, #202, .F. ) ;
#6369 = DIRECTION ( 'NONE',  ( 0.000000000000000000, 0.000000000000000000, -1.000000000000000000 ) ) ;
#6370 = SURFACE_STYLE_FILL_AREA ( #381 ) ;
#6371 = CARTESIAN_POINT ( 'NONE',  ( -0.7999999999999986011, -0.5999999999999994227, -0.2800000000000000266 ) ) ;
#6372 = DIRECTION ( 'NONE',  ( -0.000000000000000000, -0.000000000000000000, -1.000000000000000000 ) ) ;
#6373 = COLOUR_RGB ( '',0.8627450980392157298, 0.6274509803921568540, 0.05882352941176470507 ) ;
#6374 = EDGE_CURVE ( 'NONE', #2505, #4852, #651, .T. ) ;
#6375 = MECHANICAL_DESIGN_GEOMETRIC_PRESENTATION_REPRESENTATION (  '', ( #3885 ), #2155 ) ;
#6376 = ORIENTED_EDGE ( 'NONE', *, *, #202, .T. ) ;
#6377 = SURFACE_SIDE_STYLE ('',( #5853 ) ) ;
#6378 = SURFACE_STYLE_FILL_AREA ( #426 ) ;
#6379 = AXIS2_PLACEMENT_3D ( 'NONE', #2191, #2496, #544 ) ;
#6380 = UNCERTAINTY_MEASURE_WITH_UNIT (LENGTH_MEASURE( 1.000000000000000082E-05 ), #28, 'distance_accuracy_value', 'NONE');
#6381 = DIRECTION ( 'NONE',  ( 1.000000000000000000, 0.000000000000000000, 0.000000000000000000 ) ) ;
#6382 = PRESENTATION_LAYER_ASSIGNMENT (  '', '', ( #3799 ) ) ;
#6383 = DIRECTION ( 'NONE',  ( -0.000000000000000000, -0.000000000000000000, -1.000000000000000000 ) ) ;
#6384 = ORIENTED_EDGE ( 'NONE', *, *, #319, .T. ) ;
#6385 = CARTESIAN_POINT ( 'NONE',  ( 0.000000000000000000, -0.4939339828220177808, 0.01999999999999994491 ) ) ;
#6386 = VERTEX_POINT ( 'NONE', #3883 ) ;
#6387 = UNCERTAINTY_MEASURE_WITH_UNIT (LENGTH_MEASURE( 1.000000000000000082E-05 ), #4890, 'distance_accuracy_value', 'NONE');
#6388 = FILL_AREA_STYLE_COLOUR ( '', #5737 ) ;
#6389 = DIRECTION ( 'NONE',  ( 0.000000000000000000, 0.000000000000000000, -1.000000000000000000 ) ) ;
#6390 = DIRECTION ( 'NONE',  ( 0.000000000000000000, 0.000000000000000000, -1.000000000000000000 ) ) ;
#6391 = EDGE_CURVE ( 'NONE', #425, #2843, #2431, .T. ) ;
#6392 = SURFACE_STYLE_USAGE ( .BOTH. , #6057 ) ;
#6393 = STYLED_ITEM ( 'NONE', ( #5660 ), #5033 ) ;
ENDSEC;
END-ISO-10303-21;
