ISO-10303-21;
HEADER;
FILE_DESCRIPTION(('FreeCAD Model'),'2;1');
FILE_NAME('/var/www/3D/0T/17271716.3.1.stp','2023-08-03T09:59:13',(
    'Author'),(''),'Open CASCADE STEP processor 6.9','FreeCAD','Unknown'
  );
FILE_SCHEMA(('AUTOMOTIVE_DESIGN { 1 0 10303 214 1 1 1 1 }'));
ENDSEC;
DATA;
#1 = APPLICATION_PROTOCOL_DEFINITION('international standard',
  'automotive_design',2000,#2);
#2 = APPLICATION_CONTEXT(
  'core data for automotive mechanical design processes');
#3 = SHAPE_DEFINITION_REPRESENTATION(#4,#10);
#4 = PRODUCT_DEFINITION_SHAPE('','',#5);
#5 = PRODUCT_DEFINITION('design','',#6,#9);
#6 = PRODUCT_DEFINITION_FORMATION('','',#7);
#7 = PRODUCT('ASSEMBLY','ASSEMBLY','',(#8));
#8 = PRODUCT_CONTEXT('',#2,'mechanical');
#9 = PRODUCT_DEFINITION_CONTEXT('part definition',#2,'design');
#10 = SHAPE_REPRESENTATION('',(#11,#15,#19,#23,#27,#31,#35,#39,#43,#47,
    #51,#55,#59,#63,#67,#71,#75,#79,#83,#87,#91,#95,#99,#103,#107,#111,
    #115,#119,#123,#127,#131,#135,#139,#143,#147,#151,#155,#159,#163,
    #167,#171,#175,#179,#183,#187,#191,#195,#199,#203,#207,#211,#215,
    #219,#223,#227,#231,#235,#239,#243,#247,#251,#255,#259,#263,#267,
    #271,#275,#279,#283,#287,#291,#295,#299,#303,#307,#311,#315,#319,
    #323,#327,#331,#335,#339,#343,#347,#351,#355,#359,#363,#367,#371,
    #375,#379,#383,#387,#391,#395,#399,#403,#407,#411,#415,#419,#423,
    #427,#431,#435,#439,#443,#447,#451,#455,#459,#463,#467,#471,#475,
    #479,#483,#487,#491,#495,#499,#503,#507,#511,#515,#519,#523,#527,
    #531,#535,#539,#543,#547,#551,#555,#559,#563,#567,#571,#575,#579,
    #583,#587,#591),#595);
#11 = AXIS2_PLACEMENT_3D('',#12,#13,#14);
#12 = CARTESIAN_POINT('',(0.,0.,0.));
#13 = DIRECTION('',(0.,0.,1.));
#14 = DIRECTION('',(1.,0.,-0.));
#15 = AXIS2_PLACEMENT_3D('',#16,#17,#18);
#16 = CARTESIAN_POINT('',(-3.,3.,0.135));
#17 = DIRECTION('',(0.,0.,1.));
#18 = DIRECTION('',(1.,0.,0.));
#19 = AXIS2_PLACEMENT_3D('',#20,#21,#22);
#20 = CARTESIAN_POINT('',(-2.5,3.,0.135));
#21 = DIRECTION('',(0.,0.,1.));
#22 = DIRECTION('',(1.,0.,0.));
#23 = AXIS2_PLACEMENT_3D('',#24,#25,#26);
#24 = CARTESIAN_POINT('',(-2.,3.,0.135));
#25 = DIRECTION('',(0.,0.,1.));
#26 = DIRECTION('',(1.,0.,0.));
#27 = AXIS2_PLACEMENT_3D('',#28,#29,#30);
#28 = CARTESIAN_POINT('',(-1.5,3.,0.135));
#29 = DIRECTION('',(0.,0.,1.));
#30 = DIRECTION('',(1.,0.,0.));
#31 = AXIS2_PLACEMENT_3D('',#32,#33,#34);
#32 = CARTESIAN_POINT('',(-1.,3.,0.135));
#33 = DIRECTION('',(0.,0.,1.));
#34 = DIRECTION('',(1.,0.,0.));
#35 = AXIS2_PLACEMENT_3D('',#36,#37,#38);
#36 = CARTESIAN_POINT('',(-0.5,3.,0.135));
#37 = DIRECTION('',(0.,0.,1.));
#38 = DIRECTION('',(1.,0.,0.));
#39 = AXIS2_PLACEMENT_3D('',#40,#41,#42);
#40 = CARTESIAN_POINT('',(0.,3.,0.135));
#41 = DIRECTION('',(0.,0.,1.));
#42 = DIRECTION('',(1.,0.,0.));
#43 = AXIS2_PLACEMENT_3D('',#44,#45,#46);
#44 = CARTESIAN_POINT('',(0.5,3.,0.135));
#45 = DIRECTION('',(0.,0.,1.));
#46 = DIRECTION('',(1.,0.,0.));
#47 = AXIS2_PLACEMENT_3D('',#48,#49,#50);
#48 = CARTESIAN_POINT('',(1.,3.,0.135));
#49 = DIRECTION('',(0.,0.,1.));
#50 = DIRECTION('',(1.,0.,0.));
#51 = AXIS2_PLACEMENT_3D('',#52,#53,#54);
#52 = CARTESIAN_POINT('',(1.5,3.,0.135));
#53 = DIRECTION('',(0.,0.,1.));
#54 = DIRECTION('',(1.,0.,0.));
#55 = AXIS2_PLACEMENT_3D('',#56,#57,#58);
#56 = CARTESIAN_POINT('',(2.,3.,0.135));
#57 = DIRECTION('',(0.,0.,1.));
#58 = DIRECTION('',(1.,0.,0.));
#59 = AXIS2_PLACEMENT_3D('',#60,#61,#62);
#60 = CARTESIAN_POINT('',(2.5,3.,0.135));
#61 = DIRECTION('',(0.,0.,1.));
#62 = DIRECTION('',(1.,0.,0.));
#63 = AXIS2_PLACEMENT_3D('',#64,#65,#66);
#64 = CARTESIAN_POINT('',(3.,3.,0.135));
#65 = DIRECTION('',(0.,0.,1.));
#66 = DIRECTION('',(1.,0.,0.));
#67 = AXIS2_PLACEMENT_3D('',#68,#69,#70);
#68 = CARTESIAN_POINT('',(-3.,2.5,0.135));
#69 = DIRECTION('',(0.,0.,1.));
#70 = DIRECTION('',(1.,0.,0.));
#71 = AXIS2_PLACEMENT_3D('',#72,#73,#74);
#72 = CARTESIAN_POINT('',(-2.5,2.5,0.135));
#73 = DIRECTION('',(0.,0.,1.));
#74 = DIRECTION('',(1.,0.,0.));
#75 = AXIS2_PLACEMENT_3D('',#76,#77,#78);
#76 = CARTESIAN_POINT('',(-2.,2.5,0.135));
#77 = DIRECTION('',(0.,0.,1.));
#78 = DIRECTION('',(1.,0.,0.));
#79 = AXIS2_PLACEMENT_3D('',#80,#81,#82);
#80 = CARTESIAN_POINT('',(-1.5,2.5,0.135));
#81 = DIRECTION('',(0.,0.,1.));
#82 = DIRECTION('',(1.,0.,0.));
#83 = AXIS2_PLACEMENT_3D('',#84,#85,#86);
#84 = CARTESIAN_POINT('',(-1.,2.5,0.135));
#85 = DIRECTION('',(0.,0.,1.));
#86 = DIRECTION('',(1.,0.,0.));
#87 = AXIS2_PLACEMENT_3D('',#88,#89,#90);
#88 = CARTESIAN_POINT('',(-0.5,2.5,0.135));
#89 = DIRECTION('',(0.,0.,1.));
#90 = DIRECTION('',(1.,0.,0.));
#91 = AXIS2_PLACEMENT_3D('',#92,#93,#94);
#92 = CARTESIAN_POINT('',(0.,2.5,0.135));
#93 = DIRECTION('',(0.,0.,1.));
#94 = DIRECTION('',(1.,0.,0.));
#95 = AXIS2_PLACEMENT_3D('',#96,#97,#98);
#96 = CARTESIAN_POINT('',(0.5,2.5,0.135));
#97 = DIRECTION('',(0.,0.,1.));
#98 = DIRECTION('',(1.,0.,0.));
#99 = AXIS2_PLACEMENT_3D('',#100,#101,#102);
#100 = CARTESIAN_POINT('',(1.,2.5,0.135));
#101 = DIRECTION('',(0.,0.,1.));
#102 = DIRECTION('',(1.,0.,0.));
#103 = AXIS2_PLACEMENT_3D('',#104,#105,#106);
#104 = CARTESIAN_POINT('',(1.5,2.5,0.135));
#105 = DIRECTION('',(0.,0.,1.));
#106 = DIRECTION('',(1.,0.,0.));
#107 = AXIS2_PLACEMENT_3D('',#108,#109,#110);
#108 = CARTESIAN_POINT('',(2.,2.5,0.135));
#109 = DIRECTION('',(0.,0.,1.));
#110 = DIRECTION('',(1.,0.,0.));
#111 = AXIS2_PLACEMENT_3D('',#112,#113,#114);
#112 = CARTESIAN_POINT('',(2.5,2.5,0.135));
#113 = DIRECTION('',(0.,0.,1.));
#114 = DIRECTION('',(1.,0.,0.));
#115 = AXIS2_PLACEMENT_3D('',#116,#117,#118);
#116 = CARTESIAN_POINT('',(3.,2.5,0.135));
#117 = DIRECTION('',(0.,0.,1.));
#118 = DIRECTION('',(1.,0.,0.));
#119 = AXIS2_PLACEMENT_3D('',#120,#121,#122);
#120 = CARTESIAN_POINT('',(-3.,2.,0.135));
#121 = DIRECTION('',(0.,0.,1.));
#122 = DIRECTION('',(1.,0.,0.));
#123 = AXIS2_PLACEMENT_3D('',#124,#125,#126);
#124 = CARTESIAN_POINT('',(-2.5,2.,0.135));
#125 = DIRECTION('',(0.,0.,1.));
#126 = DIRECTION('',(1.,0.,0.));
#127 = AXIS2_PLACEMENT_3D('',#128,#129,#130);
#128 = CARTESIAN_POINT('',(-2.,2.,0.135));
#129 = DIRECTION('',(0.,0.,1.));
#130 = DIRECTION('',(1.,0.,0.));
#131 = AXIS2_PLACEMENT_3D('',#132,#133,#134);
#132 = CARTESIAN_POINT('',(-1.5,2.,0.135));
#133 = DIRECTION('',(0.,0.,1.));
#134 = DIRECTION('',(1.,0.,0.));
#135 = AXIS2_PLACEMENT_3D('',#136,#137,#138);
#136 = CARTESIAN_POINT('',(-1.,2.,0.135));
#137 = DIRECTION('',(0.,0.,1.));
#138 = DIRECTION('',(1.,0.,0.));
#139 = AXIS2_PLACEMENT_3D('',#140,#141,#142);
#140 = CARTESIAN_POINT('',(-0.5,2.,0.135));
#141 = DIRECTION('',(0.,0.,1.));
#142 = DIRECTION('',(1.,0.,0.));
#143 = AXIS2_PLACEMENT_3D('',#144,#145,#146);
#144 = CARTESIAN_POINT('',(0.,2.,0.135));
#145 = DIRECTION('',(0.,0.,1.));
#146 = DIRECTION('',(1.,0.,0.));
#147 = AXIS2_PLACEMENT_3D('',#148,#149,#150);
#148 = CARTESIAN_POINT('',(0.5,2.,0.135));
#149 = DIRECTION('',(0.,0.,1.));
#150 = DIRECTION('',(1.,0.,0.));
#151 = AXIS2_PLACEMENT_3D('',#152,#153,#154);
#152 = CARTESIAN_POINT('',(1.,2.,0.135));
#153 = DIRECTION('',(0.,0.,1.));
#154 = DIRECTION('',(1.,0.,0.));
#155 = AXIS2_PLACEMENT_3D('',#156,#157,#158);
#156 = CARTESIAN_POINT('',(1.5,2.,0.135));
#157 = DIRECTION('',(0.,0.,1.));
#158 = DIRECTION('',(1.,0.,0.));
#159 = AXIS2_PLACEMENT_3D('',#160,#161,#162);
#160 = CARTESIAN_POINT('',(2.,2.,0.135));
#161 = DIRECTION('',(0.,0.,1.));
#162 = DIRECTION('',(1.,0.,0.));
#163 = AXIS2_PLACEMENT_3D('',#164,#165,#166);
#164 = CARTESIAN_POINT('',(2.5,2.,0.135));
#165 = DIRECTION('',(0.,0.,1.));
#166 = DIRECTION('',(1.,0.,0.));
#167 = AXIS2_PLACEMENT_3D('',#168,#169,#170);
#168 = CARTESIAN_POINT('',(3.,2.,0.135));
#169 = DIRECTION('',(0.,0.,1.));
#170 = DIRECTION('',(1.,0.,0.));
#171 = AXIS2_PLACEMENT_3D('',#172,#173,#174);
#172 = CARTESIAN_POINT('',(-3.,1.5,0.135));
#173 = DIRECTION('',(0.,0.,1.));
#174 = DIRECTION('',(1.,0.,0.));
#175 = AXIS2_PLACEMENT_3D('',#176,#177,#178);
#176 = CARTESIAN_POINT('',(-2.5,1.5,0.135));
#177 = DIRECTION('',(0.,0.,1.));
#178 = DIRECTION('',(1.,0.,0.));
#179 = AXIS2_PLACEMENT_3D('',#180,#181,#182);
#180 = CARTESIAN_POINT('',(-2.,1.5,0.135));
#181 = DIRECTION('',(0.,0.,1.));
#182 = DIRECTION('',(1.,0.,0.));
#183 = AXIS2_PLACEMENT_3D('',#184,#185,#186);
#184 = CARTESIAN_POINT('',(-1.5,1.5,0.135));
#185 = DIRECTION('',(0.,0.,1.));
#186 = DIRECTION('',(1.,0.,0.));
#187 = AXIS2_PLACEMENT_3D('',#188,#189,#190);
#188 = CARTESIAN_POINT('',(-1.,1.5,0.135));
#189 = DIRECTION('',(0.,0.,1.));
#190 = DIRECTION('',(1.,0.,0.));
#191 = AXIS2_PLACEMENT_3D('',#192,#193,#194);
#192 = CARTESIAN_POINT('',(-0.5,1.5,0.135));
#193 = DIRECTION('',(0.,0.,1.));
#194 = DIRECTION('',(1.,0.,0.));
#195 = AXIS2_PLACEMENT_3D('',#196,#197,#198);
#196 = CARTESIAN_POINT('',(0.,1.5,0.135));
#197 = DIRECTION('',(0.,0.,1.));
#198 = DIRECTION('',(1.,0.,0.));
#199 = AXIS2_PLACEMENT_3D('',#200,#201,#202);
#200 = CARTESIAN_POINT('',(0.5,1.5,0.135));
#201 = DIRECTION('',(0.,0.,1.));
#202 = DIRECTION('',(1.,0.,0.));
#203 = AXIS2_PLACEMENT_3D('',#204,#205,#206);
#204 = CARTESIAN_POINT('',(1.,1.5,0.135));
#205 = DIRECTION('',(0.,0.,1.));
#206 = DIRECTION('',(1.,0.,0.));
#207 = AXIS2_PLACEMENT_3D('',#208,#209,#210);
#208 = CARTESIAN_POINT('',(1.5,1.5,0.135));
#209 = DIRECTION('',(0.,0.,1.));
#210 = DIRECTION('',(1.,0.,0.));
#211 = AXIS2_PLACEMENT_3D('',#212,#213,#214);
#212 = CARTESIAN_POINT('',(2.,1.5,0.135));
#213 = DIRECTION('',(0.,0.,1.));
#214 = DIRECTION('',(1.,0.,0.));
#215 = AXIS2_PLACEMENT_3D('',#216,#217,#218);
#216 = CARTESIAN_POINT('',(2.5,1.5,0.135));
#217 = DIRECTION('',(0.,0.,1.));
#218 = DIRECTION('',(1.,0.,0.));
#219 = AXIS2_PLACEMENT_3D('',#220,#221,#222);
#220 = CARTESIAN_POINT('',(3.,1.5,0.135));
#221 = DIRECTION('',(0.,0.,1.));
#222 = DIRECTION('',(1.,0.,0.));
#223 = AXIS2_PLACEMENT_3D('',#224,#225,#226);
#224 = CARTESIAN_POINT('',(-3.,1.,0.135));
#225 = DIRECTION('',(0.,0.,1.));
#226 = DIRECTION('',(1.,0.,0.));
#227 = AXIS2_PLACEMENT_3D('',#228,#229,#230);
#228 = CARTESIAN_POINT('',(-2.5,1.,0.135));
#229 = DIRECTION('',(0.,0.,1.));
#230 = DIRECTION('',(1.,0.,0.));
#231 = AXIS2_PLACEMENT_3D('',#232,#233,#234);
#232 = CARTESIAN_POINT('',(-2.,1.,0.135));
#233 = DIRECTION('',(0.,0.,1.));
#234 = DIRECTION('',(1.,0.,0.));
#235 = AXIS2_PLACEMENT_3D('',#236,#237,#238);
#236 = CARTESIAN_POINT('',(-1.5,1.,0.135));
#237 = DIRECTION('',(0.,0.,1.));
#238 = DIRECTION('',(1.,0.,0.));
#239 = AXIS2_PLACEMENT_3D('',#240,#241,#242);
#240 = CARTESIAN_POINT('',(1.5,1.,0.135));
#241 = DIRECTION('',(0.,0.,1.));
#242 = DIRECTION('',(1.,0.,0.));
#243 = AXIS2_PLACEMENT_3D('',#244,#245,#246);
#244 = CARTESIAN_POINT('',(2.,1.,0.135));
#245 = DIRECTION('',(0.,0.,1.));
#246 = DIRECTION('',(1.,0.,0.));
#247 = AXIS2_PLACEMENT_3D('',#248,#249,#250);
#248 = CARTESIAN_POINT('',(2.5,1.,0.135));
#249 = DIRECTION('',(0.,0.,1.));
#250 = DIRECTION('',(1.,0.,0.));
#251 = AXIS2_PLACEMENT_3D('',#252,#253,#254);
#252 = CARTESIAN_POINT('',(3.,1.,0.135));
#253 = DIRECTION('',(0.,0.,1.));
#254 = DIRECTION('',(1.,0.,0.));
#255 = AXIS2_PLACEMENT_3D('',#256,#257,#258);
#256 = CARTESIAN_POINT('',(-3.,0.5,0.135));
#257 = DIRECTION('',(0.,0.,1.));
#258 = DIRECTION('',(1.,0.,0.));
#259 = AXIS2_PLACEMENT_3D('',#260,#261,#262);
#260 = CARTESIAN_POINT('',(-2.5,0.5,0.135));
#261 = DIRECTION('',(0.,0.,1.));
#262 = DIRECTION('',(1.,0.,0.));
#263 = AXIS2_PLACEMENT_3D('',#264,#265,#266);
#264 = CARTESIAN_POINT('',(-2.,0.5,0.135));
#265 = DIRECTION('',(0.,0.,1.));
#266 = DIRECTION('',(1.,0.,0.));
#267 = AXIS2_PLACEMENT_3D('',#268,#269,#270);
#268 = CARTESIAN_POINT('',(-1.5,0.5,0.135));
#269 = DIRECTION('',(0.,0.,1.));
#270 = DIRECTION('',(1.,0.,0.));
#271 = AXIS2_PLACEMENT_3D('',#272,#273,#274);
#272 = CARTESIAN_POINT('',(1.5,0.5,0.135));
#273 = DIRECTION('',(0.,0.,1.));
#274 = DIRECTION('',(1.,0.,0.));
#275 = AXIS2_PLACEMENT_3D('',#276,#277,#278);
#276 = CARTESIAN_POINT('',(2.,0.5,0.135));
#277 = DIRECTION('',(0.,0.,1.));
#278 = DIRECTION('',(1.,0.,0.));
#279 = AXIS2_PLACEMENT_3D('',#280,#281,#282);
#280 = CARTESIAN_POINT('',(2.5,0.5,0.135));
#281 = DIRECTION('',(0.,0.,1.));
#282 = DIRECTION('',(1.,0.,0.));
#283 = AXIS2_PLACEMENT_3D('',#284,#285,#286);
#284 = CARTESIAN_POINT('',(3.,0.5,0.135));
#285 = DIRECTION('',(0.,0.,1.));
#286 = DIRECTION('',(1.,0.,0.));
#287 = AXIS2_PLACEMENT_3D('',#288,#289,#290);
#288 = CARTESIAN_POINT('',(-3.,0.,0.135));
#289 = DIRECTION('',(0.,0.,1.));
#290 = DIRECTION('',(1.,0.,0.));
#291 = AXIS2_PLACEMENT_3D('',#292,#293,#294);
#292 = CARTESIAN_POINT('',(-2.5,0.,0.135));
#293 = DIRECTION('',(0.,0.,1.));
#294 = DIRECTION('',(1.,0.,0.));
#295 = AXIS2_PLACEMENT_3D('',#296,#297,#298);
#296 = CARTESIAN_POINT('',(-2.,0.,0.135));
#297 = DIRECTION('',(0.,0.,1.));
#298 = DIRECTION('',(1.,0.,0.));
#299 = AXIS2_PLACEMENT_3D('',#300,#301,#302);
#300 = CARTESIAN_POINT('',(-1.5,0.,0.135));
#301 = DIRECTION('',(0.,0.,1.));
#302 = DIRECTION('',(1.,0.,0.));
#303 = AXIS2_PLACEMENT_3D('',#304,#305,#306);
#304 = CARTESIAN_POINT('',(1.5,0.,0.135));
#305 = DIRECTION('',(0.,0.,1.));
#306 = DIRECTION('',(1.,0.,0.));
#307 = AXIS2_PLACEMENT_3D('',#308,#309,#310);
#308 = CARTESIAN_POINT('',(2.,0.,0.135));
#309 = DIRECTION('',(0.,0.,1.));
#310 = DIRECTION('',(1.,0.,0.));
#311 = AXIS2_PLACEMENT_3D('',#312,#313,#314);
#312 = CARTESIAN_POINT('',(2.5,0.,0.135));
#313 = DIRECTION('',(0.,0.,1.));
#314 = DIRECTION('',(1.,0.,0.));
#315 = AXIS2_PLACEMENT_3D('',#316,#317,#318);
#316 = CARTESIAN_POINT('',(3.,0.,0.135));
#317 = DIRECTION('',(0.,0.,1.));
#318 = DIRECTION('',(1.,0.,0.));
#319 = AXIS2_PLACEMENT_3D('',#320,#321,#322);
#320 = CARTESIAN_POINT('',(-3.,-0.5,0.135));
#321 = DIRECTION('',(0.,0.,1.));
#322 = DIRECTION('',(1.,0.,0.));
#323 = AXIS2_PLACEMENT_3D('',#324,#325,#326);
#324 = CARTESIAN_POINT('',(-2.5,-0.5,0.135));
#325 = DIRECTION('',(0.,0.,1.));
#326 = DIRECTION('',(1.,0.,0.));
#327 = AXIS2_PLACEMENT_3D('',#328,#329,#330);
#328 = CARTESIAN_POINT('',(-2.,-0.5,0.135));
#329 = DIRECTION('',(0.,0.,1.));
#330 = DIRECTION('',(1.,0.,0.));
#331 = AXIS2_PLACEMENT_3D('',#332,#333,#334);
#332 = CARTESIAN_POINT('',(-1.5,-0.5,0.135));
#333 = DIRECTION('',(0.,0.,1.));
#334 = DIRECTION('',(1.,0.,0.));
#335 = AXIS2_PLACEMENT_3D('',#336,#337,#338);
#336 = CARTESIAN_POINT('',(1.5,-0.5,0.135));
#337 = DIRECTION('',(0.,0.,1.));
#338 = DIRECTION('',(1.,0.,0.));
#339 = AXIS2_PLACEMENT_3D('',#340,#341,#342);
#340 = CARTESIAN_POINT('',(2.,-0.5,0.135));
#341 = DIRECTION('',(0.,0.,1.));
#342 = DIRECTION('',(1.,0.,0.));
#343 = AXIS2_PLACEMENT_3D('',#344,#345,#346);
#344 = CARTESIAN_POINT('',(2.5,-0.5,0.135));
#345 = DIRECTION('',(0.,0.,1.));
#346 = DIRECTION('',(1.,0.,0.));
#347 = AXIS2_PLACEMENT_3D('',#348,#349,#350);
#348 = CARTESIAN_POINT('',(3.,-0.5,0.135));
#349 = DIRECTION('',(0.,0.,1.));
#350 = DIRECTION('',(1.,0.,0.));
#351 = AXIS2_PLACEMENT_3D('',#352,#353,#354);
#352 = CARTESIAN_POINT('',(-3.,-1.,0.135));
#353 = DIRECTION('',(0.,0.,1.));
#354 = DIRECTION('',(1.,0.,0.));
#355 = AXIS2_PLACEMENT_3D('',#356,#357,#358);
#356 = CARTESIAN_POINT('',(-2.5,-1.,0.135));
#357 = DIRECTION('',(0.,0.,1.));
#358 = DIRECTION('',(1.,0.,0.));
#359 = AXIS2_PLACEMENT_3D('',#360,#361,#362);
#360 = CARTESIAN_POINT('',(-2.,-1.,0.135));
#361 = DIRECTION('',(0.,0.,1.));
#362 = DIRECTION('',(1.,0.,0.));
#363 = AXIS2_PLACEMENT_3D('',#364,#365,#366);
#364 = CARTESIAN_POINT('',(-1.5,-1.,0.135));
#365 = DIRECTION('',(0.,0.,1.));
#366 = DIRECTION('',(1.,0.,0.));
#367 = AXIS2_PLACEMENT_3D('',#368,#369,#370);
#368 = CARTESIAN_POINT('',(1.5,-1.,0.135));
#369 = DIRECTION('',(0.,0.,1.));
#370 = DIRECTION('',(1.,0.,0.));
#371 = AXIS2_PLACEMENT_3D('',#372,#373,#374);
#372 = CARTESIAN_POINT('',(2.,-1.,0.135));
#373 = DIRECTION('',(0.,0.,1.));
#374 = DIRECTION('',(1.,0.,0.));
#375 = AXIS2_PLACEMENT_3D('',#376,#377,#378);
#376 = CARTESIAN_POINT('',(2.5,-1.,0.135));
#377 = DIRECTION('',(0.,0.,1.));
#378 = DIRECTION('',(1.,0.,0.));
#379 = AXIS2_PLACEMENT_3D('',#380,#381,#382);
#380 = CARTESIAN_POINT('',(3.,-1.,0.135));
#381 = DIRECTION('',(0.,0.,1.));
#382 = DIRECTION('',(1.,0.,0.));
#383 = AXIS2_PLACEMENT_3D('',#384,#385,#386);
#384 = CARTESIAN_POINT('',(-3.,-1.5,0.135));
#385 = DIRECTION('',(0.,0.,1.));
#386 = DIRECTION('',(1.,0.,0.));
#387 = AXIS2_PLACEMENT_3D('',#388,#389,#390);
#388 = CARTESIAN_POINT('',(-2.5,-1.5,0.135));
#389 = DIRECTION('',(0.,0.,1.));
#390 = DIRECTION('',(1.,0.,0.));
#391 = AXIS2_PLACEMENT_3D('',#392,#393,#394);
#392 = CARTESIAN_POINT('',(-2.,-1.5,0.135));
#393 = DIRECTION('',(0.,0.,1.));
#394 = DIRECTION('',(1.,0.,0.));
#395 = AXIS2_PLACEMENT_3D('',#396,#397,#398);
#396 = CARTESIAN_POINT('',(-1.5,-1.5,0.135));
#397 = DIRECTION('',(0.,0.,1.));
#398 = DIRECTION('',(1.,0.,0.));
#399 = AXIS2_PLACEMENT_3D('',#400,#401,#402);
#400 = CARTESIAN_POINT('',(-1.,-1.5,0.135));
#401 = DIRECTION('',(0.,0.,1.));
#402 = DIRECTION('',(1.,0.,0.));
#403 = AXIS2_PLACEMENT_3D('',#404,#405,#406);
#404 = CARTESIAN_POINT('',(-0.5,-1.5,0.135));
#405 = DIRECTION('',(0.,0.,1.));
#406 = DIRECTION('',(1.,0.,0.));
#407 = AXIS2_PLACEMENT_3D('',#408,#409,#410);
#408 = CARTESIAN_POINT('',(0.,-1.5,0.135));
#409 = DIRECTION('',(0.,0.,1.));
#410 = DIRECTION('',(1.,0.,0.));
#411 = AXIS2_PLACEMENT_3D('',#412,#413,#414);
#412 = CARTESIAN_POINT('',(0.5,-1.5,0.135));
#413 = DIRECTION('',(0.,0.,1.));
#414 = DIRECTION('',(1.,0.,0.));
#415 = AXIS2_PLACEMENT_3D('',#416,#417,#418);
#416 = CARTESIAN_POINT('',(1.,-1.5,0.135));
#417 = DIRECTION('',(0.,0.,1.));
#418 = DIRECTION('',(1.,0.,0.));
#419 = AXIS2_PLACEMENT_3D('',#420,#421,#422);
#420 = CARTESIAN_POINT('',(1.5,-1.5,0.135));
#421 = DIRECTION('',(0.,0.,1.));
#422 = DIRECTION('',(1.,0.,0.));
#423 = AXIS2_PLACEMENT_3D('',#424,#425,#426);
#424 = CARTESIAN_POINT('',(2.,-1.5,0.135));
#425 = DIRECTION('',(0.,0.,1.));
#426 = DIRECTION('',(1.,0.,0.));
#427 = AXIS2_PLACEMENT_3D('',#428,#429,#430);
#428 = CARTESIAN_POINT('',(2.5,-1.5,0.135));
#429 = DIRECTION('',(0.,0.,1.));
#430 = DIRECTION('',(1.,0.,0.));
#431 = AXIS2_PLACEMENT_3D('',#432,#433,#434);
#432 = CARTESIAN_POINT('',(3.,-1.5,0.135));
#433 = DIRECTION('',(0.,0.,1.));
#434 = DIRECTION('',(1.,0.,0.));
#435 = AXIS2_PLACEMENT_3D('',#436,#437,#438);
#436 = CARTESIAN_POINT('',(-3.,-2.,0.135));
#437 = DIRECTION('',(0.,0.,1.));
#438 = DIRECTION('',(1.,0.,0.));
#439 = AXIS2_PLACEMENT_3D('',#440,#441,#442);
#440 = CARTESIAN_POINT('',(-2.5,-2.,0.135));
#441 = DIRECTION('',(0.,0.,1.));
#442 = DIRECTION('',(1.,0.,0.));
#443 = AXIS2_PLACEMENT_3D('',#444,#445,#446);
#444 = CARTESIAN_POINT('',(-2.,-2.,0.135));
#445 = DIRECTION('',(0.,0.,1.));
#446 = DIRECTION('',(1.,0.,0.));
#447 = AXIS2_PLACEMENT_3D('',#448,#449,#450);
#448 = CARTESIAN_POINT('',(-1.5,-2.,0.135));
#449 = DIRECTION('',(0.,0.,1.));
#450 = DIRECTION('',(1.,0.,0.));
#451 = AXIS2_PLACEMENT_3D('',#452,#453,#454);
#452 = CARTESIAN_POINT('',(-1.,-2.,0.135));
#453 = DIRECTION('',(0.,0.,1.));
#454 = DIRECTION('',(1.,0.,0.));
#455 = AXIS2_PLACEMENT_3D('',#456,#457,#458);
#456 = CARTESIAN_POINT('',(-0.5,-2.,0.135));
#457 = DIRECTION('',(0.,0.,1.));
#458 = DIRECTION('',(1.,0.,0.));
#459 = AXIS2_PLACEMENT_3D('',#460,#461,#462);
#460 = CARTESIAN_POINT('',(0.,-2.,0.135));
#461 = DIRECTION('',(0.,0.,1.));
#462 = DIRECTION('',(1.,0.,0.));
#463 = AXIS2_PLACEMENT_3D('',#464,#465,#466);
#464 = CARTESIAN_POINT('',(0.5,-2.,0.135));
#465 = DIRECTION('',(0.,0.,1.));
#466 = DIRECTION('',(1.,0.,0.));
#467 = AXIS2_PLACEMENT_3D('',#468,#469,#470);
#468 = CARTESIAN_POINT('',(1.,-2.,0.135));
#469 = DIRECTION('',(0.,0.,1.));
#470 = DIRECTION('',(1.,0.,0.));
#471 = AXIS2_PLACEMENT_3D('',#472,#473,#474);
#472 = CARTESIAN_POINT('',(1.5,-2.,0.135));
#473 = DIRECTION('',(0.,0.,1.));
#474 = DIRECTION('',(1.,0.,0.));
#475 = AXIS2_PLACEMENT_3D('',#476,#477,#478);
#476 = CARTESIAN_POINT('',(2.,-2.,0.135));
#477 = DIRECTION('',(0.,0.,1.));
#478 = DIRECTION('',(1.,0.,0.));
#479 = AXIS2_PLACEMENT_3D('',#480,#481,#482);
#480 = CARTESIAN_POINT('',(2.5,-2.,0.135));
#481 = DIRECTION('',(0.,0.,1.));
#482 = DIRECTION('',(1.,0.,0.));
#483 = AXIS2_PLACEMENT_3D('',#484,#485,#486);
#484 = CARTESIAN_POINT('',(3.,-2.,0.135));
#485 = DIRECTION('',(0.,0.,1.));
#486 = DIRECTION('',(1.,0.,0.));
#487 = AXIS2_PLACEMENT_3D('',#488,#489,#490);
#488 = CARTESIAN_POINT('',(-3.,-2.5,0.135));
#489 = DIRECTION('',(0.,0.,1.));
#490 = DIRECTION('',(1.,0.,0.));
#491 = AXIS2_PLACEMENT_3D('',#492,#493,#494);
#492 = CARTESIAN_POINT('',(-2.5,-2.5,0.135));
#493 = DIRECTION('',(0.,0.,1.));
#494 = DIRECTION('',(1.,0.,0.));
#495 = AXIS2_PLACEMENT_3D('',#496,#497,#498);
#496 = CARTESIAN_POINT('',(-2.,-2.5,0.135));
#497 = DIRECTION('',(0.,0.,1.));
#498 = DIRECTION('',(1.,0.,0.));
#499 = AXIS2_PLACEMENT_3D('',#500,#501,#502);
#500 = CARTESIAN_POINT('',(-1.5,-2.5,0.135));
#501 = DIRECTION('',(0.,0.,1.));
#502 = DIRECTION('',(1.,0.,0.));
#503 = AXIS2_PLACEMENT_3D('',#504,#505,#506);
#504 = CARTESIAN_POINT('',(-1.,-2.5,0.135));
#505 = DIRECTION('',(0.,0.,1.));
#506 = DIRECTION('',(1.,0.,0.));
#507 = AXIS2_PLACEMENT_3D('',#508,#509,#510);
#508 = CARTESIAN_POINT('',(-0.5,-2.5,0.135));
#509 = DIRECTION('',(0.,0.,1.));
#510 = DIRECTION('',(1.,0.,0.));
#511 = AXIS2_PLACEMENT_3D('',#512,#513,#514);
#512 = CARTESIAN_POINT('',(0.,-2.5,0.135));
#513 = DIRECTION('',(0.,0.,1.));
#514 = DIRECTION('',(1.,0.,0.));
#515 = AXIS2_PLACEMENT_3D('',#516,#517,#518);
#516 = CARTESIAN_POINT('',(0.5,-2.5,0.135));
#517 = DIRECTION('',(0.,0.,1.));
#518 = DIRECTION('',(1.,0.,0.));
#519 = AXIS2_PLACEMENT_3D('',#520,#521,#522);
#520 = CARTESIAN_POINT('',(1.,-2.5,0.135));
#521 = DIRECTION('',(0.,0.,1.));
#522 = DIRECTION('',(1.,0.,0.));
#523 = AXIS2_PLACEMENT_3D('',#524,#525,#526);
#524 = CARTESIAN_POINT('',(1.5,-2.5,0.135));
#525 = DIRECTION('',(0.,0.,1.));
#526 = DIRECTION('',(1.,0.,0.));
#527 = AXIS2_PLACEMENT_3D('',#528,#529,#530);
#528 = CARTESIAN_POINT('',(2.,-2.5,0.135));
#529 = DIRECTION('',(0.,0.,1.));
#530 = DIRECTION('',(1.,0.,0.));
#531 = AXIS2_PLACEMENT_3D('',#532,#533,#534);
#532 = CARTESIAN_POINT('',(2.5,-2.5,0.135));
#533 = DIRECTION('',(0.,0.,1.));
#534 = DIRECTION('',(1.,0.,0.));
#535 = AXIS2_PLACEMENT_3D('',#536,#537,#538);
#536 = CARTESIAN_POINT('',(3.,-2.5,0.135));
#537 = DIRECTION('',(0.,0.,1.));
#538 = DIRECTION('',(1.,0.,0.));
#539 = AXIS2_PLACEMENT_3D('',#540,#541,#542);
#540 = CARTESIAN_POINT('',(-3.,-3.,0.135));
#541 = DIRECTION('',(0.,0.,1.));
#542 = DIRECTION('',(1.,0.,0.));
#543 = AXIS2_PLACEMENT_3D('',#544,#545,#546);
#544 = CARTESIAN_POINT('',(-2.5,-3.,0.135));
#545 = DIRECTION('',(0.,0.,1.));
#546 = DIRECTION('',(1.,0.,0.));
#547 = AXIS2_PLACEMENT_3D('',#548,#549,#550);
#548 = CARTESIAN_POINT('',(-2.,-3.,0.135));
#549 = DIRECTION('',(0.,0.,1.));
#550 = DIRECTION('',(1.,0.,0.));
#551 = AXIS2_PLACEMENT_3D('',#552,#553,#554);
#552 = CARTESIAN_POINT('',(-1.5,-3.,0.135));
#553 = DIRECTION('',(0.,0.,1.));
#554 = DIRECTION('',(1.,0.,0.));
#555 = AXIS2_PLACEMENT_3D('',#556,#557,#558);
#556 = CARTESIAN_POINT('',(-1.,-3.,0.135));
#557 = DIRECTION('',(0.,0.,1.));
#558 = DIRECTION('',(1.,0.,0.));
#559 = AXIS2_PLACEMENT_3D('',#560,#561,#562);
#560 = CARTESIAN_POINT('',(-0.5,-3.,0.135));
#561 = DIRECTION('',(0.,0.,1.));
#562 = DIRECTION('',(1.,0.,0.));
#563 = AXIS2_PLACEMENT_3D('',#564,#565,#566);
#564 = CARTESIAN_POINT('',(0.,-3.,0.135));
#565 = DIRECTION('',(0.,0.,1.));
#566 = DIRECTION('',(1.,0.,0.));
#567 = AXIS2_PLACEMENT_3D('',#568,#569,#570);
#568 = CARTESIAN_POINT('',(0.5,-3.,0.135));
#569 = DIRECTION('',(0.,0.,1.));
#570 = DIRECTION('',(1.,0.,0.));
#571 = AXIS2_PLACEMENT_3D('',#572,#573,#574);
#572 = CARTESIAN_POINT('',(1.,-3.,0.135));
#573 = DIRECTION('',(0.,0.,1.));
#574 = DIRECTION('',(1.,0.,0.));
#575 = AXIS2_PLACEMENT_3D('',#576,#577,#578);
#576 = CARTESIAN_POINT('',(1.5,-3.,0.135));
#577 = DIRECTION('',(0.,0.,1.));
#578 = DIRECTION('',(1.,0.,0.));
#579 = AXIS2_PLACEMENT_3D('',#580,#581,#582);
#580 = CARTESIAN_POINT('',(2.,-3.,0.135));
#581 = DIRECTION('',(0.,0.,1.));
#582 = DIRECTION('',(1.,0.,0.));
#583 = AXIS2_PLACEMENT_3D('',#584,#585,#586);
#584 = CARTESIAN_POINT('',(2.5,-3.,0.135));
#585 = DIRECTION('',(0.,0.,1.));
#586 = DIRECTION('',(1.,0.,0.));
#587 = AXIS2_PLACEMENT_3D('',#588,#589,#590);
#588 = CARTESIAN_POINT('',(3.,-3.,0.135));
#589 = DIRECTION('',(0.,0.,1.));
#590 = DIRECTION('',(1.,0.,0.));
#591 = AXIS2_PLACEMENT_3D('',#592,#593,#594);
#592 = CARTESIAN_POINT('',(0.,0.,0.));
#593 = DIRECTION('',(0.,0.,1.));
#594 = DIRECTION('',(1.,0.,0.));
#595 = ( GEOMETRIC_REPRESENTATION_CONTEXT(3) 
GLOBAL_UNCERTAINTY_ASSIGNED_CONTEXT((#599)) GLOBAL_UNIT_ASSIGNED_CONTEXT
((#596,#597,#598)) REPRESENTATION_CONTEXT('Context #1',
  '3D Context with UNIT and UNCERTAINTY') );
#596 = ( LENGTH_UNIT() NAMED_UNIT(*) SI_UNIT(.MILLI.,.METRE.) );
#597 = ( NAMED_UNIT(*) PLANE_ANGLE_UNIT() SI_UNIT($,.RADIAN.) );
#598 = ( NAMED_UNIT(*) SI_UNIT($,.STERADIAN.) SOLID_ANGLE_UNIT() );
#599 = UNCERTAINTY_MEASURE_WITH_UNIT(LENGTH_MEASURE(1.E-07),#596,
  'distance_accuracy_value','confusion accuracy');
#600 = PRODUCT_RELATED_PRODUCT_CATEGORY('part',$,(#7));
#601 = ADVANCED_BREP_SHAPE_REPRESENTATION('',(#11,#602),#614);
#602 = MANIFOLD_SOLID_BREP('',#603);
#603 = CLOSED_SHELL('',(#604));
#604 = ADVANCED_FACE('',(#605),#609,.T.);
#605 = FACE_BOUND('',#606,.T.);
#606 = VERTEX_LOOP('',#607);
#607 = VERTEX_POINT('',#608);
#608 = CARTESIAN_POINT('',(8.266365894245E-18,-2.024675706594E-33,-0.135
    ));
#609 = SPHERICAL_SURFACE('',#610,0.135);
#610 = AXIS2_PLACEMENT_3D('',#611,#612,#613);
#611 = CARTESIAN_POINT('',(0.,0.,0.));
#612 = DIRECTION('',(0.,0.,1.));
#613 = DIRECTION('',(1.,0.,-0.));
#614 = ( GEOMETRIC_REPRESENTATION_CONTEXT(3) 
GLOBAL_UNCERTAINTY_ASSIGNED_CONTEXT((#618)) GLOBAL_UNIT_ASSIGNED_CONTEXT
((#615,#616,#617)) REPRESENTATION_CONTEXT('Context #1',
  '3D Context with UNIT and UNCERTAINTY') );
#615 = ( LENGTH_UNIT() NAMED_UNIT(*) SI_UNIT(.MILLI.,.METRE.) );
#616 = ( NAMED_UNIT(*) PLANE_ANGLE_UNIT() SI_UNIT($,.RADIAN.) );
#617 = ( NAMED_UNIT(*) SI_UNIT($,.STERADIAN.) SOLID_ANGLE_UNIT() );
#618 = UNCERTAINTY_MEASURE_WITH_UNIT(LENGTH_MEASURE(1.E-07),#615,
  'distance_accuracy_value','confusion accuracy');
#619 = SHAPE_DEFINITION_REPRESENTATION(#620,#601);
#620 = PRODUCT_DEFINITION_SHAPE('','',#621);
#621 = PRODUCT_DEFINITION('design','',#622,#625);
#622 = PRODUCT_DEFINITION_FORMATION('','',#623);
#623 = PRODUCT('A1','A1','',(#624));
#624 = PRODUCT_CONTEXT('',#2,'mechanical');
#625 = PRODUCT_DEFINITION_CONTEXT('part definition',#2,'design');
#626 = CONTEXT_DEPENDENT_SHAPE_REPRESENTATION(#627,#629);
#627 = ( REPRESENTATION_RELATIONSHIP('','',#601,#10) 
REPRESENTATION_RELATIONSHIP_WITH_TRANSFORMATION(#628) 
SHAPE_REPRESENTATION_RELATIONSHIP() );
#628 = ITEM_DEFINED_TRANSFORMATION('','',#11,#15);
#629 = PRODUCT_DEFINITION_SHAPE('Placement','Placement of an item',#630
  );
#630 = NEXT_ASSEMBLY_USAGE_OCCURRENCE('1','=>[0:1:1:2]','',#5,#621,$);
#631 = PRODUCT_RELATED_PRODUCT_CATEGORY('part',$,(#623));
#632 = ADVANCED_BREP_SHAPE_REPRESENTATION('',(#11,#633),#645);
#633 = MANIFOLD_SOLID_BREP('',#634);
#634 = CLOSED_SHELL('',(#635));
#635 = ADVANCED_FACE('',(#636),#640,.T.);
#636 = FACE_BOUND('',#637,.T.);
#637 = VERTEX_LOOP('',#638);
#638 = VERTEX_POINT('',#639);
#639 = CARTESIAN_POINT('',(8.266365894245E-18,-2.024675706594E-33,-0.135
    ));
#640 = SPHERICAL_SURFACE('',#641,0.135);
#641 = AXIS2_PLACEMENT_3D('',#642,#643,#644);
#642 = CARTESIAN_POINT('',(0.,0.,0.));
#643 = DIRECTION('',(0.,0.,1.));
#644 = DIRECTION('',(1.,0.,-0.));
#645 = ( GEOMETRIC_REPRESENTATION_CONTEXT(3) 
GLOBAL_UNCERTAINTY_ASSIGNED_CONTEXT((#649)) GLOBAL_UNIT_ASSIGNED_CONTEXT
((#646,#647,#648)) REPRESENTATION_CONTEXT('Context #1',
  '3D Context with UNIT and UNCERTAINTY') );
#646 = ( LENGTH_UNIT() NAMED_UNIT(*) SI_UNIT(.MILLI.,.METRE.) );
#647 = ( NAMED_UNIT(*) PLANE_ANGLE_UNIT() SI_UNIT($,.RADIAN.) );
#648 = ( NAMED_UNIT(*) SI_UNIT($,.STERADIAN.) SOLID_ANGLE_UNIT() );
#649 = UNCERTAINTY_MEASURE_WITH_UNIT(LENGTH_MEASURE(1.E-07),#646,
  'distance_accuracy_value','confusion accuracy');
#650 = SHAPE_DEFINITION_REPRESENTATION(#651,#632);
#651 = PRODUCT_DEFINITION_SHAPE('','',#652);
#652 = PRODUCT_DEFINITION('design','',#653,#656);
#653 = PRODUCT_DEFINITION_FORMATION('','',#654);
#654 = PRODUCT('A2','A2','',(#655));
#655 = PRODUCT_CONTEXT('',#2,'mechanical');
#656 = PRODUCT_DEFINITION_CONTEXT('part definition',#2,'design');
#657 = CONTEXT_DEPENDENT_SHAPE_REPRESENTATION(#658,#660);
#658 = ( REPRESENTATION_RELATIONSHIP('','',#632,#10) 
REPRESENTATION_RELATIONSHIP_WITH_TRANSFORMATION(#659) 
SHAPE_REPRESENTATION_RELATIONSHIP() );
#659 = ITEM_DEFINED_TRANSFORMATION('','',#11,#19);
#660 = PRODUCT_DEFINITION_SHAPE('Placement','Placement of an item',#661
  );
#661 = NEXT_ASSEMBLY_USAGE_OCCURRENCE('2','=>[0:1:1:3]','',#5,#652,$);
#662 = PRODUCT_RELATED_PRODUCT_CATEGORY('part',$,(#654));
#663 = ADVANCED_BREP_SHAPE_REPRESENTATION('',(#11,#664),#676);
#664 = MANIFOLD_SOLID_BREP('',#665);
#665 = CLOSED_SHELL('',(#666));
#666 = ADVANCED_FACE('',(#667),#671,.T.);
#667 = FACE_BOUND('',#668,.T.);
#668 = VERTEX_LOOP('',#669);
#669 = VERTEX_POINT('',#670);
#670 = CARTESIAN_POINT('',(8.266365894245E-18,-2.024675706594E-33,-0.135
    ));
#671 = SPHERICAL_SURFACE('',#672,0.135);
#672 = AXIS2_PLACEMENT_3D('',#673,#674,#675);
#673 = CARTESIAN_POINT('',(0.,0.,0.));
#674 = DIRECTION('',(0.,0.,1.));
#675 = DIRECTION('',(1.,0.,-0.));
#676 = ( GEOMETRIC_REPRESENTATION_CONTEXT(3) 
GLOBAL_UNCERTAINTY_ASSIGNED_CONTEXT((#680)) GLOBAL_UNIT_ASSIGNED_CONTEXT
((#677,#678,#679)) REPRESENTATION_CONTEXT('Context #1',
  '3D Context with UNIT and UNCERTAINTY') );
#677 = ( LENGTH_UNIT() NAMED_UNIT(*) SI_UNIT(.MILLI.,.METRE.) );
#678 = ( NAMED_UNIT(*) PLANE_ANGLE_UNIT() SI_UNIT($,.RADIAN.) );
#679 = ( NAMED_UNIT(*) SI_UNIT($,.STERADIAN.) SOLID_ANGLE_UNIT() );
#680 = UNCERTAINTY_MEASURE_WITH_UNIT(LENGTH_MEASURE(1.E-07),#677,
  'distance_accuracy_value','confusion accuracy');
#681 = SHAPE_DEFINITION_REPRESENTATION(#682,#663);
#682 = PRODUCT_DEFINITION_SHAPE('','',#683);
#683 = PRODUCT_DEFINITION('design','',#684,#687);
#684 = PRODUCT_DEFINITION_FORMATION('','',#685);
#685 = PRODUCT('A3','A3','',(#686));
#686 = PRODUCT_CONTEXT('',#2,'mechanical');
#687 = PRODUCT_DEFINITION_CONTEXT('part definition',#2,'design');
#688 = CONTEXT_DEPENDENT_SHAPE_REPRESENTATION(#689,#691);
#689 = ( REPRESENTATION_RELATIONSHIP('','',#663,#10) 
REPRESENTATION_RELATIONSHIP_WITH_TRANSFORMATION(#690) 
SHAPE_REPRESENTATION_RELATIONSHIP() );
#690 = ITEM_DEFINED_TRANSFORMATION('','',#11,#23);
#691 = PRODUCT_DEFINITION_SHAPE('Placement','Placement of an item',#692
  );
#692 = NEXT_ASSEMBLY_USAGE_OCCURRENCE('3','=>[0:1:1:4]','',#5,#683,$);
#693 = PRODUCT_RELATED_PRODUCT_CATEGORY('part',$,(#685));
#694 = ADVANCED_BREP_SHAPE_REPRESENTATION('',(#11,#695),#707);
#695 = MANIFOLD_SOLID_BREP('',#696);
#696 = CLOSED_SHELL('',(#697));
#697 = ADVANCED_FACE('',(#698),#702,.T.);
#698 = FACE_BOUND('',#699,.T.);
#699 = VERTEX_LOOP('',#700);
#700 = VERTEX_POINT('',#701);
#701 = CARTESIAN_POINT('',(8.266365894245E-18,-2.024675706594E-33,-0.135
    ));
#702 = SPHERICAL_SURFACE('',#703,0.135);
#703 = AXIS2_PLACEMENT_3D('',#704,#705,#706);
#704 = CARTESIAN_POINT('',(0.,0.,0.));
#705 = DIRECTION('',(0.,0.,1.));
#706 = DIRECTION('',(1.,0.,-0.));
#707 = ( GEOMETRIC_REPRESENTATION_CONTEXT(3) 
GLOBAL_UNCERTAINTY_ASSIGNED_CONTEXT((#711)) GLOBAL_UNIT_ASSIGNED_CONTEXT
((#708,#709,#710)) REPRESENTATION_CONTEXT('Context #1',
  '3D Context with UNIT and UNCERTAINTY') );
#708 = ( LENGTH_UNIT() NAMED_UNIT(*) SI_UNIT(.MILLI.,.METRE.) );
#709 = ( NAMED_UNIT(*) PLANE_ANGLE_UNIT() SI_UNIT($,.RADIAN.) );
#710 = ( NAMED_UNIT(*) SI_UNIT($,.STERADIAN.) SOLID_ANGLE_UNIT() );
#711 = UNCERTAINTY_MEASURE_WITH_UNIT(LENGTH_MEASURE(1.E-07),#708,
  'distance_accuracy_value','confusion accuracy');
#712 = SHAPE_DEFINITION_REPRESENTATION(#713,#694);
#713 = PRODUCT_DEFINITION_SHAPE('','',#714);
#714 = PRODUCT_DEFINITION('design','',#715,#718);
#715 = PRODUCT_DEFINITION_FORMATION('','',#716);
#716 = PRODUCT('A4','A4','',(#717));
#717 = PRODUCT_CONTEXT('',#2,'mechanical');
#718 = PRODUCT_DEFINITION_CONTEXT('part definition',#2,'design');
#719 = CONTEXT_DEPENDENT_SHAPE_REPRESENTATION(#720,#722);
#720 = ( REPRESENTATION_RELATIONSHIP('','',#694,#10) 
REPRESENTATION_RELATIONSHIP_WITH_TRANSFORMATION(#721) 
SHAPE_REPRESENTATION_RELATIONSHIP() );
#721 = ITEM_DEFINED_TRANSFORMATION('','',#11,#27);
#722 = PRODUCT_DEFINITION_SHAPE('Placement','Placement of an item',#723
  );
#723 = NEXT_ASSEMBLY_USAGE_OCCURRENCE('4','=>[0:1:1:5]','',#5,#714,$);
#724 = PRODUCT_RELATED_PRODUCT_CATEGORY('part',$,(#716));
#725 = ADVANCED_BREP_SHAPE_REPRESENTATION('',(#11,#726),#738);
#726 = MANIFOLD_SOLID_BREP('',#727);
#727 = CLOSED_SHELL('',(#728));
#728 = ADVANCED_FACE('',(#729),#733,.T.);
#729 = FACE_BOUND('',#730,.T.);
#730 = VERTEX_LOOP('',#731);
#731 = VERTEX_POINT('',#732);
#732 = CARTESIAN_POINT('',(8.266365894245E-18,-2.024675706594E-33,-0.135
    ));
#733 = SPHERICAL_SURFACE('',#734,0.135);
#734 = AXIS2_PLACEMENT_3D('',#735,#736,#737);
#735 = CARTESIAN_POINT('',(0.,0.,0.));
#736 = DIRECTION('',(0.,0.,1.));
#737 = DIRECTION('',(1.,0.,-0.));
#738 = ( GEOMETRIC_REPRESENTATION_CONTEXT(3) 
GLOBAL_UNCERTAINTY_ASSIGNED_CONTEXT((#742)) GLOBAL_UNIT_ASSIGNED_CONTEXT
((#739,#740,#741)) REPRESENTATION_CONTEXT('Context #1',
  '3D Context with UNIT and UNCERTAINTY') );
#739 = ( LENGTH_UNIT() NAMED_UNIT(*) SI_UNIT(.MILLI.,.METRE.) );
#740 = ( NAMED_UNIT(*) PLANE_ANGLE_UNIT() SI_UNIT($,.RADIAN.) );
#741 = ( NAMED_UNIT(*) SI_UNIT($,.STERADIAN.) SOLID_ANGLE_UNIT() );
#742 = UNCERTAINTY_MEASURE_WITH_UNIT(LENGTH_MEASURE(1.E-07),#739,
  'distance_accuracy_value','confusion accuracy');
#743 = SHAPE_DEFINITION_REPRESENTATION(#744,#725);
#744 = PRODUCT_DEFINITION_SHAPE('','',#745);
#745 = PRODUCT_DEFINITION('design','',#746,#749);
#746 = PRODUCT_DEFINITION_FORMATION('','',#747);
#747 = PRODUCT('A5','A5','',(#748));
#748 = PRODUCT_CONTEXT('',#2,'mechanical');
#749 = PRODUCT_DEFINITION_CONTEXT('part definition',#2,'design');
#750 = CONTEXT_DEPENDENT_SHAPE_REPRESENTATION(#751,#753);
#751 = ( REPRESENTATION_RELATIONSHIP('','',#725,#10) 
REPRESENTATION_RELATIONSHIP_WITH_TRANSFORMATION(#752) 
SHAPE_REPRESENTATION_RELATIONSHIP() );
#752 = ITEM_DEFINED_TRANSFORMATION('','',#11,#31);
#753 = PRODUCT_DEFINITION_SHAPE('Placement','Placement of an item',#754
  );
#754 = NEXT_ASSEMBLY_USAGE_OCCURRENCE('5','=>[0:1:1:6]','',#5,#745,$);
#755 = PRODUCT_RELATED_PRODUCT_CATEGORY('part',$,(#747));
#756 = ADVANCED_BREP_SHAPE_REPRESENTATION('',(#11,#757),#769);
#757 = MANIFOLD_SOLID_BREP('',#758);
#758 = CLOSED_SHELL('',(#759));
#759 = ADVANCED_FACE('',(#760),#764,.T.);
#760 = FACE_BOUND('',#761,.T.);
#761 = VERTEX_LOOP('',#762);
#762 = VERTEX_POINT('',#763);
#763 = CARTESIAN_POINT('',(8.266365894245E-18,-2.024675706594E-33,-0.135
    ));
#764 = SPHERICAL_SURFACE('',#765,0.135);
#765 = AXIS2_PLACEMENT_3D('',#766,#767,#768);
#766 = CARTESIAN_POINT('',(0.,0.,0.));
#767 = DIRECTION('',(0.,0.,1.));
#768 = DIRECTION('',(1.,0.,-0.));
#769 = ( GEOMETRIC_REPRESENTATION_CONTEXT(3) 
GLOBAL_UNCERTAINTY_ASSIGNED_CONTEXT((#773)) GLOBAL_UNIT_ASSIGNED_CONTEXT
((#770,#771,#772)) REPRESENTATION_CONTEXT('Context #1',
  '3D Context with UNIT and UNCERTAINTY') );
#770 = ( LENGTH_UNIT() NAMED_UNIT(*) SI_UNIT(.MILLI.,.METRE.) );
#771 = ( NAMED_UNIT(*) PLANE_ANGLE_UNIT() SI_UNIT($,.RADIAN.) );
#772 = ( NAMED_UNIT(*) SI_UNIT($,.STERADIAN.) SOLID_ANGLE_UNIT() );
#773 = UNCERTAINTY_MEASURE_WITH_UNIT(LENGTH_MEASURE(1.E-07),#770,
  'distance_accuracy_value','confusion accuracy');
#774 = SHAPE_DEFINITION_REPRESENTATION(#775,#756);
#775 = PRODUCT_DEFINITION_SHAPE('','',#776);
#776 = PRODUCT_DEFINITION('design','',#777,#780);
#777 = PRODUCT_DEFINITION_FORMATION('','',#778);
#778 = PRODUCT('A6','A6','',(#779));
#779 = PRODUCT_CONTEXT('',#2,'mechanical');
#780 = PRODUCT_DEFINITION_CONTEXT('part definition',#2,'design');
#781 = CONTEXT_DEPENDENT_SHAPE_REPRESENTATION(#782,#784);
#782 = ( REPRESENTATION_RELATIONSHIP('','',#756,#10) 
REPRESENTATION_RELATIONSHIP_WITH_TRANSFORMATION(#783) 
SHAPE_REPRESENTATION_RELATIONSHIP() );
#783 = ITEM_DEFINED_TRANSFORMATION('','',#11,#35);
#784 = PRODUCT_DEFINITION_SHAPE('Placement','Placement of an item',#785
  );
#785 = NEXT_ASSEMBLY_USAGE_OCCURRENCE('6','=>[0:1:1:7]','',#5,#776,$);
#786 = PRODUCT_RELATED_PRODUCT_CATEGORY('part',$,(#778));
#787 = ADVANCED_BREP_SHAPE_REPRESENTATION('',(#11,#788),#800);
#788 = MANIFOLD_SOLID_BREP('',#789);
#789 = CLOSED_SHELL('',(#790));
#790 = ADVANCED_FACE('',(#791),#795,.T.);
#791 = FACE_BOUND('',#792,.T.);
#792 = VERTEX_LOOP('',#793);
#793 = VERTEX_POINT('',#794);
#794 = CARTESIAN_POINT('',(8.266365894245E-18,-2.024675706594E-33,-0.135
    ));
#795 = SPHERICAL_SURFACE('',#796,0.135);
#796 = AXIS2_PLACEMENT_3D('',#797,#798,#799);
#797 = CARTESIAN_POINT('',(0.,0.,0.));
#798 = DIRECTION('',(0.,0.,1.));
#799 = DIRECTION('',(1.,0.,-0.));
#800 = ( GEOMETRIC_REPRESENTATION_CONTEXT(3) 
GLOBAL_UNCERTAINTY_ASSIGNED_CONTEXT((#804)) GLOBAL_UNIT_ASSIGNED_CONTEXT
((#801,#802,#803)) REPRESENTATION_CONTEXT('Context #1',
  '3D Context with UNIT and UNCERTAINTY') );
#801 = ( LENGTH_UNIT() NAMED_UNIT(*) SI_UNIT(.MILLI.,.METRE.) );
#802 = ( NAMED_UNIT(*) PLANE_ANGLE_UNIT() SI_UNIT($,.RADIAN.) );
#803 = ( NAMED_UNIT(*) SI_UNIT($,.STERADIAN.) SOLID_ANGLE_UNIT() );
#804 = UNCERTAINTY_MEASURE_WITH_UNIT(LENGTH_MEASURE(1.E-07),#801,
  'distance_accuracy_value','confusion accuracy');
#805 = SHAPE_DEFINITION_REPRESENTATION(#806,#787);
#806 = PRODUCT_DEFINITION_SHAPE('','',#807);
#807 = PRODUCT_DEFINITION('design','',#808,#811);
#808 = PRODUCT_DEFINITION_FORMATION('','',#809);
#809 = PRODUCT('A7','A7','',(#810));
#810 = PRODUCT_CONTEXT('',#2,'mechanical');
#811 = PRODUCT_DEFINITION_CONTEXT('part definition',#2,'design');
#812 = CONTEXT_DEPENDENT_SHAPE_REPRESENTATION(#813,#815);
#813 = ( REPRESENTATION_RELATIONSHIP('','',#787,#10) 
REPRESENTATION_RELATIONSHIP_WITH_TRANSFORMATION(#814) 
SHAPE_REPRESENTATION_RELATIONSHIP() );
#814 = ITEM_DEFINED_TRANSFORMATION('','',#11,#39);
#815 = PRODUCT_DEFINITION_SHAPE('Placement','Placement of an item',#816
  );
#816 = NEXT_ASSEMBLY_USAGE_OCCURRENCE('7','=>[0:1:1:8]','',#5,#807,$);
#817 = PRODUCT_RELATED_PRODUCT_CATEGORY('part',$,(#809));
#818 = ADVANCED_BREP_SHAPE_REPRESENTATION('',(#11,#819),#831);
#819 = MANIFOLD_SOLID_BREP('',#820);
#820 = CLOSED_SHELL('',(#821));
#821 = ADVANCED_FACE('',(#822),#826,.T.);
#822 = FACE_BOUND('',#823,.T.);
#823 = VERTEX_LOOP('',#824);
#824 = VERTEX_POINT('',#825);
#825 = CARTESIAN_POINT('',(8.266365894245E-18,-2.024675706594E-33,-0.135
    ));
#826 = SPHERICAL_SURFACE('',#827,0.135);
#827 = AXIS2_PLACEMENT_3D('',#828,#829,#830);
#828 = CARTESIAN_POINT('',(0.,0.,0.));
#829 = DIRECTION('',(0.,0.,1.));
#830 = DIRECTION('',(1.,0.,-0.));
#831 = ( GEOMETRIC_REPRESENTATION_CONTEXT(3) 
GLOBAL_UNCERTAINTY_ASSIGNED_CONTEXT((#835)) GLOBAL_UNIT_ASSIGNED_CONTEXT
((#832,#833,#834)) REPRESENTATION_CONTEXT('Context #1',
  '3D Context with UNIT and UNCERTAINTY') );
#832 = ( LENGTH_UNIT() NAMED_UNIT(*) SI_UNIT(.MILLI.,.METRE.) );
#833 = ( NAMED_UNIT(*) PLANE_ANGLE_UNIT() SI_UNIT($,.RADIAN.) );
#834 = ( NAMED_UNIT(*) SI_UNIT($,.STERADIAN.) SOLID_ANGLE_UNIT() );
#835 = UNCERTAINTY_MEASURE_WITH_UNIT(LENGTH_MEASURE(1.E-07),#832,
  'distance_accuracy_value','confusion accuracy');
#836 = SHAPE_DEFINITION_REPRESENTATION(#837,#818);
#837 = PRODUCT_DEFINITION_SHAPE('','',#838);
#838 = PRODUCT_DEFINITION('design','',#839,#842);
#839 = PRODUCT_DEFINITION_FORMATION('','',#840);
#840 = PRODUCT('A8','A8','',(#841));
#841 = PRODUCT_CONTEXT('',#2,'mechanical');
#842 = PRODUCT_DEFINITION_CONTEXT('part definition',#2,'design');
#843 = CONTEXT_DEPENDENT_SHAPE_REPRESENTATION(#844,#846);
#844 = ( REPRESENTATION_RELATIONSHIP('','',#818,#10) 
REPRESENTATION_RELATIONSHIP_WITH_TRANSFORMATION(#845) 
SHAPE_REPRESENTATION_RELATIONSHIP() );
#845 = ITEM_DEFINED_TRANSFORMATION('','',#11,#43);
#846 = PRODUCT_DEFINITION_SHAPE('Placement','Placement of an item',#847
  );
#847 = NEXT_ASSEMBLY_USAGE_OCCURRENCE('8','=>[0:1:1:9]','',#5,#838,$);
#848 = PRODUCT_RELATED_PRODUCT_CATEGORY('part',$,(#840));
#849 = ADVANCED_BREP_SHAPE_REPRESENTATION('',(#11,#850),#862);
#850 = MANIFOLD_SOLID_BREP('',#851);
#851 = CLOSED_SHELL('',(#852));
#852 = ADVANCED_FACE('',(#853),#857,.T.);
#853 = FACE_BOUND('',#854,.T.);
#854 = VERTEX_LOOP('',#855);
#855 = VERTEX_POINT('',#856);
#856 = CARTESIAN_POINT('',(8.266365894245E-18,-2.024675706594E-33,-0.135
    ));
#857 = SPHERICAL_SURFACE('',#858,0.135);
#858 = AXIS2_PLACEMENT_3D('',#859,#860,#861);
#859 = CARTESIAN_POINT('',(0.,0.,0.));
#860 = DIRECTION('',(0.,0.,1.));
#861 = DIRECTION('',(1.,0.,-0.));
#862 = ( GEOMETRIC_REPRESENTATION_CONTEXT(3) 
GLOBAL_UNCERTAINTY_ASSIGNED_CONTEXT((#866)) GLOBAL_UNIT_ASSIGNED_CONTEXT
((#863,#864,#865)) REPRESENTATION_CONTEXT('Context #1',
  '3D Context with UNIT and UNCERTAINTY') );
#863 = ( LENGTH_UNIT() NAMED_UNIT(*) SI_UNIT(.MILLI.,.METRE.) );
#864 = ( NAMED_UNIT(*) PLANE_ANGLE_UNIT() SI_UNIT($,.RADIAN.) );
#865 = ( NAMED_UNIT(*) SI_UNIT($,.STERADIAN.) SOLID_ANGLE_UNIT() );
#866 = UNCERTAINTY_MEASURE_WITH_UNIT(LENGTH_MEASURE(1.E-07),#863,
  'distance_accuracy_value','confusion accuracy');
#867 = SHAPE_DEFINITION_REPRESENTATION(#868,#849);
#868 = PRODUCT_DEFINITION_SHAPE('','',#869);
#869 = PRODUCT_DEFINITION('design','',#870,#873);
#870 = PRODUCT_DEFINITION_FORMATION('','',#871);
#871 = PRODUCT('A9','A9','',(#872));
#872 = PRODUCT_CONTEXT('',#2,'mechanical');
#873 = PRODUCT_DEFINITION_CONTEXT('part definition',#2,'design');
#874 = CONTEXT_DEPENDENT_SHAPE_REPRESENTATION(#875,#877);
#875 = ( REPRESENTATION_RELATIONSHIP('','',#849,#10) 
REPRESENTATION_RELATIONSHIP_WITH_TRANSFORMATION(#876) 
SHAPE_REPRESENTATION_RELATIONSHIP() );
#876 = ITEM_DEFINED_TRANSFORMATION('','',#11,#47);
#877 = PRODUCT_DEFINITION_SHAPE('Placement','Placement of an item',#878
  );
#878 = NEXT_ASSEMBLY_USAGE_OCCURRENCE('9','=>[0:1:1:10]','',#5,#869,$);
#879 = PRODUCT_RELATED_PRODUCT_CATEGORY('part',$,(#871));
#880 = ADVANCED_BREP_SHAPE_REPRESENTATION('',(#11,#881),#893);
#881 = MANIFOLD_SOLID_BREP('',#882);
#882 = CLOSED_SHELL('',(#883));
#883 = ADVANCED_FACE('',(#884),#888,.T.);
#884 = FACE_BOUND('',#885,.T.);
#885 = VERTEX_LOOP('',#886);
#886 = VERTEX_POINT('',#887);
#887 = CARTESIAN_POINT('',(8.266365894245E-18,-2.024675706594E-33,-0.135
    ));
#888 = SPHERICAL_SURFACE('',#889,0.135);
#889 = AXIS2_PLACEMENT_3D('',#890,#891,#892);
#890 = CARTESIAN_POINT('',(0.,0.,0.));
#891 = DIRECTION('',(0.,0.,1.));
#892 = DIRECTION('',(1.,0.,-0.));
#893 = ( GEOMETRIC_REPRESENTATION_CONTEXT(3) 
GLOBAL_UNCERTAINTY_ASSIGNED_CONTEXT((#897)) GLOBAL_UNIT_ASSIGNED_CONTEXT
((#894,#895,#896)) REPRESENTATION_CONTEXT('Context #1',
  '3D Context with UNIT and UNCERTAINTY') );
#894 = ( LENGTH_UNIT() NAMED_UNIT(*) SI_UNIT(.MILLI.,.METRE.) );
#895 = ( NAMED_UNIT(*) PLANE_ANGLE_UNIT() SI_UNIT($,.RADIAN.) );
#896 = ( NAMED_UNIT(*) SI_UNIT($,.STERADIAN.) SOLID_ANGLE_UNIT() );
#897 = UNCERTAINTY_MEASURE_WITH_UNIT(LENGTH_MEASURE(1.E-07),#894,
  'distance_accuracy_value','confusion accuracy');
#898 = SHAPE_DEFINITION_REPRESENTATION(#899,#880);
#899 = PRODUCT_DEFINITION_SHAPE('','',#900);
#900 = PRODUCT_DEFINITION('design','',#901,#904);
#901 = PRODUCT_DEFINITION_FORMATION('','',#902);
#902 = PRODUCT('A10','A10','',(#903));
#903 = PRODUCT_CONTEXT('',#2,'mechanical');
#904 = PRODUCT_DEFINITION_CONTEXT('part definition',#2,'design');
#905 = CONTEXT_DEPENDENT_SHAPE_REPRESENTATION(#906,#908);
#906 = ( REPRESENTATION_RELATIONSHIP('','',#880,#10) 
REPRESENTATION_RELATIONSHIP_WITH_TRANSFORMATION(#907) 
SHAPE_REPRESENTATION_RELATIONSHIP() );
#907 = ITEM_DEFINED_TRANSFORMATION('','',#11,#51);
#908 = PRODUCT_DEFINITION_SHAPE('Placement','Placement of an item',#909
  );
#909 = NEXT_ASSEMBLY_USAGE_OCCURRENCE('10','=>[0:1:1:11]','',#5,#900,$);
#910 = PRODUCT_RELATED_PRODUCT_CATEGORY('part',$,(#902));
#911 = ADVANCED_BREP_SHAPE_REPRESENTATION('',(#11,#912),#924);
#912 = MANIFOLD_SOLID_BREP('',#913);
#913 = CLOSED_SHELL('',(#914));
#914 = ADVANCED_FACE('',(#915),#919,.T.);
#915 = FACE_BOUND('',#916,.T.);
#916 = VERTEX_LOOP('',#917);
#917 = VERTEX_POINT('',#918);
#918 = CARTESIAN_POINT('',(8.266365894245E-18,-2.024675706594E-33,-0.135
    ));
#919 = SPHERICAL_SURFACE('',#920,0.135);
#920 = AXIS2_PLACEMENT_3D('',#921,#922,#923);
#921 = CARTESIAN_POINT('',(0.,0.,0.));
#922 = DIRECTION('',(0.,0.,1.));
#923 = DIRECTION('',(1.,0.,-0.));
#924 = ( GEOMETRIC_REPRESENTATION_CONTEXT(3) 
GLOBAL_UNCERTAINTY_ASSIGNED_CONTEXT((#928)) GLOBAL_UNIT_ASSIGNED_CONTEXT
((#925,#926,#927)) REPRESENTATION_CONTEXT('Context #1',
  '3D Context with UNIT and UNCERTAINTY') );
#925 = ( LENGTH_UNIT() NAMED_UNIT(*) SI_UNIT(.MILLI.,.METRE.) );
#926 = ( NAMED_UNIT(*) PLANE_ANGLE_UNIT() SI_UNIT($,.RADIAN.) );
#927 = ( NAMED_UNIT(*) SI_UNIT($,.STERADIAN.) SOLID_ANGLE_UNIT() );
#928 = UNCERTAINTY_MEASURE_WITH_UNIT(LENGTH_MEASURE(1.E-07),#925,
  'distance_accuracy_value','confusion accuracy');
#929 = SHAPE_DEFINITION_REPRESENTATION(#930,#911);
#930 = PRODUCT_DEFINITION_SHAPE('','',#931);
#931 = PRODUCT_DEFINITION('design','',#932,#935);
#932 = PRODUCT_DEFINITION_FORMATION('','',#933);
#933 = PRODUCT('A11','A11','',(#934));
#934 = PRODUCT_CONTEXT('',#2,'mechanical');
#935 = PRODUCT_DEFINITION_CONTEXT('part definition',#2,'design');
#936 = CONTEXT_DEPENDENT_SHAPE_REPRESENTATION(#937,#939);
#937 = ( REPRESENTATION_RELATIONSHIP('','',#911,#10) 
REPRESENTATION_RELATIONSHIP_WITH_TRANSFORMATION(#938) 
SHAPE_REPRESENTATION_RELATIONSHIP() );
#938 = ITEM_DEFINED_TRANSFORMATION('','',#11,#55);
#939 = PRODUCT_DEFINITION_SHAPE('Placement','Placement of an item',#940
  );
#940 = NEXT_ASSEMBLY_USAGE_OCCURRENCE('11','=>[0:1:1:12]','',#5,#931,$);
#941 = PRODUCT_RELATED_PRODUCT_CATEGORY('part',$,(#933));
#942 = ADVANCED_BREP_SHAPE_REPRESENTATION('',(#11,#943),#955);
#943 = MANIFOLD_SOLID_BREP('',#944);
#944 = CLOSED_SHELL('',(#945));
#945 = ADVANCED_FACE('',(#946),#950,.T.);
#946 = FACE_BOUND('',#947,.T.);
#947 = VERTEX_LOOP('',#948);
#948 = VERTEX_POINT('',#949);
#949 = CARTESIAN_POINT('',(8.266365894245E-18,-2.024675706594E-33,-0.135
    ));
#950 = SPHERICAL_SURFACE('',#951,0.135);
#951 = AXIS2_PLACEMENT_3D('',#952,#953,#954);
#952 = CARTESIAN_POINT('',(0.,0.,0.));
#953 = DIRECTION('',(0.,0.,1.));
#954 = DIRECTION('',(1.,0.,-0.));
#955 = ( GEOMETRIC_REPRESENTATION_CONTEXT(3) 
GLOBAL_UNCERTAINTY_ASSIGNED_CONTEXT((#959)) GLOBAL_UNIT_ASSIGNED_CONTEXT
((#956,#957,#958)) REPRESENTATION_CONTEXT('Context #1',
  '3D Context with UNIT and UNCERTAINTY') );
#956 = ( LENGTH_UNIT() NAMED_UNIT(*) SI_UNIT(.MILLI.,.METRE.) );
#957 = ( NAMED_UNIT(*) PLANE_ANGLE_UNIT() SI_UNIT($,.RADIAN.) );
#958 = ( NAMED_UNIT(*) SI_UNIT($,.STERADIAN.) SOLID_ANGLE_UNIT() );
#959 = UNCERTAINTY_MEASURE_WITH_UNIT(LENGTH_MEASURE(1.E-07),#956,
  'distance_accuracy_value','confusion accuracy');
#960 = SHAPE_DEFINITION_REPRESENTATION(#961,#942);
#961 = PRODUCT_DEFINITION_SHAPE('','',#962);
#962 = PRODUCT_DEFINITION('design','',#963,#966);
#963 = PRODUCT_DEFINITION_FORMATION('','',#964);
#964 = PRODUCT('A12','A12','',(#965));
#965 = PRODUCT_CONTEXT('',#2,'mechanical');
#966 = PRODUCT_DEFINITION_CONTEXT('part definition',#2,'design');
#967 = CONTEXT_DEPENDENT_SHAPE_REPRESENTATION(#968,#970);
#968 = ( REPRESENTATION_RELATIONSHIP('','',#942,#10) 
REPRESENTATION_RELATIONSHIP_WITH_TRANSFORMATION(#969) 
SHAPE_REPRESENTATION_RELATIONSHIP() );
#969 = ITEM_DEFINED_TRANSFORMATION('','',#11,#59);
#970 = PRODUCT_DEFINITION_SHAPE('Placement','Placement of an item',#971
  );
#971 = NEXT_ASSEMBLY_USAGE_OCCURRENCE('12','=>[0:1:1:13]','',#5,#962,$);
#972 = PRODUCT_RELATED_PRODUCT_CATEGORY('part',$,(#964));
#973 = ADVANCED_BREP_SHAPE_REPRESENTATION('',(#11,#974),#986);
#974 = MANIFOLD_SOLID_BREP('',#975);
#975 = CLOSED_SHELL('',(#976));
#976 = ADVANCED_FACE('',(#977),#981,.T.);
#977 = FACE_BOUND('',#978,.T.);
#978 = VERTEX_LOOP('',#979);
#979 = VERTEX_POINT('',#980);
#980 = CARTESIAN_POINT('',(8.266365894245E-18,-2.024675706594E-33,-0.135
    ));
#981 = SPHERICAL_SURFACE('',#982,0.135);
#982 = AXIS2_PLACEMENT_3D('',#983,#984,#985);
#983 = CARTESIAN_POINT('',(0.,0.,0.));
#984 = DIRECTION('',(0.,0.,1.));
#985 = DIRECTION('',(1.,0.,-0.));
#986 = ( GEOMETRIC_REPRESENTATION_CONTEXT(3) 
GLOBAL_UNCERTAINTY_ASSIGNED_CONTEXT((#990)) GLOBAL_UNIT_ASSIGNED_CONTEXT
((#987,#988,#989)) REPRESENTATION_CONTEXT('Context #1',
  '3D Context with UNIT and UNCERTAINTY') );
#987 = ( LENGTH_UNIT() NAMED_UNIT(*) SI_UNIT(.MILLI.,.METRE.) );
#988 = ( NAMED_UNIT(*) PLANE_ANGLE_UNIT() SI_UNIT($,.RADIAN.) );
#989 = ( NAMED_UNIT(*) SI_UNIT($,.STERADIAN.) SOLID_ANGLE_UNIT() );
#990 = UNCERTAINTY_MEASURE_WITH_UNIT(LENGTH_MEASURE(1.E-07),#987,
  'distance_accuracy_value','confusion accuracy');
#991 = SHAPE_DEFINITION_REPRESENTATION(#992,#973);
#992 = PRODUCT_DEFINITION_SHAPE('','',#993);
#993 = PRODUCT_DEFINITION('design','',#994,#997);
#994 = PRODUCT_DEFINITION_FORMATION('','',#995);
#995 = PRODUCT('A13','A13','',(#996));
#996 = PRODUCT_CONTEXT('',#2,'mechanical');
#997 = PRODUCT_DEFINITION_CONTEXT('part definition',#2,'design');
#998 = CONTEXT_DEPENDENT_SHAPE_REPRESENTATION(#999,#1001);
#999 = ( REPRESENTATION_RELATIONSHIP('','',#973,#10) 
REPRESENTATION_RELATIONSHIP_WITH_TRANSFORMATION(#1000) 
SHAPE_REPRESENTATION_RELATIONSHIP() );
#1000 = ITEM_DEFINED_TRANSFORMATION('','',#11,#63);
#1001 = PRODUCT_DEFINITION_SHAPE('Placement','Placement of an item',
  #1002);
#1002 = NEXT_ASSEMBLY_USAGE_OCCURRENCE('13','=>[0:1:1:14]','',#5,#993,$
  );
#1003 = PRODUCT_RELATED_PRODUCT_CATEGORY('part',$,(#995));
#1004 = ADVANCED_BREP_SHAPE_REPRESENTATION('',(#11,#1005),#1017);
#1005 = MANIFOLD_SOLID_BREP('',#1006);
#1006 = CLOSED_SHELL('',(#1007));
#1007 = ADVANCED_FACE('',(#1008),#1012,.T.);
#1008 = FACE_BOUND('',#1009,.T.);
#1009 = VERTEX_LOOP('',#1010);
#1010 = VERTEX_POINT('',#1011);
#1011 = CARTESIAN_POINT('',(8.266365894245E-18,-2.024675706594E-33,
    -0.135));
#1012 = SPHERICAL_SURFACE('',#1013,0.135);
#1013 = AXIS2_PLACEMENT_3D('',#1014,#1015,#1016);
#1014 = CARTESIAN_POINT('',(0.,0.,0.));
#1015 = DIRECTION('',(0.,0.,1.));
#1016 = DIRECTION('',(1.,0.,-0.));
#1017 = ( GEOMETRIC_REPRESENTATION_CONTEXT(3) 
GLOBAL_UNCERTAINTY_ASSIGNED_CONTEXT((#1021)) 
GLOBAL_UNIT_ASSIGNED_CONTEXT((#1018,#1019,#1020)) REPRESENTATION_CONTEXT
('Context #1','3D Context with UNIT and UNCERTAINTY') );
#1018 = ( LENGTH_UNIT() NAMED_UNIT(*) SI_UNIT(.MILLI.,.METRE.) );
#1019 = ( NAMED_UNIT(*) PLANE_ANGLE_UNIT() SI_UNIT($,.RADIAN.) );
#1020 = ( NAMED_UNIT(*) SI_UNIT($,.STERADIAN.) SOLID_ANGLE_UNIT() );
#1021 = UNCERTAINTY_MEASURE_WITH_UNIT(LENGTH_MEASURE(1.E-07),#1018,
  'distance_accuracy_value','confusion accuracy');
#1022 = SHAPE_DEFINITION_REPRESENTATION(#1023,#1004);
#1023 = PRODUCT_DEFINITION_SHAPE('','',#1024);
#1024 = PRODUCT_DEFINITION('design','',#1025,#1028);
#1025 = PRODUCT_DEFINITION_FORMATION('','',#1026);
#1026 = PRODUCT('B1','B1','',(#1027));
#1027 = PRODUCT_CONTEXT('',#2,'mechanical');
#1028 = PRODUCT_DEFINITION_CONTEXT('part definition',#2,'design');
#1029 = CONTEXT_DEPENDENT_SHAPE_REPRESENTATION(#1030,#1032);
#1030 = ( REPRESENTATION_RELATIONSHIP('','',#1004,#10) 
REPRESENTATION_RELATIONSHIP_WITH_TRANSFORMATION(#1031) 
SHAPE_REPRESENTATION_RELATIONSHIP() );
#1031 = ITEM_DEFINED_TRANSFORMATION('','',#11,#67);
#1032 = PRODUCT_DEFINITION_SHAPE('Placement','Placement of an item',
  #1033);
#1033 = NEXT_ASSEMBLY_USAGE_OCCURRENCE('14','=>[0:1:1:15]','',#5,#1024,$
  );
#1034 = PRODUCT_RELATED_PRODUCT_CATEGORY('part',$,(#1026));
#1035 = ADVANCED_BREP_SHAPE_REPRESENTATION('',(#11,#1036),#1048);
#1036 = MANIFOLD_SOLID_BREP('',#1037);
#1037 = CLOSED_SHELL('',(#1038));
#1038 = ADVANCED_FACE('',(#1039),#1043,.T.);
#1039 = FACE_BOUND('',#1040,.T.);
#1040 = VERTEX_LOOP('',#1041);
#1041 = VERTEX_POINT('',#1042);
#1042 = CARTESIAN_POINT('',(8.266365894245E-18,-2.024675706594E-33,
    -0.135));
#1043 = SPHERICAL_SURFACE('',#1044,0.135);
#1044 = AXIS2_PLACEMENT_3D('',#1045,#1046,#1047);
#1045 = CARTESIAN_POINT('',(0.,0.,0.));
#1046 = DIRECTION('',(0.,0.,1.));
#1047 = DIRECTION('',(1.,0.,-0.));
#1048 = ( GEOMETRIC_REPRESENTATION_CONTEXT(3) 
GLOBAL_UNCERTAINTY_ASSIGNED_CONTEXT((#1052)) 
GLOBAL_UNIT_ASSIGNED_CONTEXT((#1049,#1050,#1051)) REPRESENTATION_CONTEXT
('Context #1','3D Context with UNIT and UNCERTAINTY') );
#1049 = ( LENGTH_UNIT() NAMED_UNIT(*) SI_UNIT(.MILLI.,.METRE.) );
#1050 = ( NAMED_UNIT(*) PLANE_ANGLE_UNIT() SI_UNIT($,.RADIAN.) );
#1051 = ( NAMED_UNIT(*) SI_UNIT($,.STERADIAN.) SOLID_ANGLE_UNIT() );
#1052 = UNCERTAINTY_MEASURE_WITH_UNIT(LENGTH_MEASURE(1.E-07),#1049,
  'distance_accuracy_value','confusion accuracy');
#1053 = SHAPE_DEFINITION_REPRESENTATION(#1054,#1035);
#1054 = PRODUCT_DEFINITION_SHAPE('','',#1055);
#1055 = PRODUCT_DEFINITION('design','',#1056,#1059);
#1056 = PRODUCT_DEFINITION_FORMATION('','',#1057);
#1057 = PRODUCT('B2','B2','',(#1058));
#1058 = PRODUCT_CONTEXT('',#2,'mechanical');
#1059 = PRODUCT_DEFINITION_CONTEXT('part definition',#2,'design');
#1060 = CONTEXT_DEPENDENT_SHAPE_REPRESENTATION(#1061,#1063);
#1061 = ( REPRESENTATION_RELATIONSHIP('','',#1035,#10) 
REPRESENTATION_RELATIONSHIP_WITH_TRANSFORMATION(#1062) 
SHAPE_REPRESENTATION_RELATIONSHIP() );
#1062 = ITEM_DEFINED_TRANSFORMATION('','',#11,#71);
#1063 = PRODUCT_DEFINITION_SHAPE('Placement','Placement of an item',
  #1064);
#1064 = NEXT_ASSEMBLY_USAGE_OCCURRENCE('15','=>[0:1:1:16]','',#5,#1055,$
  );
#1065 = PRODUCT_RELATED_PRODUCT_CATEGORY('part',$,(#1057));
#1066 = ADVANCED_BREP_SHAPE_REPRESENTATION('',(#11,#1067),#1079);
#1067 = MANIFOLD_SOLID_BREP('',#1068);
#1068 = CLOSED_SHELL('',(#1069));
#1069 = ADVANCED_FACE('',(#1070),#1074,.T.);
#1070 = FACE_BOUND('',#1071,.T.);
#1071 = VERTEX_LOOP('',#1072);
#1072 = VERTEX_POINT('',#1073);
#1073 = CARTESIAN_POINT('',(8.266365894245E-18,-2.024675706594E-33,
    -0.135));
#1074 = SPHERICAL_SURFACE('',#1075,0.135);
#1075 = AXIS2_PLACEMENT_3D('',#1076,#1077,#1078);
#1076 = CARTESIAN_POINT('',(0.,0.,0.));
#1077 = DIRECTION('',(0.,0.,1.));
#1078 = DIRECTION('',(1.,0.,-0.));
#1079 = ( GEOMETRIC_REPRESENTATION_CONTEXT(3) 
GLOBAL_UNCERTAINTY_ASSIGNED_CONTEXT((#1083)) 
GLOBAL_UNIT_ASSIGNED_CONTEXT((#1080,#1081,#1082)) REPRESENTATION_CONTEXT
('Context #1','3D Context with UNIT and UNCERTAINTY') );
#1080 = ( LENGTH_UNIT() NAMED_UNIT(*) SI_UNIT(.MILLI.,.METRE.) );
#1081 = ( NAMED_UNIT(*) PLANE_ANGLE_UNIT() SI_UNIT($,.RADIAN.) );
#1082 = ( NAMED_UNIT(*) SI_UNIT($,.STERADIAN.) SOLID_ANGLE_UNIT() );
#1083 = UNCERTAINTY_MEASURE_WITH_UNIT(LENGTH_MEASURE(1.E-07),#1080,
  'distance_accuracy_value','confusion accuracy');
#1084 = SHAPE_DEFINITION_REPRESENTATION(#1085,#1066);
#1085 = PRODUCT_DEFINITION_SHAPE('','',#1086);
#1086 = PRODUCT_DEFINITION('design','',#1087,#1090);
#1087 = PRODUCT_DEFINITION_FORMATION('','',#1088);
#1088 = PRODUCT('B3','B3','',(#1089));
#1089 = PRODUCT_CONTEXT('',#2,'mechanical');
#1090 = PRODUCT_DEFINITION_CONTEXT('part definition',#2,'design');
#1091 = CONTEXT_DEPENDENT_SHAPE_REPRESENTATION(#1092,#1094);
#1092 = ( REPRESENTATION_RELATIONSHIP('','',#1066,#10) 
REPRESENTATION_RELATIONSHIP_WITH_TRANSFORMATION(#1093) 
SHAPE_REPRESENTATION_RELATIONSHIP() );
#1093 = ITEM_DEFINED_TRANSFORMATION('','',#11,#75);
#1094 = PRODUCT_DEFINITION_SHAPE('Placement','Placement of an item',
  #1095);
#1095 = NEXT_ASSEMBLY_USAGE_OCCURRENCE('16','=>[0:1:1:17]','',#5,#1086,$
  );
#1096 = PRODUCT_RELATED_PRODUCT_CATEGORY('part',$,(#1088));
#1097 = ADVANCED_BREP_SHAPE_REPRESENTATION('',(#11,#1098),#1110);
#1098 = MANIFOLD_SOLID_BREP('',#1099);
#1099 = CLOSED_SHELL('',(#1100));
#1100 = ADVANCED_FACE('',(#1101),#1105,.T.);
#1101 = FACE_BOUND('',#1102,.T.);
#1102 = VERTEX_LOOP('',#1103);
#1103 = VERTEX_POINT('',#1104);
#1104 = CARTESIAN_POINT('',(8.266365894245E-18,-2.024675706594E-33,
    -0.135));
#1105 = SPHERICAL_SURFACE('',#1106,0.135);
#1106 = AXIS2_PLACEMENT_3D('',#1107,#1108,#1109);
#1107 = CARTESIAN_POINT('',(0.,0.,0.));
#1108 = DIRECTION('',(0.,0.,1.));
#1109 = DIRECTION('',(1.,0.,-0.));
#1110 = ( GEOMETRIC_REPRESENTATION_CONTEXT(3) 
GLOBAL_UNCERTAINTY_ASSIGNED_CONTEXT((#1114)) 
GLOBAL_UNIT_ASSIGNED_CONTEXT((#1111,#1112,#1113)) REPRESENTATION_CONTEXT
('Context #1','3D Context with UNIT and UNCERTAINTY') );
#1111 = ( LENGTH_UNIT() NAMED_UNIT(*) SI_UNIT(.MILLI.,.METRE.) );
#1112 = ( NAMED_UNIT(*) PLANE_ANGLE_UNIT() SI_UNIT($,.RADIAN.) );
#1113 = ( NAMED_UNIT(*) SI_UNIT($,.STERADIAN.) SOLID_ANGLE_UNIT() );
#1114 = UNCERTAINTY_MEASURE_WITH_UNIT(LENGTH_MEASURE(1.E-07),#1111,
  'distance_accuracy_value','confusion accuracy');
#1115 = SHAPE_DEFINITION_REPRESENTATION(#1116,#1097);
#1116 = PRODUCT_DEFINITION_SHAPE('','',#1117);
#1117 = PRODUCT_DEFINITION('design','',#1118,#1121);
#1118 = PRODUCT_DEFINITION_FORMATION('','',#1119);
#1119 = PRODUCT('B4','B4','',(#1120));
#1120 = PRODUCT_CONTEXT('',#2,'mechanical');
#1121 = PRODUCT_DEFINITION_CONTEXT('part definition',#2,'design');
#1122 = CONTEXT_DEPENDENT_SHAPE_REPRESENTATION(#1123,#1125);
#1123 = ( REPRESENTATION_RELATIONSHIP('','',#1097,#10) 
REPRESENTATION_RELATIONSHIP_WITH_TRANSFORMATION(#1124) 
SHAPE_REPRESENTATION_RELATIONSHIP() );
#1124 = ITEM_DEFINED_TRANSFORMATION('','',#11,#79);
#1125 = PRODUCT_DEFINITION_SHAPE('Placement','Placement of an item',
  #1126);
#1126 = NEXT_ASSEMBLY_USAGE_OCCURRENCE('17','=>[0:1:1:18]','',#5,#1117,$
  );
#1127 = PRODUCT_RELATED_PRODUCT_CATEGORY('part',$,(#1119));
#1128 = ADVANCED_BREP_SHAPE_REPRESENTATION('',(#11,#1129),#1141);
#1129 = MANIFOLD_SOLID_BREP('',#1130);
#1130 = CLOSED_SHELL('',(#1131));
#1131 = ADVANCED_FACE('',(#1132),#1136,.T.);
#1132 = FACE_BOUND('',#1133,.T.);
#1133 = VERTEX_LOOP('',#1134);
#1134 = VERTEX_POINT('',#1135);
#1135 = CARTESIAN_POINT('',(8.266365894245E-18,-2.024675706594E-33,
    -0.135));
#1136 = SPHERICAL_SURFACE('',#1137,0.135);
#1137 = AXIS2_PLACEMENT_3D('',#1138,#1139,#1140);
#1138 = CARTESIAN_POINT('',(0.,0.,0.));
#1139 = DIRECTION('',(0.,0.,1.));
#1140 = DIRECTION('',(1.,0.,-0.));
#1141 = ( GEOMETRIC_REPRESENTATION_CONTEXT(3) 
GLOBAL_UNCERTAINTY_ASSIGNED_CONTEXT((#1145)) 
GLOBAL_UNIT_ASSIGNED_CONTEXT((#1142,#1143,#1144)) REPRESENTATION_CONTEXT
('Context #1','3D Context with UNIT and UNCERTAINTY') );
#1142 = ( LENGTH_UNIT() NAMED_UNIT(*) SI_UNIT(.MILLI.,.METRE.) );
#1143 = ( NAMED_UNIT(*) PLANE_ANGLE_UNIT() SI_UNIT($,.RADIAN.) );
#1144 = ( NAMED_UNIT(*) SI_UNIT($,.STERADIAN.) SOLID_ANGLE_UNIT() );
#1145 = UNCERTAINTY_MEASURE_WITH_UNIT(LENGTH_MEASURE(1.E-07),#1142,
  'distance_accuracy_value','confusion accuracy');
#1146 = SHAPE_DEFINITION_REPRESENTATION(#1147,#1128);
#1147 = PRODUCT_DEFINITION_SHAPE('','',#1148);
#1148 = PRODUCT_DEFINITION('design','',#1149,#1152);
#1149 = PRODUCT_DEFINITION_FORMATION('','',#1150);
#1150 = PRODUCT('B5','B5','',(#1151));
#1151 = PRODUCT_CONTEXT('',#2,'mechanical');
#1152 = PRODUCT_DEFINITION_CONTEXT('part definition',#2,'design');
#1153 = CONTEXT_DEPENDENT_SHAPE_REPRESENTATION(#1154,#1156);
#1154 = ( REPRESENTATION_RELATIONSHIP('','',#1128,#10) 
REPRESENTATION_RELATIONSHIP_WITH_TRANSFORMATION(#1155) 
SHAPE_REPRESENTATION_RELATIONSHIP() );
#1155 = ITEM_DEFINED_TRANSFORMATION('','',#11,#83);
#1156 = PRODUCT_DEFINITION_SHAPE('Placement','Placement of an item',
  #1157);
#1157 = NEXT_ASSEMBLY_USAGE_OCCURRENCE('18','=>[0:1:1:19]','',#5,#1148,$
  );
#1158 = PRODUCT_RELATED_PRODUCT_CATEGORY('part',$,(#1150));
#1159 = ADVANCED_BREP_SHAPE_REPRESENTATION('',(#11,#1160),#1172);
#1160 = MANIFOLD_SOLID_BREP('',#1161);
#1161 = CLOSED_SHELL('',(#1162));
#1162 = ADVANCED_FACE('',(#1163),#1167,.T.);
#1163 = FACE_BOUND('',#1164,.T.);
#1164 = VERTEX_LOOP('',#1165);
#1165 = VERTEX_POINT('',#1166);
#1166 = CARTESIAN_POINT('',(8.266365894245E-18,-2.024675706594E-33,
    -0.135));
#1167 = SPHERICAL_SURFACE('',#1168,0.135);
#1168 = AXIS2_PLACEMENT_3D('',#1169,#1170,#1171);
#1169 = CARTESIAN_POINT('',(0.,0.,0.));
#1170 = DIRECTION('',(0.,0.,1.));
#1171 = DIRECTION('',(1.,0.,-0.));
#1172 = ( GEOMETRIC_REPRESENTATION_CONTEXT(3) 
GLOBAL_UNCERTAINTY_ASSIGNED_CONTEXT((#1176)) 
GLOBAL_UNIT_ASSIGNED_CONTEXT((#1173,#1174,#1175)) REPRESENTATION_CONTEXT
('Context #1','3D Context with UNIT and UNCERTAINTY') );
#1173 = ( LENGTH_UNIT() NAMED_UNIT(*) SI_UNIT(.MILLI.,.METRE.) );
#1174 = ( NAMED_UNIT(*) PLANE_ANGLE_UNIT() SI_UNIT($,.RADIAN.) );
#1175 = ( NAMED_UNIT(*) SI_UNIT($,.STERADIAN.) SOLID_ANGLE_UNIT() );
#1176 = UNCERTAINTY_MEASURE_WITH_UNIT(LENGTH_MEASURE(1.E-07),#1173,
  'distance_accuracy_value','confusion accuracy');
#1177 = SHAPE_DEFINITION_REPRESENTATION(#1178,#1159);
#1178 = PRODUCT_DEFINITION_SHAPE('','',#1179);
#1179 = PRODUCT_DEFINITION('design','',#1180,#1183);
#1180 = PRODUCT_DEFINITION_FORMATION('','',#1181);
#1181 = PRODUCT('B6','B6','',(#1182));
#1182 = PRODUCT_CONTEXT('',#2,'mechanical');
#1183 = PRODUCT_DEFINITION_CONTEXT('part definition',#2,'design');
#1184 = CONTEXT_DEPENDENT_SHAPE_REPRESENTATION(#1185,#1187);
#1185 = ( REPRESENTATION_RELATIONSHIP('','',#1159,#10) 
REPRESENTATION_RELATIONSHIP_WITH_TRANSFORMATION(#1186) 
SHAPE_REPRESENTATION_RELATIONSHIP() );
#1186 = ITEM_DEFINED_TRANSFORMATION('','',#11,#87);
#1187 = PRODUCT_DEFINITION_SHAPE('Placement','Placement of an item',
  #1188);
#1188 = NEXT_ASSEMBLY_USAGE_OCCURRENCE('19','=>[0:1:1:20]','',#5,#1179,$
  );
#1189 = PRODUCT_RELATED_PRODUCT_CATEGORY('part',$,(#1181));
#1190 = ADVANCED_BREP_SHAPE_REPRESENTATION('',(#11,#1191),#1203);
#1191 = MANIFOLD_SOLID_BREP('',#1192);
#1192 = CLOSED_SHELL('',(#1193));
#1193 = ADVANCED_FACE('',(#1194),#1198,.T.);
#1194 = FACE_BOUND('',#1195,.T.);
#1195 = VERTEX_LOOP('',#1196);
#1196 = VERTEX_POINT('',#1197);
#1197 = CARTESIAN_POINT('',(8.266365894245E-18,-2.024675706594E-33,
    -0.135));
#1198 = SPHERICAL_SURFACE('',#1199,0.135);
#1199 = AXIS2_PLACEMENT_3D('',#1200,#1201,#1202);
#1200 = CARTESIAN_POINT('',(0.,0.,0.));
#1201 = DIRECTION('',(0.,0.,1.));
#1202 = DIRECTION('',(1.,0.,-0.));
#1203 = ( GEOMETRIC_REPRESENTATION_CONTEXT(3) 
GLOBAL_UNCERTAINTY_ASSIGNED_CONTEXT((#1207)) 
GLOBAL_UNIT_ASSIGNED_CONTEXT((#1204,#1205,#1206)) REPRESENTATION_CONTEXT
('Context #1','3D Context with UNIT and UNCERTAINTY') );
#1204 = ( LENGTH_UNIT() NAMED_UNIT(*) SI_UNIT(.MILLI.,.METRE.) );
#1205 = ( NAMED_UNIT(*) PLANE_ANGLE_UNIT() SI_UNIT($,.RADIAN.) );
#1206 = ( NAMED_UNIT(*) SI_UNIT($,.STERADIAN.) SOLID_ANGLE_UNIT() );
#1207 = UNCERTAINTY_MEASURE_WITH_UNIT(LENGTH_MEASURE(1.E-07),#1204,
  'distance_accuracy_value','confusion accuracy');
#1208 = SHAPE_DEFINITION_REPRESENTATION(#1209,#1190);
#1209 = PRODUCT_DEFINITION_SHAPE('','',#1210);
#1210 = PRODUCT_DEFINITION('design','',#1211,#1214);
#1211 = PRODUCT_DEFINITION_FORMATION('','',#1212);
#1212 = PRODUCT('B7','B7','',(#1213));
#1213 = PRODUCT_CONTEXT('',#2,'mechanical');
#1214 = PRODUCT_DEFINITION_CONTEXT('part definition',#2,'design');
#1215 = CONTEXT_DEPENDENT_SHAPE_REPRESENTATION(#1216,#1218);
#1216 = ( REPRESENTATION_RELATIONSHIP('','',#1190,#10) 
REPRESENTATION_RELATIONSHIP_WITH_TRANSFORMATION(#1217) 
SHAPE_REPRESENTATION_RELATIONSHIP() );
#1217 = ITEM_DEFINED_TRANSFORMATION('','',#11,#91);
#1218 = PRODUCT_DEFINITION_SHAPE('Placement','Placement of an item',
  #1219);
#1219 = NEXT_ASSEMBLY_USAGE_OCCURRENCE('20','=>[0:1:1:21]','',#5,#1210,$
  );
#1220 = PRODUCT_RELATED_PRODUCT_CATEGORY('part',$,(#1212));
#1221 = ADVANCED_BREP_SHAPE_REPRESENTATION('',(#11,#1222),#1234);
#1222 = MANIFOLD_SOLID_BREP('',#1223);
#1223 = CLOSED_SHELL('',(#1224));
#1224 = ADVANCED_FACE('',(#1225),#1229,.T.);
#1225 = FACE_BOUND('',#1226,.T.);
#1226 = VERTEX_LOOP('',#1227);
#1227 = VERTEX_POINT('',#1228);
#1228 = CARTESIAN_POINT('',(8.266365894245E-18,-2.024675706594E-33,
    -0.135));
#1229 = SPHERICAL_SURFACE('',#1230,0.135);
#1230 = AXIS2_PLACEMENT_3D('',#1231,#1232,#1233);
#1231 = CARTESIAN_POINT('',(0.,0.,0.));
#1232 = DIRECTION('',(0.,0.,1.));
#1233 = DIRECTION('',(1.,0.,-0.));
#1234 = ( GEOMETRIC_REPRESENTATION_CONTEXT(3) 
GLOBAL_UNCERTAINTY_ASSIGNED_CONTEXT((#1238)) 
GLOBAL_UNIT_ASSIGNED_CONTEXT((#1235,#1236,#1237)) REPRESENTATION_CONTEXT
('Context #1','3D Context with UNIT and UNCERTAINTY') );
#1235 = ( LENGTH_UNIT() NAMED_UNIT(*) SI_UNIT(.MILLI.,.METRE.) );
#1236 = ( NAMED_UNIT(*) PLANE_ANGLE_UNIT() SI_UNIT($,.RADIAN.) );
#1237 = ( NAMED_UNIT(*) SI_UNIT($,.STERADIAN.) SOLID_ANGLE_UNIT() );
#1238 = UNCERTAINTY_MEASURE_WITH_UNIT(LENGTH_MEASURE(1.E-07),#1235,
  'distance_accuracy_value','confusion accuracy');
#1239 = SHAPE_DEFINITION_REPRESENTATION(#1240,#1221);
#1240 = PRODUCT_DEFINITION_SHAPE('','',#1241);
#1241 = PRODUCT_DEFINITION('design','',#1242,#1245);
#1242 = PRODUCT_DEFINITION_FORMATION('','',#1243);
#1243 = PRODUCT('B8','B8','',(#1244));
#1244 = PRODUCT_CONTEXT('',#2,'mechanical');
#1245 = PRODUCT_DEFINITION_CONTEXT('part definition',#2,'design');
#1246 = CONTEXT_DEPENDENT_SHAPE_REPRESENTATION(#1247,#1249);
#1247 = ( REPRESENTATION_RELATIONSHIP('','',#1221,#10) 
REPRESENTATION_RELATIONSHIP_WITH_TRANSFORMATION(#1248) 
SHAPE_REPRESENTATION_RELATIONSHIP() );
#1248 = ITEM_DEFINED_TRANSFORMATION('','',#11,#95);
#1249 = PRODUCT_DEFINITION_SHAPE('Placement','Placement of an item',
  #1250);
#1250 = NEXT_ASSEMBLY_USAGE_OCCURRENCE('21','=>[0:1:1:22]','',#5,#1241,$
  );
#1251 = PRODUCT_RELATED_PRODUCT_CATEGORY('part',$,(#1243));
#1252 = ADVANCED_BREP_SHAPE_REPRESENTATION('',(#11,#1253),#1265);
#1253 = MANIFOLD_SOLID_BREP('',#1254);
#1254 = CLOSED_SHELL('',(#1255));
#1255 = ADVANCED_FACE('',(#1256),#1260,.T.);
#1256 = FACE_BOUND('',#1257,.T.);
#1257 = VERTEX_LOOP('',#1258);
#1258 = VERTEX_POINT('',#1259);
#1259 = CARTESIAN_POINT('',(8.266365894245E-18,-2.024675706594E-33,
    -0.135));
#1260 = SPHERICAL_SURFACE('',#1261,0.135);
#1261 = AXIS2_PLACEMENT_3D('',#1262,#1263,#1264);
#1262 = CARTESIAN_POINT('',(0.,0.,0.));
#1263 = DIRECTION('',(0.,0.,1.));
#1264 = DIRECTION('',(1.,0.,-0.));
#1265 = ( GEOMETRIC_REPRESENTATION_CONTEXT(3) 
GLOBAL_UNCERTAINTY_ASSIGNED_CONTEXT((#1269)) 
GLOBAL_UNIT_ASSIGNED_CONTEXT((#1266,#1267,#1268)) REPRESENTATION_CONTEXT
('Context #1','3D Context with UNIT and UNCERTAINTY') );
#1266 = ( LENGTH_UNIT() NAMED_UNIT(*) SI_UNIT(.MILLI.,.METRE.) );
#1267 = ( NAMED_UNIT(*) PLANE_ANGLE_UNIT() SI_UNIT($,.RADIAN.) );
#1268 = ( NAMED_UNIT(*) SI_UNIT($,.STERADIAN.) SOLID_ANGLE_UNIT() );
#1269 = UNCERTAINTY_MEASURE_WITH_UNIT(LENGTH_MEASURE(1.E-07),#1266,
  'distance_accuracy_value','confusion accuracy');
#1270 = SHAPE_DEFINITION_REPRESENTATION(#1271,#1252);
#1271 = PRODUCT_DEFINITION_SHAPE('','',#1272);
#1272 = PRODUCT_DEFINITION('design','',#1273,#1276);
#1273 = PRODUCT_DEFINITION_FORMATION('','',#1274);
#1274 = PRODUCT('B9','B9','',(#1275));
#1275 = PRODUCT_CONTEXT('',#2,'mechanical');
#1276 = PRODUCT_DEFINITION_CONTEXT('part definition',#2,'design');
#1277 = CONTEXT_DEPENDENT_SHAPE_REPRESENTATION(#1278,#1280);
#1278 = ( REPRESENTATION_RELATIONSHIP('','',#1252,#10) 
REPRESENTATION_RELATIONSHIP_WITH_TRANSFORMATION(#1279) 
SHAPE_REPRESENTATION_RELATIONSHIP() );
#1279 = ITEM_DEFINED_TRANSFORMATION('','',#11,#99);
#1280 = PRODUCT_DEFINITION_SHAPE('Placement','Placement of an item',
  #1281);
#1281 = NEXT_ASSEMBLY_USAGE_OCCURRENCE('22','=>[0:1:1:23]','',#5,#1272,$
  );
#1282 = PRODUCT_RELATED_PRODUCT_CATEGORY('part',$,(#1274));
#1283 = ADVANCED_BREP_SHAPE_REPRESENTATION('',(#11,#1284),#1296);
#1284 = MANIFOLD_SOLID_BREP('',#1285);
#1285 = CLOSED_SHELL('',(#1286));
#1286 = ADVANCED_FACE('',(#1287),#1291,.T.);
#1287 = FACE_BOUND('',#1288,.T.);
#1288 = VERTEX_LOOP('',#1289);
#1289 = VERTEX_POINT('',#1290);
#1290 = CARTESIAN_POINT('',(8.266365894245E-18,-2.024675706594E-33,
    -0.135));
#1291 = SPHERICAL_SURFACE('',#1292,0.135);
#1292 = AXIS2_PLACEMENT_3D('',#1293,#1294,#1295);
#1293 = CARTESIAN_POINT('',(0.,0.,0.));
#1294 = DIRECTION('',(0.,0.,1.));
#1295 = DIRECTION('',(1.,0.,-0.));
#1296 = ( GEOMETRIC_REPRESENTATION_CONTEXT(3) 
GLOBAL_UNCERTAINTY_ASSIGNED_CONTEXT((#1300)) 
GLOBAL_UNIT_ASSIGNED_CONTEXT((#1297,#1298,#1299)) REPRESENTATION_CONTEXT
('Context #1','3D Context with UNIT and UNCERTAINTY') );
#1297 = ( LENGTH_UNIT() NAMED_UNIT(*) SI_UNIT(.MILLI.,.METRE.) );
#1298 = ( NAMED_UNIT(*) PLANE_ANGLE_UNIT() SI_UNIT($,.RADIAN.) );
#1299 = ( NAMED_UNIT(*) SI_UNIT($,.STERADIAN.) SOLID_ANGLE_UNIT() );
#1300 = UNCERTAINTY_MEASURE_WITH_UNIT(LENGTH_MEASURE(1.E-07),#1297,
  'distance_accuracy_value','confusion accuracy');
#1301 = SHAPE_DEFINITION_REPRESENTATION(#1302,#1283);
#1302 = PRODUCT_DEFINITION_SHAPE('','',#1303);
#1303 = PRODUCT_DEFINITION('design','',#1304,#1307);
#1304 = PRODUCT_DEFINITION_FORMATION('','',#1305);
#1305 = PRODUCT('B10','B10','',(#1306));
#1306 = PRODUCT_CONTEXT('',#2,'mechanical');
#1307 = PRODUCT_DEFINITION_CONTEXT('part definition',#2,'design');
#1308 = CONTEXT_DEPENDENT_SHAPE_REPRESENTATION(#1309,#1311);
#1309 = ( REPRESENTATION_RELATIONSHIP('','',#1283,#10) 
REPRESENTATION_RELATIONSHIP_WITH_TRANSFORMATION(#1310) 
SHAPE_REPRESENTATION_RELATIONSHIP() );
#1310 = ITEM_DEFINED_TRANSFORMATION('','',#11,#103);
#1311 = PRODUCT_DEFINITION_SHAPE('Placement','Placement of an item',
  #1312);
#1312 = NEXT_ASSEMBLY_USAGE_OCCURRENCE('23','=>[0:1:1:24]','',#5,#1303,$
  );
#1313 = PRODUCT_RELATED_PRODUCT_CATEGORY('part',$,(#1305));
#1314 = ADVANCED_BREP_SHAPE_REPRESENTATION('',(#11,#1315),#1327);
#1315 = MANIFOLD_SOLID_BREP('',#1316);
#1316 = CLOSED_SHELL('',(#1317));
#1317 = ADVANCED_FACE('',(#1318),#1322,.T.);
#1318 = FACE_BOUND('',#1319,.T.);
#1319 = VERTEX_LOOP('',#1320);
#1320 = VERTEX_POINT('',#1321);
#1321 = CARTESIAN_POINT('',(8.266365894245E-18,-2.024675706594E-33,
    -0.135));
#1322 = SPHERICAL_SURFACE('',#1323,0.135);
#1323 = AXIS2_PLACEMENT_3D('',#1324,#1325,#1326);
#1324 = CARTESIAN_POINT('',(0.,0.,0.));
#1325 = DIRECTION('',(0.,0.,1.));
#1326 = DIRECTION('',(1.,0.,-0.));
#1327 = ( GEOMETRIC_REPRESENTATION_CONTEXT(3) 
GLOBAL_UNCERTAINTY_ASSIGNED_CONTEXT((#1331)) 
GLOBAL_UNIT_ASSIGNED_CONTEXT((#1328,#1329,#1330)) REPRESENTATION_CONTEXT
('Context #1','3D Context with UNIT and UNCERTAINTY') );
#1328 = ( LENGTH_UNIT() NAMED_UNIT(*) SI_UNIT(.MILLI.,.METRE.) );
#1329 = ( NAMED_UNIT(*) PLANE_ANGLE_UNIT() SI_UNIT($,.RADIAN.) );
#1330 = ( NAMED_UNIT(*) SI_UNIT($,.STERADIAN.) SOLID_ANGLE_UNIT() );
#1331 = UNCERTAINTY_MEASURE_WITH_UNIT(LENGTH_MEASURE(1.E-07),#1328,
  'distance_accuracy_value','confusion accuracy');
#1332 = SHAPE_DEFINITION_REPRESENTATION(#1333,#1314);
#1333 = PRODUCT_DEFINITION_SHAPE('','',#1334);
#1334 = PRODUCT_DEFINITION('design','',#1335,#1338);
#1335 = PRODUCT_DEFINITION_FORMATION('','',#1336);
#1336 = PRODUCT('B11','B11','',(#1337));
#1337 = PRODUCT_CONTEXT('',#2,'mechanical');
#1338 = PRODUCT_DEFINITION_CONTEXT('part definition',#2,'design');
#1339 = CONTEXT_DEPENDENT_SHAPE_REPRESENTATION(#1340,#1342);
#1340 = ( REPRESENTATION_RELATIONSHIP('','',#1314,#10) 
REPRESENTATION_RELATIONSHIP_WITH_TRANSFORMATION(#1341) 
SHAPE_REPRESENTATION_RELATIONSHIP() );
#1341 = ITEM_DEFINED_TRANSFORMATION('','',#11,#107);
#1342 = PRODUCT_DEFINITION_SHAPE('Placement','Placement of an item',
  #1343);
#1343 = NEXT_ASSEMBLY_USAGE_OCCURRENCE('24','=>[0:1:1:25]','',#5,#1334,$
  );
#1344 = PRODUCT_RELATED_PRODUCT_CATEGORY('part',$,(#1336));
#1345 = ADVANCED_BREP_SHAPE_REPRESENTATION('',(#11,#1346),#1358);
#1346 = MANIFOLD_SOLID_BREP('',#1347);
#1347 = CLOSED_SHELL('',(#1348));
#1348 = ADVANCED_FACE('',(#1349),#1353,.T.);
#1349 = FACE_BOUND('',#1350,.T.);
#1350 = VERTEX_LOOP('',#1351);
#1351 = VERTEX_POINT('',#1352);
#1352 = CARTESIAN_POINT('',(8.266365894245E-18,-2.024675706594E-33,
    -0.135));
#1353 = SPHERICAL_SURFACE('',#1354,0.135);
#1354 = AXIS2_PLACEMENT_3D('',#1355,#1356,#1357);
#1355 = CARTESIAN_POINT('',(0.,0.,0.));
#1356 = DIRECTION('',(0.,0.,1.));
#1357 = DIRECTION('',(1.,0.,-0.));
#1358 = ( GEOMETRIC_REPRESENTATION_CONTEXT(3) 
GLOBAL_UNCERTAINTY_ASSIGNED_CONTEXT((#1362)) 
GLOBAL_UNIT_ASSIGNED_CONTEXT((#1359,#1360,#1361)) REPRESENTATION_CONTEXT
('Context #1','3D Context with UNIT and UNCERTAINTY') );
#1359 = ( LENGTH_UNIT() NAMED_UNIT(*) SI_UNIT(.MILLI.,.METRE.) );
#1360 = ( NAMED_UNIT(*) PLANE_ANGLE_UNIT() SI_UNIT($,.RADIAN.) );
#1361 = ( NAMED_UNIT(*) SI_UNIT($,.STERADIAN.) SOLID_ANGLE_UNIT() );
#1362 = UNCERTAINTY_MEASURE_WITH_UNIT(LENGTH_MEASURE(1.E-07),#1359,
  'distance_accuracy_value','confusion accuracy');
#1363 = SHAPE_DEFINITION_REPRESENTATION(#1364,#1345);
#1364 = PRODUCT_DEFINITION_SHAPE('','',#1365);
#1365 = PRODUCT_DEFINITION('design','',#1366,#1369);
#1366 = PRODUCT_DEFINITION_FORMATION('','',#1367);
#1367 = PRODUCT('B12','B12','',(#1368));
#1368 = PRODUCT_CONTEXT('',#2,'mechanical');
#1369 = PRODUCT_DEFINITION_CONTEXT('part definition',#2,'design');
#1370 = CONTEXT_DEPENDENT_SHAPE_REPRESENTATION(#1371,#1373);
#1371 = ( REPRESENTATION_RELATIONSHIP('','',#1345,#10) 
REPRESENTATION_RELATIONSHIP_WITH_TRANSFORMATION(#1372) 
SHAPE_REPRESENTATION_RELATIONSHIP() );
#1372 = ITEM_DEFINED_TRANSFORMATION('','',#11,#111);
#1373 = PRODUCT_DEFINITION_SHAPE('Placement','Placement of an item',
  #1374);
#1374 = NEXT_ASSEMBLY_USAGE_OCCURRENCE('25','=>[0:1:1:26]','',#5,#1365,$
  );
#1375 = PRODUCT_RELATED_PRODUCT_CATEGORY('part',$,(#1367));
#1376 = ADVANCED_BREP_SHAPE_REPRESENTATION('',(#11,#1377),#1389);
#1377 = MANIFOLD_SOLID_BREP('',#1378);
#1378 = CLOSED_SHELL('',(#1379));
#1379 = ADVANCED_FACE('',(#1380),#1384,.T.);
#1380 = FACE_BOUND('',#1381,.T.);
#1381 = VERTEX_LOOP('',#1382);
#1382 = VERTEX_POINT('',#1383);
#1383 = CARTESIAN_POINT('',(8.266365894245E-18,-2.024675706594E-33,
    -0.135));
#1384 = SPHERICAL_SURFACE('',#1385,0.135);
#1385 = AXIS2_PLACEMENT_3D('',#1386,#1387,#1388);
#1386 = CARTESIAN_POINT('',(0.,0.,0.));
#1387 = DIRECTION('',(0.,0.,1.));
#1388 = DIRECTION('',(1.,0.,-0.));
#1389 = ( GEOMETRIC_REPRESENTATION_CONTEXT(3) 
GLOBAL_UNCERTAINTY_ASSIGNED_CONTEXT((#1393)) 
GLOBAL_UNIT_ASSIGNED_CONTEXT((#1390,#1391,#1392)) REPRESENTATION_CONTEXT
('Context #1','3D Context with UNIT and UNCERTAINTY') );
#1390 = ( LENGTH_UNIT() NAMED_UNIT(*) SI_UNIT(.MILLI.,.METRE.) );
#1391 = ( NAMED_UNIT(*) PLANE_ANGLE_UNIT() SI_UNIT($,.RADIAN.) );
#1392 = ( NAMED_UNIT(*) SI_UNIT($,.STERADIAN.) SOLID_ANGLE_UNIT() );
#1393 = UNCERTAINTY_MEASURE_WITH_UNIT(LENGTH_MEASURE(1.E-07),#1390,
  'distance_accuracy_value','confusion accuracy');
#1394 = SHAPE_DEFINITION_REPRESENTATION(#1395,#1376);
#1395 = PRODUCT_DEFINITION_SHAPE('','',#1396);
#1396 = PRODUCT_DEFINITION('design','',#1397,#1400);
#1397 = PRODUCT_DEFINITION_FORMATION('','',#1398);
#1398 = PRODUCT('B13','B13','',(#1399));
#1399 = PRODUCT_CONTEXT('',#2,'mechanical');
#1400 = PRODUCT_DEFINITION_CONTEXT('part definition',#2,'design');
#1401 = CONTEXT_DEPENDENT_SHAPE_REPRESENTATION(#1402,#1404);
#1402 = ( REPRESENTATION_RELATIONSHIP('','',#1376,#10) 
REPRESENTATION_RELATIONSHIP_WITH_TRANSFORMATION(#1403) 
SHAPE_REPRESENTATION_RELATIONSHIP() );
#1403 = ITEM_DEFINED_TRANSFORMATION('','',#11,#115);
#1404 = PRODUCT_DEFINITION_SHAPE('Placement','Placement of an item',
  #1405);
#1405 = NEXT_ASSEMBLY_USAGE_OCCURRENCE('26','=>[0:1:1:27]','',#5,#1396,$
  );
#1406 = PRODUCT_RELATED_PRODUCT_CATEGORY('part',$,(#1398));
#1407 = ADVANCED_BREP_SHAPE_REPRESENTATION('',(#11,#1408),#1420);
#1408 = MANIFOLD_SOLID_BREP('',#1409);
#1409 = CLOSED_SHELL('',(#1410));
#1410 = ADVANCED_FACE('',(#1411),#1415,.T.);
#1411 = FACE_BOUND('',#1412,.T.);
#1412 = VERTEX_LOOP('',#1413);
#1413 = VERTEX_POINT('',#1414);
#1414 = CARTESIAN_POINT('',(8.266365894245E-18,-2.024675706594E-33,
    -0.135));
#1415 = SPHERICAL_SURFACE('',#1416,0.135);
#1416 = AXIS2_PLACEMENT_3D('',#1417,#1418,#1419);
#1417 = CARTESIAN_POINT('',(0.,0.,0.));
#1418 = DIRECTION('',(0.,0.,1.));
#1419 = DIRECTION('',(1.,0.,-0.));
#1420 = ( GEOMETRIC_REPRESENTATION_CONTEXT(3) 
GLOBAL_UNCERTAINTY_ASSIGNED_CONTEXT((#1424)) 
GLOBAL_UNIT_ASSIGNED_CONTEXT((#1421,#1422,#1423)) REPRESENTATION_CONTEXT
('Context #1','3D Context with UNIT and UNCERTAINTY') );
#1421 = ( LENGTH_UNIT() NAMED_UNIT(*) SI_UNIT(.MILLI.,.METRE.) );
#1422 = ( NAMED_UNIT(*) PLANE_ANGLE_UNIT() SI_UNIT($,.RADIAN.) );
#1423 = ( NAMED_UNIT(*) SI_UNIT($,.STERADIAN.) SOLID_ANGLE_UNIT() );
#1424 = UNCERTAINTY_MEASURE_WITH_UNIT(LENGTH_MEASURE(1.E-07),#1421,
  'distance_accuracy_value','confusion accuracy');
#1425 = SHAPE_DEFINITION_REPRESENTATION(#1426,#1407);
#1426 = PRODUCT_DEFINITION_SHAPE('','',#1427);
#1427 = PRODUCT_DEFINITION('design','',#1428,#1431);
#1428 = PRODUCT_DEFINITION_FORMATION('','',#1429);
#1429 = PRODUCT('C1','C1','',(#1430));
#1430 = PRODUCT_CONTEXT('',#2,'mechanical');
#1431 = PRODUCT_DEFINITION_CONTEXT('part definition',#2,'design');
#1432 = CONTEXT_DEPENDENT_SHAPE_REPRESENTATION(#1433,#1435);
#1433 = ( REPRESENTATION_RELATIONSHIP('','',#1407,#10) 
REPRESENTATION_RELATIONSHIP_WITH_TRANSFORMATION(#1434) 
SHAPE_REPRESENTATION_RELATIONSHIP() );
#1434 = ITEM_DEFINED_TRANSFORMATION('','',#11,#119);
#1435 = PRODUCT_DEFINITION_SHAPE('Placement','Placement of an item',
  #1436);
#1436 = NEXT_ASSEMBLY_USAGE_OCCURRENCE('27','=>[0:1:1:28]','',#5,#1427,$
  );
#1437 = PRODUCT_RELATED_PRODUCT_CATEGORY('part',$,(#1429));
#1438 = ADVANCED_BREP_SHAPE_REPRESENTATION('',(#11,#1439),#1451);
#1439 = MANIFOLD_SOLID_BREP('',#1440);
#1440 = CLOSED_SHELL('',(#1441));
#1441 = ADVANCED_FACE('',(#1442),#1446,.T.);
#1442 = FACE_BOUND('',#1443,.T.);
#1443 = VERTEX_LOOP('',#1444);
#1444 = VERTEX_POINT('',#1445);
#1445 = CARTESIAN_POINT('',(8.266365894245E-18,-2.024675706594E-33,
    -0.135));
#1446 = SPHERICAL_SURFACE('',#1447,0.135);
#1447 = AXIS2_PLACEMENT_3D('',#1448,#1449,#1450);
#1448 = CARTESIAN_POINT('',(0.,0.,0.));
#1449 = DIRECTION('',(0.,0.,1.));
#1450 = DIRECTION('',(1.,0.,-0.));
#1451 = ( GEOMETRIC_REPRESENTATION_CONTEXT(3) 
GLOBAL_UNCERTAINTY_ASSIGNED_CONTEXT((#1455)) 
GLOBAL_UNIT_ASSIGNED_CONTEXT((#1452,#1453,#1454)) REPRESENTATION_CONTEXT
('Context #1','3D Context with UNIT and UNCERTAINTY') );
#1452 = ( LENGTH_UNIT() NAMED_UNIT(*) SI_UNIT(.MILLI.,.METRE.) );
#1453 = ( NAMED_UNIT(*) PLANE_ANGLE_UNIT() SI_UNIT($,.RADIAN.) );
#1454 = ( NAMED_UNIT(*) SI_UNIT($,.STERADIAN.) SOLID_ANGLE_UNIT() );
#1455 = UNCERTAINTY_MEASURE_WITH_UNIT(LENGTH_MEASURE(1.E-07),#1452,
  'distance_accuracy_value','confusion accuracy');
#1456 = SHAPE_DEFINITION_REPRESENTATION(#1457,#1438);
#1457 = PRODUCT_DEFINITION_SHAPE('','',#1458);
#1458 = PRODUCT_DEFINITION('design','',#1459,#1462);
#1459 = PRODUCT_DEFINITION_FORMATION('','',#1460);
#1460 = PRODUCT('C2','C2','',(#1461));
#1461 = PRODUCT_CONTEXT('',#2,'mechanical');
#1462 = PRODUCT_DEFINITION_CONTEXT('part definition',#2,'design');
#1463 = CONTEXT_DEPENDENT_SHAPE_REPRESENTATION(#1464,#1466);
#1464 = ( REPRESENTATION_RELATIONSHIP('','',#1438,#10) 
REPRESENTATION_RELATIONSHIP_WITH_TRANSFORMATION(#1465) 
SHAPE_REPRESENTATION_RELATIONSHIP() );
#1465 = ITEM_DEFINED_TRANSFORMATION('','',#11,#123);
#1466 = PRODUCT_DEFINITION_SHAPE('Placement','Placement of an item',
  #1467);
#1467 = NEXT_ASSEMBLY_USAGE_OCCURRENCE('28','=>[0:1:1:29]','',#5,#1458,$
  );
#1468 = PRODUCT_RELATED_PRODUCT_CATEGORY('part',$,(#1460));
#1469 = ADVANCED_BREP_SHAPE_REPRESENTATION('',(#11,#1470),#1482);
#1470 = MANIFOLD_SOLID_BREP('',#1471);
#1471 = CLOSED_SHELL('',(#1472));
#1472 = ADVANCED_FACE('',(#1473),#1477,.T.);
#1473 = FACE_BOUND('',#1474,.T.);
#1474 = VERTEX_LOOP('',#1475);
#1475 = VERTEX_POINT('',#1476);
#1476 = CARTESIAN_POINT('',(8.266365894245E-18,-2.024675706594E-33,
    -0.135));
#1477 = SPHERICAL_SURFACE('',#1478,0.135);
#1478 = AXIS2_PLACEMENT_3D('',#1479,#1480,#1481);
#1479 = CARTESIAN_POINT('',(0.,0.,0.));
#1480 = DIRECTION('',(0.,0.,1.));
#1481 = DIRECTION('',(1.,0.,-0.));
#1482 = ( GEOMETRIC_REPRESENTATION_CONTEXT(3) 
GLOBAL_UNCERTAINTY_ASSIGNED_CONTEXT((#1486)) 
GLOBAL_UNIT_ASSIGNED_CONTEXT((#1483,#1484,#1485)) REPRESENTATION_CONTEXT
('Context #1','3D Context with UNIT and UNCERTAINTY') );
#1483 = ( LENGTH_UNIT() NAMED_UNIT(*) SI_UNIT(.MILLI.,.METRE.) );
#1484 = ( NAMED_UNIT(*) PLANE_ANGLE_UNIT() SI_UNIT($,.RADIAN.) );
#1485 = ( NAMED_UNIT(*) SI_UNIT($,.STERADIAN.) SOLID_ANGLE_UNIT() );
#1486 = UNCERTAINTY_MEASURE_WITH_UNIT(LENGTH_MEASURE(1.E-07),#1483,
  'distance_accuracy_value','confusion accuracy');
#1487 = SHAPE_DEFINITION_REPRESENTATION(#1488,#1469);
#1488 = PRODUCT_DEFINITION_SHAPE('','',#1489);
#1489 = PRODUCT_DEFINITION('design','',#1490,#1493);
#1490 = PRODUCT_DEFINITION_FORMATION('','',#1491);
#1491 = PRODUCT('C3','C3','',(#1492));
#1492 = PRODUCT_CONTEXT('',#2,'mechanical');
#1493 = PRODUCT_DEFINITION_CONTEXT('part definition',#2,'design');
#1494 = CONTEXT_DEPENDENT_SHAPE_REPRESENTATION(#1495,#1497);
#1495 = ( REPRESENTATION_RELATIONSHIP('','',#1469,#10) 
REPRESENTATION_RELATIONSHIP_WITH_TRANSFORMATION(#1496) 
SHAPE_REPRESENTATION_RELATIONSHIP() );
#1496 = ITEM_DEFINED_TRANSFORMATION('','',#11,#127);
#1497 = PRODUCT_DEFINITION_SHAPE('Placement','Placement of an item',
  #1498);
#1498 = NEXT_ASSEMBLY_USAGE_OCCURRENCE('29','=>[0:1:1:30]','',#5,#1489,$
  );
#1499 = PRODUCT_RELATED_PRODUCT_CATEGORY('part',$,(#1491));
#1500 = ADVANCED_BREP_SHAPE_REPRESENTATION('',(#11,#1501),#1513);
#1501 = MANIFOLD_SOLID_BREP('',#1502);
#1502 = CLOSED_SHELL('',(#1503));
#1503 = ADVANCED_FACE('',(#1504),#1508,.T.);
#1504 = FACE_BOUND('',#1505,.T.);
#1505 = VERTEX_LOOP('',#1506);
#1506 = VERTEX_POINT('',#1507);
#1507 = CARTESIAN_POINT('',(8.266365894245E-18,-2.024675706594E-33,
    -0.135));
#1508 = SPHERICAL_SURFACE('',#1509,0.135);
#1509 = AXIS2_PLACEMENT_3D('',#1510,#1511,#1512);
#1510 = CARTESIAN_POINT('',(0.,0.,0.));
#1511 = DIRECTION('',(0.,0.,1.));
#1512 = DIRECTION('',(1.,0.,-0.));
#1513 = ( GEOMETRIC_REPRESENTATION_CONTEXT(3) 
GLOBAL_UNCERTAINTY_ASSIGNED_CONTEXT((#1517)) 
GLOBAL_UNIT_ASSIGNED_CONTEXT((#1514,#1515,#1516)) REPRESENTATION_CONTEXT
('Context #1','3D Context with UNIT and UNCERTAINTY') );
#1514 = ( LENGTH_UNIT() NAMED_UNIT(*) SI_UNIT(.MILLI.,.METRE.) );
#1515 = ( NAMED_UNIT(*) PLANE_ANGLE_UNIT() SI_UNIT($,.RADIAN.) );
#1516 = ( NAMED_UNIT(*) SI_UNIT($,.STERADIAN.) SOLID_ANGLE_UNIT() );
#1517 = UNCERTAINTY_MEASURE_WITH_UNIT(LENGTH_MEASURE(1.E-07),#1514,
  'distance_accuracy_value','confusion accuracy');
#1518 = SHAPE_DEFINITION_REPRESENTATION(#1519,#1500);
#1519 = PRODUCT_DEFINITION_SHAPE('','',#1520);
#1520 = PRODUCT_DEFINITION('design','',#1521,#1524);
#1521 = PRODUCT_DEFINITION_FORMATION('','',#1522);
#1522 = PRODUCT('C4','C4','',(#1523));
#1523 = PRODUCT_CONTEXT('',#2,'mechanical');
#1524 = PRODUCT_DEFINITION_CONTEXT('part definition',#2,'design');
#1525 = CONTEXT_DEPENDENT_SHAPE_REPRESENTATION(#1526,#1528);
#1526 = ( REPRESENTATION_RELATIONSHIP('','',#1500,#10) 
REPRESENTATION_RELATIONSHIP_WITH_TRANSFORMATION(#1527) 
SHAPE_REPRESENTATION_RELATIONSHIP() );
#1527 = ITEM_DEFINED_TRANSFORMATION('','',#11,#131);
#1528 = PRODUCT_DEFINITION_SHAPE('Placement','Placement of an item',
  #1529);
#1529 = NEXT_ASSEMBLY_USAGE_OCCURRENCE('30','=>[0:1:1:31]','',#5,#1520,$
  );
#1530 = PRODUCT_RELATED_PRODUCT_CATEGORY('part',$,(#1522));
#1531 = ADVANCED_BREP_SHAPE_REPRESENTATION('',(#11,#1532),#1544);
#1532 = MANIFOLD_SOLID_BREP('',#1533);
#1533 = CLOSED_SHELL('',(#1534));
#1534 = ADVANCED_FACE('',(#1535),#1539,.T.);
#1535 = FACE_BOUND('',#1536,.T.);
#1536 = VERTEX_LOOP('',#1537);
#1537 = VERTEX_POINT('',#1538);
#1538 = CARTESIAN_POINT('',(8.266365894245E-18,-2.024675706594E-33,
    -0.135));
#1539 = SPHERICAL_SURFACE('',#1540,0.135);
#1540 = AXIS2_PLACEMENT_3D('',#1541,#1542,#1543);
#1541 = CARTESIAN_POINT('',(0.,0.,0.));
#1542 = DIRECTION('',(0.,0.,1.));
#1543 = DIRECTION('',(1.,0.,-0.));
#1544 = ( GEOMETRIC_REPRESENTATION_CONTEXT(3) 
GLOBAL_UNCERTAINTY_ASSIGNED_CONTEXT((#1548)) 
GLOBAL_UNIT_ASSIGNED_CONTEXT((#1545,#1546,#1547)) REPRESENTATION_CONTEXT
('Context #1','3D Context with UNIT and UNCERTAINTY') );
#1545 = ( LENGTH_UNIT() NAMED_UNIT(*) SI_UNIT(.MILLI.,.METRE.) );
#1546 = ( NAMED_UNIT(*) PLANE_ANGLE_UNIT() SI_UNIT($,.RADIAN.) );
#1547 = ( NAMED_UNIT(*) SI_UNIT($,.STERADIAN.) SOLID_ANGLE_UNIT() );
#1548 = UNCERTAINTY_MEASURE_WITH_UNIT(LENGTH_MEASURE(1.E-07),#1545,
  'distance_accuracy_value','confusion accuracy');
#1549 = SHAPE_DEFINITION_REPRESENTATION(#1550,#1531);
#1550 = PRODUCT_DEFINITION_SHAPE('','',#1551);
#1551 = PRODUCT_DEFINITION('design','',#1552,#1555);
#1552 = PRODUCT_DEFINITION_FORMATION('','',#1553);
#1553 = PRODUCT('C5','C5','',(#1554));
#1554 = PRODUCT_CONTEXT('',#2,'mechanical');
#1555 = PRODUCT_DEFINITION_CONTEXT('part definition',#2,'design');
#1556 = CONTEXT_DEPENDENT_SHAPE_REPRESENTATION(#1557,#1559);
#1557 = ( REPRESENTATION_RELATIONSHIP('','',#1531,#10) 
REPRESENTATION_RELATIONSHIP_WITH_TRANSFORMATION(#1558) 
SHAPE_REPRESENTATION_RELATIONSHIP() );
#1558 = ITEM_DEFINED_TRANSFORMATION('','',#11,#135);
#1559 = PRODUCT_DEFINITION_SHAPE('Placement','Placement of an item',
  #1560);
#1560 = NEXT_ASSEMBLY_USAGE_OCCURRENCE('31','=>[0:1:1:32]','',#5,#1551,$
  );
#1561 = PRODUCT_RELATED_PRODUCT_CATEGORY('part',$,(#1553));
#1562 = ADVANCED_BREP_SHAPE_REPRESENTATION('',(#11,#1563),#1575);
#1563 = MANIFOLD_SOLID_BREP('',#1564);
#1564 = CLOSED_SHELL('',(#1565));
#1565 = ADVANCED_FACE('',(#1566),#1570,.T.);
#1566 = FACE_BOUND('',#1567,.T.);
#1567 = VERTEX_LOOP('',#1568);
#1568 = VERTEX_POINT('',#1569);
#1569 = CARTESIAN_POINT('',(8.266365894245E-18,-2.024675706594E-33,
    -0.135));
#1570 = SPHERICAL_SURFACE('',#1571,0.135);
#1571 = AXIS2_PLACEMENT_3D('',#1572,#1573,#1574);
#1572 = CARTESIAN_POINT('',(0.,0.,0.));
#1573 = DIRECTION('',(0.,0.,1.));
#1574 = DIRECTION('',(1.,0.,-0.));
#1575 = ( GEOMETRIC_REPRESENTATION_CONTEXT(3) 
GLOBAL_UNCERTAINTY_ASSIGNED_CONTEXT((#1579)) 
GLOBAL_UNIT_ASSIGNED_CONTEXT((#1576,#1577,#1578)) REPRESENTATION_CONTEXT
('Context #1','3D Context with UNIT and UNCERTAINTY') );
#1576 = ( LENGTH_UNIT() NAMED_UNIT(*) SI_UNIT(.MILLI.,.METRE.) );
#1577 = ( NAMED_UNIT(*) PLANE_ANGLE_UNIT() SI_UNIT($,.RADIAN.) );
#1578 = ( NAMED_UNIT(*) SI_UNIT($,.STERADIAN.) SOLID_ANGLE_UNIT() );
#1579 = UNCERTAINTY_MEASURE_WITH_UNIT(LENGTH_MEASURE(1.E-07),#1576,
  'distance_accuracy_value','confusion accuracy');
#1580 = SHAPE_DEFINITION_REPRESENTATION(#1581,#1562);
#1581 = PRODUCT_DEFINITION_SHAPE('','',#1582);
#1582 = PRODUCT_DEFINITION('design','',#1583,#1586);
#1583 = PRODUCT_DEFINITION_FORMATION('','',#1584);
#1584 = PRODUCT('C6','C6','',(#1585));
#1585 = PRODUCT_CONTEXT('',#2,'mechanical');
#1586 = PRODUCT_DEFINITION_CONTEXT('part definition',#2,'design');
#1587 = CONTEXT_DEPENDENT_SHAPE_REPRESENTATION(#1588,#1590);
#1588 = ( REPRESENTATION_RELATIONSHIP('','',#1562,#10) 
REPRESENTATION_RELATIONSHIP_WITH_TRANSFORMATION(#1589) 
SHAPE_REPRESENTATION_RELATIONSHIP() );
#1589 = ITEM_DEFINED_TRANSFORMATION('','',#11,#139);
#1590 = PRODUCT_DEFINITION_SHAPE('Placement','Placement of an item',
  #1591);
#1591 = NEXT_ASSEMBLY_USAGE_OCCURRENCE('32','=>[0:1:1:33]','',#5,#1582,$
  );
#1592 = PRODUCT_RELATED_PRODUCT_CATEGORY('part',$,(#1584));
#1593 = ADVANCED_BREP_SHAPE_REPRESENTATION('',(#11,#1594),#1606);
#1594 = MANIFOLD_SOLID_BREP('',#1595);
#1595 = CLOSED_SHELL('',(#1596));
#1596 = ADVANCED_FACE('',(#1597),#1601,.T.);
#1597 = FACE_BOUND('',#1598,.T.);
#1598 = VERTEX_LOOP('',#1599);
#1599 = VERTEX_POINT('',#1600);
#1600 = CARTESIAN_POINT('',(8.266365894245E-18,-2.024675706594E-33,
    -0.135));
#1601 = SPHERICAL_SURFACE('',#1602,0.135);
#1602 = AXIS2_PLACEMENT_3D('',#1603,#1604,#1605);
#1603 = CARTESIAN_POINT('',(0.,0.,0.));
#1604 = DIRECTION('',(0.,0.,1.));
#1605 = DIRECTION('',(1.,0.,-0.));
#1606 = ( GEOMETRIC_REPRESENTATION_CONTEXT(3) 
GLOBAL_UNCERTAINTY_ASSIGNED_CONTEXT((#1610)) 
GLOBAL_UNIT_ASSIGNED_CONTEXT((#1607,#1608,#1609)) REPRESENTATION_CONTEXT
('Context #1','3D Context with UNIT and UNCERTAINTY') );
#1607 = ( LENGTH_UNIT() NAMED_UNIT(*) SI_UNIT(.MILLI.,.METRE.) );
#1608 = ( NAMED_UNIT(*) PLANE_ANGLE_UNIT() SI_UNIT($,.RADIAN.) );
#1609 = ( NAMED_UNIT(*) SI_UNIT($,.STERADIAN.) SOLID_ANGLE_UNIT() );
#1610 = UNCERTAINTY_MEASURE_WITH_UNIT(LENGTH_MEASURE(1.E-07),#1607,
  'distance_accuracy_value','confusion accuracy');
#1611 = SHAPE_DEFINITION_REPRESENTATION(#1612,#1593);
#1612 = PRODUCT_DEFINITION_SHAPE('','',#1613);
#1613 = PRODUCT_DEFINITION('design','',#1614,#1617);
#1614 = PRODUCT_DEFINITION_FORMATION('','',#1615);
#1615 = PRODUCT('C7','C7','',(#1616));
#1616 = PRODUCT_CONTEXT('',#2,'mechanical');
#1617 = PRODUCT_DEFINITION_CONTEXT('part definition',#2,'design');
#1618 = CONTEXT_DEPENDENT_SHAPE_REPRESENTATION(#1619,#1621);
#1619 = ( REPRESENTATION_RELATIONSHIP('','',#1593,#10) 
REPRESENTATION_RELATIONSHIP_WITH_TRANSFORMATION(#1620) 
SHAPE_REPRESENTATION_RELATIONSHIP() );
#1620 = ITEM_DEFINED_TRANSFORMATION('','',#11,#143);
#1621 = PRODUCT_DEFINITION_SHAPE('Placement','Placement of an item',
  #1622);
#1622 = NEXT_ASSEMBLY_USAGE_OCCURRENCE('33','=>[0:1:1:34]','',#5,#1613,$
  );
#1623 = PRODUCT_RELATED_PRODUCT_CATEGORY('part',$,(#1615));
#1624 = ADVANCED_BREP_SHAPE_REPRESENTATION('',(#11,#1625),#1637);
#1625 = MANIFOLD_SOLID_BREP('',#1626);
#1626 = CLOSED_SHELL('',(#1627));
#1627 = ADVANCED_FACE('',(#1628),#1632,.T.);
#1628 = FACE_BOUND('',#1629,.T.);
#1629 = VERTEX_LOOP('',#1630);
#1630 = VERTEX_POINT('',#1631);
#1631 = CARTESIAN_POINT('',(8.266365894245E-18,-2.024675706594E-33,
    -0.135));
#1632 = SPHERICAL_SURFACE('',#1633,0.135);
#1633 = AXIS2_PLACEMENT_3D('',#1634,#1635,#1636);
#1634 = CARTESIAN_POINT('',(0.,0.,0.));
#1635 = DIRECTION('',(0.,0.,1.));
#1636 = DIRECTION('',(1.,0.,-0.));
#1637 = ( GEOMETRIC_REPRESENTATION_CONTEXT(3) 
GLOBAL_UNCERTAINTY_ASSIGNED_CONTEXT((#1641)) 
GLOBAL_UNIT_ASSIGNED_CONTEXT((#1638,#1639,#1640)) REPRESENTATION_CONTEXT
('Context #1','3D Context with UNIT and UNCERTAINTY') );
#1638 = ( LENGTH_UNIT() NAMED_UNIT(*) SI_UNIT(.MILLI.,.METRE.) );
#1639 = ( NAMED_UNIT(*) PLANE_ANGLE_UNIT() SI_UNIT($,.RADIAN.) );
#1640 = ( NAMED_UNIT(*) SI_UNIT($,.STERADIAN.) SOLID_ANGLE_UNIT() );
#1641 = UNCERTAINTY_MEASURE_WITH_UNIT(LENGTH_MEASURE(1.E-07),#1638,
  'distance_accuracy_value','confusion accuracy');
#1642 = SHAPE_DEFINITION_REPRESENTATION(#1643,#1624);
#1643 = PRODUCT_DEFINITION_SHAPE('','',#1644);
#1644 = PRODUCT_DEFINITION('design','',#1645,#1648);
#1645 = PRODUCT_DEFINITION_FORMATION('','',#1646);
#1646 = PRODUCT('C8','C8','',(#1647));
#1647 = PRODUCT_CONTEXT('',#2,'mechanical');
#1648 = PRODUCT_DEFINITION_CONTEXT('part definition',#2,'design');
#1649 = CONTEXT_DEPENDENT_SHAPE_REPRESENTATION(#1650,#1652);
#1650 = ( REPRESENTATION_RELATIONSHIP('','',#1624,#10) 
REPRESENTATION_RELATIONSHIP_WITH_TRANSFORMATION(#1651) 
SHAPE_REPRESENTATION_RELATIONSHIP() );
#1651 = ITEM_DEFINED_TRANSFORMATION('','',#11,#147);
#1652 = PRODUCT_DEFINITION_SHAPE('Placement','Placement of an item',
  #1653);
#1653 = NEXT_ASSEMBLY_USAGE_OCCURRENCE('34','=>[0:1:1:35]','',#5,#1644,$
  );
#1654 = PRODUCT_RELATED_PRODUCT_CATEGORY('part',$,(#1646));
#1655 = ADVANCED_BREP_SHAPE_REPRESENTATION('',(#11,#1656),#1668);
#1656 = MANIFOLD_SOLID_BREP('',#1657);
#1657 = CLOSED_SHELL('',(#1658));
#1658 = ADVANCED_FACE('',(#1659),#1663,.T.);
#1659 = FACE_BOUND('',#1660,.T.);
#1660 = VERTEX_LOOP('',#1661);
#1661 = VERTEX_POINT('',#1662);
#1662 = CARTESIAN_POINT('',(8.266365894245E-18,-2.024675706594E-33,
    -0.135));
#1663 = SPHERICAL_SURFACE('',#1664,0.135);
#1664 = AXIS2_PLACEMENT_3D('',#1665,#1666,#1667);
#1665 = CARTESIAN_POINT('',(0.,0.,0.));
#1666 = DIRECTION('',(0.,0.,1.));
#1667 = DIRECTION('',(1.,0.,-0.));
#1668 = ( GEOMETRIC_REPRESENTATION_CONTEXT(3) 
GLOBAL_UNCERTAINTY_ASSIGNED_CONTEXT((#1672)) 
GLOBAL_UNIT_ASSIGNED_CONTEXT((#1669,#1670,#1671)) REPRESENTATION_CONTEXT
('Context #1','3D Context with UNIT and UNCERTAINTY') );
#1669 = ( LENGTH_UNIT() NAMED_UNIT(*) SI_UNIT(.MILLI.,.METRE.) );
#1670 = ( NAMED_UNIT(*) PLANE_ANGLE_UNIT() SI_UNIT($,.RADIAN.) );
#1671 = ( NAMED_UNIT(*) SI_UNIT($,.STERADIAN.) SOLID_ANGLE_UNIT() );
#1672 = UNCERTAINTY_MEASURE_WITH_UNIT(LENGTH_MEASURE(1.E-07),#1669,
  'distance_accuracy_value','confusion accuracy');
#1673 = SHAPE_DEFINITION_REPRESENTATION(#1674,#1655);
#1674 = PRODUCT_DEFINITION_SHAPE('','',#1675);
#1675 = PRODUCT_DEFINITION('design','',#1676,#1679);
#1676 = PRODUCT_DEFINITION_FORMATION('','',#1677);
#1677 = PRODUCT('C9','C9','',(#1678));
#1678 = PRODUCT_CONTEXT('',#2,'mechanical');
#1679 = PRODUCT_DEFINITION_CONTEXT('part definition',#2,'design');
#1680 = CONTEXT_DEPENDENT_SHAPE_REPRESENTATION(#1681,#1683);
#1681 = ( REPRESENTATION_RELATIONSHIP('','',#1655,#10) 
REPRESENTATION_RELATIONSHIP_WITH_TRANSFORMATION(#1682) 
SHAPE_REPRESENTATION_RELATIONSHIP() );
#1682 = ITEM_DEFINED_TRANSFORMATION('','',#11,#151);
#1683 = PRODUCT_DEFINITION_SHAPE('Placement','Placement of an item',
  #1684);
#1684 = NEXT_ASSEMBLY_USAGE_OCCURRENCE('35','=>[0:1:1:36]','',#5,#1675,$
  );
#1685 = PRODUCT_RELATED_PRODUCT_CATEGORY('part',$,(#1677));
#1686 = ADVANCED_BREP_SHAPE_REPRESENTATION('',(#11,#1687),#1699);
#1687 = MANIFOLD_SOLID_BREP('',#1688);
#1688 = CLOSED_SHELL('',(#1689));
#1689 = ADVANCED_FACE('',(#1690),#1694,.T.);
#1690 = FACE_BOUND('',#1691,.T.);
#1691 = VERTEX_LOOP('',#1692);
#1692 = VERTEX_POINT('',#1693);
#1693 = CARTESIAN_POINT('',(8.266365894245E-18,-2.024675706594E-33,
    -0.135));
#1694 = SPHERICAL_SURFACE('',#1695,0.135);
#1695 = AXIS2_PLACEMENT_3D('',#1696,#1697,#1698);
#1696 = CARTESIAN_POINT('',(0.,0.,0.));
#1697 = DIRECTION('',(0.,0.,1.));
#1698 = DIRECTION('',(1.,0.,-0.));
#1699 = ( GEOMETRIC_REPRESENTATION_CONTEXT(3) 
GLOBAL_UNCERTAINTY_ASSIGNED_CONTEXT((#1703)) 
GLOBAL_UNIT_ASSIGNED_CONTEXT((#1700,#1701,#1702)) REPRESENTATION_CONTEXT
('Context #1','3D Context with UNIT and UNCERTAINTY') );
#1700 = ( LENGTH_UNIT() NAMED_UNIT(*) SI_UNIT(.MILLI.,.METRE.) );
#1701 = ( NAMED_UNIT(*) PLANE_ANGLE_UNIT() SI_UNIT($,.RADIAN.) );
#1702 = ( NAMED_UNIT(*) SI_UNIT($,.STERADIAN.) SOLID_ANGLE_UNIT() );
#1703 = UNCERTAINTY_MEASURE_WITH_UNIT(LENGTH_MEASURE(1.E-07),#1700,
  'distance_accuracy_value','confusion accuracy');
#1704 = SHAPE_DEFINITION_REPRESENTATION(#1705,#1686);
#1705 = PRODUCT_DEFINITION_SHAPE('','',#1706);
#1706 = PRODUCT_DEFINITION('design','',#1707,#1710);
#1707 = PRODUCT_DEFINITION_FORMATION('','',#1708);
#1708 = PRODUCT('C10','C10','',(#1709));
#1709 = PRODUCT_CONTEXT('',#2,'mechanical');
#1710 = PRODUCT_DEFINITION_CONTEXT('part definition',#2,'design');
#1711 = CONTEXT_DEPENDENT_SHAPE_REPRESENTATION(#1712,#1714);
#1712 = ( REPRESENTATION_RELATIONSHIP('','',#1686,#10) 
REPRESENTATION_RELATIONSHIP_WITH_TRANSFORMATION(#1713) 
SHAPE_REPRESENTATION_RELATIONSHIP() );
#1713 = ITEM_DEFINED_TRANSFORMATION('','',#11,#155);
#1714 = PRODUCT_DEFINITION_SHAPE('Placement','Placement of an item',
  #1715);
#1715 = NEXT_ASSEMBLY_USAGE_OCCURRENCE('36','=>[0:1:1:37]','',#5,#1706,$
  );
#1716 = PRODUCT_RELATED_PRODUCT_CATEGORY('part',$,(#1708));
#1717 = ADVANCED_BREP_SHAPE_REPRESENTATION('',(#11,#1718),#1730);
#1718 = MANIFOLD_SOLID_BREP('',#1719);
#1719 = CLOSED_SHELL('',(#1720));
#1720 = ADVANCED_FACE('',(#1721),#1725,.T.);
#1721 = FACE_BOUND('',#1722,.T.);
#1722 = VERTEX_LOOP('',#1723);
#1723 = VERTEX_POINT('',#1724);
#1724 = CARTESIAN_POINT('',(8.266365894245E-18,-2.024675706594E-33,
    -0.135));
#1725 = SPHERICAL_SURFACE('',#1726,0.135);
#1726 = AXIS2_PLACEMENT_3D('',#1727,#1728,#1729);
#1727 = CARTESIAN_POINT('',(0.,0.,0.));
#1728 = DIRECTION('',(0.,0.,1.));
#1729 = DIRECTION('',(1.,0.,-0.));
#1730 = ( GEOMETRIC_REPRESENTATION_CONTEXT(3) 
GLOBAL_UNCERTAINTY_ASSIGNED_CONTEXT((#1734)) 
GLOBAL_UNIT_ASSIGNED_CONTEXT((#1731,#1732,#1733)) REPRESENTATION_CONTEXT
('Context #1','3D Context with UNIT and UNCERTAINTY') );
#1731 = ( LENGTH_UNIT() NAMED_UNIT(*) SI_UNIT(.MILLI.,.METRE.) );
#1732 = ( NAMED_UNIT(*) PLANE_ANGLE_UNIT() SI_UNIT($,.RADIAN.) );
#1733 = ( NAMED_UNIT(*) SI_UNIT($,.STERADIAN.) SOLID_ANGLE_UNIT() );
#1734 = UNCERTAINTY_MEASURE_WITH_UNIT(LENGTH_MEASURE(1.E-07),#1731,
  'distance_accuracy_value','confusion accuracy');
#1735 = SHAPE_DEFINITION_REPRESENTATION(#1736,#1717);
#1736 = PRODUCT_DEFINITION_SHAPE('','',#1737);
#1737 = PRODUCT_DEFINITION('design','',#1738,#1741);
#1738 = PRODUCT_DEFINITION_FORMATION('','',#1739);
#1739 = PRODUCT('C11','C11','',(#1740));
#1740 = PRODUCT_CONTEXT('',#2,'mechanical');
#1741 = PRODUCT_DEFINITION_CONTEXT('part definition',#2,'design');
#1742 = CONTEXT_DEPENDENT_SHAPE_REPRESENTATION(#1743,#1745);
#1743 = ( REPRESENTATION_RELATIONSHIP('','',#1717,#10) 
REPRESENTATION_RELATIONSHIP_WITH_TRANSFORMATION(#1744) 
SHAPE_REPRESENTATION_RELATIONSHIP() );
#1744 = ITEM_DEFINED_TRANSFORMATION('','',#11,#159);
#1745 = PRODUCT_DEFINITION_SHAPE('Placement','Placement of an item',
  #1746);
#1746 = NEXT_ASSEMBLY_USAGE_OCCURRENCE('37','=>[0:1:1:38]','',#5,#1737,$
  );
#1747 = PRODUCT_RELATED_PRODUCT_CATEGORY('part',$,(#1739));
#1748 = ADVANCED_BREP_SHAPE_REPRESENTATION('',(#11,#1749),#1761);
#1749 = MANIFOLD_SOLID_BREP('',#1750);
#1750 = CLOSED_SHELL('',(#1751));
#1751 = ADVANCED_FACE('',(#1752),#1756,.T.);
#1752 = FACE_BOUND('',#1753,.T.);
#1753 = VERTEX_LOOP('',#1754);
#1754 = VERTEX_POINT('',#1755);
#1755 = CARTESIAN_POINT('',(8.266365894245E-18,-2.024675706594E-33,
    -0.135));
#1756 = SPHERICAL_SURFACE('',#1757,0.135);
#1757 = AXIS2_PLACEMENT_3D('',#1758,#1759,#1760);
#1758 = CARTESIAN_POINT('',(0.,0.,0.));
#1759 = DIRECTION('',(0.,0.,1.));
#1760 = DIRECTION('',(1.,0.,-0.));
#1761 = ( GEOMETRIC_REPRESENTATION_CONTEXT(3) 
GLOBAL_UNCERTAINTY_ASSIGNED_CONTEXT((#1765)) 
GLOBAL_UNIT_ASSIGNED_CONTEXT((#1762,#1763,#1764)) REPRESENTATION_CONTEXT
('Context #1','3D Context with UNIT and UNCERTAINTY') );
#1762 = ( LENGTH_UNIT() NAMED_UNIT(*) SI_UNIT(.MILLI.,.METRE.) );
#1763 = ( NAMED_UNIT(*) PLANE_ANGLE_UNIT() SI_UNIT($,.RADIAN.) );
#1764 = ( NAMED_UNIT(*) SI_UNIT($,.STERADIAN.) SOLID_ANGLE_UNIT() );
#1765 = UNCERTAINTY_MEASURE_WITH_UNIT(LENGTH_MEASURE(1.E-07),#1762,
  'distance_accuracy_value','confusion accuracy');
#1766 = SHAPE_DEFINITION_REPRESENTATION(#1767,#1748);
#1767 = PRODUCT_DEFINITION_SHAPE('','',#1768);
#1768 = PRODUCT_DEFINITION('design','',#1769,#1772);
#1769 = PRODUCT_DEFINITION_FORMATION('','',#1770);
#1770 = PRODUCT('C12','C12','',(#1771));
#1771 = PRODUCT_CONTEXT('',#2,'mechanical');
#1772 = PRODUCT_DEFINITION_CONTEXT('part definition',#2,'design');
#1773 = CONTEXT_DEPENDENT_SHAPE_REPRESENTATION(#1774,#1776);
#1774 = ( REPRESENTATION_RELATIONSHIP('','',#1748,#10) 
REPRESENTATION_RELATIONSHIP_WITH_TRANSFORMATION(#1775) 
SHAPE_REPRESENTATION_RELATIONSHIP() );
#1775 = ITEM_DEFINED_TRANSFORMATION('','',#11,#163);
#1776 = PRODUCT_DEFINITION_SHAPE('Placement','Placement of an item',
  #1777);
#1777 = NEXT_ASSEMBLY_USAGE_OCCURRENCE('38','=>[0:1:1:39]','',#5,#1768,$
  );
#1778 = PRODUCT_RELATED_PRODUCT_CATEGORY('part',$,(#1770));
#1779 = ADVANCED_BREP_SHAPE_REPRESENTATION('',(#11,#1780),#1792);
#1780 = MANIFOLD_SOLID_BREP('',#1781);
#1781 = CLOSED_SHELL('',(#1782));
#1782 = ADVANCED_FACE('',(#1783),#1787,.T.);
#1783 = FACE_BOUND('',#1784,.T.);
#1784 = VERTEX_LOOP('',#1785);
#1785 = VERTEX_POINT('',#1786);
#1786 = CARTESIAN_POINT('',(8.266365894245E-18,-2.024675706594E-33,
    -0.135));
#1787 = SPHERICAL_SURFACE('',#1788,0.135);
#1788 = AXIS2_PLACEMENT_3D('',#1789,#1790,#1791);
#1789 = CARTESIAN_POINT('',(0.,0.,0.));
#1790 = DIRECTION('',(0.,0.,1.));
#1791 = DIRECTION('',(1.,0.,-0.));
#1792 = ( GEOMETRIC_REPRESENTATION_CONTEXT(3) 
GLOBAL_UNCERTAINTY_ASSIGNED_CONTEXT((#1796)) 
GLOBAL_UNIT_ASSIGNED_CONTEXT((#1793,#1794,#1795)) REPRESENTATION_CONTEXT
('Context #1','3D Context with UNIT and UNCERTAINTY') );
#1793 = ( LENGTH_UNIT() NAMED_UNIT(*) SI_UNIT(.MILLI.,.METRE.) );
#1794 = ( NAMED_UNIT(*) PLANE_ANGLE_UNIT() SI_UNIT($,.RADIAN.) );
#1795 = ( NAMED_UNIT(*) SI_UNIT($,.STERADIAN.) SOLID_ANGLE_UNIT() );
#1796 = UNCERTAINTY_MEASURE_WITH_UNIT(LENGTH_MEASURE(1.E-07),#1793,
  'distance_accuracy_value','confusion accuracy');
#1797 = SHAPE_DEFINITION_REPRESENTATION(#1798,#1779);
#1798 = PRODUCT_DEFINITION_SHAPE('','',#1799);
#1799 = PRODUCT_DEFINITION('design','',#1800,#1803);
#1800 = PRODUCT_DEFINITION_FORMATION('','',#1801);
#1801 = PRODUCT('C13','C13','',(#1802));
#1802 = PRODUCT_CONTEXT('',#2,'mechanical');
#1803 = PRODUCT_DEFINITION_CONTEXT('part definition',#2,'design');
#1804 = CONTEXT_DEPENDENT_SHAPE_REPRESENTATION(#1805,#1807);
#1805 = ( REPRESENTATION_RELATIONSHIP('','',#1779,#10) 
REPRESENTATION_RELATIONSHIP_WITH_TRANSFORMATION(#1806) 
SHAPE_REPRESENTATION_RELATIONSHIP() );
#1806 = ITEM_DEFINED_TRANSFORMATION('','',#11,#167);
#1807 = PRODUCT_DEFINITION_SHAPE('Placement','Placement of an item',
  #1808);
#1808 = NEXT_ASSEMBLY_USAGE_OCCURRENCE('39','=>[0:1:1:40]','',#5,#1799,$
  );
#1809 = PRODUCT_RELATED_PRODUCT_CATEGORY('part',$,(#1801));
#1810 = ADVANCED_BREP_SHAPE_REPRESENTATION('',(#11,#1811),#1823);
#1811 = MANIFOLD_SOLID_BREP('',#1812);
#1812 = CLOSED_SHELL('',(#1813));
#1813 = ADVANCED_FACE('',(#1814),#1818,.T.);
#1814 = FACE_BOUND('',#1815,.T.);
#1815 = VERTEX_LOOP('',#1816);
#1816 = VERTEX_POINT('',#1817);
#1817 = CARTESIAN_POINT('',(8.266365894245E-18,-2.024675706594E-33,
    -0.135));
#1818 = SPHERICAL_SURFACE('',#1819,0.135);
#1819 = AXIS2_PLACEMENT_3D('',#1820,#1821,#1822);
#1820 = CARTESIAN_POINT('',(0.,0.,0.));
#1821 = DIRECTION('',(0.,0.,1.));
#1822 = DIRECTION('',(1.,0.,-0.));
#1823 = ( GEOMETRIC_REPRESENTATION_CONTEXT(3) 
GLOBAL_UNCERTAINTY_ASSIGNED_CONTEXT((#1827)) 
GLOBAL_UNIT_ASSIGNED_CONTEXT((#1824,#1825,#1826)) REPRESENTATION_CONTEXT
('Context #1','3D Context with UNIT and UNCERTAINTY') );
#1824 = ( LENGTH_UNIT() NAMED_UNIT(*) SI_UNIT(.MILLI.,.METRE.) );
#1825 = ( NAMED_UNIT(*) PLANE_ANGLE_UNIT() SI_UNIT($,.RADIAN.) );
#1826 = ( NAMED_UNIT(*) SI_UNIT($,.STERADIAN.) SOLID_ANGLE_UNIT() );
#1827 = UNCERTAINTY_MEASURE_WITH_UNIT(LENGTH_MEASURE(1.E-07),#1824,
  'distance_accuracy_value','confusion accuracy');
#1828 = SHAPE_DEFINITION_REPRESENTATION(#1829,#1810);
#1829 = PRODUCT_DEFINITION_SHAPE('','',#1830);
#1830 = PRODUCT_DEFINITION('design','',#1831,#1834);
#1831 = PRODUCT_DEFINITION_FORMATION('','',#1832);
#1832 = PRODUCT('D1','D1','',(#1833));
#1833 = PRODUCT_CONTEXT('',#2,'mechanical');
#1834 = PRODUCT_DEFINITION_CONTEXT('part definition',#2,'design');
#1835 = CONTEXT_DEPENDENT_SHAPE_REPRESENTATION(#1836,#1838);
#1836 = ( REPRESENTATION_RELATIONSHIP('','',#1810,#10) 
REPRESENTATION_RELATIONSHIP_WITH_TRANSFORMATION(#1837) 
SHAPE_REPRESENTATION_RELATIONSHIP() );
#1837 = ITEM_DEFINED_TRANSFORMATION('','',#11,#171);
#1838 = PRODUCT_DEFINITION_SHAPE('Placement','Placement of an item',
  #1839);
#1839 = NEXT_ASSEMBLY_USAGE_OCCURRENCE('40','=>[0:1:1:41]','',#5,#1830,$
  );
#1840 = PRODUCT_RELATED_PRODUCT_CATEGORY('part',$,(#1832));
#1841 = ADVANCED_BREP_SHAPE_REPRESENTATION('',(#11,#1842),#1854);
#1842 = MANIFOLD_SOLID_BREP('',#1843);
#1843 = CLOSED_SHELL('',(#1844));
#1844 = ADVANCED_FACE('',(#1845),#1849,.T.);
#1845 = FACE_BOUND('',#1846,.T.);
#1846 = VERTEX_LOOP('',#1847);
#1847 = VERTEX_POINT('',#1848);
#1848 = CARTESIAN_POINT('',(8.266365894245E-18,-2.024675706594E-33,
    -0.135));
#1849 = SPHERICAL_SURFACE('',#1850,0.135);
#1850 = AXIS2_PLACEMENT_3D('',#1851,#1852,#1853);
#1851 = CARTESIAN_POINT('',(0.,0.,0.));
#1852 = DIRECTION('',(0.,0.,1.));
#1853 = DIRECTION('',(1.,0.,-0.));
#1854 = ( GEOMETRIC_REPRESENTATION_CONTEXT(3) 
GLOBAL_UNCERTAINTY_ASSIGNED_CONTEXT((#1858)) 
GLOBAL_UNIT_ASSIGNED_CONTEXT((#1855,#1856,#1857)) REPRESENTATION_CONTEXT
('Context #1','3D Context with UNIT and UNCERTAINTY') );
#1855 = ( LENGTH_UNIT() NAMED_UNIT(*) SI_UNIT(.MILLI.,.METRE.) );
#1856 = ( NAMED_UNIT(*) PLANE_ANGLE_UNIT() SI_UNIT($,.RADIAN.) );
#1857 = ( NAMED_UNIT(*) SI_UNIT($,.STERADIAN.) SOLID_ANGLE_UNIT() );
#1858 = UNCERTAINTY_MEASURE_WITH_UNIT(LENGTH_MEASURE(1.E-07),#1855,
  'distance_accuracy_value','confusion accuracy');
#1859 = SHAPE_DEFINITION_REPRESENTATION(#1860,#1841);
#1860 = PRODUCT_DEFINITION_SHAPE('','',#1861);
#1861 = PRODUCT_DEFINITION('design','',#1862,#1865);
#1862 = PRODUCT_DEFINITION_FORMATION('','',#1863);
#1863 = PRODUCT('D2','D2','',(#1864));
#1864 = PRODUCT_CONTEXT('',#2,'mechanical');
#1865 = PRODUCT_DEFINITION_CONTEXT('part definition',#2,'design');
#1866 = CONTEXT_DEPENDENT_SHAPE_REPRESENTATION(#1867,#1869);
#1867 = ( REPRESENTATION_RELATIONSHIP('','',#1841,#10) 
REPRESENTATION_RELATIONSHIP_WITH_TRANSFORMATION(#1868) 
SHAPE_REPRESENTATION_RELATIONSHIP() );
#1868 = ITEM_DEFINED_TRANSFORMATION('','',#11,#175);
#1869 = PRODUCT_DEFINITION_SHAPE('Placement','Placement of an item',
  #1870);
#1870 = NEXT_ASSEMBLY_USAGE_OCCURRENCE('41','=>[0:1:1:42]','',#5,#1861,$
  );
#1871 = PRODUCT_RELATED_PRODUCT_CATEGORY('part',$,(#1863));
#1872 = ADVANCED_BREP_SHAPE_REPRESENTATION('',(#11,#1873),#1885);
#1873 = MANIFOLD_SOLID_BREP('',#1874);
#1874 = CLOSED_SHELL('',(#1875));
#1875 = ADVANCED_FACE('',(#1876),#1880,.T.);
#1876 = FACE_BOUND('',#1877,.T.);
#1877 = VERTEX_LOOP('',#1878);
#1878 = VERTEX_POINT('',#1879);
#1879 = CARTESIAN_POINT('',(8.266365894245E-18,-2.024675706594E-33,
    -0.135));
#1880 = SPHERICAL_SURFACE('',#1881,0.135);
#1881 = AXIS2_PLACEMENT_3D('',#1882,#1883,#1884);
#1882 = CARTESIAN_POINT('',(0.,0.,0.));
#1883 = DIRECTION('',(0.,0.,1.));
#1884 = DIRECTION('',(1.,0.,-0.));
#1885 = ( GEOMETRIC_REPRESENTATION_CONTEXT(3) 
GLOBAL_UNCERTAINTY_ASSIGNED_CONTEXT((#1889)) 
GLOBAL_UNIT_ASSIGNED_CONTEXT((#1886,#1887,#1888)) REPRESENTATION_CONTEXT
('Context #1','3D Context with UNIT and UNCERTAINTY') );
#1886 = ( LENGTH_UNIT() NAMED_UNIT(*) SI_UNIT(.MILLI.,.METRE.) );
#1887 = ( NAMED_UNIT(*) PLANE_ANGLE_UNIT() SI_UNIT($,.RADIAN.) );
#1888 = ( NAMED_UNIT(*) SI_UNIT($,.STERADIAN.) SOLID_ANGLE_UNIT() );
#1889 = UNCERTAINTY_MEASURE_WITH_UNIT(LENGTH_MEASURE(1.E-07),#1886,
  'distance_accuracy_value','confusion accuracy');
#1890 = SHAPE_DEFINITION_REPRESENTATION(#1891,#1872);
#1891 = PRODUCT_DEFINITION_SHAPE('','',#1892);
#1892 = PRODUCT_DEFINITION('design','',#1893,#1896);
#1893 = PRODUCT_DEFINITION_FORMATION('','',#1894);
#1894 = PRODUCT('D3','D3','',(#1895));
#1895 = PRODUCT_CONTEXT('',#2,'mechanical');
#1896 = PRODUCT_DEFINITION_CONTEXT('part definition',#2,'design');
#1897 = CONTEXT_DEPENDENT_SHAPE_REPRESENTATION(#1898,#1900);
#1898 = ( REPRESENTATION_RELATIONSHIP('','',#1872,#10) 
REPRESENTATION_RELATIONSHIP_WITH_TRANSFORMATION(#1899) 
SHAPE_REPRESENTATION_RELATIONSHIP() );
#1899 = ITEM_DEFINED_TRANSFORMATION('','',#11,#179);
#1900 = PRODUCT_DEFINITION_SHAPE('Placement','Placement of an item',
  #1901);
#1901 = NEXT_ASSEMBLY_USAGE_OCCURRENCE('42','=>[0:1:1:43]','',#5,#1892,$
  );
#1902 = PRODUCT_RELATED_PRODUCT_CATEGORY('part',$,(#1894));
#1903 = ADVANCED_BREP_SHAPE_REPRESENTATION('',(#11,#1904),#1916);
#1904 = MANIFOLD_SOLID_BREP('',#1905);
#1905 = CLOSED_SHELL('',(#1906));
#1906 = ADVANCED_FACE('',(#1907),#1911,.T.);
#1907 = FACE_BOUND('',#1908,.T.);
#1908 = VERTEX_LOOP('',#1909);
#1909 = VERTEX_POINT('',#1910);
#1910 = CARTESIAN_POINT('',(8.266365894245E-18,-2.024675706594E-33,
    -0.135));
#1911 = SPHERICAL_SURFACE('',#1912,0.135);
#1912 = AXIS2_PLACEMENT_3D('',#1913,#1914,#1915);
#1913 = CARTESIAN_POINT('',(0.,0.,0.));
#1914 = DIRECTION('',(0.,0.,1.));
#1915 = DIRECTION('',(1.,0.,-0.));
#1916 = ( GEOMETRIC_REPRESENTATION_CONTEXT(3) 
GLOBAL_UNCERTAINTY_ASSIGNED_CONTEXT((#1920)) 
GLOBAL_UNIT_ASSIGNED_CONTEXT((#1917,#1918,#1919)) REPRESENTATION_CONTEXT
('Context #1','3D Context with UNIT and UNCERTAINTY') );
#1917 = ( LENGTH_UNIT() NAMED_UNIT(*) SI_UNIT(.MILLI.,.METRE.) );
#1918 = ( NAMED_UNIT(*) PLANE_ANGLE_UNIT() SI_UNIT($,.RADIAN.) );
#1919 = ( NAMED_UNIT(*) SI_UNIT($,.STERADIAN.) SOLID_ANGLE_UNIT() );
#1920 = UNCERTAINTY_MEASURE_WITH_UNIT(LENGTH_MEASURE(1.E-07),#1917,
  'distance_accuracy_value','confusion accuracy');
#1921 = SHAPE_DEFINITION_REPRESENTATION(#1922,#1903);
#1922 = PRODUCT_DEFINITION_SHAPE('','',#1923);
#1923 = PRODUCT_DEFINITION('design','',#1924,#1927);
#1924 = PRODUCT_DEFINITION_FORMATION('','',#1925);
#1925 = PRODUCT('D4','D4','',(#1926));
#1926 = PRODUCT_CONTEXT('',#2,'mechanical');
#1927 = PRODUCT_DEFINITION_CONTEXT('part definition',#2,'design');
#1928 = CONTEXT_DEPENDENT_SHAPE_REPRESENTATION(#1929,#1931);
#1929 = ( REPRESENTATION_RELATIONSHIP('','',#1903,#10) 
REPRESENTATION_RELATIONSHIP_WITH_TRANSFORMATION(#1930) 
SHAPE_REPRESENTATION_RELATIONSHIP() );
#1930 = ITEM_DEFINED_TRANSFORMATION('','',#11,#183);
#1931 = PRODUCT_DEFINITION_SHAPE('Placement','Placement of an item',
  #1932);
#1932 = NEXT_ASSEMBLY_USAGE_OCCURRENCE('43','=>[0:1:1:44]','',#5,#1923,$
  );
#1933 = PRODUCT_RELATED_PRODUCT_CATEGORY('part',$,(#1925));
#1934 = ADVANCED_BREP_SHAPE_REPRESENTATION('',(#11,#1935),#1947);
#1935 = MANIFOLD_SOLID_BREP('',#1936);
#1936 = CLOSED_SHELL('',(#1937));
#1937 = ADVANCED_FACE('',(#1938),#1942,.T.);
#1938 = FACE_BOUND('',#1939,.T.);
#1939 = VERTEX_LOOP('',#1940);
#1940 = VERTEX_POINT('',#1941);
#1941 = CARTESIAN_POINT('',(8.266365894245E-18,-2.024675706594E-33,
    -0.135));
#1942 = SPHERICAL_SURFACE('',#1943,0.135);
#1943 = AXIS2_PLACEMENT_3D('',#1944,#1945,#1946);
#1944 = CARTESIAN_POINT('',(0.,0.,0.));
#1945 = DIRECTION('',(0.,0.,1.));
#1946 = DIRECTION('',(1.,0.,-0.));
#1947 = ( GEOMETRIC_REPRESENTATION_CONTEXT(3) 
GLOBAL_UNCERTAINTY_ASSIGNED_CONTEXT((#1951)) 
GLOBAL_UNIT_ASSIGNED_CONTEXT((#1948,#1949,#1950)) REPRESENTATION_CONTEXT
('Context #1','3D Context with UNIT and UNCERTAINTY') );
#1948 = ( LENGTH_UNIT() NAMED_UNIT(*) SI_UNIT(.MILLI.,.METRE.) );
#1949 = ( NAMED_UNIT(*) PLANE_ANGLE_UNIT() SI_UNIT($,.RADIAN.) );
#1950 = ( NAMED_UNIT(*) SI_UNIT($,.STERADIAN.) SOLID_ANGLE_UNIT() );
#1951 = UNCERTAINTY_MEASURE_WITH_UNIT(LENGTH_MEASURE(1.E-07),#1948,
  'distance_accuracy_value','confusion accuracy');
#1952 = SHAPE_DEFINITION_REPRESENTATION(#1953,#1934);
#1953 = PRODUCT_DEFINITION_SHAPE('','',#1954);
#1954 = PRODUCT_DEFINITION('design','',#1955,#1958);
#1955 = PRODUCT_DEFINITION_FORMATION('','',#1956);
#1956 = PRODUCT('D5','D5','',(#1957));
#1957 = PRODUCT_CONTEXT('',#2,'mechanical');
#1958 = PRODUCT_DEFINITION_CONTEXT('part definition',#2,'design');
#1959 = CONTEXT_DEPENDENT_SHAPE_REPRESENTATION(#1960,#1962);
#1960 = ( REPRESENTATION_RELATIONSHIP('','',#1934,#10) 
REPRESENTATION_RELATIONSHIP_WITH_TRANSFORMATION(#1961) 
SHAPE_REPRESENTATION_RELATIONSHIP() );
#1961 = ITEM_DEFINED_TRANSFORMATION('','',#11,#187);
#1962 = PRODUCT_DEFINITION_SHAPE('Placement','Placement of an item',
  #1963);
#1963 = NEXT_ASSEMBLY_USAGE_OCCURRENCE('44','=>[0:1:1:45]','',#5,#1954,$
  );
#1964 = PRODUCT_RELATED_PRODUCT_CATEGORY('part',$,(#1956));
#1965 = ADVANCED_BREP_SHAPE_REPRESENTATION('',(#11,#1966),#1978);
#1966 = MANIFOLD_SOLID_BREP('',#1967);
#1967 = CLOSED_SHELL('',(#1968));
#1968 = ADVANCED_FACE('',(#1969),#1973,.T.);
#1969 = FACE_BOUND('',#1970,.T.);
#1970 = VERTEX_LOOP('',#1971);
#1971 = VERTEX_POINT('',#1972);
#1972 = CARTESIAN_POINT('',(8.266365894245E-18,-2.024675706594E-33,
    -0.135));
#1973 = SPHERICAL_SURFACE('',#1974,0.135);
#1974 = AXIS2_PLACEMENT_3D('',#1975,#1976,#1977);
#1975 = CARTESIAN_POINT('',(0.,0.,0.));
#1976 = DIRECTION('',(0.,0.,1.));
#1977 = DIRECTION('',(1.,0.,-0.));
#1978 = ( GEOMETRIC_REPRESENTATION_CONTEXT(3) 
GLOBAL_UNCERTAINTY_ASSIGNED_CONTEXT((#1982)) 
GLOBAL_UNIT_ASSIGNED_CONTEXT((#1979,#1980,#1981)) REPRESENTATION_CONTEXT
('Context #1','3D Context with UNIT and UNCERTAINTY') );
#1979 = ( LENGTH_UNIT() NAMED_UNIT(*) SI_UNIT(.MILLI.,.METRE.) );
#1980 = ( NAMED_UNIT(*) PLANE_ANGLE_UNIT() SI_UNIT($,.RADIAN.) );
#1981 = ( NAMED_UNIT(*) SI_UNIT($,.STERADIAN.) SOLID_ANGLE_UNIT() );
#1982 = UNCERTAINTY_MEASURE_WITH_UNIT(LENGTH_MEASURE(1.E-07),#1979,
  'distance_accuracy_value','confusion accuracy');
#1983 = SHAPE_DEFINITION_REPRESENTATION(#1984,#1965);
#1984 = PRODUCT_DEFINITION_SHAPE('','',#1985);
#1985 = PRODUCT_DEFINITION('design','',#1986,#1989);
#1986 = PRODUCT_DEFINITION_FORMATION('','',#1987);
#1987 = PRODUCT('D6','D6','',(#1988));
#1988 = PRODUCT_CONTEXT('',#2,'mechanical');
#1989 = PRODUCT_DEFINITION_CONTEXT('part definition',#2,'design');
#1990 = CONTEXT_DEPENDENT_SHAPE_REPRESENTATION(#1991,#1993);
#1991 = ( REPRESENTATION_RELATIONSHIP('','',#1965,#10) 
REPRESENTATION_RELATIONSHIP_WITH_TRANSFORMATION(#1992) 
SHAPE_REPRESENTATION_RELATIONSHIP() );
#1992 = ITEM_DEFINED_TRANSFORMATION('','',#11,#191);
#1993 = PRODUCT_DEFINITION_SHAPE('Placement','Placement of an item',
  #1994);
#1994 = NEXT_ASSEMBLY_USAGE_OCCURRENCE('45','=>[0:1:1:46]','',#5,#1985,$
  );
#1995 = PRODUCT_RELATED_PRODUCT_CATEGORY('part',$,(#1987));
#1996 = ADVANCED_BREP_SHAPE_REPRESENTATION('',(#11,#1997),#2009);
#1997 = MANIFOLD_SOLID_BREP('',#1998);
#1998 = CLOSED_SHELL('',(#1999));
#1999 = ADVANCED_FACE('',(#2000),#2004,.T.);
#2000 = FACE_BOUND('',#2001,.T.);
#2001 = VERTEX_LOOP('',#2002);
#2002 = VERTEX_POINT('',#2003);
#2003 = CARTESIAN_POINT('',(8.266365894245E-18,-2.024675706594E-33,
    -0.135));
#2004 = SPHERICAL_SURFACE('',#2005,0.135);
#2005 = AXIS2_PLACEMENT_3D('',#2006,#2007,#2008);
#2006 = CARTESIAN_POINT('',(0.,0.,0.));
#2007 = DIRECTION('',(0.,0.,1.));
#2008 = DIRECTION('',(1.,0.,-0.));
#2009 = ( GEOMETRIC_REPRESENTATION_CONTEXT(3) 
GLOBAL_UNCERTAINTY_ASSIGNED_CONTEXT((#2013)) 
GLOBAL_UNIT_ASSIGNED_CONTEXT((#2010,#2011,#2012)) REPRESENTATION_CONTEXT
('Context #1','3D Context with UNIT and UNCERTAINTY') );
#2010 = ( LENGTH_UNIT() NAMED_UNIT(*) SI_UNIT(.MILLI.,.METRE.) );
#2011 = ( NAMED_UNIT(*) PLANE_ANGLE_UNIT() SI_UNIT($,.RADIAN.) );
#2012 = ( NAMED_UNIT(*) SI_UNIT($,.STERADIAN.) SOLID_ANGLE_UNIT() );
#2013 = UNCERTAINTY_MEASURE_WITH_UNIT(LENGTH_MEASURE(1.E-07),#2010,
  'distance_accuracy_value','confusion accuracy');
#2014 = SHAPE_DEFINITION_REPRESENTATION(#2015,#1996);
#2015 = PRODUCT_DEFINITION_SHAPE('','',#2016);
#2016 = PRODUCT_DEFINITION('design','',#2017,#2020);
#2017 = PRODUCT_DEFINITION_FORMATION('','',#2018);
#2018 = PRODUCT('D7','D7','',(#2019));
#2019 = PRODUCT_CONTEXT('',#2,'mechanical');
#2020 = PRODUCT_DEFINITION_CONTEXT('part definition',#2,'design');
#2021 = CONTEXT_DEPENDENT_SHAPE_REPRESENTATION(#2022,#2024);
#2022 = ( REPRESENTATION_RELATIONSHIP('','',#1996,#10) 
REPRESENTATION_RELATIONSHIP_WITH_TRANSFORMATION(#2023) 
SHAPE_REPRESENTATION_RELATIONSHIP() );
#2023 = ITEM_DEFINED_TRANSFORMATION('','',#11,#195);
#2024 = PRODUCT_DEFINITION_SHAPE('Placement','Placement of an item',
  #2025);
#2025 = NEXT_ASSEMBLY_USAGE_OCCURRENCE('46','=>[0:1:1:47]','',#5,#2016,$
  );
#2026 = PRODUCT_RELATED_PRODUCT_CATEGORY('part',$,(#2018));
#2027 = ADVANCED_BREP_SHAPE_REPRESENTATION('',(#11,#2028),#2040);
#2028 = MANIFOLD_SOLID_BREP('',#2029);
#2029 = CLOSED_SHELL('',(#2030));
#2030 = ADVANCED_FACE('',(#2031),#2035,.T.);
#2031 = FACE_BOUND('',#2032,.T.);
#2032 = VERTEX_LOOP('',#2033);
#2033 = VERTEX_POINT('',#2034);
#2034 = CARTESIAN_POINT('',(8.266365894245E-18,-2.024675706594E-33,
    -0.135));
#2035 = SPHERICAL_SURFACE('',#2036,0.135);
#2036 = AXIS2_PLACEMENT_3D('',#2037,#2038,#2039);
#2037 = CARTESIAN_POINT('',(0.,0.,0.));
#2038 = DIRECTION('',(0.,0.,1.));
#2039 = DIRECTION('',(1.,0.,-0.));
#2040 = ( GEOMETRIC_REPRESENTATION_CONTEXT(3) 
GLOBAL_UNCERTAINTY_ASSIGNED_CONTEXT((#2044)) 
GLOBAL_UNIT_ASSIGNED_CONTEXT((#2041,#2042,#2043)) REPRESENTATION_CONTEXT
('Context #1','3D Context with UNIT and UNCERTAINTY') );
#2041 = ( LENGTH_UNIT() NAMED_UNIT(*) SI_UNIT(.MILLI.,.METRE.) );
#2042 = ( NAMED_UNIT(*) PLANE_ANGLE_UNIT() SI_UNIT($,.RADIAN.) );
#2043 = ( NAMED_UNIT(*) SI_UNIT($,.STERADIAN.) SOLID_ANGLE_UNIT() );
#2044 = UNCERTAINTY_MEASURE_WITH_UNIT(LENGTH_MEASURE(1.E-07),#2041,
  'distance_accuracy_value','confusion accuracy');
#2045 = SHAPE_DEFINITION_REPRESENTATION(#2046,#2027);
#2046 = PRODUCT_DEFINITION_SHAPE('','',#2047);
#2047 = PRODUCT_DEFINITION('design','',#2048,#2051);
#2048 = PRODUCT_DEFINITION_FORMATION('','',#2049);
#2049 = PRODUCT('D8','D8','',(#2050));
#2050 = PRODUCT_CONTEXT('',#2,'mechanical');
#2051 = PRODUCT_DEFINITION_CONTEXT('part definition',#2,'design');
#2052 = CONTEXT_DEPENDENT_SHAPE_REPRESENTATION(#2053,#2055);
#2053 = ( REPRESENTATION_RELATIONSHIP('','',#2027,#10) 
REPRESENTATION_RELATIONSHIP_WITH_TRANSFORMATION(#2054) 
SHAPE_REPRESENTATION_RELATIONSHIP() );
#2054 = ITEM_DEFINED_TRANSFORMATION('','',#11,#199);
#2055 = PRODUCT_DEFINITION_SHAPE('Placement','Placement of an item',
  #2056);
#2056 = NEXT_ASSEMBLY_USAGE_OCCURRENCE('47','=>[0:1:1:48]','',#5,#2047,$
  );
#2057 = PRODUCT_RELATED_PRODUCT_CATEGORY('part',$,(#2049));
#2058 = ADVANCED_BREP_SHAPE_REPRESENTATION('',(#11,#2059),#2071);
#2059 = MANIFOLD_SOLID_BREP('',#2060);
#2060 = CLOSED_SHELL('',(#2061));
#2061 = ADVANCED_FACE('',(#2062),#2066,.T.);
#2062 = FACE_BOUND('',#2063,.T.);
#2063 = VERTEX_LOOP('',#2064);
#2064 = VERTEX_POINT('',#2065);
#2065 = CARTESIAN_POINT('',(8.266365894245E-18,-2.024675706594E-33,
    -0.135));
#2066 = SPHERICAL_SURFACE('',#2067,0.135);
#2067 = AXIS2_PLACEMENT_3D('',#2068,#2069,#2070);
#2068 = CARTESIAN_POINT('',(0.,0.,0.));
#2069 = DIRECTION('',(0.,0.,1.));
#2070 = DIRECTION('',(1.,0.,-0.));
#2071 = ( GEOMETRIC_REPRESENTATION_CONTEXT(3) 
GLOBAL_UNCERTAINTY_ASSIGNED_CONTEXT((#2075)) 
GLOBAL_UNIT_ASSIGNED_CONTEXT((#2072,#2073,#2074)) REPRESENTATION_CONTEXT
('Context #1','3D Context with UNIT and UNCERTAINTY') );
#2072 = ( LENGTH_UNIT() NAMED_UNIT(*) SI_UNIT(.MILLI.,.METRE.) );
#2073 = ( NAMED_UNIT(*) PLANE_ANGLE_UNIT() SI_UNIT($,.RADIAN.) );
#2074 = ( NAMED_UNIT(*) SI_UNIT($,.STERADIAN.) SOLID_ANGLE_UNIT() );
#2075 = UNCERTAINTY_MEASURE_WITH_UNIT(LENGTH_MEASURE(1.E-07),#2072,
  'distance_accuracy_value','confusion accuracy');
#2076 = SHAPE_DEFINITION_REPRESENTATION(#2077,#2058);
#2077 = PRODUCT_DEFINITION_SHAPE('','',#2078);
#2078 = PRODUCT_DEFINITION('design','',#2079,#2082);
#2079 = PRODUCT_DEFINITION_FORMATION('','',#2080);
#2080 = PRODUCT('D9','D9','',(#2081));
#2081 = PRODUCT_CONTEXT('',#2,'mechanical');
#2082 = PRODUCT_DEFINITION_CONTEXT('part definition',#2,'design');
#2083 = CONTEXT_DEPENDENT_SHAPE_REPRESENTATION(#2084,#2086);
#2084 = ( REPRESENTATION_RELATIONSHIP('','',#2058,#10) 
REPRESENTATION_RELATIONSHIP_WITH_TRANSFORMATION(#2085) 
SHAPE_REPRESENTATION_RELATIONSHIP() );
#2085 = ITEM_DEFINED_TRANSFORMATION('','',#11,#203);
#2086 = PRODUCT_DEFINITION_SHAPE('Placement','Placement of an item',
  #2087);
#2087 = NEXT_ASSEMBLY_USAGE_OCCURRENCE('48','=>[0:1:1:49]','',#5,#2078,$
  );
#2088 = PRODUCT_RELATED_PRODUCT_CATEGORY('part',$,(#2080));
#2089 = ADVANCED_BREP_SHAPE_REPRESENTATION('',(#11,#2090),#2102);
#2090 = MANIFOLD_SOLID_BREP('',#2091);
#2091 = CLOSED_SHELL('',(#2092));
#2092 = ADVANCED_FACE('',(#2093),#2097,.T.);
#2093 = FACE_BOUND('',#2094,.T.);
#2094 = VERTEX_LOOP('',#2095);
#2095 = VERTEX_POINT('',#2096);
#2096 = CARTESIAN_POINT('',(8.266365894245E-18,-2.024675706594E-33,
    -0.135));
#2097 = SPHERICAL_SURFACE('',#2098,0.135);
#2098 = AXIS2_PLACEMENT_3D('',#2099,#2100,#2101);
#2099 = CARTESIAN_POINT('',(0.,0.,0.));
#2100 = DIRECTION('',(0.,0.,1.));
#2101 = DIRECTION('',(1.,0.,-0.));
#2102 = ( GEOMETRIC_REPRESENTATION_CONTEXT(3) 
GLOBAL_UNCERTAINTY_ASSIGNED_CONTEXT((#2106)) 
GLOBAL_UNIT_ASSIGNED_CONTEXT((#2103,#2104,#2105)) REPRESENTATION_CONTEXT
('Context #1','3D Context with UNIT and UNCERTAINTY') );
#2103 = ( LENGTH_UNIT() NAMED_UNIT(*) SI_UNIT(.MILLI.,.METRE.) );
#2104 = ( NAMED_UNIT(*) PLANE_ANGLE_UNIT() SI_UNIT($,.RADIAN.) );
#2105 = ( NAMED_UNIT(*) SI_UNIT($,.STERADIAN.) SOLID_ANGLE_UNIT() );
#2106 = UNCERTAINTY_MEASURE_WITH_UNIT(LENGTH_MEASURE(1.E-07),#2103,
  'distance_accuracy_value','confusion accuracy');
#2107 = SHAPE_DEFINITION_REPRESENTATION(#2108,#2089);
#2108 = PRODUCT_DEFINITION_SHAPE('','',#2109);
#2109 = PRODUCT_DEFINITION('design','',#2110,#2113);
#2110 = PRODUCT_DEFINITION_FORMATION('','',#2111);
#2111 = PRODUCT('D10','D10','',(#2112));
#2112 = PRODUCT_CONTEXT('',#2,'mechanical');
#2113 = PRODUCT_DEFINITION_CONTEXT('part definition',#2,'design');
#2114 = CONTEXT_DEPENDENT_SHAPE_REPRESENTATION(#2115,#2117);
#2115 = ( REPRESENTATION_RELATIONSHIP('','',#2089,#10) 
REPRESENTATION_RELATIONSHIP_WITH_TRANSFORMATION(#2116) 
SHAPE_REPRESENTATION_RELATIONSHIP() );
#2116 = ITEM_DEFINED_TRANSFORMATION('','',#11,#207);
#2117 = PRODUCT_DEFINITION_SHAPE('Placement','Placement of an item',
  #2118);
#2118 = NEXT_ASSEMBLY_USAGE_OCCURRENCE('49','=>[0:1:1:50]','',#5,#2109,$
  );
#2119 = PRODUCT_RELATED_PRODUCT_CATEGORY('part',$,(#2111));
#2120 = ADVANCED_BREP_SHAPE_REPRESENTATION('',(#11,#2121),#2133);
#2121 = MANIFOLD_SOLID_BREP('',#2122);
#2122 = CLOSED_SHELL('',(#2123));
#2123 = ADVANCED_FACE('',(#2124),#2128,.T.);
#2124 = FACE_BOUND('',#2125,.T.);
#2125 = VERTEX_LOOP('',#2126);
#2126 = VERTEX_POINT('',#2127);
#2127 = CARTESIAN_POINT('',(8.266365894245E-18,-2.024675706594E-33,
    -0.135));
#2128 = SPHERICAL_SURFACE('',#2129,0.135);
#2129 = AXIS2_PLACEMENT_3D('',#2130,#2131,#2132);
#2130 = CARTESIAN_POINT('',(0.,0.,0.));
#2131 = DIRECTION('',(0.,0.,1.));
#2132 = DIRECTION('',(1.,0.,-0.));
#2133 = ( GEOMETRIC_REPRESENTATION_CONTEXT(3) 
GLOBAL_UNCERTAINTY_ASSIGNED_CONTEXT((#2137)) 
GLOBAL_UNIT_ASSIGNED_CONTEXT((#2134,#2135,#2136)) REPRESENTATION_CONTEXT
('Context #1','3D Context with UNIT and UNCERTAINTY') );
#2134 = ( LENGTH_UNIT() NAMED_UNIT(*) SI_UNIT(.MILLI.,.METRE.) );
#2135 = ( NAMED_UNIT(*) PLANE_ANGLE_UNIT() SI_UNIT($,.RADIAN.) );
#2136 = ( NAMED_UNIT(*) SI_UNIT($,.STERADIAN.) SOLID_ANGLE_UNIT() );
#2137 = UNCERTAINTY_MEASURE_WITH_UNIT(LENGTH_MEASURE(1.E-07),#2134,
  'distance_accuracy_value','confusion accuracy');
#2138 = SHAPE_DEFINITION_REPRESENTATION(#2139,#2120);
#2139 = PRODUCT_DEFINITION_SHAPE('','',#2140);
#2140 = PRODUCT_DEFINITION('design','',#2141,#2144);
#2141 = PRODUCT_DEFINITION_FORMATION('','',#2142);
#2142 = PRODUCT('D11','D11','',(#2143));
#2143 = PRODUCT_CONTEXT('',#2,'mechanical');
#2144 = PRODUCT_DEFINITION_CONTEXT('part definition',#2,'design');
#2145 = CONTEXT_DEPENDENT_SHAPE_REPRESENTATION(#2146,#2148);
#2146 = ( REPRESENTATION_RELATIONSHIP('','',#2120,#10) 
REPRESENTATION_RELATIONSHIP_WITH_TRANSFORMATION(#2147) 
SHAPE_REPRESENTATION_RELATIONSHIP() );
#2147 = ITEM_DEFINED_TRANSFORMATION('','',#11,#211);
#2148 = PRODUCT_DEFINITION_SHAPE('Placement','Placement of an item',
  #2149);
#2149 = NEXT_ASSEMBLY_USAGE_OCCURRENCE('50','=>[0:1:1:51]','',#5,#2140,$
  );
#2150 = PRODUCT_RELATED_PRODUCT_CATEGORY('part',$,(#2142));
#2151 = ADVANCED_BREP_SHAPE_REPRESENTATION('',(#11,#2152),#2164);
#2152 = MANIFOLD_SOLID_BREP('',#2153);
#2153 = CLOSED_SHELL('',(#2154));
#2154 = ADVANCED_FACE('',(#2155),#2159,.T.);
#2155 = FACE_BOUND('',#2156,.T.);
#2156 = VERTEX_LOOP('',#2157);
#2157 = VERTEX_POINT('',#2158);
#2158 = CARTESIAN_POINT('',(8.266365894245E-18,-2.024675706594E-33,
    -0.135));
#2159 = SPHERICAL_SURFACE('',#2160,0.135);
#2160 = AXIS2_PLACEMENT_3D('',#2161,#2162,#2163);
#2161 = CARTESIAN_POINT('',(0.,0.,0.));
#2162 = DIRECTION('',(0.,0.,1.));
#2163 = DIRECTION('',(1.,0.,-0.));
#2164 = ( GEOMETRIC_REPRESENTATION_CONTEXT(3) 
GLOBAL_UNCERTAINTY_ASSIGNED_CONTEXT((#2168)) 
GLOBAL_UNIT_ASSIGNED_CONTEXT((#2165,#2166,#2167)) REPRESENTATION_CONTEXT
('Context #1','3D Context with UNIT and UNCERTAINTY') );
#2165 = ( LENGTH_UNIT() NAMED_UNIT(*) SI_UNIT(.MILLI.,.METRE.) );
#2166 = ( NAMED_UNIT(*) PLANE_ANGLE_UNIT() SI_UNIT($,.RADIAN.) );
#2167 = ( NAMED_UNIT(*) SI_UNIT($,.STERADIAN.) SOLID_ANGLE_UNIT() );
#2168 = UNCERTAINTY_MEASURE_WITH_UNIT(LENGTH_MEASURE(1.E-07),#2165,
  'distance_accuracy_value','confusion accuracy');
#2169 = SHAPE_DEFINITION_REPRESENTATION(#2170,#2151);
#2170 = PRODUCT_DEFINITION_SHAPE('','',#2171);
#2171 = PRODUCT_DEFINITION('design','',#2172,#2175);
#2172 = PRODUCT_DEFINITION_FORMATION('','',#2173);
#2173 = PRODUCT('D12','D12','',(#2174));
#2174 = PRODUCT_CONTEXT('',#2,'mechanical');
#2175 = PRODUCT_DEFINITION_CONTEXT('part definition',#2,'design');
#2176 = CONTEXT_DEPENDENT_SHAPE_REPRESENTATION(#2177,#2179);
#2177 = ( REPRESENTATION_RELATIONSHIP('','',#2151,#10) 
REPRESENTATION_RELATIONSHIP_WITH_TRANSFORMATION(#2178) 
SHAPE_REPRESENTATION_RELATIONSHIP() );
#2178 = ITEM_DEFINED_TRANSFORMATION('','',#11,#215);
#2179 = PRODUCT_DEFINITION_SHAPE('Placement','Placement of an item',
  #2180);
#2180 = NEXT_ASSEMBLY_USAGE_OCCURRENCE('51','=>[0:1:1:52]','',#5,#2171,$
  );
#2181 = PRODUCT_RELATED_PRODUCT_CATEGORY('part',$,(#2173));
#2182 = ADVANCED_BREP_SHAPE_REPRESENTATION('',(#11,#2183),#2195);
#2183 = MANIFOLD_SOLID_BREP('',#2184);
#2184 = CLOSED_SHELL('',(#2185));
#2185 = ADVANCED_FACE('',(#2186),#2190,.T.);
#2186 = FACE_BOUND('',#2187,.T.);
#2187 = VERTEX_LOOP('',#2188);
#2188 = VERTEX_POINT('',#2189);
#2189 = CARTESIAN_POINT('',(8.266365894245E-18,-2.024675706594E-33,
    -0.135));
#2190 = SPHERICAL_SURFACE('',#2191,0.135);
#2191 = AXIS2_PLACEMENT_3D('',#2192,#2193,#2194);
#2192 = CARTESIAN_POINT('',(0.,0.,0.));
#2193 = DIRECTION('',(0.,0.,1.));
#2194 = DIRECTION('',(1.,0.,-0.));
#2195 = ( GEOMETRIC_REPRESENTATION_CONTEXT(3) 
GLOBAL_UNCERTAINTY_ASSIGNED_CONTEXT((#2199)) 
GLOBAL_UNIT_ASSIGNED_CONTEXT((#2196,#2197,#2198)) REPRESENTATION_CONTEXT
('Context #1','3D Context with UNIT and UNCERTAINTY') );
#2196 = ( LENGTH_UNIT() NAMED_UNIT(*) SI_UNIT(.MILLI.,.METRE.) );
#2197 = ( NAMED_UNIT(*) PLANE_ANGLE_UNIT() SI_UNIT($,.RADIAN.) );
#2198 = ( NAMED_UNIT(*) SI_UNIT($,.STERADIAN.) SOLID_ANGLE_UNIT() );
#2199 = UNCERTAINTY_MEASURE_WITH_UNIT(LENGTH_MEASURE(1.E-07),#2196,
  'distance_accuracy_value','confusion accuracy');
#2200 = SHAPE_DEFINITION_REPRESENTATION(#2201,#2182);
#2201 = PRODUCT_DEFINITION_SHAPE('','',#2202);
#2202 = PRODUCT_DEFINITION('design','',#2203,#2206);
#2203 = PRODUCT_DEFINITION_FORMATION('','',#2204);
#2204 = PRODUCT('D13','D13','',(#2205));
#2205 = PRODUCT_CONTEXT('',#2,'mechanical');
#2206 = PRODUCT_DEFINITION_CONTEXT('part definition',#2,'design');
#2207 = CONTEXT_DEPENDENT_SHAPE_REPRESENTATION(#2208,#2210);
#2208 = ( REPRESENTATION_RELATIONSHIP('','',#2182,#10) 
REPRESENTATION_RELATIONSHIP_WITH_TRANSFORMATION(#2209) 
SHAPE_REPRESENTATION_RELATIONSHIP() );
#2209 = ITEM_DEFINED_TRANSFORMATION('','',#11,#219);
#2210 = PRODUCT_DEFINITION_SHAPE('Placement','Placement of an item',
  #2211);
#2211 = NEXT_ASSEMBLY_USAGE_OCCURRENCE('52','=>[0:1:1:53]','',#5,#2202,$
  );
#2212 = PRODUCT_RELATED_PRODUCT_CATEGORY('part',$,(#2204));
#2213 = ADVANCED_BREP_SHAPE_REPRESENTATION('',(#11,#2214),#2226);
#2214 = MANIFOLD_SOLID_BREP('',#2215);
#2215 = CLOSED_SHELL('',(#2216));
#2216 = ADVANCED_FACE('',(#2217),#2221,.T.);
#2217 = FACE_BOUND('',#2218,.T.);
#2218 = VERTEX_LOOP('',#2219);
#2219 = VERTEX_POINT('',#2220);
#2220 = CARTESIAN_POINT('',(8.266365894245E-18,-2.024675706594E-33,
    -0.135));
#2221 = SPHERICAL_SURFACE('',#2222,0.135);
#2222 = AXIS2_PLACEMENT_3D('',#2223,#2224,#2225);
#2223 = CARTESIAN_POINT('',(0.,0.,0.));
#2224 = DIRECTION('',(0.,0.,1.));
#2225 = DIRECTION('',(1.,0.,-0.));
#2226 = ( GEOMETRIC_REPRESENTATION_CONTEXT(3) 
GLOBAL_UNCERTAINTY_ASSIGNED_CONTEXT((#2230)) 
GLOBAL_UNIT_ASSIGNED_CONTEXT((#2227,#2228,#2229)) REPRESENTATION_CONTEXT
('Context #1','3D Context with UNIT and UNCERTAINTY') );
#2227 = ( LENGTH_UNIT() NAMED_UNIT(*) SI_UNIT(.MILLI.,.METRE.) );
#2228 = ( NAMED_UNIT(*) PLANE_ANGLE_UNIT() SI_UNIT($,.RADIAN.) );
#2229 = ( NAMED_UNIT(*) SI_UNIT($,.STERADIAN.) SOLID_ANGLE_UNIT() );
#2230 = UNCERTAINTY_MEASURE_WITH_UNIT(LENGTH_MEASURE(1.E-07),#2227,
  'distance_accuracy_value','confusion accuracy');
#2231 = SHAPE_DEFINITION_REPRESENTATION(#2232,#2213);
#2232 = PRODUCT_DEFINITION_SHAPE('','',#2233);
#2233 = PRODUCT_DEFINITION('design','',#2234,#2237);
#2234 = PRODUCT_DEFINITION_FORMATION('','',#2235);
#2235 = PRODUCT('E1','E1','',(#2236));
#2236 = PRODUCT_CONTEXT('',#2,'mechanical');
#2237 = PRODUCT_DEFINITION_CONTEXT('part definition',#2,'design');
#2238 = CONTEXT_DEPENDENT_SHAPE_REPRESENTATION(#2239,#2241);
#2239 = ( REPRESENTATION_RELATIONSHIP('','',#2213,#10) 
REPRESENTATION_RELATIONSHIP_WITH_TRANSFORMATION(#2240) 
SHAPE_REPRESENTATION_RELATIONSHIP() );
#2240 = ITEM_DEFINED_TRANSFORMATION('','',#11,#223);
#2241 = PRODUCT_DEFINITION_SHAPE('Placement','Placement of an item',
  #2242);
#2242 = NEXT_ASSEMBLY_USAGE_OCCURRENCE('53','=>[0:1:1:54]','',#5,#2233,$
  );
#2243 = PRODUCT_RELATED_PRODUCT_CATEGORY('part',$,(#2235));
#2244 = ADVANCED_BREP_SHAPE_REPRESENTATION('',(#11,#2245),#2257);
#2245 = MANIFOLD_SOLID_BREP('',#2246);
#2246 = CLOSED_SHELL('',(#2247));
#2247 = ADVANCED_FACE('',(#2248),#2252,.T.);
#2248 = FACE_BOUND('',#2249,.T.);
#2249 = VERTEX_LOOP('',#2250);
#2250 = VERTEX_POINT('',#2251);
#2251 = CARTESIAN_POINT('',(8.266365894245E-18,-2.024675706594E-33,
    -0.135));
#2252 = SPHERICAL_SURFACE('',#2253,0.135);
#2253 = AXIS2_PLACEMENT_3D('',#2254,#2255,#2256);
#2254 = CARTESIAN_POINT('',(0.,0.,0.));
#2255 = DIRECTION('',(0.,0.,1.));
#2256 = DIRECTION('',(1.,0.,-0.));
#2257 = ( GEOMETRIC_REPRESENTATION_CONTEXT(3) 
GLOBAL_UNCERTAINTY_ASSIGNED_CONTEXT((#2261)) 
GLOBAL_UNIT_ASSIGNED_CONTEXT((#2258,#2259,#2260)) REPRESENTATION_CONTEXT
('Context #1','3D Context with UNIT and UNCERTAINTY') );
#2258 = ( LENGTH_UNIT() NAMED_UNIT(*) SI_UNIT(.MILLI.,.METRE.) );
#2259 = ( NAMED_UNIT(*) PLANE_ANGLE_UNIT() SI_UNIT($,.RADIAN.) );
#2260 = ( NAMED_UNIT(*) SI_UNIT($,.STERADIAN.) SOLID_ANGLE_UNIT() );
#2261 = UNCERTAINTY_MEASURE_WITH_UNIT(LENGTH_MEASURE(1.E-07),#2258,
  'distance_accuracy_value','confusion accuracy');
#2262 = SHAPE_DEFINITION_REPRESENTATION(#2263,#2244);
#2263 = PRODUCT_DEFINITION_SHAPE('','',#2264);
#2264 = PRODUCT_DEFINITION('design','',#2265,#2268);
#2265 = PRODUCT_DEFINITION_FORMATION('','',#2266);
#2266 = PRODUCT('E2','E2','',(#2267));
#2267 = PRODUCT_CONTEXT('',#2,'mechanical');
#2268 = PRODUCT_DEFINITION_CONTEXT('part definition',#2,'design');
#2269 = CONTEXT_DEPENDENT_SHAPE_REPRESENTATION(#2270,#2272);
#2270 = ( REPRESENTATION_RELATIONSHIP('','',#2244,#10) 
REPRESENTATION_RELATIONSHIP_WITH_TRANSFORMATION(#2271) 
SHAPE_REPRESENTATION_RELATIONSHIP() );
#2271 = ITEM_DEFINED_TRANSFORMATION('','',#11,#227);
#2272 = PRODUCT_DEFINITION_SHAPE('Placement','Placement of an item',
  #2273);
#2273 = NEXT_ASSEMBLY_USAGE_OCCURRENCE('54','=>[0:1:1:55]','',#5,#2264,$
  );
#2274 = PRODUCT_RELATED_PRODUCT_CATEGORY('part',$,(#2266));
#2275 = ADVANCED_BREP_SHAPE_REPRESENTATION('',(#11,#2276),#2288);
#2276 = MANIFOLD_SOLID_BREP('',#2277);
#2277 = CLOSED_SHELL('',(#2278));
#2278 = ADVANCED_FACE('',(#2279),#2283,.T.);
#2279 = FACE_BOUND('',#2280,.T.);
#2280 = VERTEX_LOOP('',#2281);
#2281 = VERTEX_POINT('',#2282);
#2282 = CARTESIAN_POINT('',(8.266365894245E-18,-2.024675706594E-33,
    -0.135));
#2283 = SPHERICAL_SURFACE('',#2284,0.135);
#2284 = AXIS2_PLACEMENT_3D('',#2285,#2286,#2287);
#2285 = CARTESIAN_POINT('',(0.,0.,0.));
#2286 = DIRECTION('',(0.,0.,1.));
#2287 = DIRECTION('',(1.,0.,-0.));
#2288 = ( GEOMETRIC_REPRESENTATION_CONTEXT(3) 
GLOBAL_UNCERTAINTY_ASSIGNED_CONTEXT((#2292)) 
GLOBAL_UNIT_ASSIGNED_CONTEXT((#2289,#2290,#2291)) REPRESENTATION_CONTEXT
('Context #1','3D Context with UNIT and UNCERTAINTY') );
#2289 = ( LENGTH_UNIT() NAMED_UNIT(*) SI_UNIT(.MILLI.,.METRE.) );
#2290 = ( NAMED_UNIT(*) PLANE_ANGLE_UNIT() SI_UNIT($,.RADIAN.) );
#2291 = ( NAMED_UNIT(*) SI_UNIT($,.STERADIAN.) SOLID_ANGLE_UNIT() );
#2292 = UNCERTAINTY_MEASURE_WITH_UNIT(LENGTH_MEASURE(1.E-07),#2289,
  'distance_accuracy_value','confusion accuracy');
#2293 = SHAPE_DEFINITION_REPRESENTATION(#2294,#2275);
#2294 = PRODUCT_DEFINITION_SHAPE('','',#2295);
#2295 = PRODUCT_DEFINITION('design','',#2296,#2299);
#2296 = PRODUCT_DEFINITION_FORMATION('','',#2297);
#2297 = PRODUCT('E3','E3','',(#2298));
#2298 = PRODUCT_CONTEXT('',#2,'mechanical');
#2299 = PRODUCT_DEFINITION_CONTEXT('part definition',#2,'design');
#2300 = CONTEXT_DEPENDENT_SHAPE_REPRESENTATION(#2301,#2303);
#2301 = ( REPRESENTATION_RELATIONSHIP('','',#2275,#10) 
REPRESENTATION_RELATIONSHIP_WITH_TRANSFORMATION(#2302) 
SHAPE_REPRESENTATION_RELATIONSHIP() );
#2302 = ITEM_DEFINED_TRANSFORMATION('','',#11,#231);
#2303 = PRODUCT_DEFINITION_SHAPE('Placement','Placement of an item',
  #2304);
#2304 = NEXT_ASSEMBLY_USAGE_OCCURRENCE('55','=>[0:1:1:56]','',#5,#2295,$
  );
#2305 = PRODUCT_RELATED_PRODUCT_CATEGORY('part',$,(#2297));
#2306 = ADVANCED_BREP_SHAPE_REPRESENTATION('',(#11,#2307),#2319);
#2307 = MANIFOLD_SOLID_BREP('',#2308);
#2308 = CLOSED_SHELL('',(#2309));
#2309 = ADVANCED_FACE('',(#2310),#2314,.T.);
#2310 = FACE_BOUND('',#2311,.T.);
#2311 = VERTEX_LOOP('',#2312);
#2312 = VERTEX_POINT('',#2313);
#2313 = CARTESIAN_POINT('',(8.266365894245E-18,-2.024675706594E-33,
    -0.135));
#2314 = SPHERICAL_SURFACE('',#2315,0.135);
#2315 = AXIS2_PLACEMENT_3D('',#2316,#2317,#2318);
#2316 = CARTESIAN_POINT('',(0.,0.,0.));
#2317 = DIRECTION('',(0.,0.,1.));
#2318 = DIRECTION('',(1.,0.,-0.));
#2319 = ( GEOMETRIC_REPRESENTATION_CONTEXT(3) 
GLOBAL_UNCERTAINTY_ASSIGNED_CONTEXT((#2323)) 
GLOBAL_UNIT_ASSIGNED_CONTEXT((#2320,#2321,#2322)) REPRESENTATION_CONTEXT
('Context #1','3D Context with UNIT and UNCERTAINTY') );
#2320 = ( LENGTH_UNIT() NAMED_UNIT(*) SI_UNIT(.MILLI.,.METRE.) );
#2321 = ( NAMED_UNIT(*) PLANE_ANGLE_UNIT() SI_UNIT($,.RADIAN.) );
#2322 = ( NAMED_UNIT(*) SI_UNIT($,.STERADIAN.) SOLID_ANGLE_UNIT() );
#2323 = UNCERTAINTY_MEASURE_WITH_UNIT(LENGTH_MEASURE(1.E-07),#2320,
  'distance_accuracy_value','confusion accuracy');
#2324 = SHAPE_DEFINITION_REPRESENTATION(#2325,#2306);
#2325 = PRODUCT_DEFINITION_SHAPE('','',#2326);
#2326 = PRODUCT_DEFINITION('design','',#2327,#2330);
#2327 = PRODUCT_DEFINITION_FORMATION('','',#2328);
#2328 = PRODUCT('E4','E4','',(#2329));
#2329 = PRODUCT_CONTEXT('',#2,'mechanical');
#2330 = PRODUCT_DEFINITION_CONTEXT('part definition',#2,'design');
#2331 = CONTEXT_DEPENDENT_SHAPE_REPRESENTATION(#2332,#2334);
#2332 = ( REPRESENTATION_RELATIONSHIP('','',#2306,#10) 
REPRESENTATION_RELATIONSHIP_WITH_TRANSFORMATION(#2333) 
SHAPE_REPRESENTATION_RELATIONSHIP() );
#2333 = ITEM_DEFINED_TRANSFORMATION('','',#11,#235);
#2334 = PRODUCT_DEFINITION_SHAPE('Placement','Placement of an item',
  #2335);
#2335 = NEXT_ASSEMBLY_USAGE_OCCURRENCE('56','=>[0:1:1:57]','',#5,#2326,$
  );
#2336 = PRODUCT_RELATED_PRODUCT_CATEGORY('part',$,(#2328));
#2337 = ADVANCED_BREP_SHAPE_REPRESENTATION('',(#11,#2338),#2350);
#2338 = MANIFOLD_SOLID_BREP('',#2339);
#2339 = CLOSED_SHELL('',(#2340));
#2340 = ADVANCED_FACE('',(#2341),#2345,.T.);
#2341 = FACE_BOUND('',#2342,.T.);
#2342 = VERTEX_LOOP('',#2343);
#2343 = VERTEX_POINT('',#2344);
#2344 = CARTESIAN_POINT('',(8.266365894245E-18,-2.024675706594E-33,
    -0.135));
#2345 = SPHERICAL_SURFACE('',#2346,0.135);
#2346 = AXIS2_PLACEMENT_3D('',#2347,#2348,#2349);
#2347 = CARTESIAN_POINT('',(0.,0.,0.));
#2348 = DIRECTION('',(0.,0.,1.));
#2349 = DIRECTION('',(1.,0.,-0.));
#2350 = ( GEOMETRIC_REPRESENTATION_CONTEXT(3) 
GLOBAL_UNCERTAINTY_ASSIGNED_CONTEXT((#2354)) 
GLOBAL_UNIT_ASSIGNED_CONTEXT((#2351,#2352,#2353)) REPRESENTATION_CONTEXT
('Context #1','3D Context with UNIT and UNCERTAINTY') );
#2351 = ( LENGTH_UNIT() NAMED_UNIT(*) SI_UNIT(.MILLI.,.METRE.) );
#2352 = ( NAMED_UNIT(*) PLANE_ANGLE_UNIT() SI_UNIT($,.RADIAN.) );
#2353 = ( NAMED_UNIT(*) SI_UNIT($,.STERADIAN.) SOLID_ANGLE_UNIT() );
#2354 = UNCERTAINTY_MEASURE_WITH_UNIT(LENGTH_MEASURE(1.E-07),#2351,
  'distance_accuracy_value','confusion accuracy');
#2355 = SHAPE_DEFINITION_REPRESENTATION(#2356,#2337);
#2356 = PRODUCT_DEFINITION_SHAPE('','',#2357);
#2357 = PRODUCT_DEFINITION('design','',#2358,#2361);
#2358 = PRODUCT_DEFINITION_FORMATION('','',#2359);
#2359 = PRODUCT('E10','E10','',(#2360));
#2360 = PRODUCT_CONTEXT('',#2,'mechanical');
#2361 = PRODUCT_DEFINITION_CONTEXT('part definition',#2,'design');
#2362 = CONTEXT_DEPENDENT_SHAPE_REPRESENTATION(#2363,#2365);
#2363 = ( REPRESENTATION_RELATIONSHIP('','',#2337,#10) 
REPRESENTATION_RELATIONSHIP_WITH_TRANSFORMATION(#2364) 
SHAPE_REPRESENTATION_RELATIONSHIP() );
#2364 = ITEM_DEFINED_TRANSFORMATION('','',#11,#239);
#2365 = PRODUCT_DEFINITION_SHAPE('Placement','Placement of an item',
  #2366);
#2366 = NEXT_ASSEMBLY_USAGE_OCCURRENCE('57','=>[0:1:1:58]','',#5,#2357,$
  );
#2367 = PRODUCT_RELATED_PRODUCT_CATEGORY('part',$,(#2359));
#2368 = ADVANCED_BREP_SHAPE_REPRESENTATION('',(#11,#2369),#2381);
#2369 = MANIFOLD_SOLID_BREP('',#2370);
#2370 = CLOSED_SHELL('',(#2371));
#2371 = ADVANCED_FACE('',(#2372),#2376,.T.);
#2372 = FACE_BOUND('',#2373,.T.);
#2373 = VERTEX_LOOP('',#2374);
#2374 = VERTEX_POINT('',#2375);
#2375 = CARTESIAN_POINT('',(8.266365894245E-18,-2.024675706594E-33,
    -0.135));
#2376 = SPHERICAL_SURFACE('',#2377,0.135);
#2377 = AXIS2_PLACEMENT_3D('',#2378,#2379,#2380);
#2378 = CARTESIAN_POINT('',(0.,0.,0.));
#2379 = DIRECTION('',(0.,0.,1.));
#2380 = DIRECTION('',(1.,0.,-0.));
#2381 = ( GEOMETRIC_REPRESENTATION_CONTEXT(3) 
GLOBAL_UNCERTAINTY_ASSIGNED_CONTEXT((#2385)) 
GLOBAL_UNIT_ASSIGNED_CONTEXT((#2382,#2383,#2384)) REPRESENTATION_CONTEXT
('Context #1','3D Context with UNIT and UNCERTAINTY') );
#2382 = ( LENGTH_UNIT() NAMED_UNIT(*) SI_UNIT(.MILLI.,.METRE.) );
#2383 = ( NAMED_UNIT(*) PLANE_ANGLE_UNIT() SI_UNIT($,.RADIAN.) );
#2384 = ( NAMED_UNIT(*) SI_UNIT($,.STERADIAN.) SOLID_ANGLE_UNIT() );
#2385 = UNCERTAINTY_MEASURE_WITH_UNIT(LENGTH_MEASURE(1.E-07),#2382,
  'distance_accuracy_value','confusion accuracy');
#2386 = SHAPE_DEFINITION_REPRESENTATION(#2387,#2368);
#2387 = PRODUCT_DEFINITION_SHAPE('','',#2388);
#2388 = PRODUCT_DEFINITION('design','',#2389,#2392);
#2389 = PRODUCT_DEFINITION_FORMATION('','',#2390);
#2390 = PRODUCT('E11','E11','',(#2391));
#2391 = PRODUCT_CONTEXT('',#2,'mechanical');
#2392 = PRODUCT_DEFINITION_CONTEXT('part definition',#2,'design');
#2393 = CONTEXT_DEPENDENT_SHAPE_REPRESENTATION(#2394,#2396);
#2394 = ( REPRESENTATION_RELATIONSHIP('','',#2368,#10) 
REPRESENTATION_RELATIONSHIP_WITH_TRANSFORMATION(#2395) 
SHAPE_REPRESENTATION_RELATIONSHIP() );
#2395 = ITEM_DEFINED_TRANSFORMATION('','',#11,#243);
#2396 = PRODUCT_DEFINITION_SHAPE('Placement','Placement of an item',
  #2397);
#2397 = NEXT_ASSEMBLY_USAGE_OCCURRENCE('58','=>[0:1:1:59]','',#5,#2388,$
  );
#2398 = PRODUCT_RELATED_PRODUCT_CATEGORY('part',$,(#2390));
#2399 = ADVANCED_BREP_SHAPE_REPRESENTATION('',(#11,#2400),#2412);
#2400 = MANIFOLD_SOLID_BREP('',#2401);
#2401 = CLOSED_SHELL('',(#2402));
#2402 = ADVANCED_FACE('',(#2403),#2407,.T.);
#2403 = FACE_BOUND('',#2404,.T.);
#2404 = VERTEX_LOOP('',#2405);
#2405 = VERTEX_POINT('',#2406);
#2406 = CARTESIAN_POINT('',(8.266365894245E-18,-2.024675706594E-33,
    -0.135));
#2407 = SPHERICAL_SURFACE('',#2408,0.135);
#2408 = AXIS2_PLACEMENT_3D('',#2409,#2410,#2411);
#2409 = CARTESIAN_POINT('',(0.,0.,0.));
#2410 = DIRECTION('',(0.,0.,1.));
#2411 = DIRECTION('',(1.,0.,-0.));
#2412 = ( GEOMETRIC_REPRESENTATION_CONTEXT(3) 
GLOBAL_UNCERTAINTY_ASSIGNED_CONTEXT((#2416)) 
GLOBAL_UNIT_ASSIGNED_CONTEXT((#2413,#2414,#2415)) REPRESENTATION_CONTEXT
('Context #1','3D Context with UNIT and UNCERTAINTY') );
#2413 = ( LENGTH_UNIT() NAMED_UNIT(*) SI_UNIT(.MILLI.,.METRE.) );
#2414 = ( NAMED_UNIT(*) PLANE_ANGLE_UNIT() SI_UNIT($,.RADIAN.) );
#2415 = ( NAMED_UNIT(*) SI_UNIT($,.STERADIAN.) SOLID_ANGLE_UNIT() );
#2416 = UNCERTAINTY_MEASURE_WITH_UNIT(LENGTH_MEASURE(1.E-07),#2413,
  'distance_accuracy_value','confusion accuracy');
#2417 = SHAPE_DEFINITION_REPRESENTATION(#2418,#2399);
#2418 = PRODUCT_DEFINITION_SHAPE('','',#2419);
#2419 = PRODUCT_DEFINITION('design','',#2420,#2423);
#2420 = PRODUCT_DEFINITION_FORMATION('','',#2421);
#2421 = PRODUCT('E12','E12','',(#2422));
#2422 = PRODUCT_CONTEXT('',#2,'mechanical');
#2423 = PRODUCT_DEFINITION_CONTEXT('part definition',#2,'design');
#2424 = CONTEXT_DEPENDENT_SHAPE_REPRESENTATION(#2425,#2427);
#2425 = ( REPRESENTATION_RELATIONSHIP('','',#2399,#10) 
REPRESENTATION_RELATIONSHIP_WITH_TRANSFORMATION(#2426) 
SHAPE_REPRESENTATION_RELATIONSHIP() );
#2426 = ITEM_DEFINED_TRANSFORMATION('','',#11,#247);
#2427 = PRODUCT_DEFINITION_SHAPE('Placement','Placement of an item',
  #2428);
#2428 = NEXT_ASSEMBLY_USAGE_OCCURRENCE('59','=>[0:1:1:60]','',#5,#2419,$
  );
#2429 = PRODUCT_RELATED_PRODUCT_CATEGORY('part',$,(#2421));
#2430 = ADVANCED_BREP_SHAPE_REPRESENTATION('',(#11,#2431),#2443);
#2431 = MANIFOLD_SOLID_BREP('',#2432);
#2432 = CLOSED_SHELL('',(#2433));
#2433 = ADVANCED_FACE('',(#2434),#2438,.T.);
#2434 = FACE_BOUND('',#2435,.T.);
#2435 = VERTEX_LOOP('',#2436);
#2436 = VERTEX_POINT('',#2437);
#2437 = CARTESIAN_POINT('',(8.266365894245E-18,-2.024675706594E-33,
    -0.135));
#2438 = SPHERICAL_SURFACE('',#2439,0.135);
#2439 = AXIS2_PLACEMENT_3D('',#2440,#2441,#2442);
#2440 = CARTESIAN_POINT('',(0.,0.,0.));
#2441 = DIRECTION('',(0.,0.,1.));
#2442 = DIRECTION('',(1.,0.,-0.));
#2443 = ( GEOMETRIC_REPRESENTATION_CONTEXT(3) 
GLOBAL_UNCERTAINTY_ASSIGNED_CONTEXT((#2447)) 
GLOBAL_UNIT_ASSIGNED_CONTEXT((#2444,#2445,#2446)) REPRESENTATION_CONTEXT
('Context #1','3D Context with UNIT and UNCERTAINTY') );
#2444 = ( LENGTH_UNIT() NAMED_UNIT(*) SI_UNIT(.MILLI.,.METRE.) );
#2445 = ( NAMED_UNIT(*) PLANE_ANGLE_UNIT() SI_UNIT($,.RADIAN.) );
#2446 = ( NAMED_UNIT(*) SI_UNIT($,.STERADIAN.) SOLID_ANGLE_UNIT() );
#2447 = UNCERTAINTY_MEASURE_WITH_UNIT(LENGTH_MEASURE(1.E-07),#2444,
  'distance_accuracy_value','confusion accuracy');
#2448 = SHAPE_DEFINITION_REPRESENTATION(#2449,#2430);
#2449 = PRODUCT_DEFINITION_SHAPE('','',#2450);
#2450 = PRODUCT_DEFINITION('design','',#2451,#2454);
#2451 = PRODUCT_DEFINITION_FORMATION('','',#2452);
#2452 = PRODUCT('E13','E13','',(#2453));
#2453 = PRODUCT_CONTEXT('',#2,'mechanical');
#2454 = PRODUCT_DEFINITION_CONTEXT('part definition',#2,'design');
#2455 = CONTEXT_DEPENDENT_SHAPE_REPRESENTATION(#2456,#2458);
#2456 = ( REPRESENTATION_RELATIONSHIP('','',#2430,#10) 
REPRESENTATION_RELATIONSHIP_WITH_TRANSFORMATION(#2457) 
SHAPE_REPRESENTATION_RELATIONSHIP() );
#2457 = ITEM_DEFINED_TRANSFORMATION('','',#11,#251);
#2458 = PRODUCT_DEFINITION_SHAPE('Placement','Placement of an item',
  #2459);
#2459 = NEXT_ASSEMBLY_USAGE_OCCURRENCE('60','=>[0:1:1:61]','',#5,#2450,$
  );
#2460 = PRODUCT_RELATED_PRODUCT_CATEGORY('part',$,(#2452));
#2461 = ADVANCED_BREP_SHAPE_REPRESENTATION('',(#11,#2462),#2474);
#2462 = MANIFOLD_SOLID_BREP('',#2463);
#2463 = CLOSED_SHELL('',(#2464));
#2464 = ADVANCED_FACE('',(#2465),#2469,.T.);
#2465 = FACE_BOUND('',#2466,.T.);
#2466 = VERTEX_LOOP('',#2467);
#2467 = VERTEX_POINT('',#2468);
#2468 = CARTESIAN_POINT('',(8.266365894245E-18,-2.024675706594E-33,
    -0.135));
#2469 = SPHERICAL_SURFACE('',#2470,0.135);
#2470 = AXIS2_PLACEMENT_3D('',#2471,#2472,#2473);
#2471 = CARTESIAN_POINT('',(0.,0.,0.));
#2472 = DIRECTION('',(0.,0.,1.));
#2473 = DIRECTION('',(1.,0.,-0.));
#2474 = ( GEOMETRIC_REPRESENTATION_CONTEXT(3) 
GLOBAL_UNCERTAINTY_ASSIGNED_CONTEXT((#2478)) 
GLOBAL_UNIT_ASSIGNED_CONTEXT((#2475,#2476,#2477)) REPRESENTATION_CONTEXT
('Context #1','3D Context with UNIT and UNCERTAINTY') );
#2475 = ( LENGTH_UNIT() NAMED_UNIT(*) SI_UNIT(.MILLI.,.METRE.) );
#2476 = ( NAMED_UNIT(*) PLANE_ANGLE_UNIT() SI_UNIT($,.RADIAN.) );
#2477 = ( NAMED_UNIT(*) SI_UNIT($,.STERADIAN.) SOLID_ANGLE_UNIT() );
#2478 = UNCERTAINTY_MEASURE_WITH_UNIT(LENGTH_MEASURE(1.E-07),#2475,
  'distance_accuracy_value','confusion accuracy');
#2479 = SHAPE_DEFINITION_REPRESENTATION(#2480,#2461);
#2480 = PRODUCT_DEFINITION_SHAPE('','',#2481);
#2481 = PRODUCT_DEFINITION('design','',#2482,#2485);
#2482 = PRODUCT_DEFINITION_FORMATION('','',#2483);
#2483 = PRODUCT('F1','F1','',(#2484));
#2484 = PRODUCT_CONTEXT('',#2,'mechanical');
#2485 = PRODUCT_DEFINITION_CONTEXT('part definition',#2,'design');
#2486 = CONTEXT_DEPENDENT_SHAPE_REPRESENTATION(#2487,#2489);
#2487 = ( REPRESENTATION_RELATIONSHIP('','',#2461,#10) 
REPRESENTATION_RELATIONSHIP_WITH_TRANSFORMATION(#2488) 
SHAPE_REPRESENTATION_RELATIONSHIP() );
#2488 = ITEM_DEFINED_TRANSFORMATION('','',#11,#255);
#2489 = PRODUCT_DEFINITION_SHAPE('Placement','Placement of an item',
  #2490);
#2490 = NEXT_ASSEMBLY_USAGE_OCCURRENCE('61','=>[0:1:1:62]','',#5,#2481,$
  );
#2491 = PRODUCT_RELATED_PRODUCT_CATEGORY('part',$,(#2483));
#2492 = ADVANCED_BREP_SHAPE_REPRESENTATION('',(#11,#2493),#2505);
#2493 = MANIFOLD_SOLID_BREP('',#2494);
#2494 = CLOSED_SHELL('',(#2495));
#2495 = ADVANCED_FACE('',(#2496),#2500,.T.);
#2496 = FACE_BOUND('',#2497,.T.);
#2497 = VERTEX_LOOP('',#2498);
#2498 = VERTEX_POINT('',#2499);
#2499 = CARTESIAN_POINT('',(8.266365894245E-18,-2.024675706594E-33,
    -0.135));
#2500 = SPHERICAL_SURFACE('',#2501,0.135);
#2501 = AXIS2_PLACEMENT_3D('',#2502,#2503,#2504);
#2502 = CARTESIAN_POINT('',(0.,0.,0.));
#2503 = DIRECTION('',(0.,0.,1.));
#2504 = DIRECTION('',(1.,0.,-0.));
#2505 = ( GEOMETRIC_REPRESENTATION_CONTEXT(3) 
GLOBAL_UNCERTAINTY_ASSIGNED_CONTEXT((#2509)) 
GLOBAL_UNIT_ASSIGNED_CONTEXT((#2506,#2507,#2508)) REPRESENTATION_CONTEXT
('Context #1','3D Context with UNIT and UNCERTAINTY') );
#2506 = ( LENGTH_UNIT() NAMED_UNIT(*) SI_UNIT(.MILLI.,.METRE.) );
#2507 = ( NAMED_UNIT(*) PLANE_ANGLE_UNIT() SI_UNIT($,.RADIAN.) );
#2508 = ( NAMED_UNIT(*) SI_UNIT($,.STERADIAN.) SOLID_ANGLE_UNIT() );
#2509 = UNCERTAINTY_MEASURE_WITH_UNIT(LENGTH_MEASURE(1.E-07),#2506,
  'distance_accuracy_value','confusion accuracy');
#2510 = SHAPE_DEFINITION_REPRESENTATION(#2511,#2492);
#2511 = PRODUCT_DEFINITION_SHAPE('','',#2512);
#2512 = PRODUCT_DEFINITION('design','',#2513,#2516);
#2513 = PRODUCT_DEFINITION_FORMATION('','',#2514);
#2514 = PRODUCT('F2','F2','',(#2515));
#2515 = PRODUCT_CONTEXT('',#2,'mechanical');
#2516 = PRODUCT_DEFINITION_CONTEXT('part definition',#2,'design');
#2517 = CONTEXT_DEPENDENT_SHAPE_REPRESENTATION(#2518,#2520);
#2518 = ( REPRESENTATION_RELATIONSHIP('','',#2492,#10) 
REPRESENTATION_RELATIONSHIP_WITH_TRANSFORMATION(#2519) 
SHAPE_REPRESENTATION_RELATIONSHIP() );
#2519 = ITEM_DEFINED_TRANSFORMATION('','',#11,#259);
#2520 = PRODUCT_DEFINITION_SHAPE('Placement','Placement of an item',
  #2521);
#2521 = NEXT_ASSEMBLY_USAGE_OCCURRENCE('62','=>[0:1:1:63]','',#5,#2512,$
  );
#2522 = PRODUCT_RELATED_PRODUCT_CATEGORY('part',$,(#2514));
#2523 = ADVANCED_BREP_SHAPE_REPRESENTATION('',(#11,#2524),#2536);
#2524 = MANIFOLD_SOLID_BREP('',#2525);
#2525 = CLOSED_SHELL('',(#2526));
#2526 = ADVANCED_FACE('',(#2527),#2531,.T.);
#2527 = FACE_BOUND('',#2528,.T.);
#2528 = VERTEX_LOOP('',#2529);
#2529 = VERTEX_POINT('',#2530);
#2530 = CARTESIAN_POINT('',(8.266365894245E-18,-2.024675706594E-33,
    -0.135));
#2531 = SPHERICAL_SURFACE('',#2532,0.135);
#2532 = AXIS2_PLACEMENT_3D('',#2533,#2534,#2535);
#2533 = CARTESIAN_POINT('',(0.,0.,0.));
#2534 = DIRECTION('',(0.,0.,1.));
#2535 = DIRECTION('',(1.,0.,-0.));
#2536 = ( GEOMETRIC_REPRESENTATION_CONTEXT(3) 
GLOBAL_UNCERTAINTY_ASSIGNED_CONTEXT((#2540)) 
GLOBAL_UNIT_ASSIGNED_CONTEXT((#2537,#2538,#2539)) REPRESENTATION_CONTEXT
('Context #1','3D Context with UNIT and UNCERTAINTY') );
#2537 = ( LENGTH_UNIT() NAMED_UNIT(*) SI_UNIT(.MILLI.,.METRE.) );
#2538 = ( NAMED_UNIT(*) PLANE_ANGLE_UNIT() SI_UNIT($,.RADIAN.) );
#2539 = ( NAMED_UNIT(*) SI_UNIT($,.STERADIAN.) SOLID_ANGLE_UNIT() );
#2540 = UNCERTAINTY_MEASURE_WITH_UNIT(LENGTH_MEASURE(1.E-07),#2537,
  'distance_accuracy_value','confusion accuracy');
#2541 = SHAPE_DEFINITION_REPRESENTATION(#2542,#2523);
#2542 = PRODUCT_DEFINITION_SHAPE('','',#2543);
#2543 = PRODUCT_DEFINITION('design','',#2544,#2547);
#2544 = PRODUCT_DEFINITION_FORMATION('','',#2545);
#2545 = PRODUCT('F3','F3','',(#2546));
#2546 = PRODUCT_CONTEXT('',#2,'mechanical');
#2547 = PRODUCT_DEFINITION_CONTEXT('part definition',#2,'design');
#2548 = CONTEXT_DEPENDENT_SHAPE_REPRESENTATION(#2549,#2551);
#2549 = ( REPRESENTATION_RELATIONSHIP('','',#2523,#10) 
REPRESENTATION_RELATIONSHIP_WITH_TRANSFORMATION(#2550) 
SHAPE_REPRESENTATION_RELATIONSHIP() );
#2550 = ITEM_DEFINED_TRANSFORMATION('','',#11,#263);
#2551 = PRODUCT_DEFINITION_SHAPE('Placement','Placement of an item',
  #2552);
#2552 = NEXT_ASSEMBLY_USAGE_OCCURRENCE('63','=>[0:1:1:64]','',#5,#2543,$
  );
#2553 = PRODUCT_RELATED_PRODUCT_CATEGORY('part',$,(#2545));
#2554 = ADVANCED_BREP_SHAPE_REPRESENTATION('',(#11,#2555),#2567);
#2555 = MANIFOLD_SOLID_BREP('',#2556);
#2556 = CLOSED_SHELL('',(#2557));
#2557 = ADVANCED_FACE('',(#2558),#2562,.T.);
#2558 = FACE_BOUND('',#2559,.T.);
#2559 = VERTEX_LOOP('',#2560);
#2560 = VERTEX_POINT('',#2561);
#2561 = CARTESIAN_POINT('',(8.266365894245E-18,-2.024675706594E-33,
    -0.135));
#2562 = SPHERICAL_SURFACE('',#2563,0.135);
#2563 = AXIS2_PLACEMENT_3D('',#2564,#2565,#2566);
#2564 = CARTESIAN_POINT('',(0.,0.,0.));
#2565 = DIRECTION('',(0.,0.,1.));
#2566 = DIRECTION('',(1.,0.,-0.));
#2567 = ( GEOMETRIC_REPRESENTATION_CONTEXT(3) 
GLOBAL_UNCERTAINTY_ASSIGNED_CONTEXT((#2571)) 
GLOBAL_UNIT_ASSIGNED_CONTEXT((#2568,#2569,#2570)) REPRESENTATION_CONTEXT
('Context #1','3D Context with UNIT and UNCERTAINTY') );
#2568 = ( LENGTH_UNIT() NAMED_UNIT(*) SI_UNIT(.MILLI.,.METRE.) );
#2569 = ( NAMED_UNIT(*) PLANE_ANGLE_UNIT() SI_UNIT($,.RADIAN.) );
#2570 = ( NAMED_UNIT(*) SI_UNIT($,.STERADIAN.) SOLID_ANGLE_UNIT() );
#2571 = UNCERTAINTY_MEASURE_WITH_UNIT(LENGTH_MEASURE(1.E-07),#2568,
  'distance_accuracy_value','confusion accuracy');
#2572 = SHAPE_DEFINITION_REPRESENTATION(#2573,#2554);
#2573 = PRODUCT_DEFINITION_SHAPE('','',#2574);
#2574 = PRODUCT_DEFINITION('design','',#2575,#2578);
#2575 = PRODUCT_DEFINITION_FORMATION('','',#2576);
#2576 = PRODUCT('F4','F4','',(#2577));
#2577 = PRODUCT_CONTEXT('',#2,'mechanical');
#2578 = PRODUCT_DEFINITION_CONTEXT('part definition',#2,'design');
#2579 = CONTEXT_DEPENDENT_SHAPE_REPRESENTATION(#2580,#2582);
#2580 = ( REPRESENTATION_RELATIONSHIP('','',#2554,#10) 
REPRESENTATION_RELATIONSHIP_WITH_TRANSFORMATION(#2581) 
SHAPE_REPRESENTATION_RELATIONSHIP() );
#2581 = ITEM_DEFINED_TRANSFORMATION('','',#11,#267);
#2582 = PRODUCT_DEFINITION_SHAPE('Placement','Placement of an item',
  #2583);
#2583 = NEXT_ASSEMBLY_USAGE_OCCURRENCE('64','=>[0:1:1:65]','',#5,#2574,$
  );
#2584 = PRODUCT_RELATED_PRODUCT_CATEGORY('part',$,(#2576));
#2585 = ADVANCED_BREP_SHAPE_REPRESENTATION('',(#11,#2586),#2598);
#2586 = MANIFOLD_SOLID_BREP('',#2587);
#2587 = CLOSED_SHELL('',(#2588));
#2588 = ADVANCED_FACE('',(#2589),#2593,.T.);
#2589 = FACE_BOUND('',#2590,.T.);
#2590 = VERTEX_LOOP('',#2591);
#2591 = VERTEX_POINT('',#2592);
#2592 = CARTESIAN_POINT('',(8.266365894245E-18,-2.024675706594E-33,
    -0.135));
#2593 = SPHERICAL_SURFACE('',#2594,0.135);
#2594 = AXIS2_PLACEMENT_3D('',#2595,#2596,#2597);
#2595 = CARTESIAN_POINT('',(0.,0.,0.));
#2596 = DIRECTION('',(0.,0.,1.));
#2597 = DIRECTION('',(1.,0.,-0.));
#2598 = ( GEOMETRIC_REPRESENTATION_CONTEXT(3) 
GLOBAL_UNCERTAINTY_ASSIGNED_CONTEXT((#2602)) 
GLOBAL_UNIT_ASSIGNED_CONTEXT((#2599,#2600,#2601)) REPRESENTATION_CONTEXT
('Context #1','3D Context with UNIT and UNCERTAINTY') );
#2599 = ( LENGTH_UNIT() NAMED_UNIT(*) SI_UNIT(.MILLI.,.METRE.) );
#2600 = ( NAMED_UNIT(*) PLANE_ANGLE_UNIT() SI_UNIT($,.RADIAN.) );
#2601 = ( NAMED_UNIT(*) SI_UNIT($,.STERADIAN.) SOLID_ANGLE_UNIT() );
#2602 = UNCERTAINTY_MEASURE_WITH_UNIT(LENGTH_MEASURE(1.E-07),#2599,
  'distance_accuracy_value','confusion accuracy');
#2603 = SHAPE_DEFINITION_REPRESENTATION(#2604,#2585);
#2604 = PRODUCT_DEFINITION_SHAPE('','',#2605);
#2605 = PRODUCT_DEFINITION('design','',#2606,#2609);
#2606 = PRODUCT_DEFINITION_FORMATION('','',#2607);
#2607 = PRODUCT('F10','F10','',(#2608));
#2608 = PRODUCT_CONTEXT('',#2,'mechanical');
#2609 = PRODUCT_DEFINITION_CONTEXT('part definition',#2,'design');
#2610 = CONTEXT_DEPENDENT_SHAPE_REPRESENTATION(#2611,#2613);
#2611 = ( REPRESENTATION_RELATIONSHIP('','',#2585,#10) 
REPRESENTATION_RELATIONSHIP_WITH_TRANSFORMATION(#2612) 
SHAPE_REPRESENTATION_RELATIONSHIP() );
#2612 = ITEM_DEFINED_TRANSFORMATION('','',#11,#271);
#2613 = PRODUCT_DEFINITION_SHAPE('Placement','Placement of an item',
  #2614);
#2614 = NEXT_ASSEMBLY_USAGE_OCCURRENCE('65','=>[0:1:1:66]','',#5,#2605,$
  );
#2615 = PRODUCT_RELATED_PRODUCT_CATEGORY('part',$,(#2607));
#2616 = ADVANCED_BREP_SHAPE_REPRESENTATION('',(#11,#2617),#2629);
#2617 = MANIFOLD_SOLID_BREP('',#2618);
#2618 = CLOSED_SHELL('',(#2619));
#2619 = ADVANCED_FACE('',(#2620),#2624,.T.);
#2620 = FACE_BOUND('',#2621,.T.);
#2621 = VERTEX_LOOP('',#2622);
#2622 = VERTEX_POINT('',#2623);
#2623 = CARTESIAN_POINT('',(8.266365894245E-18,-2.024675706594E-33,
    -0.135));
#2624 = SPHERICAL_SURFACE('',#2625,0.135);
#2625 = AXIS2_PLACEMENT_3D('',#2626,#2627,#2628);
#2626 = CARTESIAN_POINT('',(0.,0.,0.));
#2627 = DIRECTION('',(0.,0.,1.));
#2628 = DIRECTION('',(1.,0.,-0.));
#2629 = ( GEOMETRIC_REPRESENTATION_CONTEXT(3) 
GLOBAL_UNCERTAINTY_ASSIGNED_CONTEXT((#2633)) 
GLOBAL_UNIT_ASSIGNED_CONTEXT((#2630,#2631,#2632)) REPRESENTATION_CONTEXT
('Context #1','3D Context with UNIT and UNCERTAINTY') );
#2630 = ( LENGTH_UNIT() NAMED_UNIT(*) SI_UNIT(.MILLI.,.METRE.) );
#2631 = ( NAMED_UNIT(*) PLANE_ANGLE_UNIT() SI_UNIT($,.RADIAN.) );
#2632 = ( NAMED_UNIT(*) SI_UNIT($,.STERADIAN.) SOLID_ANGLE_UNIT() );
#2633 = UNCERTAINTY_MEASURE_WITH_UNIT(LENGTH_MEASURE(1.E-07),#2630,
  'distance_accuracy_value','confusion accuracy');
#2634 = SHAPE_DEFINITION_REPRESENTATION(#2635,#2616);
#2635 = PRODUCT_DEFINITION_SHAPE('','',#2636);
#2636 = PRODUCT_DEFINITION('design','',#2637,#2640);
#2637 = PRODUCT_DEFINITION_FORMATION('','',#2638);
#2638 = PRODUCT('F11','F11','',(#2639));
#2639 = PRODUCT_CONTEXT('',#2,'mechanical');
#2640 = PRODUCT_DEFINITION_CONTEXT('part definition',#2,'design');
#2641 = CONTEXT_DEPENDENT_SHAPE_REPRESENTATION(#2642,#2644);
#2642 = ( REPRESENTATION_RELATIONSHIP('','',#2616,#10) 
REPRESENTATION_RELATIONSHIP_WITH_TRANSFORMATION(#2643) 
SHAPE_REPRESENTATION_RELATIONSHIP() );
#2643 = ITEM_DEFINED_TRANSFORMATION('','',#11,#275);
#2644 = PRODUCT_DEFINITION_SHAPE('Placement','Placement of an item',
  #2645);
#2645 = NEXT_ASSEMBLY_USAGE_OCCURRENCE('66','=>[0:1:1:67]','',#5,#2636,$
  );
#2646 = PRODUCT_RELATED_PRODUCT_CATEGORY('part',$,(#2638));
#2647 = ADVANCED_BREP_SHAPE_REPRESENTATION('',(#11,#2648),#2660);
#2648 = MANIFOLD_SOLID_BREP('',#2649);
#2649 = CLOSED_SHELL('',(#2650));
#2650 = ADVANCED_FACE('',(#2651),#2655,.T.);
#2651 = FACE_BOUND('',#2652,.T.);
#2652 = VERTEX_LOOP('',#2653);
#2653 = VERTEX_POINT('',#2654);
#2654 = CARTESIAN_POINT('',(8.266365894245E-18,-2.024675706594E-33,
    -0.135));
#2655 = SPHERICAL_SURFACE('',#2656,0.135);
#2656 = AXIS2_PLACEMENT_3D('',#2657,#2658,#2659);
#2657 = CARTESIAN_POINT('',(0.,0.,0.));
#2658 = DIRECTION('',(0.,0.,1.));
#2659 = DIRECTION('',(1.,0.,-0.));
#2660 = ( GEOMETRIC_REPRESENTATION_CONTEXT(3) 
GLOBAL_UNCERTAINTY_ASSIGNED_CONTEXT((#2664)) 
GLOBAL_UNIT_ASSIGNED_CONTEXT((#2661,#2662,#2663)) REPRESENTATION_CONTEXT
('Context #1','3D Context with UNIT and UNCERTAINTY') );
#2661 = ( LENGTH_UNIT() NAMED_UNIT(*) SI_UNIT(.MILLI.,.METRE.) );
#2662 = ( NAMED_UNIT(*) PLANE_ANGLE_UNIT() SI_UNIT($,.RADIAN.) );
#2663 = ( NAMED_UNIT(*) SI_UNIT($,.STERADIAN.) SOLID_ANGLE_UNIT() );
#2664 = UNCERTAINTY_MEASURE_WITH_UNIT(LENGTH_MEASURE(1.E-07),#2661,
  'distance_accuracy_value','confusion accuracy');
#2665 = SHAPE_DEFINITION_REPRESENTATION(#2666,#2647);
#2666 = PRODUCT_DEFINITION_SHAPE('','',#2667);
#2667 = PRODUCT_DEFINITION('design','',#2668,#2671);
#2668 = PRODUCT_DEFINITION_FORMATION('','',#2669);
#2669 = PRODUCT('F12','F12','',(#2670));
#2670 = PRODUCT_CONTEXT('',#2,'mechanical');
#2671 = PRODUCT_DEFINITION_CONTEXT('part definition',#2,'design');
#2672 = CONTEXT_DEPENDENT_SHAPE_REPRESENTATION(#2673,#2675);
#2673 = ( REPRESENTATION_RELATIONSHIP('','',#2647,#10) 
REPRESENTATION_RELATIONSHIP_WITH_TRANSFORMATION(#2674) 
SHAPE_REPRESENTATION_RELATIONSHIP() );
#2674 = ITEM_DEFINED_TRANSFORMATION('','',#11,#279);
#2675 = PRODUCT_DEFINITION_SHAPE('Placement','Placement of an item',
  #2676);
#2676 = NEXT_ASSEMBLY_USAGE_OCCURRENCE('67','=>[0:1:1:68]','',#5,#2667,$
  );
#2677 = PRODUCT_RELATED_PRODUCT_CATEGORY('part',$,(#2669));
#2678 = ADVANCED_BREP_SHAPE_REPRESENTATION('',(#11,#2679),#2691);
#2679 = MANIFOLD_SOLID_BREP('',#2680);
#2680 = CLOSED_SHELL('',(#2681));
#2681 = ADVANCED_FACE('',(#2682),#2686,.T.);
#2682 = FACE_BOUND('',#2683,.T.);
#2683 = VERTEX_LOOP('',#2684);
#2684 = VERTEX_POINT('',#2685);
#2685 = CARTESIAN_POINT('',(8.266365894245E-18,-2.024675706594E-33,
    -0.135));
#2686 = SPHERICAL_SURFACE('',#2687,0.135);
#2687 = AXIS2_PLACEMENT_3D('',#2688,#2689,#2690);
#2688 = CARTESIAN_POINT('',(0.,0.,0.));
#2689 = DIRECTION('',(0.,0.,1.));
#2690 = DIRECTION('',(1.,0.,-0.));
#2691 = ( GEOMETRIC_REPRESENTATION_CONTEXT(3) 
GLOBAL_UNCERTAINTY_ASSIGNED_CONTEXT((#2695)) 
GLOBAL_UNIT_ASSIGNED_CONTEXT((#2692,#2693,#2694)) REPRESENTATION_CONTEXT
('Context #1','3D Context with UNIT and UNCERTAINTY') );
#2692 = ( LENGTH_UNIT() NAMED_UNIT(*) SI_UNIT(.MILLI.,.METRE.) );
#2693 = ( NAMED_UNIT(*) PLANE_ANGLE_UNIT() SI_UNIT($,.RADIAN.) );
#2694 = ( NAMED_UNIT(*) SI_UNIT($,.STERADIAN.) SOLID_ANGLE_UNIT() );
#2695 = UNCERTAINTY_MEASURE_WITH_UNIT(LENGTH_MEASURE(1.E-07),#2692,
  'distance_accuracy_value','confusion accuracy');
#2696 = SHAPE_DEFINITION_REPRESENTATION(#2697,#2678);
#2697 = PRODUCT_DEFINITION_SHAPE('','',#2698);
#2698 = PRODUCT_DEFINITION('design','',#2699,#2702);
#2699 = PRODUCT_DEFINITION_FORMATION('','',#2700);
#2700 = PRODUCT('F13','F13','',(#2701));
#2701 = PRODUCT_CONTEXT('',#2,'mechanical');
#2702 = PRODUCT_DEFINITION_CONTEXT('part definition',#2,'design');
#2703 = CONTEXT_DEPENDENT_SHAPE_REPRESENTATION(#2704,#2706);
#2704 = ( REPRESENTATION_RELATIONSHIP('','',#2678,#10) 
REPRESENTATION_RELATIONSHIP_WITH_TRANSFORMATION(#2705) 
SHAPE_REPRESENTATION_RELATIONSHIP() );
#2705 = ITEM_DEFINED_TRANSFORMATION('','',#11,#283);
#2706 = PRODUCT_DEFINITION_SHAPE('Placement','Placement of an item',
  #2707);
#2707 = NEXT_ASSEMBLY_USAGE_OCCURRENCE('68','=>[0:1:1:69]','',#5,#2698,$
  );
#2708 = PRODUCT_RELATED_PRODUCT_CATEGORY('part',$,(#2700));
#2709 = ADVANCED_BREP_SHAPE_REPRESENTATION('',(#11,#2710),#2722);
#2710 = MANIFOLD_SOLID_BREP('',#2711);
#2711 = CLOSED_SHELL('',(#2712));
#2712 = ADVANCED_FACE('',(#2713),#2717,.T.);
#2713 = FACE_BOUND('',#2714,.T.);
#2714 = VERTEX_LOOP('',#2715);
#2715 = VERTEX_POINT('',#2716);
#2716 = CARTESIAN_POINT('',(8.266365894245E-18,-2.024675706594E-33,
    -0.135));
#2717 = SPHERICAL_SURFACE('',#2718,0.135);
#2718 = AXIS2_PLACEMENT_3D('',#2719,#2720,#2721);
#2719 = CARTESIAN_POINT('',(0.,0.,0.));
#2720 = DIRECTION('',(0.,0.,1.));
#2721 = DIRECTION('',(1.,0.,-0.));
#2722 = ( GEOMETRIC_REPRESENTATION_CONTEXT(3) 
GLOBAL_UNCERTAINTY_ASSIGNED_CONTEXT((#2726)) 
GLOBAL_UNIT_ASSIGNED_CONTEXT((#2723,#2724,#2725)) REPRESENTATION_CONTEXT
('Context #1','3D Context with UNIT and UNCERTAINTY') );
#2723 = ( LENGTH_UNIT() NAMED_UNIT(*) SI_UNIT(.MILLI.,.METRE.) );
#2724 = ( NAMED_UNIT(*) PLANE_ANGLE_UNIT() SI_UNIT($,.RADIAN.) );
#2725 = ( NAMED_UNIT(*) SI_UNIT($,.STERADIAN.) SOLID_ANGLE_UNIT() );
#2726 = UNCERTAINTY_MEASURE_WITH_UNIT(LENGTH_MEASURE(1.E-07),#2723,
  'distance_accuracy_value','confusion accuracy');
#2727 = SHAPE_DEFINITION_REPRESENTATION(#2728,#2709);
#2728 = PRODUCT_DEFINITION_SHAPE('','',#2729);
#2729 = PRODUCT_DEFINITION('design','',#2730,#2733);
#2730 = PRODUCT_DEFINITION_FORMATION('','',#2731);
#2731 = PRODUCT('G1','G1','',(#2732));
#2732 = PRODUCT_CONTEXT('',#2,'mechanical');
#2733 = PRODUCT_DEFINITION_CONTEXT('part definition',#2,'design');
#2734 = CONTEXT_DEPENDENT_SHAPE_REPRESENTATION(#2735,#2737);
#2735 = ( REPRESENTATION_RELATIONSHIP('','',#2709,#10) 
REPRESENTATION_RELATIONSHIP_WITH_TRANSFORMATION(#2736) 
SHAPE_REPRESENTATION_RELATIONSHIP() );
#2736 = ITEM_DEFINED_TRANSFORMATION('','',#11,#287);
#2737 = PRODUCT_DEFINITION_SHAPE('Placement','Placement of an item',
  #2738);
#2738 = NEXT_ASSEMBLY_USAGE_OCCURRENCE('69','=>[0:1:1:70]','',#5,#2729,$
  );
#2739 = PRODUCT_RELATED_PRODUCT_CATEGORY('part',$,(#2731));
#2740 = ADVANCED_BREP_SHAPE_REPRESENTATION('',(#11,#2741),#2753);
#2741 = MANIFOLD_SOLID_BREP('',#2742);
#2742 = CLOSED_SHELL('',(#2743));
#2743 = ADVANCED_FACE('',(#2744),#2748,.T.);
#2744 = FACE_BOUND('',#2745,.T.);
#2745 = VERTEX_LOOP('',#2746);
#2746 = VERTEX_POINT('',#2747);
#2747 = CARTESIAN_POINT('',(8.266365894245E-18,-2.024675706594E-33,
    -0.135));
#2748 = SPHERICAL_SURFACE('',#2749,0.135);
#2749 = AXIS2_PLACEMENT_3D('',#2750,#2751,#2752);
#2750 = CARTESIAN_POINT('',(0.,0.,0.));
#2751 = DIRECTION('',(0.,0.,1.));
#2752 = DIRECTION('',(1.,0.,-0.));
#2753 = ( GEOMETRIC_REPRESENTATION_CONTEXT(3) 
GLOBAL_UNCERTAINTY_ASSIGNED_CONTEXT((#2757)) 
GLOBAL_UNIT_ASSIGNED_CONTEXT((#2754,#2755,#2756)) REPRESENTATION_CONTEXT
('Context #1','3D Context with UNIT and UNCERTAINTY') );
#2754 = ( LENGTH_UNIT() NAMED_UNIT(*) SI_UNIT(.MILLI.,.METRE.) );
#2755 = ( NAMED_UNIT(*) PLANE_ANGLE_UNIT() SI_UNIT($,.RADIAN.) );
#2756 = ( NAMED_UNIT(*) SI_UNIT($,.STERADIAN.) SOLID_ANGLE_UNIT() );
#2757 = UNCERTAINTY_MEASURE_WITH_UNIT(LENGTH_MEASURE(1.E-07),#2754,
  'distance_accuracy_value','confusion accuracy');
#2758 = SHAPE_DEFINITION_REPRESENTATION(#2759,#2740);
#2759 = PRODUCT_DEFINITION_SHAPE('','',#2760);
#2760 = PRODUCT_DEFINITION('design','',#2761,#2764);
#2761 = PRODUCT_DEFINITION_FORMATION('','',#2762);
#2762 = PRODUCT('G2','G2','',(#2763));
#2763 = PRODUCT_CONTEXT('',#2,'mechanical');
#2764 = PRODUCT_DEFINITION_CONTEXT('part definition',#2,'design');
#2765 = CONTEXT_DEPENDENT_SHAPE_REPRESENTATION(#2766,#2768);
#2766 = ( REPRESENTATION_RELATIONSHIP('','',#2740,#10) 
REPRESENTATION_RELATIONSHIP_WITH_TRANSFORMATION(#2767) 
SHAPE_REPRESENTATION_RELATIONSHIP() );
#2767 = ITEM_DEFINED_TRANSFORMATION('','',#11,#291);
#2768 = PRODUCT_DEFINITION_SHAPE('Placement','Placement of an item',
  #2769);
#2769 = NEXT_ASSEMBLY_USAGE_OCCURRENCE('70','=>[0:1:1:71]','',#5,#2760,$
  );
#2770 = PRODUCT_RELATED_PRODUCT_CATEGORY('part',$,(#2762));
#2771 = ADVANCED_BREP_SHAPE_REPRESENTATION('',(#11,#2772),#2784);
#2772 = MANIFOLD_SOLID_BREP('',#2773);
#2773 = CLOSED_SHELL('',(#2774));
#2774 = ADVANCED_FACE('',(#2775),#2779,.T.);
#2775 = FACE_BOUND('',#2776,.T.);
#2776 = VERTEX_LOOP('',#2777);
#2777 = VERTEX_POINT('',#2778);
#2778 = CARTESIAN_POINT('',(8.266365894245E-18,-2.024675706594E-33,
    -0.135));
#2779 = SPHERICAL_SURFACE('',#2780,0.135);
#2780 = AXIS2_PLACEMENT_3D('',#2781,#2782,#2783);
#2781 = CARTESIAN_POINT('',(0.,0.,0.));
#2782 = DIRECTION('',(0.,0.,1.));
#2783 = DIRECTION('',(1.,0.,-0.));
#2784 = ( GEOMETRIC_REPRESENTATION_CONTEXT(3) 
GLOBAL_UNCERTAINTY_ASSIGNED_CONTEXT((#2788)) 
GLOBAL_UNIT_ASSIGNED_CONTEXT((#2785,#2786,#2787)) REPRESENTATION_CONTEXT
('Context #1','3D Context with UNIT and UNCERTAINTY') );
#2785 = ( LENGTH_UNIT() NAMED_UNIT(*) SI_UNIT(.MILLI.,.METRE.) );
#2786 = ( NAMED_UNIT(*) PLANE_ANGLE_UNIT() SI_UNIT($,.RADIAN.) );
#2787 = ( NAMED_UNIT(*) SI_UNIT($,.STERADIAN.) SOLID_ANGLE_UNIT() );
#2788 = UNCERTAINTY_MEASURE_WITH_UNIT(LENGTH_MEASURE(1.E-07),#2785,
  'distance_accuracy_value','confusion accuracy');
#2789 = SHAPE_DEFINITION_REPRESENTATION(#2790,#2771);
#2790 = PRODUCT_DEFINITION_SHAPE('','',#2791);
#2791 = PRODUCT_DEFINITION('design','',#2792,#2795);
#2792 = PRODUCT_DEFINITION_FORMATION('','',#2793);
#2793 = PRODUCT('G3','G3','',(#2794));
#2794 = PRODUCT_CONTEXT('',#2,'mechanical');
#2795 = PRODUCT_DEFINITION_CONTEXT('part definition',#2,'design');
#2796 = CONTEXT_DEPENDENT_SHAPE_REPRESENTATION(#2797,#2799);
#2797 = ( REPRESENTATION_RELATIONSHIP('','',#2771,#10) 
REPRESENTATION_RELATIONSHIP_WITH_TRANSFORMATION(#2798) 
SHAPE_REPRESENTATION_RELATIONSHIP() );
#2798 = ITEM_DEFINED_TRANSFORMATION('','',#11,#295);
#2799 = PRODUCT_DEFINITION_SHAPE('Placement','Placement of an item',
  #2800);
#2800 = NEXT_ASSEMBLY_USAGE_OCCURRENCE('71','=>[0:1:1:72]','',#5,#2791,$
  );
#2801 = PRODUCT_RELATED_PRODUCT_CATEGORY('part',$,(#2793));
#2802 = ADVANCED_BREP_SHAPE_REPRESENTATION('',(#11,#2803),#2815);
#2803 = MANIFOLD_SOLID_BREP('',#2804);
#2804 = CLOSED_SHELL('',(#2805));
#2805 = ADVANCED_FACE('',(#2806),#2810,.T.);
#2806 = FACE_BOUND('',#2807,.T.);
#2807 = VERTEX_LOOP('',#2808);
#2808 = VERTEX_POINT('',#2809);
#2809 = CARTESIAN_POINT('',(8.266365894245E-18,-2.024675706594E-33,
    -0.135));
#2810 = SPHERICAL_SURFACE('',#2811,0.135);
#2811 = AXIS2_PLACEMENT_3D('',#2812,#2813,#2814);
#2812 = CARTESIAN_POINT('',(0.,0.,0.));
#2813 = DIRECTION('',(0.,0.,1.));
#2814 = DIRECTION('',(1.,0.,-0.));
#2815 = ( GEOMETRIC_REPRESENTATION_CONTEXT(3) 
GLOBAL_UNCERTAINTY_ASSIGNED_CONTEXT((#2819)) 
GLOBAL_UNIT_ASSIGNED_CONTEXT((#2816,#2817,#2818)) REPRESENTATION_CONTEXT
('Context #1','3D Context with UNIT and UNCERTAINTY') );
#2816 = ( LENGTH_UNIT() NAMED_UNIT(*) SI_UNIT(.MILLI.,.METRE.) );
#2817 = ( NAMED_UNIT(*) PLANE_ANGLE_UNIT() SI_UNIT($,.RADIAN.) );
#2818 = ( NAMED_UNIT(*) SI_UNIT($,.STERADIAN.) SOLID_ANGLE_UNIT() );
#2819 = UNCERTAINTY_MEASURE_WITH_UNIT(LENGTH_MEASURE(1.E-07),#2816,
  'distance_accuracy_value','confusion accuracy');
#2820 = SHAPE_DEFINITION_REPRESENTATION(#2821,#2802);
#2821 = PRODUCT_DEFINITION_SHAPE('','',#2822);
#2822 = PRODUCT_DEFINITION('design','',#2823,#2826);
#2823 = PRODUCT_DEFINITION_FORMATION('','',#2824);
#2824 = PRODUCT('G4','G4','',(#2825));
#2825 = PRODUCT_CONTEXT('',#2,'mechanical');
#2826 = PRODUCT_DEFINITION_CONTEXT('part definition',#2,'design');
#2827 = CONTEXT_DEPENDENT_SHAPE_REPRESENTATION(#2828,#2830);
#2828 = ( REPRESENTATION_RELATIONSHIP('','',#2802,#10) 
REPRESENTATION_RELATIONSHIP_WITH_TRANSFORMATION(#2829) 
SHAPE_REPRESENTATION_RELATIONSHIP() );
#2829 = ITEM_DEFINED_TRANSFORMATION('','',#11,#299);
#2830 = PRODUCT_DEFINITION_SHAPE('Placement','Placement of an item',
  #2831);
#2831 = NEXT_ASSEMBLY_USAGE_OCCURRENCE('72','=>[0:1:1:73]','',#5,#2822,$
  );
#2832 = PRODUCT_RELATED_PRODUCT_CATEGORY('part',$,(#2824));
#2833 = ADVANCED_BREP_SHAPE_REPRESENTATION('',(#11,#2834),#2846);
#2834 = MANIFOLD_SOLID_BREP('',#2835);
#2835 = CLOSED_SHELL('',(#2836));
#2836 = ADVANCED_FACE('',(#2837),#2841,.T.);
#2837 = FACE_BOUND('',#2838,.T.);
#2838 = VERTEX_LOOP('',#2839);
#2839 = VERTEX_POINT('',#2840);
#2840 = CARTESIAN_POINT('',(8.266365894245E-18,-2.024675706594E-33,
    -0.135));
#2841 = SPHERICAL_SURFACE('',#2842,0.135);
#2842 = AXIS2_PLACEMENT_3D('',#2843,#2844,#2845);
#2843 = CARTESIAN_POINT('',(0.,0.,0.));
#2844 = DIRECTION('',(0.,0.,1.));
#2845 = DIRECTION('',(1.,0.,-0.));
#2846 = ( GEOMETRIC_REPRESENTATION_CONTEXT(3) 
GLOBAL_UNCERTAINTY_ASSIGNED_CONTEXT((#2850)) 
GLOBAL_UNIT_ASSIGNED_CONTEXT((#2847,#2848,#2849)) REPRESENTATION_CONTEXT
('Context #1','3D Context with UNIT and UNCERTAINTY') );
#2847 = ( LENGTH_UNIT() NAMED_UNIT(*) SI_UNIT(.MILLI.,.METRE.) );
#2848 = ( NAMED_UNIT(*) PLANE_ANGLE_UNIT() SI_UNIT($,.RADIAN.) );
#2849 = ( NAMED_UNIT(*) SI_UNIT($,.STERADIAN.) SOLID_ANGLE_UNIT() );
#2850 = UNCERTAINTY_MEASURE_WITH_UNIT(LENGTH_MEASURE(1.E-07),#2847,
  'distance_accuracy_value','confusion accuracy');
#2851 = SHAPE_DEFINITION_REPRESENTATION(#2852,#2833);
#2852 = PRODUCT_DEFINITION_SHAPE('','',#2853);
#2853 = PRODUCT_DEFINITION('design','',#2854,#2857);
#2854 = PRODUCT_DEFINITION_FORMATION('','',#2855);
#2855 = PRODUCT('G10','G10','',(#2856));
#2856 = PRODUCT_CONTEXT('',#2,'mechanical');
#2857 = PRODUCT_DEFINITION_CONTEXT('part definition',#2,'design');
#2858 = CONTEXT_DEPENDENT_SHAPE_REPRESENTATION(#2859,#2861);
#2859 = ( REPRESENTATION_RELATIONSHIP('','',#2833,#10) 
REPRESENTATION_RELATIONSHIP_WITH_TRANSFORMATION(#2860) 
SHAPE_REPRESENTATION_RELATIONSHIP() );
#2860 = ITEM_DEFINED_TRANSFORMATION('','',#11,#303);
#2861 = PRODUCT_DEFINITION_SHAPE('Placement','Placement of an item',
  #2862);
#2862 = NEXT_ASSEMBLY_USAGE_OCCURRENCE('73','=>[0:1:1:74]','',#5,#2853,$
  );
#2863 = PRODUCT_RELATED_PRODUCT_CATEGORY('part',$,(#2855));
#2864 = ADVANCED_BREP_SHAPE_REPRESENTATION('',(#11,#2865),#2877);
#2865 = MANIFOLD_SOLID_BREP('',#2866);
#2866 = CLOSED_SHELL('',(#2867));
#2867 = ADVANCED_FACE('',(#2868),#2872,.T.);
#2868 = FACE_BOUND('',#2869,.T.);
#2869 = VERTEX_LOOP('',#2870);
#2870 = VERTEX_POINT('',#2871);
#2871 = CARTESIAN_POINT('',(8.266365894245E-18,-2.024675706594E-33,
    -0.135));
#2872 = SPHERICAL_SURFACE('',#2873,0.135);
#2873 = AXIS2_PLACEMENT_3D('',#2874,#2875,#2876);
#2874 = CARTESIAN_POINT('',(0.,0.,0.));
#2875 = DIRECTION('',(0.,0.,1.));
#2876 = DIRECTION('',(1.,0.,-0.));
#2877 = ( GEOMETRIC_REPRESENTATION_CONTEXT(3) 
GLOBAL_UNCERTAINTY_ASSIGNED_CONTEXT((#2881)) 
GLOBAL_UNIT_ASSIGNED_CONTEXT((#2878,#2879,#2880)) REPRESENTATION_CONTEXT
('Context #1','3D Context with UNIT and UNCERTAINTY') );
#2878 = ( LENGTH_UNIT() NAMED_UNIT(*) SI_UNIT(.MILLI.,.METRE.) );
#2879 = ( NAMED_UNIT(*) PLANE_ANGLE_UNIT() SI_UNIT($,.RADIAN.) );
#2880 = ( NAMED_UNIT(*) SI_UNIT($,.STERADIAN.) SOLID_ANGLE_UNIT() );
#2881 = UNCERTAINTY_MEASURE_WITH_UNIT(LENGTH_MEASURE(1.E-07),#2878,
  'distance_accuracy_value','confusion accuracy');
#2882 = SHAPE_DEFINITION_REPRESENTATION(#2883,#2864);
#2883 = PRODUCT_DEFINITION_SHAPE('','',#2884);
#2884 = PRODUCT_DEFINITION('design','',#2885,#2888);
#2885 = PRODUCT_DEFINITION_FORMATION('','',#2886);
#2886 = PRODUCT('G11','G11','',(#2887));
#2887 = PRODUCT_CONTEXT('',#2,'mechanical');
#2888 = PRODUCT_DEFINITION_CONTEXT('part definition',#2,'design');
#2889 = CONTEXT_DEPENDENT_SHAPE_REPRESENTATION(#2890,#2892);
#2890 = ( REPRESENTATION_RELATIONSHIP('','',#2864,#10) 
REPRESENTATION_RELATIONSHIP_WITH_TRANSFORMATION(#2891) 
SHAPE_REPRESENTATION_RELATIONSHIP() );
#2891 = ITEM_DEFINED_TRANSFORMATION('','',#11,#307);
#2892 = PRODUCT_DEFINITION_SHAPE('Placement','Placement of an item',
  #2893);
#2893 = NEXT_ASSEMBLY_USAGE_OCCURRENCE('74','=>[0:1:1:75]','',#5,#2884,$
  );
#2894 = PRODUCT_RELATED_PRODUCT_CATEGORY('part',$,(#2886));
#2895 = ADVANCED_BREP_SHAPE_REPRESENTATION('',(#11,#2896),#2908);
#2896 = MANIFOLD_SOLID_BREP('',#2897);
#2897 = CLOSED_SHELL('',(#2898));
#2898 = ADVANCED_FACE('',(#2899),#2903,.T.);
#2899 = FACE_BOUND('',#2900,.T.);
#2900 = VERTEX_LOOP('',#2901);
#2901 = VERTEX_POINT('',#2902);
#2902 = CARTESIAN_POINT('',(8.266365894245E-18,-2.024675706594E-33,
    -0.135));
#2903 = SPHERICAL_SURFACE('',#2904,0.135);
#2904 = AXIS2_PLACEMENT_3D('',#2905,#2906,#2907);
#2905 = CARTESIAN_POINT('',(0.,0.,0.));
#2906 = DIRECTION('',(0.,0.,1.));
#2907 = DIRECTION('',(1.,0.,-0.));
#2908 = ( GEOMETRIC_REPRESENTATION_CONTEXT(3) 
GLOBAL_UNCERTAINTY_ASSIGNED_CONTEXT((#2912)) 
GLOBAL_UNIT_ASSIGNED_CONTEXT((#2909,#2910,#2911)) REPRESENTATION_CONTEXT
('Context #1','3D Context with UNIT and UNCERTAINTY') );
#2909 = ( LENGTH_UNIT() NAMED_UNIT(*) SI_UNIT(.MILLI.,.METRE.) );
#2910 = ( NAMED_UNIT(*) PLANE_ANGLE_UNIT() SI_UNIT($,.RADIAN.) );
#2911 = ( NAMED_UNIT(*) SI_UNIT($,.STERADIAN.) SOLID_ANGLE_UNIT() );
#2912 = UNCERTAINTY_MEASURE_WITH_UNIT(LENGTH_MEASURE(1.E-07),#2909,
  'distance_accuracy_value','confusion accuracy');
#2913 = SHAPE_DEFINITION_REPRESENTATION(#2914,#2895);
#2914 = PRODUCT_DEFINITION_SHAPE('','',#2915);
#2915 = PRODUCT_DEFINITION('design','',#2916,#2919);
#2916 = PRODUCT_DEFINITION_FORMATION('','',#2917);
#2917 = PRODUCT('G12','G12','',(#2918));
#2918 = PRODUCT_CONTEXT('',#2,'mechanical');
#2919 = PRODUCT_DEFINITION_CONTEXT('part definition',#2,'design');
#2920 = CONTEXT_DEPENDENT_SHAPE_REPRESENTATION(#2921,#2923);
#2921 = ( REPRESENTATION_RELATIONSHIP('','',#2895,#10) 
REPRESENTATION_RELATIONSHIP_WITH_TRANSFORMATION(#2922) 
SHAPE_REPRESENTATION_RELATIONSHIP() );
#2922 = ITEM_DEFINED_TRANSFORMATION('','',#11,#311);
#2923 = PRODUCT_DEFINITION_SHAPE('Placement','Placement of an item',
  #2924);
#2924 = NEXT_ASSEMBLY_USAGE_OCCURRENCE('75','=>[0:1:1:76]','',#5,#2915,$
  );
#2925 = PRODUCT_RELATED_PRODUCT_CATEGORY('part',$,(#2917));
#2926 = ADVANCED_BREP_SHAPE_REPRESENTATION('',(#11,#2927),#2939);
#2927 = MANIFOLD_SOLID_BREP('',#2928);
#2928 = CLOSED_SHELL('',(#2929));
#2929 = ADVANCED_FACE('',(#2930),#2934,.T.);
#2930 = FACE_BOUND('',#2931,.T.);
#2931 = VERTEX_LOOP('',#2932);
#2932 = VERTEX_POINT('',#2933);
#2933 = CARTESIAN_POINT('',(8.266365894245E-18,-2.024675706594E-33,
    -0.135));
#2934 = SPHERICAL_SURFACE('',#2935,0.135);
#2935 = AXIS2_PLACEMENT_3D('',#2936,#2937,#2938);
#2936 = CARTESIAN_POINT('',(0.,0.,0.));
#2937 = DIRECTION('',(0.,0.,1.));
#2938 = DIRECTION('',(1.,0.,-0.));
#2939 = ( GEOMETRIC_REPRESENTATION_CONTEXT(3) 
GLOBAL_UNCERTAINTY_ASSIGNED_CONTEXT((#2943)) 
GLOBAL_UNIT_ASSIGNED_CONTEXT((#2940,#2941,#2942)) REPRESENTATION_CONTEXT
('Context #1','3D Context with UNIT and UNCERTAINTY') );
#2940 = ( LENGTH_UNIT() NAMED_UNIT(*) SI_UNIT(.MILLI.,.METRE.) );
#2941 = ( NAMED_UNIT(*) PLANE_ANGLE_UNIT() SI_UNIT($,.RADIAN.) );
#2942 = ( NAMED_UNIT(*) SI_UNIT($,.STERADIAN.) SOLID_ANGLE_UNIT() );
#2943 = UNCERTAINTY_MEASURE_WITH_UNIT(LENGTH_MEASURE(1.E-07),#2940,
  'distance_accuracy_value','confusion accuracy');
#2944 = SHAPE_DEFINITION_REPRESENTATION(#2945,#2926);
#2945 = PRODUCT_DEFINITION_SHAPE('','',#2946);
#2946 = PRODUCT_DEFINITION('design','',#2947,#2950);
#2947 = PRODUCT_DEFINITION_FORMATION('','',#2948);
#2948 = PRODUCT('G13','G13','',(#2949));
#2949 = PRODUCT_CONTEXT('',#2,'mechanical');
#2950 = PRODUCT_DEFINITION_CONTEXT('part definition',#2,'design');
#2951 = CONTEXT_DEPENDENT_SHAPE_REPRESENTATION(#2952,#2954);
#2952 = ( REPRESENTATION_RELATIONSHIP('','',#2926,#10) 
REPRESENTATION_RELATIONSHIP_WITH_TRANSFORMATION(#2953) 
SHAPE_REPRESENTATION_RELATIONSHIP() );
#2953 = ITEM_DEFINED_TRANSFORMATION('','',#11,#315);
#2954 = PRODUCT_DEFINITION_SHAPE('Placement','Placement of an item',
  #2955);
#2955 = NEXT_ASSEMBLY_USAGE_OCCURRENCE('76','=>[0:1:1:77]','',#5,#2946,$
  );
#2956 = PRODUCT_RELATED_PRODUCT_CATEGORY('part',$,(#2948));
#2957 = ADVANCED_BREP_SHAPE_REPRESENTATION('',(#11,#2958),#2970);
#2958 = MANIFOLD_SOLID_BREP('',#2959);
#2959 = CLOSED_SHELL('',(#2960));
#2960 = ADVANCED_FACE('',(#2961),#2965,.T.);
#2961 = FACE_BOUND('',#2962,.T.);
#2962 = VERTEX_LOOP('',#2963);
#2963 = VERTEX_POINT('',#2964);
#2964 = CARTESIAN_POINT('',(8.266365894245E-18,-2.024675706594E-33,
    -0.135));
#2965 = SPHERICAL_SURFACE('',#2966,0.135);
#2966 = AXIS2_PLACEMENT_3D('',#2967,#2968,#2969);
#2967 = CARTESIAN_POINT('',(0.,0.,0.));
#2968 = DIRECTION('',(0.,0.,1.));
#2969 = DIRECTION('',(1.,0.,-0.));
#2970 = ( GEOMETRIC_REPRESENTATION_CONTEXT(3) 
GLOBAL_UNCERTAINTY_ASSIGNED_CONTEXT((#2974)) 
GLOBAL_UNIT_ASSIGNED_CONTEXT((#2971,#2972,#2973)) REPRESENTATION_CONTEXT
('Context #1','3D Context with UNIT and UNCERTAINTY') );
#2971 = ( LENGTH_UNIT() NAMED_UNIT(*) SI_UNIT(.MILLI.,.METRE.) );
#2972 = ( NAMED_UNIT(*) PLANE_ANGLE_UNIT() SI_UNIT($,.RADIAN.) );
#2973 = ( NAMED_UNIT(*) SI_UNIT($,.STERADIAN.) SOLID_ANGLE_UNIT() );
#2974 = UNCERTAINTY_MEASURE_WITH_UNIT(LENGTH_MEASURE(1.E-07),#2971,
  'distance_accuracy_value','confusion accuracy');
#2975 = SHAPE_DEFINITION_REPRESENTATION(#2976,#2957);
#2976 = PRODUCT_DEFINITION_SHAPE('','',#2977);
#2977 = PRODUCT_DEFINITION('design','',#2978,#2981);
#2978 = PRODUCT_DEFINITION_FORMATION('','',#2979);
#2979 = PRODUCT('H1','H1','',(#2980));
#2980 = PRODUCT_CONTEXT('',#2,'mechanical');
#2981 = PRODUCT_DEFINITION_CONTEXT('part definition',#2,'design');
#2982 = CONTEXT_DEPENDENT_SHAPE_REPRESENTATION(#2983,#2985);
#2983 = ( REPRESENTATION_RELATIONSHIP('','',#2957,#10) 
REPRESENTATION_RELATIONSHIP_WITH_TRANSFORMATION(#2984) 
SHAPE_REPRESENTATION_RELATIONSHIP() );
#2984 = ITEM_DEFINED_TRANSFORMATION('','',#11,#319);
#2985 = PRODUCT_DEFINITION_SHAPE('Placement','Placement of an item',
  #2986);
#2986 = NEXT_ASSEMBLY_USAGE_OCCURRENCE('77','=>[0:1:1:78]','',#5,#2977,$
  );
#2987 = PRODUCT_RELATED_PRODUCT_CATEGORY('part',$,(#2979));
#2988 = ADVANCED_BREP_SHAPE_REPRESENTATION('',(#11,#2989),#3001);
#2989 = MANIFOLD_SOLID_BREP('',#2990);
#2990 = CLOSED_SHELL('',(#2991));
#2991 = ADVANCED_FACE('',(#2992),#2996,.T.);
#2992 = FACE_BOUND('',#2993,.T.);
#2993 = VERTEX_LOOP('',#2994);
#2994 = VERTEX_POINT('',#2995);
#2995 = CARTESIAN_POINT('',(8.266365894245E-18,-2.024675706594E-33,
    -0.135));
#2996 = SPHERICAL_SURFACE('',#2997,0.135);
#2997 = AXIS2_PLACEMENT_3D('',#2998,#2999,#3000);
#2998 = CARTESIAN_POINT('',(0.,0.,0.));
#2999 = DIRECTION('',(0.,0.,1.));
#3000 = DIRECTION('',(1.,0.,-0.));
#3001 = ( GEOMETRIC_REPRESENTATION_CONTEXT(3) 
GLOBAL_UNCERTAINTY_ASSIGNED_CONTEXT((#3005)) 
GLOBAL_UNIT_ASSIGNED_CONTEXT((#3002,#3003,#3004)) REPRESENTATION_CONTEXT
('Context #1','3D Context with UNIT and UNCERTAINTY') );
#3002 = ( LENGTH_UNIT() NAMED_UNIT(*) SI_UNIT(.MILLI.,.METRE.) );
#3003 = ( NAMED_UNIT(*) PLANE_ANGLE_UNIT() SI_UNIT($,.RADIAN.) );
#3004 = ( NAMED_UNIT(*) SI_UNIT($,.STERADIAN.) SOLID_ANGLE_UNIT() );
#3005 = UNCERTAINTY_MEASURE_WITH_UNIT(LENGTH_MEASURE(1.E-07),#3002,
  'distance_accuracy_value','confusion accuracy');
#3006 = SHAPE_DEFINITION_REPRESENTATION(#3007,#2988);
#3007 = PRODUCT_DEFINITION_SHAPE('','',#3008);
#3008 = PRODUCT_DEFINITION('design','',#3009,#3012);
#3009 = PRODUCT_DEFINITION_FORMATION('','',#3010);
#3010 = PRODUCT('H2','H2','',(#3011));
#3011 = PRODUCT_CONTEXT('',#2,'mechanical');
#3012 = PRODUCT_DEFINITION_CONTEXT('part definition',#2,'design');
#3013 = CONTEXT_DEPENDENT_SHAPE_REPRESENTATION(#3014,#3016);
#3014 = ( REPRESENTATION_RELATIONSHIP('','',#2988,#10) 
REPRESENTATION_RELATIONSHIP_WITH_TRANSFORMATION(#3015) 
SHAPE_REPRESENTATION_RELATIONSHIP() );
#3015 = ITEM_DEFINED_TRANSFORMATION('','',#11,#323);
#3016 = PRODUCT_DEFINITION_SHAPE('Placement','Placement of an item',
  #3017);
#3017 = NEXT_ASSEMBLY_USAGE_OCCURRENCE('78','=>[0:1:1:79]','',#5,#3008,$
  );
#3018 = PRODUCT_RELATED_PRODUCT_CATEGORY('part',$,(#3010));
#3019 = ADVANCED_BREP_SHAPE_REPRESENTATION('',(#11,#3020),#3032);
#3020 = MANIFOLD_SOLID_BREP('',#3021);
#3021 = CLOSED_SHELL('',(#3022));
#3022 = ADVANCED_FACE('',(#3023),#3027,.T.);
#3023 = FACE_BOUND('',#3024,.T.);
#3024 = VERTEX_LOOP('',#3025);
#3025 = VERTEX_POINT('',#3026);
#3026 = CARTESIAN_POINT('',(8.266365894245E-18,-2.024675706594E-33,
    -0.135));
#3027 = SPHERICAL_SURFACE('',#3028,0.135);
#3028 = AXIS2_PLACEMENT_3D('',#3029,#3030,#3031);
#3029 = CARTESIAN_POINT('',(0.,0.,0.));
#3030 = DIRECTION('',(0.,0.,1.));
#3031 = DIRECTION('',(1.,0.,-0.));
#3032 = ( GEOMETRIC_REPRESENTATION_CONTEXT(3) 
GLOBAL_UNCERTAINTY_ASSIGNED_CONTEXT((#3036)) 
GLOBAL_UNIT_ASSIGNED_CONTEXT((#3033,#3034,#3035)) REPRESENTATION_CONTEXT
('Context #1','3D Context with UNIT and UNCERTAINTY') );
#3033 = ( LENGTH_UNIT() NAMED_UNIT(*) SI_UNIT(.MILLI.,.METRE.) );
#3034 = ( NAMED_UNIT(*) PLANE_ANGLE_UNIT() SI_UNIT($,.RADIAN.) );
#3035 = ( NAMED_UNIT(*) SI_UNIT($,.STERADIAN.) SOLID_ANGLE_UNIT() );
#3036 = UNCERTAINTY_MEASURE_WITH_UNIT(LENGTH_MEASURE(1.E-07),#3033,
  'distance_accuracy_value','confusion accuracy');
#3037 = SHAPE_DEFINITION_REPRESENTATION(#3038,#3019);
#3038 = PRODUCT_DEFINITION_SHAPE('','',#3039);
#3039 = PRODUCT_DEFINITION('design','',#3040,#3043);
#3040 = PRODUCT_DEFINITION_FORMATION('','',#3041);
#3041 = PRODUCT('H3','H3','',(#3042));
#3042 = PRODUCT_CONTEXT('',#2,'mechanical');
#3043 = PRODUCT_DEFINITION_CONTEXT('part definition',#2,'design');
#3044 = CONTEXT_DEPENDENT_SHAPE_REPRESENTATION(#3045,#3047);
#3045 = ( REPRESENTATION_RELATIONSHIP('','',#3019,#10) 
REPRESENTATION_RELATIONSHIP_WITH_TRANSFORMATION(#3046) 
SHAPE_REPRESENTATION_RELATIONSHIP() );
#3046 = ITEM_DEFINED_TRANSFORMATION('','',#11,#327);
#3047 = PRODUCT_DEFINITION_SHAPE('Placement','Placement of an item',
  #3048);
#3048 = NEXT_ASSEMBLY_USAGE_OCCURRENCE('79','=>[0:1:1:80]','',#5,#3039,$
  );
#3049 = PRODUCT_RELATED_PRODUCT_CATEGORY('part',$,(#3041));
#3050 = ADVANCED_BREP_SHAPE_REPRESENTATION('',(#11,#3051),#3063);
#3051 = MANIFOLD_SOLID_BREP('',#3052);
#3052 = CLOSED_SHELL('',(#3053));
#3053 = ADVANCED_FACE('',(#3054),#3058,.T.);
#3054 = FACE_BOUND('',#3055,.T.);
#3055 = VERTEX_LOOP('',#3056);
#3056 = VERTEX_POINT('',#3057);
#3057 = CARTESIAN_POINT('',(8.266365894245E-18,-2.024675706594E-33,
    -0.135));
#3058 = SPHERICAL_SURFACE('',#3059,0.135);
#3059 = AXIS2_PLACEMENT_3D('',#3060,#3061,#3062);
#3060 = CARTESIAN_POINT('',(0.,0.,0.));
#3061 = DIRECTION('',(0.,0.,1.));
#3062 = DIRECTION('',(1.,0.,-0.));
#3063 = ( GEOMETRIC_REPRESENTATION_CONTEXT(3) 
GLOBAL_UNCERTAINTY_ASSIGNED_CONTEXT((#3067)) 
GLOBAL_UNIT_ASSIGNED_CONTEXT((#3064,#3065,#3066)) REPRESENTATION_CONTEXT
('Context #1','3D Context with UNIT and UNCERTAINTY') );
#3064 = ( LENGTH_UNIT() NAMED_UNIT(*) SI_UNIT(.MILLI.,.METRE.) );
#3065 = ( NAMED_UNIT(*) PLANE_ANGLE_UNIT() SI_UNIT($,.RADIAN.) );
#3066 = ( NAMED_UNIT(*) SI_UNIT($,.STERADIAN.) SOLID_ANGLE_UNIT() );
#3067 = UNCERTAINTY_MEASURE_WITH_UNIT(LENGTH_MEASURE(1.E-07),#3064,
  'distance_accuracy_value','confusion accuracy');
#3068 = SHAPE_DEFINITION_REPRESENTATION(#3069,#3050);
#3069 = PRODUCT_DEFINITION_SHAPE('','',#3070);
#3070 = PRODUCT_DEFINITION('design','',#3071,#3074);
#3071 = PRODUCT_DEFINITION_FORMATION('','',#3072);
#3072 = PRODUCT('H4','H4','',(#3073));
#3073 = PRODUCT_CONTEXT('',#2,'mechanical');
#3074 = PRODUCT_DEFINITION_CONTEXT('part definition',#2,'design');
#3075 = CONTEXT_DEPENDENT_SHAPE_REPRESENTATION(#3076,#3078);
#3076 = ( REPRESENTATION_RELATIONSHIP('','',#3050,#10) 
REPRESENTATION_RELATIONSHIP_WITH_TRANSFORMATION(#3077) 
SHAPE_REPRESENTATION_RELATIONSHIP() );
#3077 = ITEM_DEFINED_TRANSFORMATION('','',#11,#331);
#3078 = PRODUCT_DEFINITION_SHAPE('Placement','Placement of an item',
  #3079);
#3079 = NEXT_ASSEMBLY_USAGE_OCCURRENCE('80','=>[0:1:1:81]','',#5,#3070,$
  );
#3080 = PRODUCT_RELATED_PRODUCT_CATEGORY('part',$,(#3072));
#3081 = ADVANCED_BREP_SHAPE_REPRESENTATION('',(#11,#3082),#3094);
#3082 = MANIFOLD_SOLID_BREP('',#3083);
#3083 = CLOSED_SHELL('',(#3084));
#3084 = ADVANCED_FACE('',(#3085),#3089,.T.);
#3085 = FACE_BOUND('',#3086,.T.);
#3086 = VERTEX_LOOP('',#3087);
#3087 = VERTEX_POINT('',#3088);
#3088 = CARTESIAN_POINT('',(8.266365894245E-18,-2.024675706594E-33,
    -0.135));
#3089 = SPHERICAL_SURFACE('',#3090,0.135);
#3090 = AXIS2_PLACEMENT_3D('',#3091,#3092,#3093);
#3091 = CARTESIAN_POINT('',(0.,0.,0.));
#3092 = DIRECTION('',(0.,0.,1.));
#3093 = DIRECTION('',(1.,0.,-0.));
#3094 = ( GEOMETRIC_REPRESENTATION_CONTEXT(3) 
GLOBAL_UNCERTAINTY_ASSIGNED_CONTEXT((#3098)) 
GLOBAL_UNIT_ASSIGNED_CONTEXT((#3095,#3096,#3097)) REPRESENTATION_CONTEXT
('Context #1','3D Context with UNIT and UNCERTAINTY') );
#3095 = ( LENGTH_UNIT() NAMED_UNIT(*) SI_UNIT(.MILLI.,.METRE.) );
#3096 = ( NAMED_UNIT(*) PLANE_ANGLE_UNIT() SI_UNIT($,.RADIAN.) );
#3097 = ( NAMED_UNIT(*) SI_UNIT($,.STERADIAN.) SOLID_ANGLE_UNIT() );
#3098 = UNCERTAINTY_MEASURE_WITH_UNIT(LENGTH_MEASURE(1.E-07),#3095,
  'distance_accuracy_value','confusion accuracy');
#3099 = SHAPE_DEFINITION_REPRESENTATION(#3100,#3081);
#3100 = PRODUCT_DEFINITION_SHAPE('','',#3101);
#3101 = PRODUCT_DEFINITION('design','',#3102,#3105);
#3102 = PRODUCT_DEFINITION_FORMATION('','',#3103);
#3103 = PRODUCT('H10','H10','',(#3104));
#3104 = PRODUCT_CONTEXT('',#2,'mechanical');
#3105 = PRODUCT_DEFINITION_CONTEXT('part definition',#2,'design');
#3106 = CONTEXT_DEPENDENT_SHAPE_REPRESENTATION(#3107,#3109);
#3107 = ( REPRESENTATION_RELATIONSHIP('','',#3081,#10) 
REPRESENTATION_RELATIONSHIP_WITH_TRANSFORMATION(#3108) 
SHAPE_REPRESENTATION_RELATIONSHIP() );
#3108 = ITEM_DEFINED_TRANSFORMATION('','',#11,#335);
#3109 = PRODUCT_DEFINITION_SHAPE('Placement','Placement of an item',
  #3110);
#3110 = NEXT_ASSEMBLY_USAGE_OCCURRENCE('81','=>[0:1:1:82]','',#5,#3101,$
  );
#3111 = PRODUCT_RELATED_PRODUCT_CATEGORY('part',$,(#3103));
#3112 = ADVANCED_BREP_SHAPE_REPRESENTATION('',(#11,#3113),#3125);
#3113 = MANIFOLD_SOLID_BREP('',#3114);
#3114 = CLOSED_SHELL('',(#3115));
#3115 = ADVANCED_FACE('',(#3116),#3120,.T.);
#3116 = FACE_BOUND('',#3117,.T.);
#3117 = VERTEX_LOOP('',#3118);
#3118 = VERTEX_POINT('',#3119);
#3119 = CARTESIAN_POINT('',(8.266365894245E-18,-2.024675706594E-33,
    -0.135));
#3120 = SPHERICAL_SURFACE('',#3121,0.135);
#3121 = AXIS2_PLACEMENT_3D('',#3122,#3123,#3124);
#3122 = CARTESIAN_POINT('',(0.,0.,0.));
#3123 = DIRECTION('',(0.,0.,1.));
#3124 = DIRECTION('',(1.,0.,-0.));
#3125 = ( GEOMETRIC_REPRESENTATION_CONTEXT(3) 
GLOBAL_UNCERTAINTY_ASSIGNED_CONTEXT((#3129)) 
GLOBAL_UNIT_ASSIGNED_CONTEXT((#3126,#3127,#3128)) REPRESENTATION_CONTEXT
('Context #1','3D Context with UNIT and UNCERTAINTY') );
#3126 = ( LENGTH_UNIT() NAMED_UNIT(*) SI_UNIT(.MILLI.,.METRE.) );
#3127 = ( NAMED_UNIT(*) PLANE_ANGLE_UNIT() SI_UNIT($,.RADIAN.) );
#3128 = ( NAMED_UNIT(*) SI_UNIT($,.STERADIAN.) SOLID_ANGLE_UNIT() );
#3129 = UNCERTAINTY_MEASURE_WITH_UNIT(LENGTH_MEASURE(1.E-07),#3126,
  'distance_accuracy_value','confusion accuracy');
#3130 = SHAPE_DEFINITION_REPRESENTATION(#3131,#3112);
#3131 = PRODUCT_DEFINITION_SHAPE('','',#3132);
#3132 = PRODUCT_DEFINITION('design','',#3133,#3136);
#3133 = PRODUCT_DEFINITION_FORMATION('','',#3134);
#3134 = PRODUCT('H11','H11','',(#3135));
#3135 = PRODUCT_CONTEXT('',#2,'mechanical');
#3136 = PRODUCT_DEFINITION_CONTEXT('part definition',#2,'design');
#3137 = CONTEXT_DEPENDENT_SHAPE_REPRESENTATION(#3138,#3140);
#3138 = ( REPRESENTATION_RELATIONSHIP('','',#3112,#10) 
REPRESENTATION_RELATIONSHIP_WITH_TRANSFORMATION(#3139) 
SHAPE_REPRESENTATION_RELATIONSHIP() );
#3139 = ITEM_DEFINED_TRANSFORMATION('','',#11,#339);
#3140 = PRODUCT_DEFINITION_SHAPE('Placement','Placement of an item',
  #3141);
#3141 = NEXT_ASSEMBLY_USAGE_OCCURRENCE('82','=>[0:1:1:83]','',#5,#3132,$
  );
#3142 = PRODUCT_RELATED_PRODUCT_CATEGORY('part',$,(#3134));
#3143 = ADVANCED_BREP_SHAPE_REPRESENTATION('',(#11,#3144),#3156);
#3144 = MANIFOLD_SOLID_BREP('',#3145);
#3145 = CLOSED_SHELL('',(#3146));
#3146 = ADVANCED_FACE('',(#3147),#3151,.T.);
#3147 = FACE_BOUND('',#3148,.T.);
#3148 = VERTEX_LOOP('',#3149);
#3149 = VERTEX_POINT('',#3150);
#3150 = CARTESIAN_POINT('',(8.266365894245E-18,-2.024675706594E-33,
    -0.135));
#3151 = SPHERICAL_SURFACE('',#3152,0.135);
#3152 = AXIS2_PLACEMENT_3D('',#3153,#3154,#3155);
#3153 = CARTESIAN_POINT('',(0.,0.,0.));
#3154 = DIRECTION('',(0.,0.,1.));
#3155 = DIRECTION('',(1.,0.,-0.));
#3156 = ( GEOMETRIC_REPRESENTATION_CONTEXT(3) 
GLOBAL_UNCERTAINTY_ASSIGNED_CONTEXT((#3160)) 
GLOBAL_UNIT_ASSIGNED_CONTEXT((#3157,#3158,#3159)) REPRESENTATION_CONTEXT
('Context #1','3D Context with UNIT and UNCERTAINTY') );
#3157 = ( LENGTH_UNIT() NAMED_UNIT(*) SI_UNIT(.MILLI.,.METRE.) );
#3158 = ( NAMED_UNIT(*) PLANE_ANGLE_UNIT() SI_UNIT($,.RADIAN.) );
#3159 = ( NAMED_UNIT(*) SI_UNIT($,.STERADIAN.) SOLID_ANGLE_UNIT() );
#3160 = UNCERTAINTY_MEASURE_WITH_UNIT(LENGTH_MEASURE(1.E-07),#3157,
  'distance_accuracy_value','confusion accuracy');
#3161 = SHAPE_DEFINITION_REPRESENTATION(#3162,#3143);
#3162 = PRODUCT_DEFINITION_SHAPE('','',#3163);
#3163 = PRODUCT_DEFINITION('design','',#3164,#3167);
#3164 = PRODUCT_DEFINITION_FORMATION('','',#3165);
#3165 = PRODUCT('H12','H12','',(#3166));
#3166 = PRODUCT_CONTEXT('',#2,'mechanical');
#3167 = PRODUCT_DEFINITION_CONTEXT('part definition',#2,'design');
#3168 = CONTEXT_DEPENDENT_SHAPE_REPRESENTATION(#3169,#3171);
#3169 = ( REPRESENTATION_RELATIONSHIP('','',#3143,#10) 
REPRESENTATION_RELATIONSHIP_WITH_TRANSFORMATION(#3170) 
SHAPE_REPRESENTATION_RELATIONSHIP() );
#3170 = ITEM_DEFINED_TRANSFORMATION('','',#11,#343);
#3171 = PRODUCT_DEFINITION_SHAPE('Placement','Placement of an item',
  #3172);
#3172 = NEXT_ASSEMBLY_USAGE_OCCURRENCE('83','=>[0:1:1:84]','',#5,#3163,$
  );
#3173 = PRODUCT_RELATED_PRODUCT_CATEGORY('part',$,(#3165));
#3174 = ADVANCED_BREP_SHAPE_REPRESENTATION('',(#11,#3175),#3187);
#3175 = MANIFOLD_SOLID_BREP('',#3176);
#3176 = CLOSED_SHELL('',(#3177));
#3177 = ADVANCED_FACE('',(#3178),#3182,.T.);
#3178 = FACE_BOUND('',#3179,.T.);
#3179 = VERTEX_LOOP('',#3180);
#3180 = VERTEX_POINT('',#3181);
#3181 = CARTESIAN_POINT('',(8.266365894245E-18,-2.024675706594E-33,
    -0.135));
#3182 = SPHERICAL_SURFACE('',#3183,0.135);
#3183 = AXIS2_PLACEMENT_3D('',#3184,#3185,#3186);
#3184 = CARTESIAN_POINT('',(0.,0.,0.));
#3185 = DIRECTION('',(0.,0.,1.));
#3186 = DIRECTION('',(1.,0.,-0.));
#3187 = ( GEOMETRIC_REPRESENTATION_CONTEXT(3) 
GLOBAL_UNCERTAINTY_ASSIGNED_CONTEXT((#3191)) 
GLOBAL_UNIT_ASSIGNED_CONTEXT((#3188,#3189,#3190)) REPRESENTATION_CONTEXT
('Context #1','3D Context with UNIT and UNCERTAINTY') );
#3188 = ( LENGTH_UNIT() NAMED_UNIT(*) SI_UNIT(.MILLI.,.METRE.) );
#3189 = ( NAMED_UNIT(*) PLANE_ANGLE_UNIT() SI_UNIT($,.RADIAN.) );
#3190 = ( NAMED_UNIT(*) SI_UNIT($,.STERADIAN.) SOLID_ANGLE_UNIT() );
#3191 = UNCERTAINTY_MEASURE_WITH_UNIT(LENGTH_MEASURE(1.E-07),#3188,
  'distance_accuracy_value','confusion accuracy');
#3192 = SHAPE_DEFINITION_REPRESENTATION(#3193,#3174);
#3193 = PRODUCT_DEFINITION_SHAPE('','',#3194);
#3194 = PRODUCT_DEFINITION('design','',#3195,#3198);
#3195 = PRODUCT_DEFINITION_FORMATION('','',#3196);
#3196 = PRODUCT('H13','H13','',(#3197));
#3197 = PRODUCT_CONTEXT('',#2,'mechanical');
#3198 = PRODUCT_DEFINITION_CONTEXT('part definition',#2,'design');
#3199 = CONTEXT_DEPENDENT_SHAPE_REPRESENTATION(#3200,#3202);
#3200 = ( REPRESENTATION_RELATIONSHIP('','',#3174,#10) 
REPRESENTATION_RELATIONSHIP_WITH_TRANSFORMATION(#3201) 
SHAPE_REPRESENTATION_RELATIONSHIP() );
#3201 = ITEM_DEFINED_TRANSFORMATION('','',#11,#347);
#3202 = PRODUCT_DEFINITION_SHAPE('Placement','Placement of an item',
  #3203);
#3203 = NEXT_ASSEMBLY_USAGE_OCCURRENCE('84','=>[0:1:1:85]','',#5,#3194,$
  );
#3204 = PRODUCT_RELATED_PRODUCT_CATEGORY('part',$,(#3196));
#3205 = ADVANCED_BREP_SHAPE_REPRESENTATION('',(#11,#3206),#3218);
#3206 = MANIFOLD_SOLID_BREP('',#3207);
#3207 = CLOSED_SHELL('',(#3208));
#3208 = ADVANCED_FACE('',(#3209),#3213,.T.);
#3209 = FACE_BOUND('',#3210,.T.);
#3210 = VERTEX_LOOP('',#3211);
#3211 = VERTEX_POINT('',#3212);
#3212 = CARTESIAN_POINT('',(8.266365894245E-18,-2.024675706594E-33,
    -0.135));
#3213 = SPHERICAL_SURFACE('',#3214,0.135);
#3214 = AXIS2_PLACEMENT_3D('',#3215,#3216,#3217);
#3215 = CARTESIAN_POINT('',(0.,0.,0.));
#3216 = DIRECTION('',(0.,0.,1.));
#3217 = DIRECTION('',(1.,0.,-0.));
#3218 = ( GEOMETRIC_REPRESENTATION_CONTEXT(3) 
GLOBAL_UNCERTAINTY_ASSIGNED_CONTEXT((#3222)) 
GLOBAL_UNIT_ASSIGNED_CONTEXT((#3219,#3220,#3221)) REPRESENTATION_CONTEXT
('Context #1','3D Context with UNIT and UNCERTAINTY') );
#3219 = ( LENGTH_UNIT() NAMED_UNIT(*) SI_UNIT(.MILLI.,.METRE.) );
#3220 = ( NAMED_UNIT(*) PLANE_ANGLE_UNIT() SI_UNIT($,.RADIAN.) );
#3221 = ( NAMED_UNIT(*) SI_UNIT($,.STERADIAN.) SOLID_ANGLE_UNIT() );
#3222 = UNCERTAINTY_MEASURE_WITH_UNIT(LENGTH_MEASURE(1.E-07),#3219,
  'distance_accuracy_value','confusion accuracy');
#3223 = SHAPE_DEFINITION_REPRESENTATION(#3224,#3205);
#3224 = PRODUCT_DEFINITION_SHAPE('','',#3225);
#3225 = PRODUCT_DEFINITION('design','',#3226,#3229);
#3226 = PRODUCT_DEFINITION_FORMATION('','',#3227);
#3227 = PRODUCT('J1','J1','',(#3228));
#3228 = PRODUCT_CONTEXT('',#2,'mechanical');
#3229 = PRODUCT_DEFINITION_CONTEXT('part definition',#2,'design');
#3230 = CONTEXT_DEPENDENT_SHAPE_REPRESENTATION(#3231,#3233);
#3231 = ( REPRESENTATION_RELATIONSHIP('','',#3205,#10) 
REPRESENTATION_RELATIONSHIP_WITH_TRANSFORMATION(#3232) 
SHAPE_REPRESENTATION_RELATIONSHIP() );
#3232 = ITEM_DEFINED_TRANSFORMATION('','',#11,#351);
#3233 = PRODUCT_DEFINITION_SHAPE('Placement','Placement of an item',
  #3234);
#3234 = NEXT_ASSEMBLY_USAGE_OCCURRENCE('85','=>[0:1:1:86]','',#5,#3225,$
  );
#3235 = PRODUCT_RELATED_PRODUCT_CATEGORY('part',$,(#3227));
#3236 = ADVANCED_BREP_SHAPE_REPRESENTATION('',(#11,#3237),#3249);
#3237 = MANIFOLD_SOLID_BREP('',#3238);
#3238 = CLOSED_SHELL('',(#3239));
#3239 = ADVANCED_FACE('',(#3240),#3244,.T.);
#3240 = FACE_BOUND('',#3241,.T.);
#3241 = VERTEX_LOOP('',#3242);
#3242 = VERTEX_POINT('',#3243);
#3243 = CARTESIAN_POINT('',(8.266365894245E-18,-2.024675706594E-33,
    -0.135));
#3244 = SPHERICAL_SURFACE('',#3245,0.135);
#3245 = AXIS2_PLACEMENT_3D('',#3246,#3247,#3248);
#3246 = CARTESIAN_POINT('',(0.,0.,0.));
#3247 = DIRECTION('',(0.,0.,1.));
#3248 = DIRECTION('',(1.,0.,-0.));
#3249 = ( GEOMETRIC_REPRESENTATION_CONTEXT(3) 
GLOBAL_UNCERTAINTY_ASSIGNED_CONTEXT((#3253)) 
GLOBAL_UNIT_ASSIGNED_CONTEXT((#3250,#3251,#3252)) REPRESENTATION_CONTEXT
('Context #1','3D Context with UNIT and UNCERTAINTY') );
#3250 = ( LENGTH_UNIT() NAMED_UNIT(*) SI_UNIT(.MILLI.,.METRE.) );
#3251 = ( NAMED_UNIT(*) PLANE_ANGLE_UNIT() SI_UNIT($,.RADIAN.) );
#3252 = ( NAMED_UNIT(*) SI_UNIT($,.STERADIAN.) SOLID_ANGLE_UNIT() );
#3253 = UNCERTAINTY_MEASURE_WITH_UNIT(LENGTH_MEASURE(1.E-07),#3250,
  'distance_accuracy_value','confusion accuracy');
#3254 = SHAPE_DEFINITION_REPRESENTATION(#3255,#3236);
#3255 = PRODUCT_DEFINITION_SHAPE('','',#3256);
#3256 = PRODUCT_DEFINITION('design','',#3257,#3260);
#3257 = PRODUCT_DEFINITION_FORMATION('','',#3258);
#3258 = PRODUCT('J2','J2','',(#3259));
#3259 = PRODUCT_CONTEXT('',#2,'mechanical');
#3260 = PRODUCT_DEFINITION_CONTEXT('part definition',#2,'design');
#3261 = CONTEXT_DEPENDENT_SHAPE_REPRESENTATION(#3262,#3264);
#3262 = ( REPRESENTATION_RELATIONSHIP('','',#3236,#10) 
REPRESENTATION_RELATIONSHIP_WITH_TRANSFORMATION(#3263) 
SHAPE_REPRESENTATION_RELATIONSHIP() );
#3263 = ITEM_DEFINED_TRANSFORMATION('','',#11,#355);
#3264 = PRODUCT_DEFINITION_SHAPE('Placement','Placement of an item',
  #3265);
#3265 = NEXT_ASSEMBLY_USAGE_OCCURRENCE('86','=>[0:1:1:87]','',#5,#3256,$
  );
#3266 = PRODUCT_RELATED_PRODUCT_CATEGORY('part',$,(#3258));
#3267 = ADVANCED_BREP_SHAPE_REPRESENTATION('',(#11,#3268),#3280);
#3268 = MANIFOLD_SOLID_BREP('',#3269);
#3269 = CLOSED_SHELL('',(#3270));
#3270 = ADVANCED_FACE('',(#3271),#3275,.T.);
#3271 = FACE_BOUND('',#3272,.T.);
#3272 = VERTEX_LOOP('',#3273);
#3273 = VERTEX_POINT('',#3274);
#3274 = CARTESIAN_POINT('',(8.266365894245E-18,-2.024675706594E-33,
    -0.135));
#3275 = SPHERICAL_SURFACE('',#3276,0.135);
#3276 = AXIS2_PLACEMENT_3D('',#3277,#3278,#3279);
#3277 = CARTESIAN_POINT('',(0.,0.,0.));
#3278 = DIRECTION('',(0.,0.,1.));
#3279 = DIRECTION('',(1.,0.,-0.));
#3280 = ( GEOMETRIC_REPRESENTATION_CONTEXT(3) 
GLOBAL_UNCERTAINTY_ASSIGNED_CONTEXT((#3284)) 
GLOBAL_UNIT_ASSIGNED_CONTEXT((#3281,#3282,#3283)) REPRESENTATION_CONTEXT
('Context #1','3D Context with UNIT and UNCERTAINTY') );
#3281 = ( LENGTH_UNIT() NAMED_UNIT(*) SI_UNIT(.MILLI.,.METRE.) );
#3282 = ( NAMED_UNIT(*) PLANE_ANGLE_UNIT() SI_UNIT($,.RADIAN.) );
#3283 = ( NAMED_UNIT(*) SI_UNIT($,.STERADIAN.) SOLID_ANGLE_UNIT() );
#3284 = UNCERTAINTY_MEASURE_WITH_UNIT(LENGTH_MEASURE(1.E-07),#3281,
  'distance_accuracy_value','confusion accuracy');
#3285 = SHAPE_DEFINITION_REPRESENTATION(#3286,#3267);
#3286 = PRODUCT_DEFINITION_SHAPE('','',#3287);
#3287 = PRODUCT_DEFINITION('design','',#3288,#3291);
#3288 = PRODUCT_DEFINITION_FORMATION('','',#3289);
#3289 = PRODUCT('J3','J3','',(#3290));
#3290 = PRODUCT_CONTEXT('',#2,'mechanical');
#3291 = PRODUCT_DEFINITION_CONTEXT('part definition',#2,'design');
#3292 = CONTEXT_DEPENDENT_SHAPE_REPRESENTATION(#3293,#3295);
#3293 = ( REPRESENTATION_RELATIONSHIP('','',#3267,#10) 
REPRESENTATION_RELATIONSHIP_WITH_TRANSFORMATION(#3294) 
SHAPE_REPRESENTATION_RELATIONSHIP() );
#3294 = ITEM_DEFINED_TRANSFORMATION('','',#11,#359);
#3295 = PRODUCT_DEFINITION_SHAPE('Placement','Placement of an item',
  #3296);
#3296 = NEXT_ASSEMBLY_USAGE_OCCURRENCE('87','=>[0:1:1:88]','',#5,#3287,$
  );
#3297 = PRODUCT_RELATED_PRODUCT_CATEGORY('part',$,(#3289));
#3298 = ADVANCED_BREP_SHAPE_REPRESENTATION('',(#11,#3299),#3311);
#3299 = MANIFOLD_SOLID_BREP('',#3300);
#3300 = CLOSED_SHELL('',(#3301));
#3301 = ADVANCED_FACE('',(#3302),#3306,.T.);
#3302 = FACE_BOUND('',#3303,.T.);
#3303 = VERTEX_LOOP('',#3304);
#3304 = VERTEX_POINT('',#3305);
#3305 = CARTESIAN_POINT('',(8.266365894245E-18,-2.024675706594E-33,
    -0.135));
#3306 = SPHERICAL_SURFACE('',#3307,0.135);
#3307 = AXIS2_PLACEMENT_3D('',#3308,#3309,#3310);
#3308 = CARTESIAN_POINT('',(0.,0.,0.));
#3309 = DIRECTION('',(0.,0.,1.));
#3310 = DIRECTION('',(1.,0.,-0.));
#3311 = ( GEOMETRIC_REPRESENTATION_CONTEXT(3) 
GLOBAL_UNCERTAINTY_ASSIGNED_CONTEXT((#3315)) 
GLOBAL_UNIT_ASSIGNED_CONTEXT((#3312,#3313,#3314)) REPRESENTATION_CONTEXT
('Context #1','3D Context with UNIT and UNCERTAINTY') );
#3312 = ( LENGTH_UNIT() NAMED_UNIT(*) SI_UNIT(.MILLI.,.METRE.) );
#3313 = ( NAMED_UNIT(*) PLANE_ANGLE_UNIT() SI_UNIT($,.RADIAN.) );
#3314 = ( NAMED_UNIT(*) SI_UNIT($,.STERADIAN.) SOLID_ANGLE_UNIT() );
#3315 = UNCERTAINTY_MEASURE_WITH_UNIT(LENGTH_MEASURE(1.E-07),#3312,
  'distance_accuracy_value','confusion accuracy');
#3316 = SHAPE_DEFINITION_REPRESENTATION(#3317,#3298);
#3317 = PRODUCT_DEFINITION_SHAPE('','',#3318);
#3318 = PRODUCT_DEFINITION('design','',#3319,#3322);
#3319 = PRODUCT_DEFINITION_FORMATION('','',#3320);
#3320 = PRODUCT('J4','J4','',(#3321));
#3321 = PRODUCT_CONTEXT('',#2,'mechanical');
#3322 = PRODUCT_DEFINITION_CONTEXT('part definition',#2,'design');
#3323 = CONTEXT_DEPENDENT_SHAPE_REPRESENTATION(#3324,#3326);
#3324 = ( REPRESENTATION_RELATIONSHIP('','',#3298,#10) 
REPRESENTATION_RELATIONSHIP_WITH_TRANSFORMATION(#3325) 
SHAPE_REPRESENTATION_RELATIONSHIP() );
#3325 = ITEM_DEFINED_TRANSFORMATION('','',#11,#363);
#3326 = PRODUCT_DEFINITION_SHAPE('Placement','Placement of an item',
  #3327);
#3327 = NEXT_ASSEMBLY_USAGE_OCCURRENCE('88','=>[0:1:1:89]','',#5,#3318,$
  );
#3328 = PRODUCT_RELATED_PRODUCT_CATEGORY('part',$,(#3320));
#3329 = ADVANCED_BREP_SHAPE_REPRESENTATION('',(#11,#3330),#3342);
#3330 = MANIFOLD_SOLID_BREP('',#3331);
#3331 = CLOSED_SHELL('',(#3332));
#3332 = ADVANCED_FACE('',(#3333),#3337,.T.);
#3333 = FACE_BOUND('',#3334,.T.);
#3334 = VERTEX_LOOP('',#3335);
#3335 = VERTEX_POINT('',#3336);
#3336 = CARTESIAN_POINT('',(8.266365894245E-18,-2.024675706594E-33,
    -0.135));
#3337 = SPHERICAL_SURFACE('',#3338,0.135);
#3338 = AXIS2_PLACEMENT_3D('',#3339,#3340,#3341);
#3339 = CARTESIAN_POINT('',(0.,0.,0.));
#3340 = DIRECTION('',(0.,0.,1.));
#3341 = DIRECTION('',(1.,0.,-0.));
#3342 = ( GEOMETRIC_REPRESENTATION_CONTEXT(3) 
GLOBAL_UNCERTAINTY_ASSIGNED_CONTEXT((#3346)) 
GLOBAL_UNIT_ASSIGNED_CONTEXT((#3343,#3344,#3345)) REPRESENTATION_CONTEXT
('Context #1','3D Context with UNIT and UNCERTAINTY') );
#3343 = ( LENGTH_UNIT() NAMED_UNIT(*) SI_UNIT(.MILLI.,.METRE.) );
#3344 = ( NAMED_UNIT(*) PLANE_ANGLE_UNIT() SI_UNIT($,.RADIAN.) );
#3345 = ( NAMED_UNIT(*) SI_UNIT($,.STERADIAN.) SOLID_ANGLE_UNIT() );
#3346 = UNCERTAINTY_MEASURE_WITH_UNIT(LENGTH_MEASURE(1.E-07),#3343,
  'distance_accuracy_value','confusion accuracy');
#3347 = SHAPE_DEFINITION_REPRESENTATION(#3348,#3329);
#3348 = PRODUCT_DEFINITION_SHAPE('','',#3349);
#3349 = PRODUCT_DEFINITION('design','',#3350,#3353);
#3350 = PRODUCT_DEFINITION_FORMATION('','',#3351);
#3351 = PRODUCT('J10','J10','',(#3352));
#3352 = PRODUCT_CONTEXT('',#2,'mechanical');
#3353 = PRODUCT_DEFINITION_CONTEXT('part definition',#2,'design');
#3354 = CONTEXT_DEPENDENT_SHAPE_REPRESENTATION(#3355,#3357);
#3355 = ( REPRESENTATION_RELATIONSHIP('','',#3329,#10) 
REPRESENTATION_RELATIONSHIP_WITH_TRANSFORMATION(#3356) 
SHAPE_REPRESENTATION_RELATIONSHIP() );
#3356 = ITEM_DEFINED_TRANSFORMATION('','',#11,#367);
#3357 = PRODUCT_DEFINITION_SHAPE('Placement','Placement of an item',
  #3358);
#3358 = NEXT_ASSEMBLY_USAGE_OCCURRENCE('89','=>[0:1:1:90]','',#5,#3349,$
  );
#3359 = PRODUCT_RELATED_PRODUCT_CATEGORY('part',$,(#3351));
#3360 = ADVANCED_BREP_SHAPE_REPRESENTATION('',(#11,#3361),#3373);
#3361 = MANIFOLD_SOLID_BREP('',#3362);
#3362 = CLOSED_SHELL('',(#3363));
#3363 = ADVANCED_FACE('',(#3364),#3368,.T.);
#3364 = FACE_BOUND('',#3365,.T.);
#3365 = VERTEX_LOOP('',#3366);
#3366 = VERTEX_POINT('',#3367);
#3367 = CARTESIAN_POINT('',(8.266365894245E-18,-2.024675706594E-33,
    -0.135));
#3368 = SPHERICAL_SURFACE('',#3369,0.135);
#3369 = AXIS2_PLACEMENT_3D('',#3370,#3371,#3372);
#3370 = CARTESIAN_POINT('',(0.,0.,0.));
#3371 = DIRECTION('',(0.,0.,1.));
#3372 = DIRECTION('',(1.,0.,-0.));
#3373 = ( GEOMETRIC_REPRESENTATION_CONTEXT(3) 
GLOBAL_UNCERTAINTY_ASSIGNED_CONTEXT((#3377)) 
GLOBAL_UNIT_ASSIGNED_CONTEXT((#3374,#3375,#3376)) REPRESENTATION_CONTEXT
('Context #1','3D Context with UNIT and UNCERTAINTY') );
#3374 = ( LENGTH_UNIT() NAMED_UNIT(*) SI_UNIT(.MILLI.,.METRE.) );
#3375 = ( NAMED_UNIT(*) PLANE_ANGLE_UNIT() SI_UNIT($,.RADIAN.) );
#3376 = ( NAMED_UNIT(*) SI_UNIT($,.STERADIAN.) SOLID_ANGLE_UNIT() );
#3377 = UNCERTAINTY_MEASURE_WITH_UNIT(LENGTH_MEASURE(1.E-07),#3374,
  'distance_accuracy_value','confusion accuracy');
#3378 = SHAPE_DEFINITION_REPRESENTATION(#3379,#3360);
#3379 = PRODUCT_DEFINITION_SHAPE('','',#3380);
#3380 = PRODUCT_DEFINITION('design','',#3381,#3384);
#3381 = PRODUCT_DEFINITION_FORMATION('','',#3382);
#3382 = PRODUCT('J11','J11','',(#3383));
#3383 = PRODUCT_CONTEXT('',#2,'mechanical');
#3384 = PRODUCT_DEFINITION_CONTEXT('part definition',#2,'design');
#3385 = CONTEXT_DEPENDENT_SHAPE_REPRESENTATION(#3386,#3388);
#3386 = ( REPRESENTATION_RELATIONSHIP('','',#3360,#10) 
REPRESENTATION_RELATIONSHIP_WITH_TRANSFORMATION(#3387) 
SHAPE_REPRESENTATION_RELATIONSHIP() );
#3387 = ITEM_DEFINED_TRANSFORMATION('','',#11,#371);
#3388 = PRODUCT_DEFINITION_SHAPE('Placement','Placement of an item',
  #3389);
#3389 = NEXT_ASSEMBLY_USAGE_OCCURRENCE('90','=>[0:1:1:91]','',#5,#3380,$
  );
#3390 = PRODUCT_RELATED_PRODUCT_CATEGORY('part',$,(#3382));
#3391 = ADVANCED_BREP_SHAPE_REPRESENTATION('',(#11,#3392),#3404);
#3392 = MANIFOLD_SOLID_BREP('',#3393);
#3393 = CLOSED_SHELL('',(#3394));
#3394 = ADVANCED_FACE('',(#3395),#3399,.T.);
#3395 = FACE_BOUND('',#3396,.T.);
#3396 = VERTEX_LOOP('',#3397);
#3397 = VERTEX_POINT('',#3398);
#3398 = CARTESIAN_POINT('',(8.266365894245E-18,-2.024675706594E-33,
    -0.135));
#3399 = SPHERICAL_SURFACE('',#3400,0.135);
#3400 = AXIS2_PLACEMENT_3D('',#3401,#3402,#3403);
#3401 = CARTESIAN_POINT('',(0.,0.,0.));
#3402 = DIRECTION('',(0.,0.,1.));
#3403 = DIRECTION('',(1.,0.,-0.));
#3404 = ( GEOMETRIC_REPRESENTATION_CONTEXT(3) 
GLOBAL_UNCERTAINTY_ASSIGNED_CONTEXT((#3408)) 
GLOBAL_UNIT_ASSIGNED_CONTEXT((#3405,#3406,#3407)) REPRESENTATION_CONTEXT
('Context #1','3D Context with UNIT and UNCERTAINTY') );
#3405 = ( LENGTH_UNIT() NAMED_UNIT(*) SI_UNIT(.MILLI.,.METRE.) );
#3406 = ( NAMED_UNIT(*) PLANE_ANGLE_UNIT() SI_UNIT($,.RADIAN.) );
#3407 = ( NAMED_UNIT(*) SI_UNIT($,.STERADIAN.) SOLID_ANGLE_UNIT() );
#3408 = UNCERTAINTY_MEASURE_WITH_UNIT(LENGTH_MEASURE(1.E-07),#3405,
  'distance_accuracy_value','confusion accuracy');
#3409 = SHAPE_DEFINITION_REPRESENTATION(#3410,#3391);
#3410 = PRODUCT_DEFINITION_SHAPE('','',#3411);
#3411 = PRODUCT_DEFINITION('design','',#3412,#3415);
#3412 = PRODUCT_DEFINITION_FORMATION('','',#3413);
#3413 = PRODUCT('J12','J12','',(#3414));
#3414 = PRODUCT_CONTEXT('',#2,'mechanical');
#3415 = PRODUCT_DEFINITION_CONTEXT('part definition',#2,'design');
#3416 = CONTEXT_DEPENDENT_SHAPE_REPRESENTATION(#3417,#3419);
#3417 = ( REPRESENTATION_RELATIONSHIP('','',#3391,#10) 
REPRESENTATION_RELATIONSHIP_WITH_TRANSFORMATION(#3418) 
SHAPE_REPRESENTATION_RELATIONSHIP() );
#3418 = ITEM_DEFINED_TRANSFORMATION('','',#11,#375);
#3419 = PRODUCT_DEFINITION_SHAPE('Placement','Placement of an item',
  #3420);
#3420 = NEXT_ASSEMBLY_USAGE_OCCURRENCE('91','=>[0:1:1:92]','',#5,#3411,$
  );
#3421 = PRODUCT_RELATED_PRODUCT_CATEGORY('part',$,(#3413));
#3422 = ADVANCED_BREP_SHAPE_REPRESENTATION('',(#11,#3423),#3435);
#3423 = MANIFOLD_SOLID_BREP('',#3424);
#3424 = CLOSED_SHELL('',(#3425));
#3425 = ADVANCED_FACE('',(#3426),#3430,.T.);
#3426 = FACE_BOUND('',#3427,.T.);
#3427 = VERTEX_LOOP('',#3428);
#3428 = VERTEX_POINT('',#3429);
#3429 = CARTESIAN_POINT('',(8.266365894245E-18,-2.024675706594E-33,
    -0.135));
#3430 = SPHERICAL_SURFACE('',#3431,0.135);
#3431 = AXIS2_PLACEMENT_3D('',#3432,#3433,#3434);
#3432 = CARTESIAN_POINT('',(0.,0.,0.));
#3433 = DIRECTION('',(0.,0.,1.));
#3434 = DIRECTION('',(1.,0.,-0.));
#3435 = ( GEOMETRIC_REPRESENTATION_CONTEXT(3) 
GLOBAL_UNCERTAINTY_ASSIGNED_CONTEXT((#3439)) 
GLOBAL_UNIT_ASSIGNED_CONTEXT((#3436,#3437,#3438)) REPRESENTATION_CONTEXT
('Context #1','3D Context with UNIT and UNCERTAINTY') );
#3436 = ( LENGTH_UNIT() NAMED_UNIT(*) SI_UNIT(.MILLI.,.METRE.) );
#3437 = ( NAMED_UNIT(*) PLANE_ANGLE_UNIT() SI_UNIT($,.RADIAN.) );
#3438 = ( NAMED_UNIT(*) SI_UNIT($,.STERADIAN.) SOLID_ANGLE_UNIT() );
#3439 = UNCERTAINTY_MEASURE_WITH_UNIT(LENGTH_MEASURE(1.E-07),#3436,
  'distance_accuracy_value','confusion accuracy');
#3440 = SHAPE_DEFINITION_REPRESENTATION(#3441,#3422);
#3441 = PRODUCT_DEFINITION_SHAPE('','',#3442);
#3442 = PRODUCT_DEFINITION('design','',#3443,#3446);
#3443 = PRODUCT_DEFINITION_FORMATION('','',#3444);
#3444 = PRODUCT('J13','J13','',(#3445));
#3445 = PRODUCT_CONTEXT('',#2,'mechanical');
#3446 = PRODUCT_DEFINITION_CONTEXT('part definition',#2,'design');
#3447 = CONTEXT_DEPENDENT_SHAPE_REPRESENTATION(#3448,#3450);
#3448 = ( REPRESENTATION_RELATIONSHIP('','',#3422,#10) 
REPRESENTATION_RELATIONSHIP_WITH_TRANSFORMATION(#3449) 
SHAPE_REPRESENTATION_RELATIONSHIP() );
#3449 = ITEM_DEFINED_TRANSFORMATION('','',#11,#379);
#3450 = PRODUCT_DEFINITION_SHAPE('Placement','Placement of an item',
  #3451);
#3451 = NEXT_ASSEMBLY_USAGE_OCCURRENCE('92','=>[0:1:1:93]','',#5,#3442,$
  );
#3452 = PRODUCT_RELATED_PRODUCT_CATEGORY('part',$,(#3444));
#3453 = ADVANCED_BREP_SHAPE_REPRESENTATION('',(#11,#3454),#3466);
#3454 = MANIFOLD_SOLID_BREP('',#3455);
#3455 = CLOSED_SHELL('',(#3456));
#3456 = ADVANCED_FACE('',(#3457),#3461,.T.);
#3457 = FACE_BOUND('',#3458,.T.);
#3458 = VERTEX_LOOP('',#3459);
#3459 = VERTEX_POINT('',#3460);
#3460 = CARTESIAN_POINT('',(8.266365894245E-18,-2.024675706594E-33,
    -0.135));
#3461 = SPHERICAL_SURFACE('',#3462,0.135);
#3462 = AXIS2_PLACEMENT_3D('',#3463,#3464,#3465);
#3463 = CARTESIAN_POINT('',(0.,0.,0.));
#3464 = DIRECTION('',(0.,0.,1.));
#3465 = DIRECTION('',(1.,0.,-0.));
#3466 = ( GEOMETRIC_REPRESENTATION_CONTEXT(3) 
GLOBAL_UNCERTAINTY_ASSIGNED_CONTEXT((#3470)) 
GLOBAL_UNIT_ASSIGNED_CONTEXT((#3467,#3468,#3469)) REPRESENTATION_CONTEXT
('Context #1','3D Context with UNIT and UNCERTAINTY') );
#3467 = ( LENGTH_UNIT() NAMED_UNIT(*) SI_UNIT(.MILLI.,.METRE.) );
#3468 = ( NAMED_UNIT(*) PLANE_ANGLE_UNIT() SI_UNIT($,.RADIAN.) );
#3469 = ( NAMED_UNIT(*) SI_UNIT($,.STERADIAN.) SOLID_ANGLE_UNIT() );
#3470 = UNCERTAINTY_MEASURE_WITH_UNIT(LENGTH_MEASURE(1.E-07),#3467,
  'distance_accuracy_value','confusion accuracy');
#3471 = SHAPE_DEFINITION_REPRESENTATION(#3472,#3453);
#3472 = PRODUCT_DEFINITION_SHAPE('','',#3473);
#3473 = PRODUCT_DEFINITION('design','',#3474,#3477);
#3474 = PRODUCT_DEFINITION_FORMATION('','',#3475);
#3475 = PRODUCT('K1','K1','',(#3476));
#3476 = PRODUCT_CONTEXT('',#2,'mechanical');
#3477 = PRODUCT_DEFINITION_CONTEXT('part definition',#2,'design');
#3478 = CONTEXT_DEPENDENT_SHAPE_REPRESENTATION(#3479,#3481);
#3479 = ( REPRESENTATION_RELATIONSHIP('','',#3453,#10) 
REPRESENTATION_RELATIONSHIP_WITH_TRANSFORMATION(#3480) 
SHAPE_REPRESENTATION_RELATIONSHIP() );
#3480 = ITEM_DEFINED_TRANSFORMATION('','',#11,#383);
#3481 = PRODUCT_DEFINITION_SHAPE('Placement','Placement of an item',
  #3482);
#3482 = NEXT_ASSEMBLY_USAGE_OCCURRENCE('93','=>[0:1:1:94]','',#5,#3473,$
  );
#3483 = PRODUCT_RELATED_PRODUCT_CATEGORY('part',$,(#3475));
#3484 = ADVANCED_BREP_SHAPE_REPRESENTATION('',(#11,#3485),#3497);
#3485 = MANIFOLD_SOLID_BREP('',#3486);
#3486 = CLOSED_SHELL('',(#3487));
#3487 = ADVANCED_FACE('',(#3488),#3492,.T.);
#3488 = FACE_BOUND('',#3489,.T.);
#3489 = VERTEX_LOOP('',#3490);
#3490 = VERTEX_POINT('',#3491);
#3491 = CARTESIAN_POINT('',(8.266365894245E-18,-2.024675706594E-33,
    -0.135));
#3492 = SPHERICAL_SURFACE('',#3493,0.135);
#3493 = AXIS2_PLACEMENT_3D('',#3494,#3495,#3496);
#3494 = CARTESIAN_POINT('',(0.,0.,0.));
#3495 = DIRECTION('',(0.,0.,1.));
#3496 = DIRECTION('',(1.,0.,-0.));
#3497 = ( GEOMETRIC_REPRESENTATION_CONTEXT(3) 
GLOBAL_UNCERTAINTY_ASSIGNED_CONTEXT((#3501)) 
GLOBAL_UNIT_ASSIGNED_CONTEXT((#3498,#3499,#3500)) REPRESENTATION_CONTEXT
('Context #1','3D Context with UNIT and UNCERTAINTY') );
#3498 = ( LENGTH_UNIT() NAMED_UNIT(*) SI_UNIT(.MILLI.,.METRE.) );
#3499 = ( NAMED_UNIT(*) PLANE_ANGLE_UNIT() SI_UNIT($,.RADIAN.) );
#3500 = ( NAMED_UNIT(*) SI_UNIT($,.STERADIAN.) SOLID_ANGLE_UNIT() );
#3501 = UNCERTAINTY_MEASURE_WITH_UNIT(LENGTH_MEASURE(1.E-07),#3498,
  'distance_accuracy_value','confusion accuracy');
#3502 = SHAPE_DEFINITION_REPRESENTATION(#3503,#3484);
#3503 = PRODUCT_DEFINITION_SHAPE('','',#3504);
#3504 = PRODUCT_DEFINITION('design','',#3505,#3508);
#3505 = PRODUCT_DEFINITION_FORMATION('','',#3506);
#3506 = PRODUCT('K2','K2','',(#3507));
#3507 = PRODUCT_CONTEXT('',#2,'mechanical');
#3508 = PRODUCT_DEFINITION_CONTEXT('part definition',#2,'design');
#3509 = CONTEXT_DEPENDENT_SHAPE_REPRESENTATION(#3510,#3512);
#3510 = ( REPRESENTATION_RELATIONSHIP('','',#3484,#10) 
REPRESENTATION_RELATIONSHIP_WITH_TRANSFORMATION(#3511) 
SHAPE_REPRESENTATION_RELATIONSHIP() );
#3511 = ITEM_DEFINED_TRANSFORMATION('','',#11,#387);
#3512 = PRODUCT_DEFINITION_SHAPE('Placement','Placement of an item',
  #3513);
#3513 = NEXT_ASSEMBLY_USAGE_OCCURRENCE('94','=>[0:1:1:95]','',#5,#3504,$
  );
#3514 = PRODUCT_RELATED_PRODUCT_CATEGORY('part',$,(#3506));
#3515 = ADVANCED_BREP_SHAPE_REPRESENTATION('',(#11,#3516),#3528);
#3516 = MANIFOLD_SOLID_BREP('',#3517);
#3517 = CLOSED_SHELL('',(#3518));
#3518 = ADVANCED_FACE('',(#3519),#3523,.T.);
#3519 = FACE_BOUND('',#3520,.T.);
#3520 = VERTEX_LOOP('',#3521);
#3521 = VERTEX_POINT('',#3522);
#3522 = CARTESIAN_POINT('',(8.266365894245E-18,-2.024675706594E-33,
    -0.135));
#3523 = SPHERICAL_SURFACE('',#3524,0.135);
#3524 = AXIS2_PLACEMENT_3D('',#3525,#3526,#3527);
#3525 = CARTESIAN_POINT('',(0.,0.,0.));
#3526 = DIRECTION('',(0.,0.,1.));
#3527 = DIRECTION('',(1.,0.,-0.));
#3528 = ( GEOMETRIC_REPRESENTATION_CONTEXT(3) 
GLOBAL_UNCERTAINTY_ASSIGNED_CONTEXT((#3532)) 
GLOBAL_UNIT_ASSIGNED_CONTEXT((#3529,#3530,#3531)) REPRESENTATION_CONTEXT
('Context #1','3D Context with UNIT and UNCERTAINTY') );
#3529 = ( LENGTH_UNIT() NAMED_UNIT(*) SI_UNIT(.MILLI.,.METRE.) );
#3530 = ( NAMED_UNIT(*) PLANE_ANGLE_UNIT() SI_UNIT($,.RADIAN.) );
#3531 = ( NAMED_UNIT(*) SI_UNIT($,.STERADIAN.) SOLID_ANGLE_UNIT() );
#3532 = UNCERTAINTY_MEASURE_WITH_UNIT(LENGTH_MEASURE(1.E-07),#3529,
  'distance_accuracy_value','confusion accuracy');
#3533 = SHAPE_DEFINITION_REPRESENTATION(#3534,#3515);
#3534 = PRODUCT_DEFINITION_SHAPE('','',#3535);
#3535 = PRODUCT_DEFINITION('design','',#3536,#3539);
#3536 = PRODUCT_DEFINITION_FORMATION('','',#3537);
#3537 = PRODUCT('K3','K3','',(#3538));
#3538 = PRODUCT_CONTEXT('',#2,'mechanical');
#3539 = PRODUCT_DEFINITION_CONTEXT('part definition',#2,'design');
#3540 = CONTEXT_DEPENDENT_SHAPE_REPRESENTATION(#3541,#3543);
#3541 = ( REPRESENTATION_RELATIONSHIP('','',#3515,#10) 
REPRESENTATION_RELATIONSHIP_WITH_TRANSFORMATION(#3542) 
SHAPE_REPRESENTATION_RELATIONSHIP() );
#3542 = ITEM_DEFINED_TRANSFORMATION('','',#11,#391);
#3543 = PRODUCT_DEFINITION_SHAPE('Placement','Placement of an item',
  #3544);
#3544 = NEXT_ASSEMBLY_USAGE_OCCURRENCE('95','=>[0:1:1:96]','',#5,#3535,$
  );
#3545 = PRODUCT_RELATED_PRODUCT_CATEGORY('part',$,(#3537));
#3546 = ADVANCED_BREP_SHAPE_REPRESENTATION('',(#11,#3547),#3559);
#3547 = MANIFOLD_SOLID_BREP('',#3548);
#3548 = CLOSED_SHELL('',(#3549));
#3549 = ADVANCED_FACE('',(#3550),#3554,.T.);
#3550 = FACE_BOUND('',#3551,.T.);
#3551 = VERTEX_LOOP('',#3552);
#3552 = VERTEX_POINT('',#3553);
#3553 = CARTESIAN_POINT('',(8.266365894245E-18,-2.024675706594E-33,
    -0.135));
#3554 = SPHERICAL_SURFACE('',#3555,0.135);
#3555 = AXIS2_PLACEMENT_3D('',#3556,#3557,#3558);
#3556 = CARTESIAN_POINT('',(0.,0.,0.));
#3557 = DIRECTION('',(0.,0.,1.));
#3558 = DIRECTION('',(1.,0.,-0.));
#3559 = ( GEOMETRIC_REPRESENTATION_CONTEXT(3) 
GLOBAL_UNCERTAINTY_ASSIGNED_CONTEXT((#3563)) 
GLOBAL_UNIT_ASSIGNED_CONTEXT((#3560,#3561,#3562)) REPRESENTATION_CONTEXT
('Context #1','3D Context with UNIT and UNCERTAINTY') );
#3560 = ( LENGTH_UNIT() NAMED_UNIT(*) SI_UNIT(.MILLI.,.METRE.) );
#3561 = ( NAMED_UNIT(*) PLANE_ANGLE_UNIT() SI_UNIT($,.RADIAN.) );
#3562 = ( NAMED_UNIT(*) SI_UNIT($,.STERADIAN.) SOLID_ANGLE_UNIT() );
#3563 = UNCERTAINTY_MEASURE_WITH_UNIT(LENGTH_MEASURE(1.E-07),#3560,
  'distance_accuracy_value','confusion accuracy');
#3564 = SHAPE_DEFINITION_REPRESENTATION(#3565,#3546);
#3565 = PRODUCT_DEFINITION_SHAPE('','',#3566);
#3566 = PRODUCT_DEFINITION('design','',#3567,#3570);
#3567 = PRODUCT_DEFINITION_FORMATION('','',#3568);
#3568 = PRODUCT('K4','K4','',(#3569));
#3569 = PRODUCT_CONTEXT('',#2,'mechanical');
#3570 = PRODUCT_DEFINITION_CONTEXT('part definition',#2,'design');
#3571 = CONTEXT_DEPENDENT_SHAPE_REPRESENTATION(#3572,#3574);
#3572 = ( REPRESENTATION_RELATIONSHIP('','',#3546,#10) 
REPRESENTATION_RELATIONSHIP_WITH_TRANSFORMATION(#3573) 
SHAPE_REPRESENTATION_RELATIONSHIP() );
#3573 = ITEM_DEFINED_TRANSFORMATION('','',#11,#395);
#3574 = PRODUCT_DEFINITION_SHAPE('Placement','Placement of an item',
  #3575);
#3575 = NEXT_ASSEMBLY_USAGE_OCCURRENCE('96','=>[0:1:1:97]','',#5,#3566,$
  );
#3576 = PRODUCT_RELATED_PRODUCT_CATEGORY('part',$,(#3568));
#3577 = ADVANCED_BREP_SHAPE_REPRESENTATION('',(#11,#3578),#3590);
#3578 = MANIFOLD_SOLID_BREP('',#3579);
#3579 = CLOSED_SHELL('',(#3580));
#3580 = ADVANCED_FACE('',(#3581),#3585,.T.);
#3581 = FACE_BOUND('',#3582,.T.);
#3582 = VERTEX_LOOP('',#3583);
#3583 = VERTEX_POINT('',#3584);
#3584 = CARTESIAN_POINT('',(8.266365894245E-18,-2.024675706594E-33,
    -0.135));
#3585 = SPHERICAL_SURFACE('',#3586,0.135);
#3586 = AXIS2_PLACEMENT_3D('',#3587,#3588,#3589);
#3587 = CARTESIAN_POINT('',(0.,0.,0.));
#3588 = DIRECTION('',(0.,0.,1.));
#3589 = DIRECTION('',(1.,0.,-0.));
#3590 = ( GEOMETRIC_REPRESENTATION_CONTEXT(3) 
GLOBAL_UNCERTAINTY_ASSIGNED_CONTEXT((#3594)) 
GLOBAL_UNIT_ASSIGNED_CONTEXT((#3591,#3592,#3593)) REPRESENTATION_CONTEXT
('Context #1','3D Context with UNIT and UNCERTAINTY') );
#3591 = ( LENGTH_UNIT() NAMED_UNIT(*) SI_UNIT(.MILLI.,.METRE.) );
#3592 = ( NAMED_UNIT(*) PLANE_ANGLE_UNIT() SI_UNIT($,.RADIAN.) );
#3593 = ( NAMED_UNIT(*) SI_UNIT($,.STERADIAN.) SOLID_ANGLE_UNIT() );
#3594 = UNCERTAINTY_MEASURE_WITH_UNIT(LENGTH_MEASURE(1.E-07),#3591,
  'distance_accuracy_value','confusion accuracy');
#3595 = SHAPE_DEFINITION_REPRESENTATION(#3596,#3577);
#3596 = PRODUCT_DEFINITION_SHAPE('','',#3597);
#3597 = PRODUCT_DEFINITION('design','',#3598,#3601);
#3598 = PRODUCT_DEFINITION_FORMATION('','',#3599);
#3599 = PRODUCT('K5','K5','',(#3600));
#3600 = PRODUCT_CONTEXT('',#2,'mechanical');
#3601 = PRODUCT_DEFINITION_CONTEXT('part definition',#2,'design');
#3602 = CONTEXT_DEPENDENT_SHAPE_REPRESENTATION(#3603,#3605);
#3603 = ( REPRESENTATION_RELATIONSHIP('','',#3577,#10) 
REPRESENTATION_RELATIONSHIP_WITH_TRANSFORMATION(#3604) 
SHAPE_REPRESENTATION_RELATIONSHIP() );
#3604 = ITEM_DEFINED_TRANSFORMATION('','',#11,#399);
#3605 = PRODUCT_DEFINITION_SHAPE('Placement','Placement of an item',
  #3606);
#3606 = NEXT_ASSEMBLY_USAGE_OCCURRENCE('97','=>[0:1:1:98]','',#5,#3597,$
  );
#3607 = PRODUCT_RELATED_PRODUCT_CATEGORY('part',$,(#3599));
#3608 = ADVANCED_BREP_SHAPE_REPRESENTATION('',(#11,#3609),#3621);
#3609 = MANIFOLD_SOLID_BREP('',#3610);
#3610 = CLOSED_SHELL('',(#3611));
#3611 = ADVANCED_FACE('',(#3612),#3616,.T.);
#3612 = FACE_BOUND('',#3613,.T.);
#3613 = VERTEX_LOOP('',#3614);
#3614 = VERTEX_POINT('',#3615);
#3615 = CARTESIAN_POINT('',(8.266365894245E-18,-2.024675706594E-33,
    -0.135));
#3616 = SPHERICAL_SURFACE('',#3617,0.135);
#3617 = AXIS2_PLACEMENT_3D('',#3618,#3619,#3620);
#3618 = CARTESIAN_POINT('',(0.,0.,0.));
#3619 = DIRECTION('',(0.,0.,1.));
#3620 = DIRECTION('',(1.,0.,-0.));
#3621 = ( GEOMETRIC_REPRESENTATION_CONTEXT(3) 
GLOBAL_UNCERTAINTY_ASSIGNED_CONTEXT((#3625)) 
GLOBAL_UNIT_ASSIGNED_CONTEXT((#3622,#3623,#3624)) REPRESENTATION_CONTEXT
('Context #1','3D Context with UNIT and UNCERTAINTY') );
#3622 = ( LENGTH_UNIT() NAMED_UNIT(*) SI_UNIT(.MILLI.,.METRE.) );
#3623 = ( NAMED_UNIT(*) PLANE_ANGLE_UNIT() SI_UNIT($,.RADIAN.) );
#3624 = ( NAMED_UNIT(*) SI_UNIT($,.STERADIAN.) SOLID_ANGLE_UNIT() );
#3625 = UNCERTAINTY_MEASURE_WITH_UNIT(LENGTH_MEASURE(1.E-07),#3622,
  'distance_accuracy_value','confusion accuracy');
#3626 = SHAPE_DEFINITION_REPRESENTATION(#3627,#3608);
#3627 = PRODUCT_DEFINITION_SHAPE('','',#3628);
#3628 = PRODUCT_DEFINITION('design','',#3629,#3632);
#3629 = PRODUCT_DEFINITION_FORMATION('','',#3630);
#3630 = PRODUCT('K6','K6','',(#3631));
#3631 = PRODUCT_CONTEXT('',#2,'mechanical');
#3632 = PRODUCT_DEFINITION_CONTEXT('part definition',#2,'design');
#3633 = CONTEXT_DEPENDENT_SHAPE_REPRESENTATION(#3634,#3636);
#3634 = ( REPRESENTATION_RELATIONSHIP('','',#3608,#10) 
REPRESENTATION_RELATIONSHIP_WITH_TRANSFORMATION(#3635) 
SHAPE_REPRESENTATION_RELATIONSHIP() );
#3635 = ITEM_DEFINED_TRANSFORMATION('','',#11,#403);
#3636 = PRODUCT_DEFINITION_SHAPE('Placement','Placement of an item',
  #3637);
#3637 = NEXT_ASSEMBLY_USAGE_OCCURRENCE('98','=>[0:1:1:99]','',#5,#3628,$
  );
#3638 = PRODUCT_RELATED_PRODUCT_CATEGORY('part',$,(#3630));
#3639 = ADVANCED_BREP_SHAPE_REPRESENTATION('',(#11,#3640),#3652);
#3640 = MANIFOLD_SOLID_BREP('',#3641);
#3641 = CLOSED_SHELL('',(#3642));
#3642 = ADVANCED_FACE('',(#3643),#3647,.T.);
#3643 = FACE_BOUND('',#3644,.T.);
#3644 = VERTEX_LOOP('',#3645);
#3645 = VERTEX_POINT('',#3646);
#3646 = CARTESIAN_POINT('',(8.266365894245E-18,-2.024675706594E-33,
    -0.135));
#3647 = SPHERICAL_SURFACE('',#3648,0.135);
#3648 = AXIS2_PLACEMENT_3D('',#3649,#3650,#3651);
#3649 = CARTESIAN_POINT('',(0.,0.,0.));
#3650 = DIRECTION('',(0.,0.,1.));
#3651 = DIRECTION('',(1.,0.,-0.));
#3652 = ( GEOMETRIC_REPRESENTATION_CONTEXT(3) 
GLOBAL_UNCERTAINTY_ASSIGNED_CONTEXT((#3656)) 
GLOBAL_UNIT_ASSIGNED_CONTEXT((#3653,#3654,#3655)) REPRESENTATION_CONTEXT
('Context #1','3D Context with UNIT and UNCERTAINTY') );
#3653 = ( LENGTH_UNIT() NAMED_UNIT(*) SI_UNIT(.MILLI.,.METRE.) );
#3654 = ( NAMED_UNIT(*) PLANE_ANGLE_UNIT() SI_UNIT($,.RADIAN.) );
#3655 = ( NAMED_UNIT(*) SI_UNIT($,.STERADIAN.) SOLID_ANGLE_UNIT() );
#3656 = UNCERTAINTY_MEASURE_WITH_UNIT(LENGTH_MEASURE(1.E-07),#3653,
  'distance_accuracy_value','confusion accuracy');
#3657 = SHAPE_DEFINITION_REPRESENTATION(#3658,#3639);
#3658 = PRODUCT_DEFINITION_SHAPE('','',#3659);
#3659 = PRODUCT_DEFINITION('design','',#3660,#3663);
#3660 = PRODUCT_DEFINITION_FORMATION('','',#3661);
#3661 = PRODUCT('K7','K7','',(#3662));
#3662 = PRODUCT_CONTEXT('',#2,'mechanical');
#3663 = PRODUCT_DEFINITION_CONTEXT('part definition',#2,'design');
#3664 = CONTEXT_DEPENDENT_SHAPE_REPRESENTATION(#3665,#3667);
#3665 = ( REPRESENTATION_RELATIONSHIP('','',#3639,#10) 
REPRESENTATION_RELATIONSHIP_WITH_TRANSFORMATION(#3666) 
SHAPE_REPRESENTATION_RELATIONSHIP() );
#3666 = ITEM_DEFINED_TRANSFORMATION('','',#11,#407);
#3667 = PRODUCT_DEFINITION_SHAPE('Placement','Placement of an item',
  #3668);
#3668 = NEXT_ASSEMBLY_USAGE_OCCURRENCE('99','=>[0:1:1:100]','',#5,#3659,
  $);
#3669 = PRODUCT_RELATED_PRODUCT_CATEGORY('part',$,(#3661));
#3670 = ADVANCED_BREP_SHAPE_REPRESENTATION('',(#11,#3671),#3683);
#3671 = MANIFOLD_SOLID_BREP('',#3672);
#3672 = CLOSED_SHELL('',(#3673));
#3673 = ADVANCED_FACE('',(#3674),#3678,.T.);
#3674 = FACE_BOUND('',#3675,.T.);
#3675 = VERTEX_LOOP('',#3676);
#3676 = VERTEX_POINT('',#3677);
#3677 = CARTESIAN_POINT('',(8.266365894245E-18,-2.024675706594E-33,
    -0.135));
#3678 = SPHERICAL_SURFACE('',#3679,0.135);
#3679 = AXIS2_PLACEMENT_3D('',#3680,#3681,#3682);
#3680 = CARTESIAN_POINT('',(0.,0.,0.));
#3681 = DIRECTION('',(0.,0.,1.));
#3682 = DIRECTION('',(1.,0.,-0.));
#3683 = ( GEOMETRIC_REPRESENTATION_CONTEXT(3) 
GLOBAL_UNCERTAINTY_ASSIGNED_CONTEXT((#3687)) 
GLOBAL_UNIT_ASSIGNED_CONTEXT((#3684,#3685,#3686)) REPRESENTATION_CONTEXT
('Context #1','3D Context with UNIT and UNCERTAINTY') );
#3684 = ( LENGTH_UNIT() NAMED_UNIT(*) SI_UNIT(.MILLI.,.METRE.) );
#3685 = ( NAMED_UNIT(*) PLANE_ANGLE_UNIT() SI_UNIT($,.RADIAN.) );
#3686 = ( NAMED_UNIT(*) SI_UNIT($,.STERADIAN.) SOLID_ANGLE_UNIT() );
#3687 = UNCERTAINTY_MEASURE_WITH_UNIT(LENGTH_MEASURE(1.E-07),#3684,
  'distance_accuracy_value','confusion accuracy');
#3688 = SHAPE_DEFINITION_REPRESENTATION(#3689,#3670);
#3689 = PRODUCT_DEFINITION_SHAPE('','',#3690);
#3690 = PRODUCT_DEFINITION('design','',#3691,#3694);
#3691 = PRODUCT_DEFINITION_FORMATION('','',#3692);
#3692 = PRODUCT('K8','K8','',(#3693));
#3693 = PRODUCT_CONTEXT('',#2,'mechanical');
#3694 = PRODUCT_DEFINITION_CONTEXT('part definition',#2,'design');
#3695 = CONTEXT_DEPENDENT_SHAPE_REPRESENTATION(#3696,#3698);
#3696 = ( REPRESENTATION_RELATIONSHIP('','',#3670,#10) 
REPRESENTATION_RELATIONSHIP_WITH_TRANSFORMATION(#3697) 
SHAPE_REPRESENTATION_RELATIONSHIP() );
#3697 = ITEM_DEFINED_TRANSFORMATION('','',#11,#411);
#3698 = PRODUCT_DEFINITION_SHAPE('Placement','Placement of an item',
  #3699);
#3699 = NEXT_ASSEMBLY_USAGE_OCCURRENCE('100','=>[0:1:1:101]','',#5,#3690
  ,$);
#3700 = PRODUCT_RELATED_PRODUCT_CATEGORY('part',$,(#3692));
#3701 = ADVANCED_BREP_SHAPE_REPRESENTATION('',(#11,#3702),#3714);
#3702 = MANIFOLD_SOLID_BREP('',#3703);
#3703 = CLOSED_SHELL('',(#3704));
#3704 = ADVANCED_FACE('',(#3705),#3709,.T.);
#3705 = FACE_BOUND('',#3706,.T.);
#3706 = VERTEX_LOOP('',#3707);
#3707 = VERTEX_POINT('',#3708);
#3708 = CARTESIAN_POINT('',(8.266365894245E-18,-2.024675706594E-33,
    -0.135));
#3709 = SPHERICAL_SURFACE('',#3710,0.135);
#3710 = AXIS2_PLACEMENT_3D('',#3711,#3712,#3713);
#3711 = CARTESIAN_POINT('',(0.,0.,0.));
#3712 = DIRECTION('',(0.,0.,1.));
#3713 = DIRECTION('',(1.,0.,-0.));
#3714 = ( GEOMETRIC_REPRESENTATION_CONTEXT(3) 
GLOBAL_UNCERTAINTY_ASSIGNED_CONTEXT((#3718)) 
GLOBAL_UNIT_ASSIGNED_CONTEXT((#3715,#3716,#3717)) REPRESENTATION_CONTEXT
('Context #1','3D Context with UNIT and UNCERTAINTY') );
#3715 = ( LENGTH_UNIT() NAMED_UNIT(*) SI_UNIT(.MILLI.,.METRE.) );
#3716 = ( NAMED_UNIT(*) PLANE_ANGLE_UNIT() SI_UNIT($,.RADIAN.) );
#3717 = ( NAMED_UNIT(*) SI_UNIT($,.STERADIAN.) SOLID_ANGLE_UNIT() );
#3718 = UNCERTAINTY_MEASURE_WITH_UNIT(LENGTH_MEASURE(1.E-07),#3715,
  'distance_accuracy_value','confusion accuracy');
#3719 = SHAPE_DEFINITION_REPRESENTATION(#3720,#3701);
#3720 = PRODUCT_DEFINITION_SHAPE('','',#3721);
#3721 = PRODUCT_DEFINITION('design','',#3722,#3725);
#3722 = PRODUCT_DEFINITION_FORMATION('','',#3723);
#3723 = PRODUCT('K9','K9','',(#3724));
#3724 = PRODUCT_CONTEXT('',#2,'mechanical');
#3725 = PRODUCT_DEFINITION_CONTEXT('part definition',#2,'design');
#3726 = CONTEXT_DEPENDENT_SHAPE_REPRESENTATION(#3727,#3729);
#3727 = ( REPRESENTATION_RELATIONSHIP('','',#3701,#10) 
REPRESENTATION_RELATIONSHIP_WITH_TRANSFORMATION(#3728) 
SHAPE_REPRESENTATION_RELATIONSHIP() );
#3728 = ITEM_DEFINED_TRANSFORMATION('','',#11,#415);
#3729 = PRODUCT_DEFINITION_SHAPE('Placement','Placement of an item',
  #3730);
#3730 = NEXT_ASSEMBLY_USAGE_OCCURRENCE('101','=>[0:1:1:102]','',#5,#3721
  ,$);
#3731 = PRODUCT_RELATED_PRODUCT_CATEGORY('part',$,(#3723));
#3732 = ADVANCED_BREP_SHAPE_REPRESENTATION('',(#11,#3733),#3745);
#3733 = MANIFOLD_SOLID_BREP('',#3734);
#3734 = CLOSED_SHELL('',(#3735));
#3735 = ADVANCED_FACE('',(#3736),#3740,.T.);
#3736 = FACE_BOUND('',#3737,.T.);
#3737 = VERTEX_LOOP('',#3738);
#3738 = VERTEX_POINT('',#3739);
#3739 = CARTESIAN_POINT('',(8.266365894245E-18,-2.024675706594E-33,
    -0.135));
#3740 = SPHERICAL_SURFACE('',#3741,0.135);
#3741 = AXIS2_PLACEMENT_3D('',#3742,#3743,#3744);
#3742 = CARTESIAN_POINT('',(0.,0.,0.));
#3743 = DIRECTION('',(0.,0.,1.));
#3744 = DIRECTION('',(1.,0.,-0.));
#3745 = ( GEOMETRIC_REPRESENTATION_CONTEXT(3) 
GLOBAL_UNCERTAINTY_ASSIGNED_CONTEXT((#3749)) 
GLOBAL_UNIT_ASSIGNED_CONTEXT((#3746,#3747,#3748)) REPRESENTATION_CONTEXT
('Context #1','3D Context with UNIT and UNCERTAINTY') );
#3746 = ( LENGTH_UNIT() NAMED_UNIT(*) SI_UNIT(.MILLI.,.METRE.) );
#3747 = ( NAMED_UNIT(*) PLANE_ANGLE_UNIT() SI_UNIT($,.RADIAN.) );
#3748 = ( NAMED_UNIT(*) SI_UNIT($,.STERADIAN.) SOLID_ANGLE_UNIT() );
#3749 = UNCERTAINTY_MEASURE_WITH_UNIT(LENGTH_MEASURE(1.E-07),#3746,
  'distance_accuracy_value','confusion accuracy');
#3750 = SHAPE_DEFINITION_REPRESENTATION(#3751,#3732);
#3751 = PRODUCT_DEFINITION_SHAPE('','',#3752);
#3752 = PRODUCT_DEFINITION('design','',#3753,#3756);
#3753 = PRODUCT_DEFINITION_FORMATION('','',#3754);
#3754 = PRODUCT('K10','K10','',(#3755));
#3755 = PRODUCT_CONTEXT('',#2,'mechanical');
#3756 = PRODUCT_DEFINITION_CONTEXT('part definition',#2,'design');
#3757 = CONTEXT_DEPENDENT_SHAPE_REPRESENTATION(#3758,#3760);
#3758 = ( REPRESENTATION_RELATIONSHIP('','',#3732,#10) 
REPRESENTATION_RELATIONSHIP_WITH_TRANSFORMATION(#3759) 
SHAPE_REPRESENTATION_RELATIONSHIP() );
#3759 = ITEM_DEFINED_TRANSFORMATION('','',#11,#419);
#3760 = PRODUCT_DEFINITION_SHAPE('Placement','Placement of an item',
  #3761);
#3761 = NEXT_ASSEMBLY_USAGE_OCCURRENCE('102','=>[0:1:1:103]','',#5,#3752
  ,$);
#3762 = PRODUCT_RELATED_PRODUCT_CATEGORY('part',$,(#3754));
#3763 = ADVANCED_BREP_SHAPE_REPRESENTATION('',(#11,#3764),#3776);
#3764 = MANIFOLD_SOLID_BREP('',#3765);
#3765 = CLOSED_SHELL('',(#3766));
#3766 = ADVANCED_FACE('',(#3767),#3771,.T.);
#3767 = FACE_BOUND('',#3768,.T.);
#3768 = VERTEX_LOOP('',#3769);
#3769 = VERTEX_POINT('',#3770);
#3770 = CARTESIAN_POINT('',(8.266365894245E-18,-2.024675706594E-33,
    -0.135));
#3771 = SPHERICAL_SURFACE('',#3772,0.135);
#3772 = AXIS2_PLACEMENT_3D('',#3773,#3774,#3775);
#3773 = CARTESIAN_POINT('',(0.,0.,0.));
#3774 = DIRECTION('',(0.,0.,1.));
#3775 = DIRECTION('',(1.,0.,-0.));
#3776 = ( GEOMETRIC_REPRESENTATION_CONTEXT(3) 
GLOBAL_UNCERTAINTY_ASSIGNED_CONTEXT((#3780)) 
GLOBAL_UNIT_ASSIGNED_CONTEXT((#3777,#3778,#3779)) REPRESENTATION_CONTEXT
('Context #1','3D Context with UNIT and UNCERTAINTY') );
#3777 = ( LENGTH_UNIT() NAMED_UNIT(*) SI_UNIT(.MILLI.,.METRE.) );
#3778 = ( NAMED_UNIT(*) PLANE_ANGLE_UNIT() SI_UNIT($,.RADIAN.) );
#3779 = ( NAMED_UNIT(*) SI_UNIT($,.STERADIAN.) SOLID_ANGLE_UNIT() );
#3780 = UNCERTAINTY_MEASURE_WITH_UNIT(LENGTH_MEASURE(1.E-07),#3777,
  'distance_accuracy_value','confusion accuracy');
#3781 = SHAPE_DEFINITION_REPRESENTATION(#3782,#3763);
#3782 = PRODUCT_DEFINITION_SHAPE('','',#3783);
#3783 = PRODUCT_DEFINITION('design','',#3784,#3787);
#3784 = PRODUCT_DEFINITION_FORMATION('','',#3785);
#3785 = PRODUCT('K11','K11','',(#3786));
#3786 = PRODUCT_CONTEXT('',#2,'mechanical');
#3787 = PRODUCT_DEFINITION_CONTEXT('part definition',#2,'design');
#3788 = CONTEXT_DEPENDENT_SHAPE_REPRESENTATION(#3789,#3791);
#3789 = ( REPRESENTATION_RELATIONSHIP('','',#3763,#10) 
REPRESENTATION_RELATIONSHIP_WITH_TRANSFORMATION(#3790) 
SHAPE_REPRESENTATION_RELATIONSHIP() );
#3790 = ITEM_DEFINED_TRANSFORMATION('','',#11,#423);
#3791 = PRODUCT_DEFINITION_SHAPE('Placement','Placement of an item',
  #3792);
#3792 = NEXT_ASSEMBLY_USAGE_OCCURRENCE('103','=>[0:1:1:104]','',#5,#3783
  ,$);
#3793 = PRODUCT_RELATED_PRODUCT_CATEGORY('part',$,(#3785));
#3794 = ADVANCED_BREP_SHAPE_REPRESENTATION('',(#11,#3795),#3807);
#3795 = MANIFOLD_SOLID_BREP('',#3796);
#3796 = CLOSED_SHELL('',(#3797));
#3797 = ADVANCED_FACE('',(#3798),#3802,.T.);
#3798 = FACE_BOUND('',#3799,.T.);
#3799 = VERTEX_LOOP('',#3800);
#3800 = VERTEX_POINT('',#3801);
#3801 = CARTESIAN_POINT('',(8.266365894245E-18,-2.024675706594E-33,
    -0.135));
#3802 = SPHERICAL_SURFACE('',#3803,0.135);
#3803 = AXIS2_PLACEMENT_3D('',#3804,#3805,#3806);
#3804 = CARTESIAN_POINT('',(0.,0.,0.));
#3805 = DIRECTION('',(0.,0.,1.));
#3806 = DIRECTION('',(1.,0.,-0.));
#3807 = ( GEOMETRIC_REPRESENTATION_CONTEXT(3) 
GLOBAL_UNCERTAINTY_ASSIGNED_CONTEXT((#3811)) 
GLOBAL_UNIT_ASSIGNED_CONTEXT((#3808,#3809,#3810)) REPRESENTATION_CONTEXT
('Context #1','3D Context with UNIT and UNCERTAINTY') );
#3808 = ( LENGTH_UNIT() NAMED_UNIT(*) SI_UNIT(.MILLI.,.METRE.) );
#3809 = ( NAMED_UNIT(*) PLANE_ANGLE_UNIT() SI_UNIT($,.RADIAN.) );
#3810 = ( NAMED_UNIT(*) SI_UNIT($,.STERADIAN.) SOLID_ANGLE_UNIT() );
#3811 = UNCERTAINTY_MEASURE_WITH_UNIT(LENGTH_MEASURE(1.E-07),#3808,
  'distance_accuracy_value','confusion accuracy');
#3812 = SHAPE_DEFINITION_REPRESENTATION(#3813,#3794);
#3813 = PRODUCT_DEFINITION_SHAPE('','',#3814);
#3814 = PRODUCT_DEFINITION('design','',#3815,#3818);
#3815 = PRODUCT_DEFINITION_FORMATION('','',#3816);
#3816 = PRODUCT('K12','K12','',(#3817));
#3817 = PRODUCT_CONTEXT('',#2,'mechanical');
#3818 = PRODUCT_DEFINITION_CONTEXT('part definition',#2,'design');
#3819 = CONTEXT_DEPENDENT_SHAPE_REPRESENTATION(#3820,#3822);
#3820 = ( REPRESENTATION_RELATIONSHIP('','',#3794,#10) 
REPRESENTATION_RELATIONSHIP_WITH_TRANSFORMATION(#3821) 
SHAPE_REPRESENTATION_RELATIONSHIP() );
#3821 = ITEM_DEFINED_TRANSFORMATION('','',#11,#427);
#3822 = PRODUCT_DEFINITION_SHAPE('Placement','Placement of an item',
  #3823);
#3823 = NEXT_ASSEMBLY_USAGE_OCCURRENCE('104','=>[0:1:1:105]','',#5,#3814
  ,$);
#3824 = PRODUCT_RELATED_PRODUCT_CATEGORY('part',$,(#3816));
#3825 = ADVANCED_BREP_SHAPE_REPRESENTATION('',(#11,#3826),#3838);
#3826 = MANIFOLD_SOLID_BREP('',#3827);
#3827 = CLOSED_SHELL('',(#3828));
#3828 = ADVANCED_FACE('',(#3829),#3833,.T.);
#3829 = FACE_BOUND('',#3830,.T.);
#3830 = VERTEX_LOOP('',#3831);
#3831 = VERTEX_POINT('',#3832);
#3832 = CARTESIAN_POINT('',(8.266365894245E-18,-2.024675706594E-33,
    -0.135));
#3833 = SPHERICAL_SURFACE('',#3834,0.135);
#3834 = AXIS2_PLACEMENT_3D('',#3835,#3836,#3837);
#3835 = CARTESIAN_POINT('',(0.,0.,0.));
#3836 = DIRECTION('',(0.,0.,1.));
#3837 = DIRECTION('',(1.,0.,-0.));
#3838 = ( GEOMETRIC_REPRESENTATION_CONTEXT(3) 
GLOBAL_UNCERTAINTY_ASSIGNED_CONTEXT((#3842)) 
GLOBAL_UNIT_ASSIGNED_CONTEXT((#3839,#3840,#3841)) REPRESENTATION_CONTEXT
('Context #1','3D Context with UNIT and UNCERTAINTY') );
#3839 = ( LENGTH_UNIT() NAMED_UNIT(*) SI_UNIT(.MILLI.,.METRE.) );
#3840 = ( NAMED_UNIT(*) PLANE_ANGLE_UNIT() SI_UNIT($,.RADIAN.) );
#3841 = ( NAMED_UNIT(*) SI_UNIT($,.STERADIAN.) SOLID_ANGLE_UNIT() );
#3842 = UNCERTAINTY_MEASURE_WITH_UNIT(LENGTH_MEASURE(1.E-07),#3839,
  'distance_accuracy_value','confusion accuracy');
#3843 = SHAPE_DEFINITION_REPRESENTATION(#3844,#3825);
#3844 = PRODUCT_DEFINITION_SHAPE('','',#3845);
#3845 = PRODUCT_DEFINITION('design','',#3846,#3849);
#3846 = PRODUCT_DEFINITION_FORMATION('','',#3847);
#3847 = PRODUCT('K13','K13','',(#3848));
#3848 = PRODUCT_CONTEXT('',#2,'mechanical');
#3849 = PRODUCT_DEFINITION_CONTEXT('part definition',#2,'design');
#3850 = CONTEXT_DEPENDENT_SHAPE_REPRESENTATION(#3851,#3853);
#3851 = ( REPRESENTATION_RELATIONSHIP('','',#3825,#10) 
REPRESENTATION_RELATIONSHIP_WITH_TRANSFORMATION(#3852) 
SHAPE_REPRESENTATION_RELATIONSHIP() );
#3852 = ITEM_DEFINED_TRANSFORMATION('','',#11,#431);
#3853 = PRODUCT_DEFINITION_SHAPE('Placement','Placement of an item',
  #3854);
#3854 = NEXT_ASSEMBLY_USAGE_OCCURRENCE('105','=>[0:1:1:106]','',#5,#3845
  ,$);
#3855 = PRODUCT_RELATED_PRODUCT_CATEGORY('part',$,(#3847));
#3856 = ADVANCED_BREP_SHAPE_REPRESENTATION('',(#11,#3857),#3869);
#3857 = MANIFOLD_SOLID_BREP('',#3858);
#3858 = CLOSED_SHELL('',(#3859));
#3859 = ADVANCED_FACE('',(#3860),#3864,.T.);
#3860 = FACE_BOUND('',#3861,.T.);
#3861 = VERTEX_LOOP('',#3862);
#3862 = VERTEX_POINT('',#3863);
#3863 = CARTESIAN_POINT('',(8.266365894245E-18,-2.024675706594E-33,
    -0.135));
#3864 = SPHERICAL_SURFACE('',#3865,0.135);
#3865 = AXIS2_PLACEMENT_3D('',#3866,#3867,#3868);
#3866 = CARTESIAN_POINT('',(0.,0.,0.));
#3867 = DIRECTION('',(0.,0.,1.));
#3868 = DIRECTION('',(1.,0.,-0.));
#3869 = ( GEOMETRIC_REPRESENTATION_CONTEXT(3) 
GLOBAL_UNCERTAINTY_ASSIGNED_CONTEXT((#3873)) 
GLOBAL_UNIT_ASSIGNED_CONTEXT((#3870,#3871,#3872)) REPRESENTATION_CONTEXT
('Context #1','3D Context with UNIT and UNCERTAINTY') );
#3870 = ( LENGTH_UNIT() NAMED_UNIT(*) SI_UNIT(.MILLI.,.METRE.) );
#3871 = ( NAMED_UNIT(*) PLANE_ANGLE_UNIT() SI_UNIT($,.RADIAN.) );
#3872 = ( NAMED_UNIT(*) SI_UNIT($,.STERADIAN.) SOLID_ANGLE_UNIT() );
#3873 = UNCERTAINTY_MEASURE_WITH_UNIT(LENGTH_MEASURE(1.E-07),#3870,
  'distance_accuracy_value','confusion accuracy');
#3874 = SHAPE_DEFINITION_REPRESENTATION(#3875,#3856);
#3875 = PRODUCT_DEFINITION_SHAPE('','',#3876);
#3876 = PRODUCT_DEFINITION('design','',#3877,#3880);
#3877 = PRODUCT_DEFINITION_FORMATION('','',#3878);
#3878 = PRODUCT('L1','L1','',(#3879));
#3879 = PRODUCT_CONTEXT('',#2,'mechanical');
#3880 = PRODUCT_DEFINITION_CONTEXT('part definition',#2,'design');
#3881 = CONTEXT_DEPENDENT_SHAPE_REPRESENTATION(#3882,#3884);
#3882 = ( REPRESENTATION_RELATIONSHIP('','',#3856,#10) 
REPRESENTATION_RELATIONSHIP_WITH_TRANSFORMATION(#3883) 
SHAPE_REPRESENTATION_RELATIONSHIP() );
#3883 = ITEM_DEFINED_TRANSFORMATION('','',#11,#435);
#3884 = PRODUCT_DEFINITION_SHAPE('Placement','Placement of an item',
  #3885);
#3885 = NEXT_ASSEMBLY_USAGE_OCCURRENCE('106','=>[0:1:1:107]','',#5,#3876
  ,$);
#3886 = PRODUCT_RELATED_PRODUCT_CATEGORY('part',$,(#3878));
#3887 = ADVANCED_BREP_SHAPE_REPRESENTATION('',(#11,#3888),#3900);
#3888 = MANIFOLD_SOLID_BREP('',#3889);
#3889 = CLOSED_SHELL('',(#3890));
#3890 = ADVANCED_FACE('',(#3891),#3895,.T.);
#3891 = FACE_BOUND('',#3892,.T.);
#3892 = VERTEX_LOOP('',#3893);
#3893 = VERTEX_POINT('',#3894);
#3894 = CARTESIAN_POINT('',(8.266365894245E-18,-2.024675706594E-33,
    -0.135));
#3895 = SPHERICAL_SURFACE('',#3896,0.135);
#3896 = AXIS2_PLACEMENT_3D('',#3897,#3898,#3899);
#3897 = CARTESIAN_POINT('',(0.,0.,0.));
#3898 = DIRECTION('',(0.,0.,1.));
#3899 = DIRECTION('',(1.,0.,-0.));
#3900 = ( GEOMETRIC_REPRESENTATION_CONTEXT(3) 
GLOBAL_UNCERTAINTY_ASSIGNED_CONTEXT((#3904)) 
GLOBAL_UNIT_ASSIGNED_CONTEXT((#3901,#3902,#3903)) REPRESENTATION_CONTEXT
('Context #1','3D Context with UNIT and UNCERTAINTY') );
#3901 = ( LENGTH_UNIT() NAMED_UNIT(*) SI_UNIT(.MILLI.,.METRE.) );
#3902 = ( NAMED_UNIT(*) PLANE_ANGLE_UNIT() SI_UNIT($,.RADIAN.) );
#3903 = ( NAMED_UNIT(*) SI_UNIT($,.STERADIAN.) SOLID_ANGLE_UNIT() );
#3904 = UNCERTAINTY_MEASURE_WITH_UNIT(LENGTH_MEASURE(1.E-07),#3901,
  'distance_accuracy_value','confusion accuracy');
#3905 = SHAPE_DEFINITION_REPRESENTATION(#3906,#3887);
#3906 = PRODUCT_DEFINITION_SHAPE('','',#3907);
#3907 = PRODUCT_DEFINITION('design','',#3908,#3911);
#3908 = PRODUCT_DEFINITION_FORMATION('','',#3909);
#3909 = PRODUCT('L2','L2','',(#3910));
#3910 = PRODUCT_CONTEXT('',#2,'mechanical');
#3911 = PRODUCT_DEFINITION_CONTEXT('part definition',#2,'design');
#3912 = CONTEXT_DEPENDENT_SHAPE_REPRESENTATION(#3913,#3915);
#3913 = ( REPRESENTATION_RELATIONSHIP('','',#3887,#10) 
REPRESENTATION_RELATIONSHIP_WITH_TRANSFORMATION(#3914) 
SHAPE_REPRESENTATION_RELATIONSHIP() );
#3914 = ITEM_DEFINED_TRANSFORMATION('','',#11,#439);
#3915 = PRODUCT_DEFINITION_SHAPE('Placement','Placement of an item',
  #3916);
#3916 = NEXT_ASSEMBLY_USAGE_OCCURRENCE('107','=>[0:1:1:108]','',#5,#3907
  ,$);
#3917 = PRODUCT_RELATED_PRODUCT_CATEGORY('part',$,(#3909));
#3918 = ADVANCED_BREP_SHAPE_REPRESENTATION('',(#11,#3919),#3931);
#3919 = MANIFOLD_SOLID_BREP('',#3920);
#3920 = CLOSED_SHELL('',(#3921));
#3921 = ADVANCED_FACE('',(#3922),#3926,.T.);
#3922 = FACE_BOUND('',#3923,.T.);
#3923 = VERTEX_LOOP('',#3924);
#3924 = VERTEX_POINT('',#3925);
#3925 = CARTESIAN_POINT('',(8.266365894245E-18,-2.024675706594E-33,
    -0.135));
#3926 = SPHERICAL_SURFACE('',#3927,0.135);
#3927 = AXIS2_PLACEMENT_3D('',#3928,#3929,#3930);
#3928 = CARTESIAN_POINT('',(0.,0.,0.));
#3929 = DIRECTION('',(0.,0.,1.));
#3930 = DIRECTION('',(1.,0.,-0.));
#3931 = ( GEOMETRIC_REPRESENTATION_CONTEXT(3) 
GLOBAL_UNCERTAINTY_ASSIGNED_CONTEXT((#3935)) 
GLOBAL_UNIT_ASSIGNED_CONTEXT((#3932,#3933,#3934)) REPRESENTATION_CONTEXT
('Context #1','3D Context with UNIT and UNCERTAINTY') );
#3932 = ( LENGTH_UNIT() NAMED_UNIT(*) SI_UNIT(.MILLI.,.METRE.) );
#3933 = ( NAMED_UNIT(*) PLANE_ANGLE_UNIT() SI_UNIT($,.RADIAN.) );
#3934 = ( NAMED_UNIT(*) SI_UNIT($,.STERADIAN.) SOLID_ANGLE_UNIT() );
#3935 = UNCERTAINTY_MEASURE_WITH_UNIT(LENGTH_MEASURE(1.E-07),#3932,
  'distance_accuracy_value','confusion accuracy');
#3936 = SHAPE_DEFINITION_REPRESENTATION(#3937,#3918);
#3937 = PRODUCT_DEFINITION_SHAPE('','',#3938);
#3938 = PRODUCT_DEFINITION('design','',#3939,#3942);
#3939 = PRODUCT_DEFINITION_FORMATION('','',#3940);
#3940 = PRODUCT('L3','L3','',(#3941));
#3941 = PRODUCT_CONTEXT('',#2,'mechanical');
#3942 = PRODUCT_DEFINITION_CONTEXT('part definition',#2,'design');
#3943 = CONTEXT_DEPENDENT_SHAPE_REPRESENTATION(#3944,#3946);
#3944 = ( REPRESENTATION_RELATIONSHIP('','',#3918,#10) 
REPRESENTATION_RELATIONSHIP_WITH_TRANSFORMATION(#3945) 
SHAPE_REPRESENTATION_RELATIONSHIP() );
#3945 = ITEM_DEFINED_TRANSFORMATION('','',#11,#443);
#3946 = PRODUCT_DEFINITION_SHAPE('Placement','Placement of an item',
  #3947);
#3947 = NEXT_ASSEMBLY_USAGE_OCCURRENCE('108','=>[0:1:1:109]','',#5,#3938
  ,$);
#3948 = PRODUCT_RELATED_PRODUCT_CATEGORY('part',$,(#3940));
#3949 = ADVANCED_BREP_SHAPE_REPRESENTATION('',(#11,#3950),#3962);
#3950 = MANIFOLD_SOLID_BREP('',#3951);
#3951 = CLOSED_SHELL('',(#3952));
#3952 = ADVANCED_FACE('',(#3953),#3957,.T.);
#3953 = FACE_BOUND('',#3954,.T.);
#3954 = VERTEX_LOOP('',#3955);
#3955 = VERTEX_POINT('',#3956);
#3956 = CARTESIAN_POINT('',(8.266365894245E-18,-2.024675706594E-33,
    -0.135));
#3957 = SPHERICAL_SURFACE('',#3958,0.135);
#3958 = AXIS2_PLACEMENT_3D('',#3959,#3960,#3961);
#3959 = CARTESIAN_POINT('',(0.,0.,0.));
#3960 = DIRECTION('',(0.,0.,1.));
#3961 = DIRECTION('',(1.,0.,-0.));
#3962 = ( GEOMETRIC_REPRESENTATION_CONTEXT(3) 
GLOBAL_UNCERTAINTY_ASSIGNED_CONTEXT((#3966)) 
GLOBAL_UNIT_ASSIGNED_CONTEXT((#3963,#3964,#3965)) REPRESENTATION_CONTEXT
('Context #1','3D Context with UNIT and UNCERTAINTY') );
#3963 = ( LENGTH_UNIT() NAMED_UNIT(*) SI_UNIT(.MILLI.,.METRE.) );
#3964 = ( NAMED_UNIT(*) PLANE_ANGLE_UNIT() SI_UNIT($,.RADIAN.) );
#3965 = ( NAMED_UNIT(*) SI_UNIT($,.STERADIAN.) SOLID_ANGLE_UNIT() );
#3966 = UNCERTAINTY_MEASURE_WITH_UNIT(LENGTH_MEASURE(1.E-07),#3963,
  'distance_accuracy_value','confusion accuracy');
#3967 = SHAPE_DEFINITION_REPRESENTATION(#3968,#3949);
#3968 = PRODUCT_DEFINITION_SHAPE('','',#3969);
#3969 = PRODUCT_DEFINITION('design','',#3970,#3973);
#3970 = PRODUCT_DEFINITION_FORMATION('','',#3971);
#3971 = PRODUCT('L4','L4','',(#3972));
#3972 = PRODUCT_CONTEXT('',#2,'mechanical');
#3973 = PRODUCT_DEFINITION_CONTEXT('part definition',#2,'design');
#3974 = CONTEXT_DEPENDENT_SHAPE_REPRESENTATION(#3975,#3977);
#3975 = ( REPRESENTATION_RELATIONSHIP('','',#3949,#10) 
REPRESENTATION_RELATIONSHIP_WITH_TRANSFORMATION(#3976) 
SHAPE_REPRESENTATION_RELATIONSHIP() );
#3976 = ITEM_DEFINED_TRANSFORMATION('','',#11,#447);
#3977 = PRODUCT_DEFINITION_SHAPE('Placement','Placement of an item',
  #3978);
#3978 = NEXT_ASSEMBLY_USAGE_OCCURRENCE('109','=>[0:1:1:110]','',#5,#3969
  ,$);
#3979 = PRODUCT_RELATED_PRODUCT_CATEGORY('part',$,(#3971));
#3980 = ADVANCED_BREP_SHAPE_REPRESENTATION('',(#11,#3981),#3993);
#3981 = MANIFOLD_SOLID_BREP('',#3982);
#3982 = CLOSED_SHELL('',(#3983));
#3983 = ADVANCED_FACE('',(#3984),#3988,.T.);
#3984 = FACE_BOUND('',#3985,.T.);
#3985 = VERTEX_LOOP('',#3986);
#3986 = VERTEX_POINT('',#3987);
#3987 = CARTESIAN_POINT('',(8.266365894245E-18,-2.024675706594E-33,
    -0.135));
#3988 = SPHERICAL_SURFACE('',#3989,0.135);
#3989 = AXIS2_PLACEMENT_3D('',#3990,#3991,#3992);
#3990 = CARTESIAN_POINT('',(0.,0.,0.));
#3991 = DIRECTION('',(0.,0.,1.));
#3992 = DIRECTION('',(1.,0.,-0.));
#3993 = ( GEOMETRIC_REPRESENTATION_CONTEXT(3) 
GLOBAL_UNCERTAINTY_ASSIGNED_CONTEXT((#3997)) 
GLOBAL_UNIT_ASSIGNED_CONTEXT((#3994,#3995,#3996)) REPRESENTATION_CONTEXT
('Context #1','3D Context with UNIT and UNCERTAINTY') );
#3994 = ( LENGTH_UNIT() NAMED_UNIT(*) SI_UNIT(.MILLI.,.METRE.) );
#3995 = ( NAMED_UNIT(*) PLANE_ANGLE_UNIT() SI_UNIT($,.RADIAN.) );
#3996 = ( NAMED_UNIT(*) SI_UNIT($,.STERADIAN.) SOLID_ANGLE_UNIT() );
#3997 = UNCERTAINTY_MEASURE_WITH_UNIT(LENGTH_MEASURE(1.E-07),#3994,
  'distance_accuracy_value','confusion accuracy');
#3998 = SHAPE_DEFINITION_REPRESENTATION(#3999,#3980);
#3999 = PRODUCT_DEFINITION_SHAPE('','',#4000);
#4000 = PRODUCT_DEFINITION('design','',#4001,#4004);
#4001 = PRODUCT_DEFINITION_FORMATION('','',#4002);
#4002 = PRODUCT('L5','L5','',(#4003));
#4003 = PRODUCT_CONTEXT('',#2,'mechanical');
#4004 = PRODUCT_DEFINITION_CONTEXT('part definition',#2,'design');
#4005 = CONTEXT_DEPENDENT_SHAPE_REPRESENTATION(#4006,#4008);
#4006 = ( REPRESENTATION_RELATIONSHIP('','',#3980,#10) 
REPRESENTATION_RELATIONSHIP_WITH_TRANSFORMATION(#4007) 
SHAPE_REPRESENTATION_RELATIONSHIP() );
#4007 = ITEM_DEFINED_TRANSFORMATION('','',#11,#451);
#4008 = PRODUCT_DEFINITION_SHAPE('Placement','Placement of an item',
  #4009);
#4009 = NEXT_ASSEMBLY_USAGE_OCCURRENCE('110','=>[0:1:1:111]','',#5,#4000
  ,$);
#4010 = PRODUCT_RELATED_PRODUCT_CATEGORY('part',$,(#4002));
#4011 = ADVANCED_BREP_SHAPE_REPRESENTATION('',(#11,#4012),#4024);
#4012 = MANIFOLD_SOLID_BREP('',#4013);
#4013 = CLOSED_SHELL('',(#4014));
#4014 = ADVANCED_FACE('',(#4015),#4019,.T.);
#4015 = FACE_BOUND('',#4016,.T.);
#4016 = VERTEX_LOOP('',#4017);
#4017 = VERTEX_POINT('',#4018);
#4018 = CARTESIAN_POINT('',(8.266365894245E-18,-2.024675706594E-33,
    -0.135));
#4019 = SPHERICAL_SURFACE('',#4020,0.135);
#4020 = AXIS2_PLACEMENT_3D('',#4021,#4022,#4023);
#4021 = CARTESIAN_POINT('',(0.,0.,0.));
#4022 = DIRECTION('',(0.,0.,1.));
#4023 = DIRECTION('',(1.,0.,-0.));
#4024 = ( GEOMETRIC_REPRESENTATION_CONTEXT(3) 
GLOBAL_UNCERTAINTY_ASSIGNED_CONTEXT((#4028)) 
GLOBAL_UNIT_ASSIGNED_CONTEXT((#4025,#4026,#4027)) REPRESENTATION_CONTEXT
('Context #1','3D Context with UNIT and UNCERTAINTY') );
#4025 = ( LENGTH_UNIT() NAMED_UNIT(*) SI_UNIT(.MILLI.,.METRE.) );
#4026 = ( NAMED_UNIT(*) PLANE_ANGLE_UNIT() SI_UNIT($,.RADIAN.) );
#4027 = ( NAMED_UNIT(*) SI_UNIT($,.STERADIAN.) SOLID_ANGLE_UNIT() );
#4028 = UNCERTAINTY_MEASURE_WITH_UNIT(LENGTH_MEASURE(1.E-07),#4025,
  'distance_accuracy_value','confusion accuracy');
#4029 = SHAPE_DEFINITION_REPRESENTATION(#4030,#4011);
#4030 = PRODUCT_DEFINITION_SHAPE('','',#4031);
#4031 = PRODUCT_DEFINITION('design','',#4032,#4035);
#4032 = PRODUCT_DEFINITION_FORMATION('','',#4033);
#4033 = PRODUCT('L6','L6','',(#4034));
#4034 = PRODUCT_CONTEXT('',#2,'mechanical');
#4035 = PRODUCT_DEFINITION_CONTEXT('part definition',#2,'design');
#4036 = CONTEXT_DEPENDENT_SHAPE_REPRESENTATION(#4037,#4039);
#4037 = ( REPRESENTATION_RELATIONSHIP('','',#4011,#10) 
REPRESENTATION_RELATIONSHIP_WITH_TRANSFORMATION(#4038) 
SHAPE_REPRESENTATION_RELATIONSHIP() );
#4038 = ITEM_DEFINED_TRANSFORMATION('','',#11,#455);
#4039 = PRODUCT_DEFINITION_SHAPE('Placement','Placement of an item',
  #4040);
#4040 = NEXT_ASSEMBLY_USAGE_OCCURRENCE('111','=>[0:1:1:112]','',#5,#4031
  ,$);
#4041 = PRODUCT_RELATED_PRODUCT_CATEGORY('part',$,(#4033));
#4042 = ADVANCED_BREP_SHAPE_REPRESENTATION('',(#11,#4043),#4055);
#4043 = MANIFOLD_SOLID_BREP('',#4044);
#4044 = CLOSED_SHELL('',(#4045));
#4045 = ADVANCED_FACE('',(#4046),#4050,.T.);
#4046 = FACE_BOUND('',#4047,.T.);
#4047 = VERTEX_LOOP('',#4048);
#4048 = VERTEX_POINT('',#4049);
#4049 = CARTESIAN_POINT('',(8.266365894245E-18,-2.024675706594E-33,
    -0.135));
#4050 = SPHERICAL_SURFACE('',#4051,0.135);
#4051 = AXIS2_PLACEMENT_3D('',#4052,#4053,#4054);
#4052 = CARTESIAN_POINT('',(0.,0.,0.));
#4053 = DIRECTION('',(0.,0.,1.));
#4054 = DIRECTION('',(1.,0.,-0.));
#4055 = ( GEOMETRIC_REPRESENTATION_CONTEXT(3) 
GLOBAL_UNCERTAINTY_ASSIGNED_CONTEXT((#4059)) 
GLOBAL_UNIT_ASSIGNED_CONTEXT((#4056,#4057,#4058)) REPRESENTATION_CONTEXT
('Context #1','3D Context with UNIT and UNCERTAINTY') );
#4056 = ( LENGTH_UNIT() NAMED_UNIT(*) SI_UNIT(.MILLI.,.METRE.) );
#4057 = ( NAMED_UNIT(*) PLANE_ANGLE_UNIT() SI_UNIT($,.RADIAN.) );
#4058 = ( NAMED_UNIT(*) SI_UNIT($,.STERADIAN.) SOLID_ANGLE_UNIT() );
#4059 = UNCERTAINTY_MEASURE_WITH_UNIT(LENGTH_MEASURE(1.E-07),#4056,
  'distance_accuracy_value','confusion accuracy');
#4060 = SHAPE_DEFINITION_REPRESENTATION(#4061,#4042);
#4061 = PRODUCT_DEFINITION_SHAPE('','',#4062);
#4062 = PRODUCT_DEFINITION('design','',#4063,#4066);
#4063 = PRODUCT_DEFINITION_FORMATION('','',#4064);
#4064 = PRODUCT('L7','L7','',(#4065));
#4065 = PRODUCT_CONTEXT('',#2,'mechanical');
#4066 = PRODUCT_DEFINITION_CONTEXT('part definition',#2,'design');
#4067 = CONTEXT_DEPENDENT_SHAPE_REPRESENTATION(#4068,#4070);
#4068 = ( REPRESENTATION_RELATIONSHIP('','',#4042,#10) 
REPRESENTATION_RELATIONSHIP_WITH_TRANSFORMATION(#4069) 
SHAPE_REPRESENTATION_RELATIONSHIP() );
#4069 = ITEM_DEFINED_TRANSFORMATION('','',#11,#459);
#4070 = PRODUCT_DEFINITION_SHAPE('Placement','Placement of an item',
  #4071);
#4071 = NEXT_ASSEMBLY_USAGE_OCCURRENCE('112','=>[0:1:1:113]','',#5,#4062
  ,$);
#4072 = PRODUCT_RELATED_PRODUCT_CATEGORY('part',$,(#4064));
#4073 = ADVANCED_BREP_SHAPE_REPRESENTATION('',(#11,#4074),#4086);
#4074 = MANIFOLD_SOLID_BREP('',#4075);
#4075 = CLOSED_SHELL('',(#4076));
#4076 = ADVANCED_FACE('',(#4077),#4081,.T.);
#4077 = FACE_BOUND('',#4078,.T.);
#4078 = VERTEX_LOOP('',#4079);
#4079 = VERTEX_POINT('',#4080);
#4080 = CARTESIAN_POINT('',(8.266365894245E-18,-2.024675706594E-33,
    -0.135));
#4081 = SPHERICAL_SURFACE('',#4082,0.135);
#4082 = AXIS2_PLACEMENT_3D('',#4083,#4084,#4085);
#4083 = CARTESIAN_POINT('',(0.,0.,0.));
#4084 = DIRECTION('',(0.,0.,1.));
#4085 = DIRECTION('',(1.,0.,-0.));
#4086 = ( GEOMETRIC_REPRESENTATION_CONTEXT(3) 
GLOBAL_UNCERTAINTY_ASSIGNED_CONTEXT((#4090)) 
GLOBAL_UNIT_ASSIGNED_CONTEXT((#4087,#4088,#4089)) REPRESENTATION_CONTEXT
('Context #1','3D Context with UNIT and UNCERTAINTY') );
#4087 = ( LENGTH_UNIT() NAMED_UNIT(*) SI_UNIT(.MILLI.,.METRE.) );
#4088 = ( NAMED_UNIT(*) PLANE_ANGLE_UNIT() SI_UNIT($,.RADIAN.) );
#4089 = ( NAMED_UNIT(*) SI_UNIT($,.STERADIAN.) SOLID_ANGLE_UNIT() );
#4090 = UNCERTAINTY_MEASURE_WITH_UNIT(LENGTH_MEASURE(1.E-07),#4087,
  'distance_accuracy_value','confusion accuracy');
#4091 = SHAPE_DEFINITION_REPRESENTATION(#4092,#4073);
#4092 = PRODUCT_DEFINITION_SHAPE('','',#4093);
#4093 = PRODUCT_DEFINITION('design','',#4094,#4097);
#4094 = PRODUCT_DEFINITION_FORMATION('','',#4095);
#4095 = PRODUCT('L8','L8','',(#4096));
#4096 = PRODUCT_CONTEXT('',#2,'mechanical');
#4097 = PRODUCT_DEFINITION_CONTEXT('part definition',#2,'design');
#4098 = CONTEXT_DEPENDENT_SHAPE_REPRESENTATION(#4099,#4101);
#4099 = ( REPRESENTATION_RELATIONSHIP('','',#4073,#10) 
REPRESENTATION_RELATIONSHIP_WITH_TRANSFORMATION(#4100) 
SHAPE_REPRESENTATION_RELATIONSHIP() );
#4100 = ITEM_DEFINED_TRANSFORMATION('','',#11,#463);
#4101 = PRODUCT_DEFINITION_SHAPE('Placement','Placement of an item',
  #4102);
#4102 = NEXT_ASSEMBLY_USAGE_OCCURRENCE('113','=>[0:1:1:114]','',#5,#4093
  ,$);
#4103 = PRODUCT_RELATED_PRODUCT_CATEGORY('part',$,(#4095));
#4104 = ADVANCED_BREP_SHAPE_REPRESENTATION('',(#11,#4105),#4117);
#4105 = MANIFOLD_SOLID_BREP('',#4106);
#4106 = CLOSED_SHELL('',(#4107));
#4107 = ADVANCED_FACE('',(#4108),#4112,.T.);
#4108 = FACE_BOUND('',#4109,.T.);
#4109 = VERTEX_LOOP('',#4110);
#4110 = VERTEX_POINT('',#4111);
#4111 = CARTESIAN_POINT('',(8.266365894245E-18,-2.024675706594E-33,
    -0.135));
#4112 = SPHERICAL_SURFACE('',#4113,0.135);
#4113 = AXIS2_PLACEMENT_3D('',#4114,#4115,#4116);
#4114 = CARTESIAN_POINT('',(0.,0.,0.));
#4115 = DIRECTION('',(0.,0.,1.));
#4116 = DIRECTION('',(1.,0.,-0.));
#4117 = ( GEOMETRIC_REPRESENTATION_CONTEXT(3) 
GLOBAL_UNCERTAINTY_ASSIGNED_CONTEXT((#4121)) 
GLOBAL_UNIT_ASSIGNED_CONTEXT((#4118,#4119,#4120)) REPRESENTATION_CONTEXT
('Context #1','3D Context with UNIT and UNCERTAINTY') );
#4118 = ( LENGTH_UNIT() NAMED_UNIT(*) SI_UNIT(.MILLI.,.METRE.) );
#4119 = ( NAMED_UNIT(*) PLANE_ANGLE_UNIT() SI_UNIT($,.RADIAN.) );
#4120 = ( NAMED_UNIT(*) SI_UNIT($,.STERADIAN.) SOLID_ANGLE_UNIT() );
#4121 = UNCERTAINTY_MEASURE_WITH_UNIT(LENGTH_MEASURE(1.E-07),#4118,
  'distance_accuracy_value','confusion accuracy');
#4122 = SHAPE_DEFINITION_REPRESENTATION(#4123,#4104);
#4123 = PRODUCT_DEFINITION_SHAPE('','',#4124);
#4124 = PRODUCT_DEFINITION('design','',#4125,#4128);
#4125 = PRODUCT_DEFINITION_FORMATION('','',#4126);
#4126 = PRODUCT('L9','L9','',(#4127));
#4127 = PRODUCT_CONTEXT('',#2,'mechanical');
#4128 = PRODUCT_DEFINITION_CONTEXT('part definition',#2,'design');
#4129 = CONTEXT_DEPENDENT_SHAPE_REPRESENTATION(#4130,#4132);
#4130 = ( REPRESENTATION_RELATIONSHIP('','',#4104,#10) 
REPRESENTATION_RELATIONSHIP_WITH_TRANSFORMATION(#4131) 
SHAPE_REPRESENTATION_RELATIONSHIP() );
#4131 = ITEM_DEFINED_TRANSFORMATION('','',#11,#467);
#4132 = PRODUCT_DEFINITION_SHAPE('Placement','Placement of an item',
  #4133);
#4133 = NEXT_ASSEMBLY_USAGE_OCCURRENCE('114','=>[0:1:1:115]','',#5,#4124
  ,$);
#4134 = PRODUCT_RELATED_PRODUCT_CATEGORY('part',$,(#4126));
#4135 = ADVANCED_BREP_SHAPE_REPRESENTATION('',(#11,#4136),#4148);
#4136 = MANIFOLD_SOLID_BREP('',#4137);
#4137 = CLOSED_SHELL('',(#4138));
#4138 = ADVANCED_FACE('',(#4139),#4143,.T.);
#4139 = FACE_BOUND('',#4140,.T.);
#4140 = VERTEX_LOOP('',#4141);
#4141 = VERTEX_POINT('',#4142);
#4142 = CARTESIAN_POINT('',(8.266365894245E-18,-2.024675706594E-33,
    -0.135));
#4143 = SPHERICAL_SURFACE('',#4144,0.135);
#4144 = AXIS2_PLACEMENT_3D('',#4145,#4146,#4147);
#4145 = CARTESIAN_POINT('',(0.,0.,0.));
#4146 = DIRECTION('',(0.,0.,1.));
#4147 = DIRECTION('',(1.,0.,-0.));
#4148 = ( GEOMETRIC_REPRESENTATION_CONTEXT(3) 
GLOBAL_UNCERTAINTY_ASSIGNED_CONTEXT((#4152)) 
GLOBAL_UNIT_ASSIGNED_CONTEXT((#4149,#4150,#4151)) REPRESENTATION_CONTEXT
('Context #1','3D Context with UNIT and UNCERTAINTY') );
#4149 = ( LENGTH_UNIT() NAMED_UNIT(*) SI_UNIT(.MILLI.,.METRE.) );
#4150 = ( NAMED_UNIT(*) PLANE_ANGLE_UNIT() SI_UNIT($,.RADIAN.) );
#4151 = ( NAMED_UNIT(*) SI_UNIT($,.STERADIAN.) SOLID_ANGLE_UNIT() );
#4152 = UNCERTAINTY_MEASURE_WITH_UNIT(LENGTH_MEASURE(1.E-07),#4149,
  'distance_accuracy_value','confusion accuracy');
#4153 = SHAPE_DEFINITION_REPRESENTATION(#4154,#4135);
#4154 = PRODUCT_DEFINITION_SHAPE('','',#4155);
#4155 = PRODUCT_DEFINITION('design','',#4156,#4159);
#4156 = PRODUCT_DEFINITION_FORMATION('','',#4157);
#4157 = PRODUCT('L10','L10','',(#4158));
#4158 = PRODUCT_CONTEXT('',#2,'mechanical');
#4159 = PRODUCT_DEFINITION_CONTEXT('part definition',#2,'design');
#4160 = CONTEXT_DEPENDENT_SHAPE_REPRESENTATION(#4161,#4163);
#4161 = ( REPRESENTATION_RELATIONSHIP('','',#4135,#10) 
REPRESENTATION_RELATIONSHIP_WITH_TRANSFORMATION(#4162) 
SHAPE_REPRESENTATION_RELATIONSHIP() );
#4162 = ITEM_DEFINED_TRANSFORMATION('','',#11,#471);
#4163 = PRODUCT_DEFINITION_SHAPE('Placement','Placement of an item',
  #4164);
#4164 = NEXT_ASSEMBLY_USAGE_OCCURRENCE('115','=>[0:1:1:116]','',#5,#4155
  ,$);
#4165 = PRODUCT_RELATED_PRODUCT_CATEGORY('part',$,(#4157));
#4166 = ADVANCED_BREP_SHAPE_REPRESENTATION('',(#11,#4167),#4179);
#4167 = MANIFOLD_SOLID_BREP('',#4168);
#4168 = CLOSED_SHELL('',(#4169));
#4169 = ADVANCED_FACE('',(#4170),#4174,.T.);
#4170 = FACE_BOUND('',#4171,.T.);
#4171 = VERTEX_LOOP('',#4172);
#4172 = VERTEX_POINT('',#4173);
#4173 = CARTESIAN_POINT('',(8.266365894245E-18,-2.024675706594E-33,
    -0.135));
#4174 = SPHERICAL_SURFACE('',#4175,0.135);
#4175 = AXIS2_PLACEMENT_3D('',#4176,#4177,#4178);
#4176 = CARTESIAN_POINT('',(0.,0.,0.));
#4177 = DIRECTION('',(0.,0.,1.));
#4178 = DIRECTION('',(1.,0.,-0.));
#4179 = ( GEOMETRIC_REPRESENTATION_CONTEXT(3) 
GLOBAL_UNCERTAINTY_ASSIGNED_CONTEXT((#4183)) 
GLOBAL_UNIT_ASSIGNED_CONTEXT((#4180,#4181,#4182)) REPRESENTATION_CONTEXT
('Context #1','3D Context with UNIT and UNCERTAINTY') );
#4180 = ( LENGTH_UNIT() NAMED_UNIT(*) SI_UNIT(.MILLI.,.METRE.) );
#4181 = ( NAMED_UNIT(*) PLANE_ANGLE_UNIT() SI_UNIT($,.RADIAN.) );
#4182 = ( NAMED_UNIT(*) SI_UNIT($,.STERADIAN.) SOLID_ANGLE_UNIT() );
#4183 = UNCERTAINTY_MEASURE_WITH_UNIT(LENGTH_MEASURE(1.E-07),#4180,
  'distance_accuracy_value','confusion accuracy');
#4184 = SHAPE_DEFINITION_REPRESENTATION(#4185,#4166);
#4185 = PRODUCT_DEFINITION_SHAPE('','',#4186);
#4186 = PRODUCT_DEFINITION('design','',#4187,#4190);
#4187 = PRODUCT_DEFINITION_FORMATION('','',#4188);
#4188 = PRODUCT('L11','L11','',(#4189));
#4189 = PRODUCT_CONTEXT('',#2,'mechanical');
#4190 = PRODUCT_DEFINITION_CONTEXT('part definition',#2,'design');
#4191 = CONTEXT_DEPENDENT_SHAPE_REPRESENTATION(#4192,#4194);
#4192 = ( REPRESENTATION_RELATIONSHIP('','',#4166,#10) 
REPRESENTATION_RELATIONSHIP_WITH_TRANSFORMATION(#4193) 
SHAPE_REPRESENTATION_RELATIONSHIP() );
#4193 = ITEM_DEFINED_TRANSFORMATION('','',#11,#475);
#4194 = PRODUCT_DEFINITION_SHAPE('Placement','Placement of an item',
  #4195);
#4195 = NEXT_ASSEMBLY_USAGE_OCCURRENCE('116','=>[0:1:1:117]','',#5,#4186
  ,$);
#4196 = PRODUCT_RELATED_PRODUCT_CATEGORY('part',$,(#4188));
#4197 = ADVANCED_BREP_SHAPE_REPRESENTATION('',(#11,#4198),#4210);
#4198 = MANIFOLD_SOLID_BREP('',#4199);
#4199 = CLOSED_SHELL('',(#4200));
#4200 = ADVANCED_FACE('',(#4201),#4205,.T.);
#4201 = FACE_BOUND('',#4202,.T.);
#4202 = VERTEX_LOOP('',#4203);
#4203 = VERTEX_POINT('',#4204);
#4204 = CARTESIAN_POINT('',(8.266365894245E-18,-2.024675706594E-33,
    -0.135));
#4205 = SPHERICAL_SURFACE('',#4206,0.135);
#4206 = AXIS2_PLACEMENT_3D('',#4207,#4208,#4209);
#4207 = CARTESIAN_POINT('',(0.,0.,0.));
#4208 = DIRECTION('',(0.,0.,1.));
#4209 = DIRECTION('',(1.,0.,-0.));
#4210 = ( GEOMETRIC_REPRESENTATION_CONTEXT(3) 
GLOBAL_UNCERTAINTY_ASSIGNED_CONTEXT((#4214)) 
GLOBAL_UNIT_ASSIGNED_CONTEXT((#4211,#4212,#4213)) REPRESENTATION_CONTEXT
('Context #1','3D Context with UNIT and UNCERTAINTY') );
#4211 = ( LENGTH_UNIT() NAMED_UNIT(*) SI_UNIT(.MILLI.,.METRE.) );
#4212 = ( NAMED_UNIT(*) PLANE_ANGLE_UNIT() SI_UNIT($,.RADIAN.) );
#4213 = ( NAMED_UNIT(*) SI_UNIT($,.STERADIAN.) SOLID_ANGLE_UNIT() );
#4214 = UNCERTAINTY_MEASURE_WITH_UNIT(LENGTH_MEASURE(1.E-07),#4211,
  'distance_accuracy_value','confusion accuracy');
#4215 = SHAPE_DEFINITION_REPRESENTATION(#4216,#4197);
#4216 = PRODUCT_DEFINITION_SHAPE('','',#4217);
#4217 = PRODUCT_DEFINITION('design','',#4218,#4221);
#4218 = PRODUCT_DEFINITION_FORMATION('','',#4219);
#4219 = PRODUCT('L12','L12','',(#4220));
#4220 = PRODUCT_CONTEXT('',#2,'mechanical');
#4221 = PRODUCT_DEFINITION_CONTEXT('part definition',#2,'design');
#4222 = CONTEXT_DEPENDENT_SHAPE_REPRESENTATION(#4223,#4225);
#4223 = ( REPRESENTATION_RELATIONSHIP('','',#4197,#10) 
REPRESENTATION_RELATIONSHIP_WITH_TRANSFORMATION(#4224) 
SHAPE_REPRESENTATION_RELATIONSHIP() );
#4224 = ITEM_DEFINED_TRANSFORMATION('','',#11,#479);
#4225 = PRODUCT_DEFINITION_SHAPE('Placement','Placement of an item',
  #4226);
#4226 = NEXT_ASSEMBLY_USAGE_OCCURRENCE('117','=>[0:1:1:118]','',#5,#4217
  ,$);
#4227 = PRODUCT_RELATED_PRODUCT_CATEGORY('part',$,(#4219));
#4228 = ADVANCED_BREP_SHAPE_REPRESENTATION('',(#11,#4229),#4241);
#4229 = MANIFOLD_SOLID_BREP('',#4230);
#4230 = CLOSED_SHELL('',(#4231));
#4231 = ADVANCED_FACE('',(#4232),#4236,.T.);
#4232 = FACE_BOUND('',#4233,.T.);
#4233 = VERTEX_LOOP('',#4234);
#4234 = VERTEX_POINT('',#4235);
#4235 = CARTESIAN_POINT('',(8.266365894245E-18,-2.024675706594E-33,
    -0.135));
#4236 = SPHERICAL_SURFACE('',#4237,0.135);
#4237 = AXIS2_PLACEMENT_3D('',#4238,#4239,#4240);
#4238 = CARTESIAN_POINT('',(0.,0.,0.));
#4239 = DIRECTION('',(0.,0.,1.));
#4240 = DIRECTION('',(1.,0.,-0.));
#4241 = ( GEOMETRIC_REPRESENTATION_CONTEXT(3) 
GLOBAL_UNCERTAINTY_ASSIGNED_CONTEXT((#4245)) 
GLOBAL_UNIT_ASSIGNED_CONTEXT((#4242,#4243,#4244)) REPRESENTATION_CONTEXT
('Context #1','3D Context with UNIT and UNCERTAINTY') );
#4242 = ( LENGTH_UNIT() NAMED_UNIT(*) SI_UNIT(.MILLI.,.METRE.) );
#4243 = ( NAMED_UNIT(*) PLANE_ANGLE_UNIT() SI_UNIT($,.RADIAN.) );
#4244 = ( NAMED_UNIT(*) SI_UNIT($,.STERADIAN.) SOLID_ANGLE_UNIT() );
#4245 = UNCERTAINTY_MEASURE_WITH_UNIT(LENGTH_MEASURE(1.E-07),#4242,
  'distance_accuracy_value','confusion accuracy');
#4246 = SHAPE_DEFINITION_REPRESENTATION(#4247,#4228);
#4247 = PRODUCT_DEFINITION_SHAPE('','',#4248);
#4248 = PRODUCT_DEFINITION('design','',#4249,#4252);
#4249 = PRODUCT_DEFINITION_FORMATION('','',#4250);
#4250 = PRODUCT('L13','L13','',(#4251));
#4251 = PRODUCT_CONTEXT('',#2,'mechanical');
#4252 = PRODUCT_DEFINITION_CONTEXT('part definition',#2,'design');
#4253 = CONTEXT_DEPENDENT_SHAPE_REPRESENTATION(#4254,#4256);
#4254 = ( REPRESENTATION_RELATIONSHIP('','',#4228,#10) 
REPRESENTATION_RELATIONSHIP_WITH_TRANSFORMATION(#4255) 
SHAPE_REPRESENTATION_RELATIONSHIP() );
#4255 = ITEM_DEFINED_TRANSFORMATION('','',#11,#483);
#4256 = PRODUCT_DEFINITION_SHAPE('Placement','Placement of an item',
  #4257);
#4257 = NEXT_ASSEMBLY_USAGE_OCCURRENCE('118','=>[0:1:1:119]','',#5,#4248
  ,$);
#4258 = PRODUCT_RELATED_PRODUCT_CATEGORY('part',$,(#4250));
#4259 = ADVANCED_BREP_SHAPE_REPRESENTATION('',(#11,#4260),#4272);
#4260 = MANIFOLD_SOLID_BREP('',#4261);
#4261 = CLOSED_SHELL('',(#4262));
#4262 = ADVANCED_FACE('',(#4263),#4267,.T.);
#4263 = FACE_BOUND('',#4264,.T.);
#4264 = VERTEX_LOOP('',#4265);
#4265 = VERTEX_POINT('',#4266);
#4266 = CARTESIAN_POINT('',(8.266365894245E-18,-2.024675706594E-33,
    -0.135));
#4267 = SPHERICAL_SURFACE('',#4268,0.135);
#4268 = AXIS2_PLACEMENT_3D('',#4269,#4270,#4271);
#4269 = CARTESIAN_POINT('',(0.,0.,0.));
#4270 = DIRECTION('',(0.,0.,1.));
#4271 = DIRECTION('',(1.,0.,-0.));
#4272 = ( GEOMETRIC_REPRESENTATION_CONTEXT(3) 
GLOBAL_UNCERTAINTY_ASSIGNED_CONTEXT((#4276)) 
GLOBAL_UNIT_ASSIGNED_CONTEXT((#4273,#4274,#4275)) REPRESENTATION_CONTEXT
('Context #1','3D Context with UNIT and UNCERTAINTY') );
#4273 = ( LENGTH_UNIT() NAMED_UNIT(*) SI_UNIT(.MILLI.,.METRE.) );
#4274 = ( NAMED_UNIT(*) PLANE_ANGLE_UNIT() SI_UNIT($,.RADIAN.) );
#4275 = ( NAMED_UNIT(*) SI_UNIT($,.STERADIAN.) SOLID_ANGLE_UNIT() );
#4276 = UNCERTAINTY_MEASURE_WITH_UNIT(LENGTH_MEASURE(1.E-07),#4273,
  'distance_accuracy_value','confusion accuracy');
#4277 = SHAPE_DEFINITION_REPRESENTATION(#4278,#4259);
#4278 = PRODUCT_DEFINITION_SHAPE('','',#4279);
#4279 = PRODUCT_DEFINITION('design','',#4280,#4283);
#4280 = PRODUCT_DEFINITION_FORMATION('','',#4281);
#4281 = PRODUCT('M1','M1','',(#4282));
#4282 = PRODUCT_CONTEXT('',#2,'mechanical');
#4283 = PRODUCT_DEFINITION_CONTEXT('part definition',#2,'design');
#4284 = CONTEXT_DEPENDENT_SHAPE_REPRESENTATION(#4285,#4287);
#4285 = ( REPRESENTATION_RELATIONSHIP('','',#4259,#10) 
REPRESENTATION_RELATIONSHIP_WITH_TRANSFORMATION(#4286) 
SHAPE_REPRESENTATION_RELATIONSHIP() );
#4286 = ITEM_DEFINED_TRANSFORMATION('','',#11,#487);
#4287 = PRODUCT_DEFINITION_SHAPE('Placement','Placement of an item',
  #4288);
#4288 = NEXT_ASSEMBLY_USAGE_OCCURRENCE('119','=>[0:1:1:120]','',#5,#4279
  ,$);
#4289 = PRODUCT_RELATED_PRODUCT_CATEGORY('part',$,(#4281));
#4290 = ADVANCED_BREP_SHAPE_REPRESENTATION('',(#11,#4291),#4303);
#4291 = MANIFOLD_SOLID_BREP('',#4292);
#4292 = CLOSED_SHELL('',(#4293));
#4293 = ADVANCED_FACE('',(#4294),#4298,.T.);
#4294 = FACE_BOUND('',#4295,.T.);
#4295 = VERTEX_LOOP('',#4296);
#4296 = VERTEX_POINT('',#4297);
#4297 = CARTESIAN_POINT('',(8.266365894245E-18,-2.024675706594E-33,
    -0.135));
#4298 = SPHERICAL_SURFACE('',#4299,0.135);
#4299 = AXIS2_PLACEMENT_3D('',#4300,#4301,#4302);
#4300 = CARTESIAN_POINT('',(0.,0.,0.));
#4301 = DIRECTION('',(0.,0.,1.));
#4302 = DIRECTION('',(1.,0.,-0.));
#4303 = ( GEOMETRIC_REPRESENTATION_CONTEXT(3) 
GLOBAL_UNCERTAINTY_ASSIGNED_CONTEXT((#4307)) 
GLOBAL_UNIT_ASSIGNED_CONTEXT((#4304,#4305,#4306)) REPRESENTATION_CONTEXT
('Context #1','3D Context with UNIT and UNCERTAINTY') );
#4304 = ( LENGTH_UNIT() NAMED_UNIT(*) SI_UNIT(.MILLI.,.METRE.) );
#4305 = ( NAMED_UNIT(*) PLANE_ANGLE_UNIT() SI_UNIT($,.RADIAN.) );
#4306 = ( NAMED_UNIT(*) SI_UNIT($,.STERADIAN.) SOLID_ANGLE_UNIT() );
#4307 = UNCERTAINTY_MEASURE_WITH_UNIT(LENGTH_MEASURE(1.E-07),#4304,
  'distance_accuracy_value','confusion accuracy');
#4308 = SHAPE_DEFINITION_REPRESENTATION(#4309,#4290);
#4309 = PRODUCT_DEFINITION_SHAPE('','',#4310);
#4310 = PRODUCT_DEFINITION('design','',#4311,#4314);
#4311 = PRODUCT_DEFINITION_FORMATION('','',#4312);
#4312 = PRODUCT('M2','M2','',(#4313));
#4313 = PRODUCT_CONTEXT('',#2,'mechanical');
#4314 = PRODUCT_DEFINITION_CONTEXT('part definition',#2,'design');
#4315 = CONTEXT_DEPENDENT_SHAPE_REPRESENTATION(#4316,#4318);
#4316 = ( REPRESENTATION_RELATIONSHIP('','',#4290,#10) 
REPRESENTATION_RELATIONSHIP_WITH_TRANSFORMATION(#4317) 
SHAPE_REPRESENTATION_RELATIONSHIP() );
#4317 = ITEM_DEFINED_TRANSFORMATION('','',#11,#491);
#4318 = PRODUCT_DEFINITION_SHAPE('Placement','Placement of an item',
  #4319);
#4319 = NEXT_ASSEMBLY_USAGE_OCCURRENCE('120','=>[0:1:1:121]','',#5,#4310
  ,$);
#4320 = PRODUCT_RELATED_PRODUCT_CATEGORY('part',$,(#4312));
#4321 = ADVANCED_BREP_SHAPE_REPRESENTATION('',(#11,#4322),#4334);
#4322 = MANIFOLD_SOLID_BREP('',#4323);
#4323 = CLOSED_SHELL('',(#4324));
#4324 = ADVANCED_FACE('',(#4325),#4329,.T.);
#4325 = FACE_BOUND('',#4326,.T.);
#4326 = VERTEX_LOOP('',#4327);
#4327 = VERTEX_POINT('',#4328);
#4328 = CARTESIAN_POINT('',(8.266365894245E-18,-2.024675706594E-33,
    -0.135));
#4329 = SPHERICAL_SURFACE('',#4330,0.135);
#4330 = AXIS2_PLACEMENT_3D('',#4331,#4332,#4333);
#4331 = CARTESIAN_POINT('',(0.,0.,0.));
#4332 = DIRECTION('',(0.,0.,1.));
#4333 = DIRECTION('',(1.,0.,-0.));
#4334 = ( GEOMETRIC_REPRESENTATION_CONTEXT(3) 
GLOBAL_UNCERTAINTY_ASSIGNED_CONTEXT((#4338)) 
GLOBAL_UNIT_ASSIGNED_CONTEXT((#4335,#4336,#4337)) REPRESENTATION_CONTEXT
('Context #1','3D Context with UNIT and UNCERTAINTY') );
#4335 = ( LENGTH_UNIT() NAMED_UNIT(*) SI_UNIT(.MILLI.,.METRE.) );
#4336 = ( NAMED_UNIT(*) PLANE_ANGLE_UNIT() SI_UNIT($,.RADIAN.) );
#4337 = ( NAMED_UNIT(*) SI_UNIT($,.STERADIAN.) SOLID_ANGLE_UNIT() );
#4338 = UNCERTAINTY_MEASURE_WITH_UNIT(LENGTH_MEASURE(1.E-07),#4335,
  'distance_accuracy_value','confusion accuracy');
#4339 = SHAPE_DEFINITION_REPRESENTATION(#4340,#4321);
#4340 = PRODUCT_DEFINITION_SHAPE('','',#4341);
#4341 = PRODUCT_DEFINITION('design','',#4342,#4345);
#4342 = PRODUCT_DEFINITION_FORMATION('','',#4343);
#4343 = PRODUCT('M3','M3','',(#4344));
#4344 = PRODUCT_CONTEXT('',#2,'mechanical');
#4345 = PRODUCT_DEFINITION_CONTEXT('part definition',#2,'design');
#4346 = CONTEXT_DEPENDENT_SHAPE_REPRESENTATION(#4347,#4349);
#4347 = ( REPRESENTATION_RELATIONSHIP('','',#4321,#10) 
REPRESENTATION_RELATIONSHIP_WITH_TRANSFORMATION(#4348) 
SHAPE_REPRESENTATION_RELATIONSHIP() );
#4348 = ITEM_DEFINED_TRANSFORMATION('','',#11,#495);
#4349 = PRODUCT_DEFINITION_SHAPE('Placement','Placement of an item',
  #4350);
#4350 = NEXT_ASSEMBLY_USAGE_OCCURRENCE('121','=>[0:1:1:122]','',#5,#4341
  ,$);
#4351 = PRODUCT_RELATED_PRODUCT_CATEGORY('part',$,(#4343));
#4352 = ADVANCED_BREP_SHAPE_REPRESENTATION('',(#11,#4353),#4365);
#4353 = MANIFOLD_SOLID_BREP('',#4354);
#4354 = CLOSED_SHELL('',(#4355));
#4355 = ADVANCED_FACE('',(#4356),#4360,.T.);
#4356 = FACE_BOUND('',#4357,.T.);
#4357 = VERTEX_LOOP('',#4358);
#4358 = VERTEX_POINT('',#4359);
#4359 = CARTESIAN_POINT('',(8.266365894245E-18,-2.024675706594E-33,
    -0.135));
#4360 = SPHERICAL_SURFACE('',#4361,0.135);
#4361 = AXIS2_PLACEMENT_3D('',#4362,#4363,#4364);
#4362 = CARTESIAN_POINT('',(0.,0.,0.));
#4363 = DIRECTION('',(0.,0.,1.));
#4364 = DIRECTION('',(1.,0.,-0.));
#4365 = ( GEOMETRIC_REPRESENTATION_CONTEXT(3) 
GLOBAL_UNCERTAINTY_ASSIGNED_CONTEXT((#4369)) 
GLOBAL_UNIT_ASSIGNED_CONTEXT((#4366,#4367,#4368)) REPRESENTATION_CONTEXT
('Context #1','3D Context with UNIT and UNCERTAINTY') );
#4366 = ( LENGTH_UNIT() NAMED_UNIT(*) SI_UNIT(.MILLI.,.METRE.) );
#4367 = ( NAMED_UNIT(*) PLANE_ANGLE_UNIT() SI_UNIT($,.RADIAN.) );
#4368 = ( NAMED_UNIT(*) SI_UNIT($,.STERADIAN.) SOLID_ANGLE_UNIT() );
#4369 = UNCERTAINTY_MEASURE_WITH_UNIT(LENGTH_MEASURE(1.E-07),#4366,
  'distance_accuracy_value','confusion accuracy');
#4370 = SHAPE_DEFINITION_REPRESENTATION(#4371,#4352);
#4371 = PRODUCT_DEFINITION_SHAPE('','',#4372);
#4372 = PRODUCT_DEFINITION('design','',#4373,#4376);
#4373 = PRODUCT_DEFINITION_FORMATION('','',#4374);
#4374 = PRODUCT('M4','M4','',(#4375));
#4375 = PRODUCT_CONTEXT('',#2,'mechanical');
#4376 = PRODUCT_DEFINITION_CONTEXT('part definition',#2,'design');
#4377 = CONTEXT_DEPENDENT_SHAPE_REPRESENTATION(#4378,#4380);
#4378 = ( REPRESENTATION_RELATIONSHIP('','',#4352,#10) 
REPRESENTATION_RELATIONSHIP_WITH_TRANSFORMATION(#4379) 
SHAPE_REPRESENTATION_RELATIONSHIP() );
#4379 = ITEM_DEFINED_TRANSFORMATION('','',#11,#499);
#4380 = PRODUCT_DEFINITION_SHAPE('Placement','Placement of an item',
  #4381);
#4381 = NEXT_ASSEMBLY_USAGE_OCCURRENCE('122','=>[0:1:1:123]','',#5,#4372
  ,$);
#4382 = PRODUCT_RELATED_PRODUCT_CATEGORY('part',$,(#4374));
#4383 = ADVANCED_BREP_SHAPE_REPRESENTATION('',(#11,#4384),#4396);
#4384 = MANIFOLD_SOLID_BREP('',#4385);
#4385 = CLOSED_SHELL('',(#4386));
#4386 = ADVANCED_FACE('',(#4387),#4391,.T.);
#4387 = FACE_BOUND('',#4388,.T.);
#4388 = VERTEX_LOOP('',#4389);
#4389 = VERTEX_POINT('',#4390);
#4390 = CARTESIAN_POINT('',(8.266365894245E-18,-2.024675706594E-33,
    -0.135));
#4391 = SPHERICAL_SURFACE('',#4392,0.135);
#4392 = AXIS2_PLACEMENT_3D('',#4393,#4394,#4395);
#4393 = CARTESIAN_POINT('',(0.,0.,0.));
#4394 = DIRECTION('',(0.,0.,1.));
#4395 = DIRECTION('',(1.,0.,-0.));
#4396 = ( GEOMETRIC_REPRESENTATION_CONTEXT(3) 
GLOBAL_UNCERTAINTY_ASSIGNED_CONTEXT((#4400)) 
GLOBAL_UNIT_ASSIGNED_CONTEXT((#4397,#4398,#4399)) REPRESENTATION_CONTEXT
('Context #1','3D Context with UNIT and UNCERTAINTY') );
#4397 = ( LENGTH_UNIT() NAMED_UNIT(*) SI_UNIT(.MILLI.,.METRE.) );
#4398 = ( NAMED_UNIT(*) PLANE_ANGLE_UNIT() SI_UNIT($,.RADIAN.) );
#4399 = ( NAMED_UNIT(*) SI_UNIT($,.STERADIAN.) SOLID_ANGLE_UNIT() );
#4400 = UNCERTAINTY_MEASURE_WITH_UNIT(LENGTH_MEASURE(1.E-07),#4397,
  'distance_accuracy_value','confusion accuracy');
#4401 = SHAPE_DEFINITION_REPRESENTATION(#4402,#4383);
#4402 = PRODUCT_DEFINITION_SHAPE('','',#4403);
#4403 = PRODUCT_DEFINITION('design','',#4404,#4407);
#4404 = PRODUCT_DEFINITION_FORMATION('','',#4405);
#4405 = PRODUCT('M5','M5','',(#4406));
#4406 = PRODUCT_CONTEXT('',#2,'mechanical');
#4407 = PRODUCT_DEFINITION_CONTEXT('part definition',#2,'design');
#4408 = CONTEXT_DEPENDENT_SHAPE_REPRESENTATION(#4409,#4411);
#4409 = ( REPRESENTATION_RELATIONSHIP('','',#4383,#10) 
REPRESENTATION_RELATIONSHIP_WITH_TRANSFORMATION(#4410) 
SHAPE_REPRESENTATION_RELATIONSHIP() );
#4410 = ITEM_DEFINED_TRANSFORMATION('','',#11,#503);
#4411 = PRODUCT_DEFINITION_SHAPE('Placement','Placement of an item',
  #4412);
#4412 = NEXT_ASSEMBLY_USAGE_OCCURRENCE('123','=>[0:1:1:124]','',#5,#4403
  ,$);
#4413 = PRODUCT_RELATED_PRODUCT_CATEGORY('part',$,(#4405));
#4414 = ADVANCED_BREP_SHAPE_REPRESENTATION('',(#11,#4415),#4427);
#4415 = MANIFOLD_SOLID_BREP('',#4416);
#4416 = CLOSED_SHELL('',(#4417));
#4417 = ADVANCED_FACE('',(#4418),#4422,.T.);
#4418 = FACE_BOUND('',#4419,.T.);
#4419 = VERTEX_LOOP('',#4420);
#4420 = VERTEX_POINT('',#4421);
#4421 = CARTESIAN_POINT('',(8.266365894245E-18,-2.024675706594E-33,
    -0.135));
#4422 = SPHERICAL_SURFACE('',#4423,0.135);
#4423 = AXIS2_PLACEMENT_3D('',#4424,#4425,#4426);
#4424 = CARTESIAN_POINT('',(0.,0.,0.));
#4425 = DIRECTION('',(0.,0.,1.));
#4426 = DIRECTION('',(1.,0.,-0.));
#4427 = ( GEOMETRIC_REPRESENTATION_CONTEXT(3) 
GLOBAL_UNCERTAINTY_ASSIGNED_CONTEXT((#4431)) 
GLOBAL_UNIT_ASSIGNED_CONTEXT((#4428,#4429,#4430)) REPRESENTATION_CONTEXT
('Context #1','3D Context with UNIT and UNCERTAINTY') );
#4428 = ( LENGTH_UNIT() NAMED_UNIT(*) SI_UNIT(.MILLI.,.METRE.) );
#4429 = ( NAMED_UNIT(*) PLANE_ANGLE_UNIT() SI_UNIT($,.RADIAN.) );
#4430 = ( NAMED_UNIT(*) SI_UNIT($,.STERADIAN.) SOLID_ANGLE_UNIT() );
#4431 = UNCERTAINTY_MEASURE_WITH_UNIT(LENGTH_MEASURE(1.E-07),#4428,
  'distance_accuracy_value','confusion accuracy');
#4432 = SHAPE_DEFINITION_REPRESENTATION(#4433,#4414);
#4433 = PRODUCT_DEFINITION_SHAPE('','',#4434);
#4434 = PRODUCT_DEFINITION('design','',#4435,#4438);
#4435 = PRODUCT_DEFINITION_FORMATION('','',#4436);
#4436 = PRODUCT('M6','M6','',(#4437));
#4437 = PRODUCT_CONTEXT('',#2,'mechanical');
#4438 = PRODUCT_DEFINITION_CONTEXT('part definition',#2,'design');
#4439 = CONTEXT_DEPENDENT_SHAPE_REPRESENTATION(#4440,#4442);
#4440 = ( REPRESENTATION_RELATIONSHIP('','',#4414,#10) 
REPRESENTATION_RELATIONSHIP_WITH_TRANSFORMATION(#4441) 
SHAPE_REPRESENTATION_RELATIONSHIP() );
#4441 = ITEM_DEFINED_TRANSFORMATION('','',#11,#507);
#4442 = PRODUCT_DEFINITION_SHAPE('Placement','Placement of an item',
  #4443);
#4443 = NEXT_ASSEMBLY_USAGE_OCCURRENCE('124','=>[0:1:1:125]','',#5,#4434
  ,$);
#4444 = PRODUCT_RELATED_PRODUCT_CATEGORY('part',$,(#4436));
#4445 = ADVANCED_BREP_SHAPE_REPRESENTATION('',(#11,#4446),#4458);
#4446 = MANIFOLD_SOLID_BREP('',#4447);
#4447 = CLOSED_SHELL('',(#4448));
#4448 = ADVANCED_FACE('',(#4449),#4453,.T.);
#4449 = FACE_BOUND('',#4450,.T.);
#4450 = VERTEX_LOOP('',#4451);
#4451 = VERTEX_POINT('',#4452);
#4452 = CARTESIAN_POINT('',(8.266365894245E-18,-2.024675706594E-33,
    -0.135));
#4453 = SPHERICAL_SURFACE('',#4454,0.135);
#4454 = AXIS2_PLACEMENT_3D('',#4455,#4456,#4457);
#4455 = CARTESIAN_POINT('',(0.,0.,0.));
#4456 = DIRECTION('',(0.,0.,1.));
#4457 = DIRECTION('',(1.,0.,-0.));
#4458 = ( GEOMETRIC_REPRESENTATION_CONTEXT(3) 
GLOBAL_UNCERTAINTY_ASSIGNED_CONTEXT((#4462)) 
GLOBAL_UNIT_ASSIGNED_CONTEXT((#4459,#4460,#4461)) REPRESENTATION_CONTEXT
('Context #1','3D Context with UNIT and UNCERTAINTY') );
#4459 = ( LENGTH_UNIT() NAMED_UNIT(*) SI_UNIT(.MILLI.,.METRE.) );
#4460 = ( NAMED_UNIT(*) PLANE_ANGLE_UNIT() SI_UNIT($,.RADIAN.) );
#4461 = ( NAMED_UNIT(*) SI_UNIT($,.STERADIAN.) SOLID_ANGLE_UNIT() );
#4462 = UNCERTAINTY_MEASURE_WITH_UNIT(LENGTH_MEASURE(1.E-07),#4459,
  'distance_accuracy_value','confusion accuracy');
#4463 = SHAPE_DEFINITION_REPRESENTATION(#4464,#4445);
#4464 = PRODUCT_DEFINITION_SHAPE('','',#4465);
#4465 = PRODUCT_DEFINITION('design','',#4466,#4469);
#4466 = PRODUCT_DEFINITION_FORMATION('','',#4467);
#4467 = PRODUCT('M7','M7','',(#4468));
#4468 = PRODUCT_CONTEXT('',#2,'mechanical');
#4469 = PRODUCT_DEFINITION_CONTEXT('part definition',#2,'design');
#4470 = CONTEXT_DEPENDENT_SHAPE_REPRESENTATION(#4471,#4473);
#4471 = ( REPRESENTATION_RELATIONSHIP('','',#4445,#10) 
REPRESENTATION_RELATIONSHIP_WITH_TRANSFORMATION(#4472) 
SHAPE_REPRESENTATION_RELATIONSHIP() );
#4472 = ITEM_DEFINED_TRANSFORMATION('','',#11,#511);
#4473 = PRODUCT_DEFINITION_SHAPE('Placement','Placement of an item',
  #4474);
#4474 = NEXT_ASSEMBLY_USAGE_OCCURRENCE('125','=>[0:1:1:126]','',#5,#4465
  ,$);
#4475 = PRODUCT_RELATED_PRODUCT_CATEGORY('part',$,(#4467));
#4476 = ADVANCED_BREP_SHAPE_REPRESENTATION('',(#11,#4477),#4489);
#4477 = MANIFOLD_SOLID_BREP('',#4478);
#4478 = CLOSED_SHELL('',(#4479));
#4479 = ADVANCED_FACE('',(#4480),#4484,.T.);
#4480 = FACE_BOUND('',#4481,.T.);
#4481 = VERTEX_LOOP('',#4482);
#4482 = VERTEX_POINT('',#4483);
#4483 = CARTESIAN_POINT('',(8.266365894245E-18,-2.024675706594E-33,
    -0.135));
#4484 = SPHERICAL_SURFACE('',#4485,0.135);
#4485 = AXIS2_PLACEMENT_3D('',#4486,#4487,#4488);
#4486 = CARTESIAN_POINT('',(0.,0.,0.));
#4487 = DIRECTION('',(0.,0.,1.));
#4488 = DIRECTION('',(1.,0.,-0.));
#4489 = ( GEOMETRIC_REPRESENTATION_CONTEXT(3) 
GLOBAL_UNCERTAINTY_ASSIGNED_CONTEXT((#4493)) 
GLOBAL_UNIT_ASSIGNED_CONTEXT((#4490,#4491,#4492)) REPRESENTATION_CONTEXT
('Context #1','3D Context with UNIT and UNCERTAINTY') );
#4490 = ( LENGTH_UNIT() NAMED_UNIT(*) SI_UNIT(.MILLI.,.METRE.) );
#4491 = ( NAMED_UNIT(*) PLANE_ANGLE_UNIT() SI_UNIT($,.RADIAN.) );
#4492 = ( NAMED_UNIT(*) SI_UNIT($,.STERADIAN.) SOLID_ANGLE_UNIT() );
#4493 = UNCERTAINTY_MEASURE_WITH_UNIT(LENGTH_MEASURE(1.E-07),#4490,
  'distance_accuracy_value','confusion accuracy');
#4494 = SHAPE_DEFINITION_REPRESENTATION(#4495,#4476);
#4495 = PRODUCT_DEFINITION_SHAPE('','',#4496);
#4496 = PRODUCT_DEFINITION('design','',#4497,#4500);
#4497 = PRODUCT_DEFINITION_FORMATION('','',#4498);
#4498 = PRODUCT('M8','M8','',(#4499));
#4499 = PRODUCT_CONTEXT('',#2,'mechanical');
#4500 = PRODUCT_DEFINITION_CONTEXT('part definition',#2,'design');
#4501 = CONTEXT_DEPENDENT_SHAPE_REPRESENTATION(#4502,#4504);
#4502 = ( REPRESENTATION_RELATIONSHIP('','',#4476,#10) 
REPRESENTATION_RELATIONSHIP_WITH_TRANSFORMATION(#4503) 
SHAPE_REPRESENTATION_RELATIONSHIP() );
#4503 = ITEM_DEFINED_TRANSFORMATION('','',#11,#515);
#4504 = PRODUCT_DEFINITION_SHAPE('Placement','Placement of an item',
  #4505);
#4505 = NEXT_ASSEMBLY_USAGE_OCCURRENCE('126','=>[0:1:1:127]','',#5,#4496
  ,$);
#4506 = PRODUCT_RELATED_PRODUCT_CATEGORY('part',$,(#4498));
#4507 = ADVANCED_BREP_SHAPE_REPRESENTATION('',(#11,#4508),#4520);
#4508 = MANIFOLD_SOLID_BREP('',#4509);
#4509 = CLOSED_SHELL('',(#4510));
#4510 = ADVANCED_FACE('',(#4511),#4515,.T.);
#4511 = FACE_BOUND('',#4512,.T.);
#4512 = VERTEX_LOOP('',#4513);
#4513 = VERTEX_POINT('',#4514);
#4514 = CARTESIAN_POINT('',(8.266365894245E-18,-2.024675706594E-33,
    -0.135));
#4515 = SPHERICAL_SURFACE('',#4516,0.135);
#4516 = AXIS2_PLACEMENT_3D('',#4517,#4518,#4519);
#4517 = CARTESIAN_POINT('',(0.,0.,0.));
#4518 = DIRECTION('',(0.,0.,1.));
#4519 = DIRECTION('',(1.,0.,-0.));
#4520 = ( GEOMETRIC_REPRESENTATION_CONTEXT(3) 
GLOBAL_UNCERTAINTY_ASSIGNED_CONTEXT((#4524)) 
GLOBAL_UNIT_ASSIGNED_CONTEXT((#4521,#4522,#4523)) REPRESENTATION_CONTEXT
('Context #1','3D Context with UNIT and UNCERTAINTY') );
#4521 = ( LENGTH_UNIT() NAMED_UNIT(*) SI_UNIT(.MILLI.,.METRE.) );
#4522 = ( NAMED_UNIT(*) PLANE_ANGLE_UNIT() SI_UNIT($,.RADIAN.) );
#4523 = ( NAMED_UNIT(*) SI_UNIT($,.STERADIAN.) SOLID_ANGLE_UNIT() );
#4524 = UNCERTAINTY_MEASURE_WITH_UNIT(LENGTH_MEASURE(1.E-07),#4521,
  'distance_accuracy_value','confusion accuracy');
#4525 = SHAPE_DEFINITION_REPRESENTATION(#4526,#4507);
#4526 = PRODUCT_DEFINITION_SHAPE('','',#4527);
#4527 = PRODUCT_DEFINITION('design','',#4528,#4531);
#4528 = PRODUCT_DEFINITION_FORMATION('','',#4529);
#4529 = PRODUCT('M9','M9','',(#4530));
#4530 = PRODUCT_CONTEXT('',#2,'mechanical');
#4531 = PRODUCT_DEFINITION_CONTEXT('part definition',#2,'design');
#4532 = CONTEXT_DEPENDENT_SHAPE_REPRESENTATION(#4533,#4535);
#4533 = ( REPRESENTATION_RELATIONSHIP('','',#4507,#10) 
REPRESENTATION_RELATIONSHIP_WITH_TRANSFORMATION(#4534) 
SHAPE_REPRESENTATION_RELATIONSHIP() );
#4534 = ITEM_DEFINED_TRANSFORMATION('','',#11,#519);
#4535 = PRODUCT_DEFINITION_SHAPE('Placement','Placement of an item',
  #4536);
#4536 = NEXT_ASSEMBLY_USAGE_OCCURRENCE('127','=>[0:1:1:128]','',#5,#4527
  ,$);
#4537 = PRODUCT_RELATED_PRODUCT_CATEGORY('part',$,(#4529));
#4538 = ADVANCED_BREP_SHAPE_REPRESENTATION('',(#11,#4539),#4551);
#4539 = MANIFOLD_SOLID_BREP('',#4540);
#4540 = CLOSED_SHELL('',(#4541));
#4541 = ADVANCED_FACE('',(#4542),#4546,.T.);
#4542 = FACE_BOUND('',#4543,.T.);
#4543 = VERTEX_LOOP('',#4544);
#4544 = VERTEX_POINT('',#4545);
#4545 = CARTESIAN_POINT('',(8.266365894245E-18,-2.024675706594E-33,
    -0.135));
#4546 = SPHERICAL_SURFACE('',#4547,0.135);
#4547 = AXIS2_PLACEMENT_3D('',#4548,#4549,#4550);
#4548 = CARTESIAN_POINT('',(0.,0.,0.));
#4549 = DIRECTION('',(0.,0.,1.));
#4550 = DIRECTION('',(1.,0.,-0.));
#4551 = ( GEOMETRIC_REPRESENTATION_CONTEXT(3) 
GLOBAL_UNCERTAINTY_ASSIGNED_CONTEXT((#4555)) 
GLOBAL_UNIT_ASSIGNED_CONTEXT((#4552,#4553,#4554)) REPRESENTATION_CONTEXT
('Context #1','3D Context with UNIT and UNCERTAINTY') );
#4552 = ( LENGTH_UNIT() NAMED_UNIT(*) SI_UNIT(.MILLI.,.METRE.) );
#4553 = ( NAMED_UNIT(*) PLANE_ANGLE_UNIT() SI_UNIT($,.RADIAN.) );
#4554 = ( NAMED_UNIT(*) SI_UNIT($,.STERADIAN.) SOLID_ANGLE_UNIT() );
#4555 = UNCERTAINTY_MEASURE_WITH_UNIT(LENGTH_MEASURE(1.E-07),#4552,
  'distance_accuracy_value','confusion accuracy');
#4556 = SHAPE_DEFINITION_REPRESENTATION(#4557,#4538);
#4557 = PRODUCT_DEFINITION_SHAPE('','',#4558);
#4558 = PRODUCT_DEFINITION('design','',#4559,#4562);
#4559 = PRODUCT_DEFINITION_FORMATION('','',#4560);
#4560 = PRODUCT('M10','M10','',(#4561));
#4561 = PRODUCT_CONTEXT('',#2,'mechanical');
#4562 = PRODUCT_DEFINITION_CONTEXT('part definition',#2,'design');
#4563 = CONTEXT_DEPENDENT_SHAPE_REPRESENTATION(#4564,#4566);
#4564 = ( REPRESENTATION_RELATIONSHIP('','',#4538,#10) 
REPRESENTATION_RELATIONSHIP_WITH_TRANSFORMATION(#4565) 
SHAPE_REPRESENTATION_RELATIONSHIP() );
#4565 = ITEM_DEFINED_TRANSFORMATION('','',#11,#523);
#4566 = PRODUCT_DEFINITION_SHAPE('Placement','Placement of an item',
  #4567);
#4567 = NEXT_ASSEMBLY_USAGE_OCCURRENCE('128','=>[0:1:1:129]','',#5,#4558
  ,$);
#4568 = PRODUCT_RELATED_PRODUCT_CATEGORY('part',$,(#4560));
#4569 = ADVANCED_BREP_SHAPE_REPRESENTATION('',(#11,#4570),#4582);
#4570 = MANIFOLD_SOLID_BREP('',#4571);
#4571 = CLOSED_SHELL('',(#4572));
#4572 = ADVANCED_FACE('',(#4573),#4577,.T.);
#4573 = FACE_BOUND('',#4574,.T.);
#4574 = VERTEX_LOOP('',#4575);
#4575 = VERTEX_POINT('',#4576);
#4576 = CARTESIAN_POINT('',(8.266365894245E-18,-2.024675706594E-33,
    -0.135));
#4577 = SPHERICAL_SURFACE('',#4578,0.135);
#4578 = AXIS2_PLACEMENT_3D('',#4579,#4580,#4581);
#4579 = CARTESIAN_POINT('',(0.,0.,0.));
#4580 = DIRECTION('',(0.,0.,1.));
#4581 = DIRECTION('',(1.,0.,-0.));
#4582 = ( GEOMETRIC_REPRESENTATION_CONTEXT(3) 
GLOBAL_UNCERTAINTY_ASSIGNED_CONTEXT((#4586)) 
GLOBAL_UNIT_ASSIGNED_CONTEXT((#4583,#4584,#4585)) REPRESENTATION_CONTEXT
('Context #1','3D Context with UNIT and UNCERTAINTY') );
#4583 = ( LENGTH_UNIT() NAMED_UNIT(*) SI_UNIT(.MILLI.,.METRE.) );
#4584 = ( NAMED_UNIT(*) PLANE_ANGLE_UNIT() SI_UNIT($,.RADIAN.) );
#4585 = ( NAMED_UNIT(*) SI_UNIT($,.STERADIAN.) SOLID_ANGLE_UNIT() );
#4586 = UNCERTAINTY_MEASURE_WITH_UNIT(LENGTH_MEASURE(1.E-07),#4583,
  'distance_accuracy_value','confusion accuracy');
#4587 = SHAPE_DEFINITION_REPRESENTATION(#4588,#4569);
#4588 = PRODUCT_DEFINITION_SHAPE('','',#4589);
#4589 = PRODUCT_DEFINITION('design','',#4590,#4593);
#4590 = PRODUCT_DEFINITION_FORMATION('','',#4591);
#4591 = PRODUCT('M11','M11','',(#4592));
#4592 = PRODUCT_CONTEXT('',#2,'mechanical');
#4593 = PRODUCT_DEFINITION_CONTEXT('part definition',#2,'design');
#4594 = CONTEXT_DEPENDENT_SHAPE_REPRESENTATION(#4595,#4597);
#4595 = ( REPRESENTATION_RELATIONSHIP('','',#4569,#10) 
REPRESENTATION_RELATIONSHIP_WITH_TRANSFORMATION(#4596) 
SHAPE_REPRESENTATION_RELATIONSHIP() );
#4596 = ITEM_DEFINED_TRANSFORMATION('','',#11,#527);
#4597 = PRODUCT_DEFINITION_SHAPE('Placement','Placement of an item',
  #4598);
#4598 = NEXT_ASSEMBLY_USAGE_OCCURRENCE('129','=>[0:1:1:130]','',#5,#4589
  ,$);
#4599 = PRODUCT_RELATED_PRODUCT_CATEGORY('part',$,(#4591));
#4600 = ADVANCED_BREP_SHAPE_REPRESENTATION('',(#11,#4601),#4613);
#4601 = MANIFOLD_SOLID_BREP('',#4602);
#4602 = CLOSED_SHELL('',(#4603));
#4603 = ADVANCED_FACE('',(#4604),#4608,.T.);
#4604 = FACE_BOUND('',#4605,.T.);
#4605 = VERTEX_LOOP('',#4606);
#4606 = VERTEX_POINT('',#4607);
#4607 = CARTESIAN_POINT('',(8.266365894245E-18,-2.024675706594E-33,
    -0.135));
#4608 = SPHERICAL_SURFACE('',#4609,0.135);
#4609 = AXIS2_PLACEMENT_3D('',#4610,#4611,#4612);
#4610 = CARTESIAN_POINT('',(0.,0.,0.));
#4611 = DIRECTION('',(0.,0.,1.));
#4612 = DIRECTION('',(1.,0.,-0.));
#4613 = ( GEOMETRIC_REPRESENTATION_CONTEXT(3) 
GLOBAL_UNCERTAINTY_ASSIGNED_CONTEXT((#4617)) 
GLOBAL_UNIT_ASSIGNED_CONTEXT((#4614,#4615,#4616)) REPRESENTATION_CONTEXT
('Context #1','3D Context with UNIT and UNCERTAINTY') );
#4614 = ( LENGTH_UNIT() NAMED_UNIT(*) SI_UNIT(.MILLI.,.METRE.) );
#4615 = ( NAMED_UNIT(*) PLANE_ANGLE_UNIT() SI_UNIT($,.RADIAN.) );
#4616 = ( NAMED_UNIT(*) SI_UNIT($,.STERADIAN.) SOLID_ANGLE_UNIT() );
#4617 = UNCERTAINTY_MEASURE_WITH_UNIT(LENGTH_MEASURE(1.E-07),#4614,
  'distance_accuracy_value','confusion accuracy');
#4618 = SHAPE_DEFINITION_REPRESENTATION(#4619,#4600);
#4619 = PRODUCT_DEFINITION_SHAPE('','',#4620);
#4620 = PRODUCT_DEFINITION('design','',#4621,#4624);
#4621 = PRODUCT_DEFINITION_FORMATION('','',#4622);
#4622 = PRODUCT('M12','M12','',(#4623));
#4623 = PRODUCT_CONTEXT('',#2,'mechanical');
#4624 = PRODUCT_DEFINITION_CONTEXT('part definition',#2,'design');
#4625 = CONTEXT_DEPENDENT_SHAPE_REPRESENTATION(#4626,#4628);
#4626 = ( REPRESENTATION_RELATIONSHIP('','',#4600,#10) 
REPRESENTATION_RELATIONSHIP_WITH_TRANSFORMATION(#4627) 
SHAPE_REPRESENTATION_RELATIONSHIP() );
#4627 = ITEM_DEFINED_TRANSFORMATION('','',#11,#531);
#4628 = PRODUCT_DEFINITION_SHAPE('Placement','Placement of an item',
  #4629);
#4629 = NEXT_ASSEMBLY_USAGE_OCCURRENCE('130','=>[0:1:1:131]','',#5,#4620
  ,$);
#4630 = PRODUCT_RELATED_PRODUCT_CATEGORY('part',$,(#4622));
#4631 = ADVANCED_BREP_SHAPE_REPRESENTATION('',(#11,#4632),#4644);
#4632 = MANIFOLD_SOLID_BREP('',#4633);
#4633 = CLOSED_SHELL('',(#4634));
#4634 = ADVANCED_FACE('',(#4635),#4639,.T.);
#4635 = FACE_BOUND('',#4636,.T.);
#4636 = VERTEX_LOOP('',#4637);
#4637 = VERTEX_POINT('',#4638);
#4638 = CARTESIAN_POINT('',(8.266365894245E-18,-2.024675706594E-33,
    -0.135));
#4639 = SPHERICAL_SURFACE('',#4640,0.135);
#4640 = AXIS2_PLACEMENT_3D('',#4641,#4642,#4643);
#4641 = CARTESIAN_POINT('',(0.,0.,0.));
#4642 = DIRECTION('',(0.,0.,1.));
#4643 = DIRECTION('',(1.,0.,-0.));
#4644 = ( GEOMETRIC_REPRESENTATION_CONTEXT(3) 
GLOBAL_UNCERTAINTY_ASSIGNED_CONTEXT((#4648)) 
GLOBAL_UNIT_ASSIGNED_CONTEXT((#4645,#4646,#4647)) REPRESENTATION_CONTEXT
('Context #1','3D Context with UNIT and UNCERTAINTY') );
#4645 = ( LENGTH_UNIT() NAMED_UNIT(*) SI_UNIT(.MILLI.,.METRE.) );
#4646 = ( NAMED_UNIT(*) PLANE_ANGLE_UNIT() SI_UNIT($,.RADIAN.) );
#4647 = ( NAMED_UNIT(*) SI_UNIT($,.STERADIAN.) SOLID_ANGLE_UNIT() );
#4648 = UNCERTAINTY_MEASURE_WITH_UNIT(LENGTH_MEASURE(1.E-07),#4645,
  'distance_accuracy_value','confusion accuracy');
#4649 = SHAPE_DEFINITION_REPRESENTATION(#4650,#4631);
#4650 = PRODUCT_DEFINITION_SHAPE('','',#4651);
#4651 = PRODUCT_DEFINITION('design','',#4652,#4655);
#4652 = PRODUCT_DEFINITION_FORMATION('','',#4653);
#4653 = PRODUCT('M13','M13','',(#4654));
#4654 = PRODUCT_CONTEXT('',#2,'mechanical');
#4655 = PRODUCT_DEFINITION_CONTEXT('part definition',#2,'design');
#4656 = CONTEXT_DEPENDENT_SHAPE_REPRESENTATION(#4657,#4659);
#4657 = ( REPRESENTATION_RELATIONSHIP('','',#4631,#10) 
REPRESENTATION_RELATIONSHIP_WITH_TRANSFORMATION(#4658) 
SHAPE_REPRESENTATION_RELATIONSHIP() );
#4658 = ITEM_DEFINED_TRANSFORMATION('','',#11,#535);
#4659 = PRODUCT_DEFINITION_SHAPE('Placement','Placement of an item',
  #4660);
#4660 = NEXT_ASSEMBLY_USAGE_OCCURRENCE('131','=>[0:1:1:132]','',#5,#4651
  ,$);
#4661 = PRODUCT_RELATED_PRODUCT_CATEGORY('part',$,(#4653));
#4662 = ADVANCED_BREP_SHAPE_REPRESENTATION('',(#11,#4663),#4675);
#4663 = MANIFOLD_SOLID_BREP('',#4664);
#4664 = CLOSED_SHELL('',(#4665));
#4665 = ADVANCED_FACE('',(#4666),#4670,.T.);
#4666 = FACE_BOUND('',#4667,.T.);
#4667 = VERTEX_LOOP('',#4668);
#4668 = VERTEX_POINT('',#4669);
#4669 = CARTESIAN_POINT('',(8.266365894245E-18,-2.024675706594E-33,
    -0.135));
#4670 = SPHERICAL_SURFACE('',#4671,0.135);
#4671 = AXIS2_PLACEMENT_3D('',#4672,#4673,#4674);
#4672 = CARTESIAN_POINT('',(0.,0.,0.));
#4673 = DIRECTION('',(0.,0.,1.));
#4674 = DIRECTION('',(1.,0.,-0.));
#4675 = ( GEOMETRIC_REPRESENTATION_CONTEXT(3) 
GLOBAL_UNCERTAINTY_ASSIGNED_CONTEXT((#4679)) 
GLOBAL_UNIT_ASSIGNED_CONTEXT((#4676,#4677,#4678)) REPRESENTATION_CONTEXT
('Context #1','3D Context with UNIT and UNCERTAINTY') );
#4676 = ( LENGTH_UNIT() NAMED_UNIT(*) SI_UNIT(.MILLI.,.METRE.) );
#4677 = ( NAMED_UNIT(*) PLANE_ANGLE_UNIT() SI_UNIT($,.RADIAN.) );
#4678 = ( NAMED_UNIT(*) SI_UNIT($,.STERADIAN.) SOLID_ANGLE_UNIT() );
#4679 = UNCERTAINTY_MEASURE_WITH_UNIT(LENGTH_MEASURE(1.E-07),#4676,
  'distance_accuracy_value','confusion accuracy');
#4680 = SHAPE_DEFINITION_REPRESENTATION(#4681,#4662);
#4681 = PRODUCT_DEFINITION_SHAPE('','',#4682);
#4682 = PRODUCT_DEFINITION('design','',#4683,#4686);
#4683 = PRODUCT_DEFINITION_FORMATION('','',#4684);
#4684 = PRODUCT('N1','N1','',(#4685));
#4685 = PRODUCT_CONTEXT('',#2,'mechanical');
#4686 = PRODUCT_DEFINITION_CONTEXT('part definition',#2,'design');
#4687 = CONTEXT_DEPENDENT_SHAPE_REPRESENTATION(#4688,#4690);
#4688 = ( REPRESENTATION_RELATIONSHIP('','',#4662,#10) 
REPRESENTATION_RELATIONSHIP_WITH_TRANSFORMATION(#4689) 
SHAPE_REPRESENTATION_RELATIONSHIP() );
#4689 = ITEM_DEFINED_TRANSFORMATION('','',#11,#539);
#4690 = PRODUCT_DEFINITION_SHAPE('Placement','Placement of an item',
  #4691);
#4691 = NEXT_ASSEMBLY_USAGE_OCCURRENCE('132','=>[0:1:1:133]','',#5,#4682
  ,$);
#4692 = PRODUCT_RELATED_PRODUCT_CATEGORY('part',$,(#4684));
#4693 = ADVANCED_BREP_SHAPE_REPRESENTATION('',(#11,#4694),#4706);
#4694 = MANIFOLD_SOLID_BREP('',#4695);
#4695 = CLOSED_SHELL('',(#4696));
#4696 = ADVANCED_FACE('',(#4697),#4701,.T.);
#4697 = FACE_BOUND('',#4698,.T.);
#4698 = VERTEX_LOOP('',#4699);
#4699 = VERTEX_POINT('',#4700);
#4700 = CARTESIAN_POINT('',(8.266365894245E-18,-2.024675706594E-33,
    -0.135));
#4701 = SPHERICAL_SURFACE('',#4702,0.135);
#4702 = AXIS2_PLACEMENT_3D('',#4703,#4704,#4705);
#4703 = CARTESIAN_POINT('',(0.,0.,0.));
#4704 = DIRECTION('',(0.,0.,1.));
#4705 = DIRECTION('',(1.,0.,-0.));
#4706 = ( GEOMETRIC_REPRESENTATION_CONTEXT(3) 
GLOBAL_UNCERTAINTY_ASSIGNED_CONTEXT((#4710)) 
GLOBAL_UNIT_ASSIGNED_CONTEXT((#4707,#4708,#4709)) REPRESENTATION_CONTEXT
('Context #1','3D Context with UNIT and UNCERTAINTY') );
#4707 = ( LENGTH_UNIT() NAMED_UNIT(*) SI_UNIT(.MILLI.,.METRE.) );
#4708 = ( NAMED_UNIT(*) PLANE_ANGLE_UNIT() SI_UNIT($,.RADIAN.) );
#4709 = ( NAMED_UNIT(*) SI_UNIT($,.STERADIAN.) SOLID_ANGLE_UNIT() );
#4710 = UNCERTAINTY_MEASURE_WITH_UNIT(LENGTH_MEASURE(1.E-07),#4707,
  'distance_accuracy_value','confusion accuracy');
#4711 = SHAPE_DEFINITION_REPRESENTATION(#4712,#4693);
#4712 = PRODUCT_DEFINITION_SHAPE('','',#4713);
#4713 = PRODUCT_DEFINITION('design','',#4714,#4717);
#4714 = PRODUCT_DEFINITION_FORMATION('','',#4715);
#4715 = PRODUCT('N2','N2','',(#4716));
#4716 = PRODUCT_CONTEXT('',#2,'mechanical');
#4717 = PRODUCT_DEFINITION_CONTEXT('part definition',#2,'design');
#4718 = CONTEXT_DEPENDENT_SHAPE_REPRESENTATION(#4719,#4721);
#4719 = ( REPRESENTATION_RELATIONSHIP('','',#4693,#10) 
REPRESENTATION_RELATIONSHIP_WITH_TRANSFORMATION(#4720) 
SHAPE_REPRESENTATION_RELATIONSHIP() );
#4720 = ITEM_DEFINED_TRANSFORMATION('','',#11,#543);
#4721 = PRODUCT_DEFINITION_SHAPE('Placement','Placement of an item',
  #4722);
#4722 = NEXT_ASSEMBLY_USAGE_OCCURRENCE('133','=>[0:1:1:134]','',#5,#4713
  ,$);
#4723 = PRODUCT_RELATED_PRODUCT_CATEGORY('part',$,(#4715));
#4724 = ADVANCED_BREP_SHAPE_REPRESENTATION('',(#11,#4725),#4737);
#4725 = MANIFOLD_SOLID_BREP('',#4726);
#4726 = CLOSED_SHELL('',(#4727));
#4727 = ADVANCED_FACE('',(#4728),#4732,.T.);
#4728 = FACE_BOUND('',#4729,.T.);
#4729 = VERTEX_LOOP('',#4730);
#4730 = VERTEX_POINT('',#4731);
#4731 = CARTESIAN_POINT('',(8.266365894245E-18,-2.024675706594E-33,
    -0.135));
#4732 = SPHERICAL_SURFACE('',#4733,0.135);
#4733 = AXIS2_PLACEMENT_3D('',#4734,#4735,#4736);
#4734 = CARTESIAN_POINT('',(0.,0.,0.));
#4735 = DIRECTION('',(0.,0.,1.));
#4736 = DIRECTION('',(1.,0.,-0.));
#4737 = ( GEOMETRIC_REPRESENTATION_CONTEXT(3) 
GLOBAL_UNCERTAINTY_ASSIGNED_CONTEXT((#4741)) 
GLOBAL_UNIT_ASSIGNED_CONTEXT((#4738,#4739,#4740)) REPRESENTATION_CONTEXT
('Context #1','3D Context with UNIT and UNCERTAINTY') );
#4738 = ( LENGTH_UNIT() NAMED_UNIT(*) SI_UNIT(.MILLI.,.METRE.) );
#4739 = ( NAMED_UNIT(*) PLANE_ANGLE_UNIT() SI_UNIT($,.RADIAN.) );
#4740 = ( NAMED_UNIT(*) SI_UNIT($,.STERADIAN.) SOLID_ANGLE_UNIT() );
#4741 = UNCERTAINTY_MEASURE_WITH_UNIT(LENGTH_MEASURE(1.E-07),#4738,
  'distance_accuracy_value','confusion accuracy');
#4742 = SHAPE_DEFINITION_REPRESENTATION(#4743,#4724);
#4743 = PRODUCT_DEFINITION_SHAPE('','',#4744);
#4744 = PRODUCT_DEFINITION('design','',#4745,#4748);
#4745 = PRODUCT_DEFINITION_FORMATION('','',#4746);
#4746 = PRODUCT('N3','N3','',(#4747));
#4747 = PRODUCT_CONTEXT('',#2,'mechanical');
#4748 = PRODUCT_DEFINITION_CONTEXT('part definition',#2,'design');
#4749 = CONTEXT_DEPENDENT_SHAPE_REPRESENTATION(#4750,#4752);
#4750 = ( REPRESENTATION_RELATIONSHIP('','',#4724,#10) 
REPRESENTATION_RELATIONSHIP_WITH_TRANSFORMATION(#4751) 
SHAPE_REPRESENTATION_RELATIONSHIP() );
#4751 = ITEM_DEFINED_TRANSFORMATION('','',#11,#547);
#4752 = PRODUCT_DEFINITION_SHAPE('Placement','Placement of an item',
  #4753);
#4753 = NEXT_ASSEMBLY_USAGE_OCCURRENCE('134','=>[0:1:1:135]','',#5,#4744
  ,$);
#4754 = PRODUCT_RELATED_PRODUCT_CATEGORY('part',$,(#4746));
#4755 = ADVANCED_BREP_SHAPE_REPRESENTATION('',(#11,#4756),#4768);
#4756 = MANIFOLD_SOLID_BREP('',#4757);
#4757 = CLOSED_SHELL('',(#4758));
#4758 = ADVANCED_FACE('',(#4759),#4763,.T.);
#4759 = FACE_BOUND('',#4760,.T.);
#4760 = VERTEX_LOOP('',#4761);
#4761 = VERTEX_POINT('',#4762);
#4762 = CARTESIAN_POINT('',(8.266365894245E-18,-2.024675706594E-33,
    -0.135));
#4763 = SPHERICAL_SURFACE('',#4764,0.135);
#4764 = AXIS2_PLACEMENT_3D('',#4765,#4766,#4767);
#4765 = CARTESIAN_POINT('',(0.,0.,0.));
#4766 = DIRECTION('',(0.,0.,1.));
#4767 = DIRECTION('',(1.,0.,-0.));
#4768 = ( GEOMETRIC_REPRESENTATION_CONTEXT(3) 
GLOBAL_UNCERTAINTY_ASSIGNED_CONTEXT((#4772)) 
GLOBAL_UNIT_ASSIGNED_CONTEXT((#4769,#4770,#4771)) REPRESENTATION_CONTEXT
('Context #1','3D Context with UNIT and UNCERTAINTY') );
#4769 = ( LENGTH_UNIT() NAMED_UNIT(*) SI_UNIT(.MILLI.,.METRE.) );
#4770 = ( NAMED_UNIT(*) PLANE_ANGLE_UNIT() SI_UNIT($,.RADIAN.) );
#4771 = ( NAMED_UNIT(*) SI_UNIT($,.STERADIAN.) SOLID_ANGLE_UNIT() );
#4772 = UNCERTAINTY_MEASURE_WITH_UNIT(LENGTH_MEASURE(1.E-07),#4769,
  'distance_accuracy_value','confusion accuracy');
#4773 = SHAPE_DEFINITION_REPRESENTATION(#4774,#4755);
#4774 = PRODUCT_DEFINITION_SHAPE('','',#4775);
#4775 = PRODUCT_DEFINITION('design','',#4776,#4779);
#4776 = PRODUCT_DEFINITION_FORMATION('','',#4777);
#4777 = PRODUCT('N4','N4','',(#4778));
#4778 = PRODUCT_CONTEXT('',#2,'mechanical');
#4779 = PRODUCT_DEFINITION_CONTEXT('part definition',#2,'design');
#4780 = CONTEXT_DEPENDENT_SHAPE_REPRESENTATION(#4781,#4783);
#4781 = ( REPRESENTATION_RELATIONSHIP('','',#4755,#10) 
REPRESENTATION_RELATIONSHIP_WITH_TRANSFORMATION(#4782) 
SHAPE_REPRESENTATION_RELATIONSHIP() );
#4782 = ITEM_DEFINED_TRANSFORMATION('','',#11,#551);
#4783 = PRODUCT_DEFINITION_SHAPE('Placement','Placement of an item',
  #4784);
#4784 = NEXT_ASSEMBLY_USAGE_OCCURRENCE('135','=>[0:1:1:136]','',#5,#4775
  ,$);
#4785 = PRODUCT_RELATED_PRODUCT_CATEGORY('part',$,(#4777));
#4786 = ADVANCED_BREP_SHAPE_REPRESENTATION('',(#11,#4787),#4799);
#4787 = MANIFOLD_SOLID_BREP('',#4788);
#4788 = CLOSED_SHELL('',(#4789));
#4789 = ADVANCED_FACE('',(#4790),#4794,.T.);
#4790 = FACE_BOUND('',#4791,.T.);
#4791 = VERTEX_LOOP('',#4792);
#4792 = VERTEX_POINT('',#4793);
#4793 = CARTESIAN_POINT('',(8.266365894245E-18,-2.024675706594E-33,
    -0.135));
#4794 = SPHERICAL_SURFACE('',#4795,0.135);
#4795 = AXIS2_PLACEMENT_3D('',#4796,#4797,#4798);
#4796 = CARTESIAN_POINT('',(0.,0.,0.));
#4797 = DIRECTION('',(0.,0.,1.));
#4798 = DIRECTION('',(1.,0.,-0.));
#4799 = ( GEOMETRIC_REPRESENTATION_CONTEXT(3) 
GLOBAL_UNCERTAINTY_ASSIGNED_CONTEXT((#4803)) 
GLOBAL_UNIT_ASSIGNED_CONTEXT((#4800,#4801,#4802)) REPRESENTATION_CONTEXT
('Context #1','3D Context with UNIT and UNCERTAINTY') );
#4800 = ( LENGTH_UNIT() NAMED_UNIT(*) SI_UNIT(.MILLI.,.METRE.) );
#4801 = ( NAMED_UNIT(*) PLANE_ANGLE_UNIT() SI_UNIT($,.RADIAN.) );
#4802 = ( NAMED_UNIT(*) SI_UNIT($,.STERADIAN.) SOLID_ANGLE_UNIT() );
#4803 = UNCERTAINTY_MEASURE_WITH_UNIT(LENGTH_MEASURE(1.E-07),#4800,
  'distance_accuracy_value','confusion accuracy');
#4804 = SHAPE_DEFINITION_REPRESENTATION(#4805,#4786);
#4805 = PRODUCT_DEFINITION_SHAPE('','',#4806);
#4806 = PRODUCT_DEFINITION('design','',#4807,#4810);
#4807 = PRODUCT_DEFINITION_FORMATION('','',#4808);
#4808 = PRODUCT('N5','N5','',(#4809));
#4809 = PRODUCT_CONTEXT('',#2,'mechanical');
#4810 = PRODUCT_DEFINITION_CONTEXT('part definition',#2,'design');
#4811 = CONTEXT_DEPENDENT_SHAPE_REPRESENTATION(#4812,#4814);
#4812 = ( REPRESENTATION_RELATIONSHIP('','',#4786,#10) 
REPRESENTATION_RELATIONSHIP_WITH_TRANSFORMATION(#4813) 
SHAPE_REPRESENTATION_RELATIONSHIP() );
#4813 = ITEM_DEFINED_TRANSFORMATION('','',#11,#555);
#4814 = PRODUCT_DEFINITION_SHAPE('Placement','Placement of an item',
  #4815);
#4815 = NEXT_ASSEMBLY_USAGE_OCCURRENCE('136','=>[0:1:1:137]','',#5,#4806
  ,$);
#4816 = PRODUCT_RELATED_PRODUCT_CATEGORY('part',$,(#4808));
#4817 = ADVANCED_BREP_SHAPE_REPRESENTATION('',(#11,#4818),#4830);
#4818 = MANIFOLD_SOLID_BREP('',#4819);
#4819 = CLOSED_SHELL('',(#4820));
#4820 = ADVANCED_FACE('',(#4821),#4825,.T.);
#4821 = FACE_BOUND('',#4822,.T.);
#4822 = VERTEX_LOOP('',#4823);
#4823 = VERTEX_POINT('',#4824);
#4824 = CARTESIAN_POINT('',(8.266365894245E-18,-2.024675706594E-33,
    -0.135));
#4825 = SPHERICAL_SURFACE('',#4826,0.135);
#4826 = AXIS2_PLACEMENT_3D('',#4827,#4828,#4829);
#4827 = CARTESIAN_POINT('',(0.,0.,0.));
#4828 = DIRECTION('',(0.,0.,1.));
#4829 = DIRECTION('',(1.,0.,-0.));
#4830 = ( GEOMETRIC_REPRESENTATION_CONTEXT(3) 
GLOBAL_UNCERTAINTY_ASSIGNED_CONTEXT((#4834)) 
GLOBAL_UNIT_ASSIGNED_CONTEXT((#4831,#4832,#4833)) REPRESENTATION_CONTEXT
('Context #1','3D Context with UNIT and UNCERTAINTY') );
#4831 = ( LENGTH_UNIT() NAMED_UNIT(*) SI_UNIT(.MILLI.,.METRE.) );
#4832 = ( NAMED_UNIT(*) PLANE_ANGLE_UNIT() SI_UNIT($,.RADIAN.) );
#4833 = ( NAMED_UNIT(*) SI_UNIT($,.STERADIAN.) SOLID_ANGLE_UNIT() );
#4834 = UNCERTAINTY_MEASURE_WITH_UNIT(LENGTH_MEASURE(1.E-07),#4831,
  'distance_accuracy_value','confusion accuracy');
#4835 = SHAPE_DEFINITION_REPRESENTATION(#4836,#4817);
#4836 = PRODUCT_DEFINITION_SHAPE('','',#4837);
#4837 = PRODUCT_DEFINITION('design','',#4838,#4841);
#4838 = PRODUCT_DEFINITION_FORMATION('','',#4839);
#4839 = PRODUCT('N6','N6','',(#4840));
#4840 = PRODUCT_CONTEXT('',#2,'mechanical');
#4841 = PRODUCT_DEFINITION_CONTEXT('part definition',#2,'design');
#4842 = CONTEXT_DEPENDENT_SHAPE_REPRESENTATION(#4843,#4845);
#4843 = ( REPRESENTATION_RELATIONSHIP('','',#4817,#10) 
REPRESENTATION_RELATIONSHIP_WITH_TRANSFORMATION(#4844) 
SHAPE_REPRESENTATION_RELATIONSHIP() );
#4844 = ITEM_DEFINED_TRANSFORMATION('','',#11,#559);
#4845 = PRODUCT_DEFINITION_SHAPE('Placement','Placement of an item',
  #4846);
#4846 = NEXT_ASSEMBLY_USAGE_OCCURRENCE('137','=>[0:1:1:138]','',#5,#4837
  ,$);
#4847 = PRODUCT_RELATED_PRODUCT_CATEGORY('part',$,(#4839));
#4848 = ADVANCED_BREP_SHAPE_REPRESENTATION('',(#11,#4849),#4861);
#4849 = MANIFOLD_SOLID_BREP('',#4850);
#4850 = CLOSED_SHELL('',(#4851));
#4851 = ADVANCED_FACE('',(#4852),#4856,.T.);
#4852 = FACE_BOUND('',#4853,.T.);
#4853 = VERTEX_LOOP('',#4854);
#4854 = VERTEX_POINT('',#4855);
#4855 = CARTESIAN_POINT('',(8.266365894245E-18,-2.024675706594E-33,
    -0.135));
#4856 = SPHERICAL_SURFACE('',#4857,0.135);
#4857 = AXIS2_PLACEMENT_3D('',#4858,#4859,#4860);
#4858 = CARTESIAN_POINT('',(0.,0.,0.));
#4859 = DIRECTION('',(0.,0.,1.));
#4860 = DIRECTION('',(1.,0.,-0.));
#4861 = ( GEOMETRIC_REPRESENTATION_CONTEXT(3) 
GLOBAL_UNCERTAINTY_ASSIGNED_CONTEXT((#4865)) 
GLOBAL_UNIT_ASSIGNED_CONTEXT((#4862,#4863,#4864)) REPRESENTATION_CONTEXT
('Context #1','3D Context with UNIT and UNCERTAINTY') );
#4862 = ( LENGTH_UNIT() NAMED_UNIT(*) SI_UNIT(.MILLI.,.METRE.) );
#4863 = ( NAMED_UNIT(*) PLANE_ANGLE_UNIT() SI_UNIT($,.RADIAN.) );
#4864 = ( NAMED_UNIT(*) SI_UNIT($,.STERADIAN.) SOLID_ANGLE_UNIT() );
#4865 = UNCERTAINTY_MEASURE_WITH_UNIT(LENGTH_MEASURE(1.E-07),#4862,
  'distance_accuracy_value','confusion accuracy');
#4866 = SHAPE_DEFINITION_REPRESENTATION(#4867,#4848);
#4867 = PRODUCT_DEFINITION_SHAPE('','',#4868);
#4868 = PRODUCT_DEFINITION('design','',#4869,#4872);
#4869 = PRODUCT_DEFINITION_FORMATION('','',#4870);
#4870 = PRODUCT('N7','N7','',(#4871));
#4871 = PRODUCT_CONTEXT('',#2,'mechanical');
#4872 = PRODUCT_DEFINITION_CONTEXT('part definition',#2,'design');
#4873 = CONTEXT_DEPENDENT_SHAPE_REPRESENTATION(#4874,#4876);
#4874 = ( REPRESENTATION_RELATIONSHIP('','',#4848,#10) 
REPRESENTATION_RELATIONSHIP_WITH_TRANSFORMATION(#4875) 
SHAPE_REPRESENTATION_RELATIONSHIP() );
#4875 = ITEM_DEFINED_TRANSFORMATION('','',#11,#563);
#4876 = PRODUCT_DEFINITION_SHAPE('Placement','Placement of an item',
  #4877);
#4877 = NEXT_ASSEMBLY_USAGE_OCCURRENCE('138','=>[0:1:1:139]','',#5,#4868
  ,$);
#4878 = PRODUCT_RELATED_PRODUCT_CATEGORY('part',$,(#4870));
#4879 = ADVANCED_BREP_SHAPE_REPRESENTATION('',(#11,#4880),#4892);
#4880 = MANIFOLD_SOLID_BREP('',#4881);
#4881 = CLOSED_SHELL('',(#4882));
#4882 = ADVANCED_FACE('',(#4883),#4887,.T.);
#4883 = FACE_BOUND('',#4884,.T.);
#4884 = VERTEX_LOOP('',#4885);
#4885 = VERTEX_POINT('',#4886);
#4886 = CARTESIAN_POINT('',(8.266365894245E-18,-2.024675706594E-33,
    -0.135));
#4887 = SPHERICAL_SURFACE('',#4888,0.135);
#4888 = AXIS2_PLACEMENT_3D('',#4889,#4890,#4891);
#4889 = CARTESIAN_POINT('',(0.,0.,0.));
#4890 = DIRECTION('',(0.,0.,1.));
#4891 = DIRECTION('',(1.,0.,-0.));
#4892 = ( GEOMETRIC_REPRESENTATION_CONTEXT(3) 
GLOBAL_UNCERTAINTY_ASSIGNED_CONTEXT((#4896)) 
GLOBAL_UNIT_ASSIGNED_CONTEXT((#4893,#4894,#4895)) REPRESENTATION_CONTEXT
('Context #1','3D Context with UNIT and UNCERTAINTY') );
#4893 = ( LENGTH_UNIT() NAMED_UNIT(*) SI_UNIT(.MILLI.,.METRE.) );
#4894 = ( NAMED_UNIT(*) PLANE_ANGLE_UNIT() SI_UNIT($,.RADIAN.) );
#4895 = ( NAMED_UNIT(*) SI_UNIT($,.STERADIAN.) SOLID_ANGLE_UNIT() );
#4896 = UNCERTAINTY_MEASURE_WITH_UNIT(LENGTH_MEASURE(1.E-07),#4893,
  'distance_accuracy_value','confusion accuracy');
#4897 = SHAPE_DEFINITION_REPRESENTATION(#4898,#4879);
#4898 = PRODUCT_DEFINITION_SHAPE('','',#4899);
#4899 = PRODUCT_DEFINITION('design','',#4900,#4903);
#4900 = PRODUCT_DEFINITION_FORMATION('','',#4901);
#4901 = PRODUCT('N8','N8','',(#4902));
#4902 = PRODUCT_CONTEXT('',#2,'mechanical');
#4903 = PRODUCT_DEFINITION_CONTEXT('part definition',#2,'design');
#4904 = CONTEXT_DEPENDENT_SHAPE_REPRESENTATION(#4905,#4907);
#4905 = ( REPRESENTATION_RELATIONSHIP('','',#4879,#10) 
REPRESENTATION_RELATIONSHIP_WITH_TRANSFORMATION(#4906) 
SHAPE_REPRESENTATION_RELATIONSHIP() );
#4906 = ITEM_DEFINED_TRANSFORMATION('','',#11,#567);
#4907 = PRODUCT_DEFINITION_SHAPE('Placement','Placement of an item',
  #4908);
#4908 = NEXT_ASSEMBLY_USAGE_OCCURRENCE('139','=>[0:1:1:140]','',#5,#4899
  ,$);
#4909 = PRODUCT_RELATED_PRODUCT_CATEGORY('part',$,(#4901));
#4910 = ADVANCED_BREP_SHAPE_REPRESENTATION('',(#11,#4911),#4923);
#4911 = MANIFOLD_SOLID_BREP('',#4912);
#4912 = CLOSED_SHELL('',(#4913));
#4913 = ADVANCED_FACE('',(#4914),#4918,.T.);
#4914 = FACE_BOUND('',#4915,.T.);
#4915 = VERTEX_LOOP('',#4916);
#4916 = VERTEX_POINT('',#4917);
#4917 = CARTESIAN_POINT('',(8.266365894245E-18,-2.024675706594E-33,
    -0.135));
#4918 = SPHERICAL_SURFACE('',#4919,0.135);
#4919 = AXIS2_PLACEMENT_3D('',#4920,#4921,#4922);
#4920 = CARTESIAN_POINT('',(0.,0.,0.));
#4921 = DIRECTION('',(0.,0.,1.));
#4922 = DIRECTION('',(1.,0.,-0.));
#4923 = ( GEOMETRIC_REPRESENTATION_CONTEXT(3) 
GLOBAL_UNCERTAINTY_ASSIGNED_CONTEXT((#4927)) 
GLOBAL_UNIT_ASSIGNED_CONTEXT((#4924,#4925,#4926)) REPRESENTATION_CONTEXT
('Context #1','3D Context with UNIT and UNCERTAINTY') );
#4924 = ( LENGTH_UNIT() NAMED_UNIT(*) SI_UNIT(.MILLI.,.METRE.) );
#4925 = ( NAMED_UNIT(*) PLANE_ANGLE_UNIT() SI_UNIT($,.RADIAN.) );
#4926 = ( NAMED_UNIT(*) SI_UNIT($,.STERADIAN.) SOLID_ANGLE_UNIT() );
#4927 = UNCERTAINTY_MEASURE_WITH_UNIT(LENGTH_MEASURE(1.E-07),#4924,
  'distance_accuracy_value','confusion accuracy');
#4928 = SHAPE_DEFINITION_REPRESENTATION(#4929,#4910);
#4929 = PRODUCT_DEFINITION_SHAPE('','',#4930);
#4930 = PRODUCT_DEFINITION('design','',#4931,#4934);
#4931 = PRODUCT_DEFINITION_FORMATION('','',#4932);
#4932 = PRODUCT('N9','N9','',(#4933));
#4933 = PRODUCT_CONTEXT('',#2,'mechanical');
#4934 = PRODUCT_DEFINITION_CONTEXT('part definition',#2,'design');
#4935 = CONTEXT_DEPENDENT_SHAPE_REPRESENTATION(#4936,#4938);
#4936 = ( REPRESENTATION_RELATIONSHIP('','',#4910,#10) 
REPRESENTATION_RELATIONSHIP_WITH_TRANSFORMATION(#4937) 
SHAPE_REPRESENTATION_RELATIONSHIP() );
#4937 = ITEM_DEFINED_TRANSFORMATION('','',#11,#571);
#4938 = PRODUCT_DEFINITION_SHAPE('Placement','Placement of an item',
  #4939);
#4939 = NEXT_ASSEMBLY_USAGE_OCCURRENCE('140','=>[0:1:1:141]','',#5,#4930
  ,$);
#4940 = PRODUCT_RELATED_PRODUCT_CATEGORY('part',$,(#4932));
#4941 = ADVANCED_BREP_SHAPE_REPRESENTATION('',(#11,#4942),#4954);
#4942 = MANIFOLD_SOLID_BREP('',#4943);
#4943 = CLOSED_SHELL('',(#4944));
#4944 = ADVANCED_FACE('',(#4945),#4949,.T.);
#4945 = FACE_BOUND('',#4946,.T.);
#4946 = VERTEX_LOOP('',#4947);
#4947 = VERTEX_POINT('',#4948);
#4948 = CARTESIAN_POINT('',(8.266365894245E-18,-2.024675706594E-33,
    -0.135));
#4949 = SPHERICAL_SURFACE('',#4950,0.135);
#4950 = AXIS2_PLACEMENT_3D('',#4951,#4952,#4953);
#4951 = CARTESIAN_POINT('',(0.,0.,0.));
#4952 = DIRECTION('',(0.,0.,1.));
#4953 = DIRECTION('',(1.,0.,-0.));
#4954 = ( GEOMETRIC_REPRESENTATION_CONTEXT(3) 
GLOBAL_UNCERTAINTY_ASSIGNED_CONTEXT((#4958)) 
GLOBAL_UNIT_ASSIGNED_CONTEXT((#4955,#4956,#4957)) REPRESENTATION_CONTEXT
('Context #1','3D Context with UNIT and UNCERTAINTY') );
#4955 = ( LENGTH_UNIT() NAMED_UNIT(*) SI_UNIT(.MILLI.,.METRE.) );
#4956 = ( NAMED_UNIT(*) PLANE_ANGLE_UNIT() SI_UNIT($,.RADIAN.) );
#4957 = ( NAMED_UNIT(*) SI_UNIT($,.STERADIAN.) SOLID_ANGLE_UNIT() );
#4958 = UNCERTAINTY_MEASURE_WITH_UNIT(LENGTH_MEASURE(1.E-07),#4955,
  'distance_accuracy_value','confusion accuracy');
#4959 = SHAPE_DEFINITION_REPRESENTATION(#4960,#4941);
#4960 = PRODUCT_DEFINITION_SHAPE('','',#4961);
#4961 = PRODUCT_DEFINITION('design','',#4962,#4965);
#4962 = PRODUCT_DEFINITION_FORMATION('','',#4963);
#4963 = PRODUCT('N10','N10','',(#4964));
#4964 = PRODUCT_CONTEXT('',#2,'mechanical');
#4965 = PRODUCT_DEFINITION_CONTEXT('part definition',#2,'design');
#4966 = CONTEXT_DEPENDENT_SHAPE_REPRESENTATION(#4967,#4969);
#4967 = ( REPRESENTATION_RELATIONSHIP('','',#4941,#10) 
REPRESENTATION_RELATIONSHIP_WITH_TRANSFORMATION(#4968) 
SHAPE_REPRESENTATION_RELATIONSHIP() );
#4968 = ITEM_DEFINED_TRANSFORMATION('','',#11,#575);
#4969 = PRODUCT_DEFINITION_SHAPE('Placement','Placement of an item',
  #4970);
#4970 = NEXT_ASSEMBLY_USAGE_OCCURRENCE('141','=>[0:1:1:142]','',#5,#4961
  ,$);
#4971 = PRODUCT_RELATED_PRODUCT_CATEGORY('part',$,(#4963));
#4972 = ADVANCED_BREP_SHAPE_REPRESENTATION('',(#11,#4973),#4985);
#4973 = MANIFOLD_SOLID_BREP('',#4974);
#4974 = CLOSED_SHELL('',(#4975));
#4975 = ADVANCED_FACE('',(#4976),#4980,.T.);
#4976 = FACE_BOUND('',#4977,.T.);
#4977 = VERTEX_LOOP('',#4978);
#4978 = VERTEX_POINT('',#4979);
#4979 = CARTESIAN_POINT('',(8.266365894245E-18,-2.024675706594E-33,
    -0.135));
#4980 = SPHERICAL_SURFACE('',#4981,0.135);
#4981 = AXIS2_PLACEMENT_3D('',#4982,#4983,#4984);
#4982 = CARTESIAN_POINT('',(0.,0.,0.));
#4983 = DIRECTION('',(0.,0.,1.));
#4984 = DIRECTION('',(1.,0.,-0.));
#4985 = ( GEOMETRIC_REPRESENTATION_CONTEXT(3) 
GLOBAL_UNCERTAINTY_ASSIGNED_CONTEXT((#4989)) 
GLOBAL_UNIT_ASSIGNED_CONTEXT((#4986,#4987,#4988)) REPRESENTATION_CONTEXT
('Context #1','3D Context with UNIT and UNCERTAINTY') );
#4986 = ( LENGTH_UNIT() NAMED_UNIT(*) SI_UNIT(.MILLI.,.METRE.) );
#4987 = ( NAMED_UNIT(*) PLANE_ANGLE_UNIT() SI_UNIT($,.RADIAN.) );
#4988 = ( NAMED_UNIT(*) SI_UNIT($,.STERADIAN.) SOLID_ANGLE_UNIT() );
#4989 = UNCERTAINTY_MEASURE_WITH_UNIT(LENGTH_MEASURE(1.E-07),#4986,
  'distance_accuracy_value','confusion accuracy');
#4990 = SHAPE_DEFINITION_REPRESENTATION(#4991,#4972);
#4991 = PRODUCT_DEFINITION_SHAPE('','',#4992);
#4992 = PRODUCT_DEFINITION('design','',#4993,#4996);
#4993 = PRODUCT_DEFINITION_FORMATION('','',#4994);
#4994 = PRODUCT('N11','N11','',(#4995));
#4995 = PRODUCT_CONTEXT('',#2,'mechanical');
#4996 = PRODUCT_DEFINITION_CONTEXT('part definition',#2,'design');
#4997 = CONTEXT_DEPENDENT_SHAPE_REPRESENTATION(#4998,#5000);
#4998 = ( REPRESENTATION_RELATIONSHIP('','',#4972,#10) 
REPRESENTATION_RELATIONSHIP_WITH_TRANSFORMATION(#4999) 
SHAPE_REPRESENTATION_RELATIONSHIP() );
#4999 = ITEM_DEFINED_TRANSFORMATION('','',#11,#579);
#5000 = PRODUCT_DEFINITION_SHAPE('Placement','Placement of an item',
  #5001);
#5001 = NEXT_ASSEMBLY_USAGE_OCCURRENCE('142','=>[0:1:1:143]','',#5,#4992
  ,$);
#5002 = PRODUCT_RELATED_PRODUCT_CATEGORY('part',$,(#4994));
#5003 = ADVANCED_BREP_SHAPE_REPRESENTATION('',(#11,#5004),#5016);
#5004 = MANIFOLD_SOLID_BREP('',#5005);
#5005 = CLOSED_SHELL('',(#5006));
#5006 = ADVANCED_FACE('',(#5007),#5011,.T.);
#5007 = FACE_BOUND('',#5008,.T.);
#5008 = VERTEX_LOOP('',#5009);
#5009 = VERTEX_POINT('',#5010);
#5010 = CARTESIAN_POINT('',(8.266365894245E-18,-2.024675706594E-33,
    -0.135));
#5011 = SPHERICAL_SURFACE('',#5012,0.135);
#5012 = AXIS2_PLACEMENT_3D('',#5013,#5014,#5015);
#5013 = CARTESIAN_POINT('',(0.,0.,0.));
#5014 = DIRECTION('',(0.,0.,1.));
#5015 = DIRECTION('',(1.,0.,-0.));
#5016 = ( GEOMETRIC_REPRESENTATION_CONTEXT(3) 
GLOBAL_UNCERTAINTY_ASSIGNED_CONTEXT((#5020)) 
GLOBAL_UNIT_ASSIGNED_CONTEXT((#5017,#5018,#5019)) REPRESENTATION_CONTEXT
('Context #1','3D Context with UNIT and UNCERTAINTY') );
#5017 = ( LENGTH_UNIT() NAMED_UNIT(*) SI_UNIT(.MILLI.,.METRE.) );
#5018 = ( NAMED_UNIT(*) PLANE_ANGLE_UNIT() SI_UNIT($,.RADIAN.) );
#5019 = ( NAMED_UNIT(*) SI_UNIT($,.STERADIAN.) SOLID_ANGLE_UNIT() );
#5020 = UNCERTAINTY_MEASURE_WITH_UNIT(LENGTH_MEASURE(1.E-07),#5017,
  'distance_accuracy_value','confusion accuracy');
#5021 = SHAPE_DEFINITION_REPRESENTATION(#5022,#5003);
#5022 = PRODUCT_DEFINITION_SHAPE('','',#5023);
#5023 = PRODUCT_DEFINITION('design','',#5024,#5027);
#5024 = PRODUCT_DEFINITION_FORMATION('','',#5025);
#5025 = PRODUCT('N12','N12','',(#5026));
#5026 = PRODUCT_CONTEXT('',#2,'mechanical');
#5027 = PRODUCT_DEFINITION_CONTEXT('part definition',#2,'design');
#5028 = CONTEXT_DEPENDENT_SHAPE_REPRESENTATION(#5029,#5031);
#5029 = ( REPRESENTATION_RELATIONSHIP('','',#5003,#10) 
REPRESENTATION_RELATIONSHIP_WITH_TRANSFORMATION(#5030) 
SHAPE_REPRESENTATION_RELATIONSHIP() );
#5030 = ITEM_DEFINED_TRANSFORMATION('','',#11,#583);
#5031 = PRODUCT_DEFINITION_SHAPE('Placement','Placement of an item',
  #5032);
#5032 = NEXT_ASSEMBLY_USAGE_OCCURRENCE('143','=>[0:1:1:144]','',#5,#5023
  ,$);
#5033 = PRODUCT_RELATED_PRODUCT_CATEGORY('part',$,(#5025));
#5034 = ADVANCED_BREP_SHAPE_REPRESENTATION('',(#11,#5035),#5047);
#5035 = MANIFOLD_SOLID_BREP('',#5036);
#5036 = CLOSED_SHELL('',(#5037));
#5037 = ADVANCED_FACE('',(#5038),#5042,.T.);
#5038 = FACE_BOUND('',#5039,.T.);
#5039 = VERTEX_LOOP('',#5040);
#5040 = VERTEX_POINT('',#5041);
#5041 = CARTESIAN_POINT('',(8.266365894245E-18,-2.024675706594E-33,
    -0.135));
#5042 = SPHERICAL_SURFACE('',#5043,0.135);
#5043 = AXIS2_PLACEMENT_3D('',#5044,#5045,#5046);
#5044 = CARTESIAN_POINT('',(0.,0.,0.));
#5045 = DIRECTION('',(0.,0.,1.));
#5046 = DIRECTION('',(1.,0.,-0.));
#5047 = ( GEOMETRIC_REPRESENTATION_CONTEXT(3) 
GLOBAL_UNCERTAINTY_ASSIGNED_CONTEXT((#5051)) 
GLOBAL_UNIT_ASSIGNED_CONTEXT((#5048,#5049,#5050)) REPRESENTATION_CONTEXT
('Context #1','3D Context with UNIT and UNCERTAINTY') );
#5048 = ( LENGTH_UNIT() NAMED_UNIT(*) SI_UNIT(.MILLI.,.METRE.) );
#5049 = ( NAMED_UNIT(*) PLANE_ANGLE_UNIT() SI_UNIT($,.RADIAN.) );
#5050 = ( NAMED_UNIT(*) SI_UNIT($,.STERADIAN.) SOLID_ANGLE_UNIT() );
#5051 = UNCERTAINTY_MEASURE_WITH_UNIT(LENGTH_MEASURE(1.E-07),#5048,
  'distance_accuracy_value','confusion accuracy');
#5052 = SHAPE_DEFINITION_REPRESENTATION(#5053,#5034);
#5053 = PRODUCT_DEFINITION_SHAPE('','',#5054);
#5054 = PRODUCT_DEFINITION('design','',#5055,#5058);
#5055 = PRODUCT_DEFINITION_FORMATION('','',#5056);
#5056 = PRODUCT('N13','N13','',(#5057));
#5057 = PRODUCT_CONTEXT('',#2,'mechanical');
#5058 = PRODUCT_DEFINITION_CONTEXT('part definition',#2,'design');
#5059 = CONTEXT_DEPENDENT_SHAPE_REPRESENTATION(#5060,#5062);
#5060 = ( REPRESENTATION_RELATIONSHIP('','',#5034,#10) 
REPRESENTATION_RELATIONSHIP_WITH_TRANSFORMATION(#5061) 
SHAPE_REPRESENTATION_RELATIONSHIP() );
#5061 = ITEM_DEFINED_TRANSFORMATION('','',#11,#587);
#5062 = PRODUCT_DEFINITION_SHAPE('Placement','Placement of an item',
  #5063);
#5063 = NEXT_ASSEMBLY_USAGE_OCCURRENCE('144','=>[0:1:1:145]','',#5,#5054
  ,$);
#5064 = PRODUCT_RELATED_PRODUCT_CATEGORY('part',$,(#5056));
#5065 = ADVANCED_BREP_SHAPE_REPRESENTATION('',(#11,#5066),#5486);
#5066 = MANIFOLD_SOLID_BREP('',#5067);
#5067 = CLOSED_SHELL('',(#5068,#5188,#5264,#5344,#5393,#5420,#5427,#5482
    ));
#5068 = ADVANCED_FACE('',(#5069),#5083,.F.);
#5069 = FACE_BOUND('',#5070,.F.);
#5070 = EDGE_LOOP('',(#5071,#5106,#5134,#5162));
#5071 = ORIENTED_EDGE('',*,*,#5072,.F.);
#5072 = EDGE_CURVE('',#5073,#5075,#5077,.T.);
#5073 = VERTEX_POINT('',#5074);
#5074 = CARTESIAN_POINT('',(-3.5,-3.5,0.27));
#5075 = VERTEX_POINT('',#5076);
#5076 = CARTESIAN_POINT('',(-3.5,-3.5,1.29));
#5077 = SURFACE_CURVE('',#5078,(#5082,#5094),.PCURVE_S1.);
#5078 = LINE('',#5079,#5080);
#5079 = CARTESIAN_POINT('',(-3.5,-3.5,0.27));
#5080 = VECTOR('',#5081,1.);
#5081 = DIRECTION('',(0.,0.,1.));
#5082 = PCURVE('',#5083,#5088);
#5083 = PLANE('',#5084);
#5084 = AXIS2_PLACEMENT_3D('',#5085,#5086,#5087);
#5085 = CARTESIAN_POINT('',(-3.5,-3.5,0.27));
#5086 = DIRECTION('',(1.,0.,0.));
#5087 = DIRECTION('',(0.,0.,1.));
#5088 = DEFINITIONAL_REPRESENTATION('',(#5089),#5093);
#5089 = LINE('',#5090,#5091);
#5090 = CARTESIAN_POINT('',(0.,0.));
#5091 = VECTOR('',#5092,1.);
#5092 = DIRECTION('',(1.,0.));
#5093 = ( GEOMETRIC_REPRESENTATION_CONTEXT(2) 
PARAMETRIC_REPRESENTATION_CONTEXT() REPRESENTATION_CONTEXT('2D SPACE',''
  ) );
#5094 = PCURVE('',#5095,#5100);
#5095 = PLANE('',#5096);
#5096 = AXIS2_PLACEMENT_3D('',#5097,#5098,#5099);
#5097 = CARTESIAN_POINT('',(-3.5,-3.5,0.27));
#5098 = DIRECTION('',(0.,1.,0.));
#5099 = DIRECTION('',(0.,0.,1.));
#5100 = DEFINITIONAL_REPRESENTATION('',(#5101),#5105);
#5101 = LINE('',#5102,#5103);
#5102 = CARTESIAN_POINT('',(0.,0.));
#5103 = VECTOR('',#5104,1.);
#5104 = DIRECTION('',(1.,0.));
#5105 = ( GEOMETRIC_REPRESENTATION_CONTEXT(2) 
PARAMETRIC_REPRESENTATION_CONTEXT() REPRESENTATION_CONTEXT('2D SPACE',''
  ) );
#5106 = ORIENTED_EDGE('',*,*,#5107,.T.);
#5107 = EDGE_CURVE('',#5073,#5108,#5110,.T.);
#5108 = VERTEX_POINT('',#5109);
#5109 = CARTESIAN_POINT('',(-3.5,3.5,0.27));
#5110 = SURFACE_CURVE('',#5111,(#5115,#5122),.PCURVE_S1.);
#5111 = LINE('',#5112,#5113);
#5112 = CARTESIAN_POINT('',(-3.5,-3.5,0.27));
#5113 = VECTOR('',#5114,1.);
#5114 = DIRECTION('',(0.,1.,0.));
#5115 = PCURVE('',#5083,#5116);
#5116 = DEFINITIONAL_REPRESENTATION('',(#5117),#5121);
#5117 = LINE('',#5118,#5119);
#5118 = CARTESIAN_POINT('',(0.,0.));
#5119 = VECTOR('',#5120,1.);
#5120 = DIRECTION('',(0.,-1.));
#5121 = ( GEOMETRIC_REPRESENTATION_CONTEXT(2) 
PARAMETRIC_REPRESENTATION_CONTEXT() REPRESENTATION_CONTEXT('2D SPACE',''
  ) );
#5122 = PCURVE('',#5123,#5128);
#5123 = PLANE('',#5124);
#5124 = AXIS2_PLACEMENT_3D('',#5125,#5126,#5127);
#5125 = CARTESIAN_POINT('',(-3.5,-3.5,0.27));
#5126 = DIRECTION('',(0.,0.,1.));
#5127 = DIRECTION('',(1.,0.,0.));
#5128 = DEFINITIONAL_REPRESENTATION('',(#5129),#5133);
#5129 = LINE('',#5130,#5131);
#5130 = CARTESIAN_POINT('',(0.,0.));
#5131 = VECTOR('',#5132,1.);
#5132 = DIRECTION('',(0.,1.));
#5133 = ( GEOMETRIC_REPRESENTATION_CONTEXT(2) 
PARAMETRIC_REPRESENTATION_CONTEXT() REPRESENTATION_CONTEXT('2D SPACE',''
  ) );
#5134 = ORIENTED_EDGE('',*,*,#5135,.T.);
#5135 = EDGE_CURVE('',#5108,#5136,#5138,.T.);
#5136 = VERTEX_POINT('',#5137);
#5137 = CARTESIAN_POINT('',(-3.5,3.5,1.29));
#5138 = SURFACE_CURVE('',#5139,(#5143,#5150),.PCURVE_S1.);
#5139 = LINE('',#5140,#5141);
#5140 = CARTESIAN_POINT('',(-3.5,3.5,0.27));
#5141 = VECTOR('',#5142,1.);
#5142 = DIRECTION('',(0.,0.,1.));
#5143 = PCURVE('',#5083,#5144);
#5144 = DEFINITIONAL_REPRESENTATION('',(#5145),#5149);
#5145 = LINE('',#5146,#5147);
#5146 = CARTESIAN_POINT('',(0.,-7.));
#5147 = VECTOR('',#5148,1.);
#5148 = DIRECTION('',(1.,0.));
#5149 = ( GEOMETRIC_REPRESENTATION_CONTEXT(2) 
PARAMETRIC_REPRESENTATION_CONTEXT() REPRESENTATION_CONTEXT('2D SPACE',''
  ) );
#5150 = PCURVE('',#5151,#5156);
#5151 = PLANE('',#5152);
#5152 = AXIS2_PLACEMENT_3D('',#5153,#5154,#5155);
#5153 = CARTESIAN_POINT('',(-3.5,3.5,0.27));
#5154 = DIRECTION('',(0.,1.,0.));
#5155 = DIRECTION('',(0.,0.,1.));
#5156 = DEFINITIONAL_REPRESENTATION('',(#5157),#5161);
#5157 = LINE('',#5158,#5159);
#5158 = CARTESIAN_POINT('',(0.,0.));
#5159 = VECTOR('',#5160,1.);
#5160 = DIRECTION('',(1.,0.));
#5161 = ( GEOMETRIC_REPRESENTATION_CONTEXT(2) 
PARAMETRIC_REPRESENTATION_CONTEXT() REPRESENTATION_CONTEXT('2D SPACE',''
  ) );
#5162 = ORIENTED_EDGE('',*,*,#5163,.F.);
#5163 = EDGE_CURVE('',#5075,#5136,#5164,.T.);
#5164 = SURFACE_CURVE('',#5165,(#5169,#5176),.PCURVE_S1.);
#5165 = LINE('',#5166,#5167);
#5166 = CARTESIAN_POINT('',(-3.5,-3.5,1.29));
#5167 = VECTOR('',#5168,1.);
#5168 = DIRECTION('',(0.,1.,0.));
#5169 = PCURVE('',#5083,#5170);
#5170 = DEFINITIONAL_REPRESENTATION('',(#5171),#5175);
#5171 = LINE('',#5172,#5173);
#5172 = CARTESIAN_POINT('',(1.02,0.));
#5173 = VECTOR('',#5174,1.);
#5174 = DIRECTION('',(0.,-1.));
#5175 = ( GEOMETRIC_REPRESENTATION_CONTEXT(2) 
PARAMETRIC_REPRESENTATION_CONTEXT() REPRESENTATION_CONTEXT('2D SPACE',''
  ) );
#5176 = PCURVE('',#5177,#5182);
#5177 = PLANE('',#5178);
#5178 = AXIS2_PLACEMENT_3D('',#5179,#5180,#5181);
#5179 = CARTESIAN_POINT('',(-3.5,-3.5,1.29));
#5180 = DIRECTION('',(0.,0.,1.));
#5181 = DIRECTION('',(1.,0.,0.));
#5182 = DEFINITIONAL_REPRESENTATION('',(#5183),#5187);
#5183 = LINE('',#5184,#5185);
#5184 = CARTESIAN_POINT('',(0.,0.));
#5185 = VECTOR('',#5186,1.);
#5186 = DIRECTION('',(0.,1.));
#5187 = ( GEOMETRIC_REPRESENTATION_CONTEXT(2) 
PARAMETRIC_REPRESENTATION_CONTEXT() REPRESENTATION_CONTEXT('2D SPACE',''
  ) );
#5188 = ADVANCED_FACE('',(#5189),#5095,.F.);
#5189 = FACE_BOUND('',#5190,.F.);
#5190 = EDGE_LOOP('',(#5191,#5214,#5215,#5238));
#5191 = ORIENTED_EDGE('',*,*,#5192,.F.);
#5192 = EDGE_CURVE('',#5073,#5193,#5195,.T.);
#5193 = VERTEX_POINT('',#5194);
#5194 = CARTESIAN_POINT('',(3.5,-3.5,0.27));
#5195 = SURFACE_CURVE('',#5196,(#5200,#5207),.PCURVE_S1.);
#5196 = LINE('',#5197,#5198);
#5197 = CARTESIAN_POINT('',(-3.5,-3.5,0.27));
#5198 = VECTOR('',#5199,1.);
#5199 = DIRECTION('',(1.,0.,0.));
#5200 = PCURVE('',#5095,#5201);
#5201 = DEFINITIONAL_REPRESENTATION('',(#5202),#5206);
#5202 = LINE('',#5203,#5204);
#5203 = CARTESIAN_POINT('',(0.,0.));
#5204 = VECTOR('',#5205,1.);
#5205 = DIRECTION('',(0.,1.));
#5206 = ( GEOMETRIC_REPRESENTATION_CONTEXT(2) 
PARAMETRIC_REPRESENTATION_CONTEXT() REPRESENTATION_CONTEXT('2D SPACE',''
  ) );
#5207 = PCURVE('',#5123,#5208);
#5208 = DEFINITIONAL_REPRESENTATION('',(#5209),#5213);
#5209 = LINE('',#5210,#5211);
#5210 = CARTESIAN_POINT('',(0.,0.));
#5211 = VECTOR('',#5212,1.);
#5212 = DIRECTION('',(1.,0.));
#5213 = ( GEOMETRIC_REPRESENTATION_CONTEXT(2) 
PARAMETRIC_REPRESENTATION_CONTEXT() REPRESENTATION_CONTEXT('2D SPACE',''
  ) );
#5214 = ORIENTED_EDGE('',*,*,#5072,.T.);
#5215 = ORIENTED_EDGE('',*,*,#5216,.T.);
#5216 = EDGE_CURVE('',#5075,#5217,#5219,.T.);
#5217 = VERTEX_POINT('',#5218);
#5218 = CARTESIAN_POINT('',(3.5,-3.5,1.29));
#5219 = SURFACE_CURVE('',#5220,(#5224,#5231),.PCURVE_S1.);
#5220 = LINE('',#5221,#5222);
#5221 = CARTESIAN_POINT('',(-3.5,-3.5,1.29));
#5222 = VECTOR('',#5223,1.);
#5223 = DIRECTION('',(1.,0.,0.));
#5224 = PCURVE('',#5095,#5225);
#5225 = DEFINITIONAL_REPRESENTATION('',(#5226),#5230);
#5226 = LINE('',#5227,#5228);
#5227 = CARTESIAN_POINT('',(1.02,0.));
#5228 = VECTOR('',#5229,1.);
#5229 = DIRECTION('',(0.,1.));
#5230 = ( GEOMETRIC_REPRESENTATION_CONTEXT(2) 
PARAMETRIC_REPRESENTATION_CONTEXT() REPRESENTATION_CONTEXT('2D SPACE',''
  ) );
#5231 = PCURVE('',#5177,#5232);
#5232 = DEFINITIONAL_REPRESENTATION('',(#5233),#5237);
#5233 = LINE('',#5234,#5235);
#5234 = CARTESIAN_POINT('',(0.,0.));
#5235 = VECTOR('',#5236,1.);
#5236 = DIRECTION('',(1.,0.));
#5237 = ( GEOMETRIC_REPRESENTATION_CONTEXT(2) 
PARAMETRIC_REPRESENTATION_CONTEXT() REPRESENTATION_CONTEXT('2D SPACE',''
  ) );
#5238 = ORIENTED_EDGE('',*,*,#5239,.F.);
#5239 = EDGE_CURVE('',#5193,#5217,#5240,.T.);
#5240 = SURFACE_CURVE('',#5241,(#5245,#5252),.PCURVE_S1.);
#5241 = LINE('',#5242,#5243);
#5242 = CARTESIAN_POINT('',(3.5,-3.5,0.27));
#5243 = VECTOR('',#5244,1.);
#5244 = DIRECTION('',(0.,0.,1.));
#5245 = PCURVE('',#5095,#5246);
#5246 = DEFINITIONAL_REPRESENTATION('',(#5247),#5251);
#5247 = LINE('',#5248,#5249);
#5248 = CARTESIAN_POINT('',(0.,7.));
#5249 = VECTOR('',#5250,1.);
#5250 = DIRECTION('',(1.,0.));
#5251 = ( GEOMETRIC_REPRESENTATION_CONTEXT(2) 
PARAMETRIC_REPRESENTATION_CONTEXT() REPRESENTATION_CONTEXT('2D SPACE',''
  ) );
#5252 = PCURVE('',#5253,#5258);
#5253 = PLANE('',#5254);
#5254 = AXIS2_PLACEMENT_3D('',#5255,#5256,#5257);
#5255 = CARTESIAN_POINT('',(3.5,-3.5,0.27));
#5256 = DIRECTION('',(1.,0.,0.));
#5257 = DIRECTION('',(0.,0.,1.));
#5258 = DEFINITIONAL_REPRESENTATION('',(#5259),#5263);
#5259 = LINE('',#5260,#5261);
#5260 = CARTESIAN_POINT('',(0.,0.));
#5261 = VECTOR('',#5262,1.);
#5262 = DIRECTION('',(1.,0.));
#5263 = ( GEOMETRIC_REPRESENTATION_CONTEXT(2) 
PARAMETRIC_REPRESENTATION_CONTEXT() REPRESENTATION_CONTEXT('2D SPACE',''
  ) );
#5264 = ADVANCED_FACE('',(#5265,#5313),#5177,.T.);
#5265 = FACE_BOUND('',#5266,.T.);
#5266 = EDGE_LOOP('',(#5267,#5268,#5269,#5292));
#5267 = ORIENTED_EDGE('',*,*,#5163,.F.);
#5268 = ORIENTED_EDGE('',*,*,#5216,.T.);
#5269 = ORIENTED_EDGE('',*,*,#5270,.T.);
#5270 = EDGE_CURVE('',#5217,#5271,#5273,.T.);
#5271 = VERTEX_POINT('',#5272);
#5272 = CARTESIAN_POINT('',(3.5,3.5,1.29));
#5273 = SURFACE_CURVE('',#5274,(#5278,#5285),.PCURVE_S1.);
#5274 = LINE('',#5275,#5276);
#5275 = CARTESIAN_POINT('',(3.5,-3.5,1.29));
#5276 = VECTOR('',#5277,1.);
#5277 = DIRECTION('',(0.,1.,0.));
#5278 = PCURVE('',#5177,#5279);
#5279 = DEFINITIONAL_REPRESENTATION('',(#5280),#5284);
#5280 = LINE('',#5281,#5282);
#5281 = CARTESIAN_POINT('',(7.,0.));
#5282 = VECTOR('',#5283,1.);
#5283 = DIRECTION('',(0.,1.));
#5284 = ( GEOMETRIC_REPRESENTATION_CONTEXT(2) 
PARAMETRIC_REPRESENTATION_CONTEXT() REPRESENTATION_CONTEXT('2D SPACE',''
  ) );
#5285 = PCURVE('',#5253,#5286);
#5286 = DEFINITIONAL_REPRESENTATION('',(#5287),#5291);
#5287 = LINE('',#5288,#5289);
#5288 = CARTESIAN_POINT('',(1.02,0.));
#5289 = VECTOR('',#5290,1.);
#5290 = DIRECTION('',(0.,-1.));
#5291 = ( GEOMETRIC_REPRESENTATION_CONTEXT(2) 
PARAMETRIC_REPRESENTATION_CONTEXT() REPRESENTATION_CONTEXT('2D SPACE',''
  ) );
#5292 = ORIENTED_EDGE('',*,*,#5293,.F.);
#5293 = EDGE_CURVE('',#5136,#5271,#5294,.T.);
#5294 = SURFACE_CURVE('',#5295,(#5299,#5306),.PCURVE_S1.);
#5295 = LINE('',#5296,#5297);
#5296 = CARTESIAN_POINT('',(-3.5,3.5,1.29));
#5297 = VECTOR('',#5298,1.);
#5298 = DIRECTION('',(1.,0.,0.));
#5299 = PCURVE('',#5177,#5300);
#5300 = DEFINITIONAL_REPRESENTATION('',(#5301),#5305);
#5301 = LINE('',#5302,#5303);
#5302 = CARTESIAN_POINT('',(0.,7.));
#5303 = VECTOR('',#5304,1.);
#5304 = DIRECTION('',(1.,0.));
#5305 = ( GEOMETRIC_REPRESENTATION_CONTEXT(2) 
PARAMETRIC_REPRESENTATION_CONTEXT() REPRESENTATION_CONTEXT('2D SPACE',''
  ) );
#5306 = PCURVE('',#5151,#5307);
#5307 = DEFINITIONAL_REPRESENTATION('',(#5308),#5312);
#5308 = LINE('',#5309,#5310);
#5309 = CARTESIAN_POINT('',(1.02,0.));
#5310 = VECTOR('',#5311,1.);
#5311 = DIRECTION('',(0.,1.));
#5312 = ( GEOMETRIC_REPRESENTATION_CONTEXT(2) 
PARAMETRIC_REPRESENTATION_CONTEXT() REPRESENTATION_CONTEXT('2D SPACE',''
  ) );
#5313 = FACE_BOUND('',#5314,.T.);
#5314 = EDGE_LOOP('',(#5315));
#5315 = ORIENTED_EDGE('',*,*,#5316,.F.);
#5316 = EDGE_CURVE('',#5317,#5317,#5319,.T.);
#5317 = VERTEX_POINT('',#5318);
#5318 = CARTESIAN_POINT('',(-2.1875,2.625,1.29));
#5319 = SURFACE_CURVE('',#5320,(#5325,#5332),.PCURVE_S1.);
#5320 = CIRCLE('',#5321,0.4375);
#5321 = AXIS2_PLACEMENT_3D('',#5322,#5323,#5324);
#5322 = CARTESIAN_POINT('',(-2.625,2.625,1.29));
#5323 = DIRECTION('',(0.,0.,1.));
#5324 = DIRECTION('',(1.,0.,0.));
#5325 = PCURVE('',#5177,#5326);
#5326 = DEFINITIONAL_REPRESENTATION('',(#5327),#5331);
#5327 = CIRCLE('',#5328,0.4375);
#5328 = AXIS2_PLACEMENT_2D('',#5329,#5330);
#5329 = CARTESIAN_POINT('',(0.875,6.125));
#5330 = DIRECTION('',(1.,0.));
#5331 = ( GEOMETRIC_REPRESENTATION_CONTEXT(2) 
PARAMETRIC_REPRESENTATION_CONTEXT() REPRESENTATION_CONTEXT('2D SPACE',''
  ) );
#5332 = PCURVE('',#5333,#5338);
#5333 = CYLINDRICAL_SURFACE('',#5334,0.4375);
#5334 = AXIS2_PLACEMENT_3D('',#5335,#5336,#5337);
#5335 = CARTESIAN_POINT('',(-2.625,2.625,1.161));
#5336 = DIRECTION('',(0.,0.,1.));
#5337 = DIRECTION('',(1.,0.,0.));
#5338 = DEFINITIONAL_REPRESENTATION('',(#5339),#5343);
#5339 = LINE('',#5340,#5341);
#5340 = CARTESIAN_POINT('',(0.,0.129));
#5341 = VECTOR('',#5342,1.);
#5342 = DIRECTION('',(1.,0.));
#5343 = ( GEOMETRIC_REPRESENTATION_CONTEXT(2) 
PARAMETRIC_REPRESENTATION_CONTEXT() REPRESENTATION_CONTEXT('2D SPACE',''
  ) );
#5344 = ADVANCED_FACE('',(#5345),#5151,.T.);
#5345 = FACE_BOUND('',#5346,.T.);
#5346 = EDGE_LOOP('',(#5347,#5370,#5371,#5372));
#5347 = ORIENTED_EDGE('',*,*,#5348,.F.);
#5348 = EDGE_CURVE('',#5108,#5349,#5351,.T.);
#5349 = VERTEX_POINT('',#5350);
#5350 = CARTESIAN_POINT('',(3.5,3.5,0.27));
#5351 = SURFACE_CURVE('',#5352,(#5356,#5363),.PCURVE_S1.);
#5352 = LINE('',#5353,#5354);
#5353 = CARTESIAN_POINT('',(-3.5,3.5,0.27));
#5354 = VECTOR('',#5355,1.);
#5355 = DIRECTION('',(1.,0.,0.));
#5356 = PCURVE('',#5151,#5357);
#5357 = DEFINITIONAL_REPRESENTATION('',(#5358),#5362);
#5358 = LINE('',#5359,#5360);
#5359 = CARTESIAN_POINT('',(0.,0.));
#5360 = VECTOR('',#5361,1.);
#5361 = DIRECTION('',(0.,1.));
#5362 = ( GEOMETRIC_REPRESENTATION_CONTEXT(2) 
PARAMETRIC_REPRESENTATION_CONTEXT() REPRESENTATION_CONTEXT('2D SPACE',''
  ) );
#5363 = PCURVE('',#5123,#5364);
#5364 = DEFINITIONAL_REPRESENTATION('',(#5365),#5369);
#5365 = LINE('',#5366,#5367);
#5366 = CARTESIAN_POINT('',(0.,7.));
#5367 = VECTOR('',#5368,1.);
#5368 = DIRECTION('',(1.,0.));
#5369 = ( GEOMETRIC_REPRESENTATION_CONTEXT(2) 
PARAMETRIC_REPRESENTATION_CONTEXT() REPRESENTATION_CONTEXT('2D SPACE',''
  ) );
#5370 = ORIENTED_EDGE('',*,*,#5135,.T.);
#5371 = ORIENTED_EDGE('',*,*,#5293,.T.);
#5372 = ORIENTED_EDGE('',*,*,#5373,.F.);
#5373 = EDGE_CURVE('',#5349,#5271,#5374,.T.);
#5374 = SURFACE_CURVE('',#5375,(#5379,#5386),.PCURVE_S1.);
#5375 = LINE('',#5376,#5377);
#5376 = CARTESIAN_POINT('',(3.5,3.5,0.27));
#5377 = VECTOR('',#5378,1.);
#5378 = DIRECTION('',(0.,0.,1.));
#5379 = PCURVE('',#5151,#5380);
#5380 = DEFINITIONAL_REPRESENTATION('',(#5381),#5385);
#5381 = LINE('',#5382,#5383);
#5382 = CARTESIAN_POINT('',(0.,7.));
#5383 = VECTOR('',#5384,1.);
#5384 = DIRECTION('',(1.,0.));
#5385 = ( GEOMETRIC_REPRESENTATION_CONTEXT(2) 
PARAMETRIC_REPRESENTATION_CONTEXT() REPRESENTATION_CONTEXT('2D SPACE',''
  ) );
#5386 = PCURVE('',#5253,#5387);
#5387 = DEFINITIONAL_REPRESENTATION('',(#5388),#5392);
#5388 = LINE('',#5389,#5390);
#5389 = CARTESIAN_POINT('',(0.,-7.));
#5390 = VECTOR('',#5391,1.);
#5391 = DIRECTION('',(1.,0.));
#5392 = ( GEOMETRIC_REPRESENTATION_CONTEXT(2) 
PARAMETRIC_REPRESENTATION_CONTEXT() REPRESENTATION_CONTEXT('2D SPACE',''
  ) );
#5393 = ADVANCED_FACE('',(#5394),#5123,.F.);
#5394 = FACE_BOUND('',#5395,.F.);
#5395 = EDGE_LOOP('',(#5396,#5397,#5398,#5419));
#5396 = ORIENTED_EDGE('',*,*,#5107,.F.);
#5397 = ORIENTED_EDGE('',*,*,#5192,.T.);
#5398 = ORIENTED_EDGE('',*,*,#5399,.T.);
#5399 = EDGE_CURVE('',#5193,#5349,#5400,.T.);
#5400 = SURFACE_CURVE('',#5401,(#5405,#5412),.PCURVE_S1.);
#5401 = LINE('',#5402,#5403);
#5402 = CARTESIAN_POINT('',(3.5,-3.5,0.27));
#5403 = VECTOR('',#5404,1.);
#5404 = DIRECTION('',(0.,1.,0.));
#5405 = PCURVE('',#5123,#5406);
#5406 = DEFINITIONAL_REPRESENTATION('',(#5407),#5411);
#5407 = LINE('',#5408,#5409);
#5408 = CARTESIAN_POINT('',(7.,0.));
#5409 = VECTOR('',#5410,1.);
#5410 = DIRECTION('',(0.,1.));
#5411 = ( GEOMETRIC_REPRESENTATION_CONTEXT(2) 
PARAMETRIC_REPRESENTATION_CONTEXT() REPRESENTATION_CONTEXT('2D SPACE',''
  ) );
#5412 = PCURVE('',#5253,#5413);
#5413 = DEFINITIONAL_REPRESENTATION('',(#5414),#5418);
#5414 = LINE('',#5415,#5416);
#5415 = CARTESIAN_POINT('',(0.,0.));
#5416 = VECTOR('',#5417,1.);
#5417 = DIRECTION('',(0.,-1.));
#5418 = ( GEOMETRIC_REPRESENTATION_CONTEXT(2) 
PARAMETRIC_REPRESENTATION_CONTEXT() REPRESENTATION_CONTEXT('2D SPACE',''
  ) );
#5419 = ORIENTED_EDGE('',*,*,#5348,.F.);
#5420 = ADVANCED_FACE('',(#5421),#5253,.T.);
#5421 = FACE_BOUND('',#5422,.T.);
#5422 = EDGE_LOOP('',(#5423,#5424,#5425,#5426));
#5423 = ORIENTED_EDGE('',*,*,#5239,.F.);
#5424 = ORIENTED_EDGE('',*,*,#5399,.T.);
#5425 = ORIENTED_EDGE('',*,*,#5373,.T.);
#5426 = ORIENTED_EDGE('',*,*,#5270,.F.);
#5427 = ADVANCED_FACE('',(#5428),#5333,.F.);
#5428 = FACE_BOUND('',#5429,.F.);
#5429 = EDGE_LOOP('',(#5430,#5453,#5454,#5455));
#5430 = ORIENTED_EDGE('',*,*,#5431,.T.);
#5431 = EDGE_CURVE('',#5432,#5317,#5434,.T.);
#5432 = VERTEX_POINT('',#5433);
#5433 = CARTESIAN_POINT('',(-2.1875,2.625,1.161));
#5434 = SEAM_CURVE('',#5435,(#5439,#5446),.PCURVE_S1.);
#5435 = LINE('',#5436,#5437);
#5436 = CARTESIAN_POINT('',(-2.1875,2.625,1.161));
#5437 = VECTOR('',#5438,1.);
#5438 = DIRECTION('',(0.,0.,1.));
#5439 = PCURVE('',#5333,#5440);
#5440 = DEFINITIONAL_REPRESENTATION('',(#5441),#5445);
#5441 = LINE('',#5442,#5443);
#5442 = CARTESIAN_POINT('',(6.28318530718,-0.));
#5443 = VECTOR('',#5444,1.);
#5444 = DIRECTION('',(0.,1.));
#5445 = ( GEOMETRIC_REPRESENTATION_CONTEXT(2) 
PARAMETRIC_REPRESENTATION_CONTEXT() REPRESENTATION_CONTEXT('2D SPACE',''
  ) );
#5446 = PCURVE('',#5333,#5447);
#5447 = DEFINITIONAL_REPRESENTATION('',(#5448),#5452);
#5448 = LINE('',#5449,#5450);
#5449 = CARTESIAN_POINT('',(0.,-0.));
#5450 = VECTOR('',#5451,1.);
#5451 = DIRECTION('',(0.,1.));
#5452 = ( GEOMETRIC_REPRESENTATION_CONTEXT(2) 
PARAMETRIC_REPRESENTATION_CONTEXT() REPRESENTATION_CONTEXT('2D SPACE',''
  ) );
#5453 = ORIENTED_EDGE('',*,*,#5316,.F.);
#5454 = ORIENTED_EDGE('',*,*,#5431,.F.);
#5455 = ORIENTED_EDGE('',*,*,#5456,.T.);
#5456 = EDGE_CURVE('',#5432,#5432,#5457,.T.);
#5457 = SURFACE_CURVE('',#5458,(#5463,#5470),.PCURVE_S1.);
#5458 = CIRCLE('',#5459,0.4375);
#5459 = AXIS2_PLACEMENT_3D('',#5460,#5461,#5462);
#5460 = CARTESIAN_POINT('',(-2.625,2.625,1.161));
#5461 = DIRECTION('',(0.,0.,1.));
#5462 = DIRECTION('',(1.,0.,0.));
#5463 = PCURVE('',#5333,#5464);
#5464 = DEFINITIONAL_REPRESENTATION('',(#5465),#5469);
#5465 = LINE('',#5466,#5467);
#5466 = CARTESIAN_POINT('',(0.,0.));
#5467 = VECTOR('',#5468,1.);
#5468 = DIRECTION('',(1.,0.));
#5469 = ( GEOMETRIC_REPRESENTATION_CONTEXT(2) 
PARAMETRIC_REPRESENTATION_CONTEXT() REPRESENTATION_CONTEXT('2D SPACE',''
  ) );
#5470 = PCURVE('',#5471,#5476);
#5471 = PLANE('',#5472);
#5472 = AXIS2_PLACEMENT_3D('',#5473,#5474,#5475);
#5473 = CARTESIAN_POINT('',(-2.625,2.625,1.161));
#5474 = DIRECTION('',(0.,0.,1.));
#5475 = DIRECTION('',(1.,0.,0.));
#5476 = DEFINITIONAL_REPRESENTATION('',(#5477),#5481);
#5477 = CIRCLE('',#5478,0.4375);
#5478 = AXIS2_PLACEMENT_2D('',#5479,#5480);
#5479 = CARTESIAN_POINT('',(0.,0.));
#5480 = DIRECTION('',(1.,0.));
#5481 = ( GEOMETRIC_REPRESENTATION_CONTEXT(2) 
PARAMETRIC_REPRESENTATION_CONTEXT() REPRESENTATION_CONTEXT('2D SPACE',''
  ) );
#5482 = ADVANCED_FACE('',(#5483),#5471,.T.);
#5483 = FACE_BOUND('',#5484,.F.);
#5484 = EDGE_LOOP('',(#5485));
#5485 = ORIENTED_EDGE('',*,*,#5456,.F.);
#5486 = ( GEOMETRIC_REPRESENTATION_CONTEXT(3) 
GLOBAL_UNCERTAINTY_ASSIGNED_CONTEXT((#5490)) 
GLOBAL_UNIT_ASSIGNED_CONTEXT((#5487,#5488,#5489)) REPRESENTATION_CONTEXT
('Context #1','3D Context with UNIT and UNCERTAINTY') );
#5487 = ( LENGTH_UNIT() NAMED_UNIT(*) SI_UNIT(.MILLI.,.METRE.) );
#5488 = ( NAMED_UNIT(*) PLANE_ANGLE_UNIT() SI_UNIT($,.RADIAN.) );
#5489 = ( NAMED_UNIT(*) SI_UNIT($,.STERADIAN.) SOLID_ANGLE_UNIT() );
#5490 = UNCERTAINTY_MEASURE_WITH_UNIT(LENGTH_MEASURE(1.E-07),#5487,
  'distance_accuracy_value','confusion accuracy');
#5491 = SHAPE_DEFINITION_REPRESENTATION(#5492,#5065);
#5492 = PRODUCT_DEFINITION_SHAPE('','',#5493);
#5493 = PRODUCT_DEFINITION('design','',#5494,#5497);
#5494 = PRODUCT_DEFINITION_FORMATION('','',#5495);
#5495 = PRODUCT('Body','Body','',(#5496));
#5496 = PRODUCT_CONTEXT('',#2,'mechanical');
#5497 = PRODUCT_DEFINITION_CONTEXT('part definition',#2,'design');
#5498 = CONTEXT_DEPENDENT_SHAPE_REPRESENTATION(#5499,#5501);
#5499 = ( REPRESENTATION_RELATIONSHIP('','',#5065,#10) 
REPRESENTATION_RELATIONSHIP_WITH_TRANSFORMATION(#5500) 
SHAPE_REPRESENTATION_RELATIONSHIP() );
#5500 = ITEM_DEFINED_TRANSFORMATION('','',#11,#591);
#5501 = PRODUCT_DEFINITION_SHAPE('Placement','Placement of an item',
  #5502);
#5502 = NEXT_ASSEMBLY_USAGE_OCCURRENCE('145','=>[0:1:1:146]','',#5,#5493
  ,$);
#5503 = PRODUCT_RELATED_PRODUCT_CATEGORY('part',$,(#5495));
#5504 = MECHANICAL_DESIGN_GEOMETRIC_PRESENTATION_REPRESENTATION('',(
    #5505),#2629);
#5505 = STYLED_ITEM('color',(#5506),#2617);
#5506 = PRESENTATION_STYLE_ASSIGNMENT((#5507,#5513));
#5507 = SURFACE_STYLE_USAGE(.BOTH.,#5508);
#5508 = SURFACE_SIDE_STYLE('',(#5509));
#5509 = SURFACE_STYLE_FILL_AREA(#5510);
#5510 = FILL_AREA_STYLE('',(#5511));
#5511 = FILL_AREA_STYLE_COLOUR('',#5512);
#5512 = COLOUR_RGB('',0.73400002718,0.773000001907,0.79699999094);
#5513 = CURVE_STYLE('',#5514,POSITIVE_LENGTH_MEASURE(0.1),#5512);
#5514 = DRAUGHTING_PRE_DEFINED_CURVE_FONT('continuous');
#5515 = MECHANICAL_DESIGN_GEOMETRIC_PRESENTATION_REPRESENTATION('',(
    #5516),#3993);
#5516 = STYLED_ITEM('color',(#5517),#3981);
#5517 = PRESENTATION_STYLE_ASSIGNMENT((#5518,#5523));
#5518 = SURFACE_STYLE_USAGE(.BOTH.,#5519);
#5519 = SURFACE_SIDE_STYLE('',(#5520));
#5520 = SURFACE_STYLE_FILL_AREA(#5521);
#5521 = FILL_AREA_STYLE('',(#5522));
#5522 = FILL_AREA_STYLE_COLOUR('',#5512);
#5523 = CURVE_STYLE('',#5524,POSITIVE_LENGTH_MEASURE(0.1),#5512);
#5524 = DRAUGHTING_PRE_DEFINED_CURVE_FONT('continuous');
#5525 = MECHANICAL_DESIGN_GEOMETRIC_PRESENTATION_REPRESENTATION('',(
    #5526),#1699);
#5526 = STYLED_ITEM('color',(#5527),#1687);
#5527 = PRESENTATION_STYLE_ASSIGNMENT((#5528,#5533));
#5528 = SURFACE_STYLE_USAGE(.BOTH.,#5529);
#5529 = SURFACE_SIDE_STYLE('',(#5530));
#5530 = SURFACE_STYLE_FILL_AREA(#5531);
#5531 = FILL_AREA_STYLE('',(#5532));
#5532 = FILL_AREA_STYLE_COLOUR('',#5512);
#5533 = CURVE_STYLE('',#5534,POSITIVE_LENGTH_MEASURE(0.1),#5512);
#5534 = DRAUGHTING_PRE_DEFINED_CURVE_FONT('continuous');
#5535 = MECHANICAL_DESIGN_GEOMETRIC_PRESENTATION_REPRESENTATION('',(
    #5536),#3869);
#5536 = STYLED_ITEM('color',(#5537),#3857);
#5537 = PRESENTATION_STYLE_ASSIGNMENT((#5538,#5543));
#5538 = SURFACE_STYLE_USAGE(.BOTH.,#5539);
#5539 = SURFACE_SIDE_STYLE('',(#5540));
#5540 = SURFACE_STYLE_FILL_AREA(#5541);
#5541 = FILL_AREA_STYLE('',(#5542));
#5542 = FILL_AREA_STYLE_COLOUR('',#5512);
#5543 = CURVE_STYLE('',#5544,POSITIVE_LENGTH_MEASURE(0.1),#5512);
#5544 = DRAUGHTING_PRE_DEFINED_CURVE_FONT('continuous');
#5545 = MECHANICAL_DESIGN_GEOMETRIC_PRESENTATION_REPRESENTATION('',(
    #5546),#4861);
#5546 = STYLED_ITEM('color',(#5547),#4849);
#5547 = PRESENTATION_STYLE_ASSIGNMENT((#5548,#5553));
#5548 = SURFACE_STYLE_USAGE(.BOTH.,#5549);
#5549 = SURFACE_SIDE_STYLE('',(#5550));
#5550 = SURFACE_STYLE_FILL_AREA(#5551);
#5551 = FILL_AREA_STYLE('',(#5552));
#5552 = FILL_AREA_STYLE_COLOUR('',#5512);
#5553 = CURVE_STYLE('',#5554,POSITIVE_LENGTH_MEASURE(0.1),#5512);
#5554 = DRAUGHTING_PRE_DEFINED_CURVE_FONT('continuous');
#5555 = MECHANICAL_DESIGN_GEOMETRIC_PRESENTATION_REPRESENTATION('',(
    #5556),#738);
#5556 = STYLED_ITEM('color',(#5557),#726);
#5557 = PRESENTATION_STYLE_ASSIGNMENT((#5558,#5563));
#5558 = SURFACE_STYLE_USAGE(.BOTH.,#5559);
#5559 = SURFACE_SIDE_STYLE('',(#5560));
#5560 = SURFACE_STYLE_FILL_AREA(#5561);
#5561 = FILL_AREA_STYLE('',(#5562));
#5562 = FILL_AREA_STYLE_COLOUR('',#5512);
#5563 = CURVE_STYLE('',#5564,POSITIVE_LENGTH_MEASURE(0.1),#5512);
#5564 = DRAUGHTING_PRE_DEFINED_CURVE_FONT('continuous');
#5565 = MECHANICAL_DESIGN_GEOMETRIC_PRESENTATION_REPRESENTATION('',(
    #5566),#1265);
#5566 = STYLED_ITEM('color',(#5567),#1253);
#5567 = PRESENTATION_STYLE_ASSIGNMENT((#5568,#5573));
#5568 = SURFACE_STYLE_USAGE(.BOTH.,#5569);
#5569 = SURFACE_SIDE_STYLE('',(#5570));
#5570 = SURFACE_STYLE_FILL_AREA(#5571);
#5571 = FILL_AREA_STYLE('',(#5572));
#5572 = FILL_AREA_STYLE_COLOUR('',#5512);
#5573 = CURVE_STYLE('',#5574,POSITIVE_LENGTH_MEASURE(0.1),#5512);
#5574 = DRAUGHTING_PRE_DEFINED_CURVE_FONT('continuous');
#5575 = MECHANICAL_DESIGN_GEOMETRIC_PRESENTATION_REPRESENTATION('',(
    #5576),#4179);
#5576 = STYLED_ITEM('color',(#5577),#4167);
#5577 = PRESENTATION_STYLE_ASSIGNMENT((#5578,#5583));
#5578 = SURFACE_STYLE_USAGE(.BOTH.,#5579);
#5579 = SURFACE_SIDE_STYLE('',(#5580));
#5580 = SURFACE_STYLE_FILL_AREA(#5581);
#5581 = FILL_AREA_STYLE('',(#5582));
#5582 = FILL_AREA_STYLE_COLOUR('',#5512);
#5583 = CURVE_STYLE('',#5584,POSITIVE_LENGTH_MEASURE(0.1),#5512);
#5584 = DRAUGHTING_PRE_DEFINED_CURVE_FONT('continuous');
#5585 = MECHANICAL_DESIGN_GEOMETRIC_PRESENTATION_REPRESENTATION('',(
    #5586),#924);
#5586 = STYLED_ITEM('color',(#5587),#912);
#5587 = PRESENTATION_STYLE_ASSIGNMENT((#5588,#5593));
#5588 = SURFACE_STYLE_USAGE(.BOTH.,#5589);
#5589 = SURFACE_SIDE_STYLE('',(#5590));
#5590 = SURFACE_STYLE_FILL_AREA(#5591);
#5591 = FILL_AREA_STYLE('',(#5592));
#5592 = FILL_AREA_STYLE_COLOUR('',#5512);
#5593 = CURVE_STYLE('',#5594,POSITIVE_LENGTH_MEASURE(0.1),#5512);
#5594 = DRAUGHTING_PRE_DEFINED_CURVE_FONT('continuous');
#5595 = MECHANICAL_DESIGN_GEOMETRIC_PRESENTATION_REPRESENTATION('',(
    #5596),#2257);
#5596 = STYLED_ITEM('color',(#5597),#2245);
#5597 = PRESENTATION_STYLE_ASSIGNMENT((#5598,#5603));
#5598 = SURFACE_STYLE_USAGE(.BOTH.,#5599);
#5599 = SURFACE_SIDE_STYLE('',(#5600));
#5600 = SURFACE_STYLE_FILL_AREA(#5601);
#5601 = FILL_AREA_STYLE('',(#5602));
#5602 = FILL_AREA_STYLE_COLOUR('',#5512);
#5603 = CURVE_STYLE('',#5604,POSITIVE_LENGTH_MEASURE(0.1),#5512);
#5604 = DRAUGHTING_PRE_DEFINED_CURVE_FONT('continuous');
#5605 = MECHANICAL_DESIGN_GEOMETRIC_PRESENTATION_REPRESENTATION('',(
    #5606),#4365);
#5606 = STYLED_ITEM('color',(#5607),#4353);
#5607 = PRESENTATION_STYLE_ASSIGNMENT((#5608,#5613));
#5608 = SURFACE_STYLE_USAGE(.BOTH.,#5609);
#5609 = SURFACE_SIDE_STYLE('',(#5610));
#5610 = SURFACE_STYLE_FILL_AREA(#5611);
#5611 = FILL_AREA_STYLE('',(#5612));
#5612 = FILL_AREA_STYLE_COLOUR('',#5512);
#5613 = CURVE_STYLE('',#5614,POSITIVE_LENGTH_MEASURE(0.1),#5512);
#5614 = DRAUGHTING_PRE_DEFINED_CURVE_FONT('continuous');
#5615 = MECHANICAL_DESIGN_GEOMETRIC_PRESENTATION_REPRESENTATION('',(
    #5616),#831);
#5616 = STYLED_ITEM('color',(#5617),#819);
#5617 = PRESENTATION_STYLE_ASSIGNMENT((#5618,#5623));
#5618 = SURFACE_STYLE_USAGE(.BOTH.,#5619);
#5619 = SURFACE_SIDE_STYLE('',(#5620));
#5620 = SURFACE_STYLE_FILL_AREA(#5621);
#5621 = FILL_AREA_STYLE('',(#5622));
#5622 = FILL_AREA_STYLE_COLOUR('',#5512);
#5623 = CURVE_STYLE('',#5624,POSITIVE_LENGTH_MEASURE(0.1),#5512);
#5624 = DRAUGHTING_PRE_DEFINED_CURVE_FONT('continuous');
#5625 = MECHANICAL_DESIGN_GEOMETRIC_PRESENTATION_REPRESENTATION('',(
    #5626),#1079);
#5626 = STYLED_ITEM('color',(#5627),#1067);
#5627 = PRESENTATION_STYLE_ASSIGNMENT((#5628,#5633));
#5628 = SURFACE_STYLE_USAGE(.BOTH.,#5629);
#5629 = SURFACE_SIDE_STYLE('',(#5630));
#5630 = SURFACE_STYLE_FILL_AREA(#5631);
#5631 = FILL_AREA_STYLE('',(#5632));
#5632 = FILL_AREA_STYLE_COLOUR('',#5512);
#5633 = CURVE_STYLE('',#5634,POSITIVE_LENGTH_MEASURE(0.1),#5512);
#5634 = DRAUGHTING_PRE_DEFINED_CURVE_FONT('continuous');
#5635 = MECHANICAL_DESIGN_GEOMETRIC_PRESENTATION_REPRESENTATION('',(
    #5636),#2784);
#5636 = STYLED_ITEM('color',(#5637),#2772);
#5637 = PRESENTATION_STYLE_ASSIGNMENT((#5638,#5643));
#5638 = SURFACE_STYLE_USAGE(.BOTH.,#5639);
#5639 = SURFACE_SIDE_STYLE('',(#5640));
#5640 = SURFACE_STYLE_FILL_AREA(#5641);
#5641 = FILL_AREA_STYLE('',(#5642));
#5642 = FILL_AREA_STYLE_COLOUR('',#5512);
#5643 = CURVE_STYLE('',#5644,POSITIVE_LENGTH_MEASURE(0.1),#5512);
#5644 = DRAUGHTING_PRE_DEFINED_CURVE_FONT('continuous');
#5645 = MECHANICAL_DESIGN_GEOMETRIC_PRESENTATION_REPRESENTATION('',(
    #5646),#3404);
#5646 = STYLED_ITEM('color',(#5647),#3392);
#5647 = PRESENTATION_STYLE_ASSIGNMENT((#5648,#5653));
#5648 = SURFACE_STYLE_USAGE(.BOTH.,#5649);
#5649 = SURFACE_SIDE_STYLE('',(#5650));
#5650 = SURFACE_STYLE_FILL_AREA(#5651);
#5651 = FILL_AREA_STYLE('',(#5652));
#5652 = FILL_AREA_STYLE_COLOUR('',#5512);
#5653 = CURVE_STYLE('',#5654,POSITIVE_LENGTH_MEASURE(0.1),#5512);
#5654 = DRAUGHTING_PRE_DEFINED_CURVE_FONT('continuous');
#5655 = MECHANICAL_DESIGN_GEOMETRIC_PRESENTATION_REPRESENTATION('',(
    #5656),#2071);
#5656 = STYLED_ITEM('color',(#5657),#2059);
#5657 = PRESENTATION_STYLE_ASSIGNMENT((#5658,#5663));
#5658 = SURFACE_STYLE_USAGE(.BOTH.,#5659);
#5659 = SURFACE_SIDE_STYLE('',(#5660));
#5660 = SURFACE_STYLE_FILL_AREA(#5661);
#5661 = FILL_AREA_STYLE('',(#5662));
#5662 = FILL_AREA_STYLE_COLOUR('',#5512);
#5663 = CURVE_STYLE('',#5664,POSITIVE_LENGTH_MEASURE(0.1),#5512);
#5664 = DRAUGHTING_PRE_DEFINED_CURVE_FONT('continuous');
#5665 = MECHANICAL_DESIGN_GEOMETRIC_PRESENTATION_REPRESENTATION('',(
    #5666),#1017);
#5666 = STYLED_ITEM('color',(#5667),#1005);
#5667 = PRESENTATION_STYLE_ASSIGNMENT((#5668,#5673));
#5668 = SURFACE_STYLE_USAGE(.BOTH.,#5669);
#5669 = SURFACE_SIDE_STYLE('',(#5670));
#5670 = SURFACE_STYLE_FILL_AREA(#5671);
#5671 = FILL_AREA_STYLE('',(#5672));
#5672 = FILL_AREA_STYLE_COLOUR('',#5512);
#5673 = CURVE_STYLE('',#5674,POSITIVE_LENGTH_MEASURE(0.1),#5512);
#5674 = DRAUGHTING_PRE_DEFINED_CURVE_FONT('continuous');
#5675 = MECHANICAL_DESIGN_GEOMETRIC_PRESENTATION_REPRESENTATION('',(
    #5676),#4520);
#5676 = STYLED_ITEM('color',(#5677),#4508);
#5677 = PRESENTATION_STYLE_ASSIGNMENT((#5678,#5683));
#5678 = SURFACE_STYLE_USAGE(.BOTH.,#5679);
#5679 = SURFACE_SIDE_STYLE('',(#5680));
#5680 = SURFACE_STYLE_FILL_AREA(#5681);
#5681 = FILL_AREA_STYLE('',(#5682));
#5682 = FILL_AREA_STYLE_COLOUR('',#5512);
#5683 = CURVE_STYLE('',#5684,POSITIVE_LENGTH_MEASURE(0.1),#5512);
#5684 = DRAUGHTING_PRE_DEFINED_CURVE_FONT('continuous');
#5685 = MECHANICAL_DESIGN_GEOMETRIC_PRESENTATION_REPRESENTATION('',(
    #5686),#2567);
#5686 = STYLED_ITEM('color',(#5687),#2555);
#5687 = PRESENTATION_STYLE_ASSIGNMENT((#5688,#5693));
#5688 = SURFACE_STYLE_USAGE(.BOTH.,#5689);
#5689 = SURFACE_SIDE_STYLE('',(#5690));
#5690 = SURFACE_STYLE_FILL_AREA(#5691);
#5691 = FILL_AREA_STYLE('',(#5692));
#5692 = FILL_AREA_STYLE_COLOUR('',#5512);
#5693 = CURVE_STYLE('',#5694,POSITIVE_LENGTH_MEASURE(0.1),#5512);
#5694 = DRAUGHTING_PRE_DEFINED_CURVE_FONT('continuous');
#5695 = MECHANICAL_DESIGN_GEOMETRIC_PRESENTATION_REPRESENTATION('',(
    #5696),#4830);
#5696 = STYLED_ITEM('color',(#5697),#4818);
#5697 = PRESENTATION_STYLE_ASSIGNMENT((#5698,#5703));
#5698 = SURFACE_STYLE_USAGE(.BOTH.,#5699);
#5699 = SURFACE_SIDE_STYLE('',(#5700));
#5700 = SURFACE_STYLE_FILL_AREA(#5701);
#5701 = FILL_AREA_STYLE('',(#5702));
#5702 = FILL_AREA_STYLE_COLOUR('',#5512);
#5703 = CURVE_STYLE('',#5704,POSITIVE_LENGTH_MEASURE(0.1),#5512);
#5704 = DRAUGHTING_PRE_DEFINED_CURVE_FONT('continuous');
#5705 = MECHANICAL_DESIGN_GEOMETRIC_PRESENTATION_REPRESENTATION('',(
    #5706),#4210);
#5706 = STYLED_ITEM('color',(#5707),#4198);
#5707 = PRESENTATION_STYLE_ASSIGNMENT((#5708,#5713));
#5708 = SURFACE_STYLE_USAGE(.BOTH.,#5709);
#5709 = SURFACE_SIDE_STYLE('',(#5710));
#5710 = SURFACE_STYLE_FILL_AREA(#5711);
#5711 = FILL_AREA_STYLE('',(#5712));
#5712 = FILL_AREA_STYLE_COLOUR('',#5512);
#5713 = CURVE_STYLE('',#5714,POSITIVE_LENGTH_MEASURE(0.1),#5512);
#5714 = DRAUGHTING_PRE_DEFINED_CURVE_FONT('continuous');
#5715 = MECHANICAL_DESIGN_GEOMETRIC_PRESENTATION_REPRESENTATION('',(
    #5716),#707);
#5716 = STYLED_ITEM('color',(#5717),#695);
#5717 = PRESENTATION_STYLE_ASSIGNMENT((#5718,#5723));
#5718 = SURFACE_STYLE_USAGE(.BOTH.,#5719);
#5719 = SURFACE_SIDE_STYLE('',(#5720));
#5720 = SURFACE_STYLE_FILL_AREA(#5721);
#5721 = FILL_AREA_STYLE('',(#5722));
#5722 = FILL_AREA_STYLE_COLOUR('',#5512);
#5723 = CURVE_STYLE('',#5724,POSITIVE_LENGTH_MEASURE(0.1),#5512);
#5724 = DRAUGHTING_PRE_DEFINED_CURVE_FONT('continuous');
#5725 = MECHANICAL_DESIGN_GEOMETRIC_PRESENTATION_REPRESENTATION('',(
    #5726),#3311);
#5726 = STYLED_ITEM('color',(#5727),#3299);
#5727 = PRESENTATION_STYLE_ASSIGNMENT((#5728,#5733));
#5728 = SURFACE_STYLE_USAGE(.BOTH.,#5729);
#5729 = SURFACE_SIDE_STYLE('',(#5730));
#5730 = SURFACE_STYLE_FILL_AREA(#5731);
#5731 = FILL_AREA_STYLE('',(#5732));
#5732 = FILL_AREA_STYLE_COLOUR('',#5512);
#5733 = CURVE_STYLE('',#5734,POSITIVE_LENGTH_MEASURE(0.1),#5512);
#5734 = DRAUGHTING_PRE_DEFINED_CURVE_FONT('continuous');
#5735 = MECHANICAL_DESIGN_GEOMETRIC_PRESENTATION_REPRESENTATION('',(
    #5736),#893);
#5736 = STYLED_ITEM('color',(#5737),#881);
#5737 = PRESENTATION_STYLE_ASSIGNMENT((#5738,#5743));
#5738 = SURFACE_STYLE_USAGE(.BOTH.,#5739);
#5739 = SURFACE_SIDE_STYLE('',(#5740));
#5740 = SURFACE_STYLE_FILL_AREA(#5741);
#5741 = FILL_AREA_STYLE('',(#5742));
#5742 = FILL_AREA_STYLE_COLOUR('',#5512);
#5743 = CURVE_STYLE('',#5744,POSITIVE_LENGTH_MEASURE(0.1),#5512);
#5744 = DRAUGHTING_PRE_DEFINED_CURVE_FONT('continuous');
#5745 = MECHANICAL_DESIGN_GEOMETRIC_PRESENTATION_REPRESENTATION('',(
    #5746),#3621);
#5746 = STYLED_ITEM('color',(#5747),#3609);
#5747 = PRESENTATION_STYLE_ASSIGNMENT((#5748,#5753));
#5748 = SURFACE_STYLE_USAGE(.BOTH.,#5749);
#5749 = SURFACE_SIDE_STYLE('',(#5750));
#5750 = SURFACE_STYLE_FILL_AREA(#5751);
#5751 = FILL_AREA_STYLE('',(#5752));
#5752 = FILL_AREA_STYLE_COLOUR('',#5512);
#5753 = CURVE_STYLE('',#5754,POSITIVE_LENGTH_MEASURE(0.1),#5512);
#5754 = DRAUGHTING_PRE_DEFINED_CURVE_FONT('continuous');
#5755 = MECHANICAL_DESIGN_GEOMETRIC_PRESENTATION_REPRESENTATION('',(
    #5756),#2970);
#5756 = STYLED_ITEM('color',(#5757),#2958);
#5757 = PRESENTATION_STYLE_ASSIGNMENT((#5758,#5763));
#5758 = SURFACE_STYLE_USAGE(.BOTH.,#5759);
#5759 = SURFACE_SIDE_STYLE('',(#5760));
#5760 = SURFACE_STYLE_FILL_AREA(#5761);
#5761 = FILL_AREA_STYLE('',(#5762));
#5762 = FILL_AREA_STYLE_COLOUR('',#5512);
#5763 = CURVE_STYLE('',#5764,POSITIVE_LENGTH_MEASURE(0.1),#5512);
#5764 = DRAUGHTING_PRE_DEFINED_CURVE_FONT('continuous');
#5765 = MECHANICAL_DESIGN_GEOMETRIC_PRESENTATION_REPRESENTATION('',(
    #5766),#2691);
#5766 = STYLED_ITEM('color',(#5767),#2679);
#5767 = PRESENTATION_STYLE_ASSIGNMENT((#5768,#5773));
#5768 = SURFACE_STYLE_USAGE(.BOTH.,#5769);
#5769 = SURFACE_SIDE_STYLE('',(#5770));
#5770 = SURFACE_STYLE_FILL_AREA(#5771);
#5771 = FILL_AREA_STYLE('',(#5772));
#5772 = FILL_AREA_STYLE_COLOUR('',#5512);
#5773 = CURVE_STYLE('',#5774,POSITIVE_LENGTH_MEASURE(0.1),#5512);
#5774 = DRAUGHTING_PRE_DEFINED_CURVE_FONT('continuous');
#5775 = MECHANICAL_DESIGN_GEOMETRIC_PRESENTATION_REPRESENTATION('',(
    #5776),#4985);
#5776 = STYLED_ITEM('color',(#5777),#4973);
#5777 = PRESENTATION_STYLE_ASSIGNMENT((#5778,#5783));
#5778 = SURFACE_STYLE_USAGE(.BOTH.,#5779);
#5779 = SURFACE_SIDE_STYLE('',(#5780));
#5780 = SURFACE_STYLE_FILL_AREA(#5781);
#5781 = FILL_AREA_STYLE('',(#5782));
#5782 = FILL_AREA_STYLE_COLOUR('',#5512);
#5783 = CURVE_STYLE('',#5784,POSITIVE_LENGTH_MEASURE(0.1),#5512);
#5784 = DRAUGHTING_PRE_DEFINED_CURVE_FONT('continuous');
#5785 = MECHANICAL_DESIGN_GEOMETRIC_PRESENTATION_REPRESENTATION('',(
    #5786),#2598);
#5786 = STYLED_ITEM('color',(#5787),#2586);
#5787 = PRESENTATION_STYLE_ASSIGNMENT((#5788,#5793));
#5788 = SURFACE_STYLE_USAGE(.BOTH.,#5789);
#5789 = SURFACE_SIDE_STYLE('',(#5790));
#5790 = SURFACE_STYLE_FILL_AREA(#5791);
#5791 = FILL_AREA_STYLE('',(#5792));
#5792 = FILL_AREA_STYLE_COLOUR('',#5512);
#5793 = CURVE_STYLE('',#5794,POSITIVE_LENGTH_MEASURE(0.1),#5512);
#5794 = DRAUGHTING_PRE_DEFINED_CURVE_FONT('continuous');
#5795 = MECHANICAL_DESIGN_GEOMETRIC_PRESENTATION_REPRESENTATION('',(
    #5796),#4334);
#5796 = STYLED_ITEM('color',(#5797),#4322);
#5797 = PRESENTATION_STYLE_ASSIGNMENT((#5798,#5803));
#5798 = SURFACE_STYLE_USAGE(.BOTH.,#5799);
#5799 = SURFACE_SIDE_STYLE('',(#5800));
#5800 = SURFACE_STYLE_FILL_AREA(#5801);
#5801 = FILL_AREA_STYLE('',(#5802));
#5802 = FILL_AREA_STYLE_COLOUR('',#5512);
#5803 = CURVE_STYLE('',#5804,POSITIVE_LENGTH_MEASURE(0.1),#5512);
#5804 = DRAUGHTING_PRE_DEFINED_CURVE_FONT('continuous');
#5805 = MECHANICAL_DESIGN_GEOMETRIC_PRESENTATION_REPRESENTATION('',(
    #5806),#3466);
#5806 = STYLED_ITEM('color',(#5807),#3454);
#5807 = PRESENTATION_STYLE_ASSIGNMENT((#5808,#5813));
#5808 = SURFACE_STYLE_USAGE(.BOTH.,#5809);
#5809 = SURFACE_SIDE_STYLE('',(#5810));
#5810 = SURFACE_STYLE_FILL_AREA(#5811);
#5811 = FILL_AREA_STYLE('',(#5812));
#5812 = FILL_AREA_STYLE_COLOUR('',#5512);
#5813 = CURVE_STYLE('',#5814,POSITIVE_LENGTH_MEASURE(0.1),#5512);
#5814 = DRAUGHTING_PRE_DEFINED_CURVE_FONT('continuous');
#5815 = MECHANICAL_DESIGN_GEOMETRIC_PRESENTATION_REPRESENTATION('',(
    #5816),#3342);
#5816 = STYLED_ITEM('color',(#5817),#3330);
#5817 = PRESENTATION_STYLE_ASSIGNMENT((#5818,#5823));
#5818 = SURFACE_STYLE_USAGE(.BOTH.,#5819);
#5819 = SURFACE_SIDE_STYLE('',(#5820));
#5820 = SURFACE_STYLE_FILL_AREA(#5821);
#5821 = FILL_AREA_STYLE('',(#5822));
#5822 = FILL_AREA_STYLE_COLOUR('',#5512);
#5823 = CURVE_STYLE('',#5824,POSITIVE_LENGTH_MEASURE(0.1),#5512);
#5824 = DRAUGHTING_PRE_DEFINED_CURVE_FONT('continuous');
#5825 = MECHANICAL_DESIGN_GEOMETRIC_PRESENTATION_REPRESENTATION('',(
    #5826),#2908);
#5826 = STYLED_ITEM('color',(#5827),#2896);
#5827 = PRESENTATION_STYLE_ASSIGNMENT((#5828,#5833));
#5828 = SURFACE_STYLE_USAGE(.BOTH.,#5829);
#5829 = SURFACE_SIDE_STYLE('',(#5830));
#5830 = SURFACE_STYLE_FILL_AREA(#5831);
#5831 = FILL_AREA_STYLE('',(#5832));
#5832 = FILL_AREA_STYLE_COLOUR('',#5512);
#5833 = CURVE_STYLE('',#5834,POSITIVE_LENGTH_MEASURE(0.1),#5512);
#5834 = DRAUGHTING_PRE_DEFINED_CURVE_FONT('continuous');
#5835 = MECHANICAL_DESIGN_GEOMETRIC_PRESENTATION_REPRESENTATION('',(
    #5836),#1296);
#5836 = STYLED_ITEM('color',(#5837),#1284);
#5837 = PRESENTATION_STYLE_ASSIGNMENT((#5838,#5843));
#5838 = SURFACE_STYLE_USAGE(.BOTH.,#5839);
#5839 = SURFACE_SIDE_STYLE('',(#5840));
#5840 = SURFACE_STYLE_FILL_AREA(#5841);
#5841 = FILL_AREA_STYLE('',(#5842));
#5842 = FILL_AREA_STYLE_COLOUR('',#5512);
#5843 = CURVE_STYLE('',#5844,POSITIVE_LENGTH_MEASURE(0.1),#5512);
#5844 = DRAUGHTING_PRE_DEFINED_CURVE_FONT('continuous');
#5845 = MECHANICAL_DESIGN_GEOMETRIC_PRESENTATION_REPRESENTATION('',(
    #5846),#1110);
#5846 = STYLED_ITEM('color',(#5847),#1098);
#5847 = PRESENTATION_STYLE_ASSIGNMENT((#5848,#5853));
#5848 = SURFACE_STYLE_USAGE(.BOTH.,#5849);
#5849 = SURFACE_SIDE_STYLE('',(#5850));
#5850 = SURFACE_STYLE_FILL_AREA(#5851);
#5851 = FILL_AREA_STYLE('',(#5852));
#5852 = FILL_AREA_STYLE_COLOUR('',#5512);
#5853 = CURVE_STYLE('',#5854,POSITIVE_LENGTH_MEASURE(0.1),#5512);
#5854 = DRAUGHTING_PRE_DEFINED_CURVE_FONT('continuous');
#5855 = MECHANICAL_DESIGN_GEOMETRIC_PRESENTATION_REPRESENTATION('',(
    #5856),#2412);
#5856 = STYLED_ITEM('color',(#5857),#2400);
#5857 = PRESENTATION_STYLE_ASSIGNMENT((#5858,#5863));
#5858 = SURFACE_STYLE_USAGE(.BOTH.,#5859);
#5859 = SURFACE_SIDE_STYLE('',(#5860));
#5860 = SURFACE_STYLE_FILL_AREA(#5861);
#5861 = FILL_AREA_STYLE('',(#5862));
#5862 = FILL_AREA_STYLE_COLOUR('',#5512);
#5863 = CURVE_STYLE('',#5864,POSITIVE_LENGTH_MEASURE(0.1),#5512);
#5864 = DRAUGHTING_PRE_DEFINED_CURVE_FONT('continuous');
#5865 = MECHANICAL_DESIGN_GEOMETRIC_PRESENTATION_REPRESENTATION('',(
    #5866),#4768);
#5866 = STYLED_ITEM('color',(#5867),#4756);
#5867 = PRESENTATION_STYLE_ASSIGNMENT((#5868,#5873));
#5868 = SURFACE_STYLE_USAGE(.BOTH.,#5869);
#5869 = SURFACE_SIDE_STYLE('',(#5870));
#5870 = SURFACE_STYLE_FILL_AREA(#5871);
#5871 = FILL_AREA_STYLE('',(#5872));
#5872 = FILL_AREA_STYLE_COLOUR('',#5512);
#5873 = CURVE_STYLE('',#5874,POSITIVE_LENGTH_MEASURE(0.1),#5512);
#5874 = DRAUGHTING_PRE_DEFINED_CURVE_FONT('continuous');
#5875 = MECHANICAL_DESIGN_GEOMETRIC_PRESENTATION_REPRESENTATION('',(
    #5876),#2319);
#5876 = STYLED_ITEM('color',(#5877),#2307);
#5877 = PRESENTATION_STYLE_ASSIGNMENT((#5878,#5883));
#5878 = SURFACE_STYLE_USAGE(.BOTH.,#5879);
#5879 = SURFACE_SIDE_STYLE('',(#5880));
#5880 = SURFACE_STYLE_FILL_AREA(#5881);
#5881 = FILL_AREA_STYLE('',(#5882));
#5882 = FILL_AREA_STYLE_COLOUR('',#5512);
#5883 = CURVE_STYLE('',#5884,POSITIVE_LENGTH_MEASURE(0.1),#5512);
#5884 = DRAUGHTING_PRE_DEFINED_CURVE_FONT('continuous');
#5885 = MECHANICAL_DESIGN_GEOMETRIC_PRESENTATION_REPRESENTATION('',(
    #5886),#3745);
#5886 = STYLED_ITEM('color',(#5887),#3733);
#5887 = PRESENTATION_STYLE_ASSIGNMENT((#5888,#5893));
#5888 = SURFACE_STYLE_USAGE(.BOTH.,#5889);
#5889 = SURFACE_SIDE_STYLE('',(#5890));
#5890 = SURFACE_STYLE_FILL_AREA(#5891);
#5891 = FILL_AREA_STYLE('',(#5892));
#5892 = FILL_AREA_STYLE_COLOUR('',#5512);
#5893 = CURVE_STYLE('',#5894,POSITIVE_LENGTH_MEASURE(0.1),#5512);
#5894 = DRAUGHTING_PRE_DEFINED_CURVE_FONT('continuous');
#5895 = MECHANICAL_DESIGN_GEOMETRIC_PRESENTATION_REPRESENTATION('',(
    #5896),#3156);
#5896 = STYLED_ITEM('color',(#5897),#3144);
#5897 = PRESENTATION_STYLE_ASSIGNMENT((#5898,#5903));
#5898 = SURFACE_STYLE_USAGE(.BOTH.,#5899);
#5899 = SURFACE_SIDE_STYLE('',(#5900));
#5900 = SURFACE_STYLE_FILL_AREA(#5901);
#5901 = FILL_AREA_STYLE('',(#5902));
#5902 = FILL_AREA_STYLE_COLOUR('',#5512);
#5903 = CURVE_STYLE('',#5904,POSITIVE_LENGTH_MEASURE(0.1),#5512);
#5904 = DRAUGHTING_PRE_DEFINED_CURVE_FONT('continuous');
#5905 = MECHANICAL_DESIGN_GEOMETRIC_PRESENTATION_REPRESENTATION('',(
    #5906),#1761);
#5906 = STYLED_ITEM('color',(#5907),#1749);
#5907 = PRESENTATION_STYLE_ASSIGNMENT((#5908,#5913));
#5908 = SURFACE_STYLE_USAGE(.BOTH.,#5909);
#5909 = SURFACE_SIDE_STYLE('',(#5910));
#5910 = SURFACE_STYLE_FILL_AREA(#5911);
#5911 = FILL_AREA_STYLE('',(#5912));
#5912 = FILL_AREA_STYLE_COLOUR('',#5512);
#5913 = CURVE_STYLE('',#5914,POSITIVE_LENGTH_MEASURE(0.1),#5512);
#5914 = DRAUGHTING_PRE_DEFINED_CURVE_FONT('continuous');
#5915 = MECHANICAL_DESIGN_GEOMETRIC_PRESENTATION_REPRESENTATION('',(
    #5916),#4923);
#5916 = STYLED_ITEM('color',(#5917),#4911);
#5917 = PRESENTATION_STYLE_ASSIGNMENT((#5918,#5923));
#5918 = SURFACE_STYLE_USAGE(.BOTH.,#5919);
#5919 = SURFACE_SIDE_STYLE('',(#5920));
#5920 = SURFACE_STYLE_FILL_AREA(#5921);
#5921 = FILL_AREA_STYLE('',(#5922));
#5922 = FILL_AREA_STYLE_COLOUR('',#5512);
#5923 = CURVE_STYLE('',#5924,POSITIVE_LENGTH_MEASURE(0.1),#5512);
#5924 = DRAUGHTING_PRE_DEFINED_CURVE_FONT('continuous');
#5925 = MECHANICAL_DESIGN_GEOMETRIC_PRESENTATION_REPRESENTATION('',(
    #5926),#1575);
#5926 = STYLED_ITEM('color',(#5927),#1563);
#5927 = PRESENTATION_STYLE_ASSIGNMENT((#5928,#5933));
#5928 = SURFACE_STYLE_USAGE(.BOTH.,#5929);
#5929 = SURFACE_SIDE_STYLE('',(#5930));
#5930 = SURFACE_STYLE_FILL_AREA(#5931);
#5931 = FILL_AREA_STYLE('',(#5932));
#5932 = FILL_AREA_STYLE_COLOUR('',#5512);
#5933 = CURVE_STYLE('',#5934,POSITIVE_LENGTH_MEASURE(0.1),#5512);
#5934 = DRAUGHTING_PRE_DEFINED_CURVE_FONT('continuous');
#5935 = MECHANICAL_DESIGN_GEOMETRIC_PRESENTATION_REPRESENTATION('',(
    #5936),#3063);
#5936 = STYLED_ITEM('color',(#5937),#3051);
#5937 = PRESENTATION_STYLE_ASSIGNMENT((#5938,#5943));
#5938 = SURFACE_STYLE_USAGE(.BOTH.,#5939);
#5939 = SURFACE_SIDE_STYLE('',(#5940));
#5940 = SURFACE_STYLE_FILL_AREA(#5941);
#5941 = FILL_AREA_STYLE('',(#5942));
#5942 = FILL_AREA_STYLE_COLOUR('',#5512);
#5943 = CURVE_STYLE('',#5944,POSITIVE_LENGTH_MEASURE(0.1),#5512);
#5944 = DRAUGHTING_PRE_DEFINED_CURVE_FONT('continuous');
#5945 = MECHANICAL_DESIGN_GEOMETRIC_PRESENTATION_REPRESENTATION('',(
    #5946),#1978);
#5946 = STYLED_ITEM('color',(#5947),#1966);
#5947 = PRESENTATION_STYLE_ASSIGNMENT((#5948,#5953));
#5948 = SURFACE_STYLE_USAGE(.BOTH.,#5949);
#5949 = SURFACE_SIDE_STYLE('',(#5950));
#5950 = SURFACE_STYLE_FILL_AREA(#5951);
#5951 = FILL_AREA_STYLE('',(#5952));
#5952 = FILL_AREA_STYLE_COLOUR('',#5512);
#5953 = CURVE_STYLE('',#5954,POSITIVE_LENGTH_MEASURE(0.1),#5512);
#5954 = DRAUGHTING_PRE_DEFINED_CURVE_FONT('continuous');
#5955 = MECHANICAL_DESIGN_GEOMETRIC_PRESENTATION_REPRESENTATION('',(
    #5956),#1606);
#5956 = STYLED_ITEM('color',(#5957),#1594);
#5957 = PRESENTATION_STYLE_ASSIGNMENT((#5958,#5963));
#5958 = SURFACE_STYLE_USAGE(.BOTH.,#5959);
#5959 = SURFACE_SIDE_STYLE('',(#5960));
#5960 = SURFACE_STYLE_FILL_AREA(#5961);
#5961 = FILL_AREA_STYLE('',(#5962));
#5962 = FILL_AREA_STYLE_COLOUR('',#5512);
#5963 = CURVE_STYLE('',#5964,POSITIVE_LENGTH_MEASURE(0.1),#5512);
#5964 = DRAUGHTING_PRE_DEFINED_CURVE_FONT('continuous');
#5965 = MECHANICAL_DESIGN_GEOMETRIC_PRESENTATION_REPRESENTATION('',(
    #5966),#2164);
#5966 = STYLED_ITEM('color',(#5967),#2152);
#5967 = PRESENTATION_STYLE_ASSIGNMENT((#5968,#5973));
#5968 = SURFACE_STYLE_USAGE(.BOTH.,#5969);
#5969 = SURFACE_SIDE_STYLE('',(#5970));
#5970 = SURFACE_STYLE_FILL_AREA(#5971);
#5971 = FILL_AREA_STYLE('',(#5972));
#5972 = FILL_AREA_STYLE_COLOUR('',#5512);
#5973 = CURVE_STYLE('',#5974,POSITIVE_LENGTH_MEASURE(0.1),#5512);
#5974 = DRAUGHTING_PRE_DEFINED_CURVE_FONT('continuous');
#5975 = MECHANICAL_DESIGN_GEOMETRIC_PRESENTATION_REPRESENTATION('',(
    #5976),#5047);
#5976 = STYLED_ITEM('color',(#5977),#5035);
#5977 = PRESENTATION_STYLE_ASSIGNMENT((#5978,#5983));
#5978 = SURFACE_STYLE_USAGE(.BOTH.,#5979);
#5979 = SURFACE_SIDE_STYLE('',(#5980));
#5980 = SURFACE_STYLE_FILL_AREA(#5981);
#5981 = FILL_AREA_STYLE('',(#5982));
#5982 = FILL_AREA_STYLE_COLOUR('',#5512);
#5983 = CURVE_STYLE('',#5984,POSITIVE_LENGTH_MEASURE(0.1),#5512);
#5984 = DRAUGHTING_PRE_DEFINED_CURVE_FONT('continuous');
#5985 = MECHANICAL_DESIGN_GEOMETRIC_PRESENTATION_REPRESENTATION('',(
    #5986),#4024);
#5986 = STYLED_ITEM('color',(#5987),#4012);
#5987 = PRESENTATION_STYLE_ASSIGNMENT((#5988,#5993));
#5988 = SURFACE_STYLE_USAGE(.BOTH.,#5989);
#5989 = SURFACE_SIDE_STYLE('',(#5990));
#5990 = SURFACE_STYLE_FILL_AREA(#5991);
#5991 = FILL_AREA_STYLE('',(#5992));
#5992 = FILL_AREA_STYLE_COLOUR('',#5512);
#5993 = CURVE_STYLE('',#5994,POSITIVE_LENGTH_MEASURE(0.1),#5512);
#5994 = DRAUGHTING_PRE_DEFINED_CURVE_FONT('continuous');
#5995 = MECHANICAL_DESIGN_GEOMETRIC_PRESENTATION_REPRESENTATION('',(
    #5996),#2846);
#5996 = STYLED_ITEM('color',(#5997),#2834);
#5997 = PRESENTATION_STYLE_ASSIGNMENT((#5998,#6003));
#5998 = SURFACE_STYLE_USAGE(.BOTH.,#5999);
#5999 = SURFACE_SIDE_STYLE('',(#6000));
#6000 = SURFACE_STYLE_FILL_AREA(#6001);
#6001 = FILL_AREA_STYLE('',(#6002));
#6002 = FILL_AREA_STYLE_COLOUR('',#5512);
#6003 = CURVE_STYLE('',#6004,POSITIVE_LENGTH_MEASURE(0.1),#5512);
#6004 = DRAUGHTING_PRE_DEFINED_CURVE_FONT('continuous');
#6005 = MECHANICAL_DESIGN_GEOMETRIC_PRESENTATION_REPRESENTATION('',(
    #6006),#2133);
#6006 = STYLED_ITEM('color',(#6007),#2121);
#6007 = PRESENTATION_STYLE_ASSIGNMENT((#6008,#6013));
#6008 = SURFACE_STYLE_USAGE(.BOTH.,#6009);
#6009 = SURFACE_SIDE_STYLE('',(#6010));
#6010 = SURFACE_STYLE_FILL_AREA(#6011);
#6011 = FILL_AREA_STYLE('',(#6012));
#6012 = FILL_AREA_STYLE_COLOUR('',#5512);
#6013 = CURVE_STYLE('',#6014,POSITIVE_LENGTH_MEASURE(0.1),#5512);
#6014 = DRAUGHTING_PRE_DEFINED_CURVE_FONT('continuous');
#6015 = MECHANICAL_DESIGN_GEOMETRIC_PRESENTATION_REPRESENTATION('',(
    #6016),#3218);
#6016 = STYLED_ITEM('color',(#6017),#3206);
#6017 = PRESENTATION_STYLE_ASSIGNMENT((#6018,#6023));
#6018 = SURFACE_STYLE_USAGE(.BOTH.,#6019);
#6019 = SURFACE_SIDE_STYLE('',(#6020));
#6020 = SURFACE_STYLE_FILL_AREA(#6021);
#6021 = FILL_AREA_STYLE('',(#6022));
#6022 = FILL_AREA_STYLE_COLOUR('',#5512);
#6023 = CURVE_STYLE('',#6024,POSITIVE_LENGTH_MEASURE(0.1),#5512);
#6024 = DRAUGHTING_PRE_DEFINED_CURVE_FONT('continuous');
#6025 = MECHANICAL_DESIGN_GEOMETRIC_PRESENTATION_REPRESENTATION('',(
    #6026),#3900);
#6026 = STYLED_ITEM('color',(#6027),#3888);
#6027 = PRESENTATION_STYLE_ASSIGNMENT((#6028,#6033));
#6028 = SURFACE_STYLE_USAGE(.BOTH.,#6029);
#6029 = SURFACE_SIDE_STYLE('',(#6030));
#6030 = SURFACE_STYLE_FILL_AREA(#6031);
#6031 = FILL_AREA_STYLE('',(#6032));
#6032 = FILL_AREA_STYLE_COLOUR('',#5512);
#6033 = CURVE_STYLE('',#6034,POSITIVE_LENGTH_MEASURE(0.1),#5512);
#6034 = DRAUGHTING_PRE_DEFINED_CURVE_FONT('continuous');
#6035 = MECHANICAL_DESIGN_GEOMETRIC_PRESENTATION_REPRESENTATION('',(
    #6036),#3094);
#6036 = STYLED_ITEM('color',(#6037),#3082);
#6037 = PRESENTATION_STYLE_ASSIGNMENT((#6038,#6043));
#6038 = SURFACE_STYLE_USAGE(.BOTH.,#6039);
#6039 = SURFACE_SIDE_STYLE('',(#6040));
#6040 = SURFACE_STYLE_FILL_AREA(#6041);
#6041 = FILL_AREA_STYLE('',(#6042));
#6042 = FILL_AREA_STYLE_COLOUR('',#5512);
#6043 = CURVE_STYLE('',#6044,POSITIVE_LENGTH_MEASURE(0.1),#5512);
#6044 = DRAUGHTING_PRE_DEFINED_CURVE_FONT('continuous');
#6045 = MECHANICAL_DESIGN_GEOMETRIC_PRESENTATION_REPRESENTATION('',(
    #6046),#1637);
#6046 = STYLED_ITEM('color',(#6047),#1625);
#6047 = PRESENTATION_STYLE_ASSIGNMENT((#6048,#6053));
#6048 = SURFACE_STYLE_USAGE(.BOTH.,#6049);
#6049 = SURFACE_SIDE_STYLE('',(#6050));
#6050 = SURFACE_STYLE_FILL_AREA(#6051);
#6051 = FILL_AREA_STYLE('',(#6052));
#6052 = FILL_AREA_STYLE_COLOUR('',#5512);
#6053 = CURVE_STYLE('',#6054,POSITIVE_LENGTH_MEASURE(0.1),#5512);
#6054 = DRAUGHTING_PRE_DEFINED_CURVE_FONT('continuous');
#6055 = MECHANICAL_DESIGN_GEOMETRIC_PRESENTATION_REPRESENTATION('',(
    #6056),#4241);
#6056 = STYLED_ITEM('color',(#6057),#4229);
#6057 = PRESENTATION_STYLE_ASSIGNMENT((#6058,#6063));
#6058 = SURFACE_STYLE_USAGE(.BOTH.,#6059);
#6059 = SURFACE_SIDE_STYLE('',(#6060));
#6060 = SURFACE_STYLE_FILL_AREA(#6061);
#6061 = FILL_AREA_STYLE('',(#6062));
#6062 = FILL_AREA_STYLE_COLOUR('',#5512);
#6063 = CURVE_STYLE('',#6064,POSITIVE_LENGTH_MEASURE(0.1),#5512);
#6064 = DRAUGHTING_PRE_DEFINED_CURVE_FONT('continuous');
#6065 = MECHANICAL_DESIGN_GEOMETRIC_PRESENTATION_REPRESENTATION('',(
    #6066),#645);
#6066 = STYLED_ITEM('color',(#6067),#633);
#6067 = PRESENTATION_STYLE_ASSIGNMENT((#6068,#6073));
#6068 = SURFACE_STYLE_USAGE(.BOTH.,#6069);
#6069 = SURFACE_SIDE_STYLE('',(#6070));
#6070 = SURFACE_STYLE_FILL_AREA(#6071);
#6071 = FILL_AREA_STYLE('',(#6072));
#6072 = FILL_AREA_STYLE_COLOUR('',#5512);
#6073 = CURVE_STYLE('',#6074,POSITIVE_LENGTH_MEASURE(0.1),#5512);
#6074 = DRAUGHTING_PRE_DEFINED_CURVE_FONT('continuous');
#6075 = MECHANICAL_DESIGN_GEOMETRIC_PRESENTATION_REPRESENTATION('',(
    #6076),#1482);
#6076 = STYLED_ITEM('color',(#6077),#1470);
#6077 = PRESENTATION_STYLE_ASSIGNMENT((#6078,#6083));
#6078 = SURFACE_STYLE_USAGE(.BOTH.,#6079);
#6079 = SURFACE_SIDE_STYLE('',(#6080));
#6080 = SURFACE_STYLE_FILL_AREA(#6081);
#6081 = FILL_AREA_STYLE('',(#6082));
#6082 = FILL_AREA_STYLE_COLOUR('',#5512);
#6083 = CURVE_STYLE('',#6084,POSITIVE_LENGTH_MEASURE(0.1),#5512);
#6084 = DRAUGHTING_PRE_DEFINED_CURVE_FONT('continuous');
#6085 = MECHANICAL_DESIGN_GEOMETRIC_PRESENTATION_REPRESENTATION('',(
    #6086),#4799);
#6086 = STYLED_ITEM('color',(#6087),#4787);
#6087 = PRESENTATION_STYLE_ASSIGNMENT((#6088,#6093));
#6088 = SURFACE_STYLE_USAGE(.BOTH.,#6089);
#6089 = SURFACE_SIDE_STYLE('',(#6090));
#6090 = SURFACE_STYLE_FILL_AREA(#6091);
#6091 = FILL_AREA_STYLE('',(#6092));
#6092 = FILL_AREA_STYLE_COLOUR('',#5512);
#6093 = CURVE_STYLE('',#6094,POSITIVE_LENGTH_MEASURE(0.1),#5512);
#6094 = DRAUGHTING_PRE_DEFINED_CURVE_FONT('continuous');
#6095 = MECHANICAL_DESIGN_GEOMETRIC_PRESENTATION_REPRESENTATION('',(
    #6096),#3807);
#6096 = STYLED_ITEM('color',(#6097),#3795);
#6097 = PRESENTATION_STYLE_ASSIGNMENT((#6098,#6103));
#6098 = SURFACE_STYLE_USAGE(.BOTH.,#6099);
#6099 = SURFACE_SIDE_STYLE('',(#6100));
#6100 = SURFACE_STYLE_FILL_AREA(#6101);
#6101 = FILL_AREA_STYLE('',(#6102));
#6102 = FILL_AREA_STYLE_COLOUR('',#5512);
#6103 = CURVE_STYLE('',#6104,POSITIVE_LENGTH_MEASURE(0.1),#5512);
#6104 = DRAUGHTING_PRE_DEFINED_CURVE_FONT('continuous');
#6105 = MECHANICAL_DESIGN_GEOMETRIC_PRESENTATION_REPRESENTATION('',(
    #6106),#2226);
#6106 = STYLED_ITEM('color',(#6107),#2214);
#6107 = PRESENTATION_STYLE_ASSIGNMENT((#6108,#6113));
#6108 = SURFACE_STYLE_USAGE(.BOTH.,#6109);
#6109 = SURFACE_SIDE_STYLE('',(#6110));
#6110 = SURFACE_STYLE_FILL_AREA(#6111);
#6111 = FILL_AREA_STYLE('',(#6112));
#6112 = FILL_AREA_STYLE_COLOUR('',#5512);
#6113 = CURVE_STYLE('',#6114,POSITIVE_LENGTH_MEASURE(0.1),#5512);
#6114 = DRAUGHTING_PRE_DEFINED_CURVE_FONT('continuous');
#6115 = MECHANICAL_DESIGN_GEOMETRIC_PRESENTATION_REPRESENTATION('',(
    #6116),#4148);
#6116 = STYLED_ITEM('color',(#6117),#4136);
#6117 = PRESENTATION_STYLE_ASSIGNMENT((#6118,#6123));
#6118 = SURFACE_STYLE_USAGE(.BOTH.,#6119);
#6119 = SURFACE_SIDE_STYLE('',(#6120));
#6120 = SURFACE_STYLE_FILL_AREA(#6121);
#6121 = FILL_AREA_STYLE('',(#6122));
#6122 = FILL_AREA_STYLE_COLOUR('',#5512);
#6123 = CURVE_STYLE('',#6124,POSITIVE_LENGTH_MEASURE(0.1),#5512);
#6124 = DRAUGHTING_PRE_DEFINED_CURVE_FONT('continuous');
#6125 = MECHANICAL_DESIGN_GEOMETRIC_PRESENTATION_REPRESENTATION('',(
    #6126),#1172);
#6126 = STYLED_ITEM('color',(#6127),#1160);
#6127 = PRESENTATION_STYLE_ASSIGNMENT((#6128,#6133));
#6128 = SURFACE_STYLE_USAGE(.BOTH.,#6129);
#6129 = SURFACE_SIDE_STYLE('',(#6130));
#6130 = SURFACE_STYLE_FILL_AREA(#6131);
#6131 = FILL_AREA_STYLE('',(#6132));
#6132 = FILL_AREA_STYLE_COLOUR('',#5512);
#6133 = CURVE_STYLE('',#6134,POSITIVE_LENGTH_MEASURE(0.1),#5512);
#6134 = DRAUGHTING_PRE_DEFINED_CURVE_FONT('continuous');
#6135 = MECHANICAL_DESIGN_GEOMETRIC_PRESENTATION_REPRESENTATION('',(
    #6136),#4396);
#6136 = STYLED_ITEM('color',(#6137),#4384);
#6137 = PRESENTATION_STYLE_ASSIGNMENT((#6138,#6143));
#6138 = SURFACE_STYLE_USAGE(.BOTH.,#6139);
#6139 = SURFACE_SIDE_STYLE('',(#6140));
#6140 = SURFACE_STYLE_FILL_AREA(#6141);
#6141 = FILL_AREA_STYLE('',(#6142));
#6142 = FILL_AREA_STYLE_COLOUR('',#5512);
#6143 = CURVE_STYLE('',#6144,POSITIVE_LENGTH_MEASURE(0.1),#5512);
#6144 = DRAUGHTING_PRE_DEFINED_CURVE_FONT('continuous');
#6145 = MECHANICAL_DESIGN_GEOMETRIC_PRESENTATION_REPRESENTATION('',(
    #6146),#3435);
#6146 = STYLED_ITEM('color',(#6147),#3423);
#6147 = PRESENTATION_STYLE_ASSIGNMENT((#6148,#6153));
#6148 = SURFACE_STYLE_USAGE(.BOTH.,#6149);
#6149 = SURFACE_SIDE_STYLE('',(#6150));
#6150 = SURFACE_STYLE_FILL_AREA(#6151);
#6151 = FILL_AREA_STYLE('',(#6152));
#6152 = FILL_AREA_STYLE_COLOUR('',#5512);
#6153 = CURVE_STYLE('',#6154,POSITIVE_LENGTH_MEASURE(0.1),#5512);
#6154 = DRAUGHTING_PRE_DEFINED_CURVE_FONT('continuous');
#6155 = MECHANICAL_DESIGN_GEOMETRIC_PRESENTATION_REPRESENTATION('',(
    #6156),#3962);
#6156 = STYLED_ITEM('color',(#6157),#3950);
#6157 = PRESENTATION_STYLE_ASSIGNMENT((#6158,#6163));
#6158 = SURFACE_STYLE_USAGE(.BOTH.,#6159);
#6159 = SURFACE_SIDE_STYLE('',(#6160));
#6160 = SURFACE_STYLE_FILL_AREA(#6161);
#6161 = FILL_AREA_STYLE('',(#6162));
#6162 = FILL_AREA_STYLE_COLOUR('',#5512);
#6163 = CURVE_STYLE('',#6164,POSITIVE_LENGTH_MEASURE(0.1),#5512);
#6164 = DRAUGHTING_PRE_DEFINED_CURVE_FONT('continuous');
#6165 = MECHANICAL_DESIGN_GEOMETRIC_PRESENTATION_REPRESENTATION('',(
    #6166),#1823);
#6166 = STYLED_ITEM('color',(#6167),#1811);
#6167 = PRESENTATION_STYLE_ASSIGNMENT((#6168,#6173));
#6168 = SURFACE_STYLE_USAGE(.BOTH.,#6169);
#6169 = SURFACE_SIDE_STYLE('',(#6170));
#6170 = SURFACE_STYLE_FILL_AREA(#6171);
#6171 = FILL_AREA_STYLE('',(#6172));
#6172 = FILL_AREA_STYLE_COLOUR('',#5512);
#6173 = CURVE_STYLE('',#6174,POSITIVE_LENGTH_MEASURE(0.1),#5512);
#6174 = DRAUGHTING_PRE_DEFINED_CURVE_FONT('continuous');
#6175 = MECHANICAL_DESIGN_GEOMETRIC_PRESENTATION_REPRESENTATION('',(
    #6176),#2040);
#6176 = STYLED_ITEM('color',(#6177),#2028);
#6177 = PRESENTATION_STYLE_ASSIGNMENT((#6178,#6183));
#6178 = SURFACE_STYLE_USAGE(.BOTH.,#6179);
#6179 = SURFACE_SIDE_STYLE('',(#6180));
#6180 = SURFACE_STYLE_FILL_AREA(#6181);
#6181 = FILL_AREA_STYLE('',(#6182));
#6182 = FILL_AREA_STYLE_COLOUR('',#5512);
#6183 = CURVE_STYLE('',#6184,POSITIVE_LENGTH_MEASURE(0.1),#5512);
#6184 = DRAUGHTING_PRE_DEFINED_CURVE_FONT('continuous');
#6185 = MECHANICAL_DESIGN_GEOMETRIC_PRESENTATION_REPRESENTATION('',(
    #6186),#3838);
#6186 = STYLED_ITEM('color',(#6187),#3826);
#6187 = PRESENTATION_STYLE_ASSIGNMENT((#6188,#6193));
#6188 = SURFACE_STYLE_USAGE(.BOTH.,#6189);
#6189 = SURFACE_SIDE_STYLE('',(#6190));
#6190 = SURFACE_STYLE_FILL_AREA(#6191);
#6191 = FILL_AREA_STYLE('',(#6192));
#6192 = FILL_AREA_STYLE_COLOUR('',#5512);
#6193 = CURVE_STYLE('',#6194,POSITIVE_LENGTH_MEASURE(0.1),#5512);
#6194 = DRAUGHTING_PRE_DEFINED_CURVE_FONT('continuous');
#6195 = MECHANICAL_DESIGN_GEOMETRIC_PRESENTATION_REPRESENTATION('',(
    #6196),#1358);
#6196 = STYLED_ITEM('color',(#6197),#1346);
#6197 = PRESENTATION_STYLE_ASSIGNMENT((#6198,#6203));
#6198 = SURFACE_STYLE_USAGE(.BOTH.,#6199);
#6199 = SURFACE_SIDE_STYLE('',(#6200));
#6200 = SURFACE_STYLE_FILL_AREA(#6201);
#6201 = FILL_AREA_STYLE('',(#6202));
#6202 = FILL_AREA_STYLE_COLOUR('',#5512);
#6203 = CURVE_STYLE('',#6204,POSITIVE_LENGTH_MEASURE(0.1),#5512);
#6204 = DRAUGHTING_PRE_DEFINED_CURVE_FONT('continuous');
#6205 = MECHANICAL_DESIGN_GEOMETRIC_PRESENTATION_REPRESENTATION('',(
    #6206),#3497);
#6206 = STYLED_ITEM('color',(#6207),#3485);
#6207 = PRESENTATION_STYLE_ASSIGNMENT((#6208,#6213));
#6208 = SURFACE_STYLE_USAGE(.BOTH.,#6209);
#6209 = SURFACE_SIDE_STYLE('',(#6210));
#6210 = SURFACE_STYLE_FILL_AREA(#6211);
#6211 = FILL_AREA_STYLE('',(#6212));
#6212 = FILL_AREA_STYLE_COLOUR('',#5512);
#6213 = CURVE_STYLE('',#6214,POSITIVE_LENGTH_MEASURE(0.1),#5512);
#6214 = DRAUGHTING_PRE_DEFINED_CURVE_FONT('continuous');
#6215 = MECHANICAL_DESIGN_GEOMETRIC_PRESENTATION_REPRESENTATION('',(
    #6216),#3001);
#6216 = STYLED_ITEM('color',(#6217),#2989);
#6217 = PRESENTATION_STYLE_ASSIGNMENT((#6218,#6223));
#6218 = SURFACE_STYLE_USAGE(.BOTH.,#6219);
#6219 = SURFACE_SIDE_STYLE('',(#6220));
#6220 = SURFACE_STYLE_FILL_AREA(#6221);
#6221 = FILL_AREA_STYLE('',(#6222));
#6222 = FILL_AREA_STYLE_COLOUR('',#5512);
#6223 = CURVE_STYLE('',#6224,POSITIVE_LENGTH_MEASURE(0.1),#5512);
#6224 = DRAUGHTING_PRE_DEFINED_CURVE_FONT('continuous');
#6225 = MECHANICAL_DESIGN_GEOMETRIC_PRESENTATION_REPRESENTATION('',(
    #6226),#1141);
#6226 = STYLED_ITEM('color',(#6227),#1129);
#6227 = PRESENTATION_STYLE_ASSIGNMENT((#6228,#6233));
#6228 = SURFACE_STYLE_USAGE(.BOTH.,#6229);
#6229 = SURFACE_SIDE_STYLE('',(#6230));
#6230 = SURFACE_STYLE_FILL_AREA(#6231);
#6231 = FILL_AREA_STYLE('',(#6232));
#6232 = FILL_AREA_STYLE_COLOUR('',#5512);
#6233 = CURVE_STYLE('',#6234,POSITIVE_LENGTH_MEASURE(0.1),#5512);
#6234 = DRAUGHTING_PRE_DEFINED_CURVE_FONT('continuous');
#6235 = MECHANICAL_DESIGN_GEOMETRIC_PRESENTATION_REPRESENTATION('',(
    #6236),#1916);
#6236 = STYLED_ITEM('color',(#6237),#1904);
#6237 = PRESENTATION_STYLE_ASSIGNMENT((#6238,#6243));
#6238 = SURFACE_STYLE_USAGE(.BOTH.,#6239);
#6239 = SURFACE_SIDE_STYLE('',(#6240));
#6240 = SURFACE_STYLE_FILL_AREA(#6241);
#6241 = FILL_AREA_STYLE('',(#6242));
#6242 = FILL_AREA_STYLE_COLOUR('',#5512);
#6243 = CURVE_STYLE('',#6244,POSITIVE_LENGTH_MEASURE(0.1),#5512);
#6244 = DRAUGHTING_PRE_DEFINED_CURVE_FONT('continuous');
#6245 = MECHANICAL_DESIGN_GEOMETRIC_PRESENTATION_REPRESENTATION('',(
    #6246),#2381);
#6246 = STYLED_ITEM('color',(#6247),#2369);
#6247 = PRESENTATION_STYLE_ASSIGNMENT((#6248,#6253));
#6248 = SURFACE_STYLE_USAGE(.BOTH.,#6249);
#6249 = SURFACE_SIDE_STYLE('',(#6250));
#6250 = SURFACE_STYLE_FILL_AREA(#6251);
#6251 = FILL_AREA_STYLE('',(#6252));
#6252 = FILL_AREA_STYLE_COLOUR('',#5512);
#6253 = CURVE_STYLE('',#6254,POSITIVE_LENGTH_MEASURE(0.1),#5512);
#6254 = DRAUGHTING_PRE_DEFINED_CURVE_FONT('continuous');
#6255 = MECHANICAL_DESIGN_GEOMETRIC_PRESENTATION_REPRESENTATION('',(
    #6256),#5486);
#6256 = STYLED_ITEM('color',(#6257),#5066);
#6257 = PRESENTATION_STYLE_ASSIGNMENT((#6258,#6264));
#6258 = SURFACE_STYLE_USAGE(.BOTH.,#6259);
#6259 = SURFACE_SIDE_STYLE('',(#6260));
#6260 = SURFACE_STYLE_FILL_AREA(#6261);
#6261 = FILL_AREA_STYLE('',(#6262));
#6262 = FILL_AREA_STYLE_COLOUR('',#6263);
#6263 = COLOUR_RGB('',0.300000011921,0.300000011921,0.300000011921);
#6264 = CURVE_STYLE('',#6265,POSITIVE_LENGTH_MEASURE(0.1),#6263);
#6265 = DRAUGHTING_PRE_DEFINED_CURVE_FONT('continuous');
#6266 = MECHANICAL_DESIGN_GEOMETRIC_PRESENTATION_REPRESENTATION('',(
    #6267),#4303);
#6267 = STYLED_ITEM('color',(#6268),#4291);
#6268 = PRESENTATION_STYLE_ASSIGNMENT((#6269,#6274));
#6269 = SURFACE_STYLE_USAGE(.BOTH.,#6270);
#6270 = SURFACE_SIDE_STYLE('',(#6271));
#6271 = SURFACE_STYLE_FILL_AREA(#6272);
#6272 = FILL_AREA_STYLE('',(#6273));
#6273 = FILL_AREA_STYLE_COLOUR('',#5512);
#6274 = CURVE_STYLE('',#6275,POSITIVE_LENGTH_MEASURE(0.1),#5512);
#6275 = DRAUGHTING_PRE_DEFINED_CURVE_FONT('continuous');
#6276 = MECHANICAL_DESIGN_GEOMETRIC_PRESENTATION_REPRESENTATION('',(
    #6277),#4954);
#6277 = STYLED_ITEM('color',(#6278),#4942);
#6278 = PRESENTATION_STYLE_ASSIGNMENT((#6279,#6284));
#6279 = SURFACE_STYLE_USAGE(.BOTH.,#6280);
#6280 = SURFACE_SIDE_STYLE('',(#6281));
#6281 = SURFACE_STYLE_FILL_AREA(#6282);
#6282 = FILL_AREA_STYLE('',(#6283));
#6283 = FILL_AREA_STYLE_COLOUR('',#5512);
#6284 = CURVE_STYLE('',#6285,POSITIVE_LENGTH_MEASURE(0.1),#5512);
#6285 = DRAUGHTING_PRE_DEFINED_CURVE_FONT('continuous');
#6286 = MECHANICAL_DESIGN_GEOMETRIC_PRESENTATION_REPRESENTATION('',(
    #6287),#3280);
#6287 = STYLED_ITEM('color',(#6288),#3268);
#6288 = PRESENTATION_STYLE_ASSIGNMENT((#6289,#6294));
#6289 = SURFACE_STYLE_USAGE(.BOTH.,#6290);
#6290 = SURFACE_SIDE_STYLE('',(#6291));
#6291 = SURFACE_STYLE_FILL_AREA(#6292);
#6292 = FILL_AREA_STYLE('',(#6293));
#6293 = FILL_AREA_STYLE_COLOUR('',#5512);
#6294 = CURVE_STYLE('',#6295,POSITIVE_LENGTH_MEASURE(0.1),#5512);
#6295 = DRAUGHTING_PRE_DEFINED_CURVE_FONT('continuous');
#6296 = MECHANICAL_DESIGN_GEOMETRIC_PRESENTATION_REPRESENTATION('',(
    #6297),#955);
#6297 = STYLED_ITEM('color',(#6298),#943);
#6298 = PRESENTATION_STYLE_ASSIGNMENT((#6299,#6304));
#6299 = SURFACE_STYLE_USAGE(.BOTH.,#6300);
#6300 = SURFACE_SIDE_STYLE('',(#6301));
#6301 = SURFACE_STYLE_FILL_AREA(#6302);
#6302 = FILL_AREA_STYLE('',(#6303));
#6303 = FILL_AREA_STYLE_COLOUR('',#5512);
#6304 = CURVE_STYLE('',#6305,POSITIVE_LENGTH_MEASURE(0.1),#5512);
#6305 = DRAUGHTING_PRE_DEFINED_CURVE_FONT('continuous');
#6306 = MECHANICAL_DESIGN_GEOMETRIC_PRESENTATION_REPRESENTATION('',(
    #6307),#3652);
#6307 = STYLED_ITEM('color',(#6308),#3640);
#6308 = PRESENTATION_STYLE_ASSIGNMENT((#6309,#6314));
#6309 = SURFACE_STYLE_USAGE(.BOTH.,#6310);
#6310 = SURFACE_SIDE_STYLE('',(#6311));
#6311 = SURFACE_STYLE_FILL_AREA(#6312);
#6312 = FILL_AREA_STYLE('',(#6313));
#6313 = FILL_AREA_STYLE_COLOUR('',#5512);
#6314 = CURVE_STYLE('',#6315,POSITIVE_LENGTH_MEASURE(0.1),#5512);
#6315 = DRAUGHTING_PRE_DEFINED_CURVE_FONT('continuous');
#6316 = MECHANICAL_DESIGN_GEOMETRIC_PRESENTATION_REPRESENTATION('',(
    #6317),#2753);
#6317 = STYLED_ITEM('color',(#6318),#2741);
#6318 = PRESENTATION_STYLE_ASSIGNMENT((#6319,#6324));
#6319 = SURFACE_STYLE_USAGE(.BOTH.,#6320);
#6320 = SURFACE_SIDE_STYLE('',(#6321));
#6321 = SURFACE_STYLE_FILL_AREA(#6322);
#6322 = FILL_AREA_STYLE('',(#6323));
#6323 = FILL_AREA_STYLE_COLOUR('',#5512);
#6324 = CURVE_STYLE('',#6325,POSITIVE_LENGTH_MEASURE(0.1),#5512);
#6325 = DRAUGHTING_PRE_DEFINED_CURVE_FONT('continuous');
#6326 = MECHANICAL_DESIGN_GEOMETRIC_PRESENTATION_REPRESENTATION('',(
    #6327),#4737);
#6327 = STYLED_ITEM('color',(#6328),#4725);
#6328 = PRESENTATION_STYLE_ASSIGNMENT((#6329,#6334));
#6329 = SURFACE_STYLE_USAGE(.BOTH.,#6330);
#6330 = SURFACE_SIDE_STYLE('',(#6331));
#6331 = SURFACE_STYLE_FILL_AREA(#6332);
#6332 = FILL_AREA_STYLE('',(#6333));
#6333 = FILL_AREA_STYLE_COLOUR('',#5512);
#6334 = CURVE_STYLE('',#6335,POSITIVE_LENGTH_MEASURE(0.1),#5512);
#6335 = DRAUGHTING_PRE_DEFINED_CURVE_FONT('continuous');
#6336 = MECHANICAL_DESIGN_GEOMETRIC_PRESENTATION_REPRESENTATION('',(
    #6337),#2660);
#6337 = STYLED_ITEM('color',(#6338),#2648);
#6338 = PRESENTATION_STYLE_ASSIGNMENT((#6339,#6344));
#6339 = SURFACE_STYLE_USAGE(.BOTH.,#6340);
#6340 = SURFACE_SIDE_STYLE('',(#6341));
#6341 = SURFACE_STYLE_FILL_AREA(#6342);
#6342 = FILL_AREA_STYLE('',(#6343));
#6343 = FILL_AREA_STYLE_COLOUR('',#5512);
#6344 = CURVE_STYLE('',#6345,POSITIVE_LENGTH_MEASURE(0.1),#5512);
#6345 = DRAUGHTING_PRE_DEFINED_CURVE_FONT('continuous');
#6346 = MECHANICAL_DESIGN_GEOMETRIC_PRESENTATION_REPRESENTATION('',(
    #6347),#1420);
#6347 = STYLED_ITEM('color',(#6348),#1408);
#6348 = PRESENTATION_STYLE_ASSIGNMENT((#6349,#6354));
#6349 = SURFACE_STYLE_USAGE(.BOTH.,#6350);
#6350 = SURFACE_SIDE_STYLE('',(#6351));
#6351 = SURFACE_STYLE_FILL_AREA(#6352);
#6352 = FILL_AREA_STYLE('',(#6353));
#6353 = FILL_AREA_STYLE_COLOUR('',#5512);
#6354 = CURVE_STYLE('',#6355,POSITIVE_LENGTH_MEASURE(0.1),#5512);
#6355 = DRAUGHTING_PRE_DEFINED_CURVE_FONT('continuous');
#6356 = MECHANICAL_DESIGN_GEOMETRIC_PRESENTATION_REPRESENTATION('',(
    #6357),#4892);
#6357 = STYLED_ITEM('color',(#6358),#4880);
#6358 = PRESENTATION_STYLE_ASSIGNMENT((#6359,#6364));
#6359 = SURFACE_STYLE_USAGE(.BOTH.,#6360);
#6360 = SURFACE_SIDE_STYLE('',(#6361));
#6361 = SURFACE_STYLE_FILL_AREA(#6362);
#6362 = FILL_AREA_STYLE('',(#6363));
#6363 = FILL_AREA_STYLE_COLOUR('',#5512);
#6364 = CURVE_STYLE('',#6365,POSITIVE_LENGTH_MEASURE(0.1),#5512);
#6365 = DRAUGHTING_PRE_DEFINED_CURVE_FONT('continuous');
#6366 = MECHANICAL_DESIGN_GEOMETRIC_PRESENTATION_REPRESENTATION('',(
    #6367),#1885);
#6367 = STYLED_ITEM('color',(#6368),#1873);
#6368 = PRESENTATION_STYLE_ASSIGNMENT((#6369,#6374));
#6369 = SURFACE_STYLE_USAGE(.BOTH.,#6370);
#6370 = SURFACE_SIDE_STYLE('',(#6371));
#6371 = SURFACE_STYLE_FILL_AREA(#6372);
#6372 = FILL_AREA_STYLE('',(#6373));
#6373 = FILL_AREA_STYLE_COLOUR('',#5512);
#6374 = CURVE_STYLE('',#6375,POSITIVE_LENGTH_MEASURE(0.1),#5512);
#6375 = DRAUGHTING_PRE_DEFINED_CURVE_FONT('continuous');
#6376 = MECHANICAL_DESIGN_GEOMETRIC_PRESENTATION_REPRESENTATION('',(
    #6377),#2474);
#6377 = STYLED_ITEM('color',(#6378),#2462);
#6378 = PRESENTATION_STYLE_ASSIGNMENT((#6379,#6384));
#6379 = SURFACE_STYLE_USAGE(.BOTH.,#6380);
#6380 = SURFACE_SIDE_STYLE('',(#6381));
#6381 = SURFACE_STYLE_FILL_AREA(#6382);
#6382 = FILL_AREA_STYLE('',(#6383));
#6383 = FILL_AREA_STYLE_COLOUR('',#5512);
#6384 = CURVE_STYLE('',#6385,POSITIVE_LENGTH_MEASURE(0.1),#5512);
#6385 = DRAUGHTING_PRE_DEFINED_CURVE_FONT('continuous');
#6386 = MECHANICAL_DESIGN_GEOMETRIC_PRESENTATION_REPRESENTATION('',(
    #6387),#3559);
#6387 = STYLED_ITEM('color',(#6388),#3547);
#6388 = PRESENTATION_STYLE_ASSIGNMENT((#6389,#6394));
#6389 = SURFACE_STYLE_USAGE(.BOTH.,#6390);
#6390 = SURFACE_SIDE_STYLE('',(#6391));
#6391 = SURFACE_STYLE_FILL_AREA(#6392);
#6392 = FILL_AREA_STYLE('',(#6393));
#6393 = FILL_AREA_STYLE_COLOUR('',#5512);
#6394 = CURVE_STYLE('',#6395,POSITIVE_LENGTH_MEASURE(0.1),#5512);
#6395 = DRAUGHTING_PRE_DEFINED_CURVE_FONT('continuous');
#6396 = MECHANICAL_DESIGN_GEOMETRIC_PRESENTATION_REPRESENTATION('',(
    #6397),#1513);
#6397 = STYLED_ITEM('color',(#6398),#1501);
#6398 = PRESENTATION_STYLE_ASSIGNMENT((#6399,#6404));
#6399 = SURFACE_STYLE_USAGE(.BOTH.,#6400);
#6400 = SURFACE_SIDE_STYLE('',(#6401));
#6401 = SURFACE_STYLE_FILL_AREA(#6402);
#6402 = FILL_AREA_STYLE('',(#6403));
#6403 = FILL_AREA_STYLE_COLOUR('',#5512);
#6404 = CURVE_STYLE('',#6405,POSITIVE_LENGTH_MEASURE(0.1),#5512);
#6405 = DRAUGHTING_PRE_DEFINED_CURVE_FONT('continuous');
#6406 = MECHANICAL_DESIGN_GEOMETRIC_PRESENTATION_REPRESENTATION('',(
    #6407),#4644);
#6407 = STYLED_ITEM('color',(#6408),#4632);
#6408 = PRESENTATION_STYLE_ASSIGNMENT((#6409,#6414));
#6409 = SURFACE_STYLE_USAGE(.BOTH.,#6410);
#6410 = SURFACE_SIDE_STYLE('',(#6411));
#6411 = SURFACE_STYLE_FILL_AREA(#6412);
#6412 = FILL_AREA_STYLE('',(#6413));
#6413 = FILL_AREA_STYLE_COLOUR('',#5512);
#6414 = CURVE_STYLE('',#6415,POSITIVE_LENGTH_MEASURE(0.1),#5512);
#6415 = DRAUGHTING_PRE_DEFINED_CURVE_FONT('continuous');
#6416 = MECHANICAL_DESIGN_GEOMETRIC_PRESENTATION_REPRESENTATION('',(
    #6417),#676);
#6417 = STYLED_ITEM('color',(#6418),#664);
#6418 = PRESENTATION_STYLE_ASSIGNMENT((#6419,#6424));
#6419 = SURFACE_STYLE_USAGE(.BOTH.,#6420);
#6420 = SURFACE_SIDE_STYLE('',(#6421));
#6421 = SURFACE_STYLE_FILL_AREA(#6422);
#6422 = FILL_AREA_STYLE('',(#6423));
#6423 = FILL_AREA_STYLE_COLOUR('',#5512);
#6424 = CURVE_STYLE('',#6425,POSITIVE_LENGTH_MEASURE(0.1),#5512);
#6425 = DRAUGHTING_PRE_DEFINED_CURVE_FONT('continuous');
#6426 = MECHANICAL_DESIGN_GEOMETRIC_PRESENTATION_REPRESENTATION('',(
    #6427),#1668);
#6427 = STYLED_ITEM('color',(#6428),#1656);
#6428 = PRESENTATION_STYLE_ASSIGNMENT((#6429,#6434));
#6429 = SURFACE_STYLE_USAGE(.BOTH.,#6430);
#6430 = SURFACE_SIDE_STYLE('',(#6431));
#6431 = SURFACE_STYLE_FILL_AREA(#6432);
#6432 = FILL_AREA_STYLE('',(#6433));
#6433 = FILL_AREA_STYLE_COLOUR('',#5512);
#6434 = CURVE_STYLE('',#6435,POSITIVE_LENGTH_MEASURE(0.1),#5512);
#6435 = DRAUGHTING_PRE_DEFINED_CURVE_FONT('continuous');
#6436 = MECHANICAL_DESIGN_GEOMETRIC_PRESENTATION_REPRESENTATION('',(
    #6437),#2195);
#6437 = STYLED_ITEM('color',(#6438),#2183);
#6438 = PRESENTATION_STYLE_ASSIGNMENT((#6439,#6444));
#6439 = SURFACE_STYLE_USAGE(.BOTH.,#6440);
#6440 = SURFACE_SIDE_STYLE('',(#6441));
#6441 = SURFACE_STYLE_FILL_AREA(#6442);
#6442 = FILL_AREA_STYLE('',(#6443));
#6443 = FILL_AREA_STYLE_COLOUR('',#5512);
#6444 = CURVE_STYLE('',#6445,POSITIVE_LENGTH_MEASURE(0.1),#5512);
#6445 = DRAUGHTING_PRE_DEFINED_CURVE_FONT('continuous');
#6446 = MECHANICAL_DESIGN_GEOMETRIC_PRESENTATION_REPRESENTATION('',(
    #6447),#2288);
#6447 = STYLED_ITEM('color',(#6448),#2276);
#6448 = PRESENTATION_STYLE_ASSIGNMENT((#6449,#6454));
#6449 = SURFACE_STYLE_USAGE(.BOTH.,#6450);
#6450 = SURFACE_SIDE_STYLE('',(#6451));
#6451 = SURFACE_STYLE_FILL_AREA(#6452);
#6452 = FILL_AREA_STYLE('',(#6453));
#6453 = FILL_AREA_STYLE_COLOUR('',#5512);
#6454 = CURVE_STYLE('',#6455,POSITIVE_LENGTH_MEASURE(0.1),#5512);
#6455 = DRAUGHTING_PRE_DEFINED_CURVE_FONT('continuous');
#6456 = MECHANICAL_DESIGN_GEOMETRIC_PRESENTATION_REPRESENTATION('',(
    #6457),#1048);
#6457 = STYLED_ITEM('color',(#6458),#1036);
#6458 = PRESENTATION_STYLE_ASSIGNMENT((#6459,#6464));
#6459 = SURFACE_STYLE_USAGE(.BOTH.,#6460);
#6460 = SURFACE_SIDE_STYLE('',(#6461));
#6461 = SURFACE_STYLE_FILL_AREA(#6462);
#6462 = FILL_AREA_STYLE('',(#6463));
#6463 = FILL_AREA_STYLE_COLOUR('',#5512);
#6464 = CURVE_STYLE('',#6465,POSITIVE_LENGTH_MEASURE(0.1),#5512);
#6465 = DRAUGHTING_PRE_DEFINED_CURVE_FONT('continuous');
#6466 = MECHANICAL_DESIGN_GEOMETRIC_PRESENTATION_REPRESENTATION('',(
    #6467),#1947);
#6467 = STYLED_ITEM('color',(#6468),#1935);
#6468 = PRESENTATION_STYLE_ASSIGNMENT((#6469,#6474));
#6469 = SURFACE_STYLE_USAGE(.BOTH.,#6470);
#6470 = SURFACE_SIDE_STYLE('',(#6471));
#6471 = SURFACE_STYLE_FILL_AREA(#6472);
#6472 = FILL_AREA_STYLE('',(#6473));
#6473 = FILL_AREA_STYLE_COLOUR('',#5512);
#6474 = CURVE_STYLE('',#6475,POSITIVE_LENGTH_MEASURE(0.1),#5512);
#6475 = DRAUGHTING_PRE_DEFINED_CURVE_FONT('continuous');
#6476 = MECHANICAL_DESIGN_GEOMETRIC_PRESENTATION_REPRESENTATION('',(
    #6477),#3187);
#6477 = STYLED_ITEM('color',(#6478),#3175);
#6478 = PRESENTATION_STYLE_ASSIGNMENT((#6479,#6484));
#6479 = SURFACE_STYLE_USAGE(.BOTH.,#6480);
#6480 = SURFACE_SIDE_STYLE('',(#6481));
#6481 = SURFACE_STYLE_FILL_AREA(#6482);
#6482 = FILL_AREA_STYLE('',(#6483));
#6483 = FILL_AREA_STYLE_COLOUR('',#5512);
#6484 = CURVE_STYLE('',#6485,POSITIVE_LENGTH_MEASURE(0.1),#5512);
#6485 = DRAUGHTING_PRE_DEFINED_CURVE_FONT('continuous');
#6486 = MECHANICAL_DESIGN_GEOMETRIC_PRESENTATION_REPRESENTATION('',(
    #6487),#3714);
#6487 = STYLED_ITEM('color',(#6488),#3702);
#6488 = PRESENTATION_STYLE_ASSIGNMENT((#6489,#6494));
#6489 = SURFACE_STYLE_USAGE(.BOTH.,#6490);
#6490 = SURFACE_SIDE_STYLE('',(#6491));
#6491 = SURFACE_STYLE_FILL_AREA(#6492);
#6492 = FILL_AREA_STYLE('',(#6493));
#6493 = FILL_AREA_STYLE_COLOUR('',#5512);
#6494 = CURVE_STYLE('',#6495,POSITIVE_LENGTH_MEASURE(0.1),#5512);
#6495 = DRAUGHTING_PRE_DEFINED_CURVE_FONT('continuous');
#6496 = MECHANICAL_DESIGN_GEOMETRIC_PRESENTATION_REPRESENTATION('',(
    #6497),#3590);
#6497 = STYLED_ITEM('color',(#6498),#3578);
#6498 = PRESENTATION_STYLE_ASSIGNMENT((#6499,#6504));
#6499 = SURFACE_STYLE_USAGE(.BOTH.,#6500);
#6500 = SURFACE_SIDE_STYLE('',(#6501));
#6501 = SURFACE_STYLE_FILL_AREA(#6502);
#6502 = FILL_AREA_STYLE('',(#6503));
#6503 = FILL_AREA_STYLE_COLOUR('',#5512);
#6504 = CURVE_STYLE('',#6505,POSITIVE_LENGTH_MEASURE(0.1),#5512);
#6505 = DRAUGHTING_PRE_DEFINED_CURVE_FONT('continuous');
#6506 = MECHANICAL_DESIGN_GEOMETRIC_PRESENTATION_REPRESENTATION('',(
    #6507),#4551);
#6507 = STYLED_ITEM('color',(#6508),#4539);
#6508 = PRESENTATION_STYLE_ASSIGNMENT((#6509,#6514));
#6509 = SURFACE_STYLE_USAGE(.BOTH.,#6510);
#6510 = SURFACE_SIDE_STYLE('',(#6511));
#6511 = SURFACE_STYLE_FILL_AREA(#6512);
#6512 = FILL_AREA_STYLE('',(#6513));
#6513 = FILL_AREA_STYLE_COLOUR('',#5512);
#6514 = CURVE_STYLE('',#6515,POSITIVE_LENGTH_MEASURE(0.1),#5512);
#6515 = DRAUGHTING_PRE_DEFINED_CURVE_FONT('continuous');
#6516 = MECHANICAL_DESIGN_GEOMETRIC_PRESENTATION_REPRESENTATION('',(
    #6517),#4458);
#6517 = STYLED_ITEM('color',(#6518),#4446);
#6518 = PRESENTATION_STYLE_ASSIGNMENT((#6519,#6524));
#6519 = SURFACE_STYLE_USAGE(.BOTH.,#6520);
#6520 = SURFACE_SIDE_STYLE('',(#6521));
#6521 = SURFACE_STYLE_FILL_AREA(#6522);
#6522 = FILL_AREA_STYLE('',(#6523));
#6523 = FILL_AREA_STYLE_COLOUR('',#5512);
#6524 = CURVE_STYLE('',#6525,POSITIVE_LENGTH_MEASURE(0.1),#5512);
#6525 = DRAUGHTING_PRE_DEFINED_CURVE_FONT('continuous');
#6526 = MECHANICAL_DESIGN_GEOMETRIC_PRESENTATION_REPRESENTATION('',(
    #6527),#4582);
#6527 = STYLED_ITEM('color',(#6528),#4570);
#6528 = PRESENTATION_STYLE_ASSIGNMENT((#6529,#6534));
#6529 = SURFACE_STYLE_USAGE(.BOTH.,#6530);
#6530 = SURFACE_SIDE_STYLE('',(#6531));
#6531 = SURFACE_STYLE_FILL_AREA(#6532);
#6532 = FILL_AREA_STYLE('',(#6533));
#6533 = FILL_AREA_STYLE_COLOUR('',#5512);
#6534 = CURVE_STYLE('',#6535,POSITIVE_LENGTH_MEASURE(0.1),#5512);
#6535 = DRAUGHTING_PRE_DEFINED_CURVE_FONT('continuous');
#6536 = MECHANICAL_DESIGN_GEOMETRIC_PRESENTATION_REPRESENTATION('',(
    #6537),#4706);
#6537 = STYLED_ITEM('color',(#6538),#4694);
#6538 = PRESENTATION_STYLE_ASSIGNMENT((#6539,#6544));
#6539 = SURFACE_STYLE_USAGE(.BOTH.,#6540);
#6540 = SURFACE_SIDE_STYLE('',(#6541));
#6541 = SURFACE_STYLE_FILL_AREA(#6542);
#6542 = FILL_AREA_STYLE('',(#6543));
#6543 = FILL_AREA_STYLE_COLOUR('',#5512);
#6544 = CURVE_STYLE('',#6545,POSITIVE_LENGTH_MEASURE(0.1),#5512);
#6545 = DRAUGHTING_PRE_DEFINED_CURVE_FONT('continuous');
#6546 = MECHANICAL_DESIGN_GEOMETRIC_PRESENTATION_REPRESENTATION('',(
    #6547),#1730);
#6547 = STYLED_ITEM('color',(#6548),#1718);
#6548 = PRESENTATION_STYLE_ASSIGNMENT((#6549,#6554));
#6549 = SURFACE_STYLE_USAGE(.BOTH.,#6550);
#6550 = SURFACE_SIDE_STYLE('',(#6551));
#6551 = SURFACE_STYLE_FILL_AREA(#6552);
#6552 = FILL_AREA_STYLE('',(#6553));
#6553 = FILL_AREA_STYLE_COLOUR('',#5512);
#6554 = CURVE_STYLE('',#6555,POSITIVE_LENGTH_MEASURE(0.1),#5512);
#6555 = DRAUGHTING_PRE_DEFINED_CURVE_FONT('continuous');
#6556 = MECHANICAL_DESIGN_GEOMETRIC_PRESENTATION_REPRESENTATION('',(
    #6557),#3528);
#6557 = STYLED_ITEM('color',(#6558),#3516);
#6558 = PRESENTATION_STYLE_ASSIGNMENT((#6559,#6564));
#6559 = SURFACE_STYLE_USAGE(.BOTH.,#6560);
#6560 = SURFACE_SIDE_STYLE('',(#6561));
#6561 = SURFACE_STYLE_FILL_AREA(#6562);
#6562 = FILL_AREA_STYLE('',(#6563));
#6563 = FILL_AREA_STYLE_COLOUR('',#5512);
#6564 = CURVE_STYLE('',#6565,POSITIVE_LENGTH_MEASURE(0.1),#5512);
#6565 = DRAUGHTING_PRE_DEFINED_CURVE_FONT('continuous');
#6566 = MECHANICAL_DESIGN_GEOMETRIC_PRESENTATION_REPRESENTATION('',(
    #6567),#2877);
#6567 = STYLED_ITEM('color',(#6568),#2865);
#6568 = PRESENTATION_STYLE_ASSIGNMENT((#6569,#6574));
#6569 = SURFACE_STYLE_USAGE(.BOTH.,#6570);
#6570 = SURFACE_SIDE_STYLE('',(#6571));
#6571 = SURFACE_STYLE_FILL_AREA(#6572);
#6572 = FILL_AREA_STYLE('',(#6573));
#6573 = FILL_AREA_STYLE_COLOUR('',#5512);
#6574 = CURVE_STYLE('',#6575,POSITIVE_LENGTH_MEASURE(0.1),#5512);
#6575 = DRAUGHTING_PRE_DEFINED_CURVE_FONT('continuous');
#6576 = MECHANICAL_DESIGN_GEOMETRIC_PRESENTATION_REPRESENTATION('',(
    #6577),#614);
#6577 = STYLED_ITEM('color',(#6578),#602);
#6578 = PRESENTATION_STYLE_ASSIGNMENT((#6579,#6584));
#6579 = SURFACE_STYLE_USAGE(.BOTH.,#6580);
#6580 = SURFACE_SIDE_STYLE('',(#6581));
#6581 = SURFACE_STYLE_FILL_AREA(#6582);
#6582 = FILL_AREA_STYLE('',(#6583));
#6583 = FILL_AREA_STYLE_COLOUR('',#5512);
#6584 = CURVE_STYLE('',#6585,POSITIVE_LENGTH_MEASURE(0.1),#5512);
#6585 = DRAUGHTING_PRE_DEFINED_CURVE_FONT('continuous');
#6586 = MECHANICAL_DESIGN_GEOMETRIC_PRESENTATION_REPRESENTATION('',(
    #6587),#1451);
#6587 = STYLED_ITEM('color',(#6588),#1439);
#6588 = PRESENTATION_STYLE_ASSIGNMENT((#6589,#6594));
#6589 = SURFACE_STYLE_USAGE(.BOTH.,#6590);
#6590 = SURFACE_SIDE_STYLE('',(#6591));
#6591 = SURFACE_STYLE_FILL_AREA(#6592);
#6592 = FILL_AREA_STYLE('',(#6593));
#6593 = FILL_AREA_STYLE_COLOUR('',#5512);
#6594 = CURVE_STYLE('',#6595,POSITIVE_LENGTH_MEASURE(0.1),#5512);
#6595 = DRAUGHTING_PRE_DEFINED_CURVE_FONT('continuous');
#6596 = MECHANICAL_DESIGN_GEOMETRIC_PRESENTATION_REPRESENTATION('',(
    #6597),#3032);
#6597 = STYLED_ITEM('color',(#6598),#3020);
#6598 = PRESENTATION_STYLE_ASSIGNMENT((#6599,#6604));
#6599 = SURFACE_STYLE_USAGE(.BOTH.,#6600);
#6600 = SURFACE_SIDE_STYLE('',(#6601));
#6601 = SURFACE_STYLE_FILL_AREA(#6602);
#6602 = FILL_AREA_STYLE('',(#6603));
#6603 = FILL_AREA_STYLE_COLOUR('',#5512);
#6604 = CURVE_STYLE('',#6605,POSITIVE_LENGTH_MEASURE(0.1),#5512);
#6605 = DRAUGHTING_PRE_DEFINED_CURVE_FONT('continuous');
#6606 = MECHANICAL_DESIGN_GEOMETRIC_PRESENTATION_REPRESENTATION('',(
    #6607),#986);
#6607 = STYLED_ITEM('color',(#6608),#974);
#6608 = PRESENTATION_STYLE_ASSIGNMENT((#6609,#6614));
#6609 = SURFACE_STYLE_USAGE(.BOTH.,#6610);
#6610 = SURFACE_SIDE_STYLE('',(#6611));
#6611 = SURFACE_STYLE_FILL_AREA(#6612);
#6612 = FILL_AREA_STYLE('',(#6613));
#6613 = FILL_AREA_STYLE_COLOUR('',#5512);
#6614 = CURVE_STYLE('',#6615,POSITIVE_LENGTH_MEASURE(0.1),#5512);
#6615 = DRAUGHTING_PRE_DEFINED_CURVE_FONT('continuous');
#6616 = MECHANICAL_DESIGN_GEOMETRIC_PRESENTATION_REPRESENTATION('',(
    #6617),#769);
#6617 = STYLED_ITEM('color',(#6618),#757);
#6618 = PRESENTATION_STYLE_ASSIGNMENT((#6619,#6624));
#6619 = SURFACE_STYLE_USAGE(.BOTH.,#6620);
#6620 = SURFACE_SIDE_STYLE('',(#6621));
#6621 = SURFACE_STYLE_FILL_AREA(#6622);
#6622 = FILL_AREA_STYLE('',(#6623));
#6623 = FILL_AREA_STYLE_COLOUR('',#5512);
#6624 = CURVE_STYLE('',#6625,POSITIVE_LENGTH_MEASURE(0.1),#5512);
#6625 = DRAUGHTING_PRE_DEFINED_CURVE_FONT('continuous');
#6626 = MECHANICAL_DESIGN_GEOMETRIC_PRESENTATION_REPRESENTATION('',(
    #6627),#800);
#6627 = STYLED_ITEM('color',(#6628),#788);
#6628 = PRESENTATION_STYLE_ASSIGNMENT((#6629,#6634));
#6629 = SURFACE_STYLE_USAGE(.BOTH.,#6630);
#6630 = SURFACE_SIDE_STYLE('',(#6631));
#6631 = SURFACE_STYLE_FILL_AREA(#6632);
#6632 = FILL_AREA_STYLE('',(#6633));
#6633 = FILL_AREA_STYLE_COLOUR('',#5512);
#6634 = CURVE_STYLE('',#6635,POSITIVE_LENGTH_MEASURE(0.1),#5512);
#6635 = DRAUGHTING_PRE_DEFINED_CURVE_FONT('continuous');
#6636 = MECHANICAL_DESIGN_GEOMETRIC_PRESENTATION_REPRESENTATION('',(
    #6637),#3373);
#6637 = STYLED_ITEM('color',(#6638),#3361);
#6638 = PRESENTATION_STYLE_ASSIGNMENT((#6639,#6644));
#6639 = SURFACE_STYLE_USAGE(.BOTH.,#6640);
#6640 = SURFACE_SIDE_STYLE('',(#6641));
#6641 = SURFACE_STYLE_FILL_AREA(#6642);
#6642 = FILL_AREA_STYLE('',(#6643));
#6643 = FILL_AREA_STYLE_COLOUR('',#5512);
#6644 = CURVE_STYLE('',#6645,POSITIVE_LENGTH_MEASURE(0.1),#5512);
#6645 = DRAUGHTING_PRE_DEFINED_CURVE_FONT('continuous');
#6646 = MECHANICAL_DESIGN_GEOMETRIC_PRESENTATION_REPRESENTATION('',(
    #6647),#5016);
#6647 = STYLED_ITEM('color',(#6648),#5004);
#6648 = PRESENTATION_STYLE_ASSIGNMENT((#6649,#6654));
#6649 = SURFACE_STYLE_USAGE(.BOTH.,#6650);
#6650 = SURFACE_SIDE_STYLE('',(#6651));
#6651 = SURFACE_STYLE_FILL_AREA(#6652);
#6652 = FILL_AREA_STYLE('',(#6653));
#6653 = FILL_AREA_STYLE_COLOUR('',#5512);
#6654 = CURVE_STYLE('',#6655,POSITIVE_LENGTH_MEASURE(0.1),#5512);
#6655 = DRAUGHTING_PRE_DEFINED_CURVE_FONT('continuous');
#6656 = MECHANICAL_DESIGN_GEOMETRIC_PRESENTATION_REPRESENTATION('',(
    #6657),#2102);
#6657 = STYLED_ITEM('color',(#6658),#2090);
#6658 = PRESENTATION_STYLE_ASSIGNMENT((#6659,#6664));
#6659 = SURFACE_STYLE_USAGE(.BOTH.,#6660);
#6660 = SURFACE_SIDE_STYLE('',(#6661));
#6661 = SURFACE_STYLE_FILL_AREA(#6662);
#6662 = FILL_AREA_STYLE('',(#6663));
#6663 = FILL_AREA_STYLE_COLOUR('',#5512);
#6664 = CURVE_STYLE('',#6665,POSITIVE_LENGTH_MEASURE(0.1),#5512);
#6665 = DRAUGHTING_PRE_DEFINED_CURVE_FONT('continuous');
#6666 = MECHANICAL_DESIGN_GEOMETRIC_PRESENTATION_REPRESENTATION('',(
    #6667),#3931);
#6667 = STYLED_ITEM('color',(#6668),#3919);
#6668 = PRESENTATION_STYLE_ASSIGNMENT((#6669,#6674));
#6669 = SURFACE_STYLE_USAGE(.BOTH.,#6670);
#6670 = SURFACE_SIDE_STYLE('',(#6671));
#6671 = SURFACE_STYLE_FILL_AREA(#6672);
#6672 = FILL_AREA_STYLE('',(#6673));
#6673 = FILL_AREA_STYLE_COLOUR('',#5512);
#6674 = CURVE_STYLE('',#6675,POSITIVE_LENGTH_MEASURE(0.1),#5512);
#6675 = DRAUGHTING_PRE_DEFINED_CURVE_FONT('continuous');
#6676 = MECHANICAL_DESIGN_GEOMETRIC_PRESENTATION_REPRESENTATION('',(
    #6677),#2505);
#6677 = STYLED_ITEM('color',(#6678),#2493);
#6678 = PRESENTATION_STYLE_ASSIGNMENT((#6679,#6684));
#6679 = SURFACE_STYLE_USAGE(.BOTH.,#6680);
#6680 = SURFACE_SIDE_STYLE('',(#6681));
#6681 = SURFACE_STYLE_FILL_AREA(#6682);
#6682 = FILL_AREA_STYLE('',(#6683));
#6683 = FILL_AREA_STYLE_COLOUR('',#5512);
#6684 = CURVE_STYLE('',#6685,POSITIVE_LENGTH_MEASURE(0.1),#5512);
#6685 = DRAUGHTING_PRE_DEFINED_CURVE_FONT('continuous');
#6686 = MECHANICAL_DESIGN_GEOMETRIC_PRESENTATION_REPRESENTATION('',(
    #6687),#4613);
#6687 = STYLED_ITEM('color',(#6688),#4601);
#6688 = PRESENTATION_STYLE_ASSIGNMENT((#6689,#6694));
#6689 = SURFACE_STYLE_USAGE(.BOTH.,#6690);
#6690 = SURFACE_SIDE_STYLE('',(#6691));
#6691 = SURFACE_STYLE_FILL_AREA(#6692);
#6692 = FILL_AREA_STYLE('',(#6693));
#6693 = FILL_AREA_STYLE_COLOUR('',#5512);
#6694 = CURVE_STYLE('',#6695,POSITIVE_LENGTH_MEASURE(0.1),#5512);
#6695 = DRAUGHTING_PRE_DEFINED_CURVE_FONT('continuous');
#6696 = MECHANICAL_DESIGN_GEOMETRIC_PRESENTATION_REPRESENTATION('',(
    #6697),#1327);
#6697 = STYLED_ITEM('color',(#6698),#1315);
#6698 = PRESENTATION_STYLE_ASSIGNMENT((#6699,#6704));
#6699 = SURFACE_STYLE_USAGE(.BOTH.,#6700);
#6700 = SURFACE_SIDE_STYLE('',(#6701));
#6701 = SURFACE_STYLE_FILL_AREA(#6702);
#6702 = FILL_AREA_STYLE('',(#6703));
#6703 = FILL_AREA_STYLE_COLOUR('',#5512);
#6704 = CURVE_STYLE('',#6705,POSITIVE_LENGTH_MEASURE(0.1),#5512);
#6705 = DRAUGHTING_PRE_DEFINED_CURVE_FONT('continuous');
#6706 = MECHANICAL_DESIGN_GEOMETRIC_PRESENTATION_REPRESENTATION('',(
    #6707),#1854);
#6707 = STYLED_ITEM('color',(#6708),#1842);
#6708 = PRESENTATION_STYLE_ASSIGNMENT((#6709,#6714));
#6709 = SURFACE_STYLE_USAGE(.BOTH.,#6710);
#6710 = SURFACE_SIDE_STYLE('',(#6711));
#6711 = SURFACE_STYLE_FILL_AREA(#6712);
#6712 = FILL_AREA_STYLE('',(#6713));
#6713 = FILL_AREA_STYLE_COLOUR('',#5512);
#6714 = CURVE_STYLE('',#6715,POSITIVE_LENGTH_MEASURE(0.1),#5512);
#6715 = DRAUGHTING_PRE_DEFINED_CURVE_FONT('continuous');
#6716 = MECHANICAL_DESIGN_GEOMETRIC_PRESENTATION_REPRESENTATION('',(
    #6717),#4117);
#6717 = STYLED_ITEM('color',(#6718),#4105);
#6718 = PRESENTATION_STYLE_ASSIGNMENT((#6719,#6724));
#6719 = SURFACE_STYLE_USAGE(.BOTH.,#6720);
#6720 = SURFACE_SIDE_STYLE('',(#6721));
#6721 = SURFACE_STYLE_FILL_AREA(#6722);
#6722 = FILL_AREA_STYLE('',(#6723));
#6723 = FILL_AREA_STYLE_COLOUR('',#5512);
#6724 = CURVE_STYLE('',#6725,POSITIVE_LENGTH_MEASURE(0.1),#5512);
#6725 = DRAUGHTING_PRE_DEFINED_CURVE_FONT('continuous');
#6726 = MECHANICAL_DESIGN_GEOMETRIC_PRESENTATION_REPRESENTATION('',(
    #6727),#3776);
#6727 = STYLED_ITEM('color',(#6728),#3764);
#6728 = PRESENTATION_STYLE_ASSIGNMENT((#6729,#6734));
#6729 = SURFACE_STYLE_USAGE(.BOTH.,#6730);
#6730 = SURFACE_SIDE_STYLE('',(#6731));
#6731 = SURFACE_STYLE_FILL_AREA(#6732);
#6732 = FILL_AREA_STYLE('',(#6733));
#6733 = FILL_AREA_STYLE_COLOUR('',#5512);
#6734 = CURVE_STYLE('',#6735,POSITIVE_LENGTH_MEASURE(0.1),#5512);
#6735 = DRAUGHTING_PRE_DEFINED_CURVE_FONT('continuous');
#6736 = MECHANICAL_DESIGN_GEOMETRIC_PRESENTATION_REPRESENTATION('',(
    #6737),#2939);
#6737 = STYLED_ITEM('color',(#6738),#2927);
#6738 = PRESENTATION_STYLE_ASSIGNMENT((#6739,#6744));
#6739 = SURFACE_STYLE_USAGE(.BOTH.,#6740);
#6740 = SURFACE_SIDE_STYLE('',(#6741));
#6741 = SURFACE_STYLE_FILL_AREA(#6742);
#6742 = FILL_AREA_STYLE('',(#6743));
#6743 = FILL_AREA_STYLE_COLOUR('',#5512);
#6744 = CURVE_STYLE('',#6745,POSITIVE_LENGTH_MEASURE(0.1),#5512);
#6745 = DRAUGHTING_PRE_DEFINED_CURVE_FONT('continuous');
#6746 = MECHANICAL_DESIGN_GEOMETRIC_PRESENTATION_REPRESENTATION('',(
    #6747),#4675);
#6747 = STYLED_ITEM('color',(#6748),#4663);
#6748 = PRESENTATION_STYLE_ASSIGNMENT((#6749,#6754));
#6749 = SURFACE_STYLE_USAGE(.BOTH.,#6750);
#6750 = SURFACE_SIDE_STYLE('',(#6751));
#6751 = SURFACE_STYLE_FILL_AREA(#6752);
#6752 = FILL_AREA_STYLE('',(#6753));
#6753 = FILL_AREA_STYLE_COLOUR('',#5512);
#6754 = CURVE_STYLE('',#6755,POSITIVE_LENGTH_MEASURE(0.1),#5512);
#6755 = DRAUGHTING_PRE_DEFINED_CURVE_FONT('continuous');
#6756 = MECHANICAL_DESIGN_GEOMETRIC_PRESENTATION_REPRESENTATION('',(
    #6757),#1389);
#6757 = STYLED_ITEM('color',(#6758),#1377);
#6758 = PRESENTATION_STYLE_ASSIGNMENT((#6759,#6764));
#6759 = SURFACE_STYLE_USAGE(.BOTH.,#6760);
#6760 = SURFACE_SIDE_STYLE('',(#6761));
#6761 = SURFACE_STYLE_FILL_AREA(#6762);
#6762 = FILL_AREA_STYLE('',(#6763));
#6763 = FILL_AREA_STYLE_COLOUR('',#5512);
#6764 = CURVE_STYLE('',#6765,POSITIVE_LENGTH_MEASURE(0.1),#5512);
#6765 = DRAUGHTING_PRE_DEFINED_CURVE_FONT('continuous');
#6766 = MECHANICAL_DESIGN_GEOMETRIC_PRESENTATION_REPRESENTATION('',(
    #6767),#4489);
#6767 = STYLED_ITEM('color',(#6768),#4477);
#6768 = PRESENTATION_STYLE_ASSIGNMENT((#6769,#6774));
#6769 = SURFACE_STYLE_USAGE(.BOTH.,#6770);
#6770 = SURFACE_SIDE_STYLE('',(#6771));
#6771 = SURFACE_STYLE_FILL_AREA(#6772);
#6772 = FILL_AREA_STYLE('',(#6773));
#6773 = FILL_AREA_STYLE_COLOUR('',#5512);
#6774 = CURVE_STYLE('',#6775,POSITIVE_LENGTH_MEASURE(0.1),#5512);
#6775 = DRAUGHTING_PRE_DEFINED_CURVE_FONT('continuous');
#6776 = MECHANICAL_DESIGN_GEOMETRIC_PRESENTATION_REPRESENTATION('',(
    #6777),#1792);
#6777 = STYLED_ITEM('color',(#6778),#1780);
#6778 = PRESENTATION_STYLE_ASSIGNMENT((#6779,#6784));
#6779 = SURFACE_STYLE_USAGE(.BOTH.,#6780);
#6780 = SURFACE_SIDE_STYLE('',(#6781));
#6781 = SURFACE_STYLE_FILL_AREA(#6782);
#6782 = FILL_AREA_STYLE('',(#6783));
#6783 = FILL_AREA_STYLE_COLOUR('',#5512);
#6784 = CURVE_STYLE('',#6785,POSITIVE_LENGTH_MEASURE(0.1),#5512);
#6785 = DRAUGHTING_PRE_DEFINED_CURVE_FONT('continuous');
#6786 = MECHANICAL_DESIGN_GEOMETRIC_PRESENTATION_REPRESENTATION('',(
    #6787),#1544);
#6787 = STYLED_ITEM('color',(#6788),#1532);
#6788 = PRESENTATION_STYLE_ASSIGNMENT((#6789,#6794));
#6789 = SURFACE_STYLE_USAGE(.BOTH.,#6790);
#6790 = SURFACE_SIDE_STYLE('',(#6791));
#6791 = SURFACE_STYLE_FILL_AREA(#6792);
#6792 = FILL_AREA_STYLE('',(#6793));
#6793 = FILL_AREA_STYLE_COLOUR('',#5512);
#6794 = CURVE_STYLE('',#6795,POSITIVE_LENGTH_MEASURE(0.1),#5512);
#6795 = DRAUGHTING_PRE_DEFINED_CURVE_FONT('continuous');
#6796 = MECHANICAL_DESIGN_GEOMETRIC_PRESENTATION_REPRESENTATION('',(
    #6797),#862);
#6797 = STYLED_ITEM('color',(#6798),#850);
#6798 = PRESENTATION_STYLE_ASSIGNMENT((#6799,#6804));
#6799 = SURFACE_STYLE_USAGE(.BOTH.,#6800);
#6800 = SURFACE_SIDE_STYLE('',(#6801));
#6801 = SURFACE_STYLE_FILL_AREA(#6802);
#6802 = FILL_AREA_STYLE('',(#6803));
#6803 = FILL_AREA_STYLE_COLOUR('',#5512);
#6804 = CURVE_STYLE('',#6805,POSITIVE_LENGTH_MEASURE(0.1),#5512);
#6805 = DRAUGHTING_PRE_DEFINED_CURVE_FONT('continuous');
#6806 = MECHANICAL_DESIGN_GEOMETRIC_PRESENTATION_REPRESENTATION('',(
    #6807),#2536);
#6807 = STYLED_ITEM('color',(#6808),#2524);
#6808 = PRESENTATION_STYLE_ASSIGNMENT((#6809,#6814));
#6809 = SURFACE_STYLE_USAGE(.BOTH.,#6810);
#6810 = SURFACE_SIDE_STYLE('',(#6811));
#6811 = SURFACE_STYLE_FILL_AREA(#6812);
#6812 = FILL_AREA_STYLE('',(#6813));
#6813 = FILL_AREA_STYLE_COLOUR('',#5512);
#6814 = CURVE_STYLE('',#6815,POSITIVE_LENGTH_MEASURE(0.1),#5512);
#6815 = DRAUGHTING_PRE_DEFINED_CURVE_FONT('continuous');
#6816 = MECHANICAL_DESIGN_GEOMETRIC_PRESENTATION_REPRESENTATION('',(
    #6817),#4055);
#6817 = STYLED_ITEM('color',(#6818),#4043);
#6818 = PRESENTATION_STYLE_ASSIGNMENT((#6819,#6824));
#6819 = SURFACE_STYLE_USAGE(.BOTH.,#6820);
#6820 = SURFACE_SIDE_STYLE('',(#6821));
#6821 = SURFACE_STYLE_FILL_AREA(#6822);
#6822 = FILL_AREA_STYLE('',(#6823));
#6823 = FILL_AREA_STYLE_COLOUR('',#5512);
#6824 = CURVE_STYLE('',#6825,POSITIVE_LENGTH_MEASURE(0.1),#5512);
#6825 = DRAUGHTING_PRE_DEFINED_CURVE_FONT('continuous');
#6826 = MECHANICAL_DESIGN_GEOMETRIC_PRESENTATION_REPRESENTATION('',(
    #6827),#3125);
#6827 = STYLED_ITEM('color',(#6828),#3113);
#6828 = PRESENTATION_STYLE_ASSIGNMENT((#6829,#6834));
#6829 = SURFACE_STYLE_USAGE(.BOTH.,#6830);
#6830 = SURFACE_SIDE_STYLE('',(#6831));
#6831 = SURFACE_STYLE_FILL_AREA(#6832);
#6832 = FILL_AREA_STYLE('',(#6833));
#6833 = FILL_AREA_STYLE_COLOUR('',#5512);
#6834 = CURVE_STYLE('',#6835,POSITIVE_LENGTH_MEASURE(0.1),#5512);
#6835 = DRAUGHTING_PRE_DEFINED_CURVE_FONT('continuous');
#6836 = MECHANICAL_DESIGN_GEOMETRIC_PRESENTATION_REPRESENTATION('',(
    #6837),#4086);
#6837 = STYLED_ITEM('color',(#6838),#4074);
#6838 = PRESENTATION_STYLE_ASSIGNMENT((#6839,#6844));
#6839 = SURFACE_STYLE_USAGE(.BOTH.,#6840);
#6840 = SURFACE_SIDE_STYLE('',(#6841));
#6841 = SURFACE_STYLE_FILL_AREA(#6842);
#6842 = FILL_AREA_STYLE('',(#6843));
#6843 = FILL_AREA_STYLE_COLOUR('',#5512);
#6844 = CURVE_STYLE('',#6845,POSITIVE_LENGTH_MEASURE(0.1),#5512);
#6845 = DRAUGHTING_PRE_DEFINED_CURVE_FONT('continuous');
#6846 = MECHANICAL_DESIGN_GEOMETRIC_PRESENTATION_REPRESENTATION('',(
    #6847),#2350);
#6847 = STYLED_ITEM('color',(#6848),#2338);
#6848 = PRESENTATION_STYLE_ASSIGNMENT((#6849,#6854));
#6849 = SURFACE_STYLE_USAGE(.BOTH.,#6850);
#6850 = SURFACE_SIDE_STYLE('',(#6851));
#6851 = SURFACE_STYLE_FILL_AREA(#6852);
#6852 = FILL_AREA_STYLE('',(#6853));
#6853 = FILL_AREA_STYLE_COLOUR('',#5512);
#6854 = CURVE_STYLE('',#6855,POSITIVE_LENGTH_MEASURE(0.1),#5512);
#6855 = DRAUGHTING_PRE_DEFINED_CURVE_FONT('continuous');
#6856 = MECHANICAL_DESIGN_GEOMETRIC_PRESENTATION_REPRESENTATION('',(
    #6857),#2443);
#6857 = STYLED_ITEM('color',(#6858),#2431);
#6858 = PRESENTATION_STYLE_ASSIGNMENT((#6859,#6864));
#6859 = SURFACE_STYLE_USAGE(.BOTH.,#6860);
#6860 = SURFACE_SIDE_STYLE('',(#6861));
#6861 = SURFACE_STYLE_FILL_AREA(#6862);
#6862 = FILL_AREA_STYLE('',(#6863));
#6863 = FILL_AREA_STYLE_COLOUR('',#5512);
#6864 = CURVE_STYLE('',#6865,POSITIVE_LENGTH_MEASURE(0.1),#5512);
#6865 = DRAUGHTING_PRE_DEFINED_CURVE_FONT('continuous');
#6866 = MECHANICAL_DESIGN_GEOMETRIC_PRESENTATION_REPRESENTATION('',(
    #6867),#4272);
#6867 = STYLED_ITEM('color',(#6868),#4260);
#6868 = PRESENTATION_STYLE_ASSIGNMENT((#6869,#6874));
#6869 = SURFACE_STYLE_USAGE(.BOTH.,#6870);
#6870 = SURFACE_SIDE_STYLE('',(#6871));
#6871 = SURFACE_STYLE_FILL_AREA(#6872);
#6872 = FILL_AREA_STYLE('',(#6873));
#6873 = FILL_AREA_STYLE_COLOUR('',#5512);
#6874 = CURVE_STYLE('',#6875,POSITIVE_LENGTH_MEASURE(0.1),#5512);
#6875 = DRAUGHTING_PRE_DEFINED_CURVE_FONT('continuous');
#6876 = MECHANICAL_DESIGN_GEOMETRIC_PRESENTATION_REPRESENTATION('',(
    #6877),#1203);
#6877 = STYLED_ITEM('color',(#6878),#1191);
#6878 = PRESENTATION_STYLE_ASSIGNMENT((#6879,#6884));
#6879 = SURFACE_STYLE_USAGE(.BOTH.,#6880);
#6880 = SURFACE_SIDE_STYLE('',(#6881));
#6881 = SURFACE_STYLE_FILL_AREA(#6882);
#6882 = FILL_AREA_STYLE('',(#6883));
#6883 = FILL_AREA_STYLE_COLOUR('',#5512);
#6884 = CURVE_STYLE('',#6885,POSITIVE_LENGTH_MEASURE(0.1),#5512);
#6885 = DRAUGHTING_PRE_DEFINED_CURVE_FONT('continuous');
#6886 = MECHANICAL_DESIGN_GEOMETRIC_PRESENTATION_REPRESENTATION('',(
    #6887),#3683);
#6887 = STYLED_ITEM('color',(#6888),#3671);
#6888 = PRESENTATION_STYLE_ASSIGNMENT((#6889,#6894));
#6889 = SURFACE_STYLE_USAGE(.BOTH.,#6890);
#6890 = SURFACE_SIDE_STYLE('',(#6891));
#6891 = SURFACE_STYLE_FILL_AREA(#6892);
#6892 = FILL_AREA_STYLE('',(#6893));
#6893 = FILL_AREA_STYLE_COLOUR('',#5512);
#6894 = CURVE_STYLE('',#6895,POSITIVE_LENGTH_MEASURE(0.1),#5512);
#6895 = DRAUGHTING_PRE_DEFINED_CURVE_FONT('continuous');
#6896 = MECHANICAL_DESIGN_GEOMETRIC_PRESENTATION_REPRESENTATION('',(
    #6897),#2722);
#6897 = STYLED_ITEM('color',(#6898),#2710);
#6898 = PRESENTATION_STYLE_ASSIGNMENT((#6899,#6904));
#6899 = SURFACE_STYLE_USAGE(.BOTH.,#6900);
#6900 = SURFACE_SIDE_STYLE('',(#6901));
#6901 = SURFACE_STYLE_FILL_AREA(#6902);
#6902 = FILL_AREA_STYLE('',(#6903));
#6903 = FILL_AREA_STYLE_COLOUR('',#5512);
#6904 = CURVE_STYLE('',#6905,POSITIVE_LENGTH_MEASURE(0.1),#5512);
#6905 = DRAUGHTING_PRE_DEFINED_CURVE_FONT('continuous');
#6906 = MECHANICAL_DESIGN_GEOMETRIC_PRESENTATION_REPRESENTATION('',(
    #6907),#2009);
#6907 = STYLED_ITEM('color',(#6908),#1997);
#6908 = PRESENTATION_STYLE_ASSIGNMENT((#6909,#6914));
#6909 = SURFACE_STYLE_USAGE(.BOTH.,#6910);
#6910 = SURFACE_SIDE_STYLE('',(#6911));
#6911 = SURFACE_STYLE_FILL_AREA(#6912);
#6912 = FILL_AREA_STYLE('',(#6913));
#6913 = FILL_AREA_STYLE_COLOUR('',#5512);
#6914 = CURVE_STYLE('',#6915,POSITIVE_LENGTH_MEASURE(0.1),#5512);
#6915 = DRAUGHTING_PRE_DEFINED_CURVE_FONT('continuous');
#6916 = MECHANICAL_DESIGN_GEOMETRIC_PRESENTATION_REPRESENTATION('',(
    #6917),#4427);
#6917 = STYLED_ITEM('color',(#6918),#4415);
#6918 = PRESENTATION_STYLE_ASSIGNMENT((#6919,#6924));
#6919 = SURFACE_STYLE_USAGE(.BOTH.,#6920);
#6920 = SURFACE_SIDE_STYLE('',(#6921));
#6921 = SURFACE_STYLE_FILL_AREA(#6922);
#6922 = FILL_AREA_STYLE('',(#6923));
#6923 = FILL_AREA_STYLE_COLOUR('',#5512);
#6924 = CURVE_STYLE('',#6925,POSITIVE_LENGTH_MEASURE(0.1),#5512);
#6925 = DRAUGHTING_PRE_DEFINED_CURVE_FONT('continuous');
#6926 = MECHANICAL_DESIGN_GEOMETRIC_PRESENTATION_REPRESENTATION('',(
    #6927),#1234);
#6927 = STYLED_ITEM('color',(#6928),#1222);
#6928 = PRESENTATION_STYLE_ASSIGNMENT((#6929,#6934));
#6929 = SURFACE_STYLE_USAGE(.BOTH.,#6930);
#6930 = SURFACE_SIDE_STYLE('',(#6931));
#6931 = SURFACE_STYLE_FILL_AREA(#6932);
#6932 = FILL_AREA_STYLE('',(#6933));
#6933 = FILL_AREA_STYLE_COLOUR('',#5512);
#6934 = CURVE_STYLE('',#6935,POSITIVE_LENGTH_MEASURE(0.1),#5512);
#6935 = DRAUGHTING_PRE_DEFINED_CURVE_FONT('continuous');
#6936 = MECHANICAL_DESIGN_GEOMETRIC_PRESENTATION_REPRESENTATION('',(
    #6937),#2815);
#6937 = STYLED_ITEM('color',(#6938),#2803);
#6938 = PRESENTATION_STYLE_ASSIGNMENT((#6939,#6944));
#6939 = SURFACE_STYLE_USAGE(.BOTH.,#6940);
#6940 = SURFACE_SIDE_STYLE('',(#6941));
#6941 = SURFACE_STYLE_FILL_AREA(#6942);
#6942 = FILL_AREA_STYLE('',(#6943));
#6943 = FILL_AREA_STYLE_COLOUR('',#5512);
#6944 = CURVE_STYLE('',#6945,POSITIVE_LENGTH_MEASURE(0.1),#5512);
#6945 = DRAUGHTING_PRE_DEFINED_CURVE_FONT('continuous');
#6946 = MECHANICAL_DESIGN_GEOMETRIC_PRESENTATION_REPRESENTATION('',(
    #6947),#3249);
#6947 = STYLED_ITEM('color',(#6948),#3237);
#6948 = PRESENTATION_STYLE_ASSIGNMENT((#6949,#6954));
#6949 = SURFACE_STYLE_USAGE(.BOTH.,#6950);
#6950 = SURFACE_SIDE_STYLE('',(#6951));
#6951 = SURFACE_STYLE_FILL_AREA(#6952);
#6952 = FILL_AREA_STYLE('',(#6953));
#6953 = FILL_AREA_STYLE_COLOUR('',#5512);
#6954 = CURVE_STYLE('',#6955,POSITIVE_LENGTH_MEASURE(0.1),#5512);
#6955 = DRAUGHTING_PRE_DEFINED_CURVE_FONT('continuous');
ENDSEC;
END-ISO-10303-21;
